id;confidence_per_choice
('easy', 0);[0.013411635428824701, 0.3458906365548584, 0.005951377145329072, 0.008134568084470373]
('easy', 1);[0.015691218943914412, 0.2781334776075001, 0.033218310764939925, 0.02587044643604449]
('easy', 2);[0.010238895101882896, 0.004543482159662879, 0.007974059523132371, 0.299224340393399]
('easy', 3);[0.37931056047954775, 0.005410574881329262, 0.00838006230923154, 0.006947315666519033]
('easy', 4);[0.003194205008984835, 0.0030006779107445898, 0.32581769103010266, 0.012633325879272234]
('easy', 5);[0.0034637635446588414, 0.004447560428738377, 0.2751608530363982, 0.010669142830926208]
('easy', 6);[0.5789955026374362, 0.004705794635429065, 0.009358590115637123, 0.0060423599176037445]
('easy', 7);[0.0032438969180080142, 0.0032438969180080142, 0.27431452775295073, 0.009386526965259264]
('easy', 8);[0.00599049990454714, 0.25472250729732626, 0.004966298853326488, 0.005286597610696165]
('easy', 9);[0.01690975673649401, 0.01690975673649401, 0.16043526672218633, 0.04056438799086428]
('easy', 10);[0.3658936873952573, 0.004605921233471548, 0.01821677185810895, 0.01252019199225938]
('easy', 11);[0.44886000815893706, 0.028694660302826157, 0.006014726115882306, 0.01055617308001997]
('easy', 12);[0.007364731368071722, 0.5163074370582823, 0.007364731368071722, 0.008345333956983203]
('easy', 13);[0.05423920866861883, 0.1148244056525244, 0.015539797166436019, 0.02562078802219604]
('easy', 14);[0.31842956138159667, 0.013990820169989584, 0.007488746390340926, 0.007035026183183531]
('easy', 15);[0.1797437164960218, 0.12353592927775979, 0.004499795895011217, 0.013020591151405195]
('easy', 16);[0.026237949352501375, 0.026237949352501375, 0.09157944174074366, 0.1938736796865338]
('easy', 17);[0.5146404423853015, 0.008854879522195425, 0.009425970185762253, 0.006478368250877745]
('easy', 18);[0.009331176898993775, 0.3501498298880055, 0.004994619076718809, 0.010573608668387701]
('easy', 19);[0.3812522398864091, 0.003098633854390058, 0.0054382717763621115, 0.006982879183704544]
('easy', 20);[0.024634988937477217, 0.02174030143252942, 0.18202929355597108, 0.006630417323505831]
('easy', 21);[0.0059601326332559485, 0.06407746453089869, 0.006753715073447088, 0.007652961787930675]
('easy', 22);[0.015850312557890572, 0.46321408743248493, 0.004266053751172579, 0.008484060942208998]
('easy', 23);[0.013069913127589266, 0.0065719650418888265, 0.006173789808703875, 0.2044478398131974]
('easy', 24);[0.4053659139993653, 0.004793640818944692, 0.00841310164308386, 0.010802636342897076]
('easy', 25);[0.3543484975171125, 0.006096901228139658, 0.003697957524106312, 0.005380496449197464]
('easy', 26);[0.19930689899602866, 0.018538431616230037, 0.023803817380766975, 0.011244127158229545]
('easy', 27);[0.005370003044106169, 0.0034671345523404427, 0.01210148866733408, 0.18929910990756812]
('easy', 28);[0.20763492288090207, 0.005533283929898631, 0.00805088061264737, 0.00912284291204707]
('easy', 29);[0.007676107206137254, 0.3474471835481871, 0.017298374619408294, 0.008171173586992557]
('easy', 30);[0.3695965741571159, 0.011160849461397802, 0.004952596926715144, 0.007670732177018706]
('easy', 31);[0.3110624558629106, 0.007787294351935689, 0.015486884064361056, 0.022533288725186812]
('easy', 32);[0.003545576326288912, 0.004276781416400599, 0.4362436683500004, 0.005491496040276168]
('easy', 33);[0.3235801955075264, 0.009771275231609557, 0.005230186738923559, 0.005926578012461861]
('easy', 34);[0.3781624471634329, 0.0037073750633994846, 0.006926288474881116, 0.006926288474881116]
('easy', 35);[0.011476038673470504, 0.26119340516076217, 0.031195107388788116, 0.018920789064328102]
('easy', 36);[0.005314141296761085, 0.2725634839851576, 0.006410077981850458, 0.011975602276417417]
('easy', 37);[0.29452353212085636, 0.006926529577032436, 0.012940460881325569, 0.011419916645786938]
('easy', 38);[0.009150673783246124, 0.004601247737926969, 0.004601247737926969, 0.20826840016929365]
('easy', 39);[0.005894836762126261, 0.003805992668999787, 0.029936451233850993, 0.22120209120048098]
('easy', 40);[0.01080788143401706, 0.0035088053744701374, 0.015725374696706276, 0.24598627694535108]
('easy', 41);[0.0939950947145938, 0.154971711997424, 0.004679741322536472, 0.00771558905984023]
('easy', 42);[0.40965096111971044, 0.002435873509916118, 0.0058433567821666935, 0.006220220916096539]
('easy', 43);[0.3217477879626403, 0.007108333671083606, 0.007566781805007745, 0.011009602562575485]
('easy', 44);[0.009341483067414735, 0.29060502020497675, 0.01446837200898966, 0.018577757397636206]
('easy', 45);[0.007949249985379523, 0.0024243842697173946, 0.003997133913833865, 0.1409038274383748]
('easy', 46);[0.00647432584574402, 0.003926877126413673, 0.00368895966861645, 0.22822782590338425]
('easy', 47);[0.0038911359506727428, 0.0026743360212154936, 0.21244887508594465, 0.005318552251644875]
('easy', 48);[0.007285878162281946, 0.00366356961324425, 0.27340049583044695, 0.010600890174074468]
('easy', 49);[0.002939146349946669, 0.40977948847552603, 0.004845833104857716, 0.006623468544315545]
('easy', 50);[0.27640948723997905, 0.0065005272981763325, 0.005736695205807222, 0.009458211409337816]
('easy', 51);[0.3525149021128839, 0.0028650696440428764, 0.0041686517343656115, 0.006065352484035239]
('easy', 52);[0.004877634819128209, 0.0035685538659685242, 0.004877634819128209, 0.301768616556397]
('easy', 53);[0.053846814924451335, 0.053846814924451335, 0.010603064003216155, 0.08877838912539603]
('easy', 54);[0.014471849551770636, 0.006836017684556495, 0.22637776124903106, 0.0077462228643926595]
('easy', 55);[0.01694449638681488, 0.008520227856105032, 0.013196387054802017, 0.34033930782219024]
('easy', 56);[0.011804164083896937, 0.004622577073470223, 0.0038322509949399544, 0.2092338397290138]
('easy', 57);[0.007435402168666574, 0.003512235290656094, 0.005439856434100219, 0.1917615493509454]
('easy', 58);[0.020517644013626, 0.36368394211468935, 0.00969185108380092, 0.02634517640404687]
('easy', 59);[0.06931733704568471, 0.009381081442285487, 0.10085613028566746, 0.02889576511960002]
('easy', 60);[0.018439865469781207, 0.012673521839728478, 0.03040219842887709, 0.19824726044800547]
('easy', 61);[0.021477436432001302, 0.003972925310392419, 0.12359411316533767, 0.00790110542862926]
('easy', 62);[0.37944716405443124, 0.007875174648002843, 0.006133192182688689, 0.00694981723417524]
('easy', 63);[0.013524709119395552, 0.3952498902464103, 0.01967833565392902, 0.011935513906224205]
('easy', 64);[0.010425456785603528, 0.3452437956436018, 0.015168950116526202, 0.010425456785603528]
('easy', 65);[0.0059526826938787435, 0.17396286756756738, 0.0029931968321233603, 0.006745273186166366]
('easy', 66);[0.020575320835623134, 0.006679830268570165, 0.0718149261761351, 0.1722750726787893]
('easy', 67);[0.10644708221837697, 0.12062034654923114, 0.008737706514181695, 0.014406042587066433]
('easy', 68);[0.00647056672892446, 0.01458164721661565, 0.1220906373527591, 0.018723205643308555]
('easy', 69);[0.004753606524321978, 0.051106086424404173, 0.09547873936257488, 0.010063385090959746]
('easy', 70);[0.4970387332794818, 0.0031461143006661346, 0.004039690725860096, 0.004872797151837846]
('easy', 71);[0.015768422082993915, 0.013915583646888665, 0.31671714845712057, 0.010837467441092527]
('easy', 72);[0.00829352097874549, 0.004725505810234775, 0.007319006575263257, 0.2746437282801349]
('easy', 73);[0.4668868859620456, 0.005186645109051225, 0.005521154978958446, 0.01098012778202549]
('easy', 74);[0.45658351569658284, 0.008362618297596398, 0.004764876275750978, 0.007855952868085048]
('easy', 75);[0.43605087902613365, 0.004015890716423964, 0.002435760845566467, 0.0062199332176009715]
('easy', 76);[0.005966908998810526, 0.27008292397538436, 0.008681801365077403, 0.007661662813535521]
('easy', 77);[0.01388117491144181, 0.012250093863582393, 0.3159340847593108, 0.015729431877650326]
('easy', 78);[0.0104360359880948, 0.3246554860964031, 0.004350387039434796, 0.008127592999689593]
('easy', 79);[0.4072948953608065, 0.004816452209462421, 0.01229924158734713, 0.007459867113938711]
('easy', 80);[0.005633355737154333, 0.0036371678305378062, 0.0043872618594155855, 0.25498515053396104]
('easy', 81);[0.4274852155864195, 0.0028803732405647446, 0.008872174186760156, 0.00782966623900684]
('easy', 82);[0.056423779993615066, 0.020757148652831518, 0.0930270862487775, 0.0930270862487775]
('easy', 83);[0.0045097069146214355, 0.2970000434029876, 0.005439744896439335, 0.01304926963755193]
('easy', 84);[0.005257968017252632, 0.5709175268106793, 0.007186790179459255, 0.007186790179459255]
('easy', 85);[0.005340519396822245, 0.004712991825888584, 0.0041592006882531915, 0.27391642257901117]
('easy', 86);[0.013079794930457887, 0.204602392827316, 0.011542878512570777, 0.013079794930457887]
('easy', 87);[0.005113736014268499, 0.003982581612332752, 0.024396270087093483, 0.20426746853189937]
('easy', 88);[0.1537318968796159, 0.004642300480908715, 0.009827750195204776, 0.005260415608613094]
('easy', 89);[0.0042440779878551525, 0.279506234041417, 0.003305291260357705, 0.005449504006810984]
('easy', 90);[0.0751618209230369, 0.05165791369481024, 0.006567566719329537, 0.011526438555656774]
('easy', 91);[0.00670436295916631, 0.0023169658406074767, 0.005221363122593643, 0.2515793640041991]
('easy', 92);[0.008503980134457967, 0.3191095003002817, 0.009636271934272066, 0.010919326635651667]
('easy', 93);[0.0071990999565037074, 0.27014423286609723, 0.01047462862969116, 0.015240494727514655]
('easy', 94);[0.008894828214066418, 0.3337759264958571, 0.01661772685298366, 0.024178649901561565]
('easy', 95);[0.014285450623454269, 0.4174820629626471, 0.02355272630442546, 0.014285450623454269]
('easy', 96);[0.004862695630969096, 0.3008442540125252, 0.005510156031967446, 0.005510156031967446]
('easy', 97);[0.4597392789502233, 0.007910250770946502, 0.009541583760421303, 0.01081203087792895]
('easy', 98);[0.49652839449796715, 0.03596839197027299, 0.007082596317267536, 0.01167722720006138]
('easy', 99);[0.03086346010053407, 0.02723690794176456, 0.012865804311775692, 0.09506614981757443]
('easy', 100);[0.0057650882894758485, 0.0034967028035173637, 0.00508767255858916, 0.19091354980508896]
('easy', 101);[0.00491823991180564, 0.0024730463356928915, 0.00407736409708388, 0.32390522689350904]
('easy', 102);[0.004016336918949369, 0.0033296602542319817, 0.2997265357516954, 0.00905095496402112]
('easy', 103);[0.016299652658142295, 0.3709783403361757, 0.012694182253953126, 0.009886239079829827]
('easy', 104);[0.023998144439785696, 0.004170252194794934, 0.005354709812114534, 0.3753941617503798]
('easy', 105);[0.008645274261715415, 0.19676553525140958, 0.009796379156001272, 0.11934432990474687]
('easy', 106);[0.007968734240741657, 0.0025870692329797444, 0.0048332816361116885, 0.2990246176092799]
('easy', 107);[0.496194167819275, 0.027993357724118734, 0.03172063000123144, 0.03172063000123144]
('easy', 108);[0.005209947713118646, 0.004597762719454901, 0.0066897052832585145, 0.20811063136088323]
('easy', 109);[0.01919931151135378, 0.01919931151135378, 0.04064494278848787, 0.059138042804897824]
('easy', 110);[0.299407884794918, 0.0029352919674485085, 0.009041335774628654, 0.011609304935431341]
('easy', 111);[0.024676913939405867, 0.010286868184213467, 0.011656548769843844, 0.18233912318326975]
('easy', 112);[0.003926867764020187, 0.0021019008489746183, 0.2752946510098696, 0.003926867764020187]
('easy', 113);[0.38167892464569475, 0.004513529787417532, 0.0024159184016761225, 0.00579548696602133]
('easy', 114);[0.003472227018475632, 0.002106012144188055, 0.004458427744232608, 0.1571649954847934]
('easy', 115);[0.016267522672381924, 0.0038638753097980905, 0.006781312356375056, 0.15434197622652904]
('easy', 116);[0.37267099661553965, 0.004691236353884407, 0.01275210253377045, 0.018554195281301613]
('easy', 117);[0.5474085492803312, 0.00444907066769097, 0.008848033541656536, 0.006473359624520029]
('easy', 118);[0.034897968783028595, 0.22756334210105628, 0.027178565415824113, 0.034897968783028595]
('easy', 119);[0.007863992170712753, 0.4865278515667502, 0.006124483260618489, 0.007863992170712753]
('easy', 120);[0.0466444966911454, 0.26842054547980576, 0.028291317350044164, 0.03205826249042521]
('easy', 121);[0.017191541267771615, 0.237321878512813, 0.03639448447234768, 0.013388785801544905]
('easy', 122);[0.011662013835471262, 0.010291691087702086, 0.004861450640973258, 0.20671411670183723]
('easy', 123);[0.03588015523764495, 0.0759582892341597, 0.11051865870478852, 0.014957073978743086]
('easy', 124);[0.00728932883735944, 0.37387120123131995, 0.014496561386963442, 0.012793170522122683]
('easy', 125);[0.004383943096254791, 0.002830486400040636, 0.0041183334112527056, 0.2112302578934021]
('easy', 126);[0.008358229094392306, 0.0028885266829418014, 0.0044738376449534115, 0.27678650103956864]
('easy', 127);[0.008994876860270583, 0.01154965050856386, 0.20472247812376926, 0.016804642331801158]
('easy', 128);[0.21056153963749946, 0.0023391276937656854, 0.0031972084810893, 0.005973171819863101]
('easy', 129);[0.0389288985936466, 0.17446724014555934, 0.011153316183563659, 0.034354632429922934]
('easy', 130);[0.03825186668380689, 0.004863177947392188, 0.005866112348461492, 0.22012429438084957]
('easy', 131);[0.46467049286526885, 0.0029412325133200082, 0.004279468055276527, 0.006226589279560196]
('easy', 132);[0.005799675186497742, 0.406588620426278, 0.005118195388080993, 0.0054482906302711605]
('easy', 133);[0.43173703947639175, 0.007428445655464759, 0.0045055800440484866, 0.006978378885143607]
('easy', 134);[0.016713238235299202, 0.0030916382057499304, 0.33569444371691676, 0.016713238235299202]
('easy', 135);[0.005324977492647643, 0.011272977440397179, 0.002850255059546048, 0.1556186348226356]
('easy', 136);[0.3245421478732689, 0.003837861437279176, 0.007632498843382046, 0.006735656588265163]
('easy', 137);[0.24682587011570162, 0.004812338346560137, 0.026015255312002394, 0.006577686637843969]
('easy', 138);[0.017979925842524207, 0.0033259518525796455, 0.24820522015311036, 0.007495148200384449]
('easy', 139);[0.03134313636437807, 0.016776771944662518, 0.00744464742228772, 0.33697051251643095]
('easy', 140);[0.010189522793864984, 0.004813189756213995, 0.29778147022495255, 0.008992222304400981]
('easy', 141);[0.004591023889236338, 0.0026158865600162287, 0.25066141111027496, 0.0058949913624000636]
('easy', 142);[0.01607688100978335, 0.009751121244985403, 0.15253320009339333, 0.009751121244985403]
('easy', 143);[0.005239572392368889, 0.003601101930724302, 0.25245670566069467, 0.005937213351144457]
('easy', 144);[0.009274255853639793, 0.34801384193265694, 0.01050910867389789, 0.01050910867389789]
('easy', 145);[0.00995398586147455, 0.005005178417825684, 0.005327984691670699, 0.1557065737347957]
('easy', 146);[0.004067353854645468, 0.2516382724329544, 0.0071384283241009506, 0.0071384283241009506]
('easy', 147);[0.01937525606249245, 0.18382731128273241, 0.07663062425338968, 0.011751686841684747]
('easy', 148);[0.005097043077881783, 0.002728250559089834, 0.004498124728570927, 0.1912651304300745]
('easy', 149);[0.5381652088064514, 0.005616257256069823, 0.016251179217588865, 0.012656431100491947]
('easy', 150);[0.014482660108187283, 0.0036617899279315982, 0.0038979550880044143, 0.15570326979258348]
('easy', 151);[0.02027104117542338, 0.002743387098976961, 0.0033091565046572805, 0.24695183669676676]
('easy', 152);[0.46042543084027215, 0.0069911917196560395, 0.005444745585870445, 0.009555826096445954]
('easy', 153);[0.34801089640483984, 0.003411778777060177, 0.003631819603234109, 0.011908278026929762]
('easy', 154);[0.0046324050866629884, 0.3247565913293888, 0.008654472076346592, 0.0067401096301283325]
('easy', 155);[0.011321556941808088, 0.005692836342137222, 0.3749184973509284, 0.011321556941808088]
('easy', 156);[0.20099518908569056, 0.003918783254242343, 0.04484808872975407, 0.008831114386983703]
('easy', 157);[0.4382447408712542, 0.002952869484608961, 0.00356184049492747, 0.00625122474797223]
('easy', 158);[0.00824536309121874, 0.5101224597105326, 0.010587255778943868, 0.010587255778943868]
('easy', 159);[0.0051152846449993685, 0.0048053652155216, 0.23153543475684196, 0.006170211073196901]
('easy', 160);[0.4867353279268764, 0.007867345245606039, 0.01665517001564563, 0.010101871257215617]
('easy', 161);[0.009083325343578103, 0.0031391132413886623, 0.014068529504485063, 0.32019825564226556]
('easy', 162);[0.005472758319134375, 0.40841451762507375, 0.004262188464502397, 0.007027160781157819]
('easy', 163);[0.41428578528533316, 0.014176078325814676, 0.026484401024445815, 0.014176078325814676]
('easy', 164);[0.003971940324538033, 0.002263143377777939, 0.19137877947333545, 0.006548622499017424]
('easy', 165);[0.004922805788184188, 0.003601601652904543, 0.25249176898538556, 0.011093714094367605]
('easy', 166);[0.008069209440585182, 0.002460969836499087, 0.2510257477957849, 0.005545881136833094]
('easy', 167);[0.004728023413129763, 0.37559337656414105, 0.003682188336525395, 0.00687923347421765]
('easy', 168);[0.003544484326485017, 0.464235888571621, 0.004016426931476109, 0.006220763723720317]
('easy', 169);[0.004639974547726257, 0.011848590090754068, 0.017239596857377464, 0.26967269961925194]
('easy', 170);[0.41077911670678385, 0.002442582350205875, 0.0075236833099739395, 0.004286865528737852]
('easy', 171);[0.002475357546921534, 0.009790229014735141, 0.2524933642567382, 0.00557830434277843]
('easy', 172);[0.39790412518109824, 0.013615532055244598, 0.006431521940670674, 0.015428419086082203]
('easy', 173);[0.37818886524548484, 0.007849059489375894, 0.003271974791317997, 0.007849059489375894]
('easy', 174);[0.270758926937228, 0.025184503288293615, 0.0032018495207059646, 0.004959121549336575]
('easy', 175);[0.01719068874207956, 0.013388121853868345, 0.006731970437847859, 0.2689076158280084]
('easy', 176);[0.0038243631027386044, 0.00262844375871602, 0.20880315046454334, 0.006305308794365876]
('easy', 177);[0.013740456946466351, 0.40155491734920934, 0.005380840253346532, 0.007829076372051231]
('easy', 178);[0.3031345955208465, 0.0024637314141356635, 0.004899714978278561, 0.006291358566635297]
('easy', 179);[0.005607482823834002, 0.0028196194367533993, 0.004367112014261374, 0.2104192405865886]
('easy', 180);[0.014141632351317837, 0.004887217366958821, 0.005537942799170716, 0.2506664610786605]
('easy', 181);[0.012433141626722759, 0.0016826427435734442, 0.008027439570162834, 0.32065494879178263]
('easy', 182);[0.006205346280616449, 0.003321482514617763, 0.2989903276307346, 0.010230886404912265]
('easy', 183);[0.01014220196573255, 0.0027297366271508672, 0.0050998194185292774, 0.29639855307970386]
('easy', 184);[0.008121022743742736, 0.4719892824806306, 0.01257808608140565, 0.018301007260773914]
('easy', 185);[0.020712113192015113, 0.36713094701476656, 0.008634093337033296, 0.012562531678395663]
('easy', 186);[0.38235879406455875, 0.005454055925873835, 0.0037485141637794562, 0.005123611382081127]
('easy', 187);[0.4385590419879746, 0.002161915355238832, 0.004576774842955804, 0.008032490001988322]
('easy', 188);[0.00784536629070479, 0.002711286040646695, 0.004470154966166539, 0.22927515618382782]
('easy', 189);[0.005096595892944919, 0.0024074614326644052, 0.23068948984774582, 0.006147668135144896]
('easy', 190);[0.007483349116460523, 0.29892126059048074, 0.0070299559135966975, 0.009026642071252452]
('easy', 191);[0.0026556190694091994, 0.002201585535335364, 0.1748936016876207, 0.003863902946486763]
('easy', 192);[0.0069752882754547975, 0.4890054607877758, 0.0074251557185763435, 0.009534088665516355]
('easy', 193);[0.002997078660075923, 0.0016042206049760198, 0.305710334474726, 0.0043607237193458905]
('easy', 194);[0.004752636477327153, 0.004464688789604949, 0.35467416109699695, 0.007361027374478088]
('easy', 195);[0.0026388670906880283, 0.0016005537974089674, 0.3246830430541533, 0.012589330792347687]
('easy', 196);[0.034921556549588284, 0.003918090056994149, 0.2923945782593899, 0.010005193465281432]
('easy', 197);[0.006354101397804837, 0.0031950428324455677, 0.3259031901767612, 0.008685026872585105]
('easy', 198);[0.004014121714614308, 0.00548665386002445, 0.007045003008839299, 0.31888118495220874]
('easy', 199);[0.005652446554339664, 0.005652446554339664, 0.27235019186764714, 0.0064050610690929025]
('easy', 200);[0.00841201454818528, 0.2038044321473651, 0.01302878300478048, 0.014763545307210359]
('easy', 201);[0.3021774816944495, 0.004049181053638544, 0.0033568889982507465, 0.00431033079475341]
('easy', 202);[0.3568930597287387, 0.0030877296047961, 0.0054191342223315776, 0.0054191342223315776]
('easy', 203);[0.25190515268990177, 0.0016973235676210898, 0.005228124651052144, 0.0067130449335626825]
('easy', 204);[0.005001363610904492, 0.35062274183314507, 0.0053239238508412485, 0.007276941115249922]
('easy', 205);[0.5911800197450243, 0.004513714882022373, 0.00955553448022624, 0.015754412950457496]
('easy', 206);[0.004234710357562761, 0.40578156307070234, 0.004507825710747626, 0.005437475731421419]
('easy', 207);[0.006525001936899009, 0.0027200254858219, 0.005081676617999381, 0.23001421948090053]
('easy', 208);[0.003912188837888275, 0.0025258989582902123, 0.004433090729758404, 0.1562718349372018]
('easy', 209);[0.014936675862924971, 0.016925471148034034, 0.014936675862924971, 0.26475891463514417]
('easy', 210);[0.01073458409096572, 0.24431797865804633, 0.01561872769185225, 0.013783478810371858]
('easy', 211);[0.2879914035998095, 0.026787373302898314, 0.011166641199262759, 0.007674712776358858]
('easy', 212);[0.4115406482108846, 0.0029517784568478473, 0.0037901585630239552, 0.0055146481692415145]
('easy', 213);[0.0038559572599692967, 0.002650158084253111, 0.25394537210751617, 0.0052704686824705865]
('easy', 214);[0.0056113478774214255, 0.0026506130530881684, 0.006358490166919907, 0.25398902901725723]
('easy', 215);[0.2284970333577184, 0.012890920510108306, 0.06546549612530919, 0.018756178668733272]
('easy', 216);[0.34061814892827136, 0.010285779296107987, 0.01695838311122023, 0.005172014634122814]
('easy', 217);[0.5606554094334916, 0.004850620872877373, 0.027913389200277996, 0.007057611725604423]
('easy', 218);[0.025034790680071816, 0.009803767230391985, 0.01182560059158096, 0.013400161016936111]
('easy', 219);[0.010756657893415778, 0.4573847323325549, 0.0065242428083965775, 0.009492717273101563]
('easy', 220);[0.011019429298042767, 0.005205209830689801, 0.020587009147603474, 0.15211856550084055]
('easy', 221);[0.016552364292597606, 0.005373765908206057, 0.29339767729922994, 0.01875628599275555]
('easy', 222);[0.006476054908105514, 0.003927925855748475, 0.18925811153997957, 0.012098863402177229]
('easy', 223);[0.015944362819110266, 0.1335005472269251, 0.01806733006361102, 0.020472971993764903]
('easy', 224);[0.27093857562231033, 0.0028274970863811375, 0.08796087707833987, 0.011904207374953454]
('easy', 225);[0.02100123150132335, 0.2899130582587874, 0.00875461369211476, 0.01635577163917418]
('easy', 226);[0.00505160040149676, 0.35414457137494454, 0.0039341903484495, 0.006093393212272564]
('easy', 227);[0.002524563584690768, 0.002524563584690768, 0.2134853495720833, 0.0036732183413828176]
('easy', 228);[0.4098784695588539, 0.004553339585029987, 0.004277466685602861, 0.009639419977151632]
('easy', 229);[0.0038112066391359912, 0.006688875960653629, 0.3222880538990254, 0.01604577928642243]
('easy', 230);[0.007322954800741165, 0.0044415966063393346, 0.1888614709953123, 0.006879279398208904]
('easy', 231);[0.004543220020589625, 0.003538263309700884, 0.23302270544448858, 0.005833609980041682]
('easy', 232);[0.26227455369284247, 0.005794398247902458, 0.03549500100977702, 0.014796514281662012]
('easy', 233);[0.023893718452078244, 0.12134231465605513, 0.014492276270954445, 0.01128659610830646]
('easy', 234);[0.013590293580117374, 0.006030656219389253, 0.3971666436015961, 0.013590293580117374]
('easy', 235);[0.011456175374863098, 0.0034939360846652054, 0.006132048796513301, 0.29545865706869595]
('easy', 236);[0.4840440994840208, 0.004745401373466363, 0.01138362611476599, 0.008328438779647935]
('easy', 237);[0.011436684564685452, 0.42915839657366894, 0.006936699833943959, 0.00890689889471768]
('easy', 238);[0.34392397396597024, 0.0067054499896706836, 0.011768431231385918, 0.01333537964486828]
('easy', 239);[0.004211239065770292, 0.001868726007543927, 0.19061523490124252, 0.009490173731984608]
('easy', 240);[0.007969072429102206, 0.004833486757721119, 0.29903723674086935, 0.007969072429102206]
('easy', 241);[0.013837142101493184, 0.022813595947616564, 0.006957751997501959, 0.24526927085464378]
('easy', 242);[0.32078440493171784, 0.004298514509788258, 0.010976641337525826, 0.010976641337525826]
('easy', 243);[0.007305819386924366, 0.005689777859514947, 0.013649067535351403, 0.274148817267295]
('easy', 244);[0.006705875258382106, 0.0038208925470141646, 0.006705875258382106, 0.17294680235596938]
('easy', 245);[0.004578735036529316, 0.013249009131138367, 0.005879212163182316, 0.20724932325655018]
('easy', 246);[0.007279901555558257, 0.0038966505061057317, 0.35076530024036445, 0.006035250367044586]
('easy', 247);[0.007948651109291436, 0.003754676923437038, 0.003527192548521066, 0.23229366338752175]
('easy', 248);[0.2562132639261331, 0.027004679340278715, 0.021031265416801254, 0.021031265416801254]
('easy', 249);[0.005854010261206566, 0.0033355145026340853, 0.17107927752599986, 0.00800148333303786]
('easy', 250);[0.09914228997776049, 0.009221669461456874, 0.23782996166342904, 0.041328655235681584]
('easy', 251);[0.007667082670705107, 0.0038552512777443055, 0.2538988775779507, 0.007667082670705107]
('easy', 252);[0.0024871583224456762, 0.0017093972496726529, 0.003193574501346693, 0.17436325976655057]
('easy', 253);[0.006205654017974253, 0.43504990787996933, 0.0070319272507354605, 0.010231393778039867]
('easy', 254);[0.012445283362731908, 0.005187965958059762, 0.008553509826721298, 0.24997019850168492]
('easy', 255);[0.5315126812714827, 0.014164334867231227, 0.004598486263136521, 0.008591103371412412]
('easy', 256);[0.008910110311633128, 0.002398123657150307, 0.005404255085427179, 0.2297947736367054]
('easy', 257);[0.03841052636912871, 0.19506474834109072, 0.023297161898577137, 0.01814384792995317]
('easy', 258);[0.019102299874039087, 0.26369911573567273, 0.013128809033828827, 0.019102299874039087]
('easy', 259);[0.007747792840401075, 0.39738596324490605, 0.007278377802245493, 0.007747792840401075]
('easy', 260);[0.016174604703037183, 0.009810393661124206, 0.008657642019077661, 0.008657642019077661]
('easy', 261);[0.004129607132396699, 0.0032161412684878084, 0.2554896854325827, 0.003021285119470949]
('easy', 262);[0.022151966693499548, 0.003849435525289173, 0.007191692358517481, 0.2698662004612627]
('easy', 263);[0.07419671837627982, 0.426972608669432, 0.003694036209744021, 0.008861532198574794]
('easy', 264);[0.0038759325817205605, 0.003641101697852654, 0.15482354695214606, 0.007708212354842507]
('easy', 265);[0.003266423636416765, 0.006915018892558324, 0.2762194607019036, 0.009451710186282325]
('easy', 266);[0.006094032468188978, 0.009438622127591239, 0.003934603083089944, 0.2758370373252365]
('easy', 267);[0.010767059755626545, 0.45782711263443215, 0.005763191785745993, 0.004777853804041528]
('easy', 268);[0.010746942498449196, 0.2445992838408677, 0.015636709068639062, 0.015636709068639062]
('easy', 269);[0.0025623982132837436, 0.0042246804382449115, 0.19122361507956356, 0.008401780284548993]
('easy', 270);[0.007743822339942783, 0.30932582452324164, 0.011993866667343252, 0.022407487572883127]
('easy', 271);[0.31615991312452424, 0.012258847256812186, 0.012258847256812186, 0.015740671457039643]
('easy', 272);[0.00821934494993467, 0.3494955239291903, 0.004683241583011624, 0.006814076295864867]
('easy', 273);[0.429293991109046, 0.0073864098083450125, 0.01296355293235314, 0.011440295309293096]
('easy', 274);[0.008885315637249017, 0.37781327984675556, 0.00419712591758315, 0.007366185387503075]
('easy', 275);[0.0050337635561381764, 0.3528940697587967, 0.004728783239750618, 0.00646348034767789]
('easy', 276);[0.012720473660745746, 0.3717467099355269, 0.006396255843370575, 0.00930649733780569]
('easy', 277);[0.39768959221625655, 0.008786108556888023, 0.015420100739325052, 0.008253785149637864]
('easy', 278);[0.3820291824964845, 0.005800806386560576, 0.005800806386560576, 0.007928762258554267]
('easy', 279);[0.5864861818008769, 0.0023968352625626794, 0.0032760853756139286, 0.0032760853756139286]
('easy', 280);[0.2748014497939381, 0.006071154088741265, 0.007323209710735583, 0.010655207256568915]
('easy', 281);[0.4594068412910535, 0.004794340320512405, 0.006156054827788781, 0.008414329306567827]
('easy', 282);[0.007467842929479025, 0.004821601783013085, 0.16996732164987793, 0.01791442390275411]
('easy', 283);[0.0082634490385865, 0.0020893271148693317, 0.005012035196875596, 0.2736477844076897]
('easy', 284);[0.003537023453048293, 0.0017785270842164995, 0.1412859062095099, 0.007034211071868482]
('easy', 285);[0.3731269512028628, 0.02385320937074059, 0.00727481783653305, 0.008775105333453461]
('easy', 286);[0.005088111681968485, 0.458017217347476, 0.004779838579095041, 0.006533264722593349]
('easy', 287);[0.006107894638802084, 0.0041978905012335305, 0.011411049467363939, 0.2942947744098705]
('easy', 288);[0.0035605210686599407, 0.4380824001871232, 0.006248909082756888, 0.004034598941063855]
('easy', 290);[0.004428320197164681, 0.3517850459488005, 0.0073010657025363935, 0.005017944181101741]
('easy', 291);[0.17352557691960627, 0.023484133101211536, 0.19663023905398042, 0.014243843346659828]
('easy', 292);[0.3292263284877637, 0.0038932554381362994, 0.0032276221227291843, 0.004999038936224777]
('easy', 293);[0.30375649058975607, 0.0029779242036300354, 0.002468785876543479, 0.003169983813841552]
('easy', 294);[0.004788585042381198, 0.0021249217316511504, 0.0037293537808104934, 0.23072689332873728]
('easy', 295);[0.010117432336983763, 0.0037219953542194663, 0.29567464325911974, 0.011464552801661436]
('easy', 296);[0.006057872124646517, 0.2742002621225337, 0.006057872124646517, 0.009382615891903655]
('easy', 297);[0.03516765209581353, 0.2944551458963706, 0.031035344045728094, 0.024170350245703503]
('easy', 298);[0.006107038432309416, 0.007841592567774149, 0.37782917889626993, 0.004756166313329738]
('easy', 299);[0.01584774304006838, 0.009612142041048969, 0.03801675924395906, 0.2809079667531539]
('easy', 300);[0.006037279579407852, 0.010595755641211064, 0.10052970654226356, 0.008251982790608433]
('easy', 301);[0.013687057669408208, 0.27491190218869754, 0.003921407677187506, 0.00535992879599009]
('easy', 302);[0.037898523611951174, 0.08023117511609648, 0.19246458379195164, 0.0295153998662377]
('easy', 303);[0.011951089756653387, 0.019704020587644887, 0.24004411181056076, 0.0077162034905907334]
('easy', 304);[0.43341373853824994, 0.0022743467029990795, 0.0035225770832036205, 0.005125319413392094]
('easy', 305);[0.38360453453524757, 0.00702596129306865, 0.005824726495162328, 0.00796145717054814]
('easy', 306);[0.014377693288957365, 0.19847795729234582, 0.030437576931574683, 0.016292060909051328]
('easy', 307);[0.00611253888254198, 0.42852203330386385, 0.008354850061558458, 0.007848655285675988]
('easy', 308);[0.0037093820755634208, 0.0012819281430895024, 0.1902550054584129, 0.00651016828616264]
('easy', 309);[0.36657419204823666, 0.007608004637547601, 0.008620998685962306, 0.01254347907350995]
('easy', 310);[0.01575747074899223, 0.004514590955970406, 0.017855553603466308, 0.1694087959967289]
('easy', 311);[0.09923461320637209, 0.01045925128164816, 0.30566409115612975, 0.008145673088488181]
('easy', 312);[0.029932383188763137, 0.22117208492222507, 0.012477673709858833, 0.012477673709858833]
('easy', 313);[0.46380058497339843, 0.0031250639459639152, 0.0037695466629965677, 0.00962587462030432]
('easy', 314);[0.0056969666792887974, 0.002691056511376075, 0.0077868302068548195, 0.188657648868002]
('easy', 315);[0.008265080491910675, 0.005336337040410045, 0.2737019085924011, 0.009365563173881385]
('easy', 316);[0.02025187292829931, 0.4067696929743316, 0.01577217449522209, 0.02946630124061427]
('easy', 317);[0.17636119412969625, 0.17636119412969625, 0.012001532738784485, 0.027045865078491563]
('easy', 318);[0.00924904322024312, 0.2702965993295532, 0.013457278478886423, 0.011876006574835604]
('easy', 319);[0.43192524407831706, 0.005787801236437425, 0.013043011427787358, 0.006558438017727333]
('easy', 320);[0.24861283838018797, 0.004847178103333497, 0.005846812852571879, 0.009639764715838151]
('easy', 321);[0.31030787340624627, 0.009370485832212689, 0.028863128342929225, 0.017506372275207273]
('easy', 322);[0.003546333824013267, 0.0017832086327403123, 0.14165782456002532, 0.003546333824013267]
('easy', 323);[0.004171083483681495, 0.37546903675508475, 0.004440095256062753, 0.006876954061411672]
('easy', 324);[0.5184339399125072, 0.004774610665517947, 0.004213579123366962, 0.010759751230143902]
('easy', 325);[0.0020613476454309923, 0.0029992431266455378, 0.17431427470589778, 0.0067588987212058305]
('easy', 326);[0.0064494231181747436, 0.005691595925246694, 0.010633301078679847, 0.18847977143079583]
('easy', 327);[0.018245633657594573, 0.007145092802597618, 0.15276885664389325, 0.012540028397612462]
('easy', 328);[0.40010266494657, 0.005036548657520911, 0.01208205214139007, 0.01208205214139007]
('easy', 329);[0.46438165258124814, 0.0037742697491891714, 0.006222718816848225, 0.006222718816848225]
('easy', 330);[0.0018037321936166873, 0.004064773245131595, 0.05271278149160347, 0.019391948597723432]
('easy', 331);[0.00799615117489818, 0.2487529717683711, 0.012384681212141221, 0.009645199426105299]
('easy', 332);[0.03213207446463647, 0.3048606343946721, 0.017199060079219886, 0.017199060079219886]
('easy', 333);[0.004637130129143197, 0.0028125615964025522, 0.20989251136294357, 0.005254556832508186]
('easy', 334);[0.005938142019298593, 0.0038339526444796834, 0.007624725280680862, 0.32421153023875415]
('easy', 335);[0.0046244863191482214, 0.0021844526607740296, 0.3045591794558648, 0.0043443028570100475]
('easy', 336);[0.2395239315952456, 0.02227919615106167, 0.02227919615106167, 0.019661321595386565]
('easy', 337);[0.0027448342932478373, 0.0031103047333185625, 0.23211216075717628, 0.004817334208948947]
('easy', 338);[0.006927579955551236, 0.0057431655016748585, 0.011421648427193171, 0.37823300469089866]
('easy', 339);[0.0101914421781395, 0.29783759835399587, 0.0045224250523962645, 0.008993916155078111]
('easy', 340);[0.22625425152590092, 0.03469721324127864, 0.01857207992515483, 0.039317093510084694]
('easy', 341);[0.39814739295606405, 0.0064354547656694915, 0.022461938864074566, 0.007762640207130949]
('easy', 342);[0.0030902733905040338, 0.0029030431907043786, 0.010132616355882581, 0.23061728528284064]
('easy', 343);[0.022901373336350977, 0.00579037397773658, 0.004800388632697694, 0.16921953232485196]
('easy', 344);[0.26859115020002144, 0.009190685946240819, 0.0071577134118957055, 0.015152879411891973]
('easy', 345);[0.009762691900714163, 0.28530767857523465, 0.009762691900714163, 0.03407514292152744]
('easy', 346);[0.004615575177474573, 0.004073230797767655, 0.00382644621927709, 0.25200189606997825]
('easy', 347);[0.002834158562930302, 0.002349599974209539, 0.3275841506818251, 0.005636397328836994]
('easy', 348);[0.004436328234677329, 0.27446597443281806, 0.003049040832891408, 0.005696358210095149]
('easy', 349);[0.02527094731172564, 0.04166474836358428, 0.03676901137782972, 0.0082042773532865]
('easy', 350);[0.00880164453335772, 0.003669071316667802, 0.22699745846600478, 0.014511458559288377]
('easy', 351);[0.43645431059225903, 0.0062256867479588305, 0.011631114099113445, 0.0058484914560172725]
('easy', 352);[0.3411181988764592, 0.005869262819224071, 0.006247797748996637, 0.028000686885360993]
('easy', 353);[0.01655750329149329, 0.074205581533572, 0.01655750329149329, 0.1386342942454978]
('easy', 354);[0.04662830744956144, 0.007611861944464383, 0.028281498078666, 0.1436252982426693]
('easy', 355);[0.004489861697113661, 0.0028988725886064694, 0.004489861697113661, 0.27777784081015494]
('easy', 356);[0.006135731203548223, 0.2956360148907176, 0.008927436223567667, 0.010116110546588453]
('easy', 357);[0.00682591692612114, 0.011979857289213034, 0.2406218946013707, 0.006023850544601669]
('easy', 358);[0.013450054954621544, 0.27015157540995427, 0.009244078569460783, 0.013450054954621544]
('easy', 359);[0.14800822781682169, 0.010721682618368733, 0.02914454808341435, 0.015599956159987704]
('easy', 360);[0.004464695176398061, 0.0022449897207074856, 0.22899523165103025, 0.007835784061245599]
('easy', 361);[0.017459812458294182, 0.005324941944706406, 0.022418842967051007, 0.24102530508779418]
('easy', 362);[0.14809059506838243, 0.013774569415132063, 0.007372995702377579, 0.11533308515354089]
('easy', 363);[0.003789043630076937, 0.002298171132630516, 0.3010010180298297, 0.007535413041016109]
('easy', 364);[0.005062567469560844, 0.0017495765017772416, 0.004467700111012978, 0.3549133799864911]
('easy', 365);[0.3790760228386125, 0.002117501576685252, 0.02138600833641096, 0.004482750873020043]
('easy', 366);[0.004540820309826654, 0.0024305259656858588, 0.004265705914939894, 0.23289967930496278]
('easy', 367);[0.004651902017922016, 0.001176185025934687, 0.0015102514680276685, 0.1745613561974469]
('easy', 368);[0.35281053210077606, 0.005357146237918554, 0.003249273441861793, 0.005032573155302758]
('easy', 369);[0.0038496741546918288, 0.00248553644520432, 0.0059624919706554496, 0.2535316402322812]
('easy', 370);[0.03612366029301666, 0.14287184797160052, 0.024827404430077502, 0.024827404430077502]
('easy', 371);[0.004086432374470939, 0.002328378981397944, 0.17375952608259004, 0.005945724021273086]
('easy', 372);[0.0016572700159757023, 0.0029085994593788245, 0.0661994185645506, 0.013035438407089282]
('easy', 373);[0.003728414959524746, 0.0025624996285652344, 0.003502521716566723, 0.2782398295299083]
('easy', 374);[0.28821859438874464, 0.0072154104664882675, 0.007680764460394687, 0.01434955715312146]
('easy', 375);[0.015389256897415347, 0.006415196711607977, 0.0034338073560856146, 0.18747952921247674]
('easy', 376);[0.002580333865981177, 0.002580333865981177, 0.23227422472396375, 0.006189899161288855]
('easy', 377);[0.4251859558859316, 0.0032463356077117537, 0.004437214678403919, 0.01648625255127894]
('easy', 378);[0.005453312177382382, 0.003107203616568474, 0.0058050205955728325, 0.1922359035682157]
('easy', 379);[0.014239042216388309, 0.0031771597701029763, 0.005935715896611175, 0.2523930924564794]
('easy', 380);[0.005900365537823827, 0.009728058167116143, 0.32214911969082527, 0.009728058167116143]
('easy', 381);[0.045708405938653315, 0.004817630541892975, 0.18078023081908826, 0.005811171690165697]
('easy', 382);[0.32766394174168895, 0.005637768193797713, 0.004975312968516431, 0.004390698284104719]
('easy', 383);[0.016540048243597828, 0.2931793701072082, 0.007339601916707826, 0.012881402524152803]
('easy', 384);[0.40404842057050544, 0.005086219597296906, 0.0065308352377845165, 0.010767526971973262]
('easy', 385);[0.01148357089374617, 0.48829394694026906, 0.006146712561085672, 0.007892535157507805]
('easy', 386);[0.0032247853615801412, 0.008234777903846692, 0.3090078347958467, 0.007267165993616774]
('easy', 387);[0.010193570930778615, 0.005808121639034063, 0.007938761023184296, 0.29789973860038055]
('easy', 388);[0.004337952064757201, 0.003378400464959126, 0.26837959087963803, 0.028287000766944247]
('easy', 389);[0.240285175182274, 0.019723808274180243, 0.08839597596783708, 0.013555965195766323]
('easy', 390);[0.45696326135022214, 0.01217766060839573, 0.004768840414008179, 0.008369575576905533]
('easy', 391);[0.059083784219672884, 0.1819908676512737, 0.035836126621077075, 0.02790920347474084]
('easy', 392);[0.01182347492271078, 0.3915397858005954, 0.017203054503497784, 0.01182347492271078]
('easy', 393);[0.0037324332792606925, 0.0021266763769768595, 0.27853967083251013, 0.004502173925389794]
('easy', 394);[0.4215619969319234, 0.014425055707317556, 0.0060132578561273905, 0.023782901845973724]
('easy', 395);[0.01008395847870556, 0.004763324704569672, 0.09567395704121232, 0.2025417686456468]
('easy', 396);[0.012515989752320962, 0.4696591345058373, 0.01821065763507639, 0.01418247442644275]
('easy', 397);[0.32060139997042114, 0.005872020169080177, 0.009681324554742651, 0.010305716343508966]
('easy', 398);[0.11346856089754333, 0.11346856089754333, 0.08836940408099213, 0.10013565353281352]
('easy', 399);[0.0069723785654507665, 0.003093974233285756, 0.004228961371069078, 0.23089346742200087]
('easy', 400);[0.2938868704798511, 0.0034753493912580142, 0.007831820750920183, 0.01139523195341754]
('easy', 401);[0.05413302762820014, 0.0695081833568687, 0.061340756516718754, 0.019914427952780516]
('easy', 402);[0.0075595041154001156, 0.004307275608437715, 0.005195566131490732, 0.17205350011521348]
('easy', 403);[0.005029792650677366, 0.3995659687829256, 0.005699501761361949, 0.025543394750268397]
('easy', 404);[0.00569100702543445, 0.37479806699326185, 0.007778684325850435, 0.011317918911137554]
('easy', 405);[0.012168251485561658, 0.40295707543705706, 0.007380417601086945, 0.013788435347392306]
('easy', 406);[0.00458752692680959, 0.002455526216213434, 0.3021250737016159, 0.009123386692063931]
('easy', 407);[0.44273328953278135, 0.002473087609450844, 0.002473087609450844, 0.004620335928732258]
('easy', 408);[0.007749451819537002, 0.012776686051136465, 0.13736230383526235, 0.014477882034165784]
('easy', 409);[0.008473650132565368, 0.002280651993588534, 0.0035323429083102594, 0.29870646362882347]
('easy', 410);[0.2547673304073412, 0.0038684380389939306, 0.00599155404318261, 0.004967172764949891]
('easy', 411);[0.0088996901691273, 0.003485168745910444, 0.2947172271099481, 0.007853949008217417]
('easy', 412);[0.4285691351625113, 0.0129416641833237, 0.007373937975093192, 0.01007897820021965]
('easy', 413);[0.20207881380788298, 0.01140050926863627, 0.02413487255689323, 0.012918469441929207]
('easy', 414);[0.30317221590970533, 0.002622953606105451, 0.003367939097032166, 0.0040625100170477825]
('easy', 415);[0.02203012218093557, 0.010406290390018638, 0.005570085859744816, 0.2683818304228072]
('easy', 416);[0.29552565579829787, 0.01011233426520693, 0.006133440773110628, 0.014713359537625542]
('easy', 417);[0.008345680168947989, 0.0032682153126050105, 0.007365036899058283, 0.2763710036433973]
('easy', 418);[0.005747011719835597, 0.4565416617167009, 0.010086319682502879, 0.010736831412898459]
('easy', 419);[0.34107875663251924, 0.008538741630646994, 0.01498595826344778, 0.01498595826344778]
('easy', 420);[0.004216555786308503, 0.003721097420992407, 0.277693744746986, 0.0054141648005018835]
('easy', 421);[0.010995893409987257, 0.004045163122846858, 0.3213470711341204, 0.010995893409987257]
('easy', 422);[0.029859943384965112, 0.020522418953791935, 0.055785718518116104, 0.17183211010849986]
('easy', 423);[0.37522799528714196, 0.004437246415949984, 0.012839598232483557, 0.009999489157780421]
('easy', 424);[0.014175713307745377, 0.005909316479850247, 0.007587712555379451, 0.06353112424856613]
('easy', 425);[0.004931439960590247, 0.004351980490502792, 0.32477447769109574, 0.006332094250267472]
('easy', 426);[0.003113653911944261, 0.3831003813186098, 0.003998010761705646, 0.003998010761705646]
('easy', 427);[0.014072904059723805, 0.2494481336061671, 0.007532682730418461, 0.008535647783416875]
('easy', 428);[0.3767326796223895, 0.005048221998238836, 0.018756415676768487, 0.006900101362661038]
('easy', 429);[0.003121961511577122, 0.003323310730028671, 0.003121961511577122, 0.29915482701334656]
('easy', 430);[0.009959963411356841, 0.006845376069775915, 0.03476368814940697, 0.021085242707304067]
('easy', 431);[0.006068757541733834, 0.2746929410346093, 0.00732031892324106, 0.013676156235459709]
('easy', 432);[0.00833794754633501, 0.005730581955717545, 0.2761149672356838, 0.005057220825927907]
('easy', 433);[0.01783784435896115, 0.01225975918465602, 0.1318048012276404, 0.033325472667521554]
('easy', 434);[0.009282719591977764, 0.03671385943036281, 0.30740138140394224, 0.01350627731063582]
('easy', 435);[0.49726130260936424, 0.0043021522007698175, 0.0043021522007698175, 0.00803747845734635]
('easy', 436);[0.016118953608501907, 0.009776639566041995, 0.008627854134718064, 0.15293237379598412]
('easy', 437);[0.0065295461090375245, 0.0027219197785973283, 0.007398945072684385, 0.2776432993302466]
('easy', 438);[0.007809546299131636, 0.002381777052686373, 0.007336389808050895, 0.22822837004157254]
('easy', 439);[0.009300025008902275, 0.3489808638364237, 0.007242866759516741, 0.009300025008902275]
('easy', 440);[0.003716642903279648, 0.2773612520348202, 0.003956345776317571, 0.005080048533996955]
('easy', 441);[0.00809153769100208, 0.0031686916882638083, 0.12657291530004125, 0.08699220767103616]
('easy', 442);[0.4009423975264898, 0.010684752341094275, 0.007343515730570837, 0.012107410586713128]
('easy', 443);[0.03408490954579991, 0.030079827099044526, 0.023426192899388344, 0.02654535424518697]
('easy', 444);[0.0020730777274482258, 0.002206779753774665, 0.2114596265997904, 0.0052937894305568394]
('easy', 445);[0.011857084856016656, 0.004097698878759844, 0.1274756452428955, 0.06823279597409226]
('easy', 446);[0.005233170350683698, 0.002801114237590181, 0.2521482981713341, 0.005570680840876027]
('easy', 447);[0.010178475146681897, 0.002739499421360177, 0.2316610541666971, 0.0051180587193440635]
('easy', 448);[0.023632076225389854, 0.02677865061755784, 0.19786897525461733, 0.016242076497693814]
('easy', 449);[0.33444318088330316, 0.01469440783927093, 0.0213802372490376, 0.01469440783927093]
('easy', 450);[0.01613831887204699, 0.00863821961334685, 0.009788385192115502, 0.15311614280663016]
('easy', 451);[0.004598424867130976, 0.002789085668299929, 0.3028427896028682, 0.004894997790811017]
('easy', 452);[0.274215069832306, 0.007307585829320661, 0.007307585829320661, 0.01204817219426781]
('easy', 453);[0.007734976372536851, 0.32889964302096386, 0.00388939037497065, 0.005659029603680962]
('easy', 454);[0.3562651809643782, 0.0034927017681742945, 0.002255057749873826, 0.00508185108651541]
('easy', 455);[0.00721042335582365, 0.36982421074672495, 0.009855480214665454, 0.009855480214665454]
('easy', 456);[0.3877775911891378, 0.010333922772456799, 0.01170986860372147, 0.02478979202861059]
('easy', 457);[0.013145283961617002, 0.007036163471582888, 0.20562688704996193, 0.016878878716293958]
('easy', 458);[0.01082132006217706, 0.01574492778530332, 0.013894850001948315, 0.24629208002832037]
('easy', 459);[0.416534293559159, 0.018301242880498617, 0.01615079015548841, 0.0207380201149074]
('easy', 460);[0.006812084824405656, 0.008746890055169713, 0.006812084824405656, 0.15504229900670913]
('easy', 461);[0.44133004201258813, 0.0023158877916478714, 0.0033695968540667586, 0.006295235700786556]
('easy', 462);[0.005256784754597525, 0.0043580276295681585, 0.20998153041975512, 0.006340892785690582]
('easy', 463);[0.19875211041904708, 0.020948318318201598, 0.012705797329409059, 0.020948318318201598]
('easy', 464);[0.011201871423921152, 0.13646673097049625, 0.009885616834761309, 0.023714361990534127]
('easy', 465);[0.5562953386152918, 0.003748288954258976, 0.0020063145001586115, 0.004521299520197712]
('easy', 466);[0.005763922827769434, 0.3796000166412559, 0.006135663911790722, 0.007401023410682633]
('easy', 467);[0.003774395731136015, 0.002020288450843842, 0.233513650803312, 0.005158987290321116]
('easy', 468);[0.31468939441424715, 0.008386190301887373, 0.0047783071989404595, 0.033168018149104334]
('easy', 469);[0.17422527642366864, 0.030275816942043177, 0.014301283280330946, 0.030275816942043177]
('easy', 470);[0.01358724167471156, 0.032594098366625704, 0.1460766144072302, 0.015396361885144521]
('easy', 471);[0.004651906454323608, 0.004651906454323608, 0.004651906454323608, 0.21056141413307913]
('easy', 472);[0.019619215627933024, 0.3940625268747403, 0.008178505851168315, 0.015279460494280982]
('easy', 473);[0.004100364913128821, 0.0052649727661520295, 0.2536805943023552, 0.007660490172949846]
('easy', 474);[0.008265797802779832, 0.0039044864137533627, 0.005680994210504553, 0.18812873570895322]
('easy', 475);[0.007564855312751288, 0.004310324628780159, 0.3216658330721081, 0.008572104095318485]
('easy', 476);[0.008303120532763717, 0.008303120532763717, 0.18897815227460996, 0.00688352869342268]
('easy', 477);[0.3806988481690053, 0.0030941350475499245, 0.0042291811781068256, 0.008410731074553224]
('easy', 478);[0.004518058173507381, 0.0018834068552332796, 0.19211272207676125, 0.00351866724348971]
('easy', 479);[0.013601444366194388, 0.0047005333946469685, 0.009348126888957272, 0.18776217017378835]
('easy', 480);[0.006182383117776257, 0.004249085634225926, 0.40715909005180434, 0.007938337058925916]
('easy', 481);[0.012638513641895565, 0.009246534107066136, 0.22402301456747767, 0.018388928842493064]
('easy', 482);[0.008182539254635657, 0.004962960932238685, 0.34793046409163636, 0.01349072651745658]
('easy', 483);[0.003157721582710359, 0.0020387782867464944, 0.30258156231631694, 0.005541973969119861]
('easy', 484);[0.005263368778888534, 0.0046449066445295945, 0.2536033400998476, 0.004944477385292501]
('easy', 485);[0.009052232540346632, 0.0037735319393684117, 0.2997688432792133, 0.007049885790966409]
('easy', 486);[0.3811289344882651, 0.004797704382149118, 0.005107129730323668, 0.005436511298904206]
('easy', 487);[0.5394996338285168, 0.0030136204569380905, 0.003635120155432603, 0.005993299921812488]
('easy', 488);[0.3485291948456704, 0.00497150195939382, 0.005996776048476502, 0.00497150195939382]
('easy', 489);[0.4391637666538421, 0.004583086258245009, 0.0062643361854415255, 0.007556231799422006]
('easy', 490);[0.4425453872419213, 0.0282909800932702, 0.017159346819888153, 0.0076144139940737005]
('easy', 491);[0.0060550303907482405, 0.010626909285318835, 0.27407166808131783, 0.006861248320548989]
('easy', 492);[0.004642391240272022, 0.39257582614917447, 0.013433204464109633, 0.008147650365671107]
('easy', 493);[0.003996987155915912, 0.4077038224814361, 0.0037548219461650905, 0.006589917742673774]
('easy', 494);[0.005351588006479784, 0.5128037514994646, 0.007786514604001821, 0.015485333350428142]
('easy', 495);[0.014214674472571893, 0.4154137054049027, 0.014214674472571893, 0.020682229319184613]
('easy', 496);[0.004474185385067901, 0.42872876823985123, 0.00539689775298616, 0.007376684613417091]
('easy', 497);[0.008574311628305985, 0.0048854954996993835, 0.1722196117408972, 0.007566803453775109]
('easy', 498);[0.0032380058317922956, 0.0018449601093338162, 0.022476210030951335, 0.18819102494489032]
('easy', 499);[0.008645624671797551, 0.009796776222643784, 0.0031805475728389175, 0.25266218887465786]
('easy', 500);[0.007487468112758021, 0.005146056559187862, 0.2479508610222311, 0.017961502270061668]
('easy', 501);[0.06328221775600068, 0.006669896680037514, 0.012461007508970686, 0.10433473847139565]
('easy', 502);[0.004002976202072615, 0.009602640713490242, 0.24765542714923863, 0.005471419750608636]
('easy', 503);[0.5247751758423657, 0.0018926346910794268, 0.0018926346910794268, 0.003763953526380962]
('easy', 504);[0.522196974341905, 0.0027402375775323687, 0.003987022149323774, 0.007448738012666872]
('easy', 505);[0.04112103276388613, 0.0071457640221354495, 0.16263682011907948, 0.011781373138698417]
('easy', 506);[0.01450019781752775, 0.06498539357027733, 0.1375740792678583, 0.034784174595295446]
('easy', 507);[0.0074954698641516914, 0.004546232281560088, 0.014003381272756446, 0.24821581301487283]
('easy', 508);[0.34773043876544996, 0.009266701204797143, 0.005983031977724847, 0.010500548135248379]
('easy', 509);[0.006617199097949155, 0.004841246279911221, 0.010909916905246472, 0.2483085938431928]
('easy', 510);[0.006235042013456301, 0.009071932599362701, 0.18221463718916941, 0.035880189455643786]
('easy', 511);[0.010441984348925981, 0.34579103106027537, 0.007176663892319956, 0.008132225587762908]
('easy', 512);[0.006644178348292262, 0.3201345170740249, 0.009081515054371311, 0.015938555288429426]
('easy', 513);[0.6022992862658961, 0.004319995479422086, 0.003160576209724039, 0.005904733726973392]
('easy', 514);[0.018450490247688228, 0.030419715726208857, 0.02090714448249248, 0.09369932091916533]
('easy', 515);[0.013413502947343434, 0.007179730749038732, 0.2694174408352129, 0.013413502947343434]
('easy', 516);[0.003317329205825232, 0.2986163874921223, 0.007022785983841726, 0.007022785983841726]
('easy', 517);[0.004020972312300626, 0.002596134848244253, 0.3000723174275868, 0.0054960175168618265]
('easy', 518);[0.4343076447275917, 0.004257802835899193, 0.005819726462144404, 0.007472676695563644]
('easy', 519);[0.006082072072715997, 0.0034654602058091805, 0.3534865510002796, 0.007809535127494034]
('easy', 520);[0.004406115696233058, 0.27259669293353866, 0.01056972208605412, 0.007264456669545147]
('easy', 521);[0.0189074951093414, 0.012994918677443085, 0.031173189362429816, 0.09602018310866865]
('easy', 522);[0.0035748093892996086, 0.46820760474625106, 0.004590146115674681, 0.0058938642788367995]
('easy', 523);[0.005708101718677979, 0.0030553266800712785, 0.22800926894787785, 0.006468126632468045]
('easy', 524);[0.47107256785157925, 0.003378771003059389, 0.0031740616165293807, 0.006719488494922351]
('easy', 525);[0.45487715185995387, 0.007352404820606136, 0.0057260586317460305, 0.006488474480732963]
('easy', 526);[0.008862871785798882, 0.3325768101611416, 0.03972063561422246, 0.014612405232734648]
('easy', 527);[0.009184394886974367, 0.0031740419409535883, 0.26840742652917177, 0.009184394886974367]
('easy', 528);[0.3897154091940554, 0.011768386338469107, 0.019402788878050813, 0.021986240202345502]
('easy', 529);[0.0031127929016005096, 0.46197940062248866, 0.009588077142702336, 0.0070147870891470905]
('easy', 530);[0.004938772661527596, 0.34623465264855174, 0.008142659538212832, 0.00675050185660781]
('easy', 531);[0.004088237142043653, 0.0038405433751150385, 0.17383628747543955, 0.004351905784447654]
('easy', 532);[0.010022120424040755, 0.0047341144758594475, 0.1383511213881067, 0.005710432085003417]
('easy', 533);[0.0032314843695171753, 0.006037207609855877, 0.2732649146514018, 0.006426574048028315]
('easy', 534);[0.005090504478329736, 0.005768297274949092, 0.23041379890246005, 0.006957894660696206]
('easy', 535);[0.020424686244926486, 0.012388195468982498, 0.026225816266358115, 0.1331856845926601]
('easy', 536);[0.00865143530368992, 0.0033879507437552733, 0.004350214865467909, 0.2528320004300287]
('easy', 537);[0.006683647217840737, 0.002617353857229166, 0.18349069329203854, 0.02191483553673429]
('easy', 538);[0.4019089215125072, 0.0373833530436945, 0.00887932675246922, 0.025693177752189086]
('easy', 539);[0.2035808672796722, 0.027551674334849695, 0.004497687195757111, 0.008944719052662671]
('easy', 540);[0.007790001797265932, 0.0026921525836931175, 0.004724874929258305, 0.2746069963627458]
('easy', 541);[0.004202709379668784, 0.00889713582657706, 0.378315887146345, 0.006929096348830865]
('easy', 542);[0.009836639317208332, 0.005604748136018221, 0.223880878932522, 0.014312225755233969]
('easy', 543);[0.3222185216895521, 0.01415729211202548, 0.05599317649185907, 0.02334142864061155]
('easy', 544);[0.40967115455912045, 0.00377293999628042, 0.004551034352763725, 0.005843643781167668]
('easy', 545);[0.04134846555577408, 0.025079112091648755, 0.0221322387404519, 0.017236604862187224]
('easy', 546);[0.003083090791528246, 0.002896295763401573, 0.2775310216767018, 0.006131458179236349]
('easy', 547);[0.006753003397617357, 0.004940602828026632, 0.2534045225750829, 0.0071885346978171555]
('easy', 548);[0.47934216950482955, 0.0072784263908215, 0.01640218706788693, 0.01858611290288878]
('easy', 549);[0.026204003343417766, 0.0066254111934369074, 0.005159875425618714, 0.0628601362235561]
('easy', 550);[0.03501284478951088, 0.33219258264185714, 0.0047384732665080136, 0.01003134798391618]
('easy', 551);[0.004205493868796224, 0.003486476873561214, 0.0032752419182204913, 0.2769651634383725]
('easy', 552);[0.0019317746022204313, 0.0015044675729267236, 0.2530125728814342, 0.0067425558782637325]
('easy', 553);[0.011698483393133943, 0.004303631533219513, 0.004581191920336344, 0.20736057972117483]
('easy', 554);[0.02120773083875909, 0.1775701562687251, 0.03085706629392814, 0.005037276398997642]
('easy', 555);[0.02134378593795522, 0.051201080766283144, 0.018835824979674128, 0.02418567801818344]
('easy', 556);[0.003659562610705404, 0.329423367300672, 0.004146827711222025, 0.005668041451209159]
('easy', 557);[0.005958004345820789, 0.32529601517124884, 0.004640098450068063, 0.007186725068110697]
('easy', 558);[0.01655198544338037, 0.3324554751432978, 0.0272896104728201, 0.014607075885408485]
('easy', 559);[0.016780876338021503, 0.00792672470776448, 0.2044329246432588, 0.016780876338021503]
('easy', 560);[0.0037543868947843826, 0.0037543868947843826, 0.23227566456918258, 0.003112496056691148]
('easy', 561);[0.004515421984189882, 0.2973763552572906, 0.008435918868063332, 0.006993622380231945]
('easy', 562);[0.009923664476038806, 0.2900119867975182, 0.02380563353718844, 0.01124498504977759]
('easy', 563);[0.014261064661114748, 0.00763339784270997, 0.03019067412449435, 0.28644117496123406]
('easy', 564);[0.24571934026636902, 0.009527571631986698, 0.012233644134784026, 0.013862534926700571]
('easy', 565);[0.003994215015724515, 0.00121816675432295, 0.002745181157493374, 0.1924520799545052]
('easy', 566);[0.012417517775850175, 0.008534426836538144, 0.018067381754730907, 0.151276371378316]
('easy', 567);[0.44240473700016353, 0.003173150613956245, 0.004337182652214321, 0.005231640912364831]
('easy', 568);[0.0080275582322655, 0.01030758880416982, 0.006655079522436882, 0.20703340615457233]
('easy', 569);[0.006413746907480866, 0.47863752659460623, 0.007736455531933689, 0.009933805538077337]
('easy', 570);[0.20927402614431953, 0.004921653361125913, 0.0038329874916508723, 0.007160963386165017]
('easy', 571);[0.008372832805057646, 0.4571411544452323, 0.0069413221970488674, 0.01564251104030484]
('easy', 572);[0.006105451564259157, 0.4020925115334299, 0.006105451564259157, 0.010715401200698573]
('easy', 573);[0.3507145829403776, 0.0028504385449673107, 0.013598681749635001, 0.007748295299923881]
('easy', 574);[0.020111185618853635, 0.3564792946796207, 0.0156626033742015, 0.02582327349433305]
('easy', 575);[0.5222975189496312, 0.002917529702644169, 0.0035192125809135953, 0.006574754677636442]
('easy', 576);[0.09136297131507834, 0.0016733715893715833, 0.001571987129996613, 0.0031262697071253935]
('easy', 577);[0.028361662410144206, 0.4436510447055029, 0.011822899873732745, 0.013397100702684238]
('easy', 578);[0.004191236091271945, 0.0025421131914505715, 0.27602617557975745, 0.004749292693262656]
('easy', 579);[0.03086912660582677, 0.024040899973348226, 0.05089458564296184, 0.057671120990799324]
('easy', 580);[0.013967882901807269, 0.24758661899881948, 0.008471949231221975, 0.013967882901807269]
('easy', 581);[0.3541931246241322, 0.0032620062929642948, 0.0030643713225904203, 0.0060942300699490136]
('easy', 582);[0.2708367902049326, 0.007217557705236987, 0.009267527539934742, 0.011899740911129827]
('easy', 583);[0.005486619849004215, 0.4358561745100939, 0.004014096831620347, 0.00621715479446487]
('easy', 584);[0.033712483009531606, 0.007522273526367558, 0.01094484339927458, 0.21983303000849552]
('easy', 585);[0.0051867291980267575, 0.0035647833697958877, 0.3014496632293796, 0.0035647833697958877]
('easy', 586);[0.004050996412441968, 0.32181050503117625, 0.01247794740451025, 0.007568257671117143]
('easy', 587);[0.010035740032395456, 0.0036919424348595127, 0.004183518858872829, 0.2284123903232271]
('easy', 588);[0.27672912777364306, 0.003708172433334553, 0.003708172433334553, 0.00650804529793561]
('easy', 589);[0.003940380279845529, 0.0025441007212477908, 0.13890319287811737, 0.011401868396255411]
('easy', 590);[0.005015695507388706, 0.1882126078043056, 0.006440280513853617, 0.00937055285538991]
('easy', 591);[0.3454331252129092, 0.008123807480570795, 0.00462880597384983, 0.015177270484534036]
('easy', 592);[0.009173505249460655, 0.3442331628175663, 0.009173505249460655, 0.009173505249460655]
('easy', 593);[0.005833359634033118, 0.010237864991434047, 0.18147045580549936, 0.02782939573338641]
('easy', 594);[0.5248122115301141, 0.007968852035058555, 0.005476906567967365, 0.005830136693612091]
('easy', 595);[0.0061666050074267315, 0.005112295111473824, 0.3162865741968374, 0.02291172258801465]
('easy', 596);[0.017893115097575834, 0.3593927382772899, 0.013935172049578835, 0.020275550859296127]
('easy', 597);[0.0032661697652801138, 0.0027077498403376577, 0.1573728348473886, 0.004464324757499572]
('easy', 598);[0.5271850493618268, 0.004025108242397263, 0.004561045178298992, 0.007519892202085806]
('easy', 599);[0.035436073647148854, 0.23107222658775425, 0.02149306512683066, 0.024354833500132712]
('easy', 600);[0.0018142809180225175, 0.0018142809180225175, 0.2529493322275922, 0.003608128442019539]
('easy', 601);[0.01764445889597318, 0.45505651121163687, 0.009444398274103209, 0.00833465222367138]
('easy', 602);[0.00560204950821206, 0.002335281672332274, 0.005262638486542216, 0.12750205911564946]
('easy', 603);[0.004679335211790046, 0.004981126404369732, 0.15495831887712058, 0.01271975187547744]
('easy', 604);[0.004549860478844096, 0.003543434903789419, 0.2996444747469069, 0.007046961764191741]
('easy', 605);[0.004731738028544774, 0.4534080638943671, 0.00392274860526514, 0.007328659223809487]
('easy', 606);[0.01251721327036247, 0.46970504668983537, 0.02338523866614636, 0.026498947019142283]
('easy', 607);[0.003486247458631467, 0.005399605692464663, 0.19034266179902867, 0.005399605692464663]
('easy', 608);[0.4341314434665691, 0.011569212472870627, 0.004256075419313327, 0.0048227652775306405]
('easy', 609);[0.37595566267788405, 0.004732584204889665, 0.006076758405693276, 0.011352879325728739]
('easy', 610);[0.006078236373743985, 0.37604712372112753, 0.006887544144282513, 0.008843781739817567]
('easy', 611);[0.20963982499672684, 0.00299035078743971, 0.0038396864158847894, 0.007173478624284177]
('easy', 612);[0.4340373158731084, 0.005132693200008988, 0.00701555980617703, 0.0074680245398823005]
('easy', 613);[0.005767235664798236, 0.3798183064196135, 0.0039637592406767536, 0.005767235664798236]
('easy', 614);[0.005223863419960841, 0.0038218601215260057, 0.2086664674457849, 0.01038889291925642]
('easy', 615);[0.3557925475012525, 0.002551925233099151, 0.004207413413046953, 0.007384240504325279]
('easy', 616);[0.005336372664422007, 0.004155971209812698, 0.27370370312783804, 0.009365625695969479]
('easy', 617);[0.3506525029075662, 0.013596269782847769, 0.00303373785406808, 0.0068366337894279665]
('easy', 618);[0.0046743888469036885, 0.271672839247007, 0.004391181943450945, 0.0072398350736819]
('easy', 619);[0.007751817125448971, 0.3735034435007399, 0.010595477760104447, 0.009953530214591784]
('easy', 620);[0.004368836582948938, 0.02514091869126969, 0.18576765858844588, 0.011875729094937207]
('easy', 621);[0.006475848013828014, 0.0073380971591650935, 0.35356932145082104, 0.006475848013828014]
('easy', 622);[0.0038339563008235942, 0.3045689460026944, 0.0046246340650115845, 0.0040812252379599295]
('easy', 623);[0.007006473225794183, 0.4614319217471277, 0.007458351925414248, 0.006183190919805265]
('easy', 624);[0.00526491753467939, 0.0033992862480301186, 0.32572891375446167, 0.0041003218988146795]
('easy', 625);[0.01840558342374584, 0.36968600341545443, 0.008167426187493752, 0.011163547994802908]
('easy', 626);[0.26575314040575543, 0.009093574568177804, 0.02471889261097108, 0.014992769817252477]
('easy', 627);[0.005173023411871733, 0.002947499892015473, 0.004288587037470588, 0.3006531626465361]
('easy', 628);[0.007533329293510369, 0.19428716950944563, 0.02979490243851603, 0.03825741201878615]
('easy', 629);[0.00635393475704907, 0.003001386257528586, 0.004102408612907698, 0.1126261884087911]
('easy', 630);[0.010002526916641354, 0.2923166851413678, 0.010002526916641354, 0.011334347902351442]
('easy', 631);[0.004117422320725159, 0.004665650733352536, 0.3270872905436098, 0.00871658312137656]
('easy', 632);[0.04144833165846489, 0.01187514584200227, 0.009248372880838506, 0.23851870871141923]
('easy', 633);[0.018326305691395248, 0.005589207450006966, 0.3680936457499589, 0.014272541223264561]
('easy', 634);[0.03326298504320663, 0.357610790807775, 0.012236771266862168, 0.01571232532484528]
('easy', 635);[0.028881783250271843, 0.009376542193909812, 0.009376542193909812, 0.16620318717983185]
('easy', 636);[0.35155145589165604, 0.0036687686570811965, 0.009368528966794224, 0.003041516044587916]
('easy', 637);[0.37069634226377096, 0.004666378285166347, 0.00678954034227784, 0.012684531297283561]
('easy', 638);[0.35424945473270747, 0.0027047276414353086, 0.0041891641206082434, 0.005378993205537336]
('easy', 639);[0.00310110972880207, 0.4061651481156878, 0.004238714437069851, 0.005442617071278961]
('easy', 640);[0.008279762281461081, 0.0041633259332113535, 0.2741880700611171, 0.009382199820998681]
('easy', 641);[0.01587059612949251, 0.004840258348667647, 0.012360032693458775, 0.24825792263092175]
('easy', 642);[0.28173731816752173, 0.0180108684666885, 0.029694894864996046, 0.012378676798869401]
('easy', 643);[0.008303829266325289, 0.13827117120689406, 0.011349988898242774, 0.010016330047068792]
('easy', 644);[0.34788106903499755, 0.01190383274053318, 0.004379175336385665, 0.010505095522405626]
('easy', 645);[0.013152393977022605, 0.0037682239646120498, 0.007039969188585684, 0.12478643966970342]
('easy', 646);[0.011849431948016274, 0.26969176375519965, 0.005958268564480304, 0.011849431948016274]
('easy', 647);[0.0042977152044496635, 0.005184034083003658, 0.005518375556198721, 0.3012930606396397]
('easy', 648);[0.011173831817189053, 0.004375735411151474, 0.007679654810967482, 0.15425002703909105]
('easy', 649);[0.0076998806860815215, 0.003871743155570343, 0.013513711456146034, 0.18655098784824595]
('easy', 650);[0.007621115833215144, 0.05631285242807531, 0.25237669524646544, 0.016133902345523577]
('easy', 651);[0.0048186850836845286, 0.0031111769236009798, 0.004252474660882188, 0.1924817004534918]
('easy', 652);[0.26012192279204255, 0.04520241230148546, 0.009474940345090214, 0.06576912181869352]
('easy', 653);[0.026180104984040276, 0.36140515836835413, 0.029665945463792347, 0.05542328268613483]
('easy', 654);[0.2751944768636438, 0.0034641863931652635, 0.004734981397476288, 0.005365436845850456]
('easy', 655);[0.023582754167637915, 0.0024856040023021105, 0.00409806818913286, 0.15377887428637796]
('easy', 656);[0.3766343170336979, 0.005046903036025487, 0.006087727107948527, 0.010036965173092513]
('easy', 657);[0.00419314912774125, 0.015579439020963325, 0.020004400450073855, 0.07911893857606903]
('easy', 658);[0.005191423028858286, 0.0019098178027409428, 0.3017225738326102, 0.006262051494949554]
('easy', 659);[0.011749075835100025, 0.01709480446976871, 0.008075013857166335, 0.2674077334527665]
('easy', 660);[0.006824507721196726, 0.5421377014532526, 0.005657715618119056, 0.0077331803672166825]
('easy', 661);[0.012635639322124786, 0.004366760102624317, 0.15393358138109856, 0.009840645798678618]
('easy', 662);[0.009415970396572337, 0.004734647252636135, 0.18912477597712996, 0.007333165118227703]
('easy', 663);[0.40268921843017297, 0.006508864614850272, 0.008357547599247216, 0.009470342133519351]
('easy', 664);[0.0036808032675587445, 0.274686621138895, 0.005355537153196596, 0.00779226057856985]
('easy', 665);[0.02127185573244351, 0.42725669467167937, 0.008867428742936258, 0.010048113162738534]
('easy', 666);[0.30956552792857067, 0.013601360052692685, 0.013601360052692685, 0.03262796659475551]
('easy', 667);[0.0068565452312272426, 0.005339882795244283, 0.37435472987014334, 0.009976214445377007]
('easy', 668);[0.024367582421110583, 0.008421213155166496, 0.14022575500831314, 0.06623795649878296]
('easy', 669);[0.007291866629704363, 0.39812247573017123, 0.0077621516224883405, 0.0136230003530801]
('easy', 670);[0.009526690311316007, 0.31548073054618325, 0.008407274691619051, 0.015706856955639524]
('easy', 671);[0.009699826338257214, 0.0035683666927781017, 0.005883242068041125, 0.17193353575013337]
('easy', 672);[0.01136257358209081, 0.3762768044405225, 0.006891749250778879, 0.010027435991584692]
('easy', 673);[0.007008414584781482, 0.006583796210556206, 0.006583796210556206, 0.46155963810319756]
('easy', 674);[0.010089884175420697, 0.006934669218009335, 0.005749042706679045, 0.22964473271419433]
('easy', 675);[0.4254765879855452, 0.0113385643042425, 0.008830482759049539, 0.014559004755395729]
('easy', 676);[0.012529455031076378, 0.006706533998498391, 0.006706533998498391, 0.2516608016537969]
('easy', 677);[0.005495197297290131, 0.002151950181317954, 0.0037767901872686337, 0.1417229893144552]
('easy', 678);[0.003276638426661372, 0.0025518485725257328, 0.2770832897882486, 0.010743683784199822]
('easy', 679);[0.49328155037762145, 0.004009153919204557, 0.004542966561653447, 0.009617460286491172]
('easy', 680);[0.003457427007227693, 0.0032479520943137965, 0.3526671424682439, 0.00472574241231778]
('easy', 681);[0.0052414015570772885, 0.004625520639322782, 0.32427410905080206, 0.008118041538909427]
('easy', 682);[0.0020580368596184837, 0.0031875498438829492, 0.2099254918125633, 0.008139693678389627]
('easy', 683);[0.01523768256736135, 0.004365669148581924, 0.003193991779912714, 0.27009435393692444]
('easy', 684);[0.003698745813743759, 0.00419122809713114, 0.18970949191433217, 0.008335252360330787]
('easy', 685);[0.36165335770193235, 0.007505877768444394, 0.012375100332109484, 0.029686315369291495]
('easy', 686);[0.4842510939375884, 0.008332001805832337, 0.005726495512015585, 0.012904856845147436]
('easy', 687);[0.005894825518628145, 0.32184664481947733, 0.005894825518628145, 0.006679712417532335]
('easy', 688);[0.0049436687567049825, 0.002998486672405007, 0.25356183513358616, 0.008676408873924209]
('easy', 689);[0.022115639077556606, 0.004635690890014369, 0.2694236716172337, 0.01341381635777956]
('easy', 691);[0.040557299544627175, 0.03158605664461717, 0.021708758091129734, 0.1415588848392598]
('easy', 692);[0.0067137331901349455, 0.0031713430030469794, 0.00382536986156484, 0.17314941980487764]
('easy', 693);[0.015423483433727441, 0.3977768804630267, 0.019804144742768356, 0.006429464454661637]
('easy', 694);[0.007367014377280836, 0.0025459720428898753, 0.2764451091106057, 0.005389822857093271]
('easy', 695);[0.004722068530102664, 0.0025275411469873207, 0.005026615784924688, 0.2137371419735926]
('easy', 696);[0.004762936322937153, 0.0042032765521997, 0.3554428905962676, 0.005070119323945204]
('easy', 697);[0.003221563957731362, 0.0016199040884003705, 0.21216554096887663, 0.009321904401981395]
('easy', 698);[0.006864190207700693, 0.27418905063582155, 0.004163341815069699, 0.006864190207700693]
('easy', 699);[0.004723791362481457, 0.35252145776980204, 0.005697980033378682, 0.008825204116709232]
('easy', 700);[0.4467707586715865, 0.007687114150860081, 0.032363967137220624, 0.009272429619519506]
('easy', 701);[0.4330629844952045, 0.005803047311724504, 0.0039883722016650245, 0.0069998112062232]
('easy', 702);[0.013388377214462784, 0.3452907993005976, 0.010426878658678971, 0.010426878658678971]
('easy', 703);[0.021971892486606692, 0.017111727074130008, 0.3436981849949295, 0.0049025918893006335]
('easy', 704);[0.4017175375870317, 0.003264966092880307, 0.015576282077303199, 0.007832246495850853]
('easy', 705);[0.002487498718985522, 0.002647928602925362, 0.30605893304820353, 0.0038527133837783696]
('easy', 706);[0.014562434642928022, 0.003249318374027572, 0.007794709569688085, 0.2277947773016171]
('easy', 707);[0.380889889765917, 0.0018776303110500886, 0.004231305223477332, 0.003974943399685499]
('easy', 708);[0.008663402893053765, 0.3683772648151203, 0.014283536626422769, 0.011124029509687145]
('easy', 709);[0.01055605730841664, 0.00440041936942864, 0.008221065697941506, 0.3495685669982512]
('easy', 710);[0.0035807514508854102, 0.0045977758737783736, 0.12622580957245488, 0.005545976339009455]
('easy', 711);[0.00460555007805439, 0.0020437004585803433, 0.00974994959175165, 0.20846313897632124]
('easy', 712);[0.003936307009713436, 0.0032633131291500586, 0.37718778066741243, 0.011390081998321672]
('easy', 713);[0.006189240995296996, 0.24722842323867356, 0.010862456231845587, 0.012308775475621933]
('easy', 714);[0.009559718202169675, 0.0051169484211323335, 0.012274921147958305, 0.16945001921507666]
('easy', 715);[0.03984760537724696, 0.006924475523461366, 0.3336399149710375, 0.016610953256911358]
('easy', 716);[0.004099522305778732, 0.0013309200315616563, 0.0033986233621206233, 0.17431614490520644]
('easy', 717);[0.45319304813983735, 0.010658078294591807, 0.006881372545456301, 0.013685243423303819]
('easy', 718);[0.007222959595655101, 0.006785342596332343, 0.370467064774596, 0.01627719071544422]
('easy', 719);[0.004939754790131953, 0.0046404701769453965, 0.02508615074621131, 0.2697015053094902]
('easy', 720);[0.4351114205489245, 0.004265681506444692, 0.004540794327118762, 0.005830495327972001]
('easy', 721);[0.002704601252353474, 0.001746221813157052, 0.27587682782299683, 0.006906441246273621]
('easy', 722);[0.008023930261848168, 0.003142216238601984, 0.24961715383305172, 0.015957490765052703]
('easy', 723);[0.25657331322669497, 0.011273041945076053, 0.12119665149423449, 0.004699303033144944]
('easy', 724);[0.0023763091692201315, 0.0020970854814201393, 0.1564988270025814, 0.005355095378011285]
('easy', 725);[0.30131622795124546, 0.0024489523098488505, 0.006253618801728879, 0.005518799222470525]
('easy', 726);[0.3741297457549662, 0.008798690375609604, 0.016438117724930448, 0.0060472455625577935]
('easy', 727);[0.0056932706876505375, 0.003675851830036681, 0.18853523194472252, 0.008283659971628995]
('easy', 728);[0.02504339313976174, 0.004351889183276222, 0.05301686369291334, 0.05301686369291334]
('easy', 729);[0.0059372756353178735, 0.324164265925217, 0.005577554289341789, 0.009788912629958195]
('easy', 730);[0.46775380016677515, 0.002781365433542841, 0.002612851020728011, 0.004585696351872165]
('easy', 731);[0.00829659827419922, 0.22777210379336638, 0.008831682890752545, 0.010007607805633003]
('easy', 732);[0.31306866782582565, 0.025698244231137982, 0.015586773026968495, 0.010712621992383757]
('easy', 733);[0.2307832025019325, 0.010139905040953853, 0.20366546137650887, 0.014753474779631676]
('easy', 734);[0.38829870781733516, 0.002169018432844948, 0.006276262940113931, 0.002964696689117803]
('easy', 735);[0.0026292736005355264, 0.30390274417214946, 0.0027988471787490773, 0.004334939311693234]
('easy', 736);[0.008615192064265661, 0.003591346363828042, 0.0027969433604299212, 0.3232826971783604]
('easy', 737);[0.0038169791957313594, 0.0023151149096963383, 0.007590969547167034, 0.1727696705516778]
('easy', 738);[0.3812056577035215, 0.004798669898700338, 0.0045079331869689165, 0.006982023504195787]
('easy', 739);[0.011124188641343916, 0.3683826004037914, 0.011124188641343916, 0.018340690805025393]
('easy', 740);[0.012486155082372654, 0.04358096345753577, 0.018167248446443632, 0.19531632760244066]
('easy', 741);[0.16611296362726305, 0.08891385160729418, 0.004712261500350688, 0.028866101306642224]
('easy', 742);[0.010687656821348352, 0.45445073208908365, 0.008323555501664538, 0.019967171650906976]
('easy', 743);[0.20875519048599425, 0.005921928220682681, 0.005226083312080771, 0.006303859777026013]
('easy', 744);[0.001076867678502358, 0.001076867678502358, 0.016845044682792683, 0.001076867678502358]
('easy', 745);[0.46588396349450234, 0.005175503029199002, 0.004861935152260257, 0.008532961930813342]
('easy', 746);[0.006713928475779849, 0.0026292121682209737, 0.0043348380269295226, 0.17315449757008422]
('easy', 747);[0.006924729770365621, 0.006111052573582997, 0.13908694864668425, 0.011416949266252214]
('easy', 748);[0.2777484374017115, 0.022798980101909533, 0.029274469925409913, 0.020120029322022986]
('easy', 749);[0.006656958434031725, 0.00854770382713056, 0.0055188123803289, 0.1716852617612547]
('easy', 750);[0.007417108780118125, 0.24562093876069258, 0.015702019410728085, 0.015702019410728085]
('easy', 751);[0.5766079760902594, 0.007258424951689324, 0.0023564655697013493, 0.007258424951689324]
('easy', 752);[0.01023983742637229, 0.004268599310737132, 0.29925198616923904, 0.005834483493583828]
('easy', 754);[0.016560432681974786, 0.024095281629872494, 0.2590486905249826, 0.018765424201670735]
('easy', 755);[0.01203043316602792, 0.004711185319175712, 0.008268387734222322, 0.27381146207021206]
('easy', 756);[0.004183175757496961, 0.0023835016994525372, 0.004183175757496961, 0.27549530575895576]
('easy', 757);[0.006660546342784573, 0.004300371931423545, 0.01168962287680395, 0.20720352331129055]
('easy', 758);[0.007026185762695233, 0.007026185762695233, 0.17022889844392808, 0.010882369393094152]
('easy', 759);[0.0034500424492073735, 0.35191393902358936, 0.008276221594541305, 0.006445527858701239]
('easy', 760);[0.2398645881720381, 0.010538917001794112, 0.015334033756984227, 0.02231088214854828]
('easy', 761);[0.010842414065429176, 0.31686174774888937, 0.010842414065429176, 0.01577561937893508]
('easy', 762);[0.0401999950394659, 0.10927491601992391, 0.010819684463417039, 0.23133499902952753]
('easy', 763);[0.3841168836390843, 0.0029327680732194323, 0.003537593564453365, 0.006208670059726661]
('easy', 764);[0.320517635601054, 0.010303023741946808, 0.006249099787237922, 0.0075378531950165955]
('easy', 765);[0.2037064238561045, 0.018947648963906473, 0.011492330026081589, 0.013022515991187792]
('easy', 766);[0.02585778047573815, 0.06202959074007305, 0.012214350624858346, 0.10226950566598213]
('easy', 767);[0.00539441238106148, 0.005067581456971899, 0.27668057269293145, 0.005742322088757842]
('easy', 768);[0.42628340633856165, 0.011360070696841099, 0.008847231954446368, 0.016528805333359604]
('easy', 769);[0.006061151594037614, 0.0044344332356127695, 0.005348947507833877, 0.2743486695543825]
('easy', 770);[0.01457191616535685, 0.003461133463385907, 0.006883285805860682, 0.1382544912064683]
('easy', 771);[0.46980564925457635, 0.0029737367750006616, 0.00432676147696038, 0.0055556717083625196]
('easy', 772);[0.23232047036675924, 0.013106622503363011, 0.013106622503363011, 0.045746607550723975]
('easy', 773);[0.03050343899537433, 0.2253916219471297, 0.03456492471082673, 0.03456492471082673]
('easy', 774);[0.0027314852893325263, 0.00397428764513474, 0.19149187969995646, 0.005782554402894235]
('easy', 775);[0.02002700595887853, 0.013764346481820127, 0.01559704792335029, 0.1479806881644435]
('easy', 776);[0.0028184150226721115, 0.0033996574557696203, 0.25370563515523864, 0.006761026166033847]
('easy', 777);[0.006417344491988419, 0.4498906890438803, 0.009337181140490553, 0.010580412365351614]
('easy', 778);[0.0036303271099912097, 0.004962068832807804, 0.3267916321239226, 0.004113699548813102]
('easy', 779);[0.35274063814214146, 0.004171322161821465, 0.005356083676971617, 0.006460670149593117]
('easy', 780);[0.007288494687607258, 0.3511794242569464, 0.006432073986317684, 0.006432073986317684]
('easy', 781);[0.2943578949030462, 0.00539135226439285, 0.011413492833284446, 0.014655214891120611]
('easy', 782);[0.004715646669640716, 0.0030446503234081244, 0.15616077074265453, 0.008809987827234989]
('easy', 783);[0.003937136721178359, 0.0019797166701974508, 0.276014626207001, 0.005728500127492568]
('easy', 784);[0.003203278887793051, 0.0024947161062093266, 0.25446796088742607, 0.004961335396388924]
('easy', 785);[0.003074634448096001, 0.003272931333196164, 0.4026975952668892, 0.012160415137154249]
('easy', 786);[0.04523838977720217, 0.012961018763546717, 0.021369102230611347, 0.15789749516577134]
('easy', 787);[0.006496424599911852, 0.003940280698357916, 0.0073614134858553905, 0.22900680644771357]
('easy', 788);[0.008865560022641933, 0.4547165911422566, 0.00943733951930603, 0.008865560022641933]
('easy', 789);[0.04522170741836801, 0.33414573300374956, 0.002890927035371768, 0.006934973441814881]
('easy', 790);[0.007032668321391894, 0.0031207276503100764, 0.2990366307252022, 0.007486236459528835]
('easy', 791);[0.004116266075866962, 0.002069788566276438, 0.0059891318006705845, 0.25466442512222076]
('easy', 792);[0.0075543440150159236, 0.005883329034485182, 0.25016548648664294, 0.008041557344743745]
('easy', 793);[0.01054475807335462, 0.008212265844827097, 0.16494776884930762, 0.025295559623030494]
('easy', 794);[0.01114019298891941, 0.3689125257351217, 0.007192649187418151, 0.012623492452259934]
('easy', 795);[0.37701760675741175, 0.0047459512617643446, 0.006486946251541158, 0.014618559040630323]
('easy', 796);[0.02289399791172496, 0.004234962773491856, 0.1492876015271038, 0.10260378021732022]
('easy', 797);[0.016763385642472768, 0.3367016012795208, 0.018995404508930665, 0.016763385642472768]
('easy', 798);[0.0035311219639101023, 0.0012990271747914544, 0.1410501720528262, 0.009017035822175296]
('easy', 799);[0.005747921600915871, 0.005072523009107346, 0.22959992292579456, 0.008902555129672115]
('easy', 800);[0.016071607629507274, 0.1345658910682561, 0.01821151732367317, 0.012516580607076631]
('easy', 801);[0.07725131376679932, 0.006750144569259797, 0.007185491490871535, 0.2099908674697393]
('easy', 802);[0.01285382844184885, 0.021192375309349875, 0.0145652958148674, 0.12195369966610255]
('easy', 803);[0.08094833648173466, 0.01806201528291844, 0.006644644088710086, 0.17136760924798847]
('easy', 804);[0.0029379441138789866, 0.014016147470848886, 0.248442128853137, 0.004015693483898027]
('easy', 805);[0.005703503670452587, 0.37562098088485546, 0.004728370618453985, 0.007323443677032947]
('easy', 806);[0.008746652320395279, 0.42143741028924164, 0.011230923890318349, 0.016340897838643648]
('easy', 807);[0.0050599875394770075, 0.004753418392258119, 0.37761088443519275, 0.008880554695320205]
('easy', 808);[0.2941561954144761, 0.006105017795048873, 0.011405674815651837, 0.009455636534672244]
('easy', 809);[0.34999312708585184, 0.004992383236156199, 0.007263874747091102, 0.006823778824058314]
('easy', 810);[0.005984635540343318, 0.15434574806707022, 0.006781480504708781, 0.016267926039265423]
('easy', 811);[0.19090230735381564, 0.004489591947672775, 0.0034964977245186307, 0.00838766200675992]
('easy', 812);[0.010035299783986469, 0.0034681068046834335, 0.1385330568618906, 0.008856120975875917]
('easy', 813);[0.20038932850644545, 0.17684296171794509, 0.00880449472458175, 0.011305195007456102]
('easy', 814);[0.0041055475272560645, 0.003003682736323776, 0.32614407571880627, 0.007670172570842]
('easy', 815);[0.006202781410126696, 0.004263105161864026, 0.10994690501382559, 0.009024993698487723]
('easy', 816);[0.06205926458334166, 0.00839880814984243, 0.009517096462599005, 0.2781302946406637]
('easy', 817);[0.004819397432044218, 0.46180777235084763, 0.0054610927448351405, 0.007464428763909619]
('easy', 818);[0.061982165744721096, 0.015671545733998083, 0.1486874860715852, 0.05469906928520138]
('easy', 819);[0.005510621109737899, 0.24942975710458784, 0.009671441241389227, 0.009671441241389227]
('easy', 820);[0.0033830609239482072, 0.002475100245639175, 0.32417419742905346, 0.0055777245053878375]
('easy', 821);[0.020005144493544534, 0.0039392455757363675, 0.31293311110251115, 0.020005144493544534]
('easy', 822);[0.005432709679726042, 0.29661593353957005, 0.0061560665695427385, 0.00655309875200772]
('easy', 823);[0.18961003402117807, 0.003064760028067441, 0.008330881492883357, 0.008330881492883357]
('easy', 824);[0.029260479216725577, 0.054665772009177126, 0.0795382289468287, 0.03315646676042661]
('easy', 825);[0.006523997043914983, 0.01381130185034906, 0.3143438186916772, 0.009492359687890825]
('easy', 826);[0.010257009740084156, 0.006221190884332151, 0.03580049024642125, 0.2645318308000262]
('easy', 827);[0.008625295555504767, 0.003377714271286053, 0.3236619050570556, 0.00671738693284942]
('easy', 828);[0.558445355162246, 0.005827899202295064, 0.024536377964545834, 0.007965793747033394]
('easy', 829);[0.006133987707506503, 0.003960400124478377, 0.02582505285585636, 0.1684004984460039]
('easy', 830);[0.1849691396789127, 0.01339911953717496, 0.010435244788019217, 0.01110826025429793]
('easy', 831);[0.007937439994917738, 0.004814300716546898, 0.2978501673922107, 0.006580368879596494]
('easy', 832);[0.3166699574403925, 0.006174081260929481, 0.013913506900585775, 0.013913506900585775]
('easy', 833);[0.011453695563822806, 0.29539473711283104, 0.007395061662935879, 0.012978737410044183]
('easy', 834);[0.01184221312900091, 0.008139026120720018, 0.00922272485816438, 0.2695275284912456]
('easy', 835);[0.002203919422220988, 0.002070390694622724, 0.32709072184383803, 0.004383017134911034]
('easy', 836);[0.08348231704763519, 0.17673206657670829, 0.027102740210306786, 0.03480060729191878]
('easy', 837);[0.006396740807375687, 0.3492502143242339, 0.0072484569505472, 0.008213577780634045]
('easy', 838);[0.45464225308449546, 0.015557005187336733, 0.0069033792047980816, 0.010044357474835034]
('easy', 839);[0.009464820906697959, 0.3134317473054221, 0.006110947671313442, 0.025728044546251768]
('easy', 840);[0.0028191865412071212, 0.0016063240708923943, 0.17441691596472197, 0.005968217954569705]
('easy', 841);[0.009745050631208379, 0.004324340004202648, 0.004900119186297224, 0.1727351761149224]
('easy', 842);[0.004019958162587429, 0.1936924082008543, 0.11748039813214681, 0.026213420049527213]
('easy', 843);[0.024789177360144004, 0.006267685584070982, 0.18316862216044563, 0.015035396097981619]
('easy', 844);[0.006840931768499582, 0.2732600934879142, 0.0056713316315714956, 0.009350445094166387]
('easy', 845);[0.008458414804885616, 0.3596609923840151, 0.01790646428245974, 0.012306920922388059]
('easy', 846);[0.0024299106331252766, 0.0018924163038714986, 0.23284068869074534, 0.00453967071725787]
('easy', 847);[0.012793554844217113, 0.008792873082054729, 0.22677118563492846, 0.07362182494215788]
('easy', 848);[0.004000295281468436, 0.2985292566757492, 0.004532928410006483, 0.006595371919638367]
('easy', 849);[0.004188698717518893, 0.004188698717518893, 0.005378395616141605, 0.22869520102273538]
('easy', 850);[0.003702078942916109, 0.0015432561051532867, 0.0018615221966395003, 0.15741640230244164]
('easy', 851);[0.004473605122165031, 0.0016457473523637737, 0.0027133786660405723, 0.15769999769985887]
('easy', 852);[0.007752149804487848, 0.0032315768243491583, 0.2265509987940126, 0.014482922533643415]
('easy', 853);[0.0029265962120861824, 0.002279235421706526, 0.14101130230682116, 0.005136336311064224]
('easy', 854);[0.007554873555788838, 0.004582262441838132, 0.026369093423079734, 0.15174365557629974]
('easy', 855);[0.025698268738905166, 0.009453864742741978, 0.00834300635292351, 0.16757376215203443]
('easy', 856);[0.014974907691641167, 0.0024445864800726855, 0.01029209350734944, 0.2067222488019782]
('easy', 857);[0.002701710103973131, 0.0018568563888619757, 0.15702184634415192, 0.0036927998761630775]
('easy', 858);[0.005369718823141979, 0.002874203368020287, 0.002382798283660995, 0.27541406762148024]
('easy', 859);[0.5798856335640932, 0.0056849993893960515, 0.006441948263779988, 0.00827162530368097]
('easy', 860);[0.22610137417723428, 0.010574904513391048, 0.006025398964899738, 0.010574904513391048]
('easy', 861);[0.22761065766597088, 0.0050285744150787015, 0.004723908492854566, 0.014550662532437617]
('easy', 862);[0.004253287861537434, 0.0025797494926060355, 0.004819606560749053, 0.23222164879837204]
('easy', 863);[0.004225911467664331, 0.0025631448703696295, 0.27830982444227576, 0.0032911431602074106]
('easy', 864);[0.27796367079314477, 0.003964938818397481, 0.006958684337791163, 0.005419428811418478]
('easy', 865);[0.39534008335132714, 0.008734199056378735, 0.019682821411994258, 0.011938234656022825]
('easy', 866);[0.006936028408164867, 0.004767057962321327, 0.22968974291585822, 0.008906036766951906]
('easy', 867);[0.2504348947368379, 0.006673863886261932, 0.008569410857474747, 0.008569410857474747]
('easy', 868);[0.004635153777003113, 0.0018151522995866359, 0.0031856914964817204, 0.17393288301863494]
('easy', 869);[0.3959261088440837, 0.0038815236848531013, 0.03249959216250551, 0.00771933159113849]
('easy', 870);[0.021861225777753096, 0.4390944575452018, 0.008042293605010097, 0.024772014172205547]
('easy', 871);[0.009891657094865518, 0.0034184652196479442, 0.22513313145619349, 0.01120871593531436]
('easy', 872);[0.009323042399221266, 0.05039989103711573, 0.2559517661146903, 0.016362448979791597]
('easy', 873);[0.11166412597874348, 0.00629965890878416, 0.004329688028047389, 0.008088922155342225]
('easy', 874);[0.3089424935688855, 0.03256229925636929, 0.011979000453690405, 0.12878639183364018]
('easy', 875);[0.33018680174314663, 0.004709862335187916, 0.004709862335187916, 0.00442450620172871]
('easy', 876);[0.003197103289021177, 0.0017112860736042373, 0.003856442697740652, 0.25397731175893223]
('easy', 877);[0.016822841866617283, 0.0048198248916062865, 0.2049441938731849, 0.02160095653765524]
('easy', 878);[0.004648691173308493, 0.0019378627913670336, 0.2538099381380505, 0.005969037620860064]
('easy', 879);[0.005643782432348463, 0.005301842940625358, 0.2719326337415518, 0.008211654985040043]
('easy', 880);[0.005819024413850324, 0.002140699449530237, 0.23244008711621875, 0.005135271021287051]
('easy', 881);[0.00580575140664531, 0.0033080174361638944, 0.004247578466880659, 0.23190998170394472]
('easy', 882);[0.4037143567001615, 0.005082013444542755, 0.01381434479828513, 0.008378823664001665]
('easy', 883);[0.006238197270347035, 0.0031367625771426162, 0.3199584813705825, 0.010948377170359586]
('easy', 884);[0.005682449080970352, 0.002857314838123845, 0.005014743713051016, 0.1560041228209545]
('easy', 885);[0.004858611772803875, 0.0029468970038463017, 0.4655654804084694, 0.006640934912502018]
('easy', 886);[0.018672412304429405, 0.02716819959315605, 0.17715893649098646, 0.02716819959315605]
('easy', 887);[0.004692699551123362, 0.39683006188081804, 0.0072681952471666585, 0.06895871651219382]
('easy', 888);[0.003094747398539921, 0.0018770591812803743, 0.004793238537477792, 0.19146519608207463]
('easy', 889);[0.0058714545968419985, 0.005181540495379148, 0.32057063542116015, 0.012429869479055076]
('easy', 890);[0.010062204705588473, 0.004465076271590069, 0.008879864485853968, 0.22901472350878463]
('easy', 891);[0.018828313351690922, 0.15764755636109803, 0.0351759203045637, 0.031042640714340045]
('easy', 892);[0.016407920989167074, 0.002851269134110891, 0.22650436253408426, 0.006425434181426175]
('easy', 893);[0.0021198615580455124, 0.0021198615580455124, 0.3565058979450478, 0.0065296332884654164]
('easy', 894);[0.0035093709375738935, 0.0035093709375738935, 0.29676387868750836, 0.0074293383331439705]
('easy', 895);[0.008876189917915533, 0.00419281523300031, 0.2289200097313805, 0.007833210109313071]
('easy', 896);[0.006230774103632713, 0.24888736881782056, 0.007060392036940251, 0.010935349107048223]
('easy', 897);[0.005977254728631201, 0.0043730529776618045, 0.32634705046012713, 0.008169938547153609]
('easy', 898);[0.013662149140811182, 0.002095158428519567, 0.005695231083987547, 0.2744116337302736]
('easy', 899);[0.3741538972943259, 0.005681227181466976, 0.014507521839454625, 0.011298469368992769]
('easy', 900);[0.4217263598924943, 0.008222355515171736, 0.00991805394389358, 0.020996520363988108]
('easy', 901);[0.3503613542285682, 0.005663065203155727, 0.006028301529249813, 0.008771126969788252]
('easy', 902);[0.0069932155441451245, 0.2973590561487446, 0.0069932155441451245, 0.008979466503058135]
('easy', 903);[0.0037670831507888927, 0.0025890758618513214, 0.29925648107869673, 0.007037837867772388]
('easy', 904);[0.5408766330513339, 0.007715191729478654, 0.011225537728524795, 0.009906502275269647]
('easy', 905);[0.005270325434564704, 0.0031966139627268015, 0.2539385305813654, 0.005270325434564704]
('easy', 906);[0.0251751861003836, 0.007677999790288748, 0.2388555153516045, 0.010494581425691112]
('easy', 907);[0.3528781683180602, 0.003459495007054951, 0.005358170684900213, 0.005703743004012388]
('easy', 908);[0.009315599037284102, 0.34956527493993156, 0.005307868333524403, 0.010555956638489298]
('easy', 909);[0.004085695884108442, 0.005246137360051733, 0.2527729933472492, 0.005246137360051733]
('easy', 910);[0.37732035868106545, 0.002542364123858765, 0.005729305994878557, 0.005729305994878557]
('easy', 911);[0.004980926892728028, 0.012719242404652425, 0.3717107938272565, 0.009905755944818326]
('easy', 912);[0.49024823303645865, 0.0037430914498629768, 0.008979209602135779, 0.010174777470422952]
('easy', 913);[0.006665922296390785, 0.0027787698314934634, 0.005882655779434461, 0.25013688877547596]
('easy', 914);[0.010791690656730923, 0.003503548998675744, 0.4049551801806702, 0.006967639170183971]
('easy', 915);[0.007984644618636105, 0.20592664973586644, 0.008499609952966438, 0.014917280030299853]
('easy', 916);[0.006201648708080762, 0.029586411274547406, 0.009023345626735568, 0.15025221216995935]
('easy', 917);[0.004238482008139818, 0.001880814989939098, 0.003740447243843925, 0.1918483446292979]
('easy', 918);[0.0035122419897196623, 0.46001281079939965, 0.010818466954211896, 0.0095472635778058]
('easy', 919);[0.007823202528421197, 0.011382692513672245, 0.005723577238207832, 0.2286275180231781]
('easy', 920);[0.020424686244926486, 0.006630923203500054, 0.015906757849069444, 0.15091915246681903]
('easy', 921);[0.0030980251661528076, 0.10259250355655308, 0.0020002353833630856, 0.003977943054878468]
('easy', 922);[0.003229985429525775, 0.003229985429525775, 0.3507163388990967, 0.009346272738609666]
('easy', 923);[0.012630440693998114, 0.005966197730223718, 0.04408455921535655, 0.01837717839115033]
('easy', 924);[0.006806493624823567, 0.448261649655218, 0.009303373732766415, 0.010542103553586809]
('easy', 925);[0.008159524112079044, 0.34695175249132815, 0.00868576820471481, 0.010477036347985969]
('easy', 926);[0.004330970307249592, 0.004907632303938233, 0.008613162929675596, 0.2517135477174439]
('easy', 927);[0.008394239843089445, 0.0030880682625348006, 0.002560098508570107, 0.191051995443444]
('easy', 928);[0.007179302816491363, 0.0036099801639475726, 0.0049342578549683444, 0.25307908761814474]
('easy', 929);[0.004976848157238395, 0.002208462982456517, 0.004675316170548924, 0.21162094336861134]
('easy', 930);[0.012947466285945178, 0.13919834757899946, 0.027409779807436453, 0.058026504307692725]
('easy', 931);[0.5230733899980852, 0.012301505583562274, 0.005128030462650218, 0.008454692900569633]
('easy', 932);[0.005937187871443652, 0.0029854055461079436, 0.003601086476504564, 0.3241595128228677]
('easy', 933);[0.009986323494926298, 0.33070161594019215, 0.02714564168937178, 0.01865690849900648]
('easy', 934);[0.0029394785228395656, 0.002436913287699911, 0.2998349964897883, 0.005491668867253859]
('easy', 935);[0.005146130174643969, 0.1704164468868216, 0.006207417884113629, 0.008484534280727277]
('easy', 936);[0.2367377110922606, 0.015134133732970234, 0.013355826142647272, 0.02495197414818187]
('easy', 937);[0.007770283895514051, 0.13773156117326715, 0.009977242016719477, 0.00880488517609182]
('easy', 938);[0.43103672956761374, 0.007894714498226218, 0.004225736160070149, 0.013016183719330256]
('easy', 939);[0.0077070877148991525, 0.004976069826175147, 0.27168417455763333, 0.010534339904678617]
('easy', 940);[0.3261920175466726, 0.003197874777898989, 0.004370976577555066, 0.006769900957937413]
('easy', 941);[0.007606245368019257, 0.004333907971386512, 0.005923749848846644, 0.173117305357355]
('easy', 942);[0.00516744676762316, 0.46515876189521305, 0.007518590682388275, 0.006635132989009052]
('easy', 943);[0.014017945426118448, 0.004550960569884048, 0.007048665618525673, 0.31904689125852315]
('easy', 944);[0.25218404016507595, 0.004618910711931308, 0.002631775992624139, 0.00593079875153107]
('easy', 945);[0.4928437744714768, 0.0025862070827609657, 0.00902674967785267, 0.005828107627939025]
('easy', 946);[0.04669224095411531, 0.011805644515371019, 0.12692267011560288, 0.028320275709360798]
('easy', 947);[0.012818517774827922, 0.2917481198095912, 0.012818517774827922, 0.011312302232011223]
('easy', 948);[0.008875935971717711, 0.004192695277310264, 0.2289134330824472, 0.006493773478438375]
('easy', 949);[0.010547569174042955, 0.0038802338534640536, 0.019705453470142475, 0.18696013706036624]
('easy', 950);[0.005979381339008608, 0.36993120206737534, 0.008172845278903544, 0.06428440762026044]
('easy', 951);[0.36889979438168063, 0.011139810527311236, 0.016208328677711308, 0.012623059066480273]
('easy', 952);[0.4633749419223411, 0.0037660863443949298, 0.0037660863443949298, 0.012348521722428589]
('easy', 953);[0.027104956697241084, 0.2914057468600675, 0.04468851864814727, 0.034803453317478174]
('easy', 954);[0.007517991987275925, 0.3196731537667746, 0.007517991987275925, 0.008002860812644088]
('easy', 955);[0.004348116135666175, 0.004927061072885034, 0.2527099933286724, 0.006734494012899736]
('easy', 956);[0.004785537706413653, 0.001994908913543252, 0.19115763311315562, 0.005772460341220848]
('easy', 957);[0.019155573304834875, 0.3395406611179468, 0.009632027151808152, 0.012367767677148103]
('easy', 958);[0.20960036789832465, 0.0019303528825341367, 0.002808646871270666, 0.007634693752733403]
('easy', 959);[0.01176365670704033, 0.3437844419115743, 0.013329969399991945, 0.013329969399991945]
('easy', 960);[0.005050451538954889, 0.003933295613402249, 0.22860086465245497, 0.010044022213829138]
('easy', 961);[0.01227109964349718, 0.00955674201150284, 0.16939728517954708, 0.01227109964349718]
('easy', 962);[0.009752023327916075, 0.22195497497479919, 0.008606130380818653, 0.10484410639256407]
('easy', 963);[0.2500423219273502, 0.014106422515701794, 0.0037966921137322866, 0.008037597267844462]
('easy', 964);[0.0043882996188323855, 0.003210548585638364, 0.32748485885185247, 0.0043882996188323855]
('easy', 965);[0.4409565067978202, 0.005908820571084515, 0.0033667444758207206, 0.0055508232302977755]
('easy', 966);[0.008834458556779168, 0.007324023386927925, 0.004728744907293434, 0.22784368916368955]
('easy', 967);[0.4043046261997509, 0.0025591330773241986, 0.012208941089061417, 0.006534975248035211]
('easy', 968);[0.009997234087557818, 0.002374551229165768, 0.004167467192938181, 0.15638305269172476]
('easy', 969);[0.003935702669371943, 0.0017464574728127253, 0.003935702669371943, 0.05783474232770444]
('easy', 970);[0.0024949504631642454, 0.0022017860558444483, 0.254491865946719, 0.005281810171966508]
('easy', 971);[0.0033878974326481586, 0.006329425682739927, 0.006737638567409041, 0.20960176713640813]
('easy', 972);[0.00802181470300595, 0.0031413877738558056, 0.0031413877738558056, 0.12548229444229037]
('easy', 973);[0.008976067442383854, 0.18028917702330788, 0.01676950171287262, 0.03550104386884505]
('easy', 974);[0.017999990438571038, 0.5260368599905548, 0.012371200446769884, 0.015884935808591273]
('easy', 975);[0.4497083264749135, 0.01057612487059578, 0.015388170886646898, 0.019758802534788955]
('easy', 976);[0.008099810352172374, 0.3444127001696789, 0.008099810352172374, 0.017147298650108427]
('easy', 977);[0.4043347262637532, 0.0025593234496047567, 0.003498180394655584, 0.007405647953600004]
('easy', 978);[0.4266792252927841, 0.012884596932485821, 0.005045680656224072, 0.011370616883969715]
('easy', 979);[0.0076128528948450095, 0.002800612068675979, 0.004915227253468993, 0.20900075617886527]
('easy', 980);[0.4507941804769864, 0.008256583914890083, 0.02881830952002932, 0.009355935290774138]
('easy', 981);[0.005073981735589475, 0.08448938131561799, 0.004477773165428521, 0.13929942351756705]
('easy', 982);[0.004618300668513219, 0.0018085525274749987, 0.12678929046035323, 0.005570733967281782]
('easy', 983);[0.007921121309759804, 0.40627609041182905, 0.006168975478844528, 0.008975806358708996]
('easy', 984);[0.006867411694751731, 0.00606046954939163, 0.005693284261481796, 0.22741744205811273]
('easy', 985);[0.007660577840804233, 0.004946040794501416, 0.2700447417519162, 0.009240420719622127]
('easy', 986);[0.38147457208790847, 0.002268330315992782, 0.003739844440951243, 0.005792384382323716]
('easy', 987);[0.009245427491437969, 0.015243132961849508, 0.010476441859864443, 0.27019093227006846]
('easy', 988);[0.004292322756267666, 0.0027713318625371265, 0.014981678503492048, 0.12544002840258192]
('easy', 989);[0.003474820792404828, 0.006491819898211752, 0.005381907725600465, 0.27603920622150113]
('easy', 990);[0.566242392859922, 0.0035841525688854138, 0.024878955912747063, 0.006290383657278562]
('easy', 991);[0.014840882328015944, 0.004526213382513334, 0.005811773024499315, 0.29808712550679994]
('easy', 992);[0.17357692682223624, 0.030163147065909335, 0.026618883857868612, 0.023491082554828138]
('easy', 993);[0.011366583681549643, 0.22830393622626777, 0.010030974891936167, 0.011366583681549643]
('easy', 994);[0.5230992680491874, 0.003993912197372228, 0.005811107957915507, 0.005811107957915507]
('easy', 995);[0.00971876201893445, 0.46827623394418283, 0.014140715298267083, 0.012479137451051303]
('easy', 996);[0.008589571395583806, 0.006689564929128408, 0.2510240121749239, 0.012497752635824519]
('easy', 997);[0.005620784968017024, 0.3266768861353745, 0.007217230760670254, 0.007217230760670254]
('easy', 998);[0.008747428110361383, 0.0025061801138082044, 0.006812503862210264, 0.15505187322815128]
('easy', 999);[0.018825332878524854, 0.0037069278333869216, 0.003946004138248764, 0.13910142413828083]
('easy', 1000);[0.3108726563350509, 0.010637474798162738, 0.019873424027147635, 0.019873424027147635]
('easy', 1001);[0.004580709175132318, 0.12575729608725306, 0.004580709175132318, 0.0103227874762674]
('easy', 1002);[0.004722813887633683, 0.3751795327439231, 0.0041678686273202365, 0.0077866037140996176]
('easy', 1003);[0.007103921888784426, 0.002166573766348572, 0.3020663731367994, 0.005889358099081397]
('easy', 1004);[0.29344899117993967, 0.012893250384324003, 0.007820151661444202, 0.009432903489093737]
('easy', 1005);[0.010544667567358505, 0.0060081704723780795, 0.06068037220071209, 0.14556464570101613]
('easy', 1006);[0.30090131814059184, 0.007532916205133391, 0.03593753329681134, 0.02798817907321136]
('easy', 1007);[0.28208057149474397, 0.04325845668917494, 0.014043964698254951, 0.014043964698254951]
('easy', 1008);[0.005449051882042828, 0.0037450749381038053, 0.49050798949264945, 0.007928323706181468]
('easy', 1009);[0.005288576845356093, 0.017340575887965955, 0.005992742671240293, 0.18642876002567968]
('easy', 1010);[0.0030766275236401323, 0.3556097910765978, 0.0073804457551994865, 0.004765173926225539]
('easy', 1011);[0.01231829325888969, 0.005466209498422199, 0.24741953408208262, 0.01231829325888969]
('easy', 1012);[0.005938915076421431, 0.20935397290620494, 0.005241074159654869, 0.005938915076421431]
('easy', 1013);[0.00855572481026946, 0.00518930941349248, 0.1516538509285381, 0.018112469565473917]
('easy', 1014);[0.003927916490854625, 0.3535797744947457, 0.0060836760715403055, 0.008315399276392441]
('easy', 1015);[0.004545291548287519, 0.002016960898086853, 0.2331290101158248, 0.00583626987425715]
('easy', 1016);[0.006508290461501453, 0.2767395194038063, 0.005068661707873487, 0.004761567019358815]
('easy', 1017);[0.009647775316119815, 0.009647775316119815, 0.007513694971091083, 0.2488194048474348]
('easy', 1018);[0.04756417076830193, 0.1465079602053381, 0.022467723379807725, 0.06920546011131333]
('easy', 1019);[0.006427683467185571, 0.27331202319731146, 0.005328736756743592, 0.006038249812704339]
('easy', 1020);[0.006283266900067939, 0.3651799663839131, 0.01818123561818526, 0.008588207593534323]
('easy', 1021);[0.006215118468138731, 0.005152514183027773, 0.014005985674601899, 0.24826200672629548]
('easy', 1022);[0.005539987075795848, 0.0021694901105984003, 0.1723439462961546, 0.008580499837034121]
('easy', 1023);[0.012823261832661685, 0.29185612886016493, 0.009986766356806578, 0.005021661486020157]
('easy', 1024);[0.014357345919719032, 0.009269799236482102, 0.0059850322173170675, 0.2245867038289357]
('easy', 1025);[0.183417102732254, 0.017060448123140396, 0.015055792625376574, 0.015055792625376574]
('easy', 1026);[0.01166607398560283, 0.0042917087784882695, 0.3409326567681396, 0.0279854566616549]
('easy', 1027);[0.006843453767357904, 0.004418465840572037, 0.0050067777321728185, 0.18787799311503875]
('easy', 1028);[0.005678732721622723, 0.0032356443710181175, 0.006434847198886757, 0.2736166001664493]
('easy', 1029);[0.493012332128136, 0.0042653926831895195, 0.0048333231206787635, 0.0066063694232962695]
('easy', 1030);[0.004197308043983713, 0.004756173117085091, 0.27642602892538337, 0.0057370398853109125]
('easy', 1031);[0.0027170491821989743, 0.0019878356463134614, 0.19047989869823148, 0.009483433478165645]
('easy', 1032);[0.1716595782525359, 0.004574573354901167, 0.00665596495692238, 0.08108625289036085]
('easy', 1033);[0.004908231416713408, 0.003168992381568097, 0.25174424633410813, 0.0071414345722773396]
('easy', 1034);[0.00997684239306554, 0.2739009126616226, 0.005684633440616106, 0.004712726648452785]
('easy', 1035);[0.20929283733533305, 0.008115162037725358, 0.009195683309435125, 0.14384472322831732]
('easy', 1036);[0.0032546154228198605, 0.37618232779113586, 0.004448531843839583, 0.00647257564044227]
('easy', 1037);[0.033285507392899545, 0.19154484708146174, 0.09047938989715804, 0.0201886807578851]
('easy', 1038);[0.4866166845920261, 0.0013668058742373778, 0.006125598947843519, 0.006125598947843519]
('easy', 1039);[0.413188805587912, 0.0031547356488788115, 0.006678575421085041, 0.0033581986175821327]
('easy', 1040);[0.009746705033225942, 0.00406303114536125, 0.005553505125650582, 0.2513708358795136]
('easy', 1041);[0.009407797865479826, 0.009407797865479826, 0.008302352476427913, 0.18896071644472132]
('easy', 1042);[0.003870214811150584, 0.004119822221291626, 0.3272780552578298, 0.005631129322952303]
('easy', 1043);[0.01645972644658203, 0.4245018893967911, 0.008810256690829299, 0.014525657606498389]
('easy', 1044);[0.042213237616918114, 0.013704631747516769, 0.022595117869243165, 0.1300259257550116]
('easy', 1045);[0.0024022862277163328, 0.0015510325629830698, 0.3565308031204151, 0.004216143631305138]
('easy', 1046);[0.008401784290830983, 0.45872190659885986, 0.003728269178937722, 0.00952046887215629]
('easy', 1047);[0.0017634676105150208, 0.0012120123822021076, 0.2786013384447053, 0.003974035606419352]
('easy', 1048);[0.003311303183787057, 0.0014693818806684222, 0.002745166758482936, 0.19245104756386672]
('easy', 1049);[0.007638753995824623, 0.003389676538018277, 0.005588631809023905, 0.20971186147456217]
('easy', 1050);[0.009097642790604713, 0.011681604575082443, 0.010308979854728294, 0.2070613461452652]
('easy', 1051);[0.004601199469170447, 0.006694705724588825, 0.3225689091691253, 0.014172692130171511]
('easy', 1052);[0.27713829169858617, 0.006517669465069176, 0.0027169688568056804, 0.005751823114993745]
('easy', 1053);[0.00889005369687581, 0.2292774793925189, 0.005392090133646821, 0.00889005369687581]
('easy', 1054);[0.4358417563744629, 0.007982722125615361, 0.007044727550049073, 0.013161283766590585]
('easy', 1055);[0.005111320111550878, 0.002130715224924478, 0.004801640881012127, 0.1918008721660476]
('easy', 1056);[0.2955080416215106, 0.014712475563735795, 0.003959809078746831, 0.0057614882131038474]
('easy', 1057);[0.37518814238317766, 0.005351771741827008, 0.00828898622511564, 0.006871810940817104]
('easy', 1058);[0.23280421914730928, 0.002144052223225196, 0.003762928839137462, 0.005828138197660267]
('easy', 1059);[0.04986843352174624, 0.19723348063037077, 0.05650833830203261, 0.012608717581206361]
('easy', 1060);[0.04535045126869552, 0.17936453556867915, 0.04535045126869552, 0.04535045126869552]
('easy', 1061);[0.35204464193368384, 0.004717400900383122, 0.015467762065116498, 0.0064479225343710795]
('easy', 1062);[0.007940975847386128, 0.0074598564425208385, 0.24703657653914274, 0.0202779970452682]
('easy', 1063);[0.07046720055434831, 0.06218708622301987, 0.033286348607167233, 0.013875814508106637]
('easy', 1064);[0.46556975390730504, 0.0045642847183145095, 0.006640995079020667, 0.005505578294200881]
('easy', 1065);[0.003368928512777378, 0.007132021717516622, 0.20842820176005705, 0.005554424098484212]
('easy', 1066);[0.0034223502076211392, 0.0019499963685168336, 0.2117333603142225, 0.0046777981117605925]
('easy', 1067);[0.0050361139842266, 0.2749625068948197, 0.005360915430687959, 0.0050361139842266]
('easy', 1068);[0.005766993667036259, 0.09021095901189266, 0.14873272697316484, 0.020128785731467046]
('easy', 1069);[0.008482426711359055, 0.43506554455108803, 0.005829880936847242, 0.008482426711359055]
('easy', 1070);[0.00747798069290402, 0.2987068197148889, 0.006599294799075204, 0.00747798069290402]
('easy', 1071);[0.32864884738323336, 0.0041370789318503345, 0.003221960311753252, 0.004990269751840114]
('easy', 1072);[0.005136314268347431, 0.004000165574289809, 0.0029265836525247434, 0.19273872502794748]
('easy', 1073);[0.006330153087925715, 0.002187642369583707, 0.32467495376083266, 0.008652293414015334]
('easy', 1074);[0.29387394320155813, 0.004191885666163443, 0.016579229423387454, 0.011394726633310029]
('easy', 1075);[0.013989819504336984, 0.007034523016894413, 0.05533082267135804, 0.2809931031970599]
('easy', 1076);[0.008518590720631472, 0.31965772039546997, 0.015914822676839392, 0.01239447636316507]
('easy', 1077);[0.5399439970062475, 0.007235251973611793, 0.004972711110814607, 0.007235251973611793]
('easy', 1078);[0.006021498511760992, 0.00388777164100623, 0.32876260078635994, 0.004991997601329809]
('easy', 1079);[0.0072689300223652414, 0.02238988072849554, 0.24071393164206747, 0.015388324978103586]
('easy', 1080);[0.0988726005697354, 0.03209923372910117, 0.12695493214555512, 0.046704109491665195]
('easy', 1081);[0.030499875636097625, 0.011220277204806083, 0.19888417221555593, 0.01632540700262916]
('easy', 1082);[0.08054843650880099, 0.010240584512075946, 0.009037284112562802, 0.17052104142725666]
('easy', 1083);[0.00306343045032395, 0.4012302569817871, 0.007348787622068625, 0.008327267325863703]
('easy', 1084);[0.3838464955429079, 0.003763099301906321, 0.004005798355236944, 0.00453916420953438]
('easy', 1085);[0.01035092710650518, 0.00913466111036975, 0.005897780485328402, 0.2079039285869339]
('easy', 1086);[0.014178167221101746, 0.22178387707085465, 0.011041967734311365, 0.018205127073943648]
('easy', 1087);[0.008390694212788848, 0.0034977617360479316, 0.025845163850317734, 0.24521208725921748]
('easy', 1088);[0.003775369533460667, 0.00202080968966723, 0.005847406721964092, 0.23357389783414512]
('easy', 1089);[0.007837144226336721, 0.42789365281426317, 0.007837144226336721, 0.011402977564444536]
('easy', 1090);[0.0034976283095715524, 0.0030866461495890896, 0.0030866461495890896, 0.27785103172581116]
('easy', 1091);[0.49460646954231613, 0.02790378758517011, 0.021731491621988626, 0.014935821203928617]
('easy', 1092);[0.008245528224083507, 0.005001165673432508, 0.008245528224083507, 0.2730543937786789]
('easy', 1093);[0.0049034896628777315, 0.0014954798537305091, 0.30336812695976917, 0.005914737559086206]
('easy', 1095);[0.0050741365835862764, 0.40308854801445093, 0.007382825165718163, 0.013792933270281835]
('easy', 1096);[0.0055919718854734075, 0.0023310806941638815, 0.004091174028042565, 0.20983722193320628]
('easy', 1097);[0.006095915757141608, 0.015566466214676493, 0.21488838644201882, 0.03295420137817597]
('easy', 1098);[0.04353858040298775, 0.17219842590086282, 0.03390788051166418, 0.018149576233527906]
('easy', 1099);[0.004024486430371051, 0.002154152355775701, 0.014046837869646346, 0.17112551751394744]
('easy', 1100);[0.2437463427245383, 0.008878458826338746, 0.010709465604568492, 0.025690672450389765]
('easy', 1101);[0.057964544583189746, 0.06568243402716455, 0.03515727346598443, 0.08433791472079505]
('easy', 1102);[0.43205674253347065, 0.0024134497764948834, 0.0045089177884022665, 0.011513924931736436]
('easy', 1103);[0.01818987247974432, 0.3224231275470982, 0.011032715355227998, 0.056028738333485095]
('easy', 1104);[0.37664668672104745, 0.003930661360106705, 0.01137374576951742, 0.02124895455476276]
('easy', 1105);[0.004486707070787295, 0.003494250980141154, 0.003494250980141154, 0.190779684752624]
('easy', 1106);[0.0035854055267135953, 0.0024642107786281525, 0.30319361210380785, 0.008079836080715583]
('easy', 1107);[0.0022437418710282214, 0.002388450788951532, 0.35447744243532014, 0.006099122755768713]
('easy', 1108);[0.3817816539808745, 0.0051158773946839075, 0.003984249321077126, 0.004514745954811098]
('easy', 1109);[0.028599948091824447, 0.013509658888707076, 0.008194022318260144, 0.16458131820321475]
('easy', 1110);[0.5087274127228275, 0.009317669250360292, 0.01196412414175243, 0.0105583024972341]
('easy', 1111);[0.10328651917301572, 0.005827026674524428, 0.055285289799302466, 0.11703895942355985]
('easy', 1112);[0.011088145233030653, 0.36718889700309965, 0.009192395264795612, 0.020715382507030883]
('easy', 1113);[0.0052531188333086705, 0.004635861099303705, 0.006336470840539969, 0.32499887646287634]
('easy', 1114);[0.0035776299130367627, 0.008582288009341547, 0.17237990379562726, 0.011019875937328987]
('easy', 1115);[0.3167827367702655, 0.008986435602403213, 0.012283001137279712, 0.010839710458092408]
('easy', 1116);[0.0025475847641455852, 0.0021120219505094376, 0.2766202205792272, 0.005393236988018401]
('easy', 1117);[0.010402123055686002, 0.3444710884472732, 0.010402123055686002, 0.015134999739825183]
('easy', 1118);[0.02897692445782134, 0.2426207890838922, 0.010660014776410414, 0.010660014776410414]
('easy', 1119);[0.0073545367167185925, 0.005054694235875247, 0.019991708280185115, 0.167388524042535]
('easy', 1120);[0.011080439116669038, 0.00761546700918274, 0.15296072556591697, 0.09277535872793344]
('easy', 1121);[0.004001789124551133, 0.0016681938967878754, 0.4345198902861766, 0.004827079093837481]
('easy', 1122);[0.010530357288093163, 0.3487175824520874, 0.004389706007050817, 0.0077041739703611325]
('easy', 1123);[0.005969282404147591, 0.0017102280426014127, 0.2538203465882916, 0.005607621866078876]
('easy', 1124);[0.10474411697759889, 0.0035841474417177043, 0.15240179093417097, 0.012509903781704265]
('easy', 1125);[0.004638764461330713, 0.002813552868982436, 0.01184550002689106, 0.2099664868774721]
('easy', 1126);[0.46943481725677094, 0.0027913621236170293, 0.004898993094316656, 0.007587708937277021]
('easy', 1127);[0.0066960593900335, 0.3226342093292633, 0.012509885886156159, 0.008597910448453629]
('easy', 1128);[0.36291080046537755, 0.006646944754900254, 0.012418127667617716, 0.026289170210817663]
('easy', 1129);[0.0030700972875261565, 0.0030700972875261565, 0.2763613176917796, 0.004196325455685508]
('easy', 1130);[0.5548156543408167, 0.0035118249973705787, 0.004800095649168674, 0.005790020572141295]
('easy', 1131);[0.004949695392417221, 0.002488863144644647, 0.32597678168690597, 0.007201764300942325]
('easy', 1132);[0.42512985005789594, 0.007786525742708276, 0.01454714524125667, 0.00828871350733423]
('easy', 1133);[0.006864520798857508, 0.003451697825303865, 0.00881421917911468, 0.2273216816351522]
('easy', 1134);[0.6018105289302846, 0.0075756774442599355, 0.005542484018079121, 0.009727362387057788]
('easy', 1135);[0.4141342945507198, 0.00358296326248968, 0.0020415109286084933, 0.00406002927828545]
('easy', 1136);[0.012916923372882047, 0.005731850001239837, 0.003700760507006212, 0.22895797242267069]
('easy', 1137);[0.010772734468777355, 0.010772734468777355, 0.012207107398594739, 0.1685138795043451]
('easy', 1139);[0.4218948104198635, 0.0041361104431655435, 0.021004907022410726, 0.01635863413719275]
('easy', 1140);[0.021912479231738093, 0.44012388445422984, 0.01706545191599224, 0.019337695049958144]
('easy', 1141);[0.007208202622107617, 0.003404913824063718, 0.270485872361748, 0.008167963650633487]
('easy', 1142);[0.0053161435180841985, 0.04181469778806308, 0.30897114771582945, 0.00773494317769071]
('easy', 1143);[0.0044617518332910775, 0.002706189282920089, 0.3773002980933707, 0.00887325305084345]
('easy', 1144);[0.4119116067609838, 0.0019075288352164534, 0.0033478173655326904, 0.00429868258777257]
('easy', 1145);[0.003428815381665089, 0.003025918953853858, 0.3285585545091456, 0.0044026860991878535]
('easy', 1146);[0.004485778654823402, 0.0030830275764895136, 0.23007658063027392, 0.007395798683859952]
('easy', 1147);[0.0070931648399415815, 0.3210611176102053, 0.010986108617307852, 0.009695206826232112]
('easy', 1148);[0.02176912407416117, 0.01496168201769803, 0.2652022225632731, 0.02176912407416117]
('easy', 1149);[0.0073451511884257805, 0.017620101716367673, 0.008323146706706634, 0.3123237759859112]
('easy', 1150);[0.00999393106581089, 0.4249527876814789, 0.007783281340015161, 0.012832461501126394]
('easy', 1151);[0.005222428840039134, 0.005917787161341925, 0.007138213883645748, 0.251630773139783]
('easy', 1152);[0.18151550122654306, 0.006211118896371212, 0.0315426644455205, 0.016883571630404465]
('easy', 1153);[0.43206410783660554, 0.007913529232552117, 0.006983665036239894, 0.008967203408165541]
('easy', 1154);[0.057196432467905976, 0.0185689629248009, 0.15547600449600862, 0.02104139161329339]
('easy', 1155);[0.010430742558744523, 0.3454187540975916, 0.009205097999749359, 0.017197387125799178]
('easy', 1156);[0.004611322840827861, 0.12659778386648782, 0.06776291063971464, 0.010391776436876422]
('easy', 1157);[0.006921956672264886, 0.0025464455524057427, 0.004757386609103292, 0.22922375096613642]
('easy', 1158);[0.005561890093407346, 0.008614423894342327, 0.3232538718146477, 0.007602202404307831]
('easy', 1159);[0.04272864778336835, 0.054864669774543295, 0.0157189948162569, 0.16899510039565674]
('easy', 1160);[0.08586776723169215, 0.05208143350708909, 0.014921584084718508, 0.16042210900433992]
('easy', 1161);[0.0022066966256480596, 0.0016144537396679372, 0.3275027783520485, 0.0038728731893422036]
('easy', 1162);[0.010397213696945504, 0.002047332766521531, 0.004334203500737754, 0.20883366939809225]
('easy', 1163);[0.0038357044324645174, 0.0021855185063625548, 0.0020531046338975803, 0.17361723948393917]
('easy', 1164);[0.03431441467390828, 0.02358392931336477, 0.25355113502747734, 0.030282364663727444]
('easy', 1165);[0.2517159182494685, 0.0026268913295203946, 0.004331011610798015, 0.006708002006540186]
('easy', 1166);[0.43984110028718354, 0.0031547642306167375, 0.004590154870691948, 0.005201326891061739]
('easy', 1167);[0.005132074030271622, 0.0031127602472747207, 0.2802017478859733, 0.006589713495191857]
('easy', 1168);[0.009876970740942716, 0.27115910186723524, 0.007226146160722384, 0.008716396085800623]
('easy', 1169);[0.4314056673404265, 0.0037323905651960314, 0.004502122402392924, 0.01149657230565951]
('easy', 1170);[0.009108055833206246, 0.3417772736632534, 0.019281754350206792, 0.01032077937784394]
('easy', 1171);[0.024194138681785233, 0.04520060178579982, 0.15776562092323002, 0.021351252447377615]
('easy', 1172);[0.0068595210813679605, 0.0068595210813679605, 0.2271561137505573, 0.0128152725301868]
('easy', 1173);[0.0014369454496919378, 0.0009875972017807412, 0.3303060487518525, 0.006049766311703558]
('easy', 1174);[0.3881279165244939, 0.013281008550915071, 0.01705315253862218, 0.011720448909382076]
('easy', 1175);[0.004100812679830262, 0.3257679789887243, 0.004100812679830262, 0.005605146360438594]
('easy', 1176);[0.0050486264206491965, 0.3767629726589213, 0.005374234849927375, 0.01137725526657667]
('easy', 1177);[0.00396978557279629, 0.010790995985411037, 0.11601416778998082, 0.0548012125080709]
('easy', 1178);[0.06465548925815034, 0.0036476131016727874, 0.0041332871435468075, 0.005307245746782774]
('easy', 1179);[0.012871750397245255, 0.006080184362889528, 0.0032544881677390755, 0.22815723497676452]
('easy', 1180);[0.5382893295959381, 0.005979854655481151, 0.008700637184389756, 0.01841924906389397]
('easy', 1181);[0.005855724437635773, 0.0031343434275024847, 0.43699405895209414, 0.005855724437635773]
('easy', 1182);[0.02174185647567447, 0.004557340695106204, 0.20628101542383215, 0.007998382010300828]
('easy', 1183);[0.004582441614767073, 0.04926590197069077, 0.003352585904099077, 0.1339186060895734]
('easy', 1184);[0.48955449012920305, 0.005108958945018929, 0.006983118925951123, 0.006162580822531733]
('easy', 1185);[0.013093673225336635, 0.007008538235154542, 0.20481951027579182, 0.008999141227766278]
('easy', 1186);[0.00674608055010178, 0.002481744342868979, 0.32504428629639787, 0.007181165364996889]
('easy', 1187);[0.0031564314451643957, 0.004592580653545118, 0.2507464673441813, 0.006682165421849795]
('easy', 1188);[0.003203569114996348, 0.3267730114004653, 0.00678195586966712, 0.004961784909074878]
('easy', 1189);[0.004742410916067135, 0.37673642962898307, 0.0039315967397962415, 0.007818913751720365]
('easy', 1190);[0.005307007867067919, 0.27219754389946027, 0.00601362775498149, 0.0082196545796045]
('easy', 1191);[0.009991496203367915, 0.00391272613215875, 0.22740545963370445, 0.01132184846666942]
('easy', 1192);[0.004710630474200651, 0.45138545347155185, 0.008267413950964952, 0.006438668458986962]
('easy', 1193);[0.46758083489815067, 0.0040453675897275014, 0.0040453675897275014, 0.0031505354466914597]
('easy', 1194);[0.34767887543186254, 0.004376630616890719, 0.01730990987768601, 0.005619704951541433]
('easy', 1195);[0.0018215659446069237, 0.21054439642648204, 0.003622616447354851, 0.008163692184844883]
('easy', 1196);[0.008048216815861675, 0.1340148098237388, 0.01246532205438329, 0.11826765456991312]
('easy', 1197);[0.004501214406344668, 0.45913643378693875, 0.00542950097606244, 0.008951733748521254]
('easy', 1198);[0.02826203147504125, 0.236635064137647, 0.015127575340179243, 0.022010492243950817]
('easy', 1199);[0.031124434691998246, 0.003492065624218941, 0.008917301964869421, 0.20295680884904804]
('easy', 1200);[0.4021119968361517, 0.004755161732281598, 0.005735819922367135, 0.009456768310912252]
('easy', 1201);[0.01808595705072044, 0.24966896559555182, 0.004867769303474246, 0.008025594791499138]
('easy', 1202);[0.07222556869303388, 0.13493512673400385, 0.04380702182750596, 0.014222057723920893]
('easy', 1203);[0.005539559141510133, 0.0038072796071884365, 0.015058082952041182, 0.2078703984313207]
('easy', 1204);[0.009507453339588471, 0.025843937647925606, 0.022807194924883763, 0.14872159274727795]
('easy', 1205);[0.017275936745967477, 0.006355461955819702, 0.34699646539378437, 0.008160574686064482]
('easy', 1206);[0.006128915081601091, 0.003081812041731375, 0.003957124991037428, 0.2774158461335145]
('easy', 1207);[0.003715461011535656, 0.0021170058703303984, 0.277273051208856, 0.004770746373524128]
('easy', 1208);[0.004992542735810984, 0.002510408141935196, 0.004992542735810984, 0.35000426715249017]
('easy', 1209);[0.005207734674943983, 0.00459580972012046, 0.2509227086229195, 0.006686863685994148]
('easy', 1210);[0.004072279197721585, 0.00461449687335443, 0.17315771769346938, 0.006714053333513229]
('easy', 1211);[0.34603407597387176, 0.011840637774569673, 0.009221497970899719, 0.008137943396509133]
('easy', 1212);[0.004625341987543445, 0.004081849977401566, 0.20935896435338233, 0.008117727995272127]
('easy', 1213);[0.010756416824930585, 0.015650494132328774, 0.006524096592969217, 0.16825868884327483]
('easy', 1214);[0.007652385233434808, 0.0040960266516259424, 0.004360197674235689, 0.2534121653581309]
('easy', 1215);[0.003525322775405798, 0.46172627538769667, 0.005460126727013473, 0.007010941495821349]
('easy', 1216);[0.008911040819315482, 0.2950931441539881, 0.008911040819315482, 0.01296548788741637]
('easy', 1217);[0.011437388079588088, 0.004207579935179781, 0.005075310194670622, 0.22972613534836525]
('easy', 1218);[0.008343519563659441, 0.05440656893002043, 0.2151821543490977, 0.008343519563659441]
('easy', 1219);[0.03930856416311772, 0.3729492284271953, 0.014460812617579531, 0.03468968611899922]
('easy', 1220);[0.007749196853097202, 0.39745795166809905, 0.007279696750112591, 0.009347315652923717]
('easy', 1221);[0.01334235071606629, 0.0033734745621353704, 0.20870943096094752, 0.006302480213209842]
('easy', 1222);[0.31404425484083404, 0.003713719868149048, 0.02274929223059937, 0.017717166603511015]
('easy', 1223);[0.3019852194888052, 0.003801432898037732, 0.004046604255909226, 0.0031514985632821843]
('easy', 1224);[0.028079184941883925, 0.43923240601450986, 0.008044821177774164, 0.01502970464364171]
('easy', 1225);[0.34906078997024126, 0.006393270617173931, 0.010540721255876797, 0.008209121968214252]
('easy', 1226);[0.0041044983461370555, 0.32606072892911525, 0.004950970063808904, 0.004950970063808904]
('easy', 1227);[0.006876114640715563, 0.0060681498722480725, 0.00645951191489119, 0.2746653703281357]
('easy', 1228);[0.004298123036549739, 0.0031445739886753867, 0.007086406874445779, 0.3013217596348148]
('easy', 1229);[0.37544721718301205, 0.010005331820830597, 0.005030996787591118, 0.006876557291203026]
('easy', 1230);[0.01272168683749588, 0.005303188068796028, 0.0030216654779179294, 0.1549818730677544]
('easy', 1231);[0.011927651125443342, 0.3949894636518234, 0.010526115173313413, 0.013515799421516914]
('easy', 1232);[0.005448895985648095, 0.0021338183271564165, 0.140528896395642, 0.008983710713370554]
('easy', 1233);[0.004483201917111535, 0.002399685062492196, 0.22994436435937057, 0.010103051478311791]
('easy', 1234);[0.017369838429724963, 0.3488826143101321, 0.04721612742399163, 0.022303319345051413]
('easy', 1235);[0.27115897256853055, 0.00927855091070918, 0.008188292439174327, 0.0072261427150282056]
('easy', 1236);[0.06921288544999203, 0.2131906959252991, 0.005337123368549445, 0.010614137222817541]
('easy', 1237);[0.006350805752408272, 0.005265002892654044, 0.0033993413592806727, 0.2103098278637466]
('easy', 1238);[0.009891242033123927, 0.004973628839608202, 0.0067981446032926935, 0.15472509489089945]
('easy', 1239);[0.29585297717420467, 0.09604939901491907, 0.0018726651538871519, 0.005090431658599906]
('easy', 1240);[0.03000919827512774, 0.4694227857978778, 0.012509695001902561, 0.01820149882726045]
('easy', 1241);[0.006413890649795482, 0.3727717013966408, 0.004408198278942097, 0.0056602386319608115]
('easy', 1242);[0.05267868376922357, 0.028196867526814755, 0.011754203145835347, 0.0464887752585732]
('easy', 1243);[0.02650695925295284, 0.005914503473286617, 0.1346134464879524, 0.018217953251401655]
('easy', 1244);[0.005458845910336157, 0.0020081971829354786, 0.003110356642562182, 0.19243099734177127]
('easy', 1245);[0.003963184701741503, 0.3797631393412358, 0.0044908766139964956, 0.0069556057671852365]
('easy', 1246);[0.002675639616518446, 0.19967446022570967, 0.0038930326706466756, 0.003657165744765119]
('easy', 1247);[0.006463976573169231, 0.3529211206811447, 0.004729146286075565, 0.005034150016939414]
('easy', 1248);[0.2538461880163437, 0.005969888712952522, 0.006764770160063257, 0.007201060351240218]
('easy', 1249);[0.005849043660137736, 0.004555239782734105, 0.008510308309227428, 0.17093407101883512]
('easy', 1250);[0.014977107155618117, 0.004031033705460349, 0.024693075141022685, 0.18245853922287802]
('easy', 1251);[0.0064654469804187945, 0.005360043808818726, 0.3757681262085968, 0.010013880177485196]
('easy', 1252);[0.009616740317339344, 0.012348138993149455, 0.006209034214929847, 0.3184626260506547]
('easy', 1253);[0.0036506042141108467, 0.002357007231412121, 0.25592711374479726, 0.005654166415136328]
('easy', 1254);[0.4280253780611857, 0.024147540879162446, 0.0025451320837396414, 0.004754932726577634]
('easy', 1255);[0.04780957952463598, 0.017588161398164714, 0.03285901143078669, 0.10121288064789935]
('easy', 1256);[0.005031668542973744, 0.4254943406225125, 0.008830853308626709, 0.011339040099317731]
('easy', 1257);[0.007153117491198552, 0.0038287878867031126, 0.006312604029806414, 0.20904468564315895]
('easy', 1258);[0.015136428759476218, 0.011788262570784611, 0.1843994519489374, 0.01040310520557134]
('easy', 1259);[0.008386110325325697, 0.3795842466997033, 0.006952329647968313, 0.010115579949389478]
('easy', 1260);[0.4652311591296199, 0.004284631869364555, 0.006636167657765227, 0.00852100794197171]
('easy', 1261);[0.009412823513464189, 0.0030558963784548393, 0.0032529847618923305, 0.18906165930694083]
('easy', 1262);[0.04251731695815219, 0.14840000012439977, 0.010750058671387473, 0.0794328055279323]
('easy', 1263);[0.012987224952466271, 0.004488264845209281, 0.20315435491068534, 0.014716453864518041]
('easy', 1264);[0.0048854489082057395, 0.007108286217995217, 0.0035742707756636267, 0.30225202115529076]
('easy', 1265);[0.006385696414559919, 0.2890386553592308, 0.020937887471738584, 0.018477620840474107]
('easy', 1266);[0.0035795939968307528, 0.0038104579748019698, 0.30270220622381594, 0.005544183639100325]
('easy', 1267);[0.009841063429856777, 0.008684707994987141, 0.15394015093329075, 0.009841063429856777]
('easy', 1268);[0.3247353767489495, 0.005248859756093187, 0.012591359990390114, 0.007637045881650573]
('easy', 1269);[0.004707617033180735, 0.001731835523415692, 0.3513145030078802, 0.008262125197269474]
('easy', 1270);[0.005441916401028674, 0.4601861857499083, 0.004511507155156259, 0.006987558974410697]
('easy', 1271);[0.020048542375230197, 0.31361196819027354, 0.017692776547476658, 0.017692776547476658]
('easy', 1272);[0.21892824328731306, 0.026147249933222334, 0.005480760021974011, 0.026147249933222334]
('easy', 1273);[0.5489124497967758, 0.004190998272103621, 0.011392314446162531, 0.00782981557946302]
('easy', 1274);[0.006880037188328141, 0.37563732503168035, 0.00779610349699627, 0.008834142617570198]
('easy', 1275);[0.007769539194023981, 0.0023695755750025257, 0.005684316304061439, 0.15605532915122816]
('easy', 1276);[0.32752023031099115, 0.003638421972196417, 0.003417981128708883, 0.004973133197598454]
('easy', 1277);[0.3946051195714575, 0.0076935754787784165, 0.015300501829706157, 0.013502645472705618]
('easy', 1278);[0.0037184669789583134, 0.0024008227255352104, 0.27749741008786705, 0.005410337529925625]
('easy', 1279);[0.004863177947392188, 0.0029496665287317143, 0.300874093865873, 0.008018024925065289]
('easy', 1280);[0.008935430064210582, 0.0030880020004894586, 0.23044775119078278, 0.010125168754747033]
('easy', 1281);[0.1402653111455245, 0.3364789895076065, 0.013046706270175746, 0.021510382140215483]
('easy', 1282);[0.011982759560793798, 0.008235622176463595, 0.009332182529302572, 0.1874419414558697]
('easy', 1283);[0.006280523076197447, 0.322129381067368, 0.007575756916695872, 0.008584457230964238]
('easy', 1284);[0.056462078736579276, 0.02077123797299076, 0.15347984262666728, 0.030221972921693128]
('easy', 1285);[0.4635449422639748, 0.0037674693719094796, 0.0031233418111657825, 0.007492507505420044]
('easy', 1286);[0.004453489786892651, 0.005046465062766317, 0.006897699916597006, 0.22842042298370616]
('easy', 1287);[0.007151934016452365, 0.0038281544183198526, 0.0038281544183198526, 0.25211442460806127]
('easy', 1288);[0.011214340004135707, 0.420814978990303, 0.020951145377996985, 0.011214340004135707]
('easy', 1289);[0.38410468071776027, 0.01912344827900423, 0.021669705834657105, 0.021669705834657105]
('easy', 1290);[0.4373441910132411, 0.0020253050450123647, 0.003554521051014138, 0.005171797612305237]
('easy', 1291);[0.004387044295824592, 0.42037866902870835, 0.023716143049928095, 0.014384564460364246]
('easy', 1292);[0.02460856090077706, 0.010258374398479498, 0.01916516649978553, 0.26456699427345876]
('easy', 1293);[0.07142776615451313, 0.014064961089578614, 0.00908102140175207, 0.1713462831052509]
('easy', 1294);[0.3531501900338541, 0.002870232955229693, 0.002870232955229693, 0.006076283213903506]
('easy', 1295);[0.012708372493760018, 0.01849056846369534, 0.0063901709944798515, 0.289241155806965]
('easy', 1296);[0.007639610017595911, 0.25298907820353816, 0.005589258087930498, 0.008656812273472637]
('easy', 1297);[0.007380329620177472, 0.0034862208607756347, 0.00836300909222738, 0.22959537947709627]
('easy', 1298);[0.010554149776567868, 0.004985427347069715, 0.18707682563368072, 0.015356197313500856]
('easy', 1299);[0.0016518963681830402, 0.0010665444559289665, 0.2778062869340718, 0.004490319880129451]
('easy', 1300);[0.18486189733640193, 0.007630162668270763, 0.01948429830758224, 0.01181782712412482]
('easy', 1301);[0.480970792424732, 0.027134512087989917, 0.007774167873669924, 0.007774167873669924]
('easy', 1302);[0.5978164386607321, 0.015931268463143237, 0.00355474648354878, 0.007525398364726614]
('easy', 1303);[0.005429713277213873, 0.40520217913237305, 0.005779899697106899, 0.0065494844006581]
('easy', 1304);[0.0044475922402832805, 0.5472266452687056, 0.00503978226694902, 0.006079137820889352]
('easy', 1305);[0.026566368196200608, 0.026566368196200608, 0.023444737646068938, 0.19630038494657334]
('easy', 1306);[0.004599323961952884, 0.0015894838293566095, 0.0029695467385993744, 0.09237989125950645]
('easy', 1307);[0.20596008732972296, 0.09728865645417957, 0.010254148948936144, 0.07576848183047993]
('easy', 1308);[0.008775783215634518, 0.006031501717099367, 0.007275379820599843, 0.2730066136489567]
('easy', 1309);[0.41052213600239307, 0.002766076064593498, 0.00333652462131202, 0.0045604884440698015]
('easy', 1310);[0.06134972215956375, 0.009408282364615892, 0.24264285807093533, 0.0421650062970731]
('easy', 1311);[0.0036065682952493706, 0.00132678232900298, 0.0023285755052893107, 0.12713591480129044]
('easy', 1312);[0.027110650603769625, 0.2003221420700207, 0.012806164568268767, 0.016443440795943093]
('easy', 1313);[0.007757482009352921, 0.0039007069198441153, 0.27346073225736184, 0.006845953845109676]
('easy', 1314);[0.0016166029989899298, 0.03916670538378178, 0.004979487795500201, 0.0023521434843763846]
('easy', 1315);[0.0023668044179341765, 0.0036657783934375765, 0.006043846810933475, 0.06497749225081084]
('easy', 1316);[0.02230292053418901, 0.006802006454859701, 0.006802006454859701, 0.18674006731861315]
('easy', 1317);[0.006521449727180255, 0.1681903851670072, 0.010752052881003634, 0.01218367208940198]
('easy', 1318);[0.0071628758250131775, 0.002805022476262379, 0.004344503799584916, 0.25250004644627244]
('easy', 1319);[0.028026561207260457, 0.005184392526706787, 0.0029539778183808804, 0.11084719985434466]
('easy', 1320);[0.01579596553939945, 0.317270373435847, 0.012301910331453218, 0.010856397763380899]
('easy', 1321);[0.012878755451349219, 0.003689825214400874, 0.22828145695828517, 0.008851430545883106]
('easy', 1322);[0.005827207282607952, 0.015839991666977405, 0.24777912915756, 0.009607440595614422]
('easy', 1323);[0.005789283459578092, 0.002568978962484666, 0.005789283459578092, 0.19171471542673396]
('easy', 1324);[0.008253383716831838, 0.005328785034816435, 0.27331453197139816, 0.013607529289190736]
('easy', 1325);[0.03217297895305183, 0.3052486889867969, 0.013411692985443327, 0.02505634120237659]
('easy', 1326);[0.006326109653902563, 0.0036045086281581637, 0.006734108673086056, 0.20949193038245564]
('easy', 1327);[0.00431319070141764, 0.002616082401597237, 0.1722898187243714, 0.00971992528952919]
('easy', 1328);[0.007845257803552039, 0.0041992638990290205, 0.005391961577732528, 0.2292720403879527]
('easy', 1329);[0.2992885538603725, 0.005481661729503014, 0.004544457189773132, 0.010241092366154931]
('easy', 1330);[0.013004731376780482, 0.03119673624231806, 0.014736291242148421, 0.26120707452107367]
('easy', 1331);[0.014423590681969932, 0.1991114801268382, 0.026946808558626825, 0.020986195606733805]
('easy', 1332);[0.043201181853933644, 0.007052397388939281, 0.2817070926539888, 0.010922966753997407]
('easy', 1333);[0.02638917507943953, 0.012465363661953943, 0.22095385773638984, 0.016005843770204642]
('easy', 1334);[0.019511809299457415, 0.017219107165236922, 0.05303859665907331, 0.025053659066067557]
('easy', 1335);[0.0062520415449806, 0.4383018721449992, 0.005183124488862495, 0.005873249496607321]
('easy', 1336);[0.015167192570419702, 0.0012449989812713094, 0.0018114628289581619, 0.20937663503272447]
('easy', 1337);[0.4641394664923927, 0.007502117096286939, 0.004015593913875287, 0.007985962079150389]
('easy', 1338);[0.44822854668531037, 0.006805990577106869, 0.032469565082362574, 0.010541324418041528]
('easy', 1339);[0.41448854265348994, 0.002792801332735553, 0.002972921543555409, 0.0038173068237436973]
('easy', 1340);[0.3802064680618031, 0.005773129243204556, 0.002902911687190731, 0.00509476867534857]
('easy', 1341);[0.00583652591130456, 0.004838649929485878, 0.24817539687007237, 0.010904065939243163]
('easy', 1342);[0.02652941019316293, 0.22212800548810843, 0.01420016999775865, 0.07211441364781096]
('easy', 1343);[0.02694989897795464, 0.25569352231938225, 0.005306749754332846, 0.1207810676962143]
('easy', 1344);[0.007330843659948244, 0.004176988808226089, 0.008842685376405585, 0.22805580726554434]
('easy', 1345);[0.01029778795913266, 0.008019925326475798, 0.009087765977407514, 0.20683660028031642]
('easy', 1346);[0.0026228135290106594, 0.003584961044075709, 0.30315606133794176, 0.004603181098428633]
('easy', 1347);[0.026562758109527386, 0.011073002353759463, 0.007610355801766078, 0.22240722413998523]
('easy', 1348);[0.007444437982047146, 0.43266645283012395, 0.008979706283883752, 0.011530171102897365]
('easy', 1349);[0.006755879544001737, 0.0028162695914172842, 0.004942707061672582, 0.25351247936723226]
('easy', 1350);[0.008917170150714897, 0.0037172295588439215, 0.006523941048239501, 0.22997679445563782]
('easy', 1351);[0.1252533369796381, 0.01920822133972906, 0.04066380489530635, 0.11053568192291521]
('easy', 1352);[0.008659826157522763, 0.003185772007471313, 0.11954521262996734, 0.13546247276319232]
('easy', 1353);[0.00665302348389521, 0.3205605850343161, 0.009680092050320804, 0.009680092050320804]
('easy', 1354);[0.0053903368951670055, 0.13901865393917012, 0.006108051914267532, 0.008887163095301529]
('easy', 1355);[0.46218930104799205, 0.002925526051762482, 0.003998720005441336, 0.004256615288556294]
('easy', 1356);[0.0032394328035144694, 0.0017339434300004323, 0.06506574718517522, 0.004159514055364605]
('easy', 1357);[0.3257144305191398, 0.004646067378315854, 0.003851725141651917, 0.006350421169931979]
('easy', 1358);[0.006570116385236647, 0.0018823698603000322, 0.0025728945443801027, 0.23160464124270283]
('easy', 1359);[0.4751295643384356, 0.014347668774419162, 0.01625803867684828, 0.008702301007086804]
('easy', 1360);[0.007575742467100055, 0.2508741656272063, 0.004594920076383209, 0.009727445878037167]
('easy', 1361);[0.006806990218066937, 0.0041286482676215815, 0.004678371397712428, 0.3279790777512651]
('easy', 1362);[0.3466704126924469, 0.004363935425772411, 0.005603404003475816, 0.025112720466404538]
('easy', 1363);[0.00895412870815658, 0.0035064871841023744, 0.29652001906690695, 0.01014635709420889]
('easy', 1364);[0.004611127147323331, 0.08173420385124201, 0.002318620339713234, 0.004611127147323331]
('easy', 1365);[0.014299401254392866, 0.41788976016012397, 0.014299401254392866, 0.014299401254392866]
('easy', 1366);[0.0027465873882504244, 0.14087304181820443, 0.0029237270557262523, 0.004820410986497331]
('easy', 1367);[0.0046722005575885826, 0.003418254949505021, 0.005294296834249465, 0.21147994518510255]
('easy', 1368);[0.019482621383592014, 0.0059418638113171805, 0.26894926016760096, 0.013390196799686527]
('easy', 1369);[0.002443600522414866, 0.003340005907108749, 0.1420206481266836, 0.005506738783314271]
('easy', 1370);[0.003701180519948175, 0.003068386422679111, 0.35465724931830184, 0.006495774107785783]
('easy', 1371);[0.32879411230751593, 0.0028446257660535287, 0.002215396774147583, 0.0049924736980215025]
('easy', 1372);[0.00522949596112021, 0.20889148338812352, 0.00522949596112021, 0.008099601791167808]
('easy', 1373);[0.006683873499476699, 0.2213394653841753, 0.00858226345525372, 0.029955042810126953]
('easy', 1374);[0.00407482571180081, 0.3040912608314494, 0.005232179782524958, 0.004337629391267984]
('easy', 1375);[0.006351096475878413, 0.3467580355914152, 0.006351096475878413, 0.009240790845815005]
('easy', 1376);[0.007703957228861066, 0.2890888622464184, 0.014392886949050434, 0.011209191626578682]
('easy', 1377);[0.2472311051983674, 0.005462045911019064, 0.005462045911019064, 0.017909359056917103]
('easy', 1378);[0.009826747391764692, 0.36874606335120325, 0.016201567446599452, 0.012617793414395834]
('easy', 1379);[0.04487895824318791, 0.003054050708059191, 0.1076590241485645, 0.0057057178891246]
('easy', 1380);[0.006487487587104924, 0.007351286523618182, 0.4272526709862308, 0.012901909647925574]
('easy', 1381);[0.32651531298932446, 0.003627257481681509, 0.005980336564354484, 0.00721366286564272]
('easy', 1382);[0.008854157532245572, 0.00418240787093273, 0.228351759658638, 0.008854157532245572]
('easy', 1383);[0.03133177978751714, 0.2623377802814588, 0.010171939614745908, 0.014800084809470072]
('easy', 1384);[0.008159664180795697, 0.012637935109896038, 0.011152938589548361, 0.13587057461719643]
('easy', 1385);[0.006428180009611252, 0.030667131671513224, 0.19997484240814206, 0.012783962446333754]
('easy', 1386);[0.003953931751268127, 0.22980025243635904, 0.004769352082525688, 0.004480391647481286]
('easy', 1387);[0.024767478696186566, 0.031802072153175716, 0.010324618730055541, 0.16150424864446208]
('easy', 1388);[0.006791441023775849, 0.004119217204550208, 0.008720382890464005, 0.327229953810383]
('easy', 1389);[0.005646046156130923, 0.005303969512317202, 0.008744767354102357, 0.15500469171697592]
('easy', 1390);[0.4250201685883869, 0.007312877258363019, 0.006062588184862197, 0.012834499288069076]
('easy', 1391);[0.042419082235830144, 0.19010911456731766, 0.025728473932902503, 0.02915418043683864]
('easy', 1392);[0.0076929518450018445, 0.008717256482681427, 0.0026586130176526122, 0.15451706833108925]
('easy', 1393);[0.3222833283068884, 0.006283524569532582, 0.011027929057882614, 0.007120166145773241]
('easy', 1394);[0.03728639094175161, 0.3121951290575232, 0.009427476014730237, 0.010682729862416177]
('easy', 1395);[0.00887024525093869, 0.005380075703864698, 0.004460239416518747, 0.22876658562836552]
('easy', 1396);[0.27350269046566433, 0.005676366570614648, 0.010604848898454224, 0.008259064626470075]
('easy', 1397);[0.006569430321297048, 0.020235269963452162, 0.217549654200889, 0.0906881882305437]
('easy', 1398);[0.03855233017790258, 0.002972836488804509, 0.22185336885499554, 0.007131464005997032]
('easy', 1399);[0.29234463366258395, 0.009397405090894345, 0.0053544800178305365, 0.01868896716530744]
('easy', 1400);[0.01659856195458943, 0.10823619435794798, 0.024150759380945512, 0.17845131589758204]
('easy', 1401);[0.008848843640403928, 0.010027053482553935, 0.006891486356423, 0.22821465815480052]
('easy', 1402);[0.004776833253364839, 0.4039446113943693, 0.006529156929359724, 0.009499867276913336]
('easy', 1403);[0.0026681914162954273, 0.0056485612726232155, 0.25567346657959067, 0.00530633224560456]
('easy', 1404);[0.0029870843861359085, 0.0033848100513299752, 0.20941080756812294, 0.007165642934896305]
('easy', 1405);[0.04764270959890347, 0.1295063117612506, 0.037104179543269555, 0.06931973343555271]
('easy', 1406);[0.025200540282964524, 0.01732006528564639, 0.12797890352023053, 0.03666656975545352]
('easy', 1407);[0.007104470671036153, 0.006674032552746582, 0.32157289687396057, 0.011003619431058364]
('easy', 1408);[0.011010048803564662, 0.22114279449464078, 0.012476019769949559, 0.02641174035729213]
('easy', 1409);[0.009061871965013877, 0.34004423679489526, 0.01918398310047631, 0.013184945909464561]
('easy', 1410);[0.007062456099498901, 0.0029440697135279126, 0.0055002463406971635, 0.30030331072757854]
('easy', 1411);[0.015836434557933994, 0.013975604445360397, 0.2477235752096935, 0.012333427634778052]
('easy', 1412);[0.0183407082960795, 0.011124204554634795, 0.008663539218196067, 0.2234355680520126]
('easy', 1413);[0.00627919353161674, 0.3025484153121367, 0.004315622393733807, 0.005541368842381]
('easy', 1414);[0.011830405898314134, 0.1850587065685721, 0.009213529377659613, 0.01519054186316792]
('easy', 1415);[0.005650684105220229, 0.00250747587180939, 0.003883654603352421, 0.21204030615639222]
('easy', 1416);[0.003936549147251375, 0.4015389772631503, 0.0050546291591112204, 0.009443290492828571]
('easy', 1417);[0.002149791261750511, 0.43609964022621633, 0.00377300116542779, 0.007048894174697533]
('easy', 1418);[0.2634718101897579, 0.009015509572861954, 0.01311748902692235, 0.02776972448791119]
('easy', 1419);[0.004245452325774531, 0.460977100874509, 0.006177096685172818, 0.008443090115593096]
('easy', 1420);[0.048306586150651545, 0.015682856122551537, 0.11588147605269115, 0.015682856122551537]
('easy', 1421);[0.008995211415630748, 0.2978804204723656, 0.004249037007578119, 0.0115500800861496]
('easy', 1422);[0.019733210856795833, 0.39635213527722046, 0.008756559236965913, 0.008756559236965913]
('easy', 1423);[0.0065258171650275035, 0.3792767620219732, 0.0050823115183042345, 0.0101073833485413]
('easy', 1424);[0.0016494728638210723, 0.002894915031178813, 0.2773987161196221, 0.004772907988774034]
('easy', 1425);[0.00445057080846857, 0.27534713148145307, 0.003927614953206931, 0.00445057080846857]
('easy', 1426);[0.005757124420064894, 0.004212002203509848, 0.002554708475205894, 0.22996747341864002]
('easy', 1427);[0.37169287030632886, 0.005643857785476442, 0.014412095743799019, 0.007714238955778321]
('easy', 1428);[0.35289230289666346, 0.003920278436584064, 0.0034596335775546167, 0.008299229515374774]
('easy', 1429);[0.0060187599390767, 0.5417914391156116, 0.0072600103025174945, 0.009322037753847321]
('easy', 1430);[0.022370324904310367, 0.01056699073937834, 0.240503658023053, 0.01056699073937834]
('easy', 1431);[0.010777682381723667, 0.010777682381723667, 0.015681435334889783, 0.31497004842750853]
('easy', 1432);[0.003422764736275625, 0.3081074994053928, 0.028658458262812762, 0.0779017663274559]
('easy', 1433);[0.025679869986438314, 0.003938135610352321, 0.009447096219966221, 0.16745380717720654]
('easy', 1434);[0.005391393397303242, 0.002392416317642208, 0.2765257613302811, 0.004469622113929939]
('easy', 1435);[0.008447000246439249, 0.406999288598067, 0.0065785304065312375, 0.012290312837846939]
('easy', 1436);[0.004260050947604829, 0.12449690813294285, 0.006198337554601159, 0.016848828341327605]
('easy', 1437);[0.0033292522388595662, 0.0231095854837307, 0.15069342688521437, 0.010916197832847732]
('easy', 1438);[0.0053997807771223, 0.37855390308901665, 0.00476528981044627, 0.007856634671533346]
('easy', 1439);[0.0030962485397890748, 0.2787154113452421, 0.003975661821471478, 0.00543408541886334]
('easy', 1440);[0.003499615222495057, 0.16862092450159538, 0.006142015993809101, 0.0047834068656156204]
('easy', 1441);[0.004565111833058703, 0.0027688802917670446, 0.09169272228138152, 0.005861719623669341]
('easy', 1442);[0.004639467910076548, 0.0029954656195504154, 0.20999840249642346, 0.007649189428073876]
('easy', 1443);[0.01198784594427466, 0.006027867492632172, 0.00933614380874047, 0.18752146119064667]
('easy', 1444);[0.003797740482292402, 0.0023034460401421854, 0.301691894574436, 0.005525679796683432]
('easy', 1445);[0.004332519459923344, 0.0033741695480604007, 0.005226016028764588, 0.25180355357841055]
('easy', 1446);[0.46075552968966743, 0.005118532194475066, 0.009562677080314724, 0.012278720422701428]
('easy', 1447);[0.243485058581964, 0.01763799848514796, 0.015565479030934857, 0.01763799848514796]
('easy', 1448);[0.008051732906662765, 0.0026140149546584838, 0.3021390482775697, 0.00627069589279076]
('easy', 1449);[0.008038390660383114, 0.0026096833614836926, 0.30163831226341226, 0.006260304940940237]
('easy', 1450);[0.5186777757841553, 0.006529191176240532, 0.010764816372735355, 0.007398542881134531]
('easy', 1451);[0.005622610480004907, 0.2709126089570383, 0.009270117495245547, 0.015283839896300729]
('easy', 1452);[0.34900524331980326, 0.0023515782712317445, 0.00873717322317425, 0.004978291239263608]
('easy', 1453);[0.3733927928074567, 0.00878135471207287, 0.012776795714783112, 0.00878135471207287]
('easy', 1454);[0.43542991096201883, 0.004010171079829206, 0.004268804893790838, 0.007491985908502523]
('easy', 1455);[0.43222620203794, 0.003980665938928004, 0.018990695081172054, 0.007916499506636098]
('easy', 1456);[0.008098346676316476, 0.006713765203785825, 0.26818044227399196, 0.01714420004829718]
('easy', 1457);[0.2767558169048969, 0.0032727659079176408, 0.003947709237403978, 0.005068958998519689]
('easy', 1458);[0.009371669978922928, 0.2738803756172068, 0.007298663918271953, 0.006441048300880945]
('easy', 1459);[0.038437807931210564, 0.006679489461797255, 0.007568853150911728, 0.22119433874915698]
('easy', 1460);[0.004250356202594835, 0.4072807908611789, 0.004250356202594835, 0.007007652679270328]
('easy', 1461);[0.37887719652309637, 0.0030793310174507134, 0.005752947724947948, 0.0061239809756511955]
('easy', 1462);[0.007114257625465121, 0.0017987660224734366, 0.003156932684523958, 0.3025059679234937]
('easy', 1463);[0.004138704766715878, 0.29014560425181923, 0.004689766904104398, 0.021018077076557864]
('easy', 1464);[0.5951016776709901, 0.004543657649642733, 0.007974367517638763, 0.013995450848144847]
('easy', 1465);[0.002329369541838983, 0.002809756003446072, 0.25292614493348664, 0.005249315294809042]
('easy', 1466);[0.38189351590818, 0.0018825772135994572, 0.005117375430398467, 0.006172733041790341]
('easy', 1467);[0.3501508316761376, 0.005316759542921916, 0.00565966107283903, 0.009331203595743215]
('easy', 1468);[0.00568427564680835, 0.003906741709743998, 0.015451463198671423, 0.2738837384936073]
('easy', 1469);[0.05360391589546509, 0.011960650338338088, 0.12858910950152141, 0.017402643555532206]
('easy', 1470);[0.028095310165580558, 0.03183615725256029, 0.03183615725256029, 0.04087843508195519]
('easy', 1471);[0.006550711869415508, 0.2309204982067109, 0.003973207591743967, 0.005780982934483331]
('easy', 1472);[0.1979647413831863, 0.014340514348100977, 0.01624993164973325, 0.023643516675547444]
('easy', 1473);[0.0038110866975771098, 0.0031595018442014057, 0.322277911249924, 0.0059027265479289276]
('easy', 1474);[0.007655695539279218, 0.0036162945107240875, 0.325528496599225, 0.009830107654857482]
('easy', 1475);[0.0131903601899346, 0.007060291037944413, 0.01164045201159244, 0.2063318996776331]
('easy', 1476);[0.0035023129562255935, 0.0022612631992763687, 0.19121983104220874, 0.0032901185411392036]
('easy', 1477);[0.01577349068293833, 0.3168189539841806, 0.010840951035492803, 0.013920056670640049]
('easy', 1478);[0.004412019254783676, 0.006419450136840443, 0.30930646601033795, 0.011993111767089885]
('easy', 1479);[0.004104856525215278, 0.0023388767460523225, 0.004369597025744482, 0.3260891437481547]
('easy', 1480);[0.006346609915035847, 0.0023347873088765225, 0.00494274477167866, 0.25351441352133414]
('easy', 1481);[0.007631083225103635, 0.3244819155639352, 0.006734407309519222, 0.009798504817892528]
('easy', 1482);[0.17504680422833063, 0.005285954833999466, 0.0046648387682065974, 0.07297035565014559]
('easy', 1483);[0.003449009475780432, 0.35180857285695993, 0.00827374362010809, 0.005686455285565497]
('easy', 1484);[0.0030987402393670904, 0.001879480961661405, 0.38126532936799673, 0.005438458487811482]
('easy', 1485);[0.3513539980227726, 0.005011796210111521, 0.009363268009014982, 0.007292120457528302]
('easy', 1486);[0.0029930070115688785, 0.0018153505172514093, 0.32498477435863793, 0.006336195893213168]
('easy', 1487);[0.35437350544605495, 0.0044609030299426105, 0.002880175467820165, 0.005727912871825669]
('easy', 1488);[0.0028293623389478804, 0.0026579399406401276, 0.009875444913854498, 0.15447794948000426]
('easy', 1489);[0.006045861616277195, 0.0036670004346518953, 0.006045861616277195, 0.1880812868113869]
('easy', 1490);[0.004838509189399748, 0.002756899433422717, 0.004269969372772379, 0.23313248403466613]
('easy', 1491);[0.005843967020220587, 0.006622082188736509, 0.24849174162740711, 0.012371678278890906]
('easy', 1492);[0.021535161806729687, 0.014800882297988389, 0.18031168070315257, 0.021535161806729687]
('easy', 1493);[0.00339333139862286, 0.0018163194118652152, 0.32515838130678437, 0.005955482073762654]
('easy', 1494);[0.08376065607504331, 0.018689528604161967, 0.014555422982439612, 0.03491663626103948]
('easy', 1495);[0.004464435454180352, 0.2762048410898096, 0.004464435454180352, 0.006495715256949523]
('easy', 1496);[0.019446646452070896, 0.011794987301772903, 0.18450466643497632, 0.009185945346938014]
('easy', 1497);[0.0035878528773056998, 0.002176142772624096, 0.172872473916076, 0.004606894285796763]
('easy', 1498);[0.006867169375883304, 0.0053481568874218875, 0.27430818386335376, 0.01205225759327914]
('easy', 1499);[0.09219093336707516, 0.005893569192807207, 0.07179837109836185, 0.018153471127949]
('easy', 1500);[0.003690045151676638, 0.3535901856964704, 0.003690045151676638, 0.004738111763478175]
('easy', 1501);[0.013938853759394902, 0.007460930775171013, 0.008999600389847201, 0.24707206519901756]
('easy', 1502);[0.0016654923288994667, 0.002579564981142219, 0.14083949265002263, 0.0054609391079315514]
('easy', 1503);[0.005068789806583127, 0.35534964185017415, 0.005395698662527067, 0.007375045651082703]
('easy', 1504);[0.07921873238638115, 0.13060960912332772, 0.029142943000611935, 0.04240273186259797]
('easy', 1505);[0.005597443470047383, 0.002996095587831856, 0.0026440450761089857, 0.25335966740839966]
('easy', 1506);[0.006298436435451514, 0.0024665031473889744, 0.32304816112108986, 0.008608941890046573]
('easy', 1507);[0.005290425640470412, 0.004668784241069262, 0.3484164935705487, 0.009284986157609766]
('easy', 1508);[0.578138509079402, 0.004698830247643328, 0.00566787118160166, 0.008246703908392335]
('easy', 1509);[0.04066343648672503, 0.18224087886494164, 0.04607771015131361, 0.01240164744502771]
('easy', 1510);[0.4358577852143222, 0.0033278158511947705, 0.00548664077883787, 0.0062171785110735]
('easy', 1511);[0.004622965031856068, 0.004079752321369875, 0.32409490845771005, 0.006726374431430738]
('easy', 1512);[0.02190940231025293, 0.07647132805578952, 0.0981911288715001, 0.031877992260834195]
('easy', 1513);[0.0168465467979476, 0.011578450998879768, 0.14105444299814973, 0.14105444299814973]
('easy', 1514);[0.01364798718660189, 0.0036733059187765856, 0.004716618162978653, 0.35198622872795815]
('easy', 1515);[0.01657173661521965, 0.008332792471949717, 0.021278531012596916, 0.20188508123328203]
('easy', 1516);[0.002510381806843874, 0.21228614268977897, 0.0022154041688444387, 0.0036525839763715644]
('easy', 1517);[0.007470856096670705, 0.002581858780842707, 0.0033151722969004616, 0.23241157628575435]
('easy', 1518);[0.3920007643150046, 0.009218974350521603, 0.022115169805182643, 0.0118373973818621]
('easy', 1519);[0.01977371805137026, 0.01977371805137026, 0.16556331420325482, 0.01359026117837115]
('easy', 1520);[0.01272881051835341, 0.003425912874680451, 0.15506862029553475, 0.0036468652718326952]
('easy', 1521);[0.008862740776222702, 0.4270307648529574, 0.008862740776222702, 0.010690506017056607]
('easy', 1522);[0.009189279284056245, 0.3448252433832018, 0.007156617902284842, 0.010412817605527367]
('easy', 1523);[0.00677508087570256, 0.004956755056041493, 0.025172485240827186, 0.2706297207504455]
('easy', 1524);[0.4637325287916699, 0.006614788867623959, 0.004546273470183822, 0.006614788867623959]
('easy', 1525);[0.008557683284392836, 0.009697125575545579, 0.006260934838437228, 0.2500922244396526]
('easy', 1526);[0.05223396558074102, 0.03589984453237996, 0.03589984453237996, 0.11057930600217461]
('easy', 1527);[0.0033099802860014284, 0.0031094387183248267, 0.2320475881339876, 0.005126597754840686]
('easy', 1528);[0.015260630989655135, 0.004654229491502816, 0.009256040581786588, 0.2705011244065094]
('easy', 1529);[0.019524927632948504, 0.30542129193668, 0.012606240754824432, 0.022124641543517325]
('easy', 1531);[0.24478334323613635, 0.010755032068081037, 0.012187047950630137, 0.017732050137707192]
('easy', 1532);[0.006967496307190371, 0.20362006505263316, 0.010137647308346013, 0.00654535704607929]
('easy', 1533);[0.0036484776448923706, 0.0025075595692430623, 0.21204745971737224, 0.0049868776725633095]
('easy', 1534);[0.019091672994064033, 0.014868613422873525, 0.014868613422873525, 0.09695551558467162]
('easy', 1535);[0.5229299303427398, 0.003109455028022743, 0.0035234741548848363, 0.007459194844425528]
('easy', 1536);[0.006478633921221774, 0.3765344539860197, 0.003929490106275288, 0.005717374368457708]
('easy', 1537);[0.008598578742343793, 0.005909710982452849, 0.008598578742343793, 0.2512873651931186]
('easy', 1538);[0.005938360050862184, 0.005938360050862184, 0.009790700528932378, 0.15315232426241562]
('easy', 1539);[0.009917283098495561, 0.010556892905868266, 0.30851763412920014, 0.013555318812385362]
('easy', 1540);[0.0047986561696152725, 0.0021293907672707553, 0.05159042805509553, 0.0047986561696152725]
('easy', 1541);[0.011480975661016109, 0.002726970743019565, 0.005094652066682246, 0.3801976072951106]
('easy', 1542);[0.008903251348224915, 0.0028904625177127723, 0.004205598147547795, 0.22961790601151377]
('easy', 1543);[0.4112404647377205, 0.002445325626365341, 0.005176754391638826, 0.004568469716062466]
('easy', 1544);[0.010916177011872577, 0.007048013601941559, 0.010916177011872577, 0.24845101399491729]
('easy', 1545);[0.006671503002995358, 0.005530870251511134, 0.34218274412629174, 0.013267868000487648]
('easy', 1546);[0.04947489256711584, 0.36557280024665717, 0.02337028444916056, 0.018200795829607718]
('easy', 1547);[0.4328532565774859, 0.011535147879343465, 0.007447651230425932, 0.006572529142381236]
('easy', 1548);[0.1848676932254404, 0.010429519084156541, 0.008122517629799276, 0.013391767587886856]
('easy', 1549);[0.4318225089980072, 0.004797114185733361, 0.016743573714314734, 0.007429915796871438]
('easy', 1550);[0.4936140799693739, 0.004011856080683811, 0.005483557105607436, 0.007978528510227453]
('easy', 1551);[0.1420649274501493, 0.040702283180062665, 0.040702283180062665, 0.08616673416836645]
('easy', 1552);[0.006078236373743985, 0.0021005822827429243, 0.27512198573190283, 0.007331752577140884]
('easy', 1553);[0.07846045555601382, 0.010618465443907047, 0.02247929688063371, 0.010618465443907047]
('easy', 1554);[0.32985727575183965, 0.0030378808465703596, 0.003664383771269785, 0.00415229080185754]
('easy', 1555);[0.0031214360562605206, 0.43519454907943206, 0.004008003232804055, 0.005478290886943815]
('easy', 1556);[0.014564399902042221, 0.3314842929026566, 0.016503627218845778, 0.02401264163853909]
('easy', 1557);[0.005366288873900203, 0.003254818730895255, 0.006472979966829676, 0.2752381775762157]
('easy', 1558);[0.00654693961958306, 0.0024084844886353915, 0.0037303337497888306, 0.278383022785428]
('easy', 1559);[0.5074912731444661, 0.01193505292010763, 0.02229760905356582, 0.010532647234178214]
('easy', 1560);[0.40563168304167346, 0.003509401058875529, 0.003976672381055888, 0.0057860241731856376]
('easy', 1561);[0.006217804069288222, 0.20590536739924167, 0.0668476935373569, 0.01915218485749268]
('easy', 1562);[0.3317017022059898, 0.001972369948578898, 0.0032518882879117475, 0.006075327147912313]
('easy', 1563);[0.26528759563689713, 0.014966505572365433, 0.016959272637141923, 0.013207894810127581]
('easy', 1564);[0.004227171075110556, 0.38051781369799487, 0.00615049762240825, 0.006547170638641051]
('easy', 1565);[0.007965740569800548, 0.003762749412985931, 0.016863472918600016, 0.20543910800682522]
('easy', 1566);[0.004942980465735065, 0.002998069202828949, 0.21018082759720896, 0.011857593717813827]
('easy', 1567);[0.011139661795787474, 0.4736703879727726, 0.014303608879096527, 0.016208112274621152]
('easy', 1568);[0.01108902823721146, 0.004622594707235979, 0.00762137021964579, 0.32406890806239513]
('easy', 1569);[0.0069736320859398425, 0.4053035574706737, 0.006551121076787076, 0.0069736320859398425]
('easy', 1570);[0.004919917015357215, 0.0020509265436724675, 0.003381406217196292, 0.1734330323794518]
('easy', 1571);[0.007209357593283289, 0.005274478689911201, 0.27052914784652277, 0.013468853179334802]
('easy', 1572);[0.015502185377188596, 0.003682091768559469, 0.004441450472380429, 0.1888552572220034]
('easy', 1573);[0.02126605967700593, 0.00832790664123221, 0.2017667564956682, 0.011382898767789418]
('easy', 1574);[0.45631789784172344, 0.008357754831657257, 0.008357754831657257, 0.015614341677453295]
('easy', 1575);[0.015918708605931756, 0.02044002645086226, 0.13328571530083588, 0.02044002645086226]
('easy', 1576);[0.27501462898965584, 0.007328889869523312, 0.004175875571998839, 0.006884854879351549]
('easy', 1577);[0.010015737820941428, 0.006466646365178939, 0.012860461928969488, 0.22795714208889487]
('easy', 1578);[0.010864005049459214, 0.3174927665661654, 0.007948275887139594, 0.008460895639810532]
('easy', 1579);[0.020703715097485614, 0.4158452588240135, 0.01612407337468727, 0.01612407337468727]
('easy', 1580);[0.02005612958321974, 0.006931211263916494, 0.03746978301558709, 0.13078239326607768]
('easy', 1581);[0.011201412067045745, 0.0052911724039420025, 0.005632423705175351, 0.1546307054348225]
('easy', 1582);[0.00920630953531577, 0.014259011146901392, 0.2230485155824181, 0.011104929047030695]
('easy', 1583);[0.038134109046830206, 0.2817750710297672, 0.00750904950453362, 0.014028751381003369]
('easy', 1584);[0.037458841085308406, 0.003708927529215316, 0.24426235629282647, 0.005396457712449383]
('easy', 1585);[0.004397830849269725, 0.0023539892227649973, 0.21189938220602336, 0.004131379747848062]
('easy', 1586);[0.0028860705231607176, 0.002546948297330036, 0.004470033470266183, 0.35509865700905613]
('easy', 1587);[0.5148146442888337, 0.005047064277511547, 0.017615985256869665, 0.010684635159337182]
('easy', 1588);[0.003333643012587257, 0.31943887539762744, 0.005496248143773466, 0.02042104409044628]
('easy', 1589);[0.010572050839299477, 0.006825829045714466, 0.025361025518419247, 0.06893841481780517]
('easy', 1590);[0.006004490179186574, 0.004126821724760615, 0.22531683168851918, 0.026910258009012717]
('easy', 1592);[0.011986891368466824, 0.39695137256681495, 0.010578394504289995, 0.01976304276876302]
('easy', 1593);[0.007615953623973692, 0.005571950700631968, 0.32383851134453373, 0.00433943956888744]
('easy', 1594);[0.005679100998549098, 0.3513534535226082, 0.006435264511316179, 0.009363254614762236]
('easy', 1595);[0.014083920272752713, 0.32054847148872584, 0.006249701736430405, 0.008542329454372834]
('easy', 1596);[0.003906462287794819, 0.0019642925964558407, 0.0072982323770341, 0.2738641168554926]
('easy', 1597);[0.00502274152832086, 0.48129278550897747, 0.012826019817295023, 0.014533784514972312]
('easy', 1598);[0.00563285075544123, 0.004669797294625245, 0.028605983330224034, 0.18653444305556935]
('easy', 1599);[0.3722818740168891, 0.004686337743059453, 0.009920977079909467, 0.011241939831010852]
('easy', 1600);[0.016704028040035304, 0.2612949927622181, 0.01013150514698094, 0.03120723285863045]
('easy', 1601);[0.004673537476129056, 0.2716233580585198, 0.006387968341870819, 0.009294439094274909]
('easy', 1602);[0.4293303786674195, 0.007387036771361906, 0.05127619843502495, 0.0166469443386872]
('easy', 1603);[0.0380199680005762, 0.007969418232041128, 0.36072341289627124, 0.015849080648832455]
('easy', 1604);[0.008921716738103708, 0.20305736121972418, 0.0030832628017998507, 0.0037191248584454656]
('easy', 1605);[0.30786213540389795, 0.015327549528857438, 0.025270862960979506, 0.025270862960979506]
('easy', 1606);[0.013420905226593994, 0.346129666528418, 0.004357129995996312, 0.009224044273907776]
('easy', 1607);[0.055808985684113306, 0.25011852116714417, 0.004876534822031978, 0.005525837889912047]
('easy', 1608);[0.010040047829063987, 0.003062041584899395, 0.006900417231464254, 0.2285104080829221]
('easy', 1609);[0.0027675827360684785, 0.0022944066751741502, 0.300508007225528, 0.006639085849564536]
('easy', 1610);[0.3782010605629269, 0.00650730986264771, 0.008894438015241337, 0.007849313998681155]
('easy', 1611);[0.007373994233989863, 0.3782137296825257, 0.006113255937271973, 0.00650752707117272]
('easy', 1612);[0.3278200650246882, 0.0030191177024556713, 0.004977683574785966, 0.006004232499952794]
('easy', 1613);[0.29912551425727724, 0.00848553768387648, 0.005478674901543197, 0.006608543392984918]
('easy', 1614);[0.010887471491844764, 0.24779773852794038, 0.006203494260800706, 0.023048777329105388]
('easy', 1615);[0.004384896434594194, 0.003013692308105349, 0.32723092903309403, 0.0063799866663245145]
('easy', 1616);[0.051025852690713074, 0.021270740008468705, 0.014619151559770734, 0.15717070992455143]
('easy', 1617);[0.005414017647029109, 0.003084814268067311, 0.00255740085240616, 0.10215501869567163]
('easy', 1618);[0.4372014412749799, 0.0045626070064842365, 0.0045626070064842365, 0.007066703972403168]
('easy', 1619);[0.011304672118054004, 0.544689541011936, 0.006050954946848385, 0.008804087497905936]
('easy', 1620);[0.008937449885630335, 0.0021228304174595257, 0.2304998705432846, 0.007887271841073818]
('easy', 1621);[0.011393743225087398, 0.004191523890496059, 0.005382023210050825, 0.22884945024081227]
('easy', 1622);[0.009013205640838443, 0.24744566777246577, 0.007019491611068582, 0.010213300029089274]
('easy', 1623);[0.003186194343726157, 0.0019325245572728873, 0.25311073727477557, 0.005591945220937154]
('easy', 1624);[0.4135626794827014, 0.004054426570326456, 0.003578018890069782, 0.004315914618201854]
('easy', 1625);[0.011006395409573265, 0.2076754706346186, 0.0103395516222434, 0.011716246926149703]
('easy', 1626);[0.021870656540745933, 0.26643914122425727, 0.008045764906262163, 0.01503146776057433]
('easy', 1627);[0.018982583113907586, 0.02151008469073684, 0.18010175554627625, 0.02151008469073684]
('easy', 1628);[0.2981433112480885, 0.009003145738040704, 0.011560267957788178, 0.009003145738040704]
('easy', 1629);[0.00902245932097036, 0.0022812349678789133, 0.003118078506829285, 0.2326923482550449]
('easy', 1630);[0.010404687753221929, 0.34455593743701507, 0.006310762127065654, 0.010404687753221929]
('easy', 1631);[0.004245087951315994, 0.2976036057978476, 0.003987891074258341, 0.011539345438272702]
('easy', 1632);[0.3412181667599707, 0.019250211697153668, 0.010303893355671542, 0.014992076369643623]
('easy', 1633);[0.00814305558555282, 0.0038465070957260502, 0.2100121715160048, 0.00814305558555282]
('easy', 1634);[0.0037510800047895476, 0.002137300960920673, 0.0037510800047895476, 0.19239365535770023]
('easy', 1635);[0.006855126434334691, 0.2738270322078142, 0.005015317637764524, 0.009369846901992097]
('easy', 1636);[0.008827236904264794, 0.007790009226394113, 0.22765744029058002, 0.008827236904264794]
('easy', 1637);[0.006927722000091658, 0.0037081423741514973, 0.006927722000091658, 0.19019137556086696]
('easy', 1638);[0.006398305753276814, 0.0015197308233414913, 0.0036456447255941793, 0.211882786789663]
('easy', 1639);[0.012017343731109931, 0.4509474697451022, 0.004420933696165857, 0.006432420572517634]
('easy', 1640);[0.008120259915707011, 0.09293145356811726, 0.004925186603711826, 0.1532180824798539]
('easy', 1641);[0.08830485146759556, 0.04726618094170245, 0.02866838790866749, 0.053559599816466845]
('easy', 1642);[0.2360766479460776, 0.009153685011677482, 0.011753564211347513, 0.052675820263512786]
('easy', 1643);[0.2838770199850055, 0.014133407971725593, 0.007565068140787525, 0.03390427511952009]
('easy', 1644);[0.013517616987295597, 0.013517616987295597, 0.16467826767965082, 0.03242707742413336]
('easy', 1645);[0.012641527257596733, 0.030325447416260445, 0.3260292850458812, 0.034363233828294905]
('easy', 1646);[0.024093443375898253, 0.06549276931371117, 0.20173193152239496, 0.021262389151827547]
('easy', 1647);[0.01961282241042617, 0.0024934899575209807, 0.2707466619628874, 0.00768048977976403]
('easy', 1648);[0.0041112757690397244, 0.0020672792824199386, 0.010498510463009394, 0.21086826981815449]
('easy', 1649);[0.013225276162322061, 0.013225276162322061, 0.021804794119703746, 0.2656367410113044]
('easy', 1650);[0.006989938375858873, 0.4062512940439029, 0.006168598965952653, 0.007440750669279073]
('easy', 1651);[0.00938509480417734, 0.3521730843533644, 0.004164610574209613, 0.006450275039347944]
('easy', 1652);[0.00601168962305849, 0.34939600492370426, 0.00681213679668662, 0.011955672408875464]
('easy', 1653);[0.00785557827599203, 0.40291437349428955, 0.008362219546389027, 0.013786969236395967]
('easy', 1654);[0.49007477822556733, 0.005114389552411691, 0.008976033201469235, 0.007921321497793088]
('easy', 1655);[0.013567721820919925, 0.39650695275941755, 0.0064089379850969875, 0.010566552378627424]
('easy', 1656);[0.004290835034907532, 0.006645775308505635, 0.004567570118789688, 0.30081072357437255]
('easy', 1657);[0.010446107879347319, 0.007179497950569311, 0.005252632908626892, 0.3459275423960643]
('easy', 1658);[0.008914768072793188, 0.2299148988802764, 0.005755806869645341, 0.008914768072793188]
('easy', 1659);[0.03746144899411692, 0.35542433210340013, 0.017695535522034362, 0.017695535522034362]
('easy', 1660);[0.0056611995618283915, 0.0044089466518754455, 0.350245931114318, 0.010576513195602962]
('easy', 1661);[0.003998287199275236, 0.0017742291896100004, 0.003756043223879063, 0.19264826580384117]
('easy', 1662);[0.006142449462839202, 0.0021227737325286325, 0.40452911721360524, 0.0074092083476163]
('easy', 1663);[0.006469221631453031, 0.002870699697275618, 0.004176843413483094, 0.27507830346759427]
('easy', 1664);[0.5196251520835956, 0.004223260465281365, 0.006144807718680856, 0.013847537954783544]
('easy', 1665);[0.009687854367068574, 0.007087785665906346, 0.32081767587546695, 0.009100896943058797]
('easy', 1666);[0.015986195341671488, 0.010987140666988996, 0.007551343984989829, 0.15167279843020431]
('easy', 1667);[0.5499136737365355, 0.004469432433865109, 0.00506453044852095, 0.00736884832167045]
('easy', 1668);[0.021423665657258784, 0.006137981513724553, 0.20326208040253757, 0.018906318584538846]
('easy', 1669);[0.006534143297216465, 0.31483265508058655, 0.0037230426250846244, 0.022806401040485983]
('easy', 1670);[0.2869966609724141, 0.012609751740084885, 0.01834708052229043, 0.026694844643241403]
('easy', 1671);[0.004606237507842273, 0.0071342802148510924, 0.25149204654146884, 0.007594401757076303]
('easy', 1672);[0.003198214840990188, 0.0017118810444990433, 0.0028224146909739253, 0.12775227413463924]
('easy', 1673);[0.004492240903712926, 0.35686289662106035, 0.0032865936541497634, 0.005090375830845825]
('easy', 1674);[0.005040082670333417, 0.3761253348408528, 0.00647159425091553, 0.0078062327474332244]
('easy', 1675);[0.005208151876210191, 0.3222169852355733, 0.009140591204499211, 0.005208151876210191]
('easy', 1676);[0.01020171581094856, 0.04572092914934085, 0.011560058489803744, 0.08541794105330111]
('easy', 1677);[0.004775865298521638, 0.0030835303924086, 0.2775705932915858, 0.007874070703671241]
('easy', 1678);[0.00939809071379074, 0.3526607943042547, 0.005700230160674671, 0.008293785945129377]
('easy', 1679);[0.011747440049370813, 0.008594610740233396, 0.18376090217988222, 0.01936825890342444]
('easy', 1680);[0.01650184879802254, 0.0036820601650479436, 0.227800968783571, 0.006878994018373043]
('easy', 1681);[0.523014342949871, 0.003993262834169237, 0.009579339555205617, 0.007460397146901017]
('easy', 1682);[0.4328534113779012, 0.003986442337592383, 0.004808567335176417, 0.01017973712845164]
('easy', 1683);[0.00897383777553795, 0.316338610407898, 0.013898951841780709, 0.015749575778764128]
('easy', 1684);[0.010664931258966483, 0.4534843625279947, 0.006468607792290826, 0.0083058568158858]
('easy', 1685);[0.005766449209198249, 0.002558846325300893, 0.2778430493362701, 0.006955665467884621]
('easy', 1686);[0.27100473081075527, 0.004380382455462307, 0.010507991250535462, 0.010507991250535462]
('easy', 1687);[0.06692896157975611, 0.03161500285996521, 0.264709178033339, 0.07584044927946969]
('easy', 1688);[0.009228276473635756, 0.1443544973858, 0.015214855713984841, 0.30559847336385293]
('easy', 1689);[0.007515841380176644, 0.0033351343954494566, 0.007515841380176644, 0.1710597817443214]
('easy', 1690);[0.004857569339665067, 0.002767759579680686, 0.3005271375012052, 0.0024425392561670473]
('easy', 1691);[0.005805153463470536, 0.003307676738412743, 0.23188598637003896, 0.007002351710169135]
('easy', 1692);[0.004571832248987079, 0.006651976671350823, 0.1715567803776951, 0.007537677074977801]
('easy', 1693);[0.09581036944020288, 0.0452576139293117, 0.0452576139293117, 0.0512835952134952]
('easy', 1694);[0.022362901902646233, 0.24042385323428167, 0.011244770570754422, 0.017416241361173885]
('easy', 1695);[0.4383086385275224, 0.0035623602487230193, 0.003346527752097867, 0.009096805576961528]
('easy', 1696);[0.11252932058735612, 0.08763792299192612, 0.007193757073068059, 0.015229183843192627]
('easy', 1697);[0.4334336824374307, 0.010193381366278864, 0.0031088056716154482, 0.006581341658455481]
('easy', 1698);[0.0034910949786469336, 0.0037162512603256237, 0.27733195884431816, 0.005755842549329609]
('easy', 1699);[0.008244761563749321, 0.397254906264654, 0.019778154819927785, 0.007275976542557302]
('easy', 1700);[0.6273295977837313, 0.00422691307693705, 0.0035042340207983255, 0.00542746382491696]
('easy', 1701);[0.06655885824934787, 0.004821507520059943, 0.15966638161530172, 0.010207131500065036]
('easy', 1702);[0.016282500494752144, 0.3705880914759315, 0.006787556041658691, 0.0087153944746822]
('easy', 1703);[0.005253697492978765, 0.3459977362124968, 0.008137085856983698, 0.009220526251313027]
('easy', 1704);[0.0029677022763911843, 0.003810605152048349, 0.30271378970314106, 0.0055443977807302335]
('easy', 1705);[0.06406344154266203, 0.01835448330534505, 0.17414246825456534, 0.07259338968220454]
('easy', 1706);[0.006891427206574985, 0.3762592214206649, 0.008848767690495682, 0.006473896739284722]
('easy', 1707);[0.004361775999971368, 0.2535039269564523, 0.005600631245861827, 0.004942539726991565]
('easy', 1708);[0.3805582100425674, 0.0037308620794372243, 0.004227620593919974, 0.007898235084148202]
('easy', 1709);[0.49188869576644245, 0.0029248774488913835, 0.009009256799095627, 0.005816813376546559]
('easy', 1710);[0.017204522913120416, 0.3049574654424641, 0.017204522913120416, 0.019495278524755168]
('easy', 1711);[0.008230381232123808, 0.003887756810362669, 0.006823225695156118, 0.1873225910922748]
('easy', 1712);[0.005441080904811519, 0.0031002344475329936, 0.003980779828323242, 0.19180466770158913]
('easy', 1713);[0.4045679632115218, 0.0039662454590907075, 0.004222046313910179, 0.005421214777493462]
('easy', 1714);[0.11178671135288874, 0.23665244157997062, 0.008620065582023008, 0.013351018749650508]
('easy', 1715);[0.0090513433972039, 0.20600765073387078, 0.06688090007827241, 0.024604108145837925]
('easy', 1716);[0.02531743119937674, 0.009313764662097426, 0.16509038944253798, 0.02531743119937674]
('easy', 1717);[0.005806626286325952, 0.2319448180585939, 0.0037490397052838144, 0.006579769593887424]
('easy', 1718);[0.006719084790223451, 0.002181367455536003, 0.17328748067230462, 0.008627475647526932]
('easy', 1719);[0.0033425200370913195, 0.0033425200370913195, 0.30088406505347437, 0.0058663053570802304]
('easy', 1720);[0.0019094353587591837, 0.0026098886945708517, 0.4389158433391512, 0.006260797509410058]
('easy', 1721);[0.02905367033070609, 0.061506620572763966, 0.01068824800523947, 0.18945372900823598]
('easy', 1722);[0.00369807037853597, 0.0027055660858815393, 0.004460724355077783, 0.3543591425684302]
('easy', 1723);[0.014521301570983159, 0.0060533791012407365, 0.006443788510999936, 0.22715137495417295]
('easy', 1724);[0.016229124571341437, 0.369373172703508, 0.008160516317294584, 0.008686824401668862]
('easy', 1725);[0.0032259880652376065, 0.0017267469801842948, 0.2124569035414291, 0.004142250669696398]
('easy', 1726);[0.004507896644766173, 0.006558950916120977, 0.3812024766888998, 0.0069819669065249975]
('easy', 1727);[0.0061959114838321845, 0.002926741348706274, 0.14101829538079805, 0.007955707824787984]
('easy', 1728);[0.010298539272834549, 0.18254595468134668, 0.010298539272834549, 0.027994332165017986]
('easy', 1729);[0.381778855008071, 0.003742829086830053, 0.004805887677807958, 0.006170881928051846]
('easy', 1730);[0.012278222762023895, 0.003986155314466509, 0.16949561678596323, 0.010835493556729765]
('easy', 1731);[0.007265710732337548, 0.004139877184749071, 0.2726437512870385, 0.007734308814673343]
('easy', 1733);[0.010601992199190724, 0.10058892530732115, 0.009356225277011857, 0.010601992199190724]
('easy', 1734);[0.38466657703413853, 0.007983498680925126, 0.0035426560646963736, 0.004273258908531457]
('easy', 1735);[0.029653103834782698, 0.015872162718627732, 0.010908767267738612, 0.21910844774262495]
('easy', 1736);[0.00756538198288399, 0.005199605926794552, 0.01100756583340343, 0.25053104360335116]
('easy', 1737);[0.1720328063908884, 0.029894819169391615, 0.023282108578900236, 0.026382085320314688]
('easy', 1738);[0.0034122278207676148, 0.0038665606766144106, 0.21110703476812817, 0.005284961834647202]
('easy', 1739);[0.00885960135188354, 0.005720188557582167, 0.22849210315751675, 0.007818570751171518]
('easy', 1740);[0.026733384310051886, 0.009834664825369826, 0.00675925969497937, 0.22383588633877424]
('easy', 1741);[0.006818740500304792, 0.007726645249784492, 0.15519379995637528, 0.007726645249784492]
('easy', 1742);[0.12517604624766102, 0.0246486249620646, 0.021752335181991347, 0.031649460937694864]
('easy', 1743);[0.0026774595893133118, 0.25656150733227834, 0.005002153053922733, 0.0041469305352969605]
('easy', 1744);[0.01033363204824264, 0.20755657279828307, 0.011709539170027927, 0.008047840731143134]
('easy', 1745);[0.010686754819285996, 0.13019135708550506, 0.017619479985313928, 0.008322853021752044]
('easy', 1746);[0.012485309662490734, 0.32200034178161674, 0.04357801265220481, 0.01603145494185515]
('easy', 1747);[0.003658841990290088, 0.0020847453244715987, 0.21264985496696584, 0.003658841990290088]
('easy', 1748);[0.007444342138478523, 0.1694324259141713, 0.005797659486898531, 0.013907862105954847]
('easy', 1749);[0.0050533543055897604, 0.004189377863816208, 0.27590379654722513, 0.006488635367905685]
('easy', 1750);[0.20978127185394171, 0.03645451887210932, 0.03645451887210932, 0.022110783381007113]
('easy', 1751);[0.26881085531381727, 0.004923441968379594, 0.008117383498325146, 0.16304202541140683]
('easy', 1752);[0.011138811939459486, 0.3688667256995626, 0.012621927518200812, 0.012621927518200812]
('easy', 1753);[0.007198756684851518, 0.003853216786694254, 0.005606397343302873, 0.2103784831510918]
('easy', 1754);[0.010686377733645863, 0.4010033182306618, 0.012109252397768588, 0.010686377733645863]
('easy', 1755);[0.06310419288697704, 0.008540223817776877, 0.029808310057525402, 0.1715349808242442]
('easy', 1756);[0.006549924763753261, 0.4313646043856757, 0.006153084883515283, 0.007900717381470754]
('easy', 1757);[0.003415574731464364, 0.25489343009954846, 0.0020716507951728815, 0.004385684767796651]
('easy', 1758);[0.0077636137666988216, 0.005335848506526096, 0.00501256578822439, 0.15593635096839728]
('easy', 1759);[0.09185875557726543, 0.009681841607061608, 0.015962658197111984, 0.0715396707755391]
('easy', 1760);[0.007316518646543109, 0.004723899482722753, 0.013669056383881639, 0.27455040216149773]
('easy', 1761);[0.0037404954009282484, 0.40614812931370214, 0.004511898700419712, 0.009551689623743236]
('easy', 1762);[0.010642964489610617, 0.3993742484609793, 0.007786559158923246, 0.00939238319639921]
('easy', 1763);[0.009927767943899731, 0.00876122446007015, 0.034651314926305854, 0.12094497301982403]
('easy', 1764);[0.014214606691883692, 0.004912436624233784, 0.0063076934833839055, 0.3235229185360763]
('easy', 1765);[0.004547769520447925, 0.004013392515463925, 0.2995066614056686, 0.007043723224474568]
('easy', 1766);[0.19796457618860197, 0.01841357174091935, 0.034401080966860786, 0.01624992390116387]
('easy', 1767);[0.004660287707439398, 0.0036294357158918452, 0.3267114692783146, 0.005621380003718156]
('easy', 1768);[0.006895332185737218, 0.275433143624889, 0.0047390878849595105, 0.007340042904115241]
('easy', 1769);[0.009464076261571816, 0.0019837781532918448, 0.005392468105787264, 0.19009103053504658]
('easy', 1770);[0.48429029231239057, 0.004189931249698841, 0.00887008452521841, 0.010051122558323237]
('easy', 1771);[0.46041835047319657, 0.010828004335468667, 0.008432858255563565, 0.009555680287223669]
('easy', 1772);[0.40585872523252603, 0.007433562294275761, 0.005109007668080552, 0.007433562294275761]
('easy', 1773);[0.0066042339583860556, 0.0031196192284179674, 0.4349411668782282, 0.004831760781175384]
('easy', 1774);[0.21367164433792973, 0.00938807573533403, 0.04767658253680873, 0.013659569594696472]
('easy', 1775);[0.006789294296346876, 0.0028301989325669363, 0.15452362594393426, 0.009878364912501028]
('easy', 1776);[0.012089935994968158, 0.004734486961791895, 0.061397761115135, 0.04219802295620153]
('easy', 1777);[0.0063719602725598075, 0.3478971600212986, 0.005623235203926125, 0.009271147490862774]
('easy', 1778);[0.37279880947055655, 0.008767388701705426, 0.00602573225767524, 0.009934752944773074]
('easy', 1779);[0.011173544103589929, 0.15424601849929973, 0.0072141822854599, 0.15424601849929973]
('easy', 1780);[0.005248106451892256, 0.20963490182465944, 0.005248106451892256, 0.007173311017765329]
('easy', 1781);[0.31688618773428706, 0.012287007972759993, 0.00793308859182025, 0.015776830532068752]
('easy', 1782);[0.003066386988456869, 0.0025421241010402515, 0.22883469170633863, 0.0036987687419075786]
('easy', 1783);[0.004648899544835059, 0.0041026394487438745, 0.005969305175196288, 0.3259129806971341]
('easy', 1784);[0.004002172691484715, 0.29866936178729725, 0.006198686324937644, 0.007959270791294663]
('easy', 1785);[0.3583012611051225, 0.006562517294092458, 0.011517576538379466, 0.03776467958191835]
('easy', 1786);[0.1673724815806441, 0.010051496399675352, 0.008332983196616326, 0.01556806217042909]
('easy', 1787);[0.004455063644682672, 0.04499455963057588, 0.003931579867249697, 0.010039640902541266]
('easy', 1788);[0.00227300124529283, 0.0017702151497563346, 0.23185243024029836, 0.0029185913711188816]
('easy', 1789);[0.008947329720313695, 0.003291538657485639, 0.013018287926814698, 0.2962948675116281]
('easy', 1790);[0.01353797493750612, 0.15493390019449976, 0.023759885959881925, 0.005301547159336883]
('easy', 1791);[0.008850822787246878, 0.006893027717534103, 0.005714520690260355, 0.13845014622854268]
('easy', 1792);[0.004219138200635381, 0.0027240803620358616, 0.002403992481888171, 0.23035714048886075]
('easy', 1793);[0.010064906360848164, 0.4849544332295109, 0.011405033073057558, 0.012923595583911164]
('easy', 1794);[0.003940493016642327, 0.0027082586034889674, 0.27624995364406785, 0.010711370562308604]
('easy', 1795);[0.006309757132333816, 0.0019243672001135208, 0.004616316932872963, 0.1732259942728874]
('easy', 1796);[0.012613083270301697, 0.030257213837876468, 0.0038467730577597535, 0.22357225044540996]
('easy', 1797);[0.004950932291049067, 0.0012517917193255134, 0.002489485096335488, 0.25393435310293594]
('easy', 1798);[0.327520737876286, 0.0032109007139861025, 0.007235876457255411, 0.005998752278620773]
('easy', 1799);[0.0216807700501806, 0.33914430486070707, 0.027838659797794253, 0.05200946362756004]
('easy', 1800);[0.007323513519167404, 0.01134287963094316, 0.3756246750476185, 0.01134287963094316]
('easy', 1801);[0.005804176401857266, 0.0065769935110915395, 0.4069042284918798, 0.0045202971268510075]
('easy', 1802);[0.29719260367693756, 0.010169369249402668, 0.004512630249643684, 0.008974436863836886]
('easy', 1803);[0.3774698121371507, 0.005384318014840677, 0.010059230364755584, 0.008339394878866828]
('easy', 1804);[0.007763924739206852, 0.0023678632630275945, 0.00685163953424996, 0.15594257842838433]
('easy', 1805);[0.004789905015186753, 0.0027292056097459223, 0.15861985050815547, 0.0042270763395767285]
('easy', 1806);[0.004471760300954814, 0.007848183741000932, 0.13911236880891334, 0.008893157265499425]
('easy', 1807);[0.00305360657347391, 0.0019715565844539546, 0.2278809843845048, 0.008835903596100333]
('easy', 1808);[0.012472974238469518, 0.004588550792593962, 0.32168224538852114, 0.006676302008763758]
('easy', 1809);[0.0036639382331998603, 0.2266798046943988, 0.008256812266716386, 0.006430411858992303]
('easy', 1810);[0.003282260154276811, 0.3563923591954141, 0.0034939477469545436, 0.005411532132327662]
('easy', 1811);[0.006497626632922324, 0.003069261493591725, 0.004753765195705917, 0.2290492341714245]
('easy', 1812);[0.31164744731183414, 0.010663990494891702, 0.017581947959471936, 0.013692834838757433]
('easy', 1813);[0.01239619633523759, 0.3622699595088879, 0.014046730701187136, 0.01239619633523759]
('easy', 1814);[0.401567004472916, 0.010701400102826721, 0.012126274972167275, 0.009443952444063052]
('easy', 1815);[0.003290852845232574, 0.004225538695857796, 0.23070656818493285, 0.011486205052400777]
('easy', 1816);[0.4025090506209505, 0.017685016602280553, 0.03303995289699282, 0.017685016602280553]
('easy', 1817);[0.004630000215879227, 0.002989352816743245, 0.2527893861703708, 0.0076335798392662664]
('easy', 1818);[0.29978721175060863, 0.004276234911337371, 0.0025936675818596503, 0.005158123903685183]
('easy', 1819);[0.004534314123206705, 0.0014720762678768688, 0.00513805103443074, 0.2325659478283368]
('easy', 1820);[0.016608466337095094, 0.1083008306712158, 0.016608466337095094, 0.0955751476146867]
('easy', 1821);[0.004956710148510021, 0.004109257043495103, 0.2542307612343524, 0.0056166884370847684]
('easy', 1822);[0.015821557739700128, 0.004532952186224554, 0.004825302484775635, 0.1700977758837845]
('easy', 1823);[0.005458533561604096, 0.2321027808418685, 0.003993548464799334, 0.006584248299486503]
('easy', 1824);[0.008741132018172263, 0.014411690288358548, 0.007246652968923814, 0.22543676600972246]
('easy', 1825);[0.007479945695295951, 0.0013836508259464596, 0.0040037264181085825, 0.14113625487420806]
('easy', 1826);[0.0056745100763523374, 0.06912970121691653, 0.009355685463684307, 0.21293447044901562]
('easy', 1827);[0.004921942029337057, 0.00232496078918906, 0.0033827979875940407, 0.17350439589101863]
('easy', 1828);[0.0035263533820222297, 0.0014700027929299255, 0.1925323710215353, 0.003995881879805461]
('easy', 1829);[0.004547064797769859, 0.2994603926266005, 0.0037696491196042865, 0.005484807105147298]
('easy', 1830);[0.014587774159215465, 0.016530113722203227, 0.20137803459661344, 0.018731077259169598]
('easy', 1831);[0.013061209615130067, 0.006169678560526785, 0.006169678560526785, 0.2972716897598206]
('easy', 1832);[0.0026657853238167247, 0.0019503302063209002, 0.005301547159336883, 0.06458608164952621]
('easy', 1833);[0.01248702437658679, 0.014149652355737074, 0.03394325145440101, 0.19532992565183147]
('easy', 1834);[0.005750336772891567, 0.4568058850654761, 0.008906295821204483, 0.006121201631654679]
('easy', 1835);[0.16731909759498886, 0.02264417746391226, 0.061553256120554525, 0.03294708380108329]
('easy', 1836);[0.014296524142844224, 0.36871212937047726, 0.007188743794246015, 0.014296524142844224]
('easy', 1837);[0.00914093117955724, 0.00914093117955724, 0.34301099371403443, 0.013299976387871613]
('easy', 1838);[0.005927304342208425, 0.32361985176800295, 0.005927304342208425, 0.00918038855443807]
('easy', 1839);[0.004764237866834968, 0.35553997832182155, 0.003710392181429512, 0.00539858876884644]
('easy', 1840);[0.3958159402796597, 0.017390938695154005, 0.0077171822657595545, 0.015347449531511993]
('easy', 1841);[0.004786948142140675, 0.0017610198074473858, 0.27821468873631305, 0.005774161651459647]
('easy', 1842);[0.013971413362866234, 0.3179878645400233, 0.010880947667614512, 0.012329729017458477]
('easy', 1843);[0.005427978864621663, 0.005427978864621663, 0.2308035894250427, 0.007897662646753572]
('easy', 1844);[0.40072156887845717, 0.01210074430353683, 0.006084636352770298, 0.008316711825211792]
('easy', 1845);[0.005941756146837353, 0.0029877026192327645, 0.20945409912171645, 0.011816593084336347]
('easy', 1846);[0.005436034330998537, 0.0035097675554206374, 0.004233587793784702, 0.23114611665306736]
('easy', 1847);[0.012144126366493405, 0.010717153903026348, 0.005736479107791755, 0.4021583051814034]
('easy', 1848);[0.005331029177303543, 0.3737339541545272, 0.008256859512710322, 0.006845176960761689]
('easy', 1849);[0.020329803548346546, 0.21856598601861557, 0.01583286314829093, 0.023036685441961365]
('easy', 1850);[0.3749288217534218, 0.004433708020548701, 0.006451007104822219, 0.012829359545901527]
('easy', 1851);[0.006408320698831578, 0.12871456201200945, 0.008228446655585897, 0.002843675072243419]
('easy', 1852);[0.027636160535868256, 0.011520465697141529, 0.09645967829765263, 0.016762178681744417]
('easy', 1853);[0.0031567896801960537, 0.3024923009155795, 0.0040533981845093, 0.004889331503103203]
('easy', 1854);[0.02279231690704633, 0.005762798820272814, 0.006530106568527471, 0.24504049960888616]
('easy', 1855);[0.46329236757722714, 0.005831991265737363, 0.006608511881069534, 0.007034724279091359]
('easy', 1856);[0.2678870899369922, 0.0027956526497800098, 0.0117701372891294, 0.008089489168716473]
('easy', 1857);[0.6008672596515133, 0.005533795817799347, 0.0031530618125498798, 0.012470601380745794]
('easy', 1858);[0.6028405757634888, 0.008599058469982351, 0.008599058469982351, 0.008599058469982351]
('easy', 1859);[0.007251367767752821, 0.004983787323346939, 0.0056473708958646425, 0.18701523959492275]
('easy', 1860);[0.018517378305468107, 0.4214535876396018, 0.005647481304871766, 0.012726795580664769]
('easy', 1861);[0.015483937840648415, 0.009391483033437892, 0.004436222465630785, 0.18863302420521955]
('easy', 1862);[0.2739171736078298, 0.005016968037223719, 0.004427458753215849, 0.009977432319323536]
('easy', 1863);[0.005699001720201542, 0.00305045580188726, 0.0025289166834868812, 0.1564584976814222]
('easy', 1864);[0.00611602000811634, 0.0022499580227791994, 0.19026385092800477, 0.006510469409270606]
('easy', 1865);[0.013357545762971539, 0.34449568675358155, 0.005568253504700418, 0.009180497993850116]
('easy', 1866);[0.018574661587126257, 0.0025138076862563467, 0.003227792961818153, 0.1555237373456634]
('easy', 1867);[0.25394431256706773, 0.044128904611591795, 0.008163026551428147, 0.018395664302588398]
('easy', 1868);[0.010530844362124923, 0.3951669957717936, 0.02526218236491418, 0.00820142983562598]
('easy', 1869);[0.002501074136986375, 0.0019478384964046272, 0.003418563024121487, 0.21149903029935657]
('easy', 1870);[0.007485472579340003, 0.00514468505046419, 0.013984703885821712, 0.24788477803907247]
('easy', 1871);[0.3837943348897133, 0.024535149510341324, 0.024535149510341324, 0.02165219344732617]
('easy', 1872);[0.014312744434312588, 0.009241002353152936, 0.28747912253735025, 0.030300080205212715]
('easy', 1873);[0.0038156380342798707, 0.2512901211407527, 0.0048993762168958056, 0.006696653301337726]
('easy', 1874);[0.18641720388304134, 0.005288249022822862, 0.0038689656348590115, 0.008718848648687218]
('easy', 1875);[0.004777514355624057, 0.0013687807799547126, 0.0037207319212948942, 0.19083714149013067]
('easy', 1876);[0.013524631730610618, 0.07782886339311464, 0.16476370509616928, 0.022298342696303795]
('easy', 1877);[0.2516380924473007, 0.00490616291513105, 0.003167656856569534, 0.008610584072006664]
('easy', 1878);[0.008636609225054478, 0.007160000529915625, 0.03870660639708056, 0.2860052860672562]
('easy', 1879);[0.00936771596025617, 0.006438330746243144, 0.39832534727322066, 0.012028385389280336]
('easy', 1880);[0.002534653529303432, 0.0022368238887353915, 0.2752161295025568, 0.006472464532271235]
('easy', 1881);[0.0022628315246684036, 0.001996941811590644, 0.05482338936349653, 0.0029055331913565045]
('easy', 1882);[0.24660076201788997, 0.01391226630868145, 0.008982434241472586, 0.012277531925343402]
('easy', 1883);[0.006529181836164315, 0.003283078805537708, 0.19081066283935055, 0.008383635427810917]
('easy', 1884);[0.00459684420227365, 0.03396633968864411, 0.10462369180503484, 0.009731519252579195]
('easy', 1885);[0.38075140512433764, 0.006154273276163784, 0.002730942211801554, 0.005431127103873689]
('easy', 1886);[0.0035433369059416383, 0.004843167321402398, 0.2996361162887281, 0.007985032980355898]
('easy', 1887);[0.008227736509361157, 0.003222027911879955, 0.005654835091600981, 0.34985234220074446]
('easy', 1888);[0.0045148277619002425, 0.406411770770121, 0.005115970094260422, 0.007923769488896662]
('easy', 1889);[0.327359254679414, 0.00266061804731079, 0.005632528450356924, 0.005995795325102143]
('easy', 1890);[0.012378546942063053, 0.01589436889527128, 0.0070530834427130155, 0.15080159134091708]
('easy', 1891);[0.3013264293168742, 0.028027723908582148, 0.01926315415128191, 0.01926315415128191]
('easy', 1892);[0.0059012434193478755, 0.0035792850642619037, 0.32219697359166044, 0.0075773465405039485]
('easy', 1893);[0.00728740696072636, 0.0039006678599976244, 0.005331580826961951, 0.15581161251553458]
('easy', 1894);[0.4706480216577281, 0.014212336225590094, 0.018249000944169605, 0.020678832120118024]
('easy', 1895);[0.004229423180718649, 0.4052748105004529, 0.005430686861971057, 0.00615377441673284]
('easy', 1896);[0.3722401596638685, 0.0049880215873875575, 0.012737359342143173, 0.008223857289837284]
('easy', 1897);[0.008234051505989302, 0.2726744020826226, 0.008234051505989302, 0.00933040272648435]
('easy', 1898);[0.005636851558921651, 0.34873957387399995, 0.01736272514664034, 0.008201570623708226]
('easy', 1899);[0.006762306178861932, 0.32582608068513735, 0.004366073019636436, 0.00766269678574164]
('easy', 1900);[0.011756815291866462, 0.2675838507783688, 0.008080333102825573, 0.02196462264130685]
('easy', 1901);[0.0028625255963936826, 0.003047142635871616, 0.27429503874467337, 0.005347901873508759]
('easy', 1902);[0.030260453044238727, 0.17413688406552194, 0.04402869938182456, 0.012614436579923711]
('easy', 1903);[0.46117860169275005, 0.013926390381794489, 0.0037482371222372114, 0.010845883734699628]
('easy', 1904);[0.009208254471072572, 0.39154492010402503, 0.01949387486823437, 0.01720328419058852]
('easy', 1905);[0.4352594548395346, 0.004542340557016411, 0.0037657325864583835, 0.007035314681421662]
('easy', 1906);[0.10054202692615484, 0.0028521570853159523, 0.008252990174210991, 0.07830220930167567]
('easy', 1907);[0.07710455020364017, 0.011824365740072361, 0.04127109168731464, 0.00717184035300955]
('easy', 1908);[0.007136556442240102, 0.002625392395859745, 0.2515723163125638, 0.008086777892748465]
('easy', 1909);[0.019693157561175078, 0.30805277764402367, 0.011944503847404355, 0.03246852775835841]
('easy', 1910);[0.00651796782712873, 0.0034888167701897428, 0.00651796782712873, 0.2771510114121346]
('easy', 1911);[0.007640542644099983, 0.003390470245879149, 0.008657869077753014, 0.25301996254436576]
('easy', 1912);[0.004699746732946462, 0.003034384552711183, 0.35072708388560947, 0.0072791101358942595]
('easy', 1913);[0.047804792313678145, 0.054169926459425304, 0.054169926459425304, 0.047804792313678145]
('easy', 1914);[0.2069916019385852, 0.004573040139324466, 0.014994421352561607, 0.006250604768939383]
('easy', 1915);[0.0029693598337714707, 0.002040809178623675, 0.3028829373250742, 0.0033647255022369107]
('easy', 1916);[0.005990979814585072, 0.4200000852282134, 0.006377364816114554, 0.008716824195372223]
('easy', 1917);[0.005382313215261646, 0.0036992061679442956, 0.2760600367824628, 0.005382313215261646]
('easy', 1918);[0.0033960897043925505, 0.0028154572528940923, 0.2101085799347015, 0.005960323051149069]
('easy', 1919);[0.022639918217159164, 0.012118274966469724, 0.130283733957015, 0.037326914731541636]
('easy', 1920);[0.004483024486769952, 0.0018688026418231306, 0.2773549038122118, 0.004483024486769952]
('easy', 1921);[0.006556205500632325, 0.00309693219139537, 0.0037356132896667017, 0.23111418288727958]
('easy', 1922);[0.014050669679219117, 0.362371547091259, 0.012399672471150161, 0.023165637967709905]
('easy', 1923);[0.012298402958776398, 0.16977425649190803, 0.007459358459998452, 0.009578005854822743]
('easy', 1924);[0.016557132219709038, 0.00504964002628195, 0.12234157880884225, 0.016557132219709038]
('easy', 1925);[0.44789119083349405, 0.009295684551146072, 0.007706393166319798, 0.015325992845193101]
('easy', 1926);[0.008563353144930121, 0.3213373794685908, 0.01599844989508021, 0.007557132626138886]
('easy', 1927);[0.004243118846295013, 0.19205822394993197, 0.004808083556857891, 0.004808083556857891]
('easy', 1928);[0.004265626587841143, 0.46316759501229054, 0.0035363286486048123, 0.007486407807844265]
('easy', 1929);[0.005473815315076509, 0.004537952283740249, 0.005473815315076509, 0.1411715576197604]
('easy', 1930);[0.015200272884765692, 0.004091097946621904, 0.2694312836444251, 0.011837984425554563]
('easy', 1931);[0.015614565044000314, 0.1678724146948444, 0.007375798262384779, 0.015614565044000314]
('easy', 1932);[0.1864372942523844, 0.07771862702544532, 0.013505472297765973, 0.017341369694703703]
('easy', 1933);[0.38650189597141615, 0.0021589813971710343, 0.0035595585525617654, 0.00517912713380816]
('easy', 1934);[0.11736164185593102, 0.01799799069568267, 0.09140133857994484, 0.04892361105684917]
('easy', 1935);[0.603162289789031, 0.004902210852817307, 0.007132674703497353, 0.00860364798663833]
('easy', 1936);[0.358516470279547, 0.0037414551046955364, 0.004804123449825164, 0.003982758227238338]
('easy', 1937);[0.007762318181979778, 0.4802375919989954, 0.005679033298793088, 0.007292023097866355]
('easy', 1938);[0.004248435298862967, 0.0035220765694628517, 0.01788658070076606, 0.1697031122441972]
('easy', 1939);[0.12791542265643885, 0.04152805757859903, 0.022228367423139793, 0.017311469955540178]
('easy', 1940);[0.5466767339888196, 0.004173928620048807, 0.0053594304355830584, 0.008836206957983442]
('easy', 1942);[0.020367120902446228, 0.28115943145441674, 0.023078971544031966, 0.023078971544031966]
('easy', 1943);[0.003711974230673423, 0.006934880850548206, 0.22965168626896842, 0.005073667215143848]
('easy', 1944);[0.043248577369713576, 0.01591026247423012, 0.09155723901015819, 0.03368202592225717]
('easy', 1945);[0.35598702538607696, 0.004481216380426014, 0.004770230006175438, 0.0042097132050659195]
('easy', 1946);[0.008549803154230158, 0.002775714689449022, 0.32082891993998575, 0.009688196218241777]
('easy', 1947);[0.016073370340299254, 0.36582813552438037, 0.016073370340299254, 0.012517953407621754]
('easy', 1948);[0.45418169868878705, 0.019955349958824083, 0.0028748407337182325, 0.0050455026177313456]
('easy', 1949);[0.005449475423099901, 0.2975312058153648, 0.011536539561232854, 0.007448549767787072]
('easy', 1950);[0.01683234230745411, 0.007951035510328835, 0.007951035510328835, 0.20505988406000872]
('easy', 1951);[0.0075526115593809885, 0.4389534912412729, 0.002163859440584374, 0.005525608656206199]
('easy', 1952);[0.3543014856988131, 0.0034734491304028964, 0.004189779410916974, 0.005053838663849272]
('easy', 1953);[0.4354996280335742, 0.004837964725326218, 0.006212069672357591, 0.007976455349542238]
('easy', 1954);[0.007884602022592314, 0.0021221118455634594, 0.004492510812311798, 0.23042184701033677]
('easy', 1955);[0.007011586739453546, 0.49155026746998887, 0.0054606292432595, 0.009003055584769082]
('easy', 1956);[0.014823151680832551, 0.007934261343836103, 0.008990695967995798, 0.20462729704937813]
('easy', 1957);[0.010701272532956753, 0.003936778159247435, 0.1477265105665236, 0.04232435390072657]
('easy', 1958);[0.0064398598053825315, 0.007297317176436449, 0.00685519507903755, 0.2738297742105242]
('easy', 1959);[0.3535675512078527, 0.0026995222098197226, 0.005368640968638072, 0.006083467208683419]
('easy', 1960);[0.002845928230477012, 0.2727046337076291, 0.005316893911730916, 0.0060248301111983146]
('easy', 1961);[0.004059452399371602, 0.007124560838225787, 0.008073185092616042, 0.20821016293239641]
('easy', 1962);[0.02935891175346262, 0.278549565954117, 0.020178065285125123, 0.02935891175346262]
('easy', 1963);[0.4378641342715198, 0.003140583488198569, 0.003558747321379426, 0.005867382405805364]
('easy', 1964);[0.02046496849407286, 0.5277984623975448, 0.010954105659070948, 0.026277539698103404]
('easy', 1965);[0.3297443228415216, 0.011283227561459983, 0.0573009713105679, 0.008787386460437894]
('easy', 1966);[0.007273215379648978, 0.009338993408513468, 0.009338993408513468, 0.37304473861389426]
('easy', 1967);[0.006867028572901027, 0.545515680547319, 0.0073099138650837584, 0.009991467617508873]
('easy', 1968);[0.006463486511736031, 0.012075382546468538, 0.0039203027380069625, 0.18889080907023104]
('easy', 1969);[0.004365977253017582, 0.00635245941955894, 0.27011344788113695, 0.010473434966286214]
('easy', 1970);[0.025754323934046, 0.05452190419622358, 0.2443502221302343, 0.025754323934046]
('easy', 1971);[0.0032650750746998623, 0.002244051093288848, 0.27610542191464615, 0.0064933771420548165]
('easy', 1972);[0.4546117679678557, 0.010691444022219013, 0.010691444022219013, 0.012114993254828042]
('easy', 1973);[0.2746768304994932, 0.003918054559627312, 0.008294521567820385, 0.008294521567820385]
('easy', 1974);[0.025375946719517505, 0.001726854845956322, 0.0023603307223529326, 0.18750431622624505]
('easy', 1975);[0.015532559328704969, 0.010675361498803625, 0.24297016572683952, 0.017600695575490738]
('easy', 1976);[0.0036080665049214927, 0.0040884749786140205, 0.32478779631453286, 0.008655301597646384]
('easy', 1977);[0.014446098317062657, 0.008762001542521576, 0.13706076469835396, 0.014446098317062657]
('easy', 1978);[0.0071560548551133085, 0.004340366672211668, 0.0033802809631354753, 0.20913057783991543]
('easy', 1979);[0.5748395807767851, 0.006797745897206753, 0.0036385711796479915, 0.00819964672908815]
('easy', 1980);[0.005023069658120716, 0.3521442856709389, 0.005023069658120716, 0.010633838549688177]
('easy', 1981);[0.008136228407821883, 0.32500050366812694, 0.005253143882190953, 0.007180196368623606]
('easy', 1982);[0.0061865057817608446, 0.49145511457123325, 0.004526144318504996, 0.005811684344557231]
('easy', 1983);[0.005476843890104484, 0.01023209145717507, 0.299025544420034, 0.0090297890179193]
('easy', 1984);[0.00943369966141593, 0.004186178848866112, 0.1672163275330864, 0.11492598915228995]
('easy', 1985);[0.006519789375035309, 0.005753693928972615, 0.029219661816490904, 0.168147544081161]
('easy', 1986);[0.01800210199622847, 0.007988384336631623, 0.005844426830712246, 0.31909493100003866]
('easy', 1987);[0.01975551462417097, 0.007267647679994273, 0.01975551462417097, 0.165410879054868]
('easy', 1988);[0.03297838591057858, 0.00944846575608727, 0.004192731263656923, 0.06981524352055404]
('easy', 1989);[0.04406197776872859, 0.004943616895827861, 0.3255764255629707, 0.03431550278996066]
('easy', 1990);[0.019691786606221378, 0.053527825701584784, 0.008738177337201374, 0.3490452693045917]
('easy', 1991);[0.005259013621321587, 0.002333673148141213, 0.0036144636789500126, 0.1741546129269835]
('easy', 1992);[0.01784277837448637, 0.16928752744252068, 0.004511360872238805, 0.008428331712078052]
('easy', 1993);[0.008137609682604607, 0.18521118684593094, 0.017227319833261416, 0.013416650176365535]
('easy', 1994);[0.16469644715505527, 0.015319154080752916, 0.006797833416051704, 0.02525702120381239]
('easy', 1995);[0.6326532385967344, 0.002929765734448096, 0.004262783990464569, 0.006202314108497864]
('easy', 1996);[0.024191410414509153, 0.003709872057546578, 0.2025521994938994, 0.010084477799936832]
('easy', 1997);[0.01876982268441306, 0.427199169758284, 0.006486677147242678, 0.010046762103107083]
('easy', 1998);[0.007292520341201834, 0.3740349164253798, 0.012798771785803985, 0.009967693489136347]
('easy', 1999);[0.403948608192004, 0.006133636727956176, 0.007398578160220266, 0.007398578160220266]
('easy', 2000);[0.00738025219784471, 0.4566001168423208, 0.005072368210352178, 0.010738203585581163]
('easy', 2001);[0.004002695623040239, 0.3835492976099061, 0.0025843345307553036, 0.0058238877668534]
('easy', 2002);[0.006012552530678458, 0.001951990014206451, 0.003425849164773031, 0.255660269663741]
('easy', 2003);[0.023181572118956884, 0.0027686439672560494, 0.004288159662616778, 0.32001169391743595]
('easy', 2004);[0.4618792350853836, 0.005814201163528015, 0.008459612775796418, 0.008459612775796418]
('easy', 2005);[0.2989487358144335, 0.007030599554746227, 0.006604637061139213, 0.007484034268897728]
('easy', 2006);[0.021423880185929736, 0.3351258712794517, 0.008930804092926417, 0.021423880185929736]
('easy', 2007);[0.38496117592277973, 0.01492656553206657, 0.007505548500175692, 0.03580696927865534]
('easy', 2008);[0.004352306306902021, 0.0052498835221309334, 0.20970588665479492, 0.006740983877066279]
('easy', 2009);[0.01091351225489524, 0.005155178162141683, 0.40952652606385676, 0.0058415821597147324]
('easy', 2010);[0.40098161611035166, 0.004184618169622879, 0.013720834745216005, 0.010685796843967565]
('easy', 2011);[0.005265419660285307, 0.25370206638025355, 0.0020619679657823656, 0.0046467165410098155]
('easy', 2012);[0.005572407708432377, 0.32386511097796095, 0.008107805374521394, 0.011082056005548662]
('easy', 2013);[0.43838077622511984, 0.0031442891061329685, 0.004037347129689111, 0.007085764881726168]
('easy', 2014);[0.4398829177081325, 0.0045905904538824415, 0.005201820471480229, 0.0071100455835937425]
('easy', 2015);[0.32848375361231685, 0.004135000214800487, 0.004401684816279277, 0.004401684816279277]
('easy', 2016);[0.3237261529700035, 0.006718722758226579, 0.006311655924500234, 0.009775683930419594]
('easy', 2017);[0.008884985169199314, 0.21526351130304822, 0.010717337876745003, 0.0480317874769974]
('easy', 2018);[0.013139574908087799, 0.005477389733902532, 0.007969555037346058, 0.29905531083144116]
('easy', 2019);[0.1583686172419738, 0.05141476233973688, 0.007884707294089292, 0.01669192547257311]
('easy', 2020);[0.10016478429353393, 0.18713245333346532, 0.0034274504396186517, 0.008752301310643333]
('easy', 2021);[0.38266576663177143, 0.0025783819612963475, 0.002744673310773725, 0.006584128995225967]
('easy', 2022);[0.18777676445362915, 0.0068397673298784606, 0.006036073483017049, 0.013602501572154117]
('easy', 2023);[0.0062016250507135155, 0.0035335794393176008, 0.2988110999751591, 0.008476616416249102]
('easy', 2024);[0.009877455852641518, 0.0036337129392653537, 0.0043830944650542925, 0.25474297432441995]
('easy', 2025);[0.4696621858471301, 0.004063374080380768, 0.004604406053415304, 0.00629347689037834]
('easy', 2026);[0.004994573826144422, 0.13711940126955235, 0.0072670620367169154, 0.021027941235488644]
('easy', 2027);[0.5212345633702923, 0.003512051071415035, 0.006984547560809714, 0.008424972546368203]
('easy', 2028);[0.06108701641913309, 0.18816127965491727, 0.025464857040614023, 0.0224726574631014]
('easy', 2029);[0.015805534207634326, 0.020294712485565955, 0.3597323862297795, 0.010862974206471036]
('easy', 2030);[0.014672450810985397, 0.0057458142947204435, 0.22951580159592755, 0.005397693004960784]
('easy', 2031);[0.37501507067183915, 0.005694302391064995, 0.004434727161206791, 0.005349302049776465]
('easy', 2032);[0.4912024394793262, 0.0027438345223850754, 0.010194582000983905, 0.00658211684648357]
('easy', 2033);[0.00690933991247457, 0.37723726711164074, 0.0057280439748474375, 0.008871768060152403]
('easy', 2034);[0.011729355163218587, 0.004593281479206963, 0.011729355163218587, 0.20790774537023024]
('easy', 2035);[0.005726522818139152, 0.006489000472826263, 0.18963634606160884, 0.007353000847732985]
('easy', 2036);[0.006067108294687321, 0.0026922629857381065, 0.15647280388741822, 0.006067108294687321]
('easy', 2037);[0.017805696122429528, 0.3156135155479284, 0.008953266278112304, 0.0122376640463558]
('easy', 2038);[0.005107660646609222, 0.2968543161053822, 0.008964223604004366, 0.007910899564609572]
('easy', 2039);[0.00858100310643506, 0.0038077970462779484, 0.004593079980876324, 0.25077361012102184]
('easy', 2040);[0.00746322225296437, 0.43375813214148917, 0.004526673116672486, 0.006586270521541483]
('easy', 2041);[0.08069979275101692, 0.24857289096807147, 0.005491689816348028, 0.015890731379234017]
('easy', 2042);[0.005016346083815447, 0.27388328140118634, 0.004426909881259497, 0.009371768292169168]
('easy', 2043);[0.34867381159421884, 0.0067980570804413555, 0.005294332177611836, 0.008728878075380763]
('easy', 2044);[0.6051574627380542, 0.0059327560678964445, 0.009781461123016122, 0.0076178095821874585]
('easy', 2045);[0.02699003591264581, 0.07336652417080214, 0.057137906475447864, 0.09420448176934548]
('easy', 2046);[0.04668000816159585, 0.013374046255770036, 0.013374046255770036, 0.23706064210356992]
('easy', 2047);[0.0039672611921058665, 0.0039672611921058665, 0.23057492442909902, 0.006962760230583267]
('easy', 2048);[0.0077035164175042695, 0.37117614095366264, 0.011208550249839076, 0.008729227711669863]
('easy', 2049);[0.010737850285554037, 0.2443923751630456, 0.010087276824784873, 0.012167578440338736]
('easy', 2050);[0.34935743799534824, 0.00564683773152878, 0.004983316807471972, 0.017393484723761024]
('easy', 2052);[0.355205770739283, 0.004471380767399494, 0.0047597600506086475, 0.005393514738316468]
('easy', 2053);[0.0063995354042440805, 0.3494027941433367, 0.007719313186839734, 0.009311269070720359]
('easy', 2054);[0.0104970037410921, 0.27072126232232124, 0.008175074733465995, 0.011894663551055203]
('easy', 2055);[0.005019920975466703, 0.006861418450962064, 0.0574499670101882, 0.006055180530310814]
('easy', 2056);[0.0021707494545569117, 0.004595476631358937, 0.30264862486789706, 0.004891859410168098]
('easy', 2057);[0.35194024354111253, 0.00534393032690601, 0.0030448797168297513, 0.006055466383230445]
('easy', 2058);[0.33203568315576854, 0.0017423633565446558, 0.0022372388349087033, 0.003057942923020675]
('easy', 2059);[0.016638341898454513, 0.13931114769535438, 0.003077783776512471, 0.006935892807891296]
('easy', 2060);[0.009218407290472798, 0.34591826402077047, 0.015198584181779638, 0.010445823960939205]
('easy', 2061);[0.008715003835987214, 0.012680255759726087, 0.018449663265564457, 0.2546897148960596]
('easy', 2062);[0.008209321605775628, 0.3490692787763708, 0.008209321605775628, 0.0077119439533025235]
('easy', 2063);[0.40513318293765754, 0.0032927254345050537, 0.0042279431480786766, 0.008408268957847777]
('easy', 2064);[0.40985079055503837, 0.004277177064389894, 0.0037745955111299534, 0.005492004062350484]
('easy', 2065);[0.010578954422152478, 0.0036559888202291873, 0.35032681517777275, 0.007739728393160943]
('easy', 2066);[0.008334060078196962, 0.24355696580934022, 0.019992375586577404, 0.015570074050088747]
('easy', 2067);[0.405450561240673, 0.005433041276129621, 0.0047946420977986485, 0.008414858942199413]
('easy', 2068);[0.0023403381974341606, 0.002198544274070994, 0.1746520252008852, 0.003198863043431302]
('easy', 2069);[0.005107105377689458, 0.003977417667372732, 0.0035100587717416826, 0.1916427382902997]
('easy', 2070);[0.053978540437436856, 0.00777634790239851, 0.39885046343061753, 0.025497657068423513]
('easy', 2071);[0.24522544644544048, 0.0030869331693106736, 0.01220905752315209, 0.029287999472108625]
('easy', 2072);[0.02826632403018122, 0.2366710334708957, 0.022013835289255202, 0.015129876586618709]
('easy', 2073);[0.347449420177709, 0.002652809375584574, 0.025169154579761648, 0.008171228135643327]
('easy', 2074);[0.3794171979599628, 0.008382416239657279, 0.0028968855366766117, 0.00739745636767236]
('easy', 2075);[0.005443341191979552, 0.4324182282414683, 0.004803731741633094, 0.006989388442205091]
('easy', 2076);[0.042057376586276715, 0.015472040506874028, 0.012049637262465988, 0.14679466817723147]
('easy', 2077);[0.24019965874742777, 0.003882465884243339, 0.015355450446304085, 0.03250748884992085]
('easy', 2078);[0.00972310066085602, 0.28415068681976874, 0.020583804260558898, 0.018165143503350828]
('easy', 2079);[0.006316608711484933, 0.006723994972527992, 0.2523160799490806, 0.006723994972527992]
('easy', 2080);[0.0162842708060718, 0.19838300710033085, 0.011192004737941972, 0.023693474216152286]
('easy', 2081);[0.01855971241150391, 0.009934298178283216, 0.19953571286586352, 0.02103090940846083]
('easy', 2082);[0.43858429410556166, 0.010314511506040283, 0.021835826235704948, 0.00910252445575372]
('easy', 2083);[0.007652943541869672, 0.34639863333286297, 0.007652943541869672, 0.006753698971354769]
('easy', 2084);[0.003963402033979314, 0.002724003725492315, 0.27785590076481465, 0.006534545237757847]
('easy', 2085);[0.007584608857700207, 0.0021730268200393964, 0.00460029781412319, 0.17262492250518346]
('easy', 2086);[0.0022158489524265993, 0.001343980326938853, 0.212328712457252, 0.004690952269098289]
('easy', 2087);[0.012281261734017435, 0.010838175440101103, 0.14961639690448608, 0.02294441758674512]
('easy', 2088);[0.35126190572548716, 0.015433371036292323, 0.00323501031133481, 0.006433586220636612]
('easy', 2089);[0.3175350078411894, 0.026064860681683726, 0.0551793104961315, 0.012312168387881756]
('easy', 2090);[0.003654531702415124, 0.0034331148197147376, 0.350187315413368, 0.0034331148197147376]
('easy', 2091);[0.04009235296051246, 0.014749148885890006, 0.13993606180379908, 0.04009235296051246]
('easy', 2092);[0.014409869315609579, 0.01122241750695335, 0.014409869315609579, 0.2894300312024738]
('easy', 2093);[0.004526770249582134, 0.002579275939714813, 0.005460327207224932, 0.19248319192370975]
('easy', 2094);[0.008402785921267893, 0.0035028023100658694, 0.003728713649749796, 0.191246571658151]
('easy', 2095);[0.005555208126330807, 0.002793334068119914, 0.005913488268614608, 0.2514478596263225]
('easy', 2096);[0.0075755907480079205, 0.005899876006777058, 0.006280385317516606, 0.3221223537949364]
('easy', 2097);[0.011230490117627, 0.0053049079024554986, 0.006011248183329431, 0.1550321709372208]
('easy', 2098);[0.011355754244752611, 0.42612161049928055, 0.01002141794750605, 0.011355754244752611]
('easy', 2099);[0.026908564263271446, 0.0077094327380479565, 0.19882889088299321, 0.012710705740251595]
('easy', 2100);[0.011617932835264624, 0.007984880679390977, 0.005487922883370594, 0.20593281146882347]
('easy', 2101);[0.14268428240028408, 0.010336017213981344, 0.015038816307688798, 0.05947965813776107]
('easy', 2102);[0.12402132763510261, 0.10944843749240733, 0.03553270528042615, 0.040263830021794345]
('easy', 2103);[0.5518139091183492, 0.0024005811845729487, 0.007394310611917203, 0.0054097932089646325]
('easy', 2104);[0.04954194953222489, 0.014194009570903074, 0.10488030798274439, 0.011054305768742329]
('easy', 2105);[0.01610741319539157, 0.3666030782576901, 0.011070452398248859, 0.01610741319539157]
('easy', 2106);[0.005489569126089812, 0.29972024730468405, 0.011621417931128558, 0.007503351362235835]
('easy', 2107);[0.3196158444580815, 0.009651562202948799, 0.009066803610006908, 0.010274034484940044]
('easy', 2108);[0.007346303581912168, 0.0034701480983768194, 0.013724701968977264, 0.18946364392658002]
('easy', 2109);[0.0034713347179281943, 0.002105470936548356, 0.003261017179419678, 0.1571246068780684]
('easy', 2110);[0.016059909663709137, 0.2512191950673876, 0.0026217081830164765, 0.005908110592349163]
('easy', 2111);[0.011453040196855955, 0.4869957484421452, 0.007871551736861142, 0.011453040196855955]
('easy', 2112);[0.005719383972628181, 0.004741535851363055, 0.3538457988298753, 0.00734383438865109]
('easy', 2113);[0.003215101672245896, 0.0011827698064951898, 0.25540716098742106, 0.0056426791624760025]
('easy', 2114);[0.009084603157227018, 0.3408972997660212, 0.0058654606416458, 0.009084603157227018]
('easy', 2115);[0.10059415357775495, 0.04193388202827298, 0.16585172071171997, 0.047517313551424314]
('easy', 2116);[0.0058516966399490946, 0.24882041334335084, 0.006229098648494067, 0.010932408591704615]
('easy', 2117);[0.29390400262721506, 0.02129033454170946, 0.0025427678497078306, 0.006099782972957958]
('easy', 2118);[0.005941586154262181, 0.0023267585693940336, 0.004627311949625603, 0.2526426419584682]
('easy', 2119);[0.022229183585112614, 0.004960001293315025, 0.003408955711684773, 0.18612265321535865]
('easy', 2120);[0.5220755995256142, 0.0035177177191193583, 0.003744591020039728, 0.005448347785414217]
('easy', 2121);[0.006553979993853987, 0.004231567525269712, 0.45946938782154023, 0.009535984622637004]
('easy', 2122);[0.2060852687135198, 0.00799079208757759, 0.004277162787795025, 0.013174588884531453]
('easy', 2123);[0.014433869632634136, 0.007725893678620621, 0.012737845243109478, 0.13694472584578551]
('easy', 2124);[0.3550022822691226, 0.0030713711764686477, 0.002885286203923441, 0.004198066655424947]
('easy', 2125);[0.006400127429664271, 0.004398738965304276, 0.3494351176360517, 0.006400127429664271]
('easy', 2126);[0.007763436073715121, 0.39818823684868876, 0.010611358979431157, 0.010611358979431157]
('easy', 2127);[0.05394689078195302, 0.013639906808224219, 0.03272044325542335, 0.1142055686815967]
('easy', 2128);[0.0034924020000417257, 0.003717642577358067, 0.2300024018370349, 0.007870249398027013]
('easy', 2129);[0.003097539187866949, 0.002412365945105143, 0.2311595086564747, 0.004797562545374896]
('easy', 2130);[0.00422847138365827, 0.4313158070339837, 0.003972281253541552, 0.005429464730354001]
('easy', 2131);[0.0076415664784851445, 0.3249276361062029, 0.005951257957336429, 0.008659029234102757]
('easy', 2132);[0.0013932394351194998, 0.00190433252106088, 0.17142255058819095, 0.002445211358867214]
('easy', 2133);[0.007897617456094708, 0.13998861895833767, 0.0027293435602168212, 0.004227290001445768]
('easy', 2134);[0.005578942765578275, 0.005240931710672971, 0.3242449633701196, 0.005240931710672971]
('easy', 2135);[0.003105575731620839, 0.002418624811673861, 0.004518586026954961, 0.2795550517225843]
('easy', 2136);[0.0055427033799932595, 0.0026181876884733865, 0.1619815364921331, 0.20798840989003178]
('easy', 2137);[0.003965746199667655, 0.38000865699150865, 0.005770126673071197, 0.006142267870738433]
('easy', 2138);[0.1800941339277226, 0.26203541868793695, 0.005789117829219091, 0.008966361096257588]
('easy', 2139);[0.37764460196967176, 0.004753844533383994, 0.004465823653245356, 0.011403880202495411]
('easy', 2140);[0.013909254850628576, 0.24654750022238678, 0.020237851216480307, 0.06233697030289891]
('easy', 2141);[0.011463339252993676, 0.43015858067427315, 0.007878630167726266, 0.008927657586844648]
('easy', 2142);[0.005941880811150224, 0.003603932888320783, 0.005243691411366916, 0.32441570000624076]
('easy', 2143);[0.0037563781597344053, 0.3831609890401976, 0.003314992090902035, 0.004531056964535956]
('easy', 2144);[0.004353171810299704, 0.002640332169943518, 0.25300391669363204, 0.0076400544582147885]
('easy', 2145);[0.2904225098896247, 0.006830081150030048, 0.009937709434439331, 0.023839331324639078]
('easy', 2146);[0.0100079466233163, 0.007794196667175556, 0.008831981896308594, 0.13815544161176954]
('easy', 2147);[0.4059983800824623, 0.004510233792375337, 0.0061647586709827895, 0.009548165013385635]
('easy', 2148);[0.004652223668003632, 0.0016077654785817878, 0.003623155435664552, 0.2540028058134069]
('easy', 2149);[0.0043721105533881385, 0.0017121430931598086, 0.005613901075119077, 0.1277717995351471]
('easy', 2150);[0.007405393705219502, 0.001872376751202713, 0.27788534867621373, 0.005767326416577001]
('easy', 2151);[0.004201881805857157, 0.006113701952762588, 0.27672734639050983, 0.006113701952762588]
('easy', 2152);[0.007604856376674799, 0.0020468193263918732, 0.004910064313295842, 0.2518382559945292]
('easy', 2153);[0.0026637954530041455, 0.0017198756089374457, 0.25525223324274143, 0.005297589828692279]
('easy', 2154);[0.01586228898078437, 0.004010614734439604, 0.00548186038646272, 0.17053567799376643]
('easy', 2155);[0.007004689387332549, 0.27980130269573916, 0.04862218154822563, 0.013930488247373668]
('easy', 2156);[0.008469444962498582, 0.005136978040504105, 0.24751343354770694, 0.015823006312882675]
('easy', 2157);[0.00829781289388809, 0.012073246520715382, 0.39981094365042513, 0.00829781289388809]
('easy', 2158);[0.007070640839715057, 0.0048595756433177555, 0.20663443904776532, 0.016961585622907224]
('easy', 2159);[0.006380646861072672, 0.003014004162022674, 0.002659849337362089, 0.21129802978191947]
('easy', 2160);[0.012309738075428794, 0.005462413158774176, 0.008460351003967225, 0.16993069247331158]
('easy', 2161);[0.010346254047466124, 0.0071108694824711695, 0.00805767075402231, 0.12604317744915994]
('easy', 2162);[0.3252269971078519, 0.0036129455850140674, 0.004358044254155949, 0.008141898560137577]
('easy', 2163);[0.0053239238508412485, 0.003895065896597247, 0.004698346307963654, 0.3293795052673304]
('easy', 2164);[0.0054510295550685844, 0.0016624700860306306, 0.0031059030175787246, 0.1921553696282869]
('easy', 2165);[0.0038816995200344185, 0.005305654180219158, 0.2256021564610747, 0.0049842008436688]
('easy', 2166);[0.019454826855530342, 0.004077953243972146, 0.007157030831699671, 0.26856560060425905]
('easy', 2167);[0.24605446434403358, 0.013881439676366689, 0.0054360498836397595, 0.007430199231072224]
('easy', 2168);[0.43882821132161787, 0.003147497774596476, 0.005880299993416782, 0.005880299993416782]
('easy', 2169);[0.008677890130177541, 0.002998998580868356, 0.004363517187615628, 0.2536051237866863]
('easy', 2170);[0.38193082567682285, 0.006173336465921512, 0.045615129464268336, 0.011533310896326787]
('easy', 2171);[0.014462681406029174, 0.014462681406029174, 0.17619152888452883, 0.04454819494738459]
('easy', 2172);[0.008361354321663749, 0.009474655715136901, 0.00420435298753633, 0.19030354720087328]
('easy', 2173);[0.009778849539805632, 0.005571820513409139, 0.008106951010803876, 0.32383102214671383]
('easy', 2174);[0.4864352365555923, 0.0030789962542536334, 0.011439858904984557, 0.011439858904984557]
('easy', 2175);[0.020119808661748093, 0.005764420319154966, 0.017755664591306577, 0.24510944751225558]
('easy', 2176);[0.003867676288008135, 0.0009779017093635791, 0.028578483878236676, 0.002829652420013085]
('easy', 2177);[0.022405543037731165, 0.39714775301544697, 0.025388806433327273, 0.028769286735137886]
('easy', 2178);[0.4560627641077377, 0.007371568458899095, 0.006505386332168751, 0.006924947703713612]
('easy', 2179);[0.010441366955536994, 0.03644395161953334, 0.009214473997010544, 0.163330479123701]
('easy', 2180);[0.0032961688794774136, 0.003975938609625715, 0.004505328684986047, 0.2787347824651502]
('easy', 2181);[0.06203655675343402, 0.02014032121641865, 0.010780339675364535, 0.025860684342136918]
('easy', 2182);[0.059171962086138175, 0.07597830327388481, 0.04608317040855589, 0.03588960920059632]
('easy', 2183);[0.005910976386345443, 0.0020427787778218467, 0.17274403074604341, 0.005216418352200537]
('easy', 2184);[0.0029026403935012448, 0.002726778302305117, 0.2166148824747124, 0.05476881933019894]
('easy', 2185);[0.005207086589267206, 0.207996368964648, 0.009138721567688928, 0.015067204635654755]
('easy', 2186);[0.003391944998926563, 0.002057318637907896, 0.2531301091791049, 0.004935250852295293]
('easy', 2187);[0.008018154918054509, 0.0024453990868624604, 0.11068721440166218, 0.024697655875826473]
('easy', 2188);[0.023944273161248003, 0.009981458069731745, 0.20048294460684649, 0.018647818688055567]
('easy', 2189);[0.006066064003384453, 0.27457102217957297, 0.005698539764641963, 0.006873751041639452]
('easy', 2190);[0.005375344585387408, 0.003694416703343869, 0.004456317181539512, 0.2757025156140137]
('easy', 2191);[0.005934926275934835, 0.4714695068094382, 0.02347308316977977, 0.007620596184468253]
('easy', 2192);[0.022833060211435403, 0.1488902556023767, 0.09030650495529215, 0.01222165642623303]
('easy', 2193);[0.004501044848181735, 0.00654898161091591, 0.2964295068076638, 0.0147583578810186]
('easy', 2194);[0.010047902347146148, 0.42724778149542153, 0.008867242698828963, 0.0165661903256576]
('easy', 2195);[0.24232757502465527, 0.003247191749900768, 0.0025289154776057237, 0.05407059706934905]
('easy', 2196);[0.5432603493143958, 0.0056694308261141186, 0.009950160973685857, 0.012776259590347085]
('easy', 2197);[0.017900804173228653, 0.0037522123938706184, 0.005459436818905759, 0.16983810125397775]
('easy', 2198);[0.012274628494521152, 0.005798123948133588, 0.009559490283443653, 0.2465424450648096]
('easy', 2199);[0.006957990877060253, 0.335254735176131, 0.006957990877060253, 0.024285774455830998]
('easy', 2200);[0.009180042734470883, 0.006716262738936964, 0.015135331722258312, 0.2682801100330708]
('easy', 2201);[0.0075928845868957545, 0.0067006971296178185, 0.005218508171670672, 0.25144177479104457]
('easy', 2202);[0.5190057394138855, 0.0037225722042645904, 0.006137483974888093, 0.00950592113768813]
('easy', 2203);[0.3376329638254147, 0.02158415325024043, 0.014834557120671563, 0.014834557120671563]
('easy', 2204);[0.0029389753726283938, 0.4361826975719894, 0.002760911856334216, 0.004017103047483884]
('easy', 2205);[0.011665940478745161, 0.010295156338228858, 0.024696796187305983, 0.2655156131154926]
('easy', 2206);[0.30082173262164424, 0.002602618561629663, 0.006646019322336405, 0.004290992582077798]
('easy', 2207);[0.466716995283045, 0.003793250286564815, 0.0033475316286215783, 0.004575533239279284]
('easy', 2208);[0.23170242685288786, 0.002739989325829362, 0.0022715309346160255, 0.006996807857642806]
('easy', 2209);[0.005120511990105094, 0.0029175797857906405, 0.0033060510209677067, 0.23177201480536844]
('easy', 2210);[0.010947113859730838, 0.46548315383859595, 0.00517105043638444, 0.02045190121399239]
('easy', 2211);[0.11978398232430058, 0.2873468358107562, 0.0026463722367803914, 0.007193585562578655]
('easy', 2212);[0.25507684315783874, 0.01630651702643943, 0.023725842275794894, 0.03452089681586714]
('easy', 2213);[0.005374762778639673, 0.0044558348468044864, 0.27567280607875305, 0.00572140519585989]
('easy', 2214);[0.00695529400519126, 0.16851130820622112, 0.010772570091148575, 0.008389686022678106]
('easy', 2215);[0.0194135657897504, 0.23650564798935383, 0.03200755885769782, 0.01713241576226273]
('easy', 2216);[0.013384253736656295, 0.01947397892086432, 0.26882995466394854, 0.0104236672909343]
('easy', 2217);[0.008776908950484975, 0.37320370968000305, 0.011269774172376838, 0.007745594963070003]
('easy', 2218);[0.0190077677822561, 0.006992565322495232, 0.005115870076367827, 0.29733151435796396]
('easy', 2219);[0.0036235804637572257, 0.00206465391227938, 0.003004053716524379, 0.2106004496140702]
('easy', 2220);[0.020857770085117598, 0.006361261986340735, 0.3697128209866445, 0.00985251530199408]
('easy', 2221);[0.002901840501567777, 0.1584351041899147, 0.035351654385274184, 0.02144186225623336]
('easy', 2222);[0.006613625078653588, 0.3186623017752105, 0.00797755462820117, 0.012355878317166929]
('easy', 2223);[0.3625645641885274, 0.009662019513575787, 0.02976111530029094, 0.0140581554401263]
('easy', 2224);[0.003569721367600872, 0.0020339659243339588, 0.23509446809137433, 0.004879230604655685]
('easy', 2225);[0.008953744446886128, 0.4592394808390854, 0.006973183186656159, 0.009531211350276837]
('easy', 2226);[0.0035978185411779506, 0.00337983773521509, 0.17335262594094064, 0.009779884762577054]
('easy', 2227);[0.009759531521879404, 0.19602547747183297, 0.04373919618146251, 0.01253148652905835]
('easy', 2228);[0.005628549502519179, 0.003634064692227953, 0.2711986701669932, 0.007227200620319769]
('easy', 2229);[0.0043824716826552056, 0.001255599159184665, 0.2547067785631911, 0.007691477335640654]
('easy', 2230);[0.4053663972334795, 0.003095010082606451, 0.004503213098349156, 0.006155162520014433]
('easy', 2231);[0.005835763399272397, 0.004838017784808251, 0.004544897105172787, 0.2993175257789726]
('easy', 2232);[0.008700645481967932, 0.0067760695145833065, 0.005617558934404091, 0.1542226129135914]
('easy', 2233);[0.007205144217544008, 0.39338759189536193, 0.017284242452936218, 0.011879274529926837]
('easy', 2234);[0.0031260938069296845, 0.29955086619017024, 0.006216979887270214, 0.007044761142007815]
('easy', 2235);[0.004459348373029437, 0.0025408601124439585, 0.004459348373029437, 0.3542499614909798]
('easy', 2236);[0.008689641554823924, 0.4456936131969676, 0.019582409532209185, 0.019582409532209185]
('easy', 2237);[0.009427066944856177, 0.006479122041644415, 0.18934770119827068, 0.005717805133218777]
('easy', 2238);[0.008931268285767194, 0.0044909237254141384, 0.005766460207837753, 0.13970854205318053]
('easy', 2239);[0.0035090831248407064, 0.004796347953764983, 0.4317534577825393, 0.006158632679912479]
('easy', 2240);[0.374401568376245, 0.0064419359767504914, 0.012811319453613903, 0.01130594973583604]
('easy', 2241);[0.4635226734770037, 0.0033246199319023947, 0.005834889694108328, 0.007038220451068199]
('easy', 2242);[0.0064797585070486595, 0.4835637046114743, 0.006087169785398257, 0.018749798464907624]
('easy', 2243);[0.004963408225465294, 0.5389337802046188, 0.007221716355297364, 0.007687477044090524]
('easy', 2244);[0.0054379087446714235, 0.2968998282945442, 0.010159351029117717, 0.007912110536974161]
('easy', 2245);[0.2988171199947602, 0.004537298843780776, 0.010224960784442249, 0.011586398495559697]
('easy', 2246);[0.0030244879646953975, 0.002507388590318659, 0.3284031365361568, 0.005308141687359032]
('easy', 2247);[0.004152397721427565, 0.004152397721427565, 0.273468393143677, 0.010603519047121947]
('easy', 2248);[0.007414025372526597, 0.0050955801512217735, 0.19121018892408786, 0.005774048765834977]
('easy', 2249);[0.008951550204073847, 0.0022633063354239274, 0.005100439560997867, 0.23086352254888343]
('easy', 2250);[0.3234594821443824, 0.004911471636910363, 0.00809764775821449, 0.009767627675114311]
('challenge', 0);[0.11373599701671364, 0.05372508083334736, 0.025377931228980653, 0.017441980051573002]
('challenge', 1);[0.005238048576082397, 0.34496713065754114, 0.010417103470747235, 0.013375825624705536]
('challenge', 2);[0.014665078490039563, 0.37821726899640207, 0.045171611085972646, 0.01883032902943066]
('challenge', 3);[0.005370218140241158, 0.002874470633204077, 0.007340217906461397, 0.27543964487110995]
('challenge', 4);[0.0897666696656692, 0.06169566965398523, 0.013766164650358346, 0.042402772301013573]
('challenge', 5);[0.019600546916746, 0.3066041401474171, 0.015264924926830872, 0.02221032941797448]
('challenge', 6);[0.031987800159402766, 0.004608278438870284, 0.08695185590568388, 0.008087780534709026]
('challenge', 7);[0.002209698587550117, 0.010541882373772286, 0.005642663018664518, 0.053536083370679874]
('challenge', 8);[0.011778525260139772, 0.00671120139388697, 0.26807806319201916, 0.022005187448214347]
('challenge', 9);[0.010743371286498361, 0.003712809768114828, 0.16805460222985097, 0.01771282475907885]
('challenge', 10);[0.0053616337945280096, 0.002695998781404843, 0.006075527040180232, 0.04489241013046183]
('challenge', 11);[0.018364638549281918, 0.2872712805125885, 0.009829882664123555, 0.014302394883004065]
('challenge', 12);[0.010810654426205756, 0.0029096481661862695, 0.16910708761630613, 0.020196961428955666]
('challenge', 13);[0.019196743720970296, 0.004023855120774776, 0.20638444487388014, 0.007062085668649316]
('challenge', 14);[0.46132700787758735, 0.0042486743513824, 0.005124879522576516, 0.008994443672458385]
('challenge', 15);[0.004437779640667024, 0.3752731983443862, 0.0073166616882476936, 0.008290863873651189]
('challenge', 16);[0.008261230936424602, 0.35127647806916595, 0.009361201056037346, 0.007290510712930748]
('challenge', 17);[0.00967934893060502, 0.008541995450294446, 0.007538284526776555, 0.24963366933876846]
('challenge', 18);[0.004010878655721285, 0.012354376014318408, 0.17054692054300238, 0.009621597714309758]
('challenge', 19);[0.42888316911475155, 0.006117688385314955, 0.005747036383387149, 0.011429346594694726]
('challenge', 20);[0.16383353298967673, 0.004647600700233389, 0.0034002573093941035, 0.006762219117413122]
('challenge', 21);[0.008883244059782892, 0.005061519893157288, 0.2291019111802613, 0.007839435367661409]
('challenge', 22);[0.007623260213262012, 0.2227843463685287, 0.018287250585076593, 0.01613844199811842]
('challenge', 23);[0.18074258569619245, 0.019050128377684997, 0.027717773236906232, 0.003993123834653045]
('challenge', 24);[0.03355843217990235, 0.1327261739724406, 0.009032127336869441, 0.015851877144831134]
('challenge', 25);[0.008096311872685074, 0.002978466687273098, 0.005564508347844509, 0.2518689397953136]
('challenge', 26);[0.008262073981480317, 0.0039027274051230874, 0.4237634526864559, 0.01861886669271076]
('challenge', 27);[0.3988614944130051, 0.006056393332483802, 0.005689455010071722, 0.019858144491648667]
('challenge', 28);[0.011696425192000778, 0.341819689785096, 0.009109185098666312, 0.010322059003253118]
('challenge', 29);[0.008548894061928883, 0.004871013006931253, 0.24983533586421505, 0.005519580853672539]
('challenge', 30);[0.0033099944909262486, 0.46148365870411184, 0.008452367038275633, 0.008452367038275633]
('challenge', 31);[0.008267764815115467, 0.003668798397090485, 0.05391259888879749, 0.2737907685407229]
('challenge', 32);[0.0025027037662107006, 0.0015179665663850686, 0.21163678663213709, 0.00639087795405003]
('challenge', 33);[0.323289441451323, 0.004069613959602052, 0.0043320815099311535, 0.007603039828336273]
('challenge', 34);[0.22252521179425822, 0.007153062917451266, 0.014225564246214956, 0.018265986058864397]
('challenge', 35);[0.021672258216436834, 0.006609665315069909, 0.00620920593780182, 0.20562066093490325]
('challenge', 36);[0.015179977396259396, 0.4436240201051176, 0.007170513593357575, 0.015179977396259396]
('challenge', 37);[0.013758893416888124, 0.0050616140213422395, 0.004754946330568747, 0.08971925526742819]
('challenge', 38);[0.5174330019915696, 0.003950648780245007, 0.009477113754070997, 0.008902924458343554]
('challenge', 39);[0.318578550330942, 0.010901159826302667, 0.007038317778207253, 0.01797297408092692]
('challenge', 40);[0.006283806220336637, 0.005903089647572811, 0.34308419479714475, 0.015074067494042328]
('challenge', 41);[0.3610957406054927, 0.009622877833411734, 0.023084078387761216, 0.017977902611135615]
('challenge', 42);[0.17386820367147962, 0.03423667516836509, 0.026663549430884052, 0.026663549430884052]
('challenge', 43);[0.006223552662530482, 0.012377012373893005, 0.2485989390345786, 0.009639226928872341]
('challenge', 44);[0.022725396441308, 0.010734717176653584, 0.010734717176653584, 0.2443210076739795]
('challenge', 45);[0.10702038317190675, 0.0735539619661533, 0.018597354013359893, 0.01448363386866082]
('challenge', 46);[0.007105924132528088, 0.009124187195220856, 0.028104475131401435, 0.18326419880368464]
('challenge', 47);[0.408167677119801, 0.00619769917838142, 0.0045343335824136076, 0.00513807308460094]
('challenge', 48);[0.05850219546279155, 0.0851201921346776, 0.04020793172731049, 0.021521754974154244]
('challenge', 49);[0.3621611472735705, 0.005853789744000301, 0.007516414815242414, 0.026234865515743208]
('challenge', 50);[0.01020758415408237, 0.004529588010800307, 0.051838402050946336, 0.180933801524596]
('challenge', 51);[0.0745086255113726, 0.4287674846401834, 0.004763177070393579, 0.010083645937152318]
('challenge', 52);[0.0277672484122797, 0.011575111254057772, 0.18106518278109635, 0.021625154807221655]
('challenge', 53);[0.15201028999332383, 0.08136523527192002, 0.007109615024221642, 0.02641542438822146]
('challenge', 54);[0.03946670407561725, 0.17687749629796057, 0.018642750952249074, 0.023937766059667406]
('challenge', 55);[0.007656056949300067, 0.36888941612502185, 0.008675449088690897, 0.009830571714510097]
('challenge', 56);[0.37263910022407615, 0.008763631132728593, 0.007733877330026913, 0.008763631132728593]
('challenge', 57);[0.022893206464009934, 0.006559013467449557, 0.007432335964284946, 0.3160309669893759]
('challenge', 58);[0.1866233663247019, 0.00250075453924539, 0.0028337261376457576, 0.019669958095748324]
('challenge', 59);[0.3259877013782138, 0.01115468307442377, 0.006765657284015595, 0.005970671597092669]
('challenge', 60);[0.3491575496250712, 0.0068074900936045835, 0.006395045118905477, 0.008740990304038299]
('challenge', 61);[0.008434060650226491, 0.16940263660252838, 0.0042409120254560066, 0.020232259721648407]
('challenge', 62);[0.0061504800257185755, 0.0032921147246436407, 0.0032921147246436407, 0.13998428016018635]
('challenge', 63);[0.008868299819539417, 0.006906638843969296, 0.22871646683350344, 0.006906638843969296]
('challenge', 64);[0.006320703337547718, 0.007162295209236522, 0.005240047114207097, 0.3241902353247054]
('challenge', 65);[0.32444037455149116, 0.00492636804691802, 0.004347504542396875, 0.008122207786251187]
('challenge', 66);[0.1288317512059386, 0.025368475949451318, 0.025368475949451318, 0.032573767901727176]
('challenge', 67);[0.007621908093197484, 0.003600334451292536, 0.17347384929337017, 0.00492107372894178]
('challenge', 68);[0.01011944429833161, 0.0021211507565715563, 0.0028992693330315068, 0.23031749063481463]
('challenge', 69);[0.010401706414051247, 0.009179473691994544, 0.01943294595844806, 0.2682635761167374]
('challenge', 70);[0.02010038086213275, 0.007394518641884968, 0.022776715479979767, 0.14852284180017092]
('challenge', 71);[0.012455785698413166, 0.003798800008773663, 0.00970057565569378, 0.25018111372887597]
('challenge', 72);[0.2094814917679428, 0.00864633378035337, 0.05296521570718198, 0.032125027224699024]
('challenge', 73);[0.009093596248974925, 0.007082099879636861, 0.11078268138421278, 0.013231104470262794]
('challenge', 74);[0.005800961286870538, 0.003305288108187825, 0.004244073940388909, 0.23171861337212094]
('challenge', 75);[0.4565969326413548, 0.003950337962809759, 0.007380202929510373, 0.01216789755196715]
('challenge', 76);[0.2591578161129758, 0.008330615341386518, 0.014620685250245315, 0.03507320062768265]
('challenge', 77);[0.0113213895883348, 0.42483206072817764, 0.006450733339520664, 0.008817107076851594]
('challenge', 78);[0.08871529330083251, 0.001049099368754751, 0.0011167604648936566, 0.0023641819227322495]
('challenge', 79);[0.006754690931900004, 0.003396471899993285, 0.0043611562466570825, 0.25346790724821494]
('challenge', 80);[0.004208362476819877, 0.403256836860714, 0.008369328143235828, 0.006938416730349207]
('challenge', 81);[0.012569182651299561, 0.0387158174102302, 0.002325065002527995, 0.030151908916336803]
('challenge', 82);[0.00894924128031931, 0.003971201745408253, 0.00894924128031931, 0.29635824034246233]
('challenge', 83);[0.013349166295981004, 0.3901198938355126, 0.019422926983749117, 0.01039634116466041]
('challenge', 84);[0.006941514172763884, 0.4294562491516933, 0.007865766046808846, 0.010099843525822017]
('challenge', 85);[0.31455564827970045, 0.006528394204477562, 0.0177460153350487, 0.009498757518758075]
('challenge', 86);[0.0037192472262265793, 0.0028965526522214103, 0.3793735534676752, 0.007396606317436805]
('challenge', 87);[0.017548260926574005, 0.005697086207660371, 0.16649324421128373, 0.028932184155467444]
('challenge', 88);[0.005342376160371758, 0.2740116890574029, 0.0064441357284259265, 0.012039230523776288]
('challenge', 89);[0.011825143850653363, 0.5697674063264372, 0.0059460557421574, 0.0076348867019721935]
('challenge', 90);[0.006847677668037329, 0.3738705104136938, 0.006847677668037329, 0.01279314612110965]
('challenge', 91);[0.020153429665672445, 0.2455190644576683, 0.0138512361400846, 0.009519806097082193]
('challenge', 92);[0.04111596439885115, 0.09863207118403479, 0.017139679873916132, 0.06778876506973511]
('challenge', 93);[0.005271283007693751, 0.0642173887170047, 0.005271283007693751, 0.009848053169605017]
('challenge', 94);[0.018940792682889167, 0.43109050584078595, 0.0353860593603695, 0.02146272992847532]
('challenge', 95);[0.024486009201778198, 0.0065903199716078, 0.009007899381668958, 0.20501884493982978]
('challenge', 96);[0.004995881494816003, 0.0038907964202946435, 0.05371077502119351, 0.022389982153832706]
('challenge', 97);[0.009439013695373727, 0.0034724190834636774, 0.006487332915191518, 0.18958770329812852]
('challenge', 98);[0.004339145751578291, 0.0035972781760871806, 0.252188669860333, 0.0071540418972952215]
('challenge', 99);[0.006503646337336694, 0.42831675112664663, 0.005065044860337292, 0.01072270005347799]
('challenge', 100);[0.009878623986328145, 0.004383612821235549, 0.22483641879463404, 0.014373313088348882]
('challenge', 101);[0.023921437601410283, 0.17675684440388964, 0.027106540013172673, 0.023921437601410283]
('challenge', 102);[0.03215066514403678, 0.11221684766320267, 0.022096807459495087, 0.04677894175883817]
('challenge', 103);[0.023211231935489744, 0.009675878716945018, 0.05568085083258645, 0.09180220313836622]
('challenge', 104);[0.007042050785990317, 0.20579886603851152, 0.0062145880064798705, 0.019142278686643217]
('challenge', 105);[0.010720205208631099, 0.313290281862994, 0.010720205208631099, 0.022694674604763317]
('challenge', 106);[0.02074372171021656, 0.01425693753365537, 0.009798640315273941, 0.22301605222042015]
('challenge', 107);[0.27590050753727213, 0.03295161656147086, 0.08957178051739637, 0.01763772935270291]
('challenge', 108);[0.49097544146812067, 0.00700339021041359, 0.0031077355673191985, 0.007935880783153515]
('challenge', 109);[0.020033648821471312, 0.007845291471818212, 0.017679637247569453, 0.2440598348726263]
('challenge', 110);[0.3222833283068884, 0.004893613855200387, 0.06346135006729264, 0.009142474302212437]
('challenge', 111);[0.4889872151081875, 0.006975028846301505, 0.005782502013732192, 0.008413490784992799]
('challenge', 112);[0.006566965468161707, 0.0016603888946337337, 0.002002811310509875, 0.10272464790609069]
('challenge', 113);[0.2939460489393491, 0.008876401545297124, 0.02129338036634464, 0.008876401545297124]
('challenge', 114);[0.18016200988861675, 0.021517286174955835, 0.01675767932262712, 0.01675767932262712]
('challenge', 115);[0.06031192743128511, 0.30628924043606187, 0.005971690923725186, 0.007667802926666635]
('challenge', 116);[0.44004555840926945, 0.003156229767698424, 0.003359789098786575, 0.005539355752235841]
('challenge', 117);[0.011937847565914204, 0.2892275019570991, 0.012707772585321726, 0.016317102989040787]
('challenge', 118);[0.16795166070859568, 0.0044757601540259175, 0.10186783156941692, 0.00785520370176053]
('challenge', 119);[0.010740492636917238, 0.022737617669710962, 0.14826789205140706, 0.022737617669710962]
('challenge', 120);[0.07040657615724517, 0.025901131891521947, 0.022857668667703203, 0.07040657615724517]
('challenge', 121);[0.007073439775308955, 0.001903790488480184, 0.003786139478674917, 0.1420738188443923]
('challenge', 122);[0.3424190484585129, 0.013277025767725966, 0.011716934115554025, 0.017048038543778215]
('challenge', 123);[0.030233554346302694, 0.030233554346302694, 0.04398956200726323, 0.009815400355713455]
('challenge', 124);[0.02545342128932362, 0.3100861141712787, 0.012023344869902553, 0.015438280406557045]
('challenge', 125);[0.42151390649554205, 0.020985940429839398, 0.0060125725997711875, 0.011232964453290268]
('challenge', 126);[0.030159400550722564, 0.011095020775406103, 0.008640810868079779, 0.22284950257940897]
('challenge', 127);[0.3889886066873778, 0.0075840699999662805, 0.028178238477971705, 0.011746437402909943]
('challenge', 128);[0.014068670381540613, 0.005175574597986383, 0.009669246320076959, 0.24937317906545067]
('challenge', 129);[0.00559722194170107, 0.00866914693148639, 0.05652993906778758, 0.10561183013728401]
('challenge', 130);[0.006660736905269989, 0.30148797301327757, 0.005878079687831669, 0.006257183256774432]
('challenge', 131);[0.007951407071229693, 0.001381747362747338, 0.23237414900857584, 0.004256081507682406]
('challenge', 132);[0.020279109045542684, 0.2180209687505097, 0.01579338223922285, 0.02297924104453018]
('challenge', 133);[0.2490983800175688, 0.0075221192912689255, 0.009073407828881688, 0.07136788076513598]
('challenge', 134);[0.1904486110587766, 0.005075283573679045, 0.006937090150720655, 0.005075283573679045]
('challenge', 135);[0.005226133152132727, 0.004070116591316398, 0.04375786670942109, 0.02066975265283005]
('challenge', 136);[0.03623769784998644, 0.028221947462274407, 0.024905781220362348, 0.024905781220362348]
('challenge', 137);[0.009951361431535934, 0.13737429075771207, 0.016407021264598174, 0.009951361431535934]
('challenge', 138);[0.013253931471171853, 0.09793401982257863, 0.008038915798995898, 0.02185203352699147]
('challenge', 139);[0.012665668106218721, 0.2882692430225917, 0.01117741287290252, 0.023662583237621358]
('challenge', 140);[0.08537675213880785, 0.05178361779887312, 0.058678526402996846, 0.040329122092032724]
('challenge', 141);[0.005718235930435002, 0.10135815709354123, 0.008319984185544249, 0.16711136948031294]
('challenge', 142);[0.16420225305908948, 0.008175148799210184, 0.11285444808083432, 0.006777436400002778]
('challenge', 143);[0.00834131576567086, 0.005059263754223737, 0.007361185326684587, 0.22899970862564886]
('challenge', 144);[0.003707875388572558, 0.0022489401055631507, 0.2767069602667716, 0.005068064762245505]
('challenge', 145);[0.43407081964497785, 0.013107803754545422, 0.0029247463509459097, 0.0045299357641646444]
('challenge', 146);[0.10023506727005725, 0.06889048709360224, 0.02534339389402285, 0.017418242911538494]
('challenge', 147);[0.002348506741084004, 0.0022062179106798188, 0.2550041491158553, 0.004670563353560356]
('challenge', 148);[0.034433838365612986, 0.04421392365556455, 0.018431105512970017, 0.012667504235497475]
('challenge', 149);[0.0053495137658830195, 0.0023738323438522975, 0.0060617932484700356, 0.15633570838578817]
('challenge', 150);[0.009769593366502379, 0.3235245769186294, 0.005925557909708856, 0.006714536778944486]
('challenge', 151);[0.01682999879501771, 0.1409158882329505, 0.05184005821531526, 0.02774798361483726]
('challenge', 152);[0.008778398992602267, 0.003229392515778475, 0.004414056217508717, 0.37326706789060893]
('challenge', 153);[0.27582888262614114, 0.002241804050425798, 0.002878533379980252, 0.006486875107939915]
('challenge', 154);[0.005141685689650422, 0.002428760344497977, 0.232730437141957, 0.007027851082204555]
('challenge', 155);[0.015273771332555705, 0.44636500122687073, 0.01961191059967812, 0.015273771332555705]
('challenge', 156);[0.009574932656621663, 0.010849820128069874, 0.013931444810931965, 0.16971974227305242]
('challenge', 157);[0.03509760973302811, 0.002706437053290531, 0.003937842676742306, 0.20197279889108835]
('challenge', 158);[0.004841661825245527, 0.021698822884475923, 0.11019571522092132, 0.005840158951077952]
('challenge', 159);[0.005770319275041939, 0.00396587857293722, 0.00396587857293722, 0.23049462235740323]
('challenge', 160);[0.007603003574303655, 0.004069594554216763, 0.008615331738883738, 0.25177689960661864]
('challenge', 161);[0.04378884188674144, 0.17318822926990063, 0.016109018523527936, 0.030095601559430436]
('challenge', 162);[0.014358941153369513, 0.026826033762789768, 0.02367389170429175, 0.01843724539765005]
('challenge', 163);[0.016943292544520986, 0.09750189337078276, 0.019199261159221534, 0.01319544950148084]
('challenge', 164);[0.1991336269886629, 0.04443272337771111, 0.0940640761287608, 0.057052746149636666]
('challenge', 165);[0.00939343125600035, 0.5128639690411336, 0.006872381116325739, 0.012061404482613504]
('challenge', 166);[0.018883996527100884, 0.045300352720222786, 0.15811376708756697, 0.021398371452403687]
('challenge', 167);[0.012622180302102125, 0.011139035020469418, 0.010464155005365744, 0.22373355253454832]
('challenge', 168);[0.004960907214284952, 0.007218077405502104, 0.2109431424533135, 0.005621444335675053]
('challenge', 169);[0.011901693009320676, 0.2708812520359355, 0.009269047835534408, 0.015282076325582561]
('challenge', 170);[0.0024315483878843067, 0.0014748086478266588, 0.07106026011533531, 0.004267500321780659]
('challenge', 171);[0.011390120016885445, 0.016572526836039242, 0.011390120016885445, 0.2018947562290995]
('challenge', 172);[0.007423661739850359, 0.0016564428329005818, 0.004229874955978816, 0.1914587597010016]
('challenge', 173);[0.006225612532431772, 0.31931308358299093, 0.014029634413545516, 0.010926290267474778]
('challenge', 174);[0.0049507670386131405, 0.009845775912862915, 0.15401381149936286, 0.09341409869356572]
('challenge', 175);[0.08242130169278569, 0.0028203025251377013, 0.17448589705286557, 0.0049497850807798125]
('challenge', 176);[0.006939121475554923, 0.00420878992639443, 0.37886312767454844, 0.007863054765667855]
('challenge', 177);[0.13186370429846409, 0.04280987695550819, 0.0705815547326016, 0.029422769457881484]
('challenge', 178);[0.37962033526491346, 0.005764230662678545, 0.0069529893899628065, 0.00787876917142641]
('challenge', 179);[0.005137509609941646, 0.005468850512420136, 0.40812289045992234, 0.004001096507259422]
('challenge', 180);[0.029705084466109727, 0.08074679131706713, 0.13312895238523298, 0.020415986079137464]
('challenge', 181);[0.007442979163509615, 0.0020032506655260083, 0.0906740270907224, 0.006568406057798918]
('challenge', 182);[0.0032985100251064414, 0.002568882190521776, 0.10261363913788685, 0.0037377015323747827]
('challenge', 183);[0.028830714019784636, 0.0072895443415615735, 0.009359960210637367, 0.16590928427147952]
('challenge', 184);[0.23658085246225782, 0.041111592578117945, 0.01334697678534959, 0.017137857428330117]
('challenge', 185);[0.009154178249303556, 0.343508086457457, 0.01331925076062135, 0.011754197540995858]
('challenge', 186);[0.0037094139135817913, 0.007377050440129998, 0.00507016767660157, 0.07931074764702997]
('challenge', 187);[0.3483265414947355, 0.009282586802558631, 0.008191854101230635, 0.009282586802558631]
('challenge', 188);[0.04965454850557538, 0.01422626972458094, 0.25216660441329575, 0.02657816456555977]
('challenge', 189);[0.016721600324675207, 0.010142163276376237, 0.20371079496865294, 0.016721600324675207]
('challenge', 190);[0.011959156171654542, 0.004132973781547662, 0.2721891398739601, 0.007253594882400041]
('challenge', 191);[0.007492325299630236, 0.4090671983355425, 0.005835028810377726, 0.008489916823149448]
('challenge', 192);[0.0074082474377804896, 0.4044765327645489, 0.006537755417421547, 0.008394644124057242]
('challenge', 193);[0.04875031894748154, 0.17015533241236075, 0.015826907557377128, 0.037966786571279366]
('challenge', 194);[0.023838933466193996, 0.17614721672038272, 0.016384247295434938, 0.039303756676519176]
('challenge', 195);[0.005783621590703421, 0.0032954082471257492, 0.2310259540154265, 0.007905273427565382]
('challenge', 196);[0.004144269794620803, 0.22626941007769677, 0.00727342000274914, 0.02384862036425973]
('challenge', 197);[0.31063201485184677, 0.01364821496386249, 0.017524654906017404, 0.02549822851165275]
('challenge', 198);[0.003811004921405702, 0.002039883938324518, 0.30274554730917547, 0.00489342718220699]
('challenge', 199);[0.042716903436757284, 0.006550849310261924, 0.012238597741644501, 0.21693430976202493]
('challenge', 200);[0.005934490472955721, 0.006724658699169594, 0.32401223983796823, 0.007620036602366403]
('challenge', 201);[0.007504872113939943, 0.02311663353433289, 0.15073940391787838, 0.015887814389886856]
('challenge', 202);[0.011183362519077084, 0.0036307062351812647, 0.006372087886109671, 0.15438157594799867]
('challenge', 203);[0.005379639600139103, 0.003473356380542946, 0.2759228077930232, 0.008332148808427454]
('challenge', 204);[0.007938083448273495, 0.0035225031773705065, 0.03139572907086761, 0.20472587042201748]
('challenge', 205);[0.27052734187564986, 0.007209309465789711, 0.005976727469113257, 0.01526210825884273]
('challenge', 206);[0.013146512578359634, 0.33905302812154914, 0.009035457148597237, 0.08572603058662782]
('challenge', 207);[0.007877334170181901, 0.3349527322627215, 0.0101146972902564, 0.04533092829552014]
('challenge', 208);[0.007591755053233201, 0.0052177318552943655, 0.018211673635050996, 0.3228096006610145]
('challenge', 209);[0.013451658421689291, 0.028477154312700776, 0.013451658421689291, 0.06831314192322649]
('challenge', 210);[0.06880385166802473, 0.004984134297852389, 0.21193075791419017, 0.009311588753262013]
('challenge', 211);[0.4924198294309162, 0.0040021497909344, 0.0048275141405389275, 0.005823093585825582]
('challenge', 212);[0.35166089523093363, 0.003238685263724643, 0.006050660651348876, 0.007298489906638268]
('challenge', 213);[0.005952015693080039, 0.006335887724675844, 0.34592774858500863, 0.015199004528074293]
('challenge', 214);[0.012725035805719917, 0.03459023359717916, 0.09402600342936565, 0.026938901012105946]
('challenge', 215);[0.006034902159462279, 0.5103311460785601, 0.010591583139264036, 0.010591583139264036]
('challenge', 216);[0.007860719238454631, 0.007860719238454631, 0.015632906887381105, 0.31399532850324796]
('challenge', 217);[0.011007602575179624, 0.01814846850511215, 0.13410005189394977, 0.02056490901209985]
('challenge', 218);[0.008247356701814049, 0.0036597423517091506, 0.273115009760807, 0.015408090817665643]
('challenge', 219);[0.14377179571487506, 0.01717109231526397, 0.11196958708632675, 0.022048118965090492]
('challenge', 220);[0.004219520467906882, 0.0027243271723364076, 0.277888893235924, 0.003963872646360555]
('challenge', 221);[0.3745910574507432, 0.004715406076053896, 0.016458384389127494, 0.007774390297578685]
('challenge', 222);[0.05031210460989601, 0.0939953860473453, 0.07320368025877153, 0.04440027648074537]
('challenge', 223);[0.05538205731832681, 0.008493111538940109, 0.19330237373077, 0.014002773648679257]
('challenge', 224);[0.07284414176563468, 0.0020664287503693395, 0.0036266954016123598, 0.005276810672781293]
('challenge', 225);[0.0062847920975735065, 0.002788859587717071, 0.01507643249058874, 0.20812370596728394]
('challenge', 226);[0.0040425387632676115, 0.0035675279371618278, 0.005525495360299967, 0.30168175276255654]
('challenge', 227);[0.30236002609999374, 0.007110825403159438, 0.031868508490421915, 0.031868508490421915]
('challenge', 228);[0.004098165895857082, 0.004098165895857082, 0.2535446063709865, 0.004943331670728244]
('challenge', 229);[0.2379187469058219, 0.0028135005468133203, 0.002994955742245147, 0.04684897901570805]
('challenge', 230);[0.020637233398202275, 0.005912667772197955, 0.014183752640161154, 0.22187119483731393]
('challenge', 231);[0.04007760650364404, 0.07487482633399233, 0.01148242650996917, 0.26133882278602855]
('challenge', 232);[0.4070525406919407, 0.0051240340607092375, 0.007936259204459757, 0.00844810394768327]
('challenge', 233);[0.3440121329681439, 0.005560436923782365, 0.021991959889810935, 0.007600216156929445]
('challenge', 234);[0.05501039947172379, 0.002738805866459938, 0.13196308820397892, 0.0037435037717868176]
('challenge', 235);[0.00876398634004904, 0.0026728648189340595, 0.03927746179278988, 0.19946738592225063]
('challenge', 236);[0.0072632894078451015, 0.29013107763391427, 0.014444775797801731, 0.010568023730301943]
('challenge', 237);[0.037769154736271994, 0.005441161335202219, 0.003980838672454121, 0.31623726082002174]
('challenge', 238);[0.010674287476527225, 0.0034654337665468962, 0.004449705036094148, 0.18920622760556627]
('challenge', 239);[0.025406851269083763, 0.1290266371597179, 0.010591148808574782, 0.1138656076443575]
('challenge', 240);[0.34961916024920514, 0.009917930982942705, 0.005651066730947434, 0.00875254337249473]
('challenge', 241);[0.005794820999935724, 0.0037414176395219037, 0.005794820999935724, 0.2314732852541353]
('challenge', 242);[0.007882485611792132, 0.003723422555472898, 0.0050893152198426515, 0.23035999642051458]
('challenge', 243);[0.026475044776322145, 0.3654767196941872, 0.005907380980877611, 0.020618785603650193]
('challenge', 244);[0.006283611460455334, 0.002039989964558028, 0.17250822017246098, 0.006283611460455334]
('challenge', 245);[0.35076504935356073, 0.012002522820001612, 0.003896648648038421, 0.010592189211852345]
('challenge', 246);[0.011243826911650413, 0.008756701203512678, 0.011243826911650413, 0.22583827366986378]
('challenge', 247);[0.028869804175712624, 0.1466129631256, 0.010620607426890133, 0.028869804175712624]
('challenge', 248);[0.009493921393231738, 0.003281011439193595, 0.00540947334920892, 0.27745298684258696]
('challenge', 249);[0.1995528636770297, 0.012756986251794833, 0.02383319367620963, 0.02383319367620963]
('challenge', 250);[0.10457959969655889, 0.043595263146677464, 0.07187643765169653, 0.043595263146677464]
('challenge', 251);[0.007569556960165786, 0.001913883722229323, 0.006680110571283972, 0.17228230178019635]
('challenge', 252);[0.016300872951787768, 0.47638136541944376, 0.00872522854228049, 0.01120341521469748]
('challenge', 253);[0.011805897839738051, 0.12692539360986252, 0.024993091881669736, 0.052910375928696934]
('challenge', 254);[0.11412606125151076, 0.07843761832880515, 0.04757482039125793, 0.041984631636303574]
('challenge', 255);[0.3510416355023009, 0.005674060928463721, 0.006844223928970636, 0.012011987079819025]
('challenge', 256);[0.011820814146478644, 0.23742739900123594, 0.01043183187029557, 0.09897446507467028]
('challenge', 257);[0.31964038255844307, 0.004023678602071701, 0.015913957579567393, 0.010937492427570998]
('challenge', 258);[0.42869232946226776, 0.004202751464047436, 0.014669043974500412, 0.007376058529023165]
('challenge', 259);[0.006404205958265854, 0.0026696702301998412, 0.004685417170060504, 0.11351726677145393]
('challenge', 260);[0.37501558478291325, 0.006061562013819218, 0.006452499176097538, 0.011324488728042474]
('challenge', 261);[0.1803174629044202, 0.019005320765088627, 0.058540509239717715, 0.058540509239717715]
('challenge', 262);[0.35762306861068893, 0.00226365279430669, 0.003094046524902467, 0.004229060181993627]
('challenge', 263);[0.01050309202552183, 0.001714582640057395, 0.003863871624921203, 0.21096029298310398]
('challenge', 264);[0.26366391045557996, 0.007961962096934463, 0.027789971706966964, 0.016855473891479747]
('challenge', 265);[0.3503982776081069, 0.004695338486344712, 0.0036567332899505667, 0.008240575676464206]
('challenge', 266);[0.0429623087294105, 0.08026415960567625, 0.04868267367691092, 0.022996066742978147]
('challenge', 267);[0.007001466935976255, 0.38226721057722807, 0.04565531035154598, 0.011543467463447704]
('challenge', 268);[0.08641198457477708, 0.26616768256533185, 0.013251707029469411, 0.021848371252572628]
('challenge', 269);[0.005805698807321545, 0.20465798634166243, 0.019036158062452676, 0.006180134210539811]
('challenge', 270);[0.3508011789009586, 0.006425149246366965, 0.004700739606956808, 0.0072806479292442106]
('challenge', 271);[0.008852376031157776, 0.003059299294702187, 0.004451254208539201, 0.37641260711625013]
('challenge', 272);[0.01874579797296849, 0.014599242140646214, 0.20153632119090764, 0.014599242140646214]
('challenge', 273);[0.3541180176744794, 0.0047451841512025, 0.004187610315629718, 0.008328057542702149]
('challenge', 274);[0.007022735753141698, 0.4344812759911092, 0.005137943234960831, 0.009017371201715668]
('challenge', 275);[0.012381758346386962, 0.005848728506955096, 0.008509849764052396, 0.17092490164665425]
('challenge', 276);[0.01859641403871507, 0.10701497399130028, 0.023878268284958884, 0.014482901815671363]
('challenge', 277);[0.007917039333041909, 0.005111624779050169, 0.4322556755592796, 0.011519224258770588]
('challenge', 278);[0.4831712131200181, 0.010027899803356981, 0.006892068023637352, 0.018734583269157057]
('challenge', 279);[0.006752117932863119, 0.06406229600930105, 0.005597702375731579, 0.009824273622805435]
('challenge', 280);[0.013907941687607851, 0.21755686395559662, 0.022930324759030896, 0.022930324759030896]
('challenge', 281);[0.007905918043153567, 0.0037344912522974394, 0.0061571351629063475, 0.2966673858918321]
('challenge', 282);[0.0028246429223718044, 0.003006816739286335, 0.2107940771013616, 0.0038608291165658126]
('challenge', 283);[0.45964598257719114, 0.005786087630334065, 0.010809834824720204, 0.008418707826364637]
('challenge', 284);[0.03796339222778034, 0.008470777787562283, 0.006597048374177369, 0.055236409761203746]
('challenge', 285);[0.08609869959667224, 0.05222150106676946, 0.027952155260404996, 0.040670145923964264]
('challenge', 286);[0.011881483882361493, 0.032297214032295476, 0.032297214032295476, 0.03659753811906382]
('challenge', 287);[0.009595225766421328, 0.008467757018466722, 0.006594695796840268, 0.17007946652604602]
('challenge', 288);[0.006523601973582762, 0.0028948308278169744, 0.005080586325472417, 0.22996486907877]
('challenge', 289);[0.3238718674011489, 0.023461199384768535, 0.009780085291368552, 0.043831290907105164]
('challenge', 290);[0.010999307295948928, 0.002960423397254927, 0.2503430204708264, 0.007559705978633018]
('challenge', 291);[0.15200925709762864, 0.006678820639241982, 0.0035749150761827785, 0.10447433268018065]
('challenge', 292);[0.005473269827483597, 0.3837058381404227, 0.051928938284275965, 0.009023896384853427]
('challenge', 293);[0.002027898752456432, 0.0035590731493426405, 0.016979388370618874, 0.0317216736830804]
('challenge', 294);[0.01100558195959666, 0.01100558195959666, 0.3216302503648925, 0.007564018487686123]
('challenge', 295);[0.01037159871716742, 0.009152903742750611, 0.16223908144276142, 0.04648228061266152]
('challenge', 296);[0.017993425591826994, 0.004549450453780319, 0.24839157844385398, 0.00849949241881327]
('challenge', 297);[0.005177949268440611, 0.2494876268503682, 0.004292670715998169, 0.005867385203591984]
('challenge', 298);[0.004920536398143425, 0.0033818319123447224, 0.2523753413960025, 0.007621075858976602]
('challenge', 299);[0.5479630180456491, 0.006897838059324612, 0.008856999388368847, 0.01137261233025338]
('challenge', 300);[0.004920029624609834, 0.005934688561251734, 0.15305767178914792, 0.014236577766975926]
('challenge', 301);[0.01823160563671646, 0.36619158818526487, 0.009758675277303726, 0.016089335503546125]
('challenge', 302);[0.37821877941431775, 0.005395001459909157, 0.005742949159927059, 0.006113337558589331]
('challenge', 303);[0.02643147638385961, 0.023325696039493988, 0.2841651850054682, 0.012485345383299306]
('challenge', 304);[0.0040155900843083315, 0.0031273447021530976, 0.09139440905746378, 0.005842649097294602]
('challenge', 305);[0.015559846601359643, 0.2433969525595053, 0.00943752402415004, 0.013731516430391328]
('challenge', 306);[0.00478303965382342, 0.0027252938447555244, 0.23045981150042982, 0.005419893984687297]
('challenge', 307);[0.012298819333646365, 0.31719069338280614, 0.012298819333646365, 0.012298819333646365]
('challenge', 308);[0.0034406206409182283, 0.0034406206409182283, 0.3509529301729238, 0.007283793953981801]
('challenge', 309);[0.004256213424484465, 0.0095915250138796, 0.17001382857539526, 0.0095915250138796]
('challenge', 310);[0.33268450679692874, 0.027308407282618345, 0.016563386284827786, 0.016563386284827786]
('challenge', 311);[0.006330901708337067, 0.002639112472523509, 0.3247133119586755, 0.007636525146707133]
('challenge', 312);[0.007589206979185526, 0.44108039624099976, 0.009744734653778212, 0.011754393711968165]
('challenge', 313);[0.02661824922178743, 0.008641680286612762, 0.28617318248820306, 0.023490522490452224]
('challenge', 314);[0.06750389412240308, 0.18349460874315163, 0.019340189472810874, 0.031886581763193984]
('challenge', 315);[0.01942238518926737, 0.1842744599877711, 0.006712196714398794, 0.009174485137862367]
('challenge', 316);[0.010549998689221853, 0.07795451357249852, 0.025308125173031607, 0.10009557677261761]
('challenge', 317);[0.006172656514164196, 0.005798674161666541, 0.40651839470694545, 0.0074456450066703195]
('challenge', 318);[0.010880978798300031, 0.005824168255262921, 0.3179888122191209, 0.007478380070823488]
('challenge', 319);[0.2513318235152919, 0.003163799990152024, 0.01104274701444496, 0.004900189283565826]
('challenge', 320);[0.0097548184547908, 0.02065094590727598, 0.0437180528287707, 0.10487415683128642]
('challenge', 321);[0.01063928070563658, 0.006453049945257647, 0.08908160669570539, 0.100942684823946]
('challenge', 322);[0.0887991346379407, 0.015430979480053734, 0.07836496127017513, 0.025441378030803874]
('challenge', 323);[0.006667181124777829, 0.003798845294268604, 0.0029585436899435104, 0.25018418561075617]
('challenge', 324);[0.003987341557049574, 0.0017693720903152533, 0.003745760744591394, 0.19212085232428813]
('challenge', 325);[0.015371875259019145, 0.2404566433758206, 0.015371875259019145, 0.025343943752560244]
('challenge', 326);[0.01450657414201828, 0.004156203077696234, 0.22692094510209906, 0.006852420419547118]
('challenge', 327);[0.011553280391218449, 0.2979630284481651, 0.006184025366284026, 0.010195734159941624]
('challenge', 328);[0.007016586882189078, 0.017917482293940648, 0.15002122460857573, 0.013954149241189009]
('challenge', 329);[0.016206759820766255, 0.006346658336011536, 0.009829896725893558, 0.22372747160231876]
('challenge', 330);[0.002051407755445841, 0.0012442416992501787, 0.0529065033217143, 0.0026340596979828107]
('challenge', 331);[0.005670761052625776, 0.0036613185173525143, 0.2732325363077232, 0.0105943764121322]
('challenge', 332);[0.00461012242495751, 0.004907449776300234, 0.32319453357035877, 0.014200176768928973]
('challenge', 333);[0.005328706265554525, 0.0032320237266616294, 0.11393273648031883, 0.005328706265554525]
('challenge', 334);[0.03181962221595562, 0.007099919093661133, 0.011705787629969086, 0.18310928315342961]
('challenge', 335);[0.010674547064425844, 0.00392694640881924, 0.0064744400731197626, 0.18921087402145143]
('challenge', 336);[0.037991823567814255, 0.3604563429832146, 0.009023849052757372, 0.015837348303748604]
('challenge', 337);[0.013220767924164153, 0.2655462539492726, 0.009086492051661598, 0.016975802042756803]
('challenge', 338);[0.16039910471569968, 0.0045501729036961265, 0.01690594327279739, 0.052073971315722965]
('challenge', 339);[0.011403434312118852, 0.0037021530857882508, 0.012921783950426646, 0.22904415553558397]
('challenge', 340);[0.08778336485515516, 0.09947158409061987, 0.05324330219739205, 0.04698704927257407]
('challenge', 341);[0.00427599023021347, 0.002150102914846566, 0.2997701297502839, 0.0062215290739519044]
('challenge', 342);[0.023135501360416828, 0.21950355151620904, 0.014032390902916147, 0.014032390902916147]
('challenge', 343);[0.25240106579674787, 0.03415876972882579, 0.03415876972882579, 0.016135464149673543]
('challenge', 344);[0.19385764093872485, 0.014043000408834388, 0.01093669971507228, 0.06293636144702605]
('challenge', 345);[0.014392832044648668, 0.023729768337626675, 0.1753405894613518, 0.03912377380703152]
('challenge', 346);[0.01760112360664399, 0.40059975069301906, 0.005042806343432632, 0.007337239935276685]
('challenge', 347);[0.009458139249186684, 0.0037038605478741803, 0.18997180511418962, 0.00834677859162104]
('challenge', 348);[0.04146528284355899, 0.010484062854499277, 0.14472805795217944, 0.025149965358274774]
('challenge', 349);[0.3101292924669973, 0.012025019074314146, 0.03268739083658156, 0.015440430127574262]
('challenge', 350);[0.045906726875591095, 0.03575219483895545, 0.09718454155825985, 0.045906726875591095]
('challenge', 351);[0.008283079348317228, 0.42484089818555587, 0.027159171592951926, 0.008283079348317228]
('challenge', 352);[0.07956224022408008, 0.02011648465957655, 0.0044885944437147475, 0.012201264711672034]
('challenge', 353);[0.016751503661980242, 0.07507503087362492, 0.05159826382434365, 0.008966433779952642]
('challenge', 354);[0.4045560510068093, 0.006142859529266971, 0.0030888237503551423, 0.006960771772995681]
('challenge', 355);[0.005970179079820213, 0.27023097135789925, 0.00816026728190033, 0.00816026728190033]
('challenge', 356);[0.024771388132623768, 0.07630124709719589, 0.019291976475453096, 0.01702510542522031]
('challenge', 357);[0.020789376071511618, 0.012609396989982133, 0.005956257388300787, 0.28698848426123025]
('challenge', 358);[0.013525857105041098, 0.3078470887607685, 0.041662572951005256, 0.015326804054980261]
('challenge', 359);[0.021466127960851965, 0.006150148630798739, 0.005427487117114778, 0.12352903740700016]
('challenge', 360);[0.04691592193357636, 0.03224481014954125, 0.028455945081398478, 0.019557465972309875]
('challenge', 361);[0.0057098548495841265, 0.0044468394280801765, 0.27511621350347937, 0.00941395914311963]
('challenge', 362);[0.4897362551697104, 0.005440479011887663, 0.011517494158547092, 0.007915850253707066]
('challenge', 363);[0.014085129157205122, 0.009680558260133202, 0.006250238175654361, 0.24966488811702636]
('challenge', 364);[0.010310243268237656, 0.003347245916098171, 0.30130954696233, 0.006253478651281924]
('challenge', 365);[0.003941088696258834, 0.002390391126927873, 0.2762916810826291, 0.006104077582370176]
('challenge', 366);[0.010767028950865554, 0.013825138835124118, 0.16842467036478664, 0.015665934684455]
('challenge', 367);[0.3715227174619748, 0.012712809059327972, 0.011219014618006319, 0.011219014618006319]
('challenge', 368);[0.005981491592790331, 0.004658390336400134, 0.2707429825789254, 0.009264315409939005]
('challenge', 369);[0.2920790564710596, 0.007312054360485706, 0.02115813588555697, 0.008820021155028442]
('challenge', 370);[0.026646435294196212, 0.004630455035982956, 0.009802673388100161, 0.22310787114232114]
('challenge', 371);[0.004631216849335833, 0.0031829856883046235, 0.002808975010899927, 0.17378508872980786]
('challenge', 372);[0.039089732701018454, 0.030443114437605074, 0.08275296477744108, 0.01629502103740336]
('challenge', 373);[0.016734650027987404, 0.006156333700495668, 0.29662869854850543, 0.014768276815536097]
('challenge', 374);[0.004463839427530123, 0.003265814690289268, 0.3546066033652384, 0.006101345092855691]
('challenge', 375);[0.0063050321927245485, 0.00262832845399717, 0.003824195335362612, 0.1730962567022703]
('challenge', 376);[0.0035684228437043814, 0.005526881418667519, 0.3017575728564095, 0.0062627771298468865]
('challenge', 377);[0.01106791358513676, 0.00861969976707115, 0.009767399456957156, 0.15278781595727217]
('challenge', 378);[0.02014089264191008, 0.007409420329799896, 0.006538790490995739, 0.16863762941008983]
('challenge', 379);[0.0032348977054566528, 0.006433362277107425, 0.022454640716702577, 0.10063471787841403]
('challenge', 380);[0.2921162450356681, 0.011326573295569395, 0.012834689008422483, 0.005350294381996549]
('challenge', 381);[0.20490899146304623, 0.20490899146304623, 0.011560174247957538, 0.02447288907497152]
('challenge', 382);[0.027629269328252132, 0.10927587999147347, 0.04020034966478085, 0.05161827072931314]
('challenge', 383);[0.20726256611952756, 0.004301596300234108, 0.007092133318160949, 0.010318993089251877]
('challenge', 384);[0.5436819170508188, 0.0044187839922186925, 0.006429292771730539, 0.01641777424469128]
('challenge', 385);[0.4786965853087912, 0.011257866648494782, 0.005317839659967521, 0.01638009932047649]
('challenge', 386);[0.0048928205441555765, 0.014157845682128845, 0.0062825059379877065, 0.2509537595298923]
('challenge', 387);[0.019927346618551535, 0.019927346618551535, 0.12994262284769648, 0.02899411824611353]
('challenge', 388);[0.31885237194558125, 0.009628505035141665, 0.010910525585916925, 0.017988415608019212]
('challenge', 389);[0.009075826685987358, 0.007524124594242244, 0.02795550761092496, 0.26523447138376627]
('challenge', 390);[0.011255891335566374, 0.00284593501570675, 0.15538278697213584, 0.006024844475529782]
('challenge', 391);[0.007939124439141774, 0.003522965114268124, 0.004523576748824505, 0.23201522558401688]
('challenge', 392);[0.006894986959566212, 0.07890894714420134, 0.24305666852395133, 0.015538092970763891]
('challenge', 393);[0.0058368598895511825, 0.20575640356028227, 0.0062133050099071425, 0.013153566809193036]
('challenge', 394);[0.057798847235509064, 0.06549467433396292, 0.06549467433396292, 0.03093749353802947]
('challenge', 395);[0.3476637477695955, 0.006778363970989622, 0.013480386411573677, 0.008176267663393001]
('challenge', 396);[0.005888299478415189, 0.011710281804846151, 0.26652478539393326, 0.017038359488810887]
('challenge', 397);[0.3837391163794382, 0.002281796330178336, 0.0037620461449705154, 0.005826771054190073]
('challenge', 398);[0.48892137893159543, 0.005781721747132689, 0.006154610762827633, 0.01014723767755386]
('challenge', 399);[0.008222359435897308, 0.37217247254180363, 0.00530875425354757, 0.008222359435897308]
('challenge', 400);[0.006248375737062015, 0.011673502711283692, 0.016984846223440066, 0.11075513641575381]
('challenge', 401);[0.007461532042083175, 0.26302807109986914, 0.013095396558516563, 0.03141422326892714]
('challenge', 402);[0.14909019135977974, 0.022863724078451202, 0.01780628197087738, 0.013867546342509541]
('challenge', 403);[0.012297347423682584, 0.004249849550850983, 0.2469988551801996, 0.007006817351763402]
('challenge', 404);[0.02441316712173763, 0.010176922153116505, 0.262466281639687, 0.02154454436721354]
('challenge', 405);[0.010290390692770157, 0.010290390692770157, 0.1824015394048925, 0.03169663479381993]
('challenge', 406);[0.02086951435973061, 0.2880947592060937, 0.006364842271085851, 0.02086951435973061]
('challenge', 407);[0.1171843750836297, 0.03357388557852365, 0.04310972241979038, 0.02307497160547414]
('challenge', 408);[0.007716700221872125, 0.2255150371387096, 0.01272268779541697, 0.01272268779541697]
('challenge', 409);[0.011114740168187441, 0.004088884401838579, 0.003841151419421426, 0.25297025990693667]
('challenge', 410);[0.06308940517650963, 0.10401684427033019, 0.007534953129939257, 0.01595149590125713]
('challenge', 411);[0.006953732089015696, 0.003284710455572919, 0.0022575462800478773, 0.04534401835284889]
('challenge', 412);[0.008956110050174224, 0.20384012518804573, 0.018960085125003773, 0.008956110050174224]
('challenge', 413);[0.0054065129648451565, 0.0027185654454334406, 0.356061892055597, 0.005078948903445954]
('challenge', 414);[0.004920198543321501, 0.003176718939228188, 0.17344299793312676, 0.004920198543321501]
('challenge', 415);[0.1401326431989775, 0.0037344093389627877, 0.005104332372368094, 0.008958382300797832]
('challenge', 416);[0.023853175248475286, 0.07347295230054812, 0.030628083287749203, 0.027029188633541684]
('challenge', 417);[0.01796859525148633, 0.3609089264052374, 0.009617895962790118, 0.01796859525148633]
('challenge', 418);[0.018810123657792076, 0.13898904236646228, 0.007841226138389697, 0.010068333659688641]
('challenge', 419);[0.004828105774887596, 0.00547096059005689, 0.2987042915130169, 0.007477916509156338]
('challenge', 420);[0.16089213266585697, 0.00402785572827213, 0.12530291891019776, 0.016957906021085926]
('challenge', 421);[0.004326270472588312, 0.004326270472588312, 0.03622341053655873, 0.18395765766044941]
('challenge', 422);[0.0037557315991569497, 0.006192154574570671, 0.009009531743989148, 0.040377929572747454]
('challenge', 423);[0.24229877570114983, 0.017552068626226647, 0.01000086724172243, 0.012063348587408963]
('challenge', 424);[0.024983404722315007, 0.01717082211949935, 0.013372649712645894, 0.07695430416901299]
('challenge', 425);[0.004528832117322514, 0.04296836277637227, 0.13235187499420423, 0.007466781843259526]
('challenge', 426);[0.00830648656580293, 0.0026967213586669065, 0.003462658766253007, 0.2750730896066357]
('challenge', 427);[0.004601884055231523, 0.0048986800773764055, 0.013315993037766632, 0.05967815468643563]
('challenge', 428);[0.00716803170749893, 0.005244244025991301, 0.011818086345206445, 0.11212688133459454]
('challenge', 429);[0.005371772721980547, 0.3765904090467427, 0.006479594750267415, 0.007815883191761942]
('challenge', 430);[0.0029349126851030637, 0.001475766776657305, 0.23314893721743893, 0.004838852971577048]
('challenge', 431);[0.03638999000106838, 0.010425909178730602, 0.015169608344642127, 0.16308863989917938]
('challenge', 432);[0.32243496600067656, 0.0055477987178702715, 0.007123514560413094, 0.012502157403177493]
('challenge', 433);[0.005718574047184959, 0.005372103160591676, 0.007342794423796371, 0.2755362622778488]
('challenge', 434);[0.4326231811691809, 0.004241288175882017, 0.005445921817329697, 0.00897880713880137]
('challenge', 435);[0.07774199631920192, 0.0043859022639655305, 0.008193944174346435, 0.02523913092239265]
('challenge', 436);[0.01110569688378232, 0.0028079599112255543, 0.2527644960153923, 0.00980074310098129]
('challenge', 437);[0.020994988595936005, 0.28982691215828943, 0.007723624672073741, 0.014429630570325543]
('challenge', 438);[0.0362868913334781, 0.0033752058577144364, 0.004333850107858685, 0.26812587571887014]
('challenge', 439);[0.009728600910110321, 0.3221669392534556, 0.006281256841817778, 0.0075766420069831]
('challenge', 440);[0.008810365919008242, 0.4245071523045546, 0.004715849047583378, 0.009983452512076876]
('challenge', 441);[0.026120899675114256, 0.006204257486343424, 0.0074837630552240155, 0.15031541708908272]
('challenge', 442);[0.20688616647516064, 0.004033637132378168, 0.009089941596809132, 0.009089941596809132]
('challenge', 443);[0.0338887746852097, 0.2504060572730354, 0.026392604262171715, 0.026392604262171715]
('challenge', 444);[0.42856936506497256, 0.006507483628887707, 0.014664840734918897, 0.012941676525462329]
('challenge', 445);[0.009856095863046052, 0.2541921231685156, 0.05671792915106029, 0.012655477597462033]
('challenge', 446);[0.009490603642131853, 0.4035507116436855, 0.006127594256453616, 0.015647360096566892]
('challenge', 447);[0.06016550661446306, 0.01521222237378864, 0.04685694366523162, 0.0991961505177145]
('challenge', 448);[0.007677146788420224, 0.004956738511114141, 0.15419961528354603, 0.00869934700726533]
('challenge', 449);[0.006403329588146739, 0.34961003291882475, 0.008222037942609062, 0.007255923017285516]
('challenge', 450);[0.004216909668602012, 0.0028982368048601544, 0.19087195149142308, 0.00740090695186087]
('challenge', 451);[0.007832963592259415, 0.003475856524028148, 0.40175436550252397, 0.009448357627596535]
('challenge', 452);[0.006231356459510733, 0.3002434966492589, 0.0037795087442916244, 0.0051659759506959245]
('challenge', 453);[0.006443889908845168, 0.0032401913311356383, 0.004160488024109446, 0.15612116131354234]
('challenge', 454);[0.016985818131943012, 0.3411692772596919, 0.009091853277867584, 0.014989931889304966]
('challenge', 455);[0.006685817924990782, 0.3221407095068838, 0.005900213610048932, 0.00858476014703466]
('challenge', 456);[0.14713033773438464, 0.028971681276636522, 0.010658083376760785, 0.017572208768160954]
('challenge', 457);[0.1499829042552669, 0.04869231992804353, 0.04869231992804353, 0.026063120722588273]
('challenge', 458);[0.018577004434866855, 0.002361801074508473, 0.00642004094327143, 0.13726652791931468]
('challenge', 459);[0.014095227393785782, 0.32080582031589155, 0.006658113974103306, 0.015971985116893513]
('challenge', 460);[0.08978972262432859, 0.004758682098223373, 0.19008484428735106, 0.00737039101529621]
('challenge', 462);[0.01093445748428434, 0.004558160030987552, 0.004852136095847108, 0.08079530049964606]
('challenge', 463);[0.2533829246517714, 0.0043596945600316754, 0.005958995936580295, 0.007651502240508071]
('challenge', 464);[0.004537586605412822, 0.2988361070048746, 0.0033197692782189593, 0.004262668130772262]
('challenge', 465);[0.0033789482312993092, 0.0031742281070530607, 0.004338655410660403, 0.17330702374791587]
('challenge', 466);[0.009107343599303932, 0.003147413728460538, 0.1257229703798989, 0.007092806326838249]
('challenge', 467);[0.0048884596316616695, 0.2669008524004329, 0.01172680503594868, 0.024825646455916953]
('challenge', 468);[0.046602056358379836, 0.017143938450560836, 0.09865655408487492, 0.059838224834074284]
('challenge', 469);[0.019368545206212073, 0.1837636404511084, 0.017092685227265106, 0.013311796639787097]
('challenge', 470);[0.3410892470109542, 0.08624086734759501, 0.004293679958738597, 0.013225465352768305]
('challenge', 471);[0.37880882185183357, 0.003277338466915287, 0.0044795905626481775, 0.007385596244665605]
('challenge', 472);[0.0071966871036898555, 0.04995489794409608, 0.00766083354444347, 0.10575451977753587]
('challenge', 473);[0.009062325685286152, 0.005851077224714641, 0.02314145933547961, 0.3619933728007875]
('challenge', 474);[0.005948698829324702, 0.002479786608451474, 0.0033894664224461634, 0.17384648344139972]
('challenge', 475);[0.0019007617625502972, 0.003780116137933055, 0.07132555893205515, 0.0021538452508824434]
('challenge', 476);[0.39859997111700335, 0.010622329428565508, 0.009374172818942256, 0.013639340970708286]
('challenge', 477);[0.03076855756807294, 0.37483774441053447, 0.006058686769842263, 0.02715315675082018]
('challenge', 478);[0.009808059636659264, 0.15342388468397647, 0.012593797861859629, 0.09305627889987368]
('challenge', 479);[0.007434625749954143, 0.003738364597472832, 0.40591681213627384, 0.007434625749954143]
('challenge', 480);[0.03695562942928268, 0.009343848635356677, 0.008245917478921566, 0.16562364050067996]
('challenge', 481);[0.19852963836887402, 0.005995074895850462, 0.0076978285412186076, 0.014381437053138046]
('challenge', 482);[0.009129087456805239, 0.017055380736221596, 0.021899542356595015, 0.1833626013301443]
('challenge', 483);[0.2742516839382047, 0.04205785789750919, 0.012049775160409996, 0.03275469266488602]
('challenge', 484);[0.008906873411911988, 0.004207309089285466, 0.2949552088971188, 0.01664023024516512]
('challenge', 485);[0.14019112329296263, 0.03544586694880605, 0.03544586694880605, 0.03128086779174702]
('challenge', 486);[0.026432906920965085, 0.002965690671021627, 0.05595846439080436, 0.007573156433396395]
('challenge', 487);[0.005152919589162267, 0.004547435576703187, 0.29948470426512025, 0.005839022861236969]
('challenge', 488);[0.013879559954752999, 0.010809412161448147, 0.14921933209048682, 0.10255684713414126]
('challenge', 489);[0.42549926077013017, 0.010006782283810191, 0.006877554178858184, 0.012848962791672889]
('challenge', 490);[0.014825965103141618, 0.2627965821187552, 0.021571657081583328, 0.021571657081583328]
('challenge', 491);[0.016584772170146058, 0.0057315438955984396, 0.07432780989011921, 0.22894574507426022]
('challenge', 492);[0.4058587736146592, 0.006560095699867998, 0.0042355161218457235, 0.005789264135792032]
('challenge', 493);[0.027617427845136388, 0.010159883922261406, 0.1800882300787114, 0.018981162065745502]
('challenge', 494);[0.413367076667784, 0.009132470432936204, 0.014144646907911972, 0.02058033490708302]
('challenge', 495);[0.015828628334453903, 0.28056921738208657, 0.02609700244303039, 0.029571777948001074]
('challenge', 496);[0.005922744353792872, 0.005922744353792872, 0.020672409044107838, 0.06367550264538645]
('challenge', 497);[0.005807360068707961, 0.0033089340241779894, 0.004248755389187388, 0.27981431141479385]
('challenge', 498);[0.023879082401096798, 0.19993710905492737, 0.01641183340875355, 0.01859704807300079]
('challenge', 499);[0.06852155977175892, 0.003865721875099969, 0.128015127040539, 0.010508121526960871]
('challenge', 500);[0.004158591871555284, 0.0017335590065951638, 0.273876261863392, 0.0034475937521476576]
('challenge', 501);[0.005375577838375367, 0.0030629119253104656, 0.0036945770156217392, 0.18949565074578495]
('challenge', 502);[0.0066339529674730065, 0.004853503672700204, 0.20637620305252927, 0.009067538615904602]
('challenge', 503);[0.0040779863009399436, 0.0024734237214081856, 0.25229604851613124, 0.005933435056798254]
('challenge', 504);[0.018730724461382905, 0.002872449628756866, 0.04493267214851663, 0.006890648447589808]
('challenge', 505);[0.09327991933497737, 0.22376686724083017, 0.020813563339846117, 0.06411028848541667]
('challenge', 506);[0.007887986452860134, 0.13981788867369752, 0.003966328675105067, 0.006961123612278319]
('challenge', 507);[0.05442366810204372, 0.020021348607879897, 0.010716653101680981, 0.11521490627614926]
('challenge', 508);[0.32051813231427406, 0.00356063482232316, 0.006249108726653268, 0.010967527372564059]
('challenge', 509);[0.008353459795109836, 0.0021120853981667713, 0.004471284823006443, 0.19012382327563596]
('challenge', 510);[0.01920203987884813, 0.38568332696415886, 0.01495456369421527, 0.01495456369421527]
('challenge', 511);[0.3783693780665935, 0.004474394468821849, 0.0028888861954519374, 0.007377029334249584]
('challenge', 512);[0.007929181930520003, 0.0025742284778765617, 0.004244185247117102, 0.2317246352668261]
('challenge', 513);[0.24919817466772756, 0.07139647241110746, 0.014058798986141192, 0.012406846559329053]
('challenge', 514);[0.15561664985829704, 0.003438019607966213, 0.004414504559699443, 0.006423066234155592]
('challenge', 515);[0.026306493921109203, 0.09181868579305624, 0.020487518065623, 0.03827572280391979]
('challenge', 516);[0.004256871039993738, 0.024496607318604875, 0.0031143933832697636, 0.20510758188558673]
('challenge', 517);[0.43179646229280055, 0.005786076594258259, 0.006556483742109917, 0.008961650739404987]
('challenge', 518);[0.4374468839161732, 0.0042885788576477665, 0.010287765867840868, 0.0037846575583639365]
('challenge', 519);[0.006153410568299894, 0.0024097102017987177, 0.19142694615859146, 0.004229173111591581]
('challenge', 520);[0.0033795460423709416, 0.0026319931042243566, 0.056274493903828327, 0.11913310452927442]
('challenge', 521);[0.27257254943161247, 0.0036524742516905843, 0.0046898697729682495, 0.013570588153754663]
('challenge', 522);[0.007357925178293932, 0.312867014449863, 0.06981006703935905, 0.01070571796382077]
('challenge', 523);[0.01387880549020776, 0.0054350183215182086, 0.020193538018893033, 0.07048237321048124]
('challenge', 524);[0.014345336012032214, 0.007213287943453523, 0.22439886399205983, 0.014345336012032214]
('challenge', 525);[0.007263556095024571, 0.11362113416462068, 0.003223183478790186, 0.005314131160850615]
('challenge', 526);[0.006317066551126284, 0.005237032112367126, 0.3240037423902342, 0.011086797068882317]
('challenge', 527);[0.018332847748446533, 0.00674427617681871, 0.012599966703147999, 0.22333980697794614]
('challenge', 528);[0.0038541686551421712, 0.0030016295667139865, 0.11263529166426604, 0.005268023949531105]
('challenge', 529);[0.015194837815495027, 0.23768731115679487, 0.01340939730744964, 0.025052058284120746]
('challenge', 530);[0.008709333236225277, 0.018437654209894388, 0.12022860810591432, 0.018437654209894388]
('challenge', 531);[0.0751463396596039, 0.04022293711417283, 0.09648981009398146, 0.024396444583439016]
('challenge', 532);[0.05320141515322005, 0.009245017504135117, 0.14461644005930377, 0.017271966578490564]
('challenge', 533);[0.02181928762224212, 0.20701563709736054, 0.02181928762224212, 0.05931097305346212]
('challenge', 534);[0.006178507726071917, 0.0014675242158842183, 0.003106748789406392, 0.19220774149180603]
('challenge', 535);[0.02657672616717551, 0.04965186122360881, 0.020697975150470584, 0.0722430318001652]
('challenge', 536);[0.2223617589803667, 0.030093391632599335, 0.003376385771381578, 0.009769896174028975]
('challenge', 537);[0.004593914504289319, 0.015062865760267243, 0.003808488890487125, 0.2079364726303368]
('challenge', 538);[0.010424561999870524, 0.013385402565670945, 0.005939736382868867, 0.2688529974645147]
('challenge', 539);[0.016517010865255068, 0.004445493166303659, 0.29277095300339323, 0.01286346099585955]
('challenge', 540);[0.011726078127548554, 0.00805920777932944, 0.34268619398903083, 0.007570925063830059]
('challenge', 541);[0.004992047589349037, 0.06473785815437842, 0.0019549139246274336, 0.006021558808821895]
('challenge', 542);[0.006416028814702619, 0.0026745987300124396, 0.0038915181897168443, 0.11372683191612273]
('challenge', 543);[0.004692081999390296, 0.004692081999390296, 0.27270118778328284, 0.005659731240428251]
('challenge', 544);[0.019023835286334966, 0.29758285240956733, 0.02155682952610857, 0.04563580846488844]
('challenge', 545);[0.0070338622465032224, 0.31837691554443964, 0.006607702076395668, 0.01089425896380294]
('challenge', 546);[0.025304836896324796, 0.03249205374001878, 0.12850856542703276, 0.02233144018141502]
('challenge', 547);[0.008093964954521297, 0.005562895336152347, 0.09860467917660128, 0.02200167785605959]
('challenge', 548);[0.006145525628414298, 0.004496162597840032, 0.006963792859120197, 0.2306091478764795]
('challenge', 549);[0.005010916836944518, 0.1464404731040985, 0.007290840977120067, 0.04754225524689081]
('challenge', 550);[0.004377557316392677, 0.005280342053606978, 0.25442112804274614, 0.00870581226035422]
('challenge', 551);[0.3015314278066312, 0.004040522962221816, 0.0033497111883584113, 0.011691640855817916]
('challenge', 552);[0.019641470159426747, 0.0032063810970638347, 0.09974761597583727, 0.010513318869177033]
('challenge', 553);[0.03564712092004792, 0.009013003645027839, 0.011572925760915002, 0.18103103908161194]
('challenge', 554);[0.10494221464573744, 0.004610839119183139, 0.009761146491909076, 0.15269002134056844]
('challenge', 555);[0.5137890889615038, 0.010663354890469042, 0.006884779371808993, 0.015515089816659467]
('challenge', 556);[0.011849126838473808, 0.009228109260515802, 0.011849126838473808, 0.26968481949567674]
('challenge', 557);[0.008499427573079659, 0.006619360849573128, 0.009631113206388745, 0.17071554599417066]
('challenge', 558);[0.0072745368607787094, 0.35050681477037765, 0.00441222964127198, 0.007743704179492656]
('challenge', 559);[0.022988989679969204, 0.02604993809342634, 0.1322925015310189, 0.012305119456308642]
('challenge', 560);[0.027347611070187048, 0.01463811787801039, 0.03979053931743983, 0.021298340916593893]
('challenge', 561);[0.009952400679978218, 0.023874573799002374, 0.199899358991776, 0.012779135430152393]
('challenge', 562);[0.016765176260858848, 0.3367374865267471, 0.013056732400287, 0.011522525901129206]
('challenge', 563);[0.004193910987133172, 0.42779055074958605, 0.008878509629433005, 0.007360543008845038]
('challenge', 564);[0.006111087541406355, 0.2766089101453738, 0.007371378649304035, 0.008352866313428698]
('challenge', 565);[0.004261048457510835, 0.013971440011247824, 0.1702070241398695, 0.008474106727157626]
('challenge', 566);[0.2579229061618964, 0.016488461712726065, 0.09488454589527144, 0.021171603921222956]
('challenge', 567);[0.01163735518877245, 0.23374247160378403, 0.00906318133389606, 0.014942659845406795]
('challenge', 568);[0.014103160556690447, 0.003565837414723056, 0.004578625872280511, 0.17181164782716712]
('challenge', 569);[0.4659109833672584, 0.005864954430096359, 0.007074485445057816, 0.006645864039771119]
('challenge', 570);[0.019962644886113098, 0.012107953285621843, 0.019962644886113098, 0.14750510294652075]
('challenge', 571);[0.021759259808678176, 0.008004784338720752, 0.2650820828088446, 0.00907060899055498]
('challenge', 572);[0.014248680067239889, 0.0387319281063048, 0.014248680067239889, 0.10528429635255049]
('challenge', 573);[0.02476115521955784, 0.1614630336450469, 0.02805806473318954, 0.011696341532947721]
('challenge', 574);[0.014089421535095015, 0.41175325325505957, 0.012433870863930047, 0.018091175357489615]
('challenge', 575);[0.1671512963894746, 0.06149151817648141, 0.06967901869841053, 0.017617614923777492]
('challenge', 576);[0.008807597822558829, 0.20046000246741338, 0.009980315847867285, 0.016454759026684376]
('challenge', 577);[0.005821036438737904, 0.0024265690064744746, 0.004533427736776262, 0.19276627551635184]
('challenge', 578);[0.01031265254016934, 0.005875972294806215, 0.2659668778703093, 0.0170026896003169]
('challenge', 579);[0.005550942339320539, 0.008076573446752059, 0.32261759460729517, 0.011039367021697536]
('challenge', 580);[0.008791544074851597, 0.0034428181268889584, 0.18797150062871198, 0.015429640370440015]
('challenge', 581);[0.010306222513233864, 0.2070059634740732, 0.008026494163814676, 0.010306222513233864]
('challenge', 582);[0.006677836636391758, 0.011009891304679689, 0.0045896055257096235, 0.17222369729469197]
('challenge', 583);[0.5737962918942706, 0.007223028479494112, 0.004964310034358161, 0.009274552153129851]
('challenge', 584);[0.1110824471900651, 0.015033374453083531, 0.040864948596237405, 0.20752933290451744]
('challenge', 585);[0.007593402345987743, 0.0026242096313696677, 0.004605631334375404, 0.25145898056782323]
('challenge', 586);[0.12851205830107135, 0.07794650350237722, 0.04727694419158995, 0.028674916149722403]
('challenge', 587);[0.00522787785343143, 0.004334062966785103, 0.32343731126358405, 0.009766961665622714]
('challenge', 588);[0.0028634730343985353, 0.008285733958580807, 0.22747386553184282, 0.006061972461391645]
('challenge', 589);[0.3742429570234605, 0.005682579143396619, 0.005338289077778196, 0.011301158066339701]
('challenge', 590);[0.0140592280331843, 0.004564363070126962, 0.2492058391238297, 0.01240722519201566]
('challenge', 591);[0.002409081759228094, 0.0029059072913092386, 0.19137704560743624, 0.0030933222097276904]
('challenge', 592);[0.007304276276945922, 0.21346226818069364, 0.006446001190026916, 0.00568857608425537]
('challenge', 593);[0.04064467145512734, 0.011644893338700425, 0.006233062243424063, 0.06701173436868678]
('challenge', 594);[0.3528044757585838, 0.025557070504548272, 0.02255403555939997, 0.02895995490714869]
('challenge', 595);[0.004892689893495902, 0.11853905343537084, 0.005208241280829799, 0.13432234502829632]
('challenge', 596);[0.021212408447807102, 0.011354184048101526, 0.05088592255098342, 0.1776093002370939]
('challenge', 597);[0.01558013734902402, 0.029107535558329352, 0.05438003563766348, 0.008339446573960671]
('challenge', 598);[0.004105852936323154, 0.010484662774551519, 0.09947571073824667, 0.013462573487923967]
('challenge', 599);[0.003991873056713553, 0.3171136795325178, 0.008450795327378281, 0.009576005652403062]
('challenge', 600);[0.008696850166162137, 0.006773113719661749, 0.2705510462026957, 0.011887184775814044]
('challenge', 601);[0.43680814986340477, 0.004558501283272954, 0.01164054082153214, 0.04062948936430575]
('challenge', 602);[0.00496559557272508, 0.15447513197908744, 0.006375950924371126, 0.007224898926781142]
('challenge', 603);[0.36811369953937867, 0.007177074556070924, 0.023532721492441053, 0.01427331709164394]
('challenge', 604);[0.1146452036794273, 0.006884979632757942, 0.1472073378772444, 0.012083515567548633]
('challenge', 605);[0.006875573662148249, 0.03956620402858985, 0.10755209343201887, 0.007319010065238385]
('challenge', 606);[0.026135900301068687, 0.36079493161564596, 0.017962924068474252, 0.017962924068474252]
('challenge', 607);[0.011105675701366753, 0.07241810245765785, 0.009800724407565164, 0.09298668418392969]
('challenge', 608);[0.033741069082850655, 0.007528650148035701, 0.008531078268927988, 0.22001940841583179]
('challenge', 609);[0.005381640837685247, 0.1897093788386971, 0.008335248385773687, 0.0073558308827185274]
('challenge', 610);[0.009112187019371071, 0.3419323768034309, 0.015023456561434684, 0.011700279734484568]
('challenge', 611);[0.012339892587796254, 0.013982930196872122, 0.2478534272932064, 0.012339892587796254]
('challenge', 612);[0.004759639761714465, 0.05447119256135544, 0.025730369453899473, 0.005741221456926856]
('challenge', 613);[0.03525361551455348, 0.006941848487975291, 0.004771058040776739, 0.20287057436298217]
('challenge', 614);[0.4882950820204912, 0.004787075969153262, 0.003968625369369714, 0.006965154436243102]
('challenge', 615);[0.035901077076886834, 0.008010611167788121, 0.010285828342642618, 0.1823207132825315]
('challenge', 616);[0.2351828208906368, 0.2351828208906368, 0.01326810841393973, 0.01930498383050583]
('challenge', 617);[0.02820152671307299, 0.013321461131571384, 0.2361284921772428, 0.01938260695543227]
('challenge', 618);[0.01573135209151325, 0.3159727286195149, 0.013041748952212625, 0.0122515893276425]
('challenge', 619);[0.008426049262275912, 0.0035124999133829427, 0.29702840429350974, 0.008969482750261626]
('challenge', 620);[0.03442427543192263, 0.2882309292945461, 0.0072157201249567595, 0.011175925955997102]
('challenge', 621);[0.34662838635877086, 0.005263273408499761, 0.007194041789508603, 0.013440239490847918]
('challenge', 622);[0.06423943979284914, 0.13599489510865054, 0.018404907648262657, 0.026778982615063035]
('challenge', 623);[0.01568844330946692, 0.01221817193458418, 0.16866664078245863, 0.010782498887516574]
('challenge', 624);[0.004454420016194001, 0.0013585213495408079, 0.0034691057967408275, 0.1570237369202707]
('challenge', 625);[0.4058264314454164, 0.0029107930197582754, 0.0065595733284026575, 0.009544122876384406]
('challenge', 627);[0.010550129486448893, 0.006398976997469554, 0.008216449105551115, 0.2720913931900948]
('challenge', 628);[0.10310393546373937, 0.3598680950324629, 0.007016312534466066, 0.012314011988303585]
('challenge', 629);[0.0792141995838396, 0.017675077039171812, 0.025717085344710285, 0.0792141995838396]
('challenge', 630);[0.6070685874719616, 0.007641865274519859, 0.008134723240523197, 0.014276883906363407]
('challenge', 631);[0.377332750899874, 0.004462134804957866, 0.006911089582508652, 0.006492367832082758]
('challenge', 632);[0.004704064908249905, 0.3510493355127592, 0.005674185387570766, 0.008255891023867515]
('challenge', 633);[0.012646296265319943, 0.3695789948965284, 0.007205642408438119, 0.012646296265319943]
('challenge', 634);[0.007175329397403312, 0.005249583129980553, 0.2096938125386451, 0.0036079822033575886]
('challenge', 635);[0.0182847045104786, 0.36725819513596064, 0.0067265668772998185, 0.0097870970563264]
('challenge', 636);[0.008410799254164332, 0.005780652153450251, 0.005101407620338817, 0.19142890867749304]
('challenge', 637);[0.012105014919505342, 0.009427395098401799, 0.18935426976563846, 0.01068263817220378]
('challenge', 638);[0.006087939020014808, 0.002239627604568866, 0.275561161036176, 0.009429184410435927]
('challenge', 639);[0.0053322622057863965, 0.37382046295874993, 0.006846760200673174, 0.00996197730992906]
('challenge', 640);[0.017253075491043865, 0.004362260633544309, 0.013436708702815025, 0.2698834444312732]
('challenge', 641);[0.3993778905752989, 0.0047228296517520625, 0.02253136013239406, 0.007314861659921286]
('challenge', 642);[0.003703887040043994, 0.0030706302066474856, 0.007841128925304607, 0.22915143151230374]
('challenge', 643);[0.00863115837467676, 0.32388190577587167, 0.004077070527607801, 0.008108222924383277]
('challenge', 644);[0.01975251923930032, 0.01975251923930032, 0.16538581872292313, 0.017431537046925162]
('challenge', 645);[0.006581341658455481, 0.29789430525025223, 0.007005801727671136, 0.007005801727671136]
('challenge', 646);[0.010173118320217106, 0.011527653287419804, 0.3368874110032422, 0.03550767188439581]
('challenge', 647);[0.05777014995746184, 0.07417834087124325, 0.021252450482741485, 0.030922132991987306]
('challenge', 648);[0.20044107717880508, 0.00644316786805499, 0.0307386347451174, 0.0077719439845452196]
('challenge', 649);[0.23178696278045482, 0.008987356938909341, 0.008987356938909341, 0.06640808460271476]
('challenge', 650);[0.00712803707823591, 0.0052149833301485485, 0.20831175354483336, 0.01175214634922674]
('challenge', 651);[0.005818377938357542, 0.08550043965971625, 0.0518586380725279, 0.007470945156746306]
('challenge', 652);[0.005035098291806994, 0.0020989412432024716, 0.2749070519677066, 0.017574219862936693]
('challenge', 653);[0.2888715227368727, 0.00988464112022241, 0.020925785415721168, 0.01629701806814783]
('challenge', 654);[0.01980016004910624, 0.24121535897430885, 0.022436520730120313, 0.015420380151183088]
('challenge', 655);[0.0034426720219277655, 0.00366470529121365, 0.1558272156177068, 0.00366470529121365]
('challenge', 656);[0.004470351071779141, 0.00271140498471328, 0.27657089333064105, 0.007370362899539384]
('challenge', 657);[0.02317164790007788, 0.19401383249833148, 0.071373700279016, 0.11767533781858935]
('challenge', 658);[0.0027499120441073378, 0.00147192184903047, 0.00258330329582254, 0.1927836718060536]
('challenge', 659);[0.12147610403059712, 0.07367898151699856, 0.09460568494349249, 0.02392006314194383]
('challenge', 660);[0.018426188927019915, 0.006778616085391505, 0.22447693532220134, 0.005982107699168119]
('challenge', 661);[0.011740238579527362, 0.004057317886132092, 0.009143306999181028, 0.20810070810926887]
('challenge', 662);[0.008867551365050231, 0.005052578465224873, 0.2286971639378148, 0.012902211104833998]
('challenge', 663);[0.008823525210511609, 0.48174806712146845, 0.012838153427961647, 0.021166531586697145]
('challenge', 664);[0.028686609175185857, 0.025315843742756354, 0.27217100234033204, 0.047296222731390385]
('challenge', 665);[0.032934470769773676, 0.13025835872324001, 0.025649391625542035, 0.013729133275410713]
('challenge', 666);[0.028017475088479557, 0.02472533498382427, 0.019256110247105145, 0.07615939341231796]
('challenge', 667);[0.008843676314352138, 0.22808144545419623, 0.008843676314352138, 0.007804516954876513]
('challenge', 668);[0.03768988713521298, 0.07978949169137571, 0.02590385534687367, 0.04839477303370579]
('challenge', 669);[0.008931621769891, 0.003497673340438306, 0.004780752627543169, 0.37978222167108117]
('challenge', 670);[0.012035666044268005, 0.010621438004609103, 0.16614726459312254, 0.017511790763621755]
('challenge', 671);[0.0525154241448183, 0.00971437435894673, 0.00756556235779649, 0.23535777435716515]
('challenge', 672);[0.4116920981202668, 0.002952863852462758, 0.003346033106535123, 0.012432021174851288]
('challenge', 673);[0.004674134756668325, 0.32768222260573904, 0.005296488568944599, 0.007706345395437835]
('challenge', 674);[0.007163330104290016, 0.09289550038702857, 0.008117116426483259, 0.153158787440426]
('challenge', 675);[0.005619439669073296, 0.3476624215401771, 0.007680863347826504, 0.006778338113632435]
('challenge', 676);[0.008256276831012035, 0.3978097192677486, 0.006040421166478457, 0.010601269298229573]
('challenge', 677);[0.017677487649724922, 0.010721938246249587, 0.017677487649724922, 0.2440301315025884]
('challenge', 678);[0.08427176614986685, 0.294137365494059, 0.005387315054508653, 0.010064829571999544]
('challenge', 679);[0.07029314232055825, 0.022820842092740868, 0.07965256548174685, 0.022820842092740868]
('challenge', 680);[0.01706664816183169, 0.05956845521912832, 0.1834837813029482, 0.03613009444212036]
('challenge', 681);[0.011535235885873331, 0.0018830754934666828, 0.004243576131475848, 0.14052797501941797]
('challenge', 682);[0.09757323899563675, 0.0033387718399798313, 0.2652315625057309, 0.019213309945730023]
('challenge', 683);[0.008044525805832215, 0.004045041604974569, 0.004879251544086718, 0.20747107973752282]
('challenge', 684);[0.3814366248269744, 0.003980648855799755, 0.00330007381070949, 0.004510666093151724]
('challenge', 685);[0.006368943868032328, 0.004112099223297031, 0.004112099223297031, 0.254406540037902]
('challenge', 686);[0.004280041504931778, 0.0022909411300503523, 0.004280041504931778, 0.14173552573396778]
('challenge', 687);[0.011151917554264172, 0.1198944412609894, 0.005267792851559774, 0.008685122124008682]
('challenge', 688);[0.019390039227186778, 0.011760650480361526, 0.011760650480361526, 0.18396757004417758]
('challenge', 689);[0.06804897199883639, 0.00812729071331992, 0.006737760653259369, 0.14405967485201207]
('challenge', 690);[0.004032000661185775, 0.0075327689356243736, 0.02798763857337763, 0.03593683928128712]
('challenge', 691);[0.01357073051563657, 0.007263888601845883, 0.005314374428037818, 0.1873381338297824]
('challenge', 692);[0.007229806415512662, 0.22491271190629794, 0.016292620262175015, 0.006791774588345266]
('challenge', 693);[0.008199158006622789, 0.0016145099383479736, 0.11318588496571028, 0.008199158006622789]
('challenge', 694);[0.024915812523612715, 0.024915812523612715, 0.04107923008445692, 0.04107923008445692]
('challenge', 695);[0.00570454810878395, 0.027214870462174606, 0.20109222854219913, 0.011344848570973442]
('challenge', 696);[0.06242391583931133, 0.020266078299402395, 0.0037488466406596995, 0.012291994910084108]
('challenge', 697);[0.008868697329527183, 0.0030649397844887036, 0.011387632784023603, 0.2287267460175597]
('challenge', 698);[0.006501268167010069, 0.0025459331947359025, 0.014650833975359042, 0.13900322597007622]
('challenge', 699);[0.018833368666434168, 0.005068932410841376, 0.016620389513361925, 0.29460348830770405]
('challenge', 700);[0.005816771771603947, 0.003755590122903447, 0.013953710093545934, 0.16999098894403045]
('challenge', 701);[0.006782780561388477, 0.3942113511778348, 0.008709262636638352, 0.009270961817961873]
('challenge', 702);[0.0172750965099256, 0.05321105602306076, 0.036571388317795446, 0.011872988621351204]
('challenge', 703);[0.00786387592641787, 0.0023983466528391686, 0.006939846147373336, 0.22981616909027827]
('challenge', 704);[0.005398928580240561, 0.006512350967949633, 0.007379460425160376, 0.19031879277036012]
('challenge', 705);[0.006018372505814948, 0.003221402664821924, 0.018537896815254726, 0.009922618765333936]
('challenge', 706);[0.013528295285386608, 0.0043919944435530925, 0.010535846961880285, 0.2717231392462554]
('challenge', 707);[0.013449920272090247, 0.21039215168798772, 0.053195466593281726, 0.022175169641816043]
('challenge', 708);[0.271361529909964, 0.007231540685979748, 0.01052182961256275, 0.011922794948908206]
('challenge', 709);[0.011871975259293505, 0.005607924027459087, 0.015243917979220901, 0.27020487924353137]
('challenge', 710);[0.008269886086281352, 0.015450181249120119, 0.006440593759907233, 0.188221784634745]
('challenge', 711);[0.402215550816343, 0.010718682002783775, 0.006501209266398375, 0.008347717937261379]
('challenge', 712);[0.07479897783957266, 0.0027245519190601257, 0.07479897783957266, 0.010122938438230795]
('challenge', 713);[0.005575929519520858, 0.005935546076846475, 0.00462260793260444, 0.2523858715354786]
('challenge', 714);[0.030843245778719237, 0.17749060353639015, 0.014569317683837459, 0.02119823214682864]
('challenge', 715);[0.0051825239476124465, 0.001906544013705284, 0.12556106151439525, 0.0045735613313384734]
('challenge', 716);[0.004356272014548443, 0.006747126085224581, 0.3460615498817345, 0.00633833838090952]
('challenge', 717);[0.09490219288221131, 0.016491528299236627, 0.10753827305712733, 0.027189933493304532]
('challenge', 718);[0.3237309769015326, 0.03011167145816515, 0.016117616279791986, 0.03412099393207635]
('challenge', 719);[0.009405577563662363, 0.0032504806286471825, 0.008835722426609769, 0.27487123507967864]
('challenge', 720);[0.006276277903908691, 0.005203217136132554, 0.250705011526982, 0.005538795809959557]
('challenge', 721);[0.13091959901661498, 0.061842039673714364, 0.07007621159076673, 0.017718045238448017]
('challenge', 722);[0.2533193196459775, 0.020793713525743076, 0.04402029187943729, 0.01619416037681117]
('challenge', 723);[0.26576369013608897, 0.006250163667453221, 0.028011290196249174, 0.011676843005009232]
('challenge', 724);[0.13672578577710195, 0.06458469579743135, 0.05699579399560151, 0.0731840481346509]
('challenge', 725);[0.005221893464135663, 0.002975345208439163, 0.08168415719792235, 0.17292536214499393]
('challenge', 726);[0.006475489824438581, 0.2931030848288937, 0.007810931706055572, 0.018737451092520986]
('challenge', 727);[0.03855909578303773, 0.012518305585070139, 0.043693179738204795, 0.016073822545094166]
('challenge', 728);[0.005085734560725866, 0.015665165283072553, 0.16841639852037854, 0.015665165283072553]
('challenge', 729);[0.028099932472086305, 0.019312782322815216, 0.02188424941351441, 0.06740823376943163]
('challenge', 730);[0.03095850034724329, 0.007353288360444251, 0.20187480506640113, 0.0165708911206711]
('challenge', 731);[0.5784525570401733, 0.028799455288343472, 0.006840471840485748, 0.00728164437058073]
('challenge', 732);[0.3731455666303955, 0.0053226369135374076, 0.012768342190642174, 0.011268022434381927]
('challenge', 733);[0.01705425033682341, 0.34254369316876193, 0.008055857441187562, 0.01328186351701384]
('challenge', 734);[0.008434579462066024, 0.24649451439035575, 0.012272240703221072, 0.006568857089935008]
('challenge', 735);[0.0068658433227108, 0.0026887028770548787, 0.003912039602574106, 0.2742550840675153]
('challenge', 736);[0.027354216808752014, 0.04509947909593243, 0.030996388461691924, 0.01292121709688051]
('challenge', 737);[0.04131531572384512, 0.08746452407373803, 0.013413119189435543, 0.013413119189435543]
('challenge', 738);[0.006874403326909496, 0.007317764249861657, 0.22764900025482002, 0.01455311195726963]
('challenge', 739);[0.4906003272218364, 0.004518273616445905, 0.005119874759008333, 0.005801578163066183]
('challenge', 740);[0.008669345354783725, 0.0031892739244400764, 0.32531482319377886, 0.0076506704230327885]
('challenge', 741);[0.0032807251466896526, 0.4036565609091082, 0.004212534473516133, 0.007393228245350289]
('challenge', 742);[0.018175965333050104, 0.08145904459732158, 0.04360188457695448, 0.012492146105081718]
('challenge', 743);[0.005493813945509823, 0.004019360145060001, 0.1709075830634188, 0.009641943749540449]
('challenge', 744);[0.01677561201546514, 0.29735483787120753, 0.027658308358910023, 0.027658308358910023]
('challenge', 745);[0.013700724447785098, 0.18913262194957614, 0.008845852550707044, 0.06957800327009973]
('challenge', 746);[0.005070559350113436, 0.2295110135731321, 0.007853435952478288, 0.012948126902932075]
('challenge', 747);[0.006140613286852271, 0.005090747218285988, 0.29587138786394307, 0.014730565503636009]
('challenge', 748);[0.0036410687099629477, 0.0036410687099629477, 0.04166982476801486, 0.06062923728610651]
('challenge', 749);[0.00630552527367992, 0.04659186887207747, 0.06779076919988974, 0.015126168794515883]
('challenge', 750);[0.001369626268745077, 0.0331829990403823, 0.029283893871604978, 0.00349746320135349]
('challenge', 751);[0.007326992500118935, 0.002869291489665282, 0.07877259298306123, 0.025573716672165854]
('challenge', 752);[0.004373547206082382, 0.00721076030707914, 0.006773882425287054, 0.11279526908875465]
('challenge', 753);[0.008371966482196428, 0.002253284210366279, 0.3559850308545264, 0.005753962805610976]
('challenge', 754);[0.3585821653626822, 0.029434213041518588, 0.02022981905308514, 0.007442134528248357]
('challenge', 755);[0.27597669106997835, 0.00474844126524055, 0.0027055802771776384, 0.00474844126524055]
('challenge', 756);[0.04088348391413165, 0.08655033612540072, 0.02809878017380586, 0.05948511809474289]
('challenge', 757);[0.009871075947975828, 0.22466465303616476, 0.006784284669175219, 0.018441597735312284]
('challenge', 758);[0.23728450908055945, 0.011813702892834767, 0.015169094779597339, 0.03638875802286432]
('challenge', 759);[0.023634425856145252, 0.19788862488424866, 0.01840650936420898, 0.014335003906457101]
('challenge', 760);[0.04250493144832532, 0.02275125032613236, 0.0545774123142198, 0.16811026498060627]
('challenge', 761);[0.008311149784651894, 0.004179108560969359, 0.004448637906368071, 0.27522754703448865]
('challenge', 762);[0.44330503215916683, 0.00811941585449573, 0.025009561518389945, 0.013386653624966967]
('challenge', 763);[0.008870680916878718, 0.22877790341570967, 0.006489928798187197, 0.007828348432961747]
('challenge', 764);[0.00945066914356802, 0.0041937090109245715, 0.007360188529559537, 0.18982176403196585]
('challenge', 765);[0.017150013452753722, 0.036306578764387226, 0.16271477783260807, 0.015134833751339302]
('challenge', 766);[0.014450776322688617, 0.29025163599877757, 0.014450776322688617, 0.012752765344715514]
('challenge', 767);[0.015235757227296623, 0.4452541193717306, 0.01047137259658304, 0.011865619659304426]
('challenge', 768);[0.011069655327682403, 0.2223399443061376, 0.020680833885415095, 0.014213718794717075]
('challenge', 769);[0.0049787399141538215, 0.0041275203606805045, 0.01440646162268156, 0.1548840588701524]
('challenge', 770);[0.004996767759977764, 0.35030050597294893, 0.0034342249100410994, 0.0036557133874164345]
('challenge', 771);[0.007607670889171653, 0.3443495599947437, 0.011782991175185931, 0.013351878222662004]
('challenge', 772);[0.2031321967531934, 0.003960447336408299, 0.006529673765024029, 0.027490953382068768]
('challenge', 773);[0.016136410538057755, 0.004623159023258868, 0.008637198155769682, 0.15309798228142113]
('challenge', 774);[0.4968590851720943, 0.0024493108357885596, 0.0027754327846536216, 0.005875591251219079]
('challenge', 775);[0.45902019491459284, 0.006969852259462701, 0.008407246629359079, 0.006969852259462701]
('challenge', 776);[0.3389366838865037, 0.006207841168177872, 0.027821613913817454, 0.008485112841446178]
('challenge', 777);[0.01267850846557442, 0.007689904103797061, 0.28856159141730076, 0.030414167973721026]
('challenge', 778);[0.011652280795727924, 0.004286634547505118, 0.0975633526055039, 0.03167418314712952]
('challenge', 779);[0.0074144991155554105, 0.01078803255682737, 0.16875320192413734, 0.012224442403403493]
('challenge', 780);[0.007061439144991916, 0.13323958193428442, 0.03817377935581881, 0.008517721501134676]
('challenge', 781);[0.01597865815802307, 0.01098196044147516, 0.01098196044147516, 0.22057857193623565]
('challenge', 782);[0.010455027840959061, 0.004358304021577229, 0.004358304021577229, 0.20999489779921746]
('challenge', 783);[0.31911726072127417, 0.009636506278680295, 0.007050218601924947, 0.007988944302554216]
('challenge', 784);[0.05313842465441474, 0.022151391023973573, 0.12747245406380764, 0.01725152067559151]
('challenge', 785);[0.0227780676877603, 0.015655121713372723, 0.13107872927022507, 0.0331418929272835]
('challenge', 786);[0.09057245605199235, 0.00146396740323327, 0.0017658817659462528, 0.01081733726949646]
('challenge', 787);[0.05458807040314963, 0.1681430942057052, 0.022755693278609563, 0.033109338354062025]
('challenge', 788);[0.028655752637815172, 0.025288612944102236, 0.2117389385566463, 0.011945494920007377]
('challenge', 789);[0.013643751222408166, 0.1883461983785923, 0.007302973769663914, 0.008275353429882273]
('challenge', 790);[0.005077098961123529, 0.0012059167038747601, 0.0027175752426632617, 0.15794390030439695]
('challenge', 791);[0.362038038883059, 0.03367478326153806, 0.007058618031463563, 0.009063444959089607]
('challenge', 792);[0.004238382977076677, 0.0022686429269206327, 0.003981592333872098, 0.1918438850106832]
('challenge', 793);[0.33437517173889914, 0.01296513549390063, 0.0089107986230302, 0.02744718551205346]
('challenge', 794);[0.03403193362950029, 0.10482573536684696, 0.06358002242691561, 0.06358002242691561]
('challenge', 795);[0.008548861450548282, 0.010976955386246028, 0.15153215883849577, 0.015971375845634992]
('challenge', 796);[0.023414818528526903, 0.3662693868768149, 0.0080919466859971, 0.012533052202204372]
('challenge', 797);[0.0025391220948412707, 0.0018576614083896108, 0.15708995888019459, 0.00474370458911404]
('challenge', 798);[0.02268354184381209, 0.18992697052588398, 0.02268354184381209, 0.03300435863587932]
('challenge', 799);[0.42885349100063547, 0.005398467780559038, 0.003485512767486396, 0.014674556869415267]
('challenge', 800);[0.21674186311919888, 0.0620975834640652, 0.03766408826501978, 0.03766408826501978]
('challenge', 801);[0.009100979396703181, 0.34151173234251936, 0.005876033936532014, 0.015004978315548154]
('challenge', 802);[0.010210855541029457, 0.2050904915379893, 0.010210855541029457, 0.014856707148104548]
('challenge', 803);[0.008541380428170028, 0.004571871489506434, 0.1715582119650016, 0.01096734956336954]
('challenge', 804);[0.006747274081747402, 0.0021905191785823374, 0.05649423421076902, 0.018340992528046652]
('challenge', 805);[0.005234545480237888, 0.003379676575835375, 0.007154775367188956, 0.20909321064757108]
('challenge', 806);[0.26647544768739057, 0.0048806686543770295, 0.00911828948310605, 0.024786080608556395]
('challenge', 807);[0.023287182642679122, 0.15185150583500154, 0.05586304710762238, 0.0299013343962496]
('challenge', 808);[0.4051952717387106, 0.007421410718939279, 0.0057798004794044275, 0.009529279990796878]
('challenge', 809);[0.15947248877243564, 0.021582254436465113, 0.024455898228375093, 0.027712163245842976]
('challenge', 810);[0.01605283526570776, 0.2845433134366264, 0.03398385252418385, 0.014166577399687857]
('challenge', 811);[0.010053586333080252, 0.005381296982383533, 0.007829740908878875, 0.2288185702546206]
('challenge', 812);[0.007190073927030845, 0.325447557303847, 0.004642260635895072, 0.007653793854534108]
('challenge', 813);[0.5157190597987341, 0.00735633598488282, 0.005729120225563094, 0.008335820741509795]
('challenge', 814);[0.02698239873619167, 0.19937443417814968, 0.05712173857276758, 0.03925915850696389]
('challenge', 815);[0.02416405247831726, 0.2943784233832218, 0.018818982992292003, 0.03983978730731581]
('challenge', 816);[0.017620420992191, 0.006089454551414408, 0.24324240877643466, 0.02262506840671148]
('challenge', 817);[0.009644146269214468, 0.24872586979503183, 0.005162139508905827, 0.007995278077169668]
('challenge', 818);[0.23105374399051687, 0.06619801387720714, 0.006157372979516544, 0.014770769916302814]
('challenge', 819);[0.017548068471383314, 0.24224367079078085, 0.013666449466903955, 0.0225321713031206]
('challenge', 820);[0.00600286698461832, 0.0034203305069798245, 0.27171050669018193, 0.0077078337812456245]
('challenge', 821);[0.016615032928484874, 0.039857392000592164, 0.17862843810123372, 0.012939800655461197]
('challenge', 822);[0.01740039488128178, 0.0064012475450883665, 0.06073334573093694, 0.028688401159350903]
('challenge', 823);[0.01218431116519558, 0.005406755304746406, 0.020088528197408095, 0.2447284026182428]
('challenge', 824);[0.003970940434921343, 0.003292025247109736, 0.23078881491650405, 0.007897158032407476]
('challenge', 825);[0.015122433067280864, 0.3037422239501965, 0.015122433067280864, 0.02200301028103205]
('challenge', 826);[0.013444950788515675, 0.012630362399615966, 0.14454686044480722, 0.04141336395165975]
('challenge', 827);[0.007003042913449759, 0.40701275259241565, 0.005453975304877325, 0.009572024757771413]
('challenge', 828);[0.031865590974884464, 0.38820236960577714, 0.007110174417450332, 0.015052239359861367]
('challenge', 829);[0.01621525510236365, 0.012628453371423405, 0.014309912402454978, 0.2238446653222169]
('challenge', 830);[0.07689468009040701, 0.0026311912608712575, 0.006311899709406197, 0.04663898104362646]
('challenge', 831);[0.0026911899670420546, 0.0017375628365582298, 0.0025281390095518736, 0.11443228198355614]
('challenge', 832);[0.021781371113889388, 0.11061492972066019, 0.07602445527122662, 0.016963348879865933]
('challenge', 833);[0.007094051053854388, 0.002957240450012191, 0.008038612977652189, 0.25007386011103305]
('challenge', 834);[0.023612122237171584, 0.10582219015781827, 0.011153576784072198, 0.03435543513600017]
('challenge', 835);[0.006797237013655154, 0.3711166326432046, 0.008727825088783898, 0.012698910572469913]
('challenge', 836);[0.02153193765578451, 0.008975844878773622, 0.03132878442926082, 0.2623127004538385]
('challenge', 837);[0.00854823778183438, 0.18276938270477638, 0.09782940087609263, 0.013239769676434122]
('challenge', 838);[0.011734160527755052, 0.004055217367645896, 0.004595163286997675, 0.20799297206377246]
('challenge', 839);[0.012880266242967934, 0.010031161436191607, 0.2931535084666438, 0.007338954483204622]
('challenge', 840);[0.004815124920943006, 0.005125673797341126, 0.31711413316759957, 0.013933025941921055]
('challenge', 841);[0.3999234398555539, 0.019911014455210808, 0.010657600581528086, 0.008300147678556333]
('challenge', 842);[0.008081169247751393, 0.008081169247751393, 0.006293620938281341, 0.20841607698274184]
('challenge', 843);[0.16350266966680863, 0.2378949806323624, 0.006339686494702229, 0.019527609157839895]
('challenge', 844);[0.013867698432255495, 0.003732440398318994, 0.004502182512613265, 0.09042877465192095]
('challenge', 845);[0.00443500841760394, 0.3523163571073854, 0.009388912893744892, 0.04768083397801959]
('challenge', 846);[0.2294169150020596, 0.003272456928377621, 0.004761396735497288, 0.007850216076056531]
('challenge', 847);[0.06490294183416974, 0.016410033579890446, 0.13739954532044998, 0.030657978896957348]
('challenge', 848);[0.004199482162493114, 0.002111632242427232, 0.2765692448445687, 0.006504285211842924]
('challenge', 849);[0.0031674061307148177, 0.0067053988313423565, 0.251618234820834, 0.0067053988313423565]
('challenge', 850);[0.008020185376183138, 0.0070777887526358866, 0.006648967210060449, 0.3009552000532949]
('challenge', 851);[0.004093927566630709, 0.0038458890343050747, 0.15362349857327634, 0.016191797624104]
('challenge', 852);[0.019890503072983567, 0.14697204304222808, 0.025539911496416528, 0.013670529511820493]
('challenge', 853);[0.006475953004127859, 0.00392786404786168, 0.003466327856011324, 0.22828521242047706]
('challenge', 854);[0.4122518639261404, 0.0035666774736073294, 0.0037967084074021517, 0.004875070094856399]
('challenge', 855);[0.0028159124021414766, 0.002997523148877681, 0.21014259637081203, 0.0033966387191827463]
('challenge', 856);[0.006236237314100776, 0.004856786503640799, 0.04066537551670445, 0.26517158981564537]
('challenge', 857);[0.3706503870470356, 0.006377392184853923, 0.005628028849700792, 0.023694886499355337]
('challenge', 858);[0.013371686884290012, 0.005933650086150148, 0.04118770505935929, 0.16290053355079]
('challenge', 859);[0.008575472855242773, 0.008055911220017435, 0.017054364186607145, 0.08660918710302612]
('challenge', 860);[0.026071355483397035, 0.012315233378797015, 0.009591113399114217, 0.15003029203185325]
('challenge', 861);[0.008176548378084847, 0.007215778617492975, 0.0038623279706760743, 0.27077012728070493]
('challenge', 862);[0.01194724943404542, 0.008211216447060927, 0.08827889629607907, 0.019697684268270753]
('challenge', 863);[0.0041261546870357615, 0.008205838431400613, 0.27174001596190195, 0.010536505111151456]
('challenge', 864);[0.0027267939051003574, 0.07968861789483946, 0.006541238530685311, 0.012220642441552724]
('challenge', 865);[0.0028157432230336774, 0.0036154858652415016, 0.005960928449939321, 0.038870136211284066]
('challenge', 866);[0.4935533279144827, 0.0045454692756023395, 0.006613618771412219, 0.007977547020215841]
('challenge', 867);[0.010870938584461854, 0.005135067784201532, 0.010870938584461854, 0.24742148074039458]
('challenge', 868);[0.0581285410590984, 0.29520105432731925, 0.01665410584791621, 0.018871574278777437]
('challenge', 869);[0.0047648603712870845, 0.07001911202372114, 0.10187720685370434, 0.009476056357706415]
('challenge', 870);[0.34563500166210515, 0.007173427315750246, 0.01720815756082198, 0.009210862998185436]
('challenge', 871);[0.009344338752575697, 0.04745446781093999, 0.022415903372013168, 0.12899461752967287]
('challenge', 872);[0.004306848424857923, 0.0019111524034576392, 0.17203647734569916, 0.00519505084973473]
('challenge', 873);[0.009719554510877037, 0.009719554510877037, 0.014141868367239699, 0.0017979367998973883]
('challenge', 874);[0.006865489751779433, 0.0028619619240088756, 0.0017358676538415411, 0.05748405560270271]
('challenge', 875);[0.5560485668059489, 0.003988261898554476, 0.002917874737314861, 0.003988261898554476]
('challenge', 876);[0.004616543665279918, 0.3667374443373323, 0.009773223016090724, 0.007611393738062933]
('challenge', 877);[0.2763143752872352, 0.004195611172369616, 0.0057347205368074635, 0.0057347205368074635]
('challenge', 878);[0.016393390608688607, 0.006030791376029535, 0.13726014632400496, 0.01446711643502709]
('challenge', 879);[0.3559193024399229, 0.0028927389538357592, 0.005752898347213454, 0.005076914972299912]
('challenge', 880);[0.006651466013498838, 0.0035602732001309015, 0.009677825944265563, 0.1715435694357921]
('challenge', 881);[0.0024114838219376094, 0.002128127003492802, 0.19156784222425943, 0.0051051112911031146]
('challenge', 882);[0.09626994947113149, 0.011497805820224348, 0.00543117889938495, 0.04013128557088382]
('challenge', 883);[0.022974491521606594, 0.01393473349916235, 0.017892551987694568, 0.1498125214529975]
('challenge', 884);[0.009325487785045126, 0.003887441672561171, 0.27253073391679206, 0.01056716205771747]
('challenge', 885);[0.01580202251144576, 0.012306627506025925, 0.16988775238722875, 0.0084582131429657]
('challenge', 886);[0.1515698270450274, 0.0075462182411753535, 0.01597534414193109, 0.01409819172297715]
('challenge', 887);[0.39900863504423706, 0.006058626100999402, 0.01753121591310504, 0.012049016741246777]
('challenge', 888);[0.008104570092079917, 0.001698810179264172, 0.20901961755745774, 0.005232703737282964]
('challenge', 889);[0.006588233675633864, 0.3829043739272465, 0.003995965717623195, 0.0058140958122504085]
('challenge', 890);[0.016757751238939113, 0.01016408991425394, 0.08510290320226731, 0.04019976501390727]
('challenge', 891);[0.45480604056804236, 0.010696012875856987, 0.00782537018739149, 0.019982782815962816]
('challenge', 892);[0.008150922278718475, 0.008150922278718475, 0.26992147513993653, 0.009236204971197771]
('challenge', 893);[0.011656076325993118, 0.23411860724344744, 0.021776422667461205, 0.02796148018955525]
('challenge', 894);[0.008094617236852017, 0.004070229158277077, 0.002627937458265434, 0.2518162212072302]
('challenge', 895);[0.008418129779419477, 0.0014628516082473481, 0.1915957049832994, 0.00510585380865786]
('challenge', 896);[0.02574241448843136, 0.19021212210189117, 0.022717601051089487, 0.04809316180255656]
('challenge', 897);[0.014373580386295211, 0.4200576672736412, 0.008718017194132203, 0.011194155660386496]
('challenge', 898);[0.018708368857670486, 0.10765922949205285, 0.027220516069421087, 0.011347202010773624]
('challenge', 899);[0.34756694631630974, 0.05330111752873071, 0.01730433931865981, 0.01960838533028282]
('challenge', 900);[0.07316375841579317, 0.13668787959638734, 0.03049919210047801, 0.19887969129511002]
('challenge', 901);[0.13406833947598973, 0.008570702198234826, 0.08131655838894934, 0.04932098580521032]
('challenge', 902);[0.07571854963352559, 0.2642837064626009, 0.011611812900123123, 0.02785529772549351]
('challenge', 903);[0.14602382564152638, 0.015390797990173762, 0.013582331554633561, 0.03258231960088018]
('challenge', 904);[0.0164436289772658, 0.011301529900491344, 0.20032438682706, 0.023925338987088814]
('challenge', 905);[0.017771410905599496, 0.13131398344631226, 0.02281894873365215, 0.029300110156103915]
('challenge', 906);[0.027266743731383488, 0.1569092764425819, 0.027266743731383488, 0.027266743731383488]
('challenge', 907);[0.18422363483382362, 0.028251609411993228, 0.05980865759452446, 0.028251609411993228]
('challenge', 908);[0.018560190315524968, 0.008236034527107115, 0.005317583556035949, 0.22610943338273334]
('challenge', 909);[0.2713504668406882, 0.0072312441410714735, 0.00928510127141009, 0.006793125206515955]
('challenge', 910);[0.005711951691142954, 0.0026981349297684064, 0.0068899289130879586, 0.18915383926951967]
('challenge', 911);[0.009573403274744867, 0.33747405798669267, 0.016801846000299953, 0.014827577052968081]
('challenge', 912);[0.008408786183140102, 0.4591042517179437, 0.012234711703829003, 0.00952840305559491]
('challenge', 913);[0.005439988725918631, 0.31616907173244285, 0.009547477547235015, 0.012259203835905296]
('challenge', 914);[0.005278927204018757, 0.2882197282159926, 0.03037813585739691, 0.009862334408487028]
('challenge', 915);[0.39751590246410007, 0.010593441871769848, 0.008250180825155766, 0.017465632943912325]
('challenge', 916);[0.38109093075053274, 0.0019997814324820415, 0.0054359695288057315, 0.0054359695288057315]
('challenge', 917);[0.03576548620546877, 0.00904293107595096, 0.00548481495123241, 0.09722067123832842]
('challenge', 918);[0.00906316404726602, 0.2648645096474961, 0.014942631344572148, 0.03163355834672345]
('challenge', 919);[0.012934335032588217, 0.014656521733625397, 0.12271752475001338, 0.011414510603250523]
('challenge', 920);[0.0032929703782540805, 0.0016558094915090655, 0.230855046212931, 0.006971218345468933]
('challenge', 921);[0.004875453671349804, 0.0026096422968048517, 0.0037970071370755833, 0.30163356583302076]
('challenge', 922);[0.006131297377454795, 0.010108800403197633, 0.2954224868880125, 0.00892098504466782]
('challenge', 923);[0.013020758787429752, 0.045446924569904706, 0.045446924569904706, 0.045446924569904706]
('challenge', 924);[0.0029093540462397935, 0.0024119392194287556, 0.19160404176024373, 0.004233085159363625]
('challenge', 925);[0.0065522457477802274, 0.3808128669319537, 0.006155265246228796, 0.010148316738258679]
('challenge', 926);[0.0054712475608859786, 0.0016686362294226357, 0.0018908125621015215, 0.14110531754529718]
('challenge', 927);[0.26824649960175795, 0.007148527930194776, 0.01943171357288041, 0.008100343365805212]
('challenge', 928);[0.008871789212120968, 0.37723803160558766, 0.011391602839859436, 0.010053054221649833]
('challenge', 929);[0.3088617017142223, 0.028728613421684694, 0.0060218459459667585, 0.019744867999254317]
('challenge', 930);[0.04176953090557326, 0.006017471461208123, 0.003649780935168507, 0.24036705432471595]
('challenge', 931);[0.02277762237352164, 0.24488254767747178, 0.010759386960217028, 0.009495125666100612]
('challenge', 932);[0.0023178918609203106, 0.3035839599083122, 0.003590021143150831, 0.004906977108074681]
('challenge', 933);[0.01982417477163993, 0.013624942781426595, 0.017494772832267916, 0.16598580293670834]
('challenge', 934);[0.006903339703458432, 0.004187087184559057, 0.012115738495133647, 0.1895220372844636]
('challenge', 935);[0.0052100296955535095, 0.34312182377780853, 0.006284495419158226, 0.021935044327460115]
('challenge', 936);[0.07475096772995933, 0.012989770439172, 0.03116083938083385, 0.20319417301744247]
('challenge', 937);[0.0035868077175861203, 0.007593271997716287, 0.08163536737291215, 0.1345939666291395]
('challenge', 938);[0.004875732655028347, 0.005881256216584863, 0.20732147746413035, 0.0070941491530398535]
('challenge', 939);[0.21981707104895024, 0.026253405271072526, 0.009658090362637465, 0.010944050154002268]
('challenge', 940);[0.009726462585316677, 0.2842489366659704, 0.023332570793611524, 0.020590921454697965]
('challenge', 941);[0.0033796137257601886, 0.003829604065308571, 0.1733411157825169, 0.006721164449133898]
('challenge', 942);[0.013492392736185079, 0.011906994798138226, 0.1450568576341926, 0.03236655987454538]
('challenge', 943);[0.011233950054779058, 0.006400911795098119, 0.3720173776933094, 0.02098778177583647]
('challenge', 944);[0.03453777330728672, 0.19875113900440794, 0.030479477965849443, 0.056943161494342726]
('challenge', 945);[0.019103324628743455, 0.0031185320185935497, 0.005473194142112409, 0.20538011946473472]
('challenge', 946);[0.014277346840783668, 0.22333528091325586, 0.012599714364117545, 0.02353936542556331]
('challenge', 947);[0.3879602989885937, 0.013275272202288888, 0.028103751472783354, 0.011715386599487324]
('challenge', 948);[0.017530940050614677, 0.3107433846885593, 0.010633052634281947, 0.03275210787954751]
('challenge', 949);[0.00930589383238542, 0.27195804977574767, 0.00930589383238542, 0.007714856957742911]
('challenge', 950);[0.03340644723198694, 0.2468420832372469, 0.03340644723198694, 0.022959893025040975]
('challenge', 951);[0.03833663926912323, 0.04922521921194358, 0.007548931860181944, 0.018108946135231552]
('challenge', 952);[0.012587193884111352, 0.006329238562973888, 0.009802916453617519, 0.15334341347539024]
('challenge', 953);[0.0064668745509632065, 0.3758509613874094, 0.005361227306368299, 0.007327928893601184]
('challenge', 954);[0.015558934028018197, 0.007349520031139826, 0.24338270652413557, 0.022638120828725426]
('challenge', 955);[0.010416229269315937, 0.005934988536115752, 0.0040790539906196835, 0.20921558252967282]
('challenge', 956);[0.1720657862687956, 0.005887768835688801, 0.0031514955577803794, 0.00856665310718381]
('challenge', 957);[0.005296561810765175, 0.09388380448134957, 0.03047960876985903, 0.0034197173282547824]
('challenge', 958);[0.38421278049755875, 0.0079740823371323, 0.06676617397069502, 0.045887675555951565]
('challenge', 959);[0.006934775033471456, 0.0017533857164597703, 0.002715696922845209, 0.19038505258469476]
('challenge', 960);[0.014785363695803824, 0.1801226254032234, 0.011514852824287538, 0.03130062265229022]
('challenge', 961);[0.20283565559012942, 0.2298429093587507, 0.021378718264155057, 0.027450817627381528]
('challenge', 962);[0.3000012122947981, 0.0051618072171102074, 0.0062263280069578646, 0.005849093863097611]
('challenge', 963);[0.007535815486235781, 0.00517928519063683, 0.32043102822757463, 0.009676178619795833]
('challenge', 964);[0.011432180913390579, 0.4861086151348317, 0.005072999528677333, 0.011432180913390579]
('challenge', 965);[0.014729462764197978, 0.006957705549651336, 0.12332828177981733, 0.0960481624249726]
('challenge', 966);[0.004004824315791522, 0.002929992060618619, 0.0025857089180933873, 0.19296328772266655]
('challenge', 967);[0.2602638894808951, 0.02420830985419044, 0.05807271641791769, 0.04522707702135793]
('challenge', 968);[0.4561578073826884, 0.008354822174284276, 0.01560886275217169, 0.01560886275217169]
('challenge', 969);[0.00299334955363881, 0.0014139582098012197, 0.07719948407352954, 0.002641621709439231]
('challenge', 970);[0.03924797476543897, 0.01853943054201674, 0.17589724050775582, 0.01853943054201674]
('challenge', 971);[0.004303118530939876, 0.003351272081545049, 0.26622457992679005, 0.015019359459589541]
('challenge', 972);[0.03237738834078187, 0.07766931697387999, 0.003412551624456756, 0.009276277069439197]
('challenge', 973);[0.07958443718588377, 0.061980422000663324, 0.02280132300917419, 0.02583728389572277]
('challenge', 974);[0.02055264522320352, 0.007102804130134464, 0.005196522510953131, 0.15186464853566986]
('challenge', 975);[0.013441969979755502, 0.0033986622565009175, 0.34667297493459914, 0.010468616746255903]
('challenge', 976);[0.011914690564239848, 0.006377474291776755, 0.013501113181638297, 0.18637714072829942]
('challenge', 977);[0.018681108792021065, 0.2922217080220567, 0.007315629059698546, 0.01648602457637853]
('challenge', 978);[0.019637747613560252, 0.16442486726702626, 0.02225248333002256, 0.015293893219199337]
('challenge', 979);[0.08314788940611367, 0.009930599236885086, 0.011252843163302943, 0.15534068973393902]
('challenge', 980);[0.0098698851751663, 0.23912548549935855, 0.028559466521408814, 0.022242134890974756]
('challenge', 981);[0.16531466098654263, 0.015376662416778828, 0.025351824354571832, 0.003887829110284395]
('challenge', 982);[0.13901954884705892, 0.004468776075094784, 0.0022470417254386987, 0.007842946261507866]
('challenge', 983);[0.004807831369452864, 0.003104169239001036, 0.004242896291691206, 0.23165431592417257]
('challenge', 984);[0.004917315989978823, 0.0035975852307377353, 0.008630158327957674, 0.2522101960532231]
('challenge', 985);[0.011226217548804715, 0.2254846339641159, 0.01441474866593121, 0.012720971049219721]
('challenge', 986);[0.5113045705612767, 0.006851485981503374, 0.007293368862663734, 0.008264469644373168]
('challenge', 987);[0.005191987465196309, 0.010325500013637485, 0.20739321177429046, 0.008041507496224674]
('challenge', 988);[0.18432283817196368, 0.01513013631039273, 0.013352298429604302, 0.01714469055481174]
('challenge', 989);[0.04005185383792847, 0.01891915612830925, 0.06603434335356523, 0.024292677331032724]
('challenge', 990);[0.27229896427626005, 0.028700099683716607, 0.03252147355946718, 0.03685165745536394]
('challenge', 991);[0.02191169559442625, 0.01933700349245769, 0.028135174065968115, 0.16190674796990714]
('challenge', 992);[0.010041838501716185, 0.005049353499547299, 0.22855121809062473, 0.0053750088213856025]
('challenge', 993);[0.019487392402092095, 0.23740504024834572, 0.02208210855473688, 0.015176800081199749]
('challenge', 994);[0.005361229862801302, 0.35307955534042307, 0.005361229862801302, 0.006075069325568969]
('challenge', 995);[0.0028792458432164857, 0.021274909058139498, 0.2936910603949175, 0.00418927798245513]
('challenge', 996);[0.40388596414089933, 0.005761122834898341, 0.013820215234147318, 0.008382384263337959]
('challenge', 997);[0.14588139819869372, 0.017423052555748216, 0.011974677225377397, 0.02872575050043488]
('challenge', 998);[0.013914541917507206, 0.006174540546904254, 0.24664118634559018, 0.017866625483646235]
('challenge', 999);[0.18679543900825643, 0.006391789194024719, 0.008736539982377665, 0.006804024179610364]
('challenge', 1000);[0.004960419935968619, 0.0030086467762147455, 0.2544210370546766, 0.006780090172636802]
('challenge', 1001);[0.35371535486208144, 0.0047397884664299, 0.006896351525761874, 0.008318587821014507]
('challenge', 1002);[0.036461698704034144, 0.11230993868833872, 0.02839639950281542, 0.032177336169282894]
('challenge', 1003);[0.35039694094730484, 0.00993999373545464, 0.016388279102270087, 0.009337759959370206]
('challenge', 1004);[0.34461619865801113, 0.004075247370759563, 0.010406508724970282, 0.017157432288584976]
('challenge', 1005);[0.00532347199125769, 0.004413313290570423, 0.22635978906530577, 0.008776921505962921]
('challenge', 1006);[0.005656180773003619, 0.37250434811755123, 0.005656180773003619, 0.014443563594840256]
('challenge', 1007);[0.008129527123421005, 0.00558733683356767, 0.004930807449320289, 0.20966331786669282]
('challenge', 1008);[0.31149650111451077, 0.010658825399437268, 0.03283149358502214, 0.012078031512881738]
('challenge', 1009);[0.008069278699462584, 0.20810946535428562, 0.006284360569962868, 0.009143690675661119]
('challenge', 1010);[0.029071235417975346, 0.032942025442620294, 0.2758202020823399, 0.017632591392787975]
('challenge', 1011);[0.006980735188518443, 0.24607933911854807, 0.017825931786929615, 0.009541533712954022]
('challenge', 1012);[0.008456317755914785, 0.004252103601030318, 0.09091398369949145, 0.09091398369949145]
('challenge', 1013);[0.04032274771030364, 0.02445698277015655, 0.09672924326711578, 0.15947956087322093]
('challenge', 1014);[0.006030020736218572, 0.3730642393932119, 0.01126556186367282, 0.006030020736218572]
('challenge', 1015);[0.3979307127523911, 0.006846776524641018, 0.017483856355036027, 0.00935843392861741]
('challenge', 1016);[0.4022633576438161, 0.0034802597542785514, 0.005063748063116543, 0.00888715461984638]
('challenge', 1017);[0.0059989525119217586, 0.004388927415030674, 0.34865568965655785, 0.013518848172455744]
('challenge', 1018);[0.015835279235809442, 0.13258716973730272, 0.015835279235809442, 0.0261079617035551]
('challenge', 1019);[0.006338740366905979, 0.02668709375054184, 0.2234483002293286, 0.006338740366905979]
('challenge', 1020);[0.012418808650130148, 0.004031796869915969, 0.004863275344013469, 0.1714364061869129]
('challenge', 1021);[0.28282287905654585, 0.014080918658431344, 0.02048762064258367, 0.029809312140913872]
('challenge', 1022);[0.022550486819882178, 0.008830895417517066, 0.01207040291120014, 0.24244058115299433]
('challenge', 1023);[0.3492284821203077, 0.022325429934416188, 0.04170939422290937, 0.01054578386227013]
('challenge', 1024);[0.016941999923196397, 0.006634582497081605, 0.18214366457278905, 0.03165182286732869]
('challenge', 1025);[0.01750715697554111, 0.0020909317235002804, 0.24167884725597927, 0.013634587561905423]
('challenge', 1026);[0.008132384576957951, 0.004352951785928318, 0.20973698757967968, 0.00921519900312442]
('challenge', 1027);[0.32348146173490977, 0.008620488960280163, 0.002979161267364722, 0.005924769640336491]
('challenge', 1028);[0.4566837304755697, 0.0121702070091706, 0.003077110221058787, 0.006934374927245302]
('challenge', 1029);[0.00598538610961293, 0.0019431703685782319, 0.003630320185698363, 0.21099215844605948]
('challenge', 1030);[0.0067275035258001084, 0.002184100618813002, 0.2524477374550023, 0.008638285517983733]
('challenge', 1031);[0.03301578618730691, 0.048037685449401755, 0.16766801708867057, 0.03301578618730691]
('challenge', 1032);[0.0031309570647512787, 0.0021518732229584055, 0.3000168053381033, 0.00799517895419651]
('challenge', 1033);[0.008612242993752215, 0.00217751603751257, 0.005223589424606036, 0.2516866332423671]
('challenge', 1034);[0.1932054773215285, 0.017970908785764402, 0.04310996909630648, 0.08054002548920262]
('challenge', 1035);[0.017913825954324582, 0.005463408237757945, 0.00958858007055234, 0.2472927688223614]
('challenge', 1036);[0.006999490787629036, 0.3168210689859357, 0.010841023406890344, 0.012284488903179049]
('challenge', 1037);[0.005841838429812003, 0.21921339595408526, 0.01587976324855169, 0.02618130344156934]
('challenge', 1038);[0.00852060976422043, 0.02624533201618128, 0.033699673378185295, 0.012397414054252742]
('challenge', 1039);[0.008923707928706346, 0.0030839509388587406, 0.23014540593214028, 0.007875144606652945]
('challenge', 1040);[0.011877750882659681, 0.0043695803570864495, 0.00720422007876189, 0.27033636403637884]
('challenge', 1041);[0.021519641029249543, 0.0057919341898898065, 0.20417266937878215, 0.011518636544788614]
('challenge', 1042);[0.029119932639779633, 0.010712627100561202, 0.010712627100561202, 0.24381823991944346]
('challenge', 1043);[0.03277343259983404, 0.16643720418787342, 0.03277343259983404, 0.05403425544120338]
('challenge', 1044);[0.007820222511604153, 0.0030624431374087556, 0.002538854533683599, 0.15707336800436864]
('challenge', 1045);[0.009203833958708055, 0.004627978352839704, 0.15325763134879355, 0.01110194293164171]
('challenge', 1046);[0.015381568416976544, 0.007265738448877277, 0.010571587063977804, 0.1873859090222409]
('challenge', 1047);[0.006603062580655772, 0.006603062580655772, 0.4629103146014251, 0.010886609728491252]
('challenge', 1048);[0.03592028969752633, 0.007073126104524337, 0.07604325388639532, 0.11064228154433736]
('challenge', 1049);[0.003631850775525583, 0.003866085026163513, 0.32692878812438836, 0.005987909625617785]
('challenge', 1050);[0.026334004555091557, 0.0811144445300772, 0.06317199291842615, 0.09191470734063187]
('challenge', 1051);[0.003998544589366916, 0.11685457393127548, 0.005465362454221898, 0.06254774617143247]
('challenge', 1052);[0.33855205037516795, 0.014874938965402238, 0.019099799703255333, 0.011584614114394617]
('challenge', 1053);[0.009584059239461845, 0.004252900507168914, 0.007011847528340751, 0.29815137926692664]
('challenge', 1054);[0.23416820699025773, 0.013210867807769863, 0.035910861900035396, 0.02468115037603753]
('challenge', 1055);[0.020261676998861045, 0.21783355658677508, 0.013925633371642836, 0.01788086719266441]
('challenge', 1056);[0.019419940356005305, 0.3442267202587031, 0.005922747177978132, 0.01177878923570789]
('challenge', 1057);[0.03482927731772645, 0.0447216773208266, 0.0447216773208266, 0.030736729352153495]
('challenge', 1058);[0.04168182780780592, 0.44812185367134083, 0.00467657147124022, 0.007243215588384857]
('challenge', 1059);[0.005540150861861924, 0.3219904001082106, 0.005204490089590427, 0.012484922693615083]
('challenge', 1060);[0.013488822519438873, 0.008181384421461886, 0.006782605912419412, 0.2709302427645148]
('challenge', 1061);[0.02520680168534032, 0.005624396355918949, 0.008183448410271969, 0.1862544717275993]
('challenge', 1062);[0.013225459046376495, 0.016981825562910238, 0.1825718305504965, 0.013225459046376495]
('challenge', 1063);[0.2440484593057272, 0.05445457180886447, 0.02914743189580273, 0.02270004278497161]
('challenge', 1064);[0.014115068673692192, 0.09204183163666475, 0.06325936408416341, 0.014115068673692192]
('challenge', 1065);[0.32194833372179266, 0.008059818828320974, 0.012483291602805383, 0.009721997275573525]
('challenge', 1066);[0.013009631199538265, 0.33552285083085026, 0.016704697121940965, 0.02430519089622148]
('challenge', 1067);[0.051872623713097664, 0.013115456339919413, 0.14100441043380715, 0.027765414669700703]
('challenge', 1068);[0.018310277257256587, 0.4722282181487031, 0.011105744544365066, 0.014260058266205964]
('challenge', 1069);[0.016957930279582426, 0.34060905356385873, 0.008526982841603631, 0.013206849381009082]
('challenge', 1070);[0.005640212385774815, 0.0020749181805670867, 0.07786073030460293, 0.041675845728373594]
('challenge', 1071);[0.026524300001137695, 0.22208527132848566, 0.009757744661882221, 0.012529192155405905]
('challenge', 1072);[0.01631416996609563, 0.030478889354752965, 0.08285021108463882, 0.03453710632353328]
('challenge', 1073);[0.005282404586362874, 0.0028274674249118576, 0.004661705685663897, 0.25452050643623897]
('challenge', 1074);[0.004983554436199927, 0.0022114388757063503, 0.0034251435342713982, 0.21190607631108213]
('challenge', 1075);[0.43660334825802305, 0.004280308868932721, 0.011635085818611906, 0.005496025378983573]
('challenge', 1076);[0.004349148783254255, 0.25277004034138095, 0.004349148783254255, 0.00980095807782946]
('challenge', 1077);[0.22413718348829592, 0.020848005635280602, 0.13594607376728768, 0.023623885335146692]
('challenge', 1078);[0.07314832245894626, 0.0016160573247880844, 0.17547370354190475, 0.00820701628337812]
('challenge', 1079);[0.0059621650187813265, 0.0049428084079663126, 0.008674898914863796, 0.15376622581603872]
('challenge', 1080);[0.010623712296708306, 0.39865191038423625, 0.006859184189563594, 0.015457410183084398]
('challenge', 1081);[0.07122867735456953, 0.009639750926053976, 0.07122867735456953, 0.03364604477827999]
('challenge', 1082);[0.011251625198579078, 0.00413924159032379, 0.22599498725332617, 0.016371018064434372]
('challenge', 1083);[0.05101689965994356, 0.0073496812410231566, 0.008328279928799663, 0.37696668864290517]
('challenge', 1084);[0.4404411083957079, 0.0150710632614893, 0.04096740716665292, 0.0150710632614893]
('challenge', 1085);[0.005631365619499905, 0.00466856607368543, 0.1131090290457257, 0.007230816586099386]
('challenge', 1086);[0.19941410572263588, 0.22596578541930942, 0.01444550592367287, 0.005656941399903326]
('challenge', 1087);[0.18961966326187019, 0.012121979515067464, 0.008331306558429657, 0.14767594223408062]
('challenge', 1088);[0.012733843186382805, 0.009917127045063402, 0.016350578303431538, 0.13690173232618735]
('challenge', 1089);[0.029906610346561606, 0.03840084781196169, 0.04930766461291665, 0.04930766461291665]
('challenge', 1090);[0.04852358369250795, 0.2792339112790161, 0.010827075000285038, 0.017850828852435538]
('challenge', 1091);[0.008788836372768161, 0.0068447526493982894, 0.3737108543665114, 0.008256347695508618]
('challenge', 1092);[0.0057258429344042025, 0.004746890518748592, 0.003935310460857049, 0.18961392182475664]
('challenge', 1093);[0.009317820313956345, 0.019725821056436707, 0.004401426660763758, 0.18715337933875015]
('challenge', 1094);[0.2845915859843443, 0.0299957360553512, 0.01416898243739561, 0.016055560530465866]
('challenge', 1095);[0.011974700065283412, 0.011974700065283412, 0.006822978428502751, 0.18731586970437067]
('challenge', 1096);[0.009276162065038588, 0.015293805707090746, 0.0034125093167021283, 0.271089224905766]
('challenge', 1097);[0.00938769075705918, 0.003047736967076437, 0.27434857143967006, 0.007311140912829879]
('challenge', 1098);[0.004432568636495509, 0.004718444752322561, 0.18847763693161587, 0.017531149036951188]
('challenge', 1099);[0.011417085367704527, 0.02132992358387256, 0.005740871051271808, 0.29445054759794936]
('challenge', 1100);[0.3178326728175841, 0.009597715085212894, 0.007474708024060038, 0.012323710111540709]
('challenge', 1101);[0.008918560675571556, 0.29534209717752075, 0.006945782038004966, 0.008918560675571556]
('challenge', 1102);[0.009489323019831422, 0.020088896990626156, 0.03753100059200966, 0.01564524870734044]
('challenge', 1103);[0.2011570354655412, 0.03495585130564814, 0.04488420153840959, 0.018710518904958635]
('challenge', 1104);[0.009894534706243612, 0.012704834049115774, 0.012704834049115774, 0.22519862560489384]
('challenge', 1105);[0.003985077736610343, 0.0013772060140729149, 0.09069997284935642, 0.006570282429742996]
('challenge', 1106);[0.0047434761351791395, 0.011379007708203772, 0.1386246596332924, 0.006090743921021752]
('challenge', 1107);[0.0038878309641462217, 0.3499713486539464, 0.004992073773749356, 0.006409949607474463]
('challenge', 1108);[0.0038686261942997074, 0.0032072037624298845, 0.21121978301980068, 0.00818988171760071]
('challenge', 1109);[0.008462235189691433, 0.2632523890881992, 0.014851685277961263, 0.027746600981606785]
('challenge', 1110);[0.012540991142359612, 0.002628734549599629, 0.007145641358019145, 0.25189257067116605]
('challenge', 1111);[0.0034640113011939985, 0.0032541374660751475, 0.22813267608753682, 0.007806269970540367]
('challenge', 1112);[0.007310611026037282, 0.005024504579606493, 0.18854318831607475, 0.010636876278497406]
('challenge', 1113);[0.003748156694656915, 0.0016632344510163976, 0.0018846915452566829, 0.03556151211365734]
('challenge', 1114);[0.07994153740409751, 0.06225853193024314, 0.007435721268357279, 0.033324590738477114]
('challenge', 1115);[0.018782639196305146, 0.09538611246300083, 0.07428677908032214, 0.10808662578150771]
('challenge', 1116);[0.06489341050872223, 0.09441935515548541, 0.03935984308685803, 0.050539038920367006]
('challenge', 1117);[0.00739784438987651, 0.003494494252160422, 0.00421516467338365, 0.19079289872512764]
('challenge', 1118);[0.02180318259216848, 0.031723443482958164, 0.1611049393087611, 0.02180318259216848]
