estimations;id;iter
2.7937091338184315e-14;(0, 0);0
3.38954448684546e-12;(0, 0);1
3.7174740587749446e-19;(0, 0);2
7.291434196505411e-24;(0, 0);3
6.087068861505322e-09;(0, 0);4
1.3028294252233148e-36;(0, 0);5
1.0257549586681255e-25;(0, 0);6
1.9790124966304324e-15;(0, 0);7
1.4326069494096175e-15;(0, 0);8
1.529025850849699e-16;(0, 0);9
2.5190573476883058e-19;(0, 1);0
5.56491205471739e-18;(0, 1);1
8.499306458414697e-31;(0, 1);2
1.3725179261414521e-14;(0, 1);3
2.1363487450506343e-10;(0, 1);4
6.138134524382745e-22;(0, 1);5
1.846841095227284e-16;(0, 1);6
1.4734496511261872e-09;(0, 1);7
2.156144970399466e-13;(0, 1);8
2.2823668764518395e-15;(0, 1);9
5.860382083898317e-13;(0, 2);0
3.876447054449022e-11;(0, 2);1
8.628029472573418e-12;(0, 2);2
2.6373356092529305e-24;(0, 2);3
1.6888767022386764e-15;(0, 2);4
1.2761607010891413e-14;(0, 2);5
1.8318826659639217e-14;(0, 2);6
1.7139066196388905e-29;(0, 2);7
1.9986308012312422e-23;(0, 2);8
1.2554407414643867e-16;(0, 2);9
1.528141582125385e-12;(0, 3);0
8.224359878602874e-17;(0, 3);1
5.989434570869764e-23;(0, 3);2
8.144809015551415e-18;(0, 3);3
9.608884608734005e-12;(0, 3);4
1.9161278148322147e-08;(0, 3);5
1.0818651670299587e-23;(0, 3);6
4.249243633617551e-18;(0, 3);7
4.434953293894682e-14;(0, 3);8
2.455952394697101e-08;(0, 3);9
8.323156760596425e-11;(1, 0);0
6.559074197328246e-12;(1, 0);1
4.60751391286427e-15;(1, 0);2
1.3893337570501844e-09;(1, 0);3
4.992050939033687e-09;(1, 0);4
1.7360041103898375e-21;(1, 0);5
2.0165797545436517e-14;(1, 0);6
8.59125776321651e-09;(1, 0);7
1.7618685469379436e-24;(1, 0);8
4.2448352569161053e-13;(1, 0);9
6.156416691464213e-20;(10, 0);0
4.8205306839481614e-15;(10, 0);1
6.572889455172848e-14;(10, 0);2
2.6612787828271303e-10;(10, 0);3
3.3865330327734135e-19;(10, 0);4
5.1344344678591616e-17;(10, 0);5
2.5403497533531084e-13;(10, 0);6
1.626739317940568e-13;(10, 0);7
3.739752476989424e-15;(10, 0);8
2.869397037055603e-17;(10, 0);9
2.44075163346506e-13;(10, 1);0
5.925851693662338e-16;(10, 1);1
3.830837301020508e-13;(10, 1);2
3.4949806663468846e-19;(10, 1);3
4.092617750963197e-12;(10, 1);4
1.2897810441627694e-12;(10, 1);5
3.050811296003379e-15;(10, 1);6
1.7188397213954232e-10;(10, 1);7
8.451371482024554e-21;(10, 1);8
7.244547987874871e-08;(10, 1);9
5.965212769793777e-16;(10, 2);0
1.4038790760289125e-06;(10, 2);1
2.876278041970974e-10;(10, 2);2
2.0920420223171265e-13;(10, 2);3
1.803272028079183e-09;(10, 2);4
3.8304227707173933e-13;(10, 2);5
1.2417251443921136e-10;(10, 2);6
3.1943397391191517e-12;(10, 2);7
2.83181936056487e-14;(10, 2);8
3.5547367164210983e-10;(10, 2);9
1.3609604436358894e-12;(10, 3);0
1.9372519215082477e-15;(10, 3);1
4.55482553025398e-13;(10, 3);2
8.508393699882989e-13;(10, 3);3
3.6167718707155534e-08;(10, 3);4
7.540865338258465e-16;(10, 3);5
4.512573312378643e-09;(10, 3);6
1.2472878794441657e-09;(10, 3);7
3.498884450282202e-08;(10, 3);8
1.1063132345092837e-05;(10, 3);9
3.8776207458955116e-11;(11, 0);0
2.435678306512326e-10;(11, 0);1
3.943401773963956e-16;(11, 0);2
2.433481414970281e-11;(11, 0);3
2.2724684027283776e-19;(11, 0);4
1.2122404145832951e-11;(11, 0);5
8.1091056201911e-12;(11, 0);6
1.1917229460452933e-07;(11, 0);7
1.0186815282859034e-12;(11, 0);8
5.899344358895894e-16;(11, 0);9
8.739280154732505e-15;(2, 2);0
2.157192916758651e-18;(2, 2);1
5.978030684054752e-17;(2, 2);2
7.662553244081538e-13;(2, 2);3
4.09193523258758e-19;(2, 2);4
7.731261419440528e-14;(2, 2);5
5.00325724454901e-14;(2, 2);6
8.834629621720107e-12;(2, 2);7
1.2220236760570977e-19;(2, 2);8
1.2392931463706829e-17;(2, 2);9
4.015334496704654e-16;(2, 3);0
5.083891044915429e-15;(2, 3);1
7.974909450164609e-16;(2, 3);2
6.63235475245745e-14;(2, 3);3
3.1783283908442563e-21;(2, 3);4
4.560986260772507e-27;(2, 3);5
1.6390157148003046e-17;(2, 3);6
2.089990041733931e-11;(2, 3);7
1.3727158958841156e-15;(2, 3);8
6.268865603525118e-10;(2, 3);9
1.725871335162729e-08;(3, 0);0
5.403422019794627e-24;(3, 0);1
1.5519056435371742e-11;(3, 0);2
1.9865089286196127e-12;(3, 0);3
1.6492276311722857e-17;(3, 0);4
4.82446237262701e-16;(3, 0);5
1.8450890004892833e-09;(3, 0);6
6.763242471403623e-09;(3, 0);7
7.757489047756298e-06;(3, 0);8
3.859530233977945e-18;(3, 0);9
1.0109841603879075e-11;(3, 1);0
3.147251400934924e-27;(3, 1);1
9.344489477103917e-18;(3, 1);2
9.711503458149545e-11;(3, 1);3
7.605683570342745e-11;(3, 1);4
1.5008781952128835e-17;(3, 1);5
1.5489393855204777e-12;(3, 1);6
5.889784830267613e-16;(3, 1);7
3.660860580882221e-12;(3, 1);8
3.219854743063789e-11;(3, 1);9
4.584727239467294e-17;(3, 2);0
3.8404182888428576e-12;(3, 2);1
4.662189974074042e-13;(3, 2);2
3.694437019704203e-18;(3, 2);3
9.276862586830765e-22;(3, 2);4
1.4894573326462738e-18;(3, 2);5
1.5720017511501258e-10;(3, 2);6
1.8229258952713374e-26;(3, 2);7
2.7466960282614375e-15;(3, 2);8
3.714409129705547e-12;(3, 2);9
2.069453526248854e-12;(5, 0);0
6.817447578656275e-09;(5, 0);1
3.835090858085524e-10;(5, 0);2
1.722748847827125e-12;(5, 0);3
1.0301744607900504e-10;(5, 0);4
1.8309878518464626e-09;(5, 0);5
3.49185825790314e-07;(5, 0);6
4.2677049524181164e-12;(5, 0);7
8.21385119600179e-11;(5, 0);8
6.518612447876672e-07;(5, 0);9
3.760088394440407e-15;(5, 1);0
9.827956037212295e-11;(5, 1);1
3.729629058792575e-14;(5, 1);2
1.1404971263829609e-14;(5, 1);3
2.743222790101032e-13;(5, 1);4
1.3282667962487285e-14;(5, 1);5
7.081352099416713e-11;(5, 1);6
2.86872681358568e-12;(5, 1);7
8.7107566706756e-15;(5, 1);8
2.30791053698685e-10;(5, 1);9
2.8724153449814166e-19;(5, 2);0
2.9244264004592973e-21;(5, 2);1
5.274380333452206e-09;(5, 2);2
2.819351812880822e-14;(5, 2);3
4.653673122544379e-18;(5, 2);4
2.7594993608421107e-15;(5, 2);5
3.700780318028484e-15;(5, 2);6
1.5041578295642754e-15;(5, 2);7
5.929031673882058e-17;(5, 2);8
1.0668786866336259e-13;(5, 2);9
3.785685928569229e-25;(5, 3);0
4.802326339382171e-16;(5, 3);1
2.042697680339333e-24;(5, 3);2
5.993432050816324e-21;(5, 3);3
5.5006291780212905e-15;(5, 3);4
6.77139825444135e-20;(5, 3);5
1.2610073259006998e-10;(5, 3);6
1.2753890562569414e-10;(5, 3);7
8.470176258708214e-15;(5, 3);8
5.0929752927441386e-14;(5, 3);9
8.887899441584458e-16;(6, 0);0
3.166755058373039e-09;(6, 0);1
4.833942606230373e-16;(6, 0);2
1.9792205586080405e-17;(6, 0);3
2.976396860004818e-15;(6, 0);4
6.067763633520708e-11;(6, 0);5
7.801620676158205e-18;(6, 0);6
1.924728803807702e-20;(6, 0);7
3.340853016410297e-12;(6, 0);8
1.2598509607021914e-10;(6, 0);9
1.4573833569747818e-11;(11, 1);0
1.0399654761934387e-09;(11, 1);1
1.5099162589653027e-09;(11, 1);2
1.2237211286945662e-07;(11, 1);3
1.5675249336171447e-11;(11, 1);4
1.3920508928305688e-09;(11, 1);5
2.1446522436997433e-06;(11, 1);6
3.703062632194122e-11;(11, 1);7
1.3473175251061186e-11;(11, 1);8
1.099909201449275e-09;(11, 1);9
8.316208538498083e-10;(11, 2);0
1.9555986505480575e-15;(11, 2);1
6.780517408551697e-12;(11, 2);2
2.0170906836811506e-13;(11, 2);3
5.34354109645287e-07;(11, 2);4
1.2532987758594452e-07;(11, 2);5
8.532058815445096e-10;(11, 2);6
5.401910923125424e-12;(11, 2);7
1.4474419584459178e-08;(11, 2);8
5.1713045140573e-11;(11, 2);9
8.458109692714611e-11;(11, 3);0
3.767299266854981e-13;(11, 3);1
1.556323024883951e-15;(11, 3);2
1.5237570270924623e-19;(11, 3);3
1.8702700249973046e-09;(11, 3);4
1.4300593073172997e-12;(11, 3);5
7.994366441365529e-09;(11, 3);6
4.939602185739881e-07;(11, 3);7
1.0269486261857824e-07;(11, 3);8
3.3242312988660324e-09;(11, 3);9
4.2454335586178975e-08;(12, 0);0
1.2582657474741038e-20;(12, 0);1
4.488060789091852e-17;(12, 0);2
1.5550037356691003e-14;(12, 0);3
1.290457342680909e-19;(12, 0);4
4.351793316973919e-14;(12, 0);5
2.34130860592194e-19;(12, 0);6
1.453009666061729e-09;(12, 0);7
2.103899236789461e-21;(12, 0);8
4.159376119465326e-22;(12, 0);9
4.3723718087809456e-12;(12, 1);0
5.050102603742e-10;(12, 1);1
7.853679471532999e-09;(12, 1);2
9.484452644602056e-09;(12, 1);3
2.348353421337334e-11;(12, 1);4
7.943640255019316e-16;(12, 1);5
1.3749239669369888e-12;(12, 1);6
2.921152839199899e-10;(12, 1);7
1.8774653365907905e-09;(12, 1);8
3.6868808421462556e-14;(12, 1);9
4.387599256912439e-12;(12, 2);0
4.3311054670873346e-14;(12, 2);1
8.603505571664053e-09;(12, 2);2
5.62725920446632e-07;(12, 2);3
1.1324357380204797e-13;(12, 2);4
3.1441045000918263e-09;(12, 2);5
2.1469008453634423e-05;(12, 2);6
1.3400209093173065e-19;(12, 2);7
2.749700412845854e-13;(12, 2);8
4.5936933635748954e-08;(12, 2);9
4.3193755913000326e-14;(12, 3);0
4.5958670900807205e-17;(12, 3);1
6.713089196165021e-24;(12, 3);2
1.7967175891472273e-12;(12, 3);3
2.4207232099146197e-22;(12, 3);4
1.0053161554900136e-10;(12, 3);5
1.1694038387626279e-14;(12, 3);6
9.402827593942233e-18;(12, 3);7
2.5932200292990124e-10;(12, 3);8
8.050595819978911e-23;(12, 3);9
2.9551975924767225e-12;(13, 0);0
1.4072568435478106e-20;(13, 0);1
3.425760376099611e-10;(13, 0);2
3.1884212256277462e-16;(13, 0);3
2.7697703544352214e-11;(13, 0);4
4.457104549767298e-17;(13, 0);5
1.2149605277321346e-18;(13, 0);6
8.162946376069494e-15;(13, 0);7
6.165180282661387e-16;(13, 0);8
1.139536866473171e-16;(13, 0);9
1.767364208177962e-19;(13, 1);0
2.121273935391481e-24;(13, 1);1
2.1138837904204485e-28;(13, 1);2
1.1324686247787491e-20;(13, 1);3
2.220199276634398e-10;(13, 1);4
1.2184811764743584e-22;(13, 1);5
2.139024474187203e-20;(13, 1);6
9.831659092229314e-19;(13, 1);7
3.853482535138041e-17;(13, 1);8
3.3686777206697743e-16;(13, 1);9
2.5587665091950984e-12;(13, 2);0
1.900234151683725e-16;(13, 2);1
4.0098246554627313e-13;(13, 2);2
1.66506935165924e-09;(13, 2);3
3.6204981453222336e-20;(13, 2);4
7.418363153916709e-16;(13, 2);5
3.5457763256039003e-16;(13, 2);6
7.855279805624949e-10;(13, 2);7
7.236030646865624e-16;(13, 2);8
1.5946053080602566e-11;(13, 2);9
9.208428467759655e-12;(7, 2);0
3.769791103027894e-12;(7, 2);1
3.7032044978200147e-10;(7, 2);2
7.717291541340347e-19;(7, 2);3
2.5990623097842186e-23;(7, 2);4
1.699709656495778e-12;(7, 2);5
7.7681034561557e-05;(7, 2);6
1.152264561041579e-10;(7, 2);7
2.8179809293636453e-12;(7, 2);8
3.550747940196187e-11;(7, 2);9
2.8523891437624866e-08;(7, 3);0
2.9219366721434094e-08;(7, 3);1
1.0354686142400335e-09;(7, 3);2
2.2807984665479894e-09;(7, 3);3
8.618229131115596e-08;(7, 3);4
1.4084125885397345e-11;(7, 3);5
2.2651548473761613e-08;(7, 3);6
0.00012152803479584369;(7, 3);7
5.039056072021628e-07;(7, 3);8
2.1317041596703513e-11;(7, 3);9
1.439726551546016e-08;(8, 0);0
4.172171534099964e-10;(8, 0);1
2.5625648276421677e-06;(8, 0);2
3.711374601548221e-15;(8, 0);3
2.5351604722477785e-08;(8, 0);4
4.693078055243587e-11;(8, 0);5
1.0781652771005937e-08;(8, 0);6
1.9410642616528594e-10;(8, 0);7
3.97583078669488e-10;(8, 0);8
6.866389263846535e-16;(8, 0);9
4.806731135723413e-07;(8, 1);0
1.6025480646263613e-13;(8, 1);1
5.075890347865883e-08;(8, 1);2
3.559223048348747e-17;(8, 1);3
5.561897466104218e-09;(8, 1);4
2.07780487922815e-09;(8, 1);5
2.692521836999485e-08;(8, 1);6
4.7668359596154087e-07;(8, 1);7
1.5084235551316905e-09;(8, 1);8
4.864352374063039e-11;(8, 1);9
1.2869590357671147e-16;(8, 2);0
7.306616505941768e-11;(8, 2);1
1.619798166409436e-10;(8, 2);2
1.5452193057474486e-17;(8, 2);3
1.0284451274971253e-13;(8, 2);4
1.4472093096541124e-11;(8, 2);5
1.1820150863934037e-18;(8, 2);6
5.727969097929263e-12;(8, 2);7
1.6606604502560628e-25;(8, 2);8
1.868489658484606e-10;(8, 2);9
2.726506840308479e-06;(6, 1);0
5.449469668842263e-17;(6, 1);1
1.7810634958424577e-06;(6, 1);2
1.0831595036682917e-11;(6, 1);3
8.080593657575429e-13;(6, 1);4
3.581911333993634e-11;(6, 1);5
4.338010039599669e-11;(6, 1);6
5.7437468548732795e-12;(6, 1);7
5.718537157382448e-07;(6, 1);8
7.313366510093584e-06;(6, 1);9
4.464225265719817e-14;(6, 2);0
5.344158573084679e-14;(6, 2);1
7.361686748990645e-11;(6, 2);2
4.131068777229162e-10;(6, 2);3
1.362949022605232e-15;(6, 2);4
4.656882379962034e-15;(6, 2);5
1.8589568664326435e-15;(6, 2);6
1.5926175722519418e-08;(6, 2);7
1.2717647033206403e-07;(6, 2);8
4.225094423334254e-06;(6, 2);9
2.6868137858510373e-14;(6, 3);0
1.513717256053771e-13;(6, 3);1
5.948273231244949e-16;(6, 3);2
1.1163039801414009e-13;(6, 3);3
3.6129976169655508e-09;(6, 3);4
1.0465651454731112e-10;(6, 3);5
2.916820035589284e-13;(6, 3);6
1.1887528945621474e-19;(6, 3);7
1.3715035053122987e-17;(6, 3);8
5.853023560612201e-14;(6, 3);9
5.648233334779743e-16;(7, 0);0
5.765677182992965e-15;(7, 0);1
4.975265409107859e-20;(7, 0);2
3.436610375326064e-13;(7, 0);3
1.2133980057972022e-22;(7, 0);4
6.613167602503531e-10;(7, 0);5
2.2845134094010243e-12;(7, 0);6
3.6314921538862546e-16;(7, 0);7
1.021570721245122e-14;(7, 0);8
5.931022334460808e-08;(7, 0);9
8.004917770146022e-09;(7, 1);0
5.380821400029555e-15;(7, 1);1
4.954424150516076e-18;(7, 1);2
1.6447077621677623e-25;(7, 1);3
1.7843656275340665e-16;(7, 1);4
2.71925336992814e-13;(7, 1);5
1.6713824670254392e-16;(7, 1);6
2.2899524638935126e-11;(7, 1);7
3.888478289436685e-13;(7, 1);8
7.733620226361237e-16;(7, 1);9
2.6263341216318045e-08;(13, 3);0
2.3751871283233866e-08;(13, 3);1
4.835106513820741e-06;(13, 3);2
1.7521766588139673e-14;(13, 3);3
3.992060444281117e-12;(13, 3);4
1.8529213389494442e-13;(13, 3);5
4.863325307294891e-11;(13, 3);6
7.065007559405763e-16;(13, 3);7
8.767612549512509e-13;(13, 3);8
6.390752904701699e-10;(13, 3);9
2.6051476123807664e-13;(14, 0);0
3.187037044698923e-18;(14, 0);1
1.5866453601087307e-14;(14, 0);2
1.7615015043285442e-16;(14, 0);3
1.2272584394640576e-10;(14, 0);4
2.484809145054111e-10;(14, 0);5
4.2745527265544736e-15;(14, 0);6
1.2434423878412918e-10;(14, 0);7
9.617695479635049e-17;(14, 0);8
2.0142680748674716e-15;(14, 0);9
2.127554615115265e-20;(14, 1);0
6.959390252618424e-19;(14, 1);1
7.515143177970808e-17;(14, 1);2
1.0659684491753805e-21;(14, 1);3
3.2228843121922045e-18;(14, 1);4
1.331532922943037e-18;(14, 1);5
1.3485342854544237e-10;(14, 1);6
3.108671735996261e-20;(14, 1);7
1.6122269745062568e-13;(14, 1);8
2.478162485822704e-26;(14, 1);9
8.146116630100186e-25;(14, 2);0
6.010413266045998e-25;(14, 2);1
8.774212410197882e-15;(14, 2);2
4.0964224721444955e-15;(14, 2);3
1.911693000455746e-16;(14, 2);4
9.95191131879492e-13;(14, 2);5
3.949669580338214e-11;(14, 2);6
3.0967249508650023e-19;(14, 2);7
1.4835496040098617e-12;(14, 2);8
8.038766207414532e-14;(14, 2);9
1.8516677320189624e-13;(14, 3);0
5.527939418798889e-18;(14, 3);1
1.2404471349061714e-16;(14, 3);2
4.0781617348219654e-11;(14, 3);3
4.955108959317428e-14;(14, 3);4
1.3069651506386793e-11;(14, 3);5
8.175510059968345e-20;(14, 3);6
4.892192193473578e-13;(14, 3);7
6.894376500280649e-13;(14, 3);8
3.6935200594611687e-14;(14, 3);9
8.566905606045163e-08;(8, 3);0
3.214628232791266e-12;(8, 3);1
9.02632049223326e-11;(8, 3);2
5.941526231357149e-10;(8, 3);3
1.486168836332704e-14;(8, 3);4
5.5985501650991095e-08;(8, 3);5
1.6090569673363393e-06;(8, 3);6
2.7440178207447284e-10;(8, 3);7
4.1841301785699393e-07;(8, 3);8
2.8645378648278956e-07;(8, 3);9
1.4011616074437e-11;(9, 0);0
1.1536594912997473e-16;(9, 0);1
4.36583954033728e-14;(9, 0);2
2.071469139512729e-16;(9, 0);3
8.758897964953216e-08;(9, 0);4
3.468235890937095e-15;(9, 0);5
9.09430435199334e-16;(9, 0);6
2.641059400629681e-07;(9, 0);7
5.686671457281908e-14;(9, 0);8
9.645974939282095e-14;(9, 0);9
1.5761450788304996e-16;(9, 1);0
1.1117590314573118e-21;(9, 1);1
1.1346507146993172e-11;(9, 1);2
3.3414510124184737e-15;(9, 1);3
3.675332747327661e-14;(9, 1);4
2.3490065179567273e-23;(9, 1);5
6.985615916832422e-16;(9, 1);6
4.3288166548394375e-19;(9, 1);7
2.4850842445589224e-12;(9, 1);8
7.53878167490501e-13;(9, 1);9
2.2445403180557078e-13;(9, 2);0
1.606364512085442e-15;(9, 2);1
3.193402011665327e-11;(9, 2);2
1.1132845302736437e-17;(9, 2);3
5.083188770838009e-12;(9, 2);4
8.12703640030417e-19;(9, 2);5
1.1466228232549516e-11;(9, 2);6
6.488297701726317e-12;(9, 2);7
6.731811139560207e-08;(9, 2);8
2.643329382512875e-15;(9, 2);9
1.1288987251862201e-22;(9, 3);0
5.9919711009545935e-16;(9, 3);1
1.6132507020811835e-18;(9, 3);2
8.36738111837501e-24;(9, 3);3
3.065717247577866e-12;(9, 3);4
2.7548357074415714e-20;(9, 3);5
5.222340310700737e-16;(9, 3);6
1.068329848838403e-13;(9, 3);7
4.503530196314206e-20;(9, 3);8
2.948221636322423e-14;(9, 3);9
2.763724242776296e-14;(3, 3);0
3.116023856069953e-20;(3, 3);1
2.918998001063876e-20;(3, 3);2
6.744727883984849e-23;(3, 3);3
1.0410076358704379e-30;(3, 3);4
1.856213047261093e-17;(3, 3);5
6.897565392478916e-15;(3, 3);6
2.6676097708114076e-17;(3, 3);7
6.635280087610897e-18;(3, 3);8
1.9762456283672315e-19;(3, 3);9
6.970725234631629e-10;(4, 0);0
6.551920631185516e-09;(4, 0);1
2.415854220854499e-14;(4, 0);2
4.0655060116070195e-17;(4, 0);3
6.085644634130217e-09;(4, 0);4
1.7882127438356694e-09;(4, 0);5
3.2928659851805417e-14;(4, 0);6
2.057394687427391e-13;(4, 0);7
2.8456802046644277e-13;(4, 0);8
1.801940497187868e-24;(4, 0);9
3.786028964712858e-17;(4, 1);0
1.4856431468475892e-12;(4, 1);1
2.7122867324997284e-16;(4, 1);2
3.1503421690842857e-16;(4, 1);3
2.5011827232150704e-43;(4, 1);4
3.968230980811766e-21;(4, 1);5
4.0356998725451016e-11;(4, 1);6
1.3298667776286296e-13;(4, 1);7
2.100770411528938e-13;(4, 1);8
1.5245398939737453e-07;(4, 1);9
1.7059355634525692e-17;(4, 2);0
2.0663192065423474e-13;(4, 2);1
1.0039672595165866e-12;(4, 2);2
5.1608563140552984e-12;(4, 2);3
7.439957856367463e-23;(4, 2);4
5.256122706282376e-14;(4, 2);5
1.99919235261942e-15;(4, 2);6
1.7191555476749928e-13;(4, 2);7
2.717821209721165e-22;(4, 2);8
4.907373602350256e-14;(4, 2);9
8.915774903071545e-19;(4, 3);0
6.617710582820684e-18;(4, 3);1
1.6101350964743113e-13;(4, 3);2
1.6305126464780942e-19;(4, 3);3
5.630785951699282e-57;(4, 3);4
4.808667700450248e-23;(4, 3);5
9.893123367422336e-19;(4, 3);6
9.576710784086641e-21;(4, 3);7
2.70354520897951e-22;(4, 3);8
9.96700397977657e-16;(4, 3);9
2.673725723478979e-07;(17, 2);0
3.0003530465596645e-09;(17, 2);1
5.671702934860792e-12;(17, 2);2
4.0289826676250626e-07;(17, 2);3
2.437764360546577e-10;(17, 2);4
1.8141122163361415e-12;(17, 2);5
4.6025349481771294e-09;(17, 2);6
1.555012787639812e-11;(17, 2);7
1.2222658154685463e-08;(17, 2);8
0.0005546470626470718;(17, 2);9
2.7837962960557483e-05;(17, 3);0
4.7350794771858556e-07;(17, 3);1
1.7248123489976988e-10;(17, 3);2
2.26191535282276e-07;(17, 3);3
5.7539190822303216e-05;(17, 3);4
6.81358810336808e-10;(17, 3);5
1.685405650922544e-08;(17, 3);6
3.970177031585805e-10;(17, 3);7
8.876325309348147e-05;(17, 3);8
2.9042903362888374e-06;(17, 3);9
2.1507715387117223e-08;(18, 0);0
0.00018840887228266997;(18, 0);1
1.29120243543304e-10;(18, 0);2
6.428686830676799e-13;(18, 0);3
4.6185707334123544e-11;(18, 0);4
4.987665296310574e-11;(18, 0);5
5.837070296624343e-09;(18, 0);6
2.376197554333645e-08;(18, 0);7
1.2428803391946367e-06;(18, 0);8
4.2822375405249455e-14;(18, 0);9
3.563780243350298e-09;(18, 1);0
1.1769602732874932e-13;(18, 1);1
1.241780830244868e-13;(18, 1);2
2.552059044097347e-17;(18, 1);3
3.9591934241058574e-13;(18, 1);4
1.0992497672662382e-11;(18, 1);5
5.2716484821434616e-14;(18, 1);6
2.134904240292985e-16;(18, 1);7
1.1075474369913294e-11;(18, 1);8
5.167589526860031e-13;(18, 1);9
8.894266471696854e-17;(18, 2);0
1.7546505925741923e-09;(18, 2);1
1.962374879346818e-05;(18, 2);2
4.0183798969486556e-07;(18, 2);3
2.4113537442026736e-09;(18, 2);4
0.0035453822384564466;(18, 2);5
1.8870480692176645e-06;(18, 2);6
3.887833189512665e-05;(18, 2);7
2.433028332079538e-10;(18, 2);8
1.2541083037072577e-11;(18, 2);9
5.000234059052791e-16;(15, 0);0
1.050085455957822e-20;(15, 0);1
4.802073847200068e-19;(15, 0);2
8.165019238185401e-16;(15, 0);3
2.173662441091794e-19;(15, 0);4
1.4098629675380608e-24;(15, 0);5
2.0851899001935193e-20;(15, 0);6
5.888447509691955e-19;(15, 0);7
1.943957209101308e-14;(15, 0);8
1.8376883823855178e-24;(15, 0);9
7.648190579475484e-25;(15, 1);0
1.6062607414908866e-13;(15, 1);1
3.148700788298234e-15;(15, 1);2
2.256315744284221e-20;(15, 1);3
5.598643322641622e-41;(15, 1);4
2.4850289162103172e-20;(15, 1);5
4.0878312776128896e-25;(15, 1);6
2.881624183106558e-19;(15, 1);7
1.6239328907015914e-32;(15, 1);8
2.671443335986774e-22;(15, 1);9
2.9766582144466383e-24;(15, 2);0
3.2212441801696655e-25;(15, 2);1
1.2364908931783418e-22;(15, 2);2
4.846713393087373e-09;(15, 2);3
1.5780579260965947e-18;(15, 2);4
1.2802535896259653e-14;(15, 2);5
1.1882679353864812e-15;(15, 2);6
1.1127433167273343e-19;(15, 2);7
1.417992501565943e-13;(15, 2);8
7.294447480172009e-12;(15, 2);9
6.148234826526838e-23;(15, 3);0
1.3964774001800447e-23;(15, 3);1
8.183370444365026e-18;(15, 3);2
5.284861465244342e-13;(15, 3);3
2.480616535091512e-34;(15, 3);4
5.530399179905861e-36;(15, 3);5
9.104279084088601e-20;(15, 3);6
2.853589056860864e-31;(15, 3);7
1.5867544074962867e-25;(15, 3);8
3.631961545217025e-21;(15, 3);9
4.74468474789432e-12;(16, 0);0
4.394943725198556e-08;(16, 0);1
8.73978696899434e-10;(16, 0);2
9.063487785205193e-06;(16, 0);3
2.157648508924236e-11;(16, 0);4
9.265484252526822e-09;(16, 0);5
1.6388146256269975e-08;(16, 0);6
0.0004086671286704498;(16, 0);7
7.141382430413563e-11;(16, 0);8
6.412411707602284e-13;(16, 0);9
1.6899375389020322e-31;(20, 0);0
1.9219330487863133e-15;(20, 0);1
1.75870902376537e-20;(20, 0);2
3.137990425142926e-29;(20, 0);3
5.560759678255416e-14;(20, 0);4
7.341862887696013e-25;(20, 0);5
1.366173554209808e-27;(20, 0);6
9.07583655697549e-20;(20, 0);7
6.497443716013129e-24;(20, 0);8
3.1938708119869865e-23;(20, 0);9
2.685464882482791e-19;(20, 1);0
4.720717563869504e-24;(20, 1);1
6.07840545548703e-16;(20, 1);2
4.279176567378302e-26;(20, 1);3
3.6658675895017374e-28;(20, 1);4
9.282488156479897e-17;(20, 1);5
2.066005045998668e-25;(20, 1);6
2.4286108017346575e-21;(20, 1);7
3.428217836305541e-18;(20, 1);8
3.2539469130624965e-29;(20, 1);9
7.730242914949105e-29;(20, 2);0
1.2487276877444187e-14;(20, 2);1
3.409207681182519e-23;(20, 2);2
1.393698420356401e-21;(20, 2);3
2.9356939646186917e-12;(20, 2);4
8.682084702702013e-17;(20, 2);5
8.292046470818218e-46;(20, 2);6
1.0298459546253003e-16;(20, 2);7
2.004448944091207e-29;(20, 2);8
5.156456127263671e-12;(20, 2);9
1.0085230550326242e-09;(20, 3);0
1.4522722561731654e-23;(20, 3);1
2.0833223539284153e-16;(20, 3);2
8.234963820441829e-17;(20, 3);3
3.669329608938983e-14;(20, 3);4
8.762549195875733e-19;(20, 3);5
3.8214376979390796e-26;(20, 3);6
1.5809650324462398e-18;(20, 3);7
3.0112479346418664e-25;(20, 3);8
1.1159293258862168e-19;(20, 3);9
1.5583789567571948e-09;(21, 0);0
8.406128388032032e-15;(21, 0);1
0.00012247532299252507;(21, 0);2
3.4292080390426983e-10;(21, 0);3
4.785646149680418e-10;(21, 0);4
5.6684770619931035e-06;(21, 0);5
2.5276610144227908e-06;(21, 0);6
3.16198296433826e-11;(21, 0);7
7.58130476171e-09;(21, 0);8
1.3135223527991254e-09;(21, 0);9
7.877422692218736e-08;(18, 3);0
1.0948184726498485e-06;(18, 3);1
7.906233576449613e-12;(18, 3);2
1.7493089127994467e-16;(18, 3);3
4.850722030847077e-10;(18, 3);4
1.0309062448871797e-16;(18, 3);5
2.8836768502413036e-12;(18, 3);6
5.126935204094861e-12;(18, 3);7
1.3142278365797687e-09;(18, 3);8
2.9589375272452825e-14;(18, 3);9
1.9990254981277463e-06;(19, 0);0
3.354973555179266e-10;(19, 0);1
1.4550526478734583e-08;(19, 0);2
2.100775859729337e-11;(19, 0);3
1.8373971136927663e-13;(19, 0);4
8.319187582144462e-14;(19, 0);5
2.9934942009186604e-16;(19, 0);6
7.79167871738444e-11;(19, 0);7
2.374575385841549e-13;(19, 0);8
4.04239083689029e-09;(19, 0);9
3.596000849269176e-14;(19, 1);0
5.08076122432944e-09;(19, 1);1
3.742205878573032e-10;(19, 1);2
1.7078806922271789e-12;(19, 1);3
7.074451339363381e-06;(19, 1);4
0.00020632096218371073;(19, 1);5
5.911388819087137e-12;(19, 1);6
8.155308066802089e-09;(19, 1);7
9.255358238228269e-07;(19, 1);8
1.0416607883022673e-12;(19, 1);9
3.191481288690625e-09;(19, 2);0
1.9829896175111367e-15;(19, 2);1
9.023872928757693e-15;(19, 2);2
1.5835811619008453e-06;(19, 2);3
4.406300532686646e-09;(19, 2);4
6.041212750597792e-08;(19, 2);5
2.2303850455858712e-13;(19, 2);6
3.699761572711134e-07;(19, 2);7
1.7213830600430983e-09;(19, 2);8
1.1807084733231955e-07;(19, 2);9
2.6182426585725737e-17;(19, 3);0
3.795601605404173e-12;(19, 3);1
8.178453325469006e-13;(19, 3);2
1.141209309175672e-11;(19, 3);3
2.5251833612774696e-08;(19, 3);4
2.3770230483926702e-07;(19, 3);5
1.9958874349823135e-08;(19, 3);6
5.73205975564846e-17;(19, 3);7
1.9405681321452232e-09;(19, 3);8
4.613448012137785e-12;(19, 3);9
7.384578806633753e-11;(16, 1);0
1.5933145414505975e-13;(16, 1);1
2.7509227097222664e-09;(16, 1);2
5.233361243223198e-10;(16, 1);3
4.4984357759045345e-15;(16, 1);4
5.341749121455416e-14;(16, 1);5
4.047789727493467e-17;(16, 1);6
1.8086519675952576e-24;(16, 1);7
3.4776487995973215e-08;(16, 1);8
7.077040626524475e-12;(16, 1);9
3.5519733777090914e-13;(16, 2);0
3.514472465106978e-12;(16, 2);1
2.8373858417595337e-14;(16, 2);2
5.97366201656663e-11;(16, 2);3
4.101818769369674e-13;(16, 2);4
1.536584293857092e-06;(16, 2);5
1.4593484321289858e-09;(16, 2);6
4.810116517336177e-19;(16, 2);7
2.661630354280887e-10;(16, 2);8
2.2220284983897353e-09;(16, 2);9
1.7826503638896308e-14;(16, 3);0
5.18832986882446e-08;(16, 3);1
1.5185896255470607e-10;(16, 3);2
1.7384190896848703e-10;(16, 3);3
5.875341175858398e-10;(16, 3);4
5.096121939067722e-06;(16, 3);5
5.590190966068222e-06;(16, 3);6
2.457804988432238e-07;(16, 3);7
2.2452924067542437e-14;(16, 3);8
7.306467439379979e-05;(16, 3);9
4.879030435962406e-16;(17, 0);0
6.775651362758552e-12;(17, 0);1
2.739318711599947e-12;(17, 0);2
2.112793562391582e-25;(17, 0);3
2.6162417396951526e-11;(17, 0);4
6.22869696976259e-09;(17, 0);5
3.279989876341785e-11;(17, 0);6
1.2081469443643432e-13;(17, 0);7
4.226208543521148e-10;(17, 0);8
3.461583327310065e-17;(17, 0);9
1.5801589911988022e-08;(17, 1);0
1.8830847746005135e-11;(17, 1);1
1.6783163295683684e-13;(17, 1);2
3.6927811689484036e-14;(17, 1);3
3.5395866962418155e-12;(17, 1);4
1.8237758817564024e-21;(17, 1);5
5.486234751074678e-19;(17, 1);6
3.4679799538344077e-12;(17, 1);7
2.8645226180972e-20;(17, 1);8
6.031650027233536e-13;(17, 1);9
2.9202007822164073e-18;(1, 1);0
4.941389522236157e-19;(1, 1);1
3.6101113562371416e-12;(1, 1);2
4.575995334212846e-14;(1, 1);3
9.582708978653078e-20;(1, 1);4
2.0416902590264677e-24;(1, 1);5
9.175806778395063e-15;(1, 1);6
7.579934782570546e-12;(1, 1);7
9.769740527430373e-11;(1, 1);8
8.957967106380517e-12;(1, 1);9
3.2554276888648706e-18;(1, 2);0
3.1125710771706297e-20;(1, 2);1
5.373010873519601e-13;(1, 2);2
5.306935458839639e-19;(1, 2);3
1.9933770114906376e-17;(1, 2);4
1.1592713732050038e-11;(1, 2);5
2.4385296279990547e-12;(1, 2);6
2.3963909155786526e-13;(1, 2);7
8.45426431485458e-18;(1, 2);8
1.61609176848258e-16;(1, 2);9
2.173623799991258e-16;(1, 3);0
1.9655273706625163e-17;(1, 3);1
3.4556690056031404e-14;(1, 3);2
2.6085168864438395e-12;(1, 3);3
2.89471535401654e-27;(1, 3);4
9.05292741451795e-18;(1, 3);5
3.09155782711957e-16;(1, 3);6
7.598461313928703e-16;(1, 3);7
5.1496909280009015e-26;(1, 3);8
1.2866167338164767e-15;(1, 3);9
4.066583794129316e-10;(2, 0);0
3.6367623811987093e-07;(2, 0);1
2.8644449805968246e-19;(2, 0);2
4.292313346361674e-14;(2, 0);3
9.33693115742424e-13;(2, 0);4
1.0692552518824828e-11;(2, 0);5
1.2617011785097551e-11;(2, 0);6
1.7689143617798695e-18;(2, 0);7
2.7253390795319522e-08;(2, 0);8
1.2319626433534356e-14;(2, 0);9
6.129252503784184e-24;(2, 1);0
3.842885630647072e-21;(2, 1);1
9.928982963168982e-17;(2, 1);2
9.006092972023921e-15;(2, 1);3
1.1363608259851867e-16;(2, 1);4
6.957178899642385e-20;(2, 1);5
7.013894686339111e-17;(2, 1);6
5.921826710426885e-15;(2, 1);7
5.062652745598678e-19;(2, 1);8
3.1741680484863895e-14;(2, 1);9
7.4770855425434e-14;(23, 3);0
1.588377456610081e-17;(23, 3);1
4.277218573928239e-11;(23, 3);2
2.95851172871379e-06;(23, 3);3
6.034043285581286e-14;(23, 3);4
1.9628174293211127e-10;(23, 3);5
4.5384743878703677e-14;(23, 3);6
6.252251943700412e-12;(23, 3);7
0.0004777460157970071;(23, 3);8
1.0674261571777197e-11;(23, 3);9
2.134868754957643e-12;(24, 0);0
6.770389985398308e-19;(24, 0);1
4.211027211005577e-17;(24, 0);2
1.2274194971079087e-15;(24, 0);3
2.978142368121089e-13;(24, 0);4
6.836190893582399e-11;(24, 0);5
4.1918838408460345e-25;(24, 0);6
4.870434250523562e-14;(24, 0);7
1.9964026353496337e-18;(24, 0);8
1.1390633166562897e-24;(24, 0);9
2.5193131417535077e-14;(24, 1);0
1.4772857612096904e-15;(24, 1);1
1.38690514628592e-21;(24, 1);2
6.048639927329526e-10;(24, 1);3
1.506485678711183e-10;(24, 1);4
3.133007302071275e-13;(24, 1);5
1.923504074799029e-13;(24, 1);6
4.8220939427465545e-12;(24, 1);7
7.857762171743385e-09;(24, 1);8
1.2678018396749141e-09;(24, 1);9
1.0494172123584492e-09;(24, 2);0
4.6930317183229836e-12;(24, 2);1
2.16424482038045e-10;(24, 2);2
7.626158456564679e-07;(24, 2);3
3.4550119247603426e-14;(24, 2);4
9.869497955746265e-11;(24, 2);5
1.8269052677887577e-16;(24, 2);6
1.720332324278465e-11;(24, 2);7
1.3677128230299987e-13;(24, 2);8
6.330129849040991e-08;(24, 2);9
1.3445920688305095e-17;(24, 3);0
9.806492563070918e-12;(24, 3);1
4.8474564158586545e-15;(24, 3);2
1.6927551005983e-17;(24, 3);3
2.962798370012478e-20;(24, 3);4
1.0095151956640628e-13;(24, 3);5
1.921163370571011e-15;(24, 3);6
1.011368561435666e-15;(24, 3);7
5.102659758873731e-18;(24, 3);8
3.4551561328701896e-17;(24, 3);9
1.4919829138838684e-17;(22, 2);0
1.2594911451022834e-19;(22, 2);1
1.1854704200210563e-12;(22, 2);2
1.672797486508982e-16;(22, 2);3
2.0872769438036044e-20;(22, 2);4
1.5649150040330426e-16;(22, 2);5
3.2187055192495707e-16;(22, 2);6
2.6393683219447963e-13;(22, 2);7
2.203048870189838e-11;(22, 2);8
8.534288147974645e-13;(22, 2);9
1.8549404902847574e-26;(22, 3);0
3.66677371449777e-23;(22, 3);1
1.0837979437394024e-20;(22, 3);2
4.499410836453332e-18;(22, 3);3
9.623499356267036e-15;(22, 3);4
6.339107094516807e-10;(22, 3);5
8.634439983243373e-16;(22, 3);6
2.1719466467434573e-25;(22, 3);7
9.001451988654338e-17;(22, 3);8
2.5981808643717733e-22;(22, 3);9
2.393393089936719e-12;(23, 0);0
0.007647936342970954;(23, 0);1
1.2762945440259792e-05;(23, 0);2
6.775756946807174e-11;(23, 0);3
1.4060757661067715e-07;(23, 0);4
2.868194975843409e-07;(23, 0);5
2.269943394545739e-05;(23, 0);6
1.4321940679854185e-09;(23, 0);7
3.6839270130021514e-07;(23, 0);8
0.0001999100567078769;(23, 0);9
3.6300951255835134e-08;(23, 1);0
4.976744863447222e-13;(23, 1);1
9.531092132686607e-11;(23, 1);2
1.6164399228445328e-08;(23, 1);3
4.00968055144645e-07;(23, 1);4
1.8900556184536155e-08;(23, 1);5
5.995774963150431e-11;(23, 1);6
4.9179418953770555e-11;(23, 1);7
1.3330439983377847e-05;(23, 1);8
2.6222111261939437e-08;(23, 1);9
2.0014832502247124e-08;(23, 2);0
1.2264192735181217e-06;(23, 2);1
1.546007916259995e-14;(23, 2);2
7.973037474956865e-09;(23, 2);3
1.0931603710054694e-05;(23, 2);4
2.8252635036702538e-08;(23, 2);5
0.0001438697730417083;(23, 2);6
3.080401446599711e-14;(23, 2);7
1.5899363991014566e-12;(23, 2);8
8.891201831137161e-22;(23, 2);9
1.3096928310857624e-06;(21, 1);0
1.677493650236154e-08;(21, 1);1
3.9446951756360024e-14;(21, 1);2
3.0561610521327943e-16;(21, 1);3
9.411956529779104e-12;(21, 1);4
2.4542862541402026e-07;(21, 1);5
1.1867101231815775e-14;(21, 1);6
2.775616545744961e-15;(21, 1);7
4.975784466984717e-10;(21, 1);8
2.717871882002513e-06;(21, 1);9
3.522015868707639e-10;(21, 2);0
1.9221029949466703e-07;(21, 2);1
4.9777147446527735e-06;(21, 2);2
5.871598401069004e-10;(21, 2);3
3.983856257992344e-07;(21, 2);4
7.89750184019065e-09;(21, 2);5
9.33987241894644e-10;(21, 2);6
1.1691638216592414e-08;(21, 2);7
1.5209560382424085e-09;(21, 2);8
1.0804108484744743e-09;(21, 2);9
1.9315138710896614e-17;(21, 3);0
1.7542000764592143e-08;(21, 3);1
8.927039984867173e-10;(21, 3);2
6.003751599987272e-11;(21, 3);3
8.590605816100849e-11;(21, 3);4
1.092286420017487e-11;(21, 3);5
9.596746569432905e-15;(21, 3);6
3.6676266849606285e-14;(21, 3);7
5.160113822588929e-12;(21, 3);8
6.154068850129293e-11;(21, 3);9
1.400213694495614e-24;(22, 0);0
1.7766830808839375e-19;(22, 0);1
6.001977686012089e-14;(22, 0);2
3.4964892021063406e-15;(22, 0);3
4.2934458630162385e-16;(22, 0);4
7.334104407280724e-15;(22, 0);5
1.0497806523939786e-16;(22, 0);6
5.534696134928461e-18;(22, 0);7
3.138768420867467e-14;(22, 0);8
1.6453622417991487e-15;(22, 0);9
2.4686855176006963e-22;(22, 1);0
4.474576286369255e-28;(22, 1);1
9.459293125176012e-15;(22, 1);2
5.07205346772065e-19;(22, 1);3
4.151818423418773e-18;(22, 1);4
8.294048078819666e-18;(22, 1);5
6.148955350535987e-23;(22, 1);6
3.7664415194642325e-13;(22, 1);7
1.7723283120777072e-19;(22, 1);8
1.1949918244281307e-21;(22, 1);9
3.063416664115629e-15;(26, 1);0
1.6757726948960294e-30;(26, 1);1
1.7995593159757254e-18;(26, 1);2
8.70213501044652e-12;(26, 1);3
1.7690122114749985e-21;(26, 1);4
4.859377281260039e-35;(26, 1);5
6.429160996110284e-19;(26, 1);6
2.593000817652639e-18;(26, 1);7
3.9313291475676597e-08;(26, 1);8
1.6332945237108197e-16;(26, 1);9
1.8620881740969054e-21;(26, 2);0
1.7360818207741247e-11;(26, 2);1
6.602881221830054e-23;(26, 2);2
2.0508838702556145e-17;(26, 2);3
4.449544435405955e-14;(26, 2);4
2.276480511667063e-21;(26, 2);5
6.749346841936893e-18;(26, 2);6
1.1920120907522572e-23;(26, 2);7
6.1053439439131686e-18;(26, 2);8
2.751858529768103e-17;(26, 2);9
3.6198003145364474e-08;(26, 3);0
4.3008707503063003e-23;(26, 3);1
2.221852833572994e-16;(26, 3);2
2.847610502860047e-13;(26, 3);3
3.0514232885260916e-14;(26, 3);4
1.070470135130794e-24;(26, 3);5
2.05336437625605e-12;(26, 3);6
3.126622058872367e-11;(26, 3);7
1.0690145987212744e-15;(26, 3);8
1.2854695914906201e-11;(26, 3);9
1.7134487514240217e-11;(27, 0);0
2.7904031595086994e-07;(27, 0);1
2.223890969446744e-08;(27, 0);2
4.1358030503233924e-05;(27, 0);3
2.7738062065556133e-05;(27, 0);4
2.982731012081194e-10;(27, 0);5
5.5161651204573395e-05;(27, 0);6
2.0336683674228403e-09;(27, 0);7
1.1638881716050149e-09;(27, 0);8
1.3702853464469494e-05;(27, 0);9
1.3866329447999546e-09;(27, 1);0
1.2932730238988733e-11;(27, 1);1
1.7158519929935463e-12;(27, 1);2
0.00015320478097500533;(27, 1);3
5.322949999825422e-11;(27, 1);4
3.790006327451581e-09;(27, 1);5
8.446213660059375e-06;(27, 1);6
2.614687819222495e-07;(27, 1);7
2.039829497660419e-07;(27, 1);8
2.3466562972321835e-07;(27, 1);9
1.021013036454065e-15;(25, 0);0
9.306419630243191e-14;(25, 0);1
8.588087898678494e-12;(25, 0);2
3.490962225925547e-14;(25, 0);3
4.293402656135125e-21;(25, 0);4
9.089057256842429e-18;(25, 0);5
1.7648419270735352e-15;(25, 0);6
1.329440493421647e-13;(25, 0);7
5.4907681716691755e-15;(25, 0);8
2.975413480992026e-17;(25, 0);9
9.817312716296206e-18;(25, 1);0
7.862222484606674e-09;(25, 1);1
5.536964521385261e-18;(25, 1);2
3.914495539542382e-15;(25, 1);3
6.101787991091013e-10;(25, 1);4
1.3181199612228682e-19;(25, 1);5
2.7995916946858755e-14;(25, 1);6
5.3571315921304065e-14;(25, 1);7
1.018938693160315e-11;(25, 1);8
9.0663811254556e-14;(25, 1);9
1.229501591153596e-13;(25, 2);0
2.0136913251217907e-13;(25, 2);1
1.63155804408709e-24;(25, 2);2
1.8305042182923596e-28;(25, 2);3
5.04271666245572e-25;(25, 2);4
2.9625138310928976e-15;(25, 2);5
1.5545604473262967e-13;(25, 2);6
1.2185133513667651e-20;(25, 2);7
1.1319030690063854e-21;(25, 2);8
5.415254934619876e-14;(25, 2);9
5.659740193821638e-17;(25, 3);0
1.7839291026902433e-18;(25, 3);1
5.377811492255227e-22;(25, 3);2
7.609056645724243e-19;(25, 3);3
4.274442583957845e-14;(25, 3);4
3.636343182764639e-14;(25, 3);5
4.247402458717896e-18;(25, 3);6
8.399645047445851e-11;(25, 3);7
2.3202907134094528e-27;(25, 3);8
4.9508507403199315e-15;(25, 3);9
1.7064719163858435e-18;(26, 0);0
4.4563051446582265e-11;(26, 0);1
2.362470243011599e-17;(26, 0);2
2.902261329089518e-11;(26, 0);3
1.1635327857312795e-27;(26, 0);4
6.052713275619855e-08;(26, 0);5
1.0931693721414326e-09;(26, 0);6
2.7365209789785412e-27;(26, 0);7
2.798086842811236e-21;(26, 0);8
2.076592278622487e-12;(26, 0);9
4.016983830959167e-09;(27, 2);0
4.3218177939508527e-17;(27, 2);1
3.088729427098814e-08;(27, 2);2
2.0496534963412334e-10;(27, 2);3
0.00018282997803190267;(27, 2);4
6.205546114524385e-09;(27, 2);5
1.4372900088988235e-05;(27, 2);6
1.0420204107805028e-10;(27, 2);7
0.00025903664941767575;(27, 2);8
1.7399818779479176e-08;(27, 2);9
2.058874629292249e-06;(27, 3);0
2.571088102343181e-06;(27, 3);1
3.051596598126189e-06;(27, 3);2
1.3694936789784516e-08;(27, 3);3
1.8340137966325635e-08;(27, 3);4
2.3370749528114307e-11;(27, 3);5
4.878728356677264e-10;(27, 3);6
1.1935089137819848e-05;(27, 3);7
7.585873271117547e-08;(27, 3);8
9.118627514042513e-08;(27, 3);9
3.4633368839020293e-25;(28, 0);0
2.7565455855973582e-14;(28, 0);1
7.15137745621536e-20;(28, 0);2
4.820101031523389e-15;(28, 0);3
1.036788223445797e-14;(28, 0);4
4.954433376334446e-13;(28, 0);5
5.772781704027075e-18;(28, 0);6
2.8852884649360266e-10;(28, 0);7
4.149748937502488e-15;(28, 0);8
3.2158698818875084e-08;(28, 0);9
3.2201061471185713e-16;(28, 1);0
1.6520440138699073e-11;(28, 1);1
1.6047104521456598e-11;(28, 1);2
3.096199996046896e-10;(28, 1);3
1.4864450760229937e-20;(28, 1);4
3.862664151977749e-13;(28, 1);5
9.49171958590729e-14;(28, 1);6
7.269983150544544e-09;(28, 1);7
4.993498226763968e-10;(28, 1);8
9.87259422380633e-15;(28, 1);9
6.316183231118316e-21;(28, 2);0
2.2200876294267788e-16;(28, 2);1
2.5983026749158337e-25;(28, 2);2
1.7422468101604358e-11;(28, 2);3
1.3068526885652738e-24;(28, 2);4
2.2381825454945988e-15;(28, 2);5
3.5311132270089336e-10;(28, 2);6
1.4865776277677747e-30;(28, 2);7
1.7407633511842787e-20;(28, 2);8
1.409014945367429e-17;(28, 2);9
1.7053579917241776e-11;(30, 0);0
8.632753468587376e-19;(30, 0);1
1.0071512176512235e-11;(30, 0);2
1.9116522816460052e-08;(30, 0);3
4.9565305198648084e-11;(30, 0);4
1.3941380246732057e-10;(30, 0);5
3.2555639349354264e-08;(30, 0);6
2.198355927439938e-14;(30, 0);7
5.998430648034487e-13;(30, 0);8
1.2785168463319035e-06;(30, 0);9
4.474173966772688e-08;(30, 1);0
1.257494941002192e-11;(30, 1);1
1.2202481046408023e-13;(30, 1);2
0.00014842845410354628;(30, 1);3
6.520512478296222e-14;(30, 1);4
4.1889149479826215e-08;(30, 1);5
3.42181931157057e-08;(30, 1);6
4.0278173703088574e-07;(30, 1);7
2.5327921455388796e-11;(30, 1);8
4.466074423477597e-08;(30, 1);9
7.667958288719743e-18;(30, 2);0
2.9978107420420285e-16;(30, 2);1
2.882105603953397e-12;(30, 2);2
2.8516170777047925e-09;(30, 2);3
5.760780060768194e-12;(30, 2);4
7.742991941870329e-18;(30, 2);5
3.7345395422191123e-19;(30, 2);6
5.465895604862351e-12;(30, 2);7
4.136113350216795e-16;(30, 2);8
1.146357402997142e-15;(30, 2);9
3.3822950752482285e-16;(30, 3);0
8.307063188725675e-12;(30, 3);1
2.4551106402185808e-12;(30, 3);2
3.762993168503654e-22;(30, 3);3
3.7519966399297777e-10;(30, 3);4
5.568500388285058e-12;(30, 3);5
1.3996649648286778e-11;(30, 3);6
1.3413281902524333e-19;(30, 3);7
1.866287805275721e-06;(30, 3);8
3.6845842924011214e-17;(30, 3);9
6.210684214638299e-05;(31, 0);0
2.280459791435258e-06;(31, 0);1
0.0010548834197762213;(31, 0);2
1.2910157905813259e-05;(31, 0);3
3.850943389741301e-06;(31, 0);4
1.4364624905923216e-08;(31, 0);5
5.322675618445956e-06;(31, 0);6
4.290098271795456e-06;(31, 0);7
1.2431778560876198e-06;(31, 0);8
2.5840516891926854e-07;(31, 0);9
1.2592659541642295e-14;(28, 3);0
2.4008811580200237e-25;(28, 3);1
5.921192098551943e-13;(28, 3);2
3.0025084731790215e-16;(28, 3);3
1.077866592925742e-20;(28, 3);4
1.1019993447676938e-13;(28, 3);5
2.698857273999947e-21;(28, 3);6
1.5555237418328742e-17;(28, 3);7
6.543651023085907e-16;(28, 3);8
1.016537332449266e-15;(28, 3);9
2.433930006963294e-14;(29, 0);0
1.635107558160397e-10;(29, 0);1
2.2773573986835564e-24;(29, 0);2
2.0763453484274526e-10;(29, 0);3
1.2262644531484793e-16;(29, 0);4
5.187452045727648e-10;(29, 0);5
4.842526945716966e-17;(29, 0);6
7.834613150229985e-15;(29, 0);7
4.917647967751222e-09;(29, 0);8
1.39515640698622e-10;(29, 0);9
1.2597990371663885e-22;(29, 1);0
1.228120170213039e-16;(29, 1);1
2.386895280768484e-12;(29, 1);2
8.937028230648309e-15;(29, 1);3
1.1300394479196375e-15;(29, 1);4
1.417820678874679e-16;(29, 1);5
6.095923282742519e-20;(29, 1);6
1.83613357349141e-11;(29, 1);7
3.0912319308564106e-23;(29, 1);8
3.0859653519885363e-12;(29, 1);9
3.178854278903526e-12;(29, 2);0
2.722229795397908e-12;(29, 2);1
1.241287060781076e-17;(29, 2);2
1.4548516758088152e-07;(29, 2);3
3.088509236786568e-20;(29, 2);4
1.4848369612682231e-15;(29, 2);5
1.998705651242484e-13;(29, 2);6
2.7363661658042818e-12;(29, 2);7
3.279953650535003e-12;(29, 2);8
5.78145528054965e-10;(29, 2);9
4.203448860088371e-12;(29, 3);0
6.052416747257878e-14;(29, 3);1
3.280215722971769e-15;(29, 3);2
2.536964009458612e-09;(29, 3);3
7.358207534286202e-12;(29, 3);4
3.077634888969522e-17;(29, 3);5
1.4470080881818243e-13;(29, 3);6
5.6110963841202585e-12;(29, 3);7
9.46993159405948e-16;(29, 3);8
4.79084016051253e-20;(29, 3);9
0.019142511446673553;(31, 1);0
7.005668545407107e-05;(31, 1);1
1.5284687403995553e-09;(31, 1);2
2.5986024392077273e-12;(31, 1);3
1.703876620156427e-06;(31, 1);4
4.0638626987511564e-05;(31, 1);5
0.0020329442052691615;(31, 1);6
4.867594842750786e-10;(31, 1);7
9.702188375226386e-06;(31, 1);8
6.257871025785326e-10;(31, 1);9
8.84067656107044e-16;(31, 2);0
7.401098293611172e-18;(31, 2);1
7.092371673044329e-19;(31, 2);2
2.711729722716729e-13;(31, 2);3
8.164399209609516e-21;(31, 2);4
1.7302812967647817e-10;(31, 2);5
1.2687493924443653e-25;(31, 2);6
2.590858401680768e-16;(31, 2);7
9.203135209290225e-21;(31, 2);8
1.8436761140513537e-17;(31, 2);9
1.1496939652650465e-07;(31, 3);0
8.198794419806524e-07;(31, 3);1
3.7810040631481936e-05;(31, 3);2
1.0245609697716e-08;(31, 3);3
0.06027843352737456;(31, 3);4
1.77736946177107e-11;(31, 3);5
1.7559290033764265e-18;(31, 3);6
7.650371014163824e-14;(31, 3);7
3.4007984272070826e-06;(31, 3);8
2.0431638949988536e-08;(31, 3);9
5.0254662472758254e-05;(32, 0);0
2.3773160125927732e-07;(32, 0);1
2.902874153564077e-16;(32, 0);2
5.112559847899835e-10;(32, 0);3
8.663408346656438e-09;(32, 0);4
1.306722846995533e-09;(32, 0);5
2.236481390269502e-09;(32, 0);6
1.423744350568771e-12;(32, 0);7
8.67775252576164e-15;(32, 0);8
1.998387740079147e-05;(32, 0);9
4.983323026342291e-09;(32, 1);0
8.89110955632269e-15;(32, 1);1
1.973022265927704e-08;(32, 1);2
4.253471995780756e-10;(32, 1);3
1.0512940342877304e-21;(32, 1);4
1.6307578602569567e-15;(32, 1);5
4.645987851591895e-15;(32, 1);6
2.7234156639307107e-12;(32, 1);7
4.1262978431287145e-17;(32, 1);8
1.0491810120965385e-09;(32, 1);9
1.5264755737978414e-08;(33, 3);0
4.762724120314729e-09;(33, 3);1
5.6186430060976025e-08;(33, 3);2
5.2128235094823295e-11;(33, 3);3
1.8795495529885845e-08;(33, 3);4
9.986885075495447e-08;(33, 3);5
6.723616379166245e-11;(33, 3);6
1.0542065922331283e-14;(33, 3);7
8.035705969824219e-05;(33, 3);8
5.873007676814945e-13;(33, 3);9
4.761357730173221e-10;(34, 0);0
4.215445822691959e-06;(34, 0);1
1.4844629566193867e-09;(34, 0);2
7.558470220068299e-06;(34, 0);3
1.1263938903052343e-13;(34, 0);4
0.00017204696349283822;(34, 0);5
2.6749942130219086e-11;(34, 0);6
1.3998493915688038e-11;(34, 0);7
6.181187011307144e-07;(34, 0);8
0.001228657865507632;(34, 0);9
1.1910870158762389e-13;(34, 1);0
5.394923451222e-06;(34, 1);1
9.06112146627165e-10;(34, 1);2
5.647436678982464e-13;(34, 1);3
3.6007960921811664e-13;(34, 1);4
7.681233537783205e-18;(34, 1);5
3.3767812294331255e-16;(34, 1);6
9.805422738832749e-10;(34, 1);7
3.827712659489024e-12;(34, 1);8
4.834477132810738e-16;(34, 1);9
8.609334135427492e-20;(34, 2);0
1.0020590600253023e-19;(34, 2);1
1.17197589564958e-29;(34, 2);2
2.8191277724229806e-08;(34, 2);3
2.537535763941827e-15;(34, 2);4
3.446511749627632e-25;(34, 2);5
1.4423339172121635e-28;(34, 2);6
2.1081949311102882e-22;(34, 2);7
1.2223341779254455e-16;(34, 2);8
1.3195535122295154e-13;(34, 2);9
9.289982396640813e-18;(34, 3);0
1.4694467660542253e-56;(34, 3);1
3.745630870989361e-20;(34, 3);2
3.077632365738782e-09;(34, 3);3
1.7402628638916242e-08;(34, 3);4
1.7611392986701612e-31;(34, 3);5
1.98308421821863e-12;(34, 3);6
4.755191387108948e-16;(34, 3);7
3.473280541987928e-33;(34, 3);8
1.7220914355307026e-21;(34, 3);9
8.456353833746067e-13;(32, 2);0
2.4715505145679407e-06;(32, 2);1
4.333945703845668e-17;(32, 2);2
1.215430862561146e-09;(32, 2);3
2.4932689646143547e-06;(32, 2);4
3.637100489058659e-14;(32, 2);5
1.3128881472992397e-10;(32, 2);6
6.437800601362447e-17;(32, 2);7
1.0038135095421652e-09;(32, 2);8
6.193809737881493e-12;(32, 2);9
2.8915448391222294e-13;(32, 3);0
6.755504169428175e-14;(32, 3);1
1.0341713202425307e-17;(32, 3);2
4.073822551990489e-12;(32, 3);3
2.4475725535602767e-13;(32, 3);4
2.6244216848983616e-18;(32, 3);5
9.994570592693789e-11;(32, 3);6
4.2490690234740184e-15;(32, 3);7
7.312054754488037e-17;(32, 3);8
4.568604135816306e-13;(32, 3);9
1.2712367733953716e-11;(33, 0);0
4.1600135456623243e-13;(33, 0);1
1.8575802612652456e-09;(33, 0);2
3.660143757235406e-11;(33, 0);3
3.0653803354331553e-15;(33, 0);4
2.179833748592582e-17;(33, 0);5
1.628304913146211e-13;(33, 0);6
3.180296029063106e-13;(33, 0);7
1.1992588783828388e-11;(33, 0);8
8.499993371175116e-13;(33, 0);9
6.482924318652986e-13;(33, 1);0
3.579884264590592e-15;(33, 1);1
5.685055589872311e-14;(33, 1);2
2.0153546256594828e-10;(33, 1);3
1.3486570793547562e-10;(33, 1);4
4.624509488198639e-09;(33, 1);5
6.493898754372918e-17;(33, 1);6
3.2721071279529163e-12;(33, 1);7
1.4473944798421112e-17;(33, 1);8
1.3305173446238492e-07;(33, 1);9
1.619520250293189e-08;(33, 2);0
8.641225953769605e-15;(33, 2);1
1.570510068196922e-10;(33, 2);2
1.9417874430932825e-13;(33, 2);3
6.3890400683006495e-09;(33, 2);4
2.7144369149161872e-18;(33, 2);5
3.0926662646917777e-09;(33, 2);6
1.0828659645256096e-11;(33, 2);7
2.41297914979773e-14;(33, 2);8
4.774628336476116e-10;(33, 2);9
6.174831008520711e-09;(38, 3);0
4.4165187020475756e-07;(38, 3);1
3.8491284116740015e-09;(38, 3);2
0.00036602837440570627;(38, 3);3
1.8282981820763136e-08;(38, 3);4
2.8199260444085267e-15;(38, 3);5
0.0008568818044611626;(38, 3);6
6.018076226462738e-13;(38, 3);7
2.531270072288436e-05;(38, 3);8
1.186832338562929e-11;(38, 3);9
5.084498405516482e-06;(39, 0);0
1.5353683822478812e-23;(39, 0);1
6.361040844066235e-22;(39, 0);2
2.558686799747209e-30;(39, 0);3
4.287920645248536e-26;(39, 0);4
4.11272778829217e-15;(39, 0);5
7.29617791884612e-14;(39, 0);6
6.015594634675684e-18;(39, 0);7
4.121642774256632e-10;(39, 0);8
3.0434946775160604e-17;(39, 0);9
8.895191977224184e-22;(39, 1);0
6.830994714560314e-27;(39, 1);1
2.56235645280096e-32;(39, 1);2
1.7869121962262863e-18;(39, 1);3
1.9460953429362724e-13;(39, 1);4
2.0734728904595274e-20;(39, 1);5
5.553944685941355e-33;(39, 1);6
1.784545417061383e-44;(39, 1);7
1.2883962953365038e-14;(39, 1);8
3.189529873201402e-33;(39, 1);9
6.228823001527153e-23;(39, 2);0
3.426584132479576e-13;(39, 2);1
6.411557446042482e-11;(39, 2);2
7.20498136237651e-14;(39, 2);3
1.62535965771389e-06;(39, 2);4
2.7492183586984304e-09;(39, 2);5
4.4680850802851363e-13;(39, 2);6
1.3051581303413933e-20;(39, 2);7
6.315762605109177e-20;(39, 2);8
1.5844935181807205e-14;(39, 2);9
1.2517308601370675e-11;(39, 3);0
2.147711727860573e-14;(39, 3);1
7.834471413248784e-11;(39, 3);2
2.90467838353868e-17;(39, 3);3
1.416507662549913e-12;(39, 3);4
8.075448933828513e-14;(39, 3);5
5.101669415781858e-06;(39, 3);6
3.1765992077221584e-08;(39, 3);7
3.50011941866751e-16;(39, 3);8
8.884768059638557e-15;(39, 3);9
1.2386138853136237e-08;(37, 2);0
1.26092374274523e-08;(37, 2);1
1.5091967406643984e-08;(37, 2);2
0.00014839904830844585;(37, 2);3
1.310596839614359e-07;(37, 2);4
5.886860062586881e-08;(37, 2);5
9.604499889276123e-10;(37, 2);6
1.2038523417071674e-08;(37, 2);7
1.02063807075769e-13;(37, 2);8
6.2379732061111164e-12;(37, 2);9
2.307985950567587e-20;(37, 3);0
2.002266222159195e-13;(37, 3);1
1.9721080831268406e-06;(37, 3);2
4.137362327906742e-09;(37, 3);3
3.104884641560951e-17;(37, 3);4
6.817340120216802e-07;(37, 3);5
2.9997366999230786e-07;(37, 3);6
6.268838810514817e-08;(37, 3);7
7.717593489425434e-11;(37, 3);8
7.552496764544107e-20;(37, 3);9
1.2715502051829353e-12;(38, 0);0
1.2710712489603473e-05;(38, 0);1
1.7668959144257458e-13;(38, 0);2
8.328649686833462e-09;(38, 0);3
2.5167983529183645e-09;(38, 0);4
1.9269623503742332e-07;(38, 0);5
2.6855231161885865e-11;(38, 0);6
1.7118717090953774e-05;(38, 0);7
2.284045793671876e-16;(38, 0);8
1.0419503547648457e-14;(38, 0);9
2.041842427793237e-12;(38, 1);0
3.918806959780194e-13;(38, 1);1
3.845263401748742e-11;(38, 1);2
4.147251568460536e-10;(38, 1);3
4.1399765612867764e-14;(38, 1);4
7.747145887140015e-08;(38, 1);5
9.744117721769485e-12;(38, 1);6
5.754856428009802e-11;(38, 1);7
1.589421372473861e-06;(38, 1);8
1.8664045209001748e-07;(38, 1);9
5.646438322496989e-23;(38, 2);0
1.2487574204166815e-15;(38, 2);1
1.3246414488043816e-10;(38, 2);2
2.957366917624213e-11;(38, 2);3
7.796276679830794e-13;(38, 2);4
1.2767534462868807e-15;(38, 2);5
2.4410264443398366e-15;(38, 2);6
5.99662359201977e-14;(38, 2);7
1.6225392810804575e-12;(38, 2);8
1.8255057627787916e-17;(38, 2);9
2.8530405438952954e-06;(40, 0);0
3.212845553503281e-07;(40, 0);1
4.032275025893363e-06;(40, 0);2
4.146976694446478e-06;(40, 0);3
0.0017529482281392257;(40, 0);4
0.0005415955168011166;(40, 0);5
2.945953796275187e-05;(40, 0);6
6.02299739312457e-06;(40, 0);7
9.692463846901061e-05;(40, 0);8
0.0014713723253267405;(40, 0);9
0.003139335291092117;(40, 1);0
0.00013976022724003062;(40, 1);1
2.61679884581218e-05;(40, 1);2
0.00021527993672179946;(40, 1);3
2.41839114239731e-11;(40, 1);4
3.854936399994746e-06;(40, 1);5
0.00366892601912909;(40, 1);6
0.001403052763807943;(40, 1);7
0.12725049205733566;(40, 1);8
0.001695349042023191;(40, 1);9
7.705056926864957e-06;(40, 2);0
3.5582633299471516e-06;(40, 2);1
0.001377113536087409;(40, 2);2
1.6153070935197466e-07;(40, 2);3
0.029707155304989557;(40, 2);4
1.4050490069280175e-05;(40, 2);5
2.0310439199982786e-06;(40, 2);6
8.945721304275418e-08;(40, 2);7
0.0029386687201550608;(40, 2);8
0.00010369829668498213;(40, 2);9
8.399898360057175e-08;(40, 3);0
0.0059965579971906985;(40, 3);1
0.00012874902009207836;(40, 3);2
2.5459639202054283e-07;(40, 3);3
0.005823461126959651;(40, 3);4
0.0025130522912622114;(40, 3);5
0.00022948447331052176;(40, 3);6
0.00018720546262829442;(40, 3);7
0.00025023777050980185;(40, 3);8
0.0003052062048433122;(40, 3);9
2.595496153160192e-12;(41, 0);0
5.1794205015796785e-06;(41, 0);1
2.7131948344657452e-08;(41, 0);2
1.2468910227131502e-11;(41, 0);3
3.895803954989346e-12;(41, 0);4
8.685614888374145e-14;(41, 0);5
1.872781534109999e-07;(41, 0);6
9.519144178399869e-14;(41, 0);7
1.4952254544867603e-06;(41, 0);8
9.140822203415517e-10;(41, 0);9
1.6048657854504401e-15;(36, 1);0
6.96042828628609e-24;(36, 1);1
2.331400261812608e-13;(36, 1);2
3.128967362324785e-17;(36, 1);3
3.8634897007439683e-16;(36, 1);4
1.179577180006855e-19;(36, 1);5
2.414663260639804e-22;(36, 1);6
2.294381597690756e-20;(36, 1);7
7.685640890121515e-14;(36, 1);8
8.863783451368806e-31;(36, 1);9
3.3127538061036655e-15;(36, 2);0
8.636435608392697e-15;(36, 2);1
2.0429140559051213e-21;(36, 2);2
2.3725798980844854e-19;(36, 2);3
5.339022571121945e-23;(36, 2);4
2.215133855230139e-19;(36, 2);5
7.259610216538971e-11;(36, 2);6
5.411225293485125e-19;(36, 2);7
9.104507202369125e-13;(36, 2);8
5.012165416878265e-22;(36, 2);9
2.4633553462921776e-17;(36, 3);0
4.709169733663022e-16;(36, 3);1
2.7021450622058297e-27;(36, 3);2
3.3536720528981787e-25;(36, 3);3
2.092783745413312e-25;(36, 3);4
1.7993357632922202e-20;(36, 3);5
4.591759844608535e-19;(36, 3);6
1.974794338266496e-23;(36, 3);7
9.719035732549817e-16;(36, 3);8
1.838456734322969e-27;(36, 3);9
1.4460851466975941e-09;(37, 0);0
8.037738680180523e-09;(37, 0);1
1.0268699392412623e-06;(37, 0);2
2.2488600810503827e-10;(37, 0);3
1.4860099236415833e-08;(37, 0);4
1.0908456307010367e-07;(37, 0);5
7.682692335768348e-06;(37, 0);6
1.388918276460524e-08;(37, 0);7
1.5644411783267218e-10;(37, 0);8
1.1972667925952467e-06;(37, 0);9
1.3659706385258229e-08;(37, 1);0
2.266816116022961e-09;(37, 1);1
3.690942595323406e-10;(37, 1);2
0.0002951612941336966;(37, 1);3
7.502648255406223e-09;(37, 1);4
9.073568395195272e-09;(37, 1);5
7.350821421364377e-08;(37, 1);6
5.775373246617343e-08;(37, 1);7
3.252328990118806e-07;(37, 1);8
3.2941630990507804e-13;(37, 1);9
1.6157091845460845e-10;(35, 0);0
2.574676963608106e-11;(35, 0);1
9.294359017241148e-08;(35, 0);2
2.609889707362285e-08;(35, 0);3
4.350698004443249e-19;(35, 0);4
5.718519072876159e-21;(35, 0);5
3.5806688953254585e-27;(35, 0);6
1.1913865582545216e-16;(35, 0);7
1.4698050027949878e-09;(35, 0);8
9.337663284637922e-15;(35, 0);9
4.283176838060526e-18;(35, 1);0
3.5861176328540924e-20;(35, 1);1
7.393700533975397e-15;(35, 1);2
2.4396923588354332e-17;(35, 1);3
4.912244307816392e-10;(35, 1);4
1.0551242769441187e-17;(35, 1);5
3.272460874186831e-15;(35, 1);6
3.3240009513747373e-16;(35, 1);7
2.994316857768123e-21;(35, 1);8
2.016719272532278e-15;(35, 1);9
8.017040607311636e-19;(35, 2);0
2.4636949921247556e-10;(35, 2);1
7.328703013354302e-13;(35, 2);2
4.130121453683296e-13;(35, 2);3
2.1980622400222733e-12;(35, 2);4
8.109468769884716e-14;(35, 2);5
2.124609934443176e-09;(35, 2);6
2.3284979910779055e-05;(35, 2);7
9.667938383212902e-12;(35, 2);8
5.210135846742699e-14;(35, 2);9
5.962204808744123e-09;(35, 3);0
1.760555134842082e-10;(35, 3);1
6.37091468950822e-16;(35, 3);2
7.425225103729199e-07;(35, 3);3
9.842011477190495e-11;(35, 3);4
2.032320529637831e-13;(35, 3);5
2.620357239770001e-21;(35, 3);6
1.078429429671076e-08;(35, 3);7
1.1017449891615346e-14;(35, 3);8
3.814000840638539e-09;(35, 3);9
7.0349881005736635e-15;(36, 0);0
7.652929241837802e-07;(36, 0);1
7.96592570791199e-10;(36, 0);2
5.864932886121644e-17;(36, 0);3
4.068267999764177e-18;(36, 0);4
1.723302195114538e-13;(36, 0);5
3.972626935417398e-09;(36, 0);6
2.14708788765375e-14;(36, 0);7
1.0042740608842023e-07;(36, 0);8
8.994390000737815e-15;(36, 0);9
2.8868807880043203e-06;(41, 1);0
2.3046195992554636e-11;(41, 1);1
2.228075418568559e-12;(41, 1);2
2.7327566254260624e-07;(41, 1);3
5.677440338989716e-07;(41, 1);4
1.0344919389818226e-07;(41, 1);5
6.58761489437176e-14;(41, 1);6
2.381857990664667e-13;(41, 1);7
7.921381442225912e-10;(41, 1);8
2.57299982880101e-09;(41, 1);9
9.322081625093058e-09;(41, 2);0
3.304490659431253e-05;(41, 2);1
2.169856160602369e-16;(41, 2);2
2.5897086835069147e-11;(41, 2);3
6.872523278879867e-10;(41, 2);4
2.8667899119480402e-11;(41, 2);5
9.525020915291402e-07;(41, 2);6
2.4769925435865135e-13;(41, 2);7
3.056375575911094e-07;(41, 2);8
5.880729287471544e-08;(41, 2);9
1.2148511002400097e-12;(41, 3);0
5.545330286829503e-11;(41, 3);1
2.0857826892033357e-09;(41, 3);2
4.0296516960216454e-12;(41, 3);3
5.3816936656272093e-14;(41, 3);4
6.005450678008977e-13;(41, 3);5
3.023082200290073e-10;(41, 3);6
1.6155082308706718e-09;(41, 3);7
5.033498417834912e-16;(41, 3);8
2.1803248656206304e-08;(41, 3);9
1.858740060507413e-13;(42, 0);0
1.608849193832239e-17;(42, 0);1
5.2238285377266935e-17;(42, 0);2
4.3180233589961915e-16;(42, 0);3
3.2352734225358617e-16;(42, 0);4
1.213421932635702e-12;(42, 0);5
1.5097757674916072e-13;(42, 0);6
5.3122502958002253e-20;(42, 0);7
1.6026001948690939e-15;(42, 0);8
2.5421513426114818e-23;(42, 0);9
3.5640121518708655e-13;(42, 1);0
1.5633273193877427e-23;(42, 1);1
2.9820485036408603e-19;(42, 1);2
8.577692335729491e-20;(42, 1);3
3.5928268347099033e-20;(42, 1);4
4.051014004454469e-16;(42, 1);5
5.486950804911533e-23;(42, 1);6
3.504140314780283e-17;(42, 1);7
9.004780925424062e-28;(42, 1);8
3.5720411466488224e-18;(42, 1);9
0.00045134490513294706;(46, 1);0
0.0002623269518685767;(46, 1);1
1.2309610581640535e-08;(46, 1);2
5.467735738214348e-07;(46, 1);3
2.7565615113552347e-08;(46, 1);4
1.0480136954252888e-11;(46, 1);5
5.7121060523155416e-11;(46, 1);6
2.1112565213105939e-07;(46, 1);7
9.885328884240898e-12;(46, 1);8
8.481609366980616e-08;(46, 1);9
1.387916126334164e-16;(46, 2);0
1.6535230315291029e-06;(46, 2);1
8.017611908937398e-09;(46, 2);2
2.6008695114534708e-15;(46, 2);3
3.5173399185237604e-10;(46, 2);4
1.0734282602689954e-19;(46, 2);5
3.4738946753904596e-07;(46, 2);6
3.4328212198058767e-10;(46, 2);7
5.159248236310997e-14;(46, 2);8
9.550757686314888e-13;(46, 2);9
6.127625929672155e-10;(46, 3);0
4.598842306121111e-06;(46, 3);1
3.932016497398212e-09;(46, 3);2
0.00013634974396228955;(46, 3);3
9.12419998818461e-14;(46, 3);4
1.4028336136049987e-07;(46, 3);5
6.479823274147257e-07;(46, 3);6
1.1935445960814863e-07;(46, 3);7
2.406084556221098e-23;(46, 3);8
4.6238260196977384e-10;(46, 3);9
1.814271731255747e-11;(47, 0);0
0.0002927760851236078;(47, 0);1
7.358856304169342e-10;(47, 0);2
6.991319364099381e-07;(47, 0);3
2.591788322700336e-08;(47, 0);4
7.975454875723697e-07;(47, 0);5
5.2052581441591875e-17;(47, 0);6
0.0002673148493151547;(47, 0);7
7.579120492659707e-06;(47, 0);8
4.8888514515341e-10;(47, 0);9
2.7476997151502073e-14;(47, 1);0
2.4224669467225878e-12;(47, 1);1
4.093362656473484e-10;(47, 1);2
4.112272262196776e-12;(47, 1);3
1.3993895216024315e-07;(47, 1);4
3.79528766088339e-11;(47, 1);5
2.9818679475686887e-13;(47, 1);6
1.9492581341819398e-11;(47, 1);7
2.2898129434332057e-16;(47, 1);8
2.7157948357907475e-14;(47, 1);9
1.3803941918283708e-13;(42, 2);0
3.151761558881854e-18;(42, 2);1
9.886306851429672e-16;(42, 2);2
4.3145564150219766e-16;(42, 2);3
1.4028103228475171e-30;(42, 2);4
4.279745339837351e-25;(42, 2);5
3.669112180561674e-30;(42, 2);6
6.872578020049332e-20;(42, 2);7
3.734291411510534e-20;(42, 2);8
1.8990130952120473e-42;(42, 2);9
8.825284279693417e-26;(42, 3);0
3.325298529987703e-28;(42, 3);1
3.685949237381072e-32;(42, 3);2
3.265477553298891e-14;(42, 3);3
2.4910568833067414e-17;(42, 3);4
7.401908139803041e-16;(42, 3);5
8.707895229088165e-19;(42, 3);6
6.996314603229025e-16;(42, 3);7
8.466541151743109e-22;(42, 3);8
7.478867053854908e-35;(42, 3);9
1.1074100789097327e-14;(43, 0);0
2.6982384206510904e-15;(43, 0);1
6.136285271207982e-13;(43, 0);2
2.7886424218649993e-10;(43, 0);3
3.768036570054957e-13;(43, 0);4
1.3707783592546076e-11;(43, 0);5
1.4320747480757593e-12;(43, 0);6
3.545811634908241e-12;(43, 0);7
5.6281826884425455e-12;(43, 0);8
3.511099146725701e-14;(43, 0);9
3.45027435577549e-10;(43, 1);0
1.599200039819009e-11;(43, 1);1
2.0864079728179147e-20;(43, 1);2
1.026912625639491e-07;(43, 1);3
7.749946887931038e-06;(43, 1);4
2.2930541965200763e-13;(43, 1);5
4.2732911066016765e-10;(43, 1);6
1.3902874849167878e-06;(43, 1);7
3.126019687184574e-08;(43, 1);8
0.0007244920238485108;(43, 1);9
1.661261303752943e-11;(43, 2);0
4.5292297103753715e-05;(43, 2);1
3.33241172798493e-06;(43, 2);2
1.8172221518924878e-06;(43, 2);3
2.3484368719461673e-10;(43, 2);4
6.155514568191815e-08;(43, 2);5
4.217127382256546e-16;(43, 2);6
7.122590879392907e-08;(43, 2);7
4.872420323363741e-07;(43, 2);8
4.19926066567552e-05;(43, 2);9
1.3088904522739341e-05;(48, 3);0
4.789428714647813e-08;(48, 3);1
2.2683191990002904e-06;(48, 3);2
1.0919111251725519e-13;(48, 3);3
1.474272271455726e-27;(48, 3);4
1.3667043203494083e-08;(48, 3);5
5.392209212296379e-09;(48, 3);6
4.009074353337664e-07;(48, 3);7
2.182653754482131e-06;(48, 3);8
1.3956680184537467e-17;(48, 3);9
0.000675407750954977;(49, 0);0
1.6690342192807622e-06;(49, 0);1
7.493382760877369e-05;(49, 0);2
9.655435054386684e-06;(49, 0);3
1.8112474706051982e-08;(49, 0);4
5.693499724663076e-07;(49, 0);5
2.106207232749462e-05;(49, 0);6
7.994454244716073e-11;(49, 0);7
1.3529196608637505e-09;(49, 0);8
3.87147976704343e-07;(49, 0);9
4.330670340353264e-06;(49, 1);0
1.634019470268375e-08;(49, 1);1
2.6238124694261814e-07;(49, 1);2
7.157731387333008e-08;(49, 1);3
0.00012474001999487287;(49, 1);4
0.0002756483910775676;(49, 1);5
3.132519096896422e-11;(49, 1);6
2.714427868834429e-07;(49, 1);7
0.00485104735979487;(49, 1);8
2.1694171809195754e-08;(49, 1);9
7.082260625797834e-11;(49, 2);0
5.808240007176694e-10;(49, 2);1
7.844850488252216e-09;(49, 2);2
5.8361959735902776e-05;(49, 2);3
5.596776531774838e-10;(49, 2);4
1.0063771627996357e-06;(49, 2);5
3.661991317510383e-09;(49, 2);6
4.5522988985900435e-09;(49, 2);7
9.734490203355157e-13;(49, 2);8
9.43168485136746e-10;(49, 2);9
2.7720309133289764e-10;(49, 3);0
2.5810945865145692e-14;(49, 3);1
5.469495364064802e-10;(49, 3);2
9.045759340202259e-12;(49, 3);3
5.608854039120746e-12;(49, 3);4
3.5667558269054727e-09;(49, 3);5
4.828521291081794e-11;(49, 3);6
3.485393357008019e-11;(49, 3);7
9.226162603244958e-11;(49, 3);8
3.0117693432680707e-07;(49, 3);9
3.976087862993481e-08;(47, 2);0
5.558209760774409e-11;(47, 2);1
4.58710687743506e-09;(47, 2);2
2.834025180594533e-06;(47, 2);3
6.411065199828055e-10;(47, 2);4
9.756777472459704e-05;(47, 2);5
1.222052846362095e-06;(47, 2);6
3.3157446068469786e-10;(47, 2);7
2.0903790015581304e-05;(47, 2);8
2.378558249850735e-06;(47, 2);9
2.967523048250155e-07;(47, 3);0
5.825599605633242e-20;(47, 3);1
1.302245827876126e-13;(47, 3);2
2.3526841849358867e-12;(47, 3);3
3.201936989763411e-12;(47, 3);4
1.9804100134820336e-11;(47, 3);5
5.5693083451870835e-11;(47, 3);6
4.2973313017651366e-19;(47, 3);7
4.016108349459666e-07;(47, 3);8
4.739120306282053e-10;(47, 3);9
3.2535756059565666e-06;(48, 0);0
5.0154086437470535e-08;(48, 0);1
1.8514478663547268e-11;(48, 0);2
7.198160581687878e-10;(48, 0);3
2.024872771447824e-22;(48, 0);4
1.9072091236374807e-12;(48, 0);5
5.315893775797284e-16;(48, 0);6
1.4957636292962747e-16;(48, 0);7
1.121459386250695e-09;(48, 0);8
1.4286073180146513e-11;(48, 0);9
1.4984260964254748e-07;(48, 1);0
8.695280340284762e-09;(48, 1);1
2.2961868917685523e-13;(48, 1);2
1.961936412576315e-34;(48, 1);3
3.1744336936282833e-22;(48, 1);4
8.431171883360991e-18;(48, 1);5
4.854793044398133e-15;(48, 1);6
1.321389728250368e-12;(48, 1);7
9.9519311629775e-14;(48, 1);8
1.2284530240205774e-30;(48, 1);9
3.3046828265954066e-39;(48, 2);0
3.318226706473627e-13;(48, 2);1
5.463305440180122e-06;(48, 2);2
5.349138706181626e-32;(48, 2);3
1.3231286274580459e-18;(48, 2);4
1.9044067276821903e-14;(48, 2);5
9.847870645613193e-18;(48, 2);6
7.283194636490874e-22;(48, 2);7
4.382865382247927e-11;(48, 2);8
3.693834752237368e-09;(48, 2);9
1.8860998504638014e-14;(43, 3);0
1.1116469833517708e-09;(43, 3);1
3.2021835888551898e-09;(43, 3);2
2.3273235588972235e-08;(43, 3);3
0.0004705674436643077;(43, 3);4
4.9688661270126905e-09;(43, 3);5
1.369532016650653e-17;(43, 3);6
6.285901008066804e-13;(43, 3);7
2.2328340591261465e-13;(43, 3);8
3.0571110189785383e-13;(43, 3);9
1.3172681735441245e-16;(44, 0);0
2.983703016895549e-17;(44, 0);1
1.2805812656866624e-09;(44, 0);2
3.9246640073072e-24;(44, 0);3
4.417601841492167e-25;(44, 0);4
3.5454101812866756e-15;(44, 0);5
6.261059767773471e-15;(44, 0);6
1.4650346159169284e-11;(44, 0);7
1.7631583144295567e-14;(44, 0);8
8.102842805765653e-16;(44, 0);9
3.7737319024007757e-20;(44, 1);0
1.7668141770138651e-10;(44, 1);1
7.087392767023031e-16;(44, 1);2
1.2345372195153984e-24;(44, 1);3
4.392447496096563e-27;(44, 1);4
2.5096733137083164e-17;(44, 1);5
1.0839350972598e-15;(44, 1);6
2.403794718331491e-22;(44, 1);7
1.7873861949609547e-24;(44, 1);8
3.108373543362227e-21;(44, 1);9
7.834154654497554e-14;(44, 2);0
2.5284750666515526e-15;(44, 2);1
4.823087757961363e-06;(44, 2);2
5.2840137390571634e-12;(44, 2);3
2.2320732582656917e-10;(44, 2);4
2.923036015752227e-05;(44, 2);5
2.1687112423860348e-10;(44, 2);6
1.0566645282556943e-06;(44, 2);7
1.4897110626753957e-08;(44, 2);8
3.707200995773876e-18;(44, 2);9
1.6721719425891357e-15;(44, 3);0
3.2234839023515867e-21;(44, 3);1
8.968708448251186e-15;(44, 3);2
1.4220884334246057e-09;(44, 3);3
1.4975001304397218e-12;(44, 3);4
3.500024861167248e-17;(44, 3);5
9.265415429177614e-17;(44, 3);6
1.3223536075899443e-12;(44, 3);7
5.0383677161608036e-20;(44, 3);8
6.400808096694463e-14;(44, 3);9
1.0256006363981e-08;(45, 0);0
1.2068434794544614e-07;(45, 0);1
1.0182421440556507e-05;(45, 0);2
2.13467924972098e-06;(45, 0);3
3.948034552195196e-06;(45, 0);4
4.334982637847494e-06;(45, 0);5
0.0013181499915907269;(45, 0);6
1.821137438307354e-10;(45, 0);7
2.7349962014203827e-08;(45, 0);8
3.098328405078815e-05;(45, 0);9
0.0002831010989538611;(45, 1);0
9.357112933289726e-06;(45, 1);1
0.00011292381919489687;(45, 1);2
4.591295981078712e-06;(45, 1);3
6.964300462840234e-06;(45, 1);4
1.964245650353288e-05;(45, 1);5
1.3615386969934343e-06;(45, 1);6
2.5313991830906568e-09;(45, 1);7
3.711018253679528e-08;(45, 1);8
0.0004465555511628824;(45, 1);9
0.0001648961446902078;(45, 2);0
1.0786905683146575e-09;(45, 2);1
8.816918096833146e-06;(45, 2);2
7.223401756147568e-11;(45, 2);3
2.297917720443129e-09;(45, 2);4
1.0623563249116174e-05;(45, 2);5
9.923056630248119e-10;(45, 2);6
4.837361420102208e-05;(45, 2);7
3.041566672719859e-06;(45, 2);8
5.0089896862603485e-09;(45, 2);9
6.12705510336616e-05;(45, 3);0
8.826130818019786e-11;(45, 3);1
3.4933243565223734e-05;(45, 3);2
2.7155973218147443e-06;(45, 3);3
3.741645079742971e-10;(45, 3);4
2.7814604087722938e-08;(45, 3);5
1.3583004602263652e-08;(45, 3);6
1.0902335763734057e-13;(45, 3);7
4.172569613180993e-09;(45, 3);8
5.293798389202426e-06;(45, 3);9
1.8428617728862862e-10;(46, 0);0
1.2255134952197534e-05;(46, 0);1
1.1945542501260027e-09;(46, 0);2
0.00011605184418371716;(46, 0);3
9.593692023968254e-07;(46, 0);4
4.4936219166709525e-06;(46, 0);5
1.8192596374869627e-09;(46, 0);6
0.002219889668965606;(46, 0);7
1.133663099163008e-07;(46, 0);8
1.5181284243059284e-15;(46, 0);9
3.935211423344179e-11;(50, 0);0
3.572415756248751e-13;(50, 0);1
6.01097011025764e-09;(50, 0);2
8.012830629204184e-20;(50, 0);3
7.311380319652037e-16;(50, 0);4
2.0760627955295282e-22;(50, 0);5
6.569258533115346e-20;(50, 0);6
8.208014323346925e-10;(50, 0);7
2.5491351407277376e-24;(50, 0);8
1.1999820417933738e-15;(50, 0);9
1.0374681275189397e-09;(50, 1);0
1.0000219257845705e-09;(50, 1);1
4.088416729271486e-09;(50, 1);2
1.5098951949457995e-11;(50, 1);3
4.1384698452728773e-16;(50, 1);4
1.2728764501113315e-15;(50, 1);5
1.886165289707431e-11;(50, 1);6
7.655772852878045e-07;(50, 1);7
6.539512403824117e-08;(50, 1);8
7.93415387946279e-17;(50, 1);9
4.9998130761302873e-20;(50, 2);0
3.2378521421955595e-16;(50, 2);1
3.335549998434447e-17;(50, 2);2
2.4809933117463162e-11;(50, 2);3
1.7104626683296725e-10;(50, 2);4
2.7403897004550373e-11;(50, 2);5
6.429609966686864e-13;(50, 2);6
5.7954850676222756e-21;(50, 2);7
2.0115115983820826e-13;(50, 2);8
3.8534292008452674e-14;(50, 2);9
9.504166170937187e-16;(50, 3);0
2.2755745740962573e-15;(50, 3);1
3.836340735253736e-16;(50, 3);2
1.3933790302636835e-16;(50, 3);3
4.142566965132971e-14;(50, 3);4
1.0511950028908098e-21;(50, 3);5
1.8581211026177442e-11;(50, 3);6
3.4964015950205985e-12;(50, 3);7
9.172555410880554e-17;(50, 3);8
4.756529121164658e-16;(50, 3);9
9.4985296161084e-12;(51, 0);0
2.3517364866004243e-20;(51, 0);1
2.3926728852467878e-14;(51, 0);2
6.482171343543031e-15;(51, 0);3
1.583792289062468e-19;(51, 0);4
6.596437252198034e-14;(51, 0);5
8.449891188678624e-23;(51, 0);6
5.496028136466108e-15;(51, 0);7
1.7748968983583079e-25;(51, 0);8
1.0568938369046481e-18;(51, 0);9
8.587258097952601e-10;(56, 1);0
4.858085143658709e-12;(56, 1);1
2.6153306382391594e-09;(56, 1);2
1.3609502254429873e-15;(56, 1);3
1.6211328791044693e-10;(56, 1);4
2.0536697127268748e-05;(56, 1);5
5.150162655469929e-11;(56, 1);6
4.5857640317087236e-10;(56, 1);7
1.6340554709313413e-10;(56, 1);8
1.2967779584953628e-06;(56, 1);9
4.66491744679561e-08;(56, 2);0
6.912408847090196e-08;(56, 2);1
2.810011245825489e-08;(56, 2);2
1.5756687897757723e-13;(56, 2);3
0.00010008983514797207;(56, 2);4
1.760620814789318e-16;(56, 2);5
3.755776669586201e-14;(56, 2);6
8.750413646513284e-18;(56, 2);7
2.9204715784951034e-07;(56, 2);8
1.9961012608381968e-11;(56, 2);9
3.328943767865176e-12;(56, 3);0
1.1944210864985494e-07;(56, 3);1
6.369246894290887e-11;(56, 3);2
2.4169126941849532e-11;(56, 3);3
1.1690729817579207e-16;(56, 3);4
2.806983972999435e-18;(56, 3);5
1.1331669622642039e-11;(56, 3);6
6.972149018505872e-12;(56, 3);7
1.1345044237110401e-09;(56, 3);8
1.0534760905826965e-10;(56, 3);9
7.63996855764592e-15;(57, 0);0
6.66961698031383e-08;(57, 0);1
7.509271753993145e-08;(57, 0);2
1.3424881849619193e-14;(57, 0);3
2.0286471866302073e-13;(57, 0);4
5.506043217207887e-13;(57, 0);5
3.842927448914812e-18;(57, 0);6
2.769494521891251e-14;(57, 0);7
2.8188862617151075e-10;(57, 0);8
1.5149778961522157e-14;(57, 0);9
2.884256981987374e-07;(57, 1);0
3.1840208258737566e-11;(57, 1);1
6.732264130563736e-06;(57, 1);2
3.0153071351853587e-06;(57, 1);3
7.385778405188122e-16;(57, 1);4
5.48994337452839e-13;(57, 1);5
1.1941798838946635e-08;(57, 1);6
2.1934733928694037e-12;(57, 1);7
2.2250778948318683e-06;(57, 1);8
6.66015167428077e-19;(57, 1);9
2.8280147743654954e-11;(51, 1);0
5.267336466238138e-11;(51, 1);1
2.0120501068212164e-08;(51, 1);2
4.787320587531976e-14;(51, 1);3
2.0572411241135644e-10;(51, 1);4
1.0066223365744913e-14;(51, 1);5
5.467045253990805e-10;(51, 1);6
1.686264889156163e-11;(51, 1);7
0.0019987890496503498;(51, 1);8
3.757461405769713e-12;(51, 1);9
5.08660900904881e-19;(51, 2);0
7.11581184006791e-27;(51, 2);1
2.1580167015787294e-08;(51, 2);2
1.0087819943101034e-23;(51, 2);3
3.570645951712651e-15;(51, 2);4
9.144327609310537e-20;(51, 2);5
4.295509288246145e-11;(51, 2);6
4.714977571817217e-22;(51, 2);7
1.6704090828882675e-17;(51, 2);8
1.3627658125134543e-22;(51, 2);9
9.438614542109292e-17;(51, 3);0
2.7042870397570065e-15;(51, 3);1
1.0091347486865483e-10;(51, 3);2
5.0284961707145943e-23;(51, 3);3
1.2281219980971013e-25;(51, 3);4
2.7016042136099005e-18;(51, 3);5
4.898822847015253e-14;(51, 3);6
8.556809181082443e-17;(51, 3);7
1.9313780958777314e-18;(51, 3);8
1.8433249075606497e-25;(51, 3);9
7.644173147978418e-27;(52, 0);0
6.114448553068873e-37;(52, 0);1
1.3743966929503668e-21;(52, 0);2
2.2518020531672482e-17;(52, 0);3
6.660591132806045e-14;(52, 0);4
4.6183186516987425e-15;(52, 0);5
3.2887552379408816e-25;(52, 0);6
1.1258959024075303e-17;(52, 0);7
1.286301472207501e-19;(52, 0);8
9.706521466651906e-28;(52, 0);9
2.327891966091769e-08;(52, 1);0
4.4693593273586016e-12;(52, 1);1
4.769318394586427e-12;(52, 1);2
8.150953277220655e-10;(52, 1);3
1.0196506840279795e-18;(52, 1);4
1.9339017253283742e-14;(52, 1);5
2.3185894574074956e-09;(52, 1);6
2.774414246624781e-17;(52, 1);7
1.4974453261211687e-09;(52, 1);8
7.182012012525975e-12;(52, 1);9
3.350283903736025e-19;(55, 0);0
3.367189965418465e-27;(55, 0);1
6.193824058837602e-17;(55, 0);2
1.313766088512817e-12;(55, 0);3
7.985686016787332e-14;(55, 0);4
2.74521158019674e-18;(55, 0);5
1.6327589290536551e-18;(55, 0);6
2.995880700452788e-10;(55, 0);7
9.827350732113824e-13;(55, 0);8
2.29255923278991e-15;(55, 0);9
3.6063712654099434e-21;(55, 1);0
4.334608874103773e-12;(55, 1);1
2.0489203488754497e-15;(55, 1);2
2.6016027095017673e-08;(55, 1);3
1.7995688366320997e-06;(55, 1);4
1.3358756058957224e-11;(55, 1);5
9.971723297015361e-21;(55, 1);6
1.1395421455930104e-15;(55, 1);7
5.567010457566649e-22;(55, 1);8
5.293736549636279e-11;(55, 1);9
3.3234583887136204e-15;(55, 2);0
1.3810225968035172e-12;(55, 2);1
2.070152372743165e-11;(55, 2);2
2.8129050250312813e-12;(55, 2);3
2.0907814858329604e-11;(55, 2);4
3.458396863848601e-07;(55, 2);5
2.395502469479037e-09;(55, 2);6
8.913853721618965e-16;(55, 2);7
1.6947643047555698e-14;(55, 2);8
1.535179345685165e-12;(55, 2);9
4.398842244704295e-15;(55, 3);0
9.412181712133683e-16;(55, 3);1
7.176169459780448e-20;(55, 3);2
1.9895703500487726e-13;(55, 3);3
3.877163256444983e-16;(55, 3);4
8.373994170469154e-11;(55, 3);5
2.8245717744165897e-19;(55, 3);6
4.613888955324033e-14;(55, 3);7
2.7999853283001464e-15;(55, 3);8
2.279017959026562e-13;(55, 3);9
4.361506584962379e-08;(56, 0);0
0.0003899402050803888;(56, 0);1
1.2657989207118988e-05;(56, 0);2
9.93988563620053e-09;(56, 0);3
0.0006460413392993314;(56, 0);4
3.591787610212682e-08;(56, 0);5
4.3478056871569646e-10;(56, 0);6
8.445436127650831e-10;(56, 0);7
0.00012082558090749032;(56, 0);8
5.895920875464308e-10;(56, 0);9
6.104728913309472e-09;(53, 3);0
1.911186651022254e-15;(53, 3);1
6.170798202436816e-18;(53, 3);2
1.7435613927293724e-16;(53, 3);3
7.129365174122615e-14;(53, 3);4
1.634859418039146e-16;(53, 3);5
7.982718746679649e-09;(53, 3);6
1.4428405319225644e-15;(53, 3);7
3.074975301900667e-11;(53, 3);8
8.404934495616169e-18;(53, 3);9
3.1475371962662674e-13;(54, 0);0
2.7116895640523077e-17;(54, 0);1
5.2906733807595205e-17;(54, 0);2
1.1261664768390678e-19;(54, 0);3
1.7366298206810435e-14;(54, 0);4
7.643925904690822e-19;(54, 0);5
1.962168163696212e-09;(54, 0);6
5.20663252182944e-12;(54, 0);7
5.91074482746327e-20;(54, 0);8
6.9982012103961e-13;(54, 0);9
2.521834716042785e-17;(54, 1);0
5.702506248457228e-16;(54, 1);1
7.9881219049505e-19;(54, 1);2
4.908292281659811e-19;(54, 1);3
5.772351133179341e-12;(54, 1);4
4.4443672751731825e-17;(54, 1);5
1.1034639290119056e-15;(54, 1);6
5.35981276777232e-14;(54, 1);7
7.498364829268383e-11;(54, 1);8
5.024244512186299e-15;(54, 1);9
5.238591529424478e-18;(54, 2);0
2.924345492610119e-23;(54, 2);1
4.1549163798226195e-28;(54, 2);2
2.507517952007632e-13;(54, 2);3
1.665904060007967e-14;(54, 2);4
3.112325210116635e-14;(54, 2);5
5.946815426518057e-18;(54, 2);6
2.1320348695222827e-14;(54, 2);7
3.136467539217068e-16;(54, 2);8
2.476852504918442e-23;(54, 2);9
2.4262117808729643e-18;(54, 3);0
7.772156687302963e-19;(54, 3);1
5.071691713042718e-13;(54, 3);2
1.0445318366765343e-14;(54, 3);3
4.6567647683418235e-23;(54, 3);4
1.1765422119095398e-18;(54, 3);5
6.67276842785931e-18;(54, 3);6
5.639353874663781e-22;(54, 3);7
4.875696365765401e-17;(54, 3);8
1.3086930850611725e-13;(54, 3);9
1.5872071662967656e-15;(58, 3);0
4.023434736840837e-14;(58, 3);1
1.0223890507089712e-11;(58, 3);2
5.2890343132123926e-09;(58, 3);3
5.643194177758478e-16;(58, 3);4
1.591386748044617e-12;(58, 3);5
9.974414105845308e-11;(58, 3);6
1.7184663368729297e-08;(58, 3);7
2.9836079721266206e-09;(58, 3);8
1.667522393526629e-08;(58, 3);9
1.2372807186579e-09;(59, 0);0
1.8490142999879988e-10;(59, 0);1
4.878632321017802e-10;(59, 0);2
1.3046732595077814e-11;(59, 0);3
5.8373308070354e-09;(59, 0);4
7.963053643236003e-11;(59, 0);5
1.244740603736908e-07;(59, 0);6
3.760993779013842e-12;(59, 0);7
2.6812437917983356e-07;(59, 0);8
1.2311797590371e-07;(59, 0);9
6.190113081474265e-07;(59, 1);0
8.957455637654086e-07;(59, 1);1
4.560043391846252e-17;(59, 1);2
9.511362273888847e-09;(59, 1);3
3.476058648568377e-12;(59, 1);4
2.2519302795126768e-10;(59, 1);5
3.0197510999842627e-07;(59, 1);6
2.244699614737446e-14;(59, 1);7
1.623325828911708e-08;(59, 1);8
6.12289515007681e-09;(59, 1);9
8.741349238929872e-17;(59, 2);0
3.0906472079573117e-17;(59, 2);1
2.0763740168350007e-09;(59, 2);2
1.7293528544092051e-13;(59, 2);3
7.490260496193074e-13;(59, 2);4
4.357048127530262e-10;(59, 2);5
5.798373057254598e-20;(59, 2);6
2.1188434067882312e-13;(59, 2);7
1.2638282826402433e-10;(59, 2);8
3.4380586563329735e-10;(59, 2);9
5.5528729546778255e-12;(59, 3);0
2.1070175168438325e-11;(59, 3);1
7.713643671579353e-16;(59, 3);2
7.451099434084608e-15;(59, 3);3
2.7383742788387875e-16;(59, 3);4
7.2666849395506905e-12;(59, 3);5
1.476505528196363e-16;(59, 3);6
3.6767851702156325e-14;(59, 3);7
1.5486627013102076e-17;(59, 3);8
9.07891464715541e-12;(59, 3);9
1.304200497661478e-08;(60, 0);0
2.4354548620492634e-14;(60, 0);1
1.3479544280744153e-14;(60, 0);2
0.0002768262207542974;(60, 0);3
3.517803641727831e-10;(60, 0);4
4.0816495185395143e-17;(60, 0);5
2.05033712694649e-15;(60, 0);6
3.7468885737721286e-06;(60, 0);7
6.322894517573685e-09;(60, 0);8
1.1908872116762153e-12;(60, 0);9
3.774866466403129e-08;(60, 1);0
1.406549411365697e-10;(60, 1);1
1.8333422045837994e-05;(60, 1);2
3.242014771216348e-11;(60, 1);3
4.146005407856811e-10;(60, 1);4
3.39475086286665e-11;(60, 1);5
3.463678022966419e-10;(60, 1);6
7.957743513739859e-13;(60, 1);7
9.400083312262698e-15;(60, 1);8
8.33595945912942e-08;(60, 1);9
5.817200294147104e-09;(60, 2);0
3.951048105416112e-09;(60, 2);1
5.752825636410462e-09;(60, 2);2
2.897114985703367e-05;(60, 2);3
4.5713646041469324e-11;(60, 2);4
1.8372712721530271e-09;(60, 2);5
2.111007313868921e-15;(60, 2);6
1.4503452471651497e-09;(60, 2);7
3.5312447837899615e-08;(60, 2);8
6.97723959179489e-05;(60, 2);9
1.1947130838260735e-07;(60, 3);0
3.296573425676717e-08;(60, 3);1
1.0822658454405684e-09;(60, 3);2
6.166559317493966e-17;(60, 3);3
2.8283787425071727e-08;(60, 3);4
2.194004075725658e-10;(60, 3);5
3.775860508689028e-12;(60, 3);6
1.0990601000762575e-08;(60, 3);7
3.1986699144912475e-08;(60, 3);8
1.5993526962256516e-05;(60, 3);9
1.3483082496718889e-11;(61, 0);0
1.5834199115556722e-10;(61, 0);1
1.5897409208618077e-06;(61, 0);2
5.294908331714031e-14;(61, 0);3
5.747718081811511e-13;(61, 0);4
2.4131632536616233e-12;(61, 0);5
2.24915191110159e-08;(61, 0);6
1.723619779749612e-05;(61, 0);7
1.250211754305226e-13;(61, 0);8
1.4654346963724808e-17;(61, 0);9
1.2556854360889245e-21;(52, 2);0
4.109569410632488e-08;(52, 2);1
5.715737899764912e-18;(52, 2);2
3.2974351037598794e-15;(52, 2);3
1.3980536347704308e-21;(52, 2);4
2.2605942745684162e-10;(52, 2);5
9.252205519449462e-28;(52, 2);6
1.0482729356963405e-16;(52, 2);7
5.508007546319729e-26;(52, 2);8
6.906705056291394e-13;(52, 2);9
3.4647274394589714e-05;(52, 3);0
1.0872301773976898e-18;(52, 3);1
1.0815304051233653e-18;(52, 3);2
1.9673545839775818e-10;(52, 3);3
1.5735762651823118e-12;(52, 3);4
1.613327876227247e-16;(52, 3);5
1.753300842683945e-14;(52, 3);6
1.3504226845642718e-14;(52, 3);7
4.723238910515397e-13;(52, 3);8
9.053183715780725e-15;(52, 3);9
1.3834412231551982e-19;(53, 0);0
9.847687977762092e-17;(53, 0);1
1.3388941520938382e-05;(53, 0);2
1.61614055733404e-20;(53, 0);3
2.3726851357978262e-18;(53, 0);4
1.08659252592822e-19;(53, 0);5
4.879532570909894e-13;(53, 0);6
1.4517965577232698e-12;(53, 0);7
1.5081511457757476e-09;(53, 0);8
2.4943017298611264e-11;(53, 0);9
4.443512510679508e-29;(53, 1);0
3.368680695690859e-27;(53, 1);1
1.1727682023167746e-16;(53, 1);2
8.57449740015902e-37;(53, 1);3
1.7903786301548895e-22;(53, 1);4
4.675550167144734e-36;(53, 1);5
6.689688766879009e-32;(53, 1);6
6.681404265028338e-22;(53, 1);7
1.9642323207139275e-29;(53, 1);8
2.384379361954083e-31;(53, 1);9
8.783137082999949e-17;(53, 2);0
2.330131739990009e-15;(53, 2);1
4.5100865740398264e-08;(53, 2);2
1.4335160942768824e-22;(53, 2);3
1.0704910011420254e-15;(53, 2);4
6.123536466069008e-17;(53, 2);5
9.744766978732067e-12;(53, 2);6
4.4868455948936134e-14;(53, 2);7
7.302419704343999e-13;(53, 2);8
1.5190749552379e-11;(53, 2);9
1.6636205828359563e-13;(57, 2);0
7.030569479850037e-12;(57, 2);1
9.794443723519247e-13;(57, 2);2
6.117288389533773e-07;(57, 2);3
1.1746046113055859e-14;(57, 2);4
3.1547359508610995e-12;(57, 2);5
1.0344001871308056e-12;(57, 2);6
1.229979599741931e-32;(57, 2);7
5.423213250090214e-13;(57, 2);8
3.0712467232470266e-14;(57, 2);9
3.92084203645964e-09;(57, 3);0
2.260249487164016e-08;(57, 3);1
0.00010840752587770389;(57, 3);2
2.383649888661662e-08;(57, 3);3
1.3161979087286589e-08;(57, 3);4
1.5076711435367518e-14;(57, 3);5
3.4240022872254115e-09;(57, 3);6
8.003397254301539e-13;(57, 3);7
7.217941176757052e-08;(57, 3);8
1.9257033408424763e-11;(57, 3);9
3.7526704800804315e-21;(58, 0);0
1.8378256000447124e-15;(58, 0);1
3.5620125871354884e-11;(58, 0);2
3.133442029459373e-12;(58, 0);3
8.426777970808987e-11;(58, 0);4
3.3184358564194766e-14;(58, 0);5
3.932670298257733e-11;(58, 0);6
3.30281122775923e-11;(58, 0);7
6.537106630748467e-07;(58, 0);8
2.4081813261302622e-11;(58, 0);9
8.114387295345911e-12;(58, 1);0
8.669823109320576e-12;(58, 1);1
5.996350780097446e-13;(58, 1);2
3.1652278373776194e-10;(58, 1);3
0.0008989951031687346;(58, 1);4
2.3249893757218763e-14;(58, 1);5
2.3022293608938395e-13;(58, 1);6
2.4271006933444622e-11;(58, 1);7
3.896249052925379e-10;(58, 1);8
1.0786898154699224e-06;(58, 1);9
4.757043333880625e-14;(58, 2);0
8.900493146375589e-21;(58, 2);1
5.8715828832444675e-15;(58, 2);2
1.3959026513741288e-16;(58, 2);3
4.4971364220703406e-17;(58, 2);4
1.7359371627302868e-13;(58, 2);5
2.654637264683485e-12;(58, 2);6
2.7237257704335993e-16;(58, 2);7
2.9576931589189375e-10;(58, 2);8
2.943962875674311e-14;(58, 2);9
1.545870554043264e-05;(63, 3);0
0.00018769178157068402;(63, 3);1
3.492573659528217e-07;(63, 3);2
0.00021907343876199675;(63, 3);3
3.2072573472884006e-11;(63, 3);4
0.00032524067768806145;(63, 3);5
7.245071002199799e-09;(63, 3);6
2.813070618090161e-08;(63, 3);7
8.352914813412213e-07;(63, 3);8
3.8254063632536e-07;(63, 3);9
5.427886783789802e-09;(64, 0);0
7.806590909883056e-07;(64, 0);1
1.2547818705456093e-09;(64, 0);2
0.00011229773857974994;(64, 0);3
9.004058887802443e-08;(64, 0);4
1.1167718357399913e-07;(64, 0);5
1.2541234317715764e-11;(64, 0);6
1.9133847844187406e-05;(64, 0);7
2.1049855190958594e-10;(64, 0);8
2.0281618295543338e-08;(64, 0);9
1.9439125912085664e-17;(64, 1);0
3.440191947328169e-13;(64, 1);1
7.901251734181637e-14;(64, 1);2
2.4976098781760317e-15;(64, 1);3
5.134697230446254e-06;(64, 1);4
0.0018731847011890877;(64, 1);5
6.992019793760329e-07;(64, 1);6
3.6863374305751815e-10;(64, 1);7
2.227932975746773e-14;(64, 1);8
3.5024878440557406e-11;(64, 1);9
9.922369251022278e-09;(64, 2);0
1.6247749137253302e-11;(64, 2);1
2.108614412676273e-16;(64, 2);2
1.8553831545646256e-09;(64, 2);3
1.3670530625091239e-12;(64, 2);4
5.319506361178523e-14;(64, 2);5
8.272162140881075e-15;(64, 2);6
1.3727406505236402e-09;(64, 2);7
3.4123042626342294e-12;(64, 2);8
2.4673703505787693e-16;(64, 2);9
6.128214530424159e-15;(64, 3);0
1.9341592512538276e-12;(64, 3);1
8.57045134411789e-12;(64, 3);2
3.6541182865606895e-11;(64, 3);3
2.5854813851987532e-11;(64, 3);4
1.662208193193911e-05;(64, 3);5
8.014425944046464e-20;(64, 3);6
6.444935902259239e-10;(64, 3);7
5.304580856135577e-09;(64, 3);8
6.007414569710184e-17;(64, 3);9
5.215961850681883e-25;(62, 2);0
1.441104492943128e-14;(62, 2);1
2.4601679154228187e-13;(62, 2);2
1.2640640676694739e-21;(62, 2);3
3.6923277745411347e-19;(62, 2);4
3.1198909269682845e-29;(62, 2);5
2.0871985929816558e-19;(62, 2);6
2.0789140126704472e-13;(62, 2);7
1.247422957785296e-22;(62, 2);8
1.4994708593342927e-17;(62, 2);9
6.07042561640558e-15;(62, 3);0
6.870743930797101e-15;(62, 3);1
3.3871275949501627e-12;(62, 3);2
4.293617371866718e-11;(62, 3);3
1.2502991569126571e-15;(62, 3);4
4.3087337303482514e-13;(62, 3);5
1.338936827917627e-12;(62, 3);6
2.4614881003702117e-15;(62, 3);7
2.8140972048047977e-16;(62, 3);8
8.028115111431486e-18;(62, 3);9
1.882952571217828e-11;(63, 0);0
9.155574767556711e-20;(63, 0);1
1.3943884258531953e-11;(63, 0);2
1.5382466384300005e-07;(63, 0);3
6.1948757149642e-07;(63, 0);4
2.2561084396618e-08;(63, 0);5
4.526647462423312e-09;(63, 0);6
1.9607823032262475e-08;(63, 0);7
7.112164495936458e-07;(63, 0);8
1.2607071241418057e-06;(63, 0);9
3.391290344136227e-05;(63, 1);0
6.896765637786431e-07;(63, 1);1
1.200456244923671e-10;(63, 1);2
1.1032838717821806e-05;(63, 1);3
3.474066218449451e-06;(63, 1);4
6.574448199372186e-09;(63, 1);5
2.4387435089956956e-07;(63, 1);6
2.548439873717086e-10;(63, 1);7
1.1056558441506312e-07;(63, 1);8
1.3962056743627792e-07;(63, 1);9
1.1740044607643123e-09;(63, 2);0
7.708125668217188e-07;(63, 2);1
5.767497926723873e-09;(63, 2);2
3.0956890876177235e-08;(63, 2);3
1.1256516594171313e-10;(63, 2);4
4.784128443356416e-09;(63, 2);5
1.8327039298207652e-05;(63, 2);6
3.730182957705126e-06;(63, 2);7
1.7352465634031622e-12;(63, 2);8
4.422006097412739e-11;(63, 2);9
4.601937319255646e-13;(68, 3);0
1.4947275030498088e-09;(68, 3);1
1.7588307799820865e-16;(68, 3);2
6.931621048769302e-11;(68, 3);3
3.96807913575373e-12;(68, 3);4
1.68025732071437e-12;(68, 3);5
1.9038325115293518e-08;(68, 3);6
3.1644387580911507e-16;(68, 3);7
9.627814672521468e-07;(68, 3);8
1.7658739294710883e-06;(68, 3);9
1.2202924228227241e-12;(69, 0);0
1.2385545214883987e-08;(69, 0);1
1.340954373790625e-08;(69, 0);2
6.995190992916616e-06;(69, 0);3
9.858304444079866e-07;(69, 0);4
5.151674796885011e-07;(69, 0);5
5.022257453722481e-15;(69, 0);6
9.412297594950883e-06;(69, 0);7
1.915207464156113e-11;(69, 0);8
3.126409476520027e-08;(69, 0);9
3.401805917688354e-09;(69, 1);0
2.848616463504132e-10;(69, 1);1
1.519685779880786e-05;(69, 1);2
6.956229622115246e-06;(69, 1);3
9.106135761297733e-15;(69, 1);4
8.630185251776119e-07;(69, 1);5
2.5681645496951706e-11;(69, 1);6
2.826897808011743e-13;(69, 1);7
5.1117564527102485e-14;(69, 1);8
7.206486711307888e-08;(69, 1);9
1.1653126162565114e-13;(69, 2);0
7.0344892301850475e-19;(69, 2);1
9.91172810149784e-22;(69, 2);2
1.6720391597110466e-11;(69, 2);3
1.324827498369634e-25;(69, 2);4
6.465046972957772e-19;(69, 2);5
4.207737990128221e-15;(69, 2);6
3.8688952167209847e-16;(69, 2);7
7.530464057243244e-15;(69, 2);8
5.403102002844615e-24;(69, 2);9
9.591946385486945e-05;(69, 3);0
4.991899903600199e-08;(69, 3);1
3.95590817570247e-15;(69, 3);2
1.9399097590227718e-10;(69, 3);3
3.2707098837367936e-14;(69, 3);4
1.8439140799952154e-11;(69, 3);5
7.207230552173582e-18;(69, 3);6
1.0972655741166186e-05;(69, 3);7
4.231708454347709e-08;(69, 3);8
9.734805436243027e-20;(69, 3);9
6.12904860411166e-06;(61, 1);0
2.041818605998411e-06;(61, 1);1
4.2530570839099197e-05;(61, 1);2
1.1894734600435715e-09;(61, 1);3
4.999149915688426e-12;(61, 1);4
4.6366411555008046e-07;(61, 1);5
2.9649790571044972e-05;(61, 1);6
4.2137559274243756e-08;(61, 1);7
1.95968354871838e-06;(61, 1);8
9.028683384845741e-05;(61, 1);9
3.2179569982976217e-15;(61, 2);0
1.0780437615476226e-17;(61, 2);1
1.1978758738402214e-09;(61, 2);2
1.3758190841049853e-06;(61, 2);3
5.033890908893355e-12;(61, 2);4
2.133130375289038e-11;(61, 2);5
1.4874742324065853e-09;(61, 2);6
6.328097896441625e-08;(61, 2);7
7.610871318871235e-09;(61, 2);8
1.6852260421961542e-06;(61, 2);9
8.106002487552348e-14;(61, 3);0
7.399343357705186e-16;(61, 3);1
7.225837380584167e-09;(61, 3);2
1.819914501102284e-07;(61, 3);3
3.8856405990347257e-08;(61, 3);4
4.715404438910837e-10;(61, 3);5
1.931387720600219e-08;(61, 3);6
4.76070383738065e-09;(61, 3);7
8.183450733953944e-15;(61, 3);8
3.2514215684278425e-06;(61, 3);9
3.595702425257126e-14;(62, 0);0
1.2019113502976775e-14;(62, 0);1
1.0376583331868705e-07;(62, 0);2
2.8574975807423e-12;(62, 0);3
8.556070859664308e-35;(62, 0);4
5.750784339741511e-16;(62, 0);5
1.3421876112351863e-19;(62, 0);6
1.5603402209305011e-19;(62, 0);7
1.8361929391099596e-22;(62, 0);8
2.1721147295329234e-11;(62, 0);9
3.641271278289161e-20;(62, 1);0
2.401764736631711e-18;(62, 1);1
4.625941636223008e-12;(62, 1);2
4.121007257049781e-15;(62, 1);3
1.5836088826471572e-20;(62, 1);4
7.170795224014656e-19;(62, 1);5
3.857551438929836e-14;(62, 1);6
4.264136458993303e-16;(62, 1);7
3.6265148433206334e-22;(62, 1);8
1.782356005998055e-22;(62, 1);9
5.2992893596097715e-08;(66, 1);0
9.10265677172226e-12;(66, 1);1
2.3331386002713394e-12;(66, 1);2
3.0063504770333086e-08;(66, 1);3
3.6198013879399373e-09;(66, 1);4
9.436086852665925e-10;(66, 1);5
2.476696329258916e-10;(66, 1);6
9.930953299827415e-09;(66, 1);7
8.267825610100179e-17;(66, 1);8
9.229951852767506e-09;(66, 1);9
6.41855402831534e-20;(66, 2);0
1.1822280925379395e-17;(66, 2);1
8.550033231902105e-15;(66, 2);2
6.713349455444648e-05;(66, 2);3
1.8912520246022744e-12;(66, 2);4
8.594309472705249e-18;(66, 2);5
1.7340026155806178e-13;(66, 2);6
2.0099610580650548e-13;(66, 2);7
6.614143030241723e-16;(66, 2);8
3.1221899263355445e-10;(66, 2);9
2.757380631295041e-17;(66, 3);0
1.542093076106564e-08;(66, 3);1
4.2701543971086785e-18;(66, 3);2
2.1533916832832616e-09;(66, 3);3
1.0535677657954758e-20;(66, 3);4
1.2585208468650547e-09;(66, 3);5
1.0034531980260527e-13;(66, 3);6
1.6873233639373695e-08;(66, 3);7
1.7860305483669263e-11;(66, 3);8
1.9794163635245516e-15;(66, 3);9
2.8617439518081017e-08;(67, 0);0
4.992165258014243e-08;(67, 0);1
4.189867176727036e-07;(67, 0);2
4.0045787767076473e-13;(67, 0);3
1.6042344682222524e-10;(67, 0);4
8.545317528267441e-10;(67, 0);5
1.1269973625240136e-09;(67, 0);6
4.0072444207911895e-10;(67, 0);7
3.0212540565176515e-06;(67, 0);8
1.395978115332265e-11;(67, 0);9
1.7722506903518116e-12;(67, 1);0
5.2329899712971496e-11;(67, 1);1
5.961037981603701e-11;(67, 1);2
2.3268761500315695e-11;(67, 1);3
1.2876032565672125e-18;(67, 1);4
1.565930404261799e-17;(67, 1);5
2.909578767434772e-14;(67, 1);6
3.6479193335048093e-22;(67, 1);7
1.9316534678023004e-16;(67, 1);8
3.877148801717721e-19;(67, 1);9
1.5650027670095423e-11;(75, 0);0
1.178416478689599e-10;(75, 0);1
3.458609367711647e-10;(75, 0);2
5.259766466461215e-13;(75, 0);3
3.2240503555060107e-09;(75, 0);4
7.305041829162982e-06;(75, 0);5
5.382076967161709e-11;(75, 0);6
7.717057010543164e-11;(75, 0);7
2.468976146020164e-10;(75, 0);8
1.5970926437900428e-09;(75, 0);9
1.6368852135310868e-05;(75, 1);0
1.084251377070403e-08;(75, 1);1
0.0009234869362121798;(75, 1);2
3.482125210101024e-13;(75, 1);3
0.0003128238784667077;(75, 1);4
5.225197977657713e-08;(75, 1);5
0.0005727566691517766;(75, 1);6
3.691645221336733e-08;(75, 1);7
3.005812865137885e-09;(75, 1);8
0.0004864629391457374;(75, 1);9
1.726746339448902e-05;(75, 2);0
2.1341531020997754e-14;(75, 2);1
1.468009715144068e-07;(75, 2);2
7.966376434338563e-09;(75, 2);3
0.004382972251296213;(75, 2);4
1.9452917024757647e-07;(75, 2);5
1.0249556494002465e-05;(75, 2);6
1.0993164240677751e-10;(75, 2);7
2.8002041174791435e-05;(75, 2);8
4.253729298207563e-06;(75, 2);9
1.9788191620835368e-13;(75, 3);0
7.855303615896696e-19;(75, 3);1
1.2303655436823577e-05;(75, 3);2
2.447297154305765e-07;(75, 3);3
8.633287692957557e-12;(75, 3);4
8.125927767660747e-09;(75, 3);5
1.454029468235952e-15;(75, 3);6
9.374852290516115e-09;(75, 3);7
2.4179858955345633e-09;(75, 3);8
2.820500058854428e-06;(75, 3);9
2.583012107355295e-16;(76, 0);0
3.824085503137587e-17;(76, 0);1
1.6774585620796085e-11;(76, 0);2
2.395138334278655e-18;(76, 0);3
6.8964528862561585e-12;(76, 0);4
4.1006182648058724e-11;(76, 0);5
5.569864102546259e-12;(76, 0);6
5.563365808575478e-17;(76, 0);7
3.687005608046974e-15;(76, 0);8
2.0163856609026993e-12;(76, 0);9
1.0156545632648787e-06;(71, 1);0
6.3400298459078004e-15;(71, 1);1
1.7378825751872186e-12;(71, 1);2
2.2939309808072216e-15;(71, 1);3
4.666776428891176e-11;(71, 1);4
4.395294065611998e-18;(71, 1);5
5.109162656782245e-21;(71, 1);6
7.204188884255135e-10;(71, 1);7
6.087424568012995e-16;(71, 1);8
9.65842516912384e-19;(71, 1);9
7.667720449168311e-13;(71, 2);0
1.6823764272325839e-09;(71, 2);1
1.9267923053497698e-10;(71, 2);2
2.8580483824121775e-12;(71, 2);3
3.043829299520363e-08;(71, 2);4
2.0301071485469088e-11;(71, 2);5
6.685114175427017e-14;(71, 2);6
2.077536302733393e-08;(71, 2);7
1.1489867381129555e-13;(71, 2);8
1.79574409737904e-11;(71, 2);9
1.2007138543079364e-10;(71, 3);0
5.940415796190713e-09;(71, 3);1
4.545081436979636e-06;(71, 3);2
3.246321674433145e-11;(71, 3);3
1.8006332659917558e-08;(71, 3);4
6.577102717250523e-12;(71, 3);5
0.0006684047147513987;(71, 3);6
4.472621940146905e-09;(71, 3);7
4.342188898314836e-06;(71, 3);8
6.298283796933772e-11;(71, 3);9
1.4121075863539034e-16;(72, 0);0
4.0379516315224417e-13;(72, 0);1
6.050792191469431e-23;(72, 0);2
5.436119708200898e-22;(72, 0);3
6.410905780452746e-15;(72, 0);4
2.5469432920311597e-30;(72, 0);5
3.822256539543811e-24;(72, 0);6
7.535600784330666e-27;(72, 0);7
5.303499443458421e-17;(72, 0);8
2.1971898630799457e-20;(72, 0);9
6.434402778067693e-23;(72, 1);0
3.4785951566410904e-13;(72, 1);1
1.4213482741424845e-14;(72, 1);2
1.4260102636842677e-11;(72, 1);3
1.0563137323903869e-10;(72, 1);4
3.251543257350325e-10;(72, 1);5
1.368128643539028e-23;(72, 1);6
4.527723016358205e-17;(72, 1);7
1.467594527267924e-20;(72, 1);8
3.3133579988400645e-10;(72, 1);9
3.705517612508089e-17;(70, 0);0
8.376739979417378e-19;(70, 0);1
6.179108981985357e-13;(70, 0);2
1.125266175040854e-17;(70, 0);3
1.098789903274457e-14;(70, 0);4
8.759385168394631e-14;(70, 0);5
8.438305242543272e-18;(70, 0);6
1.6979304437280027e-15;(70, 0);7
6.931847563164301e-14;(70, 0);8
4.201049846294772e-11;(70, 0);9
4.248756394244652e-06;(70, 1);0
2.967119998476252e-11;(70, 1);1
3.6095159279213445e-13;(70, 1);2
8.591113858941891e-11;(70, 1);3
1.4953861062219928e-15;(70, 1);4
1.7911387313119503e-11;(70, 1);5
1.4591281038971858e-19;(70, 1);6
1.2248163110956648e-11;(70, 1);7
3.3431125712992015e-06;(70, 1);8
1.2215715870196648e-13;(70, 1);9
4.281125304285239e-08;(70, 2);0
7.26353496207208e-18;(70, 2);1
9.661039477532664e-12;(70, 2);2
1.1518259347276823e-13;(70, 2);3
2.308268781284629e-16;(70, 2);4
8.240907372711483e-16;(70, 2);5
9.226708580860708e-12;(70, 2);6
5.252992988957663e-13;(70, 2);7
2.8217256152772044e-24;(70, 2);8
4.636272017079725e-19;(70, 2);9
7.280618460703616e-15;(70, 3);0
4.825176347273957e-13;(70, 3);1
6.821986320600263e-10;(70, 3);2
2.7740113549479065e-14;(70, 3);3
1.5317458856695832e-15;(70, 3);4
6.9727018506738445e-15;(70, 3);5
5.043977841877205e-14;(70, 3);6
7.152388956200736e-20;(70, 3);7
4.932240610591835e-19;(70, 3);8
1.1595997768417372e-08;(70, 3);9
0.00022202790931801514;(71, 0);0
0.005439126493286471;(71, 0);1
2.2473971006712195e-23;(71, 0);2
5.257383277498628e-10;(71, 0);3
0.0010392709385233386;(71, 0);4
1.410333528966576e-10;(71, 0);5
5.5348896679822605e-09;(71, 0);6
2.4217068971307342e-12;(71, 0);7
1.9513382928807447e-15;(71, 0);8
1.961165467298262e-09;(71, 0);9
2.4111603052308248e-20;(77, 2);0
1.7858856054623012e-09;(77, 2);1
1.6307411960579975e-12;(77, 2);2
1.0268272652813916e-14;(77, 2);3
9.201525123735e-16;(77, 2);4
1.7545919377902745e-14;(77, 2);5
3.9185564532794874e-15;(77, 2);6
2.304847794367937e-11;(77, 2);7
8.244792684619752e-17;(77, 2);8
2.209461822783739e-13;(77, 2);9
8.587948510115531e-19;(77, 3);0
1.2163517726373222e-11;(77, 3);1
2.0498171440618224e-11;(77, 3);2
7.826210154897161e-13;(77, 3);3
3.187182968354351e-08;(77, 3);4
4.573204195500619e-17;(77, 3);5
1.5030219933894922e-08;(77, 3);6
1.5947087115534684e-17;(77, 3);7
6.418561520760906e-09;(77, 3);8
8.54948612277072e-11;(77, 3);9
0.0004661377997712204;(78, 0);0
9.005765671860738e-08;(78, 0);1
1.3222954899670676e-11;(78, 0);2
1.0926699285353022e-09;(78, 0);3
1.5746820565261208e-08;(78, 0);4
3.3794381110811895e-10;(78, 0);5
6.798481443218327e-05;(78, 0);6
1.994853919688461e-09;(78, 0);7
3.6886716261256715e-06;(78, 0);8
1.4597020068938767e-08;(78, 0);9
4.206648819735041e-13;(78, 1);0
7.068957395461825e-09;(78, 1);1
2.9016509055480062e-11;(78, 1);2
1.2942608608285311e-09;(78, 1);3
2.062001084629523e-10;(78, 1);4
0.00023776172426471668;(78, 1);5
8.239926141359031e-11;(78, 1);6
5.904273898114021e-06;(78, 1);7
6.842259203997831e-13;(78, 1);8
0.00022123542518902027;(78, 1);9
2.045551467223589e-08;(78, 2);0
1.3731163982329098e-05;(78, 2);1
1.0331421649687937e-07;(78, 2);2
2.3712934498995804e-05;(78, 2);3
1.0205594075623735e-09;(78, 2);4
7.641198768821147e-06;(78, 2);5
6.404991314097734e-05;(78, 2);6
0.0002416161250352888;(78, 2);7
1.3383137868054147e-10;(78, 2);8
5.920540261090802e-05;(78, 2);9
5.507711349550522e-05;(78, 3);0
7.494115983652933e-08;(78, 3);1
6.719374789485677e-08;(78, 3);2
1.5430485364899906e-05;(78, 3);3
0.0018432665827803915;(78, 3);4
7.879139123753843e-06;(78, 3);5
1.673235118850682e-05;(78, 3);6
1.8589468568851972e-09;(78, 3);7
5.639162413724584e-10;(78, 3);8
7.661224016476368e-05;(78, 3);9
9.546256110013236e-11;(79, 0);0
2.6318385850374746e-12;(79, 0);1
1.3333181593894611e-16;(79, 0);2
6.686951480105249e-13;(79, 0);3
2.9319254049939824e-12;(79, 0);4
3.0802994630331105e-14;(79, 0);5
6.895532591186185e-10;(79, 0);6
1.3982242414325762e-07;(79, 0);7
8.132882883736956e-10;(79, 0);8
5.295953625759222e-16;(79, 0);9
3.294651151402902e-11;(79, 1);0
3.428281432641845e-11;(79, 1);1
1.1938111904988121e-20;(79, 1);2
5.5064581701678525e-18;(79, 1);3
1.262484681510194e-15;(79, 1);4
1.2563021098315704e-11;(79, 1);5
3.454084377228821e-14;(79, 1);6
4.253117461928639e-15;(79, 1);7
1.385591890284676e-07;(79, 1);8
2.598174145645115e-19;(79, 1);9
1.6536883743218913e-11;(79, 2);0
2.1151721732762464e-11;(79, 2);1
7.31743918927969e-11;(79, 2);2
2.7621202447238724e-09;(79, 2);3
2.4913669391461344e-11;(79, 2);4
6.22789497025157e-17;(79, 2);5
1.504966414262687e-12;(79, 2);6
2.115640174369708e-12;(79, 2);7
5.019654344524928e-13;(79, 2);8
1.8742545228343185e-05;(79, 2);9
3.627049793183877e-10;(79, 3);0
1.1607269341301936e-05;(79, 3);1
2.3678372401290345e-09;(79, 3);2
2.732271478557085e-11;(79, 3);3
1.5608092973395056e-08;(79, 3);4
4.028759432461099e-07;(79, 3);5
7.329743799719773e-10;(79, 3);6
4.4928248935659414e-12;(79, 3);7
1.007815228535645e-09;(79, 3);8
6.12160673573925e-24;(79, 3);9
1.5987458521124478e-06;(65, 0);0
1.0062863218593397e-18;(65, 0);1
1.552960123473326e-17;(65, 0);2
8.3149820955166385e-16;(65, 0);3
7.978418478851058e-17;(65, 0);4
4.0276794032013364e-25;(65, 0);5
1.8506927919167792e-20;(65, 0);6
8.411737247048252e-23;(65, 0);7
5.679606995292216e-11;(65, 0);8
7.039209820551049e-17;(65, 0);9
2.450550573494379e-16;(65, 1);0
2.680634139871804e-15;(65, 1);1
1.6652240584136262e-21;(65, 1);2
6.1739976568399785e-09;(65, 1);3
3.405862524503806e-14;(65, 1);4
3.8573595323594365e-15;(65, 1);5
4.657918225659577e-13;(65, 1);6
2.1624983353266877e-11;(65, 1);7
1.4577187164343728e-19;(65, 1);8
1.0065228671474322e-12;(65, 1);9
1.6372160050081683e-12;(65, 2);0
1.796274880916978e-14;(65, 2);1
9.369308123786416e-15;(65, 2);2
6.705170900510957e-20;(65, 2);3
6.584864059324429e-16;(65, 2);4
9.201526867738e-16;(65, 2);5
8.760147038525054e-13;(65, 2);6
5.150954079604609e-11;(65, 2);7
3.6153305817979532e-28;(65, 2);8
5.132035578783478e-13;(65, 2);9
4.435320403658947e-12;(65, 3);0
2.2235693686768275e-11;(65, 3);1
1.9997234652176855e-18;(65, 3);2
1.0512162860700292e-10;(65, 3);3
7.299670416752083e-16;(65, 3);4
0.0001224270941532897;(65, 3);5
5.981533493322367e-11;(65, 3);6
4.868348624353705e-14;(65, 3);7
5.079791203805045e-19;(65, 3);8
3.792102231117625e-19;(65, 3);9
2.4890498697712195e-21;(66, 0);0
5.7747347286199174e-08;(66, 0);1
1.0306619945319353e-13;(66, 0);2
5.804134587022515e-16;(66, 0);3
2.3127148064863245e-11;(66, 0);4
8.524610344024422e-16;(66, 0);5
1.241247193836636e-10;(66, 0);6
1.5280299259013986e-25;(66, 0);7
6.738081252447205e-11;(66, 0);8
3.1298344976737488e-21;(66, 0);9
5.73334488479052e-17;(67, 2);0
6.128604376243083e-11;(67, 2);1
8.899498689411431e-23;(67, 2);2
5.595767298269657e-15;(67, 2);3
1.4719297817942819e-16;(67, 2);4
2.59076864619957e-10;(67, 2);5
3.518550318534074e-10;(67, 2);6
7.995816881541734e-14;(67, 2);7
3.073050995182592e-09;(67, 2);8
2.3499170457820247e-11;(67, 2);9
5.5573855046715924e-12;(67, 3);0
7.0570204888174994e-15;(67, 3);1
7.15650510148064e-18;(67, 3);2
2.0366508430441223e-11;(67, 3);3
3.0122595470467786e-21;(67, 3);4
2.7258143560144617e-13;(67, 3);5
2.7417971419726935e-11;(67, 3);6
4.667852710348335e-15;(67, 3);7
1.0950609547609303e-15;(67, 3);8
4.823600328065304e-22;(67, 3);9
2.8077219331480356e-10;(68, 0);0
2.985288504940788e-13;(68, 0);1
3.762970756223046e-10;(68, 0);2
1.019180331385621e-16;(68, 0);3
1.4143480339744437e-10;(68, 0);4
1.958108705457649e-17;(68, 0);5
4.756317951838142e-13;(68, 0);6
4.234986308325478e-17;(68, 0);7
7.577219574564685e-12;(68, 0);8
5.715252381563374e-15;(68, 0);9
8.97726550008062e-13;(68, 1);0
4.440623753094749e-18;(68, 1);1
7.78409122553177e-12;(68, 1);2
4.669353587309185e-11;(68, 1);3
9.296644871000805e-14;(68, 1);4
2.015196486673339e-16;(68, 1);5
1.136090479693272e-15;(68, 1);6
1.8519444990206427e-16;(68, 1);7
3.2225941667586464e-11;(68, 1);8
4.155387268067829e-10;(68, 1);9
1.8786864696612074e-13;(68, 2);0
5.820607286337756e-13;(68, 2);1
4.556872702252994e-16;(68, 2);2
6.7357306993043765e-22;(68, 2);3
6.899471079315595e-15;(68, 2);4
1.0915475235262327e-12;(68, 2);5
1.537049191322322e-08;(68, 2);6
1.9207248440499193e-09;(68, 2);7
1.817567705622348e-11;(68, 2);8
3.6000121639992347e-12;(68, 2);9
3.629337446665773e-15;(73, 3);0
9.731692769777472e-23;(73, 3);1
4.461731235280364e-22;(73, 3);2
9.788915336164503e-21;(73, 3);3
1.0809771092826654e-23;(73, 3);4
1.4809390161940178e-12;(73, 3);5
3.676746448583215e-17;(73, 3);6
2.008636021919986e-21;(73, 3);7
2.0091677307841893e-14;(73, 3);8
5.068140850903285e-16;(73, 3);9
9.116865807528338e-18;(74, 0);0
7.689151342087847e-12;(74, 0);1
1.7048710186573195e-14;(74, 0);2
6.348800293629114e-06;(74, 0);3
7.0570890878338155e-06;(74, 0);4
1.0652353932763827e-08;(74, 0);5
5.201123071270474e-07;(74, 0);6
6.614971932567129e-12;(74, 0);7
3.5864477944732347e-17;(74, 0);8
7.940613203876702e-16;(74, 0);9
1.6728843178804947e-07;(74, 1);0
6.186462295970861e-09;(74, 1);1
2.148640030391715e-07;(74, 1);2
5.78009997252256e-08;(74, 1);3
4.5278779114663783e-20;(74, 1);4
4.294973533090964e-14;(74, 1);5
1.4229891470656811e-08;(74, 1);6
2.8022471522244476e-06;(74, 1);7
2.1644173109184466e-06;(74, 1);8
4.2014475374093257e-14;(74, 1);9
1.0563895505442484e-13;(74, 2);0
6.587827740991859e-15;(74, 2);1
1.2964777737958817e-11;(74, 2);2
8.355767319902409e-13;(74, 2);3
4.106815229914319e-12;(74, 2);4
2.2205699270231684e-17;(74, 2);5
1.1699911405763277e-08;(74, 2);6
1.3914226125838085e-14;(74, 2);7
5.676642956137771e-19;(74, 2);8
6.498769207666371e-10;(74, 2);9
1.5459926320135344e-07;(74, 3);0
5.3892598873153764e-14;(74, 3);1
1.2367532294678147e-18;(74, 3);2
2.1173651861523731e-16;(74, 3);3
1.465025021757158e-16;(74, 3);4
4.837206545141017e-10;(74, 3);5
2.4500339072378715e-16;(74, 3);6
1.2850836157939305e-11;(74, 3);7
6.017177703630724e-10;(74, 3);8
4.837355326278076e-12;(74, 3);9
5.540594568709342e-16;(72, 2);0
3.347493541967619e-10;(72, 2);1
8.004938741644257e-12;(72, 2);2
1.3007688583533934e-16;(72, 2);3
1.6839633369995488e-12;(72, 2);4
1.030728843128102e-16;(72, 2);5
1.31810966769477e-16;(72, 2);6
6.697562275975584e-13;(72, 2);7
6.15795032096525e-12;(72, 2);8
2.4999705035728192e-24;(72, 2);9
1.0989053330474685e-27;(72, 3);0
2.763324884497985e-23;(72, 3);1
5.874147714030708e-13;(72, 3);2
7.442194299951263e-21;(72, 3);3
3.4328446355134246e-18;(72, 3);4
9.163224319649199e-20;(72, 3);5
1.8233563505898392e-18;(72, 3);6
9.321583137601277e-25;(72, 3);7
8.749344868726812e-23;(72, 3);8
2.0677167418679843e-13;(72, 3);9
5.079586554570661e-15;(73, 0);0
4.746646514039116e-09;(73, 0);1
3.263051286116592e-09;(73, 0);2
5.461801733632966e-23;(73, 0);3
1.4238869020855804e-18;(73, 0);4
2.913591867757766e-17;(73, 0);5
2.1149950411926338e-15;(73, 0);6
2.2416632382231865e-19;(73, 0);7
1.7470781444989384e-20;(73, 0);8
3.155729885463279e-19;(73, 0);9
2.2061641986587884e-22;(73, 1);0
2.900949205354353e-07;(73, 1);1
3.6723056746939627e-28;(73, 1);2
1.0782595254859605e-13;(73, 1);3
6.782930009346861e-14;(73, 1);4
1.9960275346390823e-23;(73, 1);5
1.3011263324821456e-17;(73, 1);6
1.0552949952871142e-13;(73, 1);7
1.5437513065648726e-20;(73, 1);8
2.8814467671678376e-28;(73, 1);9
1.7730103137664627e-12;(73, 2);0
7.399526822021737e-08;(73, 2);1
5.013441166897525e-12;(73, 2);2
9.536573316828433e-16;(73, 2);3
3.879459381885146e-09;(73, 2);4
6.6503761272959415e-12;(73, 2);5
6.34263169158025e-22;(73, 2);6
7.456871901252907e-13;(73, 2);7
1.892826203386615e-13;(73, 2);8
5.459075807566698e-19;(73, 2);9
1.1383382204376093e-07;(81, 1);0
0.00012225036665113265;(81, 1);1
5.7925304213027187e-08;(81, 1);2
9.761977910122028e-10;(81, 1);3
2.2626861984632187e-06;(81, 1);4
4.277807306055525e-06;(81, 1);5
2.871906836951425e-07;(81, 1);6
0.007774921791833685;(81, 1);7
9.40771897905436e-08;(81, 1);8
0.005081528230713794;(81, 1);9
3.072011918449988e-07;(81, 2);0
1.2364062552952378e-09;(81, 2);1
1.052836277313213e-13;(81, 2);2
8.895045657627094e-12;(81, 2);3
1.3183448608189327e-07;(81, 2);4
4.853370030810469e-06;(81, 2);5
4.920215544750255e-07;(81, 2);6
4.915209254702203e-09;(81, 2);7
6.937252876273995e-06;(81, 2);8
0.0008820115044285319;(81, 2);9
2.2628258564381692e-16;(81, 3);0
1.3915646496331013e-07;(81, 3);1
5.656886432838899e-09;(81, 3);2
3.9372852627146086e-10;(81, 3);3
7.857334231028107e-13;(81, 3);4
1.0114942549712658e-08;(81, 3);5
3.954627040229276e-10;(81, 3);6
4.966624304097694e-07;(81, 3);7
1.683414140460744e-09;(81, 3);8
1.012657924279159e-16;(81, 3);9
0.0006699060424335437;(82, 0);0
1.3850941802240161e-08;(82, 0);1
0.003080948043928213;(82, 0);2
1.3892953715872293e-05;(82, 0);3
1.3022814721351308e-05;(82, 0);4
0.0002584084418586719;(82, 0);5
1.5096615132409258e-08;(82, 0);6
2.1118338411206786e-05;(82, 0);7
5.460077491569989e-05;(82, 0);8
5.1597719206626147e-08;(82, 0);9
6.654282098567726e-10;(82, 1);0
5.723260516205219e-07;(82, 1);1
1.6402727681922112e-10;(82, 1);2
7.404867740207639e-05;(82, 1);3
0.0003428503001471683;(82, 1);4
3.639102816482619e-12;(82, 1);5
7.373755015947946e-10;(82, 1);6
0.0002212549408486376;(82, 1);7
3.7338228506931968e-06;(82, 1);8
6.09830802086162e-05;(82, 1);9
2.5695416635560245e-11;(80, 0);0
2.3688647370386574e-11;(80, 0);1
7.856209008307597e-10;(80, 0);2
3.185002183019728e-13;(80, 0);3
4.3721085255813784e-11;(80, 0);4
1.8593501723295123e-13;(80, 0);5
1.3654472111747618e-12;(80, 0);6
3.1829910546541716e-11;(80, 0);7
6.990005292911212e-14;(80, 0);8
1.4049512619090332e-15;(80, 0);9
4.559851392086125e-11;(80, 1);0
2.7528779455950177e-11;(80, 1);1
1.5674231502934682e-12;(80, 1);2
3.3384513981224555e-06;(80, 1);3
1.1052439160993157e-19;(80, 1);4
2.9739994288291115e-11;(80, 1);5
6.424722697055919e-12;(80, 1);6
9.223790149248113e-10;(80, 1);7
9.182823404613248e-11;(80, 1);8
4.9830195359663714e-11;(80, 1);9
3.467167156845645e-12;(80, 2);0
5.352008712823675e-16;(80, 2);1
2.0410336493090645e-11;(80, 2);2
9.710396580809998e-15;(80, 2);3
4.133765730577104e-07;(80, 2);4
7.863640706027031e-07;(80, 2);5
1.2357575863703162e-19;(80, 2);6
7.555757768501631e-14;(80, 2);7
2.3017046061010296e-13;(80, 2);8
1.2294064664516521e-08;(80, 2);9
1.2577462385268213e-11;(80, 3);0
1.4085448677002334e-24;(80, 3);1
2.5631621821646856e-13;(80, 3);2
7.731969634119714e-12;(80, 3);3
3.753070345791727e-15;(80, 3);4
1.8370164158496488e-14;(80, 3);5
1.7447094389202645e-24;(80, 3);6
1.1374567240748206e-14;(80, 3);7
1.9670571282196846e-14;(80, 3);8
5.161556399503045e-09;(80, 3);9
2.0266173454739707e-10;(81, 0);0
5.274088236015335e-06;(81, 0);1
2.3500375090698315e-08;(81, 0);2
1.3743083217076587e-06;(81, 0);3
8.205637195085315e-08;(81, 0);4
7.751481370053474e-07;(81, 0);5
6.337871259356902e-11;(81, 0);6
9.244508629679455e-05;(81, 0);7
2.9499027601166366e-06;(81, 0);8
3.2705858226971944e-08;(81, 0);9
2.1006281323720796e-14;(76, 1);0
2.1078699571516403e-13;(76, 1);1
1.3755500814597846e-22;(76, 1);2
4.574161226136953e-19;(76, 1);3
1.0205619618528456e-18;(76, 1);4
9.15060724404664e-12;(76, 1);5
4.456258662650855e-15;(76, 1);6
8.719874362000703e-17;(76, 1);7
3.927114579715828e-15;(76, 1);8
2.294274258008149e-14;(76, 1);9
3.738475397701671e-20;(76, 2);0
5.444315337773815e-19;(76, 2);1
1.2013889261059866e-10;(76, 2);2
8.525167587730273e-18;(76, 2);3
3.321734577936249e-11;(76, 2);4
3.6262989712644296e-16;(76, 2);5
1.0831786015979062e-25;(76, 2);6
3.300501493919043e-12;(76, 2);7
1.4560850324802725e-14;(76, 2);8
6.216611784864799e-17;(76, 2);9
6.021283222816325e-16;(76, 3);0
1.0445691638846695e-14;(76, 3);1
4.523347783263342e-19;(76, 3);2
1.0848065600992454e-20;(76, 3);3
7.139294546937867e-15;(76, 3);4
6.302904287559447e-16;(76, 3);5
6.677116963474224e-13;(76, 3);6
1.1891881842955252e-15;(76, 3);7
1.154047907598747e-28;(76, 3);8
6.779473174282712e-26;(76, 3);9
2.465171396069814e-20;(77, 0);0
4.891500510186575e-19;(77, 0);1
7.305780045732472e-22;(77, 0);2
3.714387275974837e-20;(77, 0);3
8.133750259148231e-19;(77, 0);4
6.735168395301136e-20;(77, 0);5
2.0262162502205346e-22;(77, 0);6
1.0975361609251822e-13;(77, 0);7
3.7052906590606926e-19;(77, 0);8
4.933030178804851e-19;(77, 0);9
5.959201589011736e-16;(77, 1);0
1.6646632787833914e-15;(77, 1);1
1.0107581160392372e-07;(77, 1);2
4.657021236148128e-16;(77, 1);3
7.245504052457412e-07;(77, 1);4
9.385229202938345e-08;(77, 1);5
3.5665638454491295e-10;(77, 1);6
2.913252448853862e-09;(77, 1);7
8.587492895561616e-14;(77, 1);8
2.972923230955436e-07;(77, 1);9
2.712075821715192e-16;(85, 0);0
2.5563135724738316e-14;(85, 0);1
5.24320580742516e-07;(85, 0);2
1.4075249150646876e-13;(85, 0);3
2.8307747187365116e-12;(85, 0);4
1.4561245077076304e-12;(85, 0);5
3.2522320795715047e-10;(85, 0);6
2.3268403743371795e-10;(85, 0);7
1.284067934864653e-13;(85, 0);8
3.05953251484311e-20;(85, 0);9
6.590657069385413e-16;(85, 1);0
1.499499276393973e-11;(85, 1);1
1.0670848789820433e-11;(85, 1);2
1.613725723809209e-12;(85, 1);3
1.244754101383363e-08;(85, 1);4
1.6854646081048423e-10;(85, 1);5
7.188543305359448e-13;(85, 1);6
1.782412961532337e-17;(85, 1);7
3.0097669186138916e-05;(85, 1);8
9.037053134336861e-13;(85, 1);9
3.828432246532774e-20;(85, 2);0
1.0562321084940448e-08;(85, 2);1
2.7093367156148338e-08;(85, 2);2
6.577582886926663e-12;(85, 2);3
1.6270295158407303e-10;(85, 2);4
6.645429285229402e-15;(85, 2);5
2.2742774540141262e-15;(85, 2);6
4.399352957054841e-18;(85, 2);7
4.063736468730477e-14;(85, 2);8
5.4664869972474876e-11;(85, 2);9
1.106357409115328e-14;(85, 3);0
3.6690059979529527e-10;(85, 3);1
5.338526152536226e-19;(85, 3);2
1.2488033732097635e-12;(85, 3);3
8.45440428934576e-09;(85, 3);4
1.04284104645457e-19;(85, 3);5
6.151500857086666e-08;(85, 3);6
1.540128906831599e-18;(85, 3);7
5.526813847619647e-13;(85, 3);8
7.261076126266923e-27;(85, 3);9
2.298542879203121e-13;(86, 0);0
6.238606440033358e-13;(86, 0);1
8.500437214652799e-10;(86, 0);2
4.727518393146629e-17;(86, 0);3
1.487864842376635e-20;(86, 0);4
1.3714709056398974e-13;(86, 0);5
1.9822020456211092e-08;(86, 0);6
1.1107302112487673e-12;(86, 0);7
1.776102195963815e-21;(86, 0);8
2.992526601138934e-18;(86, 0);9
1.5432077447958103e-12;(86, 1);0
9.981248437041795e-13;(86, 1);1
9.124307546647729e-11;(86, 1);2
2.8823603900509688e-15;(86, 1);3
5.517076208840616e-18;(86, 1);4
4.543490607526237e-12;(86, 1);5
5.108193882760796e-16;(86, 1);6
8.024758011207129e-05;(86, 1);7
1.4443637194817488e-09;(86, 1);8
1.6039272519651508e-15;(86, 1);9
9.669902697821983e-12;(86, 2);0
7.445599563064305e-17;(86, 2);1
2.6535645518814747e-15;(86, 2);2
6.370983947818327e-16;(86, 2);3
1.602351459197275e-10;(86, 2);4
2.270816275590954e-11;(86, 2);5
5.135431139027352e-10;(86, 2);6
7.244215345480038e-13;(86, 2);7
1.1484014881121842e-14;(86, 2);8
1.8335100177763173e-12;(86, 2);9
4.312427084750963e-09;(86, 3);0
7.206777848838521e-07;(86, 3);1
1.291760457653152e-08;(86, 3);2
3.5820249541273274e-10;(86, 3);3
1.0421147950609736e-08;(86, 3);4
1.504576167745993e-13;(86, 3);5
9.682819515712128e-11;(86, 3);6
1.3040429139423017e-13;(86, 3);7
5.2916855329692583e-20;(86, 3);8
7.323728148754164e-06;(86, 3);9
1.1161407938921979e-10;(87, 0);0
1.689703335016441e-15;(87, 0);1
7.027696957666822e-19;(87, 0);2
1.7857542441000494e-09;(87, 0);3
1.0061404210820881e-11;(87, 0);4
6.078170737998326e-08;(87, 0);5
2.3035989120486924e-05;(87, 0);6
1.382735815028449e-14;(87, 0);7
4.558089194196026e-18;(87, 0);8
4.505824663643823e-15;(87, 0);9
2.727197980254503e-13;(87, 1);0
7.920620256069823e-16;(87, 1);1
5.5846214307718584e-09;(87, 1);2
3.4561253391421254e-21;(87, 1);3
5.068832119078204e-15;(87, 1);4
6.8539416425034415e-18;(87, 1);5
3.656842616859706e-09;(87, 1);6
2.184594439520154e-21;(87, 1);7
6.488128405858249e-16;(87, 1);8
6.238851246174995e-20;(87, 1);9
1.8927137800500246e-12;(87, 2);0
5.060550620059425e-15;(87, 2);1
2.6146178667373073e-13;(87, 2);2
1.119491822083785e-21;(87, 2);3
4.765808344384374e-18;(87, 2);4
2.2537478618620387e-15;(87, 2);5
5.409493272109581e-15;(87, 2);6
4.3389826610200307e-13;(87, 2);7
1.1662226200513938e-09;(87, 2);8
1.7712641400238069e-09;(87, 2);9
8.033188653396389e-11;(87, 3);0
4.775613295938138e-10;(87, 3);1
5.4182479144501406e-11;(87, 3);2
7.682712642363644e-07;(87, 3);3
2.170525589037613e-12;(87, 3);4
1.80219978765635e-14;(87, 3);5
6.60628307425297e-12;(87, 3);6
5.904654650516739e-07;(87, 3);7
1.6583825682347032e-20;(87, 3);8
1.319800770304047e-11;(87, 3);9
2.534147189453007e-14;(88, 0);0
1.1088609972049041e-15;(88, 0);1
8.12530020868587e-15;(88, 0);2
3.769420760772408e-10;(88, 0);3
1.4584780444980114e-10;(88, 0);4
6.487467673683163e-12;(88, 0);5
2.6978090208496787e-09;(88, 0);6
1.0485384498628959e-16;(88, 0);7
2.544418923730803e-10;(88, 0);8
2.822644993497011e-15;(88, 0);9
1.2396706844866886e-14;(88, 1);0
1.753556882759047e-18;(88, 1);1
4.6334952893607945e-11;(88, 1);2
2.7067637015379567e-14;(88, 1);3
5.2770249868687547e-20;(88, 1);4
2.8982788051502806e-18;(88, 1);5
1.3241217753376977e-11;(88, 1);6
1.597965481807755e-10;(88, 1);7
7.261108195102663e-12;(88, 1);8
2.0347360942510935e-16;(88, 1);9
6.647613067229928e-07;(88, 2);0
1.7755537816976658e-10;(88, 2);1
8.529249205749637e-18;(88, 2);2
4.7884537990486525e-09;(88, 2);3
7.347199262899506e-09;(88, 2);4
0.00029854136989052857;(88, 2);5
6.009211087054337e-25;(88, 2);6
6.840805059990061e-15;(88, 2);7
6.198215864001799e-07;(88, 2);8
4.337521404219867e-19;(88, 2);9
1.2241094462965044e-18;(88, 3);0
2.7889611461122594e-08;(88, 3);1
5.4092143806167715e-18;(88, 3);2
3.4730396178224023e-16;(88, 3);3
4.191600629136583e-12;(88, 3);4
8.194702406179395e-12;(88, 3);5
1.1242980993319177e-15;(88, 3);6
1.5773649448353783e-19;(88, 3);7
1.1543821913047846e-13;(88, 3);8
5.969219832499691e-08;(88, 3);9
8.283205918147878e-16;(89, 0);0
3.920060249578634e-23;(89, 0);1
1.597463499612412e-16;(89, 0);2
1.2217236975166114e-10;(89, 0);3
2.537588341862593e-12;(89, 0);4
1.8419819364619544e-16;(89, 0);5
9.99054282507889e-10;(89, 0);6
8.071769531998938e-09;(89, 0);7
8.123584600763827e-10;(89, 0);8
1.0027232995430324e-09;(89, 0);9
6.977335534088753e-11;(89, 1);0
3.7012218371889674e-09;(89, 1);1
4.4651420001087033e-05;(89, 1);2
1.253937478178444e-12;(89, 1);3
6.978566740535995e-18;(89, 1);4
7.175487583457766e-08;(89, 1);5
1.3093037759018543e-09;(89, 1);6
8.218335531274315e-17;(89, 1);7
8.392094791568206e-12;(89, 1);8
5.03047013252253e-12;(89, 1);9
8.832519167035887e-11;(89, 2);0
4.8487981429802966e-20;(89, 2);1
1.5615801841341392e-21;(89, 2);2
2.4027111989522213e-15;(89, 2);3
7.195001570723673e-16;(89, 2);4
5.328250152350303e-19;(89, 2);5
1.6572300480596794e-13;(89, 2);6
8.9769478173128e-23;(89, 2);7
9.343466822212668e-14;(89, 2);8
3.461370674994808e-15;(89, 2);9
0.00020973207624192994;(89, 3);0
4.964737649393945e-13;(89, 3);1
4.772707974214238e-14;(89, 3);2
1.3931400123124278e-19;(89, 3);3
7.501845167819867e-10;(89, 3);4
3.4155776637814717e-09;(89, 3);5
2.09433818385482e-05;(89, 3);6
5.598241308652805e-07;(89, 3);7
6.139237378821214e-20;(89, 3);8
2.485431535238794e-15;(89, 3);9
2.255307365513615e-17;(91, 1);0
9.507527973695287e-17;(91, 1);1
4.1497384563471984e-17;(91, 1);2
2.5608600051174023e-14;(91, 1);3
1.1665836991659895e-14;(91, 1);4
1.650455598304553e-15;(91, 1);5
8.367616979924091e-19;(91, 1);6
4.3655476625063467e-10;(91, 1);7
2.2992669009678767e-23;(91, 1);8
2.1089292611533506e-14;(91, 1);9
1.8366311117407535e-15;(91, 2);0
1.491367469873578e-17;(91, 2);1
4.4605260597287164e-20;(91, 2);2
7.499812349144932e-18;(91, 2);3
3.714336007962108e-13;(91, 2);4
5.57615823051355e-24;(91, 2);5
5.824743815713352e-18;(91, 2);6
5.257211889011228e-16;(91, 2);7
1.023740702521168e-15;(91, 2);8
1.4557438497204383e-22;(91, 2);9
4.768201013171947e-14;(91, 3);0
7.306144648665889e-18;(91, 3);1
6.736282214756603e-16;(91, 3);2
5.509838845608463e-11;(91, 3);3
1.0717720987688523e-12;(91, 3);4
2.9140371625528066e-26;(91, 3);5
5.580652203032248e-17;(91, 3);6
1.9317351305765957e-23;(91, 3);7
2.523167803724507e-18;(91, 3);8
1.7392925778175041e-15;(91, 3);9
5.329361911740444e-16;(92, 0);0
4.6447393033247714e-27;(92, 0);1
1.3686314869928335e-25;(92, 0);2
1.950169973123087e-23;(92, 0);3
2.1260239131858526e-23;(92, 0);4
2.1949118171083112e-27;(92, 0);5
1.42007363374327e-26;(92, 0);6
1.757178635121498e-20;(92, 0);7
1.062316190244647e-31;(92, 0);8
1.1814658479931604e-23;(92, 0);9
9.552645331624722e-24;(92, 1);0
1.3642721314236212e-15;(92, 1);1
1.5093129756172172e-17;(92, 1);2
5.664008228475159e-28;(92, 1);3
1.8313080114291486e-21;(92, 1);4
1.0876781739360747e-23;(92, 1);5
2.3763641324571628e-14;(92, 1);6
6.168376863755911e-25;(92, 1);7
9.02372523457715e-21;(92, 1);8
3.429228296578473e-22;(92, 1);9
0.0015771564031721729;(90, 0);0
3.092583386603212e-17;(90, 0);1
1.244244760111397e-25;(90, 0);2
8.611298002159471e-05;(90, 0);3
9.778197915425865e-07;(90, 0);4
2.10384618309605e-16;(90, 0);5
5.8334778365248475e-09;(90, 0);6
4.1404523105420195e-09;(90, 0);7
2.8508662102319537e-16;(90, 0);8
1.4910337660727061e-05;(90, 0);9
1.2326049539903535e-13;(90, 1);0
2.943723783297169e-12;(90, 1);1
2.6298857347525146e-17;(90, 1);2
1.7262694989677286e-15;(90, 1);3
7.763199888981329e-11;(90, 1);4
3.4530791650014735e-10;(90, 1);5
2.310131860361305e-14;(90, 1);6
6.850361358779264e-27;(90, 1);7
4.5607123040672244e-12;(90, 1);8
1.3385770614591846e-13;(90, 1);9
6.6094384536581975e-18;(90, 2);0
2.5165971980174017e-15;(90, 2);1
1.776029037063011e-21;(90, 2);2
8.5372764603724e-19;(90, 2);3
4.032487583319862e-11;(90, 2);4
1.9387537299790924e-21;(90, 2);5
5.858297559981784e-17;(90, 2);6
7.754010678599708e-13;(90, 2);7
6.598450857567322e-18;(90, 2);8
3.129564877737425e-20;(90, 2);9
1.740764529992293e-21;(90, 3);0
3.5034311622144787e-14;(90, 3);1
8.667392961275028e-13;(90, 3);2
8.269533637599746e-06;(90, 3);3
2.093100740637089e-15;(90, 3);4
6.325592958596376e-12;(90, 3);5
2.2255096551681188e-13;(90, 3);6
1.362095908970076e-14;(90, 3);7
1.0620253664819696e-06;(90, 3);8
9.047954006013683e-15;(90, 3);9
1.355571354242196e-07;(91, 0);0
3.402821730112028e-16;(91, 0);1
2.5173810574270363e-13;(91, 0);2
7.484313250081195e-09;(91, 0);3
2.280552725448749e-15;(91, 0);4
2.634566121673873e-10;(91, 0);5
8.012546760518458e-22;(91, 0);6
9.213790510518393e-20;(91, 0);7
2.525140371022458e-06;(91, 0);8
2.008936588516013e-17;(91, 0);9
1.048174644347702e-11;(93, 3);0
1.0573439162353618e-18;(93, 3);1
1.2908567857317466e-18;(93, 3);2
1.8170546237735588e-19;(93, 3);3
6.971786670980015e-15;(93, 3);4
6.893944181609451e-10;(93, 3);5
6.0639686820717395e-21;(93, 3);6
3.780094014430025e-19;(93, 3);7
1.9207362039483127e-15;(93, 3);8
1.193162427237087e-11;(93, 3);9
3.110975373519879e-19;(94, 0);0
2.2675794400969023e-15;(94, 0);1
6.033078545527493e-22;(94, 0);2
1.6530808049704594e-16;(94, 0);3
7.210082943617574e-21;(94, 0);4
1.4032763403630496e-12;(94, 0);5
3.198911007428556e-16;(94, 0);6
2.0022819573402603e-13;(94, 0);7
2.766257199610514e-18;(94, 0);8
2.954740103856515e-17;(94, 0);9
3.061946386549256e-11;(94, 1);0
2.2461336666261277e-15;(94, 1);1
4.4205369603897424e-17;(94, 1);2
1.3470457446018794e-20;(94, 1);3
5.90439778389435e-11;(94, 1);4
2.5465492314920246e-07;(94, 1);5
1.5453180934473537e-19;(94, 1);6
2.112305800340422e-11;(94, 1);7
4.326221953114679e-18;(94, 1);8
8.581128543475831e-14;(94, 1);9
5.676761646693128e-15;(94, 2);0
8.571135351692313e-17;(94, 2);1
3.5375007608698373e-15;(94, 2);2
3.950445271748262e-17;(94, 2);3
6.668172370462426e-20;(94, 2);4
2.0186704339479078e-19;(94, 2);5
3.524984306405106e-15;(94, 2);6
2.891238106286084e-22;(94, 2);7
2.5481488502292382e-17;(94, 2);8
1.018869193089042e-18;(94, 2);9
2.313119889358101e-25;(94, 3);0
6.987491973521389e-13;(94, 3);1
1.933069957211525e-16;(94, 3);2
2.173851965246942e-15;(94, 3);3
7.553801413336044e-15;(94, 3);4
2.5604693989929237e-15;(94, 3);5
4.502104851725413e-15;(94, 3);6
5.860343194927871e-26;(94, 3);7
1.794242965310427e-12;(94, 3);8
1.6460868720807068e-32;(94, 3);9
6.224733362200307e-11;(83, 3);0
2.481905981203157e-13;(83, 3);1
2.63357890204688e-17;(83, 3);2
3.7294539812194976e-22;(83, 3);3
7.884253586157833e-18;(83, 3);4
5.304022898630322e-22;(83, 3);5
1.1401662640851304e-18;(83, 3);6
2.8506915746155466e-24;(83, 3);7
4.605433725578191e-21;(83, 3);8
1.4595045266113864e-13;(83, 3);9
2.0407473741715304e-13;(84, 0);0
3.9572702370417465e-10;(84, 0);1
1.8290015696729262e-08;(84, 0);2
1.035054250489881e-08;(84, 0);3
7.894072506123321e-11;(84, 0);4
1.8881482060145408e-08;(84, 0);5
3.5691327544914725e-10;(84, 0);6
1.0859467596833434e-11;(84, 0);7
2.0211102977398896e-12;(84, 0);8
9.27246144911352e-08;(84, 0);9
8.275226948286352e-21;(84, 1);0
1.6397546328674315e-07;(84, 1);1
5.912243196292352e-17;(84, 1);2
2.791618342306198e-09;(84, 1);3
3.590069304611079e-10;(84, 1);4
1.6443483019018004e-09;(84, 1);5
1.088678415813719e-12;(84, 1);6
1.2141494639428387e-14;(84, 1);7
2.387225786429815e-11;(84, 1);8
5.816695809050519e-18;(84, 1);9
9.592183825222343e-14;(84, 2);0
1.1396337575029937e-13;(84, 2);1
9.390866099764664e-14;(84, 2);2
1.2963364473390204e-12;(84, 2);3
1.4687335688095847e-10;(84, 2);4
8.147393179651539e-22;(84, 2);5
3.469055688015215e-11;(84, 2);6
1.4465585521182295e-10;(84, 2);7
1.1857159632512743e-13;(84, 2);8
5.024182975235755e-12;(84, 2);9
3.0309877139862524e-13;(84, 3);0
2.0891420774198596e-12;(84, 3);1
1.2438766822446362e-13;(84, 3);2
3.5740635998417905e-14;(84, 3);3
1.995069754706003e-09;(84, 3);4
5.1813616165016936e-14;(84, 3);5
1.7029099641601558e-11;(84, 3);6
1.1409668103652859e-11;(84, 3);7
5.744325615728654e-13;(84, 3);8
3.1097375129426412e-18;(84, 3);9
1.4481317544165561e-09;(95, 0);0
7.940497501510754e-11;(95, 0);1
8.416650542457332e-14;(95, 0);2
9.540203189968282e-11;(95, 0);3
4.5358762485059437e-11;(95, 0);4
2.2052879160192314e-07;(95, 0);5
1.8517531490548617e-13;(95, 0);6
1.7600265882094288e-10;(95, 0);7
7.95443189896425e-05;(95, 0);8
6.41524827883318e-13;(95, 0);9
2.5365723988712896e-16;(95, 1);0
1.0984571703557584e-08;(95, 1);1
1.1934084090234242e-09;(95, 1);2
6.52914063123895e-15;(95, 1);3
4.749417717895838e-13;(95, 1);4
8.475377329649271e-12;(95, 1);5
1.7817507727357615e-14;(95, 1);6
6.139101140185194e-13;(95, 1);7
4.085060482441563e-14;(95, 1);8
1.7151862527658856e-15;(95, 1);9
5.979022534027506e-10;(95, 2);0
6.248498192212394e-12;(95, 2);1
4.497347842601438e-15;(95, 2);2
2.135449233371528e-18;(95, 2);3
2.4328815872673145e-11;(95, 2);4
2.7773441771929856e-11;(95, 2);5
9.266131442497731e-10;(95, 2);6
1.1064716621176237e-16;(95, 2);7
1.7196067214660352e-16;(95, 2);8
1.1748977158591288e-09;(95, 2);9
8.100434977772656e-07;(95, 3);0
6.726099104708785e-05;(95, 3);1
1.0007879425937926e-12;(95, 3);2
2.043373912526454e-05;(95, 3);3
5.551768794206532e-10;(95, 3);4
1.7236396303900314e-09;(95, 3);5
0.0025411755771638385;(95, 3);6
1.4678738882618454e-07;(95, 3);7
1.7309397354835725e-07;(95, 3);8
1.6698267526847976e-07;(95, 3);9
0.0002994284830873246;(96, 0);0
2.2921825505037067e-07;(96, 0);1
1.748146429923332e-08;(96, 0);2
9.236416833541977e-09;(96, 0);3
7.941430254831523e-07;(96, 0);4
0.00016890039316822827;(96, 0);5
0.004407741739624351;(96, 0);6
1.6197885896959901e-12;(96, 0);7
6.69957799884739e-08;(96, 0);8
4.306330918516163e-05;(96, 0);9
0.0001770997850237943;(82, 2);0
1.8458263180351786e-07;(82, 2);1
1.966698042438117e-05;(82, 2);2
4.2894479094235055e-06;(82, 2);3
8.471882419028888e-06;(82, 2);4
1.181375308046621e-05;(82, 2);5
4.798402278397593e-10;(82, 2);6
2.621756081587038e-05;(82, 2);7
1.2348973374231772e-07;(82, 2);8
3.130591626966101e-10;(82, 2);9
1.370388852316945e-06;(82, 3);0
3.781113590568762e-09;(82, 3);1
4.150324620592565e-07;(82, 3);2
0.00019047329352776235;(82, 3);3
3.515484502724204e-09;(82, 3);4
0.0028912773408727825;(82, 3);5
2.3451424066442525e-07;(82, 3);6
4.6704476949583627e-07;(82, 3);7
2.3403571688965447e-05;(82, 3);8
1.9293498221323743e-08;(82, 3);9
3.066305041125954e-12;(83, 0);0
1.2456242150076667e-10;(83, 0);1
3.987095790736683e-15;(83, 0);2
9.16974516630475e-13;(83, 0);3
1.234065943835021e-10;(83, 0);4
3.31161991790658e-16;(83, 0);5
8.416214343113638e-11;(83, 0);6
9.229778325379148e-19;(83, 0);7
1.4846060003153966e-18;(83, 0);8
8.7206749210977e-12;(83, 0);9
8.154755461817096e-15;(83, 1);0
5.3858557835225686e-17;(83, 1);1
6.578489413325422e-21;(83, 1);2
1.2740049863125971e-16;(83, 1);3
3.4511632986314537e-19;(83, 1);4
6.5650202442743265e-18;(83, 1);5
1.2055269415804982e-12;(83, 1);6
4.951927074063062e-16;(83, 1);7
1.7602059856420289e-12;(83, 1);8
2.505097458315211e-19;(83, 1);9
1.6854727430857195e-11;(83, 2);0
4.0452510829729745e-11;(83, 2);1
9.106824801710333e-13;(83, 2);2
2.0346831545633876e-13;(83, 2);3
2.156782955231533e-17;(83, 2);4
1.1486827911767596e-10;(83, 2);5
7.559615474255502e-10;(83, 2);6
1.476692107173683e-11;(83, 2);7
3.720215610150111e-09;(83, 2);8
1.586188233330035e-12;(83, 2);9
4.696724702610481e-09;(96, 1);0
0.0006570869043503711;(96, 1);1
5.567183132673975e-12;(96, 1);2
0.00013659940980450294;(96, 1);3
0.00019678310288055;(96, 1);4
3.078751470602939e-07;(96, 1);5
1.021486945582867e-05;(96, 1);6
2.0707003229200102e-10;(96, 1);7
4.516155710058697e-09;(96, 1);8
2.166140761546979e-05;(96, 1);9
0.00027637932970929886;(96, 2);0
0.001923214460289075;(96, 2);1
5.625991898822473e-07;(96, 2);2
1.1400726277291478e-06;(96, 2);3
1.2898287631704402e-08;(96, 2);4
0.00011299963455360178;(96, 2);5
5.2497655784829207e-05;(96, 2);6
3.6455748584935965e-06;(96, 2);7
2.7123616045753934e-06;(96, 2);8
1.613181009694006e-05;(96, 2);9
1.6765286988796042e-06;(96, 3);0
2.608709235306664e-10;(96, 3);1
8.518010093739997e-09;(96, 3);2
0.0008158949653957144;(96, 3);3
3.397425192730814e-07;(96, 3);4
0.0001634518336306094;(96, 3);5
4.842661240959078e-06;(96, 3);6
6.311323267471297e-05;(96, 3);7
3.3138670749233093e-09;(96, 3);8
2.431266526532e-11;(96, 3);9
6.269429611332995e-22;(97, 0);0
1.5968327125156432e-12;(97, 0);1
7.734652824885705e-10;(97, 0);2
5.62945309595173e-12;(97, 0);3
1.3560205738739503e-08;(97, 0);4
2.2512648461864655e-15;(97, 0);5
3.3920153768533926e-18;(97, 0);6
9.299355170706146e-13;(97, 0);7
2.701566476660571e-12;(97, 0);8
1.3336231636814114e-10;(97, 0);9
4.515114611578152e-25;(97, 1);0
9.140448793555314e-19;(97, 1);1
9.927056406663485e-08;(97, 1);2
2.3108992271094803e-32;(97, 1);3
8.1785448421504e-19;(97, 1);4
2.0717938212738446e-13;(97, 1);5
1.2023057047589678e-17;(97, 1);6
4.069170462770147e-19;(97, 1);7
2.1437684371922727e-09;(97, 1);8
1.0884489650127228e-09;(97, 1);9
2.9877916232105193e-24;(92, 2);0
8.634898984056634e-19;(92, 2);1
1.049892559471212e-16;(92, 2);2
2.1074423704320104e-18;(92, 2);3
1.175471465253165e-15;(92, 2);4
1.2148821352338713e-19;(92, 2);5
3.5201496087002414e-24;(92, 2);6
2.0598529022702468e-19;(92, 2);7
5.56076880052314e-23;(92, 2);8
1.7096836277442392e-18;(92, 2);9
1.9334719766621567e-18;(92, 3);0
5.4170017592372814e-21;(92, 3);1
2.5773863555320282e-21;(92, 3);2
1.3490555886900073e-25;(92, 3);3
2.7646356745948107e-23;(92, 3);4
5.531830523893522e-12;(92, 3);5
2.3982223169895117e-15;(92, 3);6
9.35395560881153e-13;(92, 3);7
2.5076693471768815e-23;(92, 3);8
3.923478120280155e-13;(92, 3);9
2.358527950348923e-09;(93, 0);0
1.2421988855007718e-17;(93, 0);1
2.7071765420929533e-17;(93, 0);2
5.127071842919588e-18;(93, 0);3
3.854955366700856e-12;(93, 0);4
1.6861125409227113e-11;(93, 0);5
8.530712914732698e-13;(93, 0);6
6.645122514898581e-14;(93, 0);7
1.2993685462384062e-16;(93, 0);8
4.230393031250451e-14;(93, 0);9
1.0680061979780265e-16;(93, 1);0
4.825719778375734e-26;(93, 1);1
2.4355235071268398e-11;(93, 1);2
1.5593751824535517e-17;(93, 1);3
1.4937285968440986e-21;(93, 1);4
3.602969606803495e-17;(93, 1);5
2.085709111483117e-15;(93, 1);6
1.948387348281242e-27;(93, 1);7
5.232162578390494e-21;(93, 1);8
8.238428579873858e-19;(93, 1);9
4.483446810197778e-19;(93, 2);0
1.2745070350761617e-14;(93, 2);1
5.6648153022416586e-08;(93, 2);2
7.384998711584346e-12;(93, 2);3
5.916309616207302e-21;(93, 2);4
6.809781285438282e-23;(93, 2);5
1.3865072157652897e-10;(93, 2);6
1.1462223870553172e-10;(93, 2);7
5.293837687752873e-32;(93, 2);8
3.212662635497391e-19;(93, 2);9
1.2525202529323231e-16;(97, 2);0
3.431810388426889e-16;(97, 2);1
6.460420403895556e-16;(97, 2);2
1.5420250522645153e-14;(97, 2);3
6.5671792899547875e-16;(97, 2);4
1.3873849031608006e-17;(97, 2);5
6.303117468129526e-22;(97, 2);6
5.519976798738831e-18;(97, 2);7
3.495045156873549e-19;(97, 2);8
1.521086602304656e-19;(97, 2);9
4.2479151336478867e-13;(97, 3);0
6.536547820682803e-16;(97, 3);1
7.614238206926131e-10;(97, 3);2
2.4501330593559037e-16;(97, 3);3
1.844370260177576e-16;(97, 3);4
1.1623288798793432e-08;(97, 3);5
1.711968970939342e-11;(97, 3);6
2.04625249254445e-10;(97, 3);7
1.3630462623192264e-15;(97, 3);8
2.2029153090005214e-06;(97, 3);9
3.1296936328711245e-14;(98, 0);0
5.878659298556206e-11;(98, 0);1
2.3717985101738635e-12;(98, 0);2
3.3132255759484487e-14;(98, 0);3
3.56569697346462e-15;(98, 0);4
5.043343959837721e-13;(98, 0);5
4.065022472749241e-13;(98, 0);6
2.988592204108352e-15;(98, 0);7
1.2784066730523593e-12;(98, 0);8
9.674827197746868e-15;(98, 0);9
7.907735440307523e-10;(98, 1);0
1.9885476838502368e-08;(98, 1);1
2.6785118917197543e-08;(98, 1);2
1.4012042644243809e-05;(98, 1);3
2.961940907754254e-10;(98, 1);4
7.708168836464346e-09;(98, 1);5
2.2120457158291809e-10;(98, 1);6
1.8252325482906138e-09;(98, 1);7
2.684047275770166e-10;(98, 1);8
2.322905223589108e-12;(98, 1);9
9.176064717506698e-17;(98, 2);0
4.363275250657193e-19;(98, 2);1
3.98861970639034e-15;(98, 2);2
3.0856442258477154e-07;(98, 2);3
1.2203902295687944e-09;(98, 2);4
9.156567884002018e-15;(98, 2);5
8.849784674423181e-29;(98, 2);6
4.746868393125e-13;(98, 2);7
9.200190065163802e-12;(98, 2);8
9.409965406055201e-13;(98, 2);9
4.756189092800606e-13;(101, 1);0
3.1770464182266907e-18;(101, 1);1
3.909960585551117e-10;(101, 1);2
3.6594070507990086e-20;(101, 1);3
2.95146533995728e-13;(101, 1);4
1.1334755966173416e-06;(101, 1);5
1.1246326305209225e-16;(101, 1);6
5.967476595780679e-15;(101, 1);7
3.3741372740169856e-14;(101, 1);8
7.850916815231531e-12;(101, 1);9
4.0345163657892195e-11;(101, 2);0
1.290438845881476e-20;(101, 2);1
1.2246029231489936e-15;(101, 2);2
8.31949630087962e-18;(101, 2);3
1.2234771271277698e-12;(101, 2);4
2.6409065259391115e-28;(101, 2);5
4.2595024928826754e-19;(101, 2);6
2.406447866029549e-18;(101, 2);7
1.5181345949498636e-13;(101, 2);8
1.9876276315664546e-18;(101, 2);9
5.493459257996541e-18;(101, 3);0
1.9499647146192262e-26;(101, 3);1
3.1814254675538793e-19;(101, 3);2
1.5563267185307897e-15;(101, 3);3
5.819329405926911e-13;(101, 3);4
1.999598061098977e-24;(101, 3);5
3.362855124771804e-14;(101, 3);6
4.059798975355809e-18;(101, 3);7
1.2072586871331035e-16;(101, 3);8
4.6805356630958184e-11;(101, 3);9
1.1590758430531384e-06;(102, 0);0
3.6165385523782586e-05;(102, 0);1
0.018763457296371598;(102, 0);2
0.0003216248376855515;(102, 0);3
1.3558629737175715e-05;(102, 0);4
4.2293267495330284e-10;(102, 0);5
0.003743921812254574;(102, 0);6
3.6741205205869254e-08;(102, 0);7
0.013371599049314715;(102, 0);8
1.6490146723664875e-07;(102, 0);9
3.130885053793957e-07;(102, 1);0
0.0038348472904840424;(102, 1);1
1.2682437068613969e-06;(102, 1);2
6.700428707259001e-08;(102, 1);3
3.3131386218583395e-08;(102, 1);4
3.1545237985619285e-07;(102, 1);5
7.191986064053317e-05;(102, 1);6
7.206303296058363e-07;(102, 1);7
2.6031213462162825e-06;(102, 1);8
4.956789335392278e-07;(102, 1);9
6.484482998421393e-12;(106, 1);0
6.038240988371916e-07;(106, 1);1
7.393945647034738e-15;(106, 1);2
9.817522924860769e-07;(106, 1);3
4.402380667132184e-18;(106, 1);4
3.8347225701539604e-14;(106, 1);5
8.12408000949667e-06;(106, 1);6
2.830548129232152e-12;(106, 1);7
6.980600236804186e-13;(106, 1);8
2.8449428181269385e-15;(106, 1);9
1.6189088976990654e-09;(106, 2);0
2.0065733908149954e-16;(106, 2);1
3.933543723410707e-10;(106, 2);2
3.1469467322061315e-13;(106, 2);3
4.6701711744766194e-08;(106, 2);4
5.643115937962633e-06;(106, 2);5
2.5995407267681045e-09;(106, 2);6
2.3258420506848635e-10;(106, 2);7
1.584275667033916e-11;(106, 2);8
4.756648895951115e-15;(106, 2);9
7.0353205103878165e-22;(106, 3);0
7.822758686925098e-10;(106, 3);1
4.9071111589744143e-11;(106, 3);2
1.5472868719659796e-14;(106, 3);3
1.4078915574068346e-18;(106, 3);4
2.7453111764381265e-14;(106, 3);5
1.06826949135292e-08;(106, 3);6
2.1640481234427044e-13;(106, 3);7
4.516416399442144e-18;(106, 3);8
3.3520790646548925e-11;(106, 3);9
4.730363301027254e-13;(107, 0);0
4.0756327973677426e-17;(107, 0);1
4.844237141383574e-18;(107, 0);2
3.3126719149168982e-21;(107, 0);3
1.0953610594492067e-10;(107, 0);4
1.0970150289469768e-11;(107, 0);5
1.214567884555032e-08;(107, 0);6
6.58149560404346e-13;(107, 0);7
3.4135370680036916e-16;(107, 0);8
1.674226788923532e-10;(107, 0);9
2.228669853763897e-17;(107, 1);0
5.416721134656062e-11;(107, 1);1
1.2115074704329947e-18;(107, 1);2
1.7007885157699288e-14;(107, 1);3
9.43559170412672e-17;(107, 1);4
1.946760921167198e-14;(107, 1);5
7.142396792095168e-16;(107, 1);6
5.0923499977544494e-14;(107, 1);7
3.831398762925566e-18;(107, 1);8
1.0502380201326256e-12;(107, 1);9
6.630411919885306e-09;(100, 0);0
4.894679435627924e-13;(100, 0);1
2.37944780620969e-18;(100, 0);2
1.1342034384237219e-05;(100, 0);3
9.149869154789566e-11;(100, 0);4
4.5200385311688895e-14;(100, 0);5
3.2454575921892847e-10;(100, 0);6
7.077979966019306e-09;(100, 0);7
5.378231562949405e-08;(100, 0);8
1.7240787460331305e-08;(100, 0);9
1.7085140415085358e-05;(100, 1);0
1.617204745014629e-11;(100, 1);1
2.3297034887352376e-13;(100, 1);2
5.210315024452079e-13;(100, 1);3
0.0004638098935568664;(100, 1);4
2.923636749217199e-12;(100, 1);5
3.5800377384160796e-12;(100, 1);6
1.1151585249940776e-08;(100, 1);7
2.1242815335760242e-13;(100, 1);8
1.2673350020072627e-12;(100, 1);9
9.967690688483635e-09;(100, 2);0
7.270428799171759e-08;(100, 2);1
9.853694352091937e-10;(100, 2);2
1.3183076938103048e-15;(100, 2);3
5.379743065899709e-14;(100, 2);4
5.668117924377113e-10;(100, 2);5
8.038963002747056e-14;(100, 2);6
2.4417542559015354e-05;(100, 2);7
3.69215049406762e-11;(100, 2);8
1.249109100785892e-12;(100, 2);9
1.3859956353305146e-14;(100, 3);0
1.0818388774274719e-12;(100, 3);1
8.360923274562183e-08;(100, 3);2
1.6804714319661324e-05;(100, 3);3
8.285735769376891e-08;(100, 3);4
1.277409860479888e-06;(100, 3);5
1.0536713462321877e-08;(100, 3);6
1.160277781678431e-09;(100, 3);7
1.3746956154915682e-09;(100, 3);8
8.502919223658445e-10;(100, 3);9
9.249537190326281e-11;(101, 0);0
6.005272488577248e-13;(101, 0);1
4.30315166000289e-11;(101, 0);2
1.0738321585714227e-15;(101, 0);3
7.7542471340868e-08;(101, 0);4
6.997315855251745e-14;(101, 0);5
7.537647366380377e-11;(101, 0);6
4.385653490840846e-13;(101, 0);7
3.994839856076828e-16;(101, 0);8
5.071257264968418e-10;(101, 0);9
6.325081936765177e-10;(102, 2);0
8.011123228010156e-08;(102, 2);1
0.0017382387926157062;(102, 2);2
6.636074899423202e-13;(102, 2);3
8.010992070221022e-07;(102, 2);4
1.8420267966963617e-05;(102, 2);5
8.182521408982143e-05;(102, 2);6
7.532252861074793e-15;(102, 2);7
2.649528773413562e-10;(102, 2);8
1.87085873433002e-07;(102, 2);9
3.6540818903169823e-07;(102, 3);0
1.363342873098053e-11;(102, 3);1
1.7786533245588767e-12;(102, 3);2
5.785956792609177e-08;(102, 3);3
9.389275351785044e-10;(102, 3);4
1.0443892204648169e-13;(102, 3);5
4.466252657227797e-10;(102, 3);6
2.3243673470012777e-17;(102, 3);7
5.626797804270349e-10;(102, 3);8
9.941227030145844e-10;(102, 3);9
1.2050258193812374e-09;(103, 0);0
1.8337195176285613e-15;(103, 0);1
2.601180711221449e-12;(103, 0);2
6.603083412373503e-17;(103, 0);3
1.2694177010070855e-15;(103, 0);4
1.4879260326950473e-14;(103, 0);5
7.389764455882684e-19;(103, 0);6
1.0782594633463331e-16;(103, 0);7
1.1730432753957296e-13;(103, 0);8
4.8539510732128595e-12;(103, 0);9
5.18266906288529e-19;(103, 1);0
1.5621928006644887e-25;(103, 1);1
2.206481304940202e-26;(103, 1);2
5.666031295343594e-17;(103, 1);3
1.8941177588519277e-27;(103, 1);4
1.9601716366659728e-22;(103, 1);5
2.66763570203494e-41;(103, 1);6
3.208152621026278e-21;(103, 1);7
1.8273260666877874e-20;(103, 1);8
5.006889678841511e-17;(103, 1);9
2.581184240011409e-29;(103, 2);0
1.960271162366818e-17;(103, 2);1
1.2660213086673512e-16;(103, 2);2
1.1490934250702049e-18;(103, 2);3
1.5253145832244004e-15;(103, 2);4
1.7954626100270592e-22;(103, 2);5
1.2980117110481276e-20;(103, 2);6
9.510245069270966e-23;(103, 2);7
2.608763740145936e-28;(103, 2);8
9.43413390637885e-22;(103, 2);9
1.1558781164216555e-11;(110, 0);0
1.202066211610657e-16;(110, 0);1
1.2097762962033387e-12;(110, 0);2
3.176038831514985e-09;(110, 0);3
2.5919491622831726e-19;(110, 0);4
1.40801737228375e-13;(110, 0);5
5.629957815880771e-18;(110, 0);6
1.4226862599479727e-09;(110, 0);7
1.1333642325788166e-18;(110, 0);8
8.62979274651357e-09;(110, 0);9
2.7170210324882197e-09;(110, 1);0
1.0467434271738924e-14;(110, 1);1
2.2361964602199548e-11;(110, 1);2
5.458320740491128e-15;(110, 1);3
1.0668136379609332e-14;(110, 1);4
2.4580831265312916e-12;(110, 1);5
4.0729262270642017e-20;(110, 1);6
1.558504638301043e-19;(110, 1);7
2.4644686040845316e-16;(110, 1);8
9.434951311528035e-21;(110, 1);9
1.0203174878539947e-13;(110, 2);0
2.291348504322823e-09;(110, 2);1
8.914554002243917e-09;(110, 2);2
2.997791376531498e-14;(110, 2);3
4.899364962798109e-13;(110, 2);4
2.301759226762982e-15;(110, 2);5
4.230860408983805e-14;(110, 2);6
7.587940471697049e-14;(110, 2);7
2.833046264209371e-13;(110, 2);8
8.048356985603734e-14;(110, 2);9
4.3073888146072255e-15;(110, 3);0
1.7355644764515585e-18;(110, 3);1
1.3521298724832393e-14;(110, 3);2
2.4225572813792503e-13;(110, 3);3
5.313022398414024e-13;(110, 3);4
2.312719157124407e-15;(110, 3);5
7.265043701736218e-13;(110, 3);6
1.101281427438033e-17;(110, 3);7
6.877640281568704e-14;(110, 3);8
1.6231752394764304e-10;(110, 3);9
3.809647707371461e-10;(111, 0);0
3.2237361256734984e-07;(111, 0);1
7.474162978865569e-08;(111, 0);2
1.941746843865728e-12;(111, 0);3
1.600415913721205e-07;(111, 0);4
4.724877010239375e-06;(111, 0);5
6.452064863859936e-08;(111, 0);6
2.5210779189839156e-06;(111, 0);7
1.5245322924276882e-05;(111, 0);8
1.9528379999709133e-06;(111, 0);9
4.055907774743233e-11;(111, 1);0
1.4301919266984557e-12;(111, 1);1
3.636617304017606e-11;(111, 1);2
3.705964492759818e-13;(111, 1);3
3.311198289101219e-07;(111, 1);4
3.842245930422175e-11;(111, 1);5
9.528809728193675e-10;(111, 1);6
2.973436448189943e-10;(111, 1);7
1.1260980906452218e-11;(111, 1);8
1.726682841750399e-08;(111, 1);9
4.4270956017099765e-26;(111, 2);0
6.275817297940447e-13;(111, 2);1
1.3565074536277545e-14;(111, 2);2
3.8157959035458836e-21;(111, 2);3
6.4213682088705065e-18;(111, 2);4
2.474355134012261e-19;(111, 2);5
1.5233166208541877e-15;(111, 2);6
6.52390540056437e-19;(111, 2);7
2.796098379871077e-17;(111, 2);8
8.215401268449141e-24;(111, 2);9
5.227029163596152e-07;(111, 3);0
6.399968128801469e-13;(111, 3);1
2.0839836339903786e-07;(111, 3);2
3.360446210591134e-09;(111, 3);3
7.829526356001361e-16;(111, 3);4
8.494048218791989e-11;(111, 3);5
6.881590564572366e-12;(111, 3);6
9.720975585910847e-11;(111, 3);7
4.453627259741992e-10;(111, 3);8
2.8403791308763382e-08;(111, 3);9
1.9382296718405098e-09;(112, 0);0
4.172394739154044e-08;(112, 0);1
3.8793716144351845e-15;(112, 0);2
1.5206593866640266e-15;(112, 0);3
6.17195972212737e-07;(112, 0);4
9.435768075724859e-14;(112, 0);5
7.853450866997475e-12;(112, 0);6
3.689466495158519e-05;(112, 0);7
4.494200682860271e-08;(112, 0);8
1.4882884821628861e-09;(112, 0);9
2.887401330511866e-07;(112, 1);0
2.0356875806849077e-08;(112, 1);1
1.8753566424178856e-07;(112, 1);2
2.2299481972624627e-09;(112, 1);3
5.9332743775169255e-12;(112, 1);4
4.677589276544031e-07;(112, 1);5
7.51729500786285e-09;(112, 1);6
1.8404889628147838e-10;(112, 1);7
3.0570685648902777e-12;(112, 1);8
7.044728605329165e-08;(112, 1);9
5.136334522097423e-28;(98, 3);0
1.3002330288597246e-25;(98, 3);1
1.0752651686177771e-30;(98, 3);2
3.718391522221525e-42;(98, 3);3
2.8905829060874196e-21;(98, 3);4
2.7915937130210895e-24;(98, 3);5
3.3106883131797523e-26;(98, 3);6
1.451308974638935e-24;(98, 3);7
4.986513410091317e-30;(98, 3);8
3.6677847794145824e-32;(98, 3);9
9.094500146520912e-06;(99, 0);0
7.254183185032868e-08;(99, 0);1
4.740896199162719e-07;(99, 0);2
0.0010213934395888029;(99, 0);3
1.6250848423400367e-12;(99, 0);4
5.1610304177663756e-11;(99, 0);5
1.6394850556249156e-07;(99, 0);6
4.5313871814662386e-11;(99, 0);7
1.0947943600479532e-11;(99, 0);8
1.2526905313914932e-10;(99, 0);9
2.5028718890902e-09;(99, 1);0
7.55458274915466e-09;(99, 1);1
3.464146496830431e-11;(99, 1);2
3.1589164513063087e-06;(99, 1);3
2.080223389237009e-09;(99, 1);4
1.9935801185623055e-16;(99, 1);5
6.330501245918561e-21;(99, 1);6
7.92971274585842e-09;(99, 1);7
1.7423754896680068e-12;(99, 1);8
1.908669577190574e-21;(99, 1);9
5.28827308951576e-17;(99, 2);0
1.8818490168042837e-08;(99, 2);1
4.441273437985032e-17;(99, 2);2
2.9819817152157955e-24;(99, 2);3
8.096175690076045e-10;(99, 2);4
5.073030110930339e-09;(99, 2);5
1.7789494844668845e-08;(99, 2);6
5.762522711210212e-09;(99, 2);7
2.2755775293394067e-13;(99, 2);8
2.881631736344311e-10;(99, 2);9
2.1110430075138965e-07;(99, 3);0
3.91134224616796e-06;(99, 3);1
7.06777671660203e-08;(99, 3);2
5.349321169072016e-09;(99, 3);3
4.877799300919908e-17;(99, 3);4
1.4216294210488208e-15;(99, 3);5
1.7006815161505453e-15;(99, 3);6
6.454650034338046e-16;(99, 3);7
1.8201598766921023e-15;(99, 3);8
1.7254974871481563e-11;(99, 3);9
3.8220835056831285e-11;(105, 0);0
4.726920450254222e-13;(105, 0);1
3.2962581542407306e-07;(105, 0);2
2.324394058220006e-05;(105, 0);3
2.8827771034326706e-13;(105, 0);4
6.381329061348064e-09;(105, 0);5
8.577747095675365e-09;(105, 0);6
7.679254810695252e-09;(105, 0);7
2.0508635134267026e-11;(105, 0);8
2.62020730628405e-13;(105, 0);9
7.30382896181796e-10;(105, 1);0
8.368742765430344e-07;(105, 1);1
7.357085684670861e-10;(105, 1);2
6.131937928955938e-16;(105, 1);3
1.5810630361817465e-09;(105, 1);4
6.165990787630346e-11;(105, 1);5
3.362768604085232e-11;(105, 1);6
2.0033699681232717e-11;(105, 1);7
9.824681911445226e-06;(105, 1);8
5.270239263146026e-16;(105, 1);9
2.4173830196528677e-05;(105, 2);0
1.5215028668855154e-10;(105, 2);1
9.86240053352965e-07;(105, 2);2
1.4613248729550255e-11;(105, 2);3
6.108838248142506e-12;(105, 2);4
1.4185112703241248e-08;(105, 2);5
1.6598607317942044e-07;(105, 2);6
2.294833113737521e-17;(105, 2);7
8.299222158533195e-13;(105, 2);8
5.559410187905551e-07;(105, 2);9
4.626410096001549e-13;(105, 3);0
7.632731694235419e-22;(105, 3);1
4.443947108569527e-17;(105, 3);2
1.7133194219051728e-15;(105, 3);3
8.131582274878019e-20;(105, 3);4
7.644086536256733e-10;(105, 3);5
1.016502515480197e-16;(105, 3);6
4.686803186128546e-10;(105, 3);7
7.353892642991698e-16;(105, 3);8
1.8681241876942728e-11;(105, 3);9
1.6127516359383102e-12;(106, 0);0
6.554677025696085e-10;(106, 0);1
2.4757544415084274e-07;(106, 0);2
1.8270477210224854e-07;(106, 0);3
4.858850967037298e-10;(106, 0);4
1.0839112896512162e-16;(106, 0);5
2.1589609393435925e-11;(106, 0);6
1.7073091949222982e-09;(106, 0);7
4.495045966808813e-11;(106, 0);8
1.781179629414892e-18;(106, 0);9
1.4784089869157248e-37;(107, 2);0
1.2565010968618762e-13;(107, 2);1
2.1924065640423342e-10;(107, 2);2
6.093689662117641e-19;(107, 2);3
2.7714935816430515e-15;(107, 2);4
1.886576212712044e-30;(107, 2);5
1.6762222200298475e-11;(107, 2);6
1.2694577989300432e-51;(107, 2);7
2.7776494255417464e-21;(107, 2);8
1.3230529287332789e-05;(107, 2);9
1.7903353664979584e-14;(107, 3);0
4.6420425250927945e-24;(107, 3);1
4.740986357799073e-14;(107, 3);2
2.1844480926219123e-13;(107, 3);3
2.2329759343780334e-20;(107, 3);4
3.618879735319419e-15;(107, 3);5
1.9745459004126743e-20;(107, 3);6
2.6283612167300665e-16;(107, 3);7
7.118226017632406e-17;(107, 3);8
1.5332064769184335e-12;(107, 3);9
3.588152086674508e-07;(108, 0);0
6.725105711967247e-05;(108, 0);1
1.3220269060289302e-09;(108, 0);2
5.957118396166e-07;(108, 0);3
8.915182515778122e-07;(108, 0);4
7.770151420912504e-13;(108, 0);5
2.0167305511599693e-18;(108, 0);6
1.2453199451318785e-09;(108, 0);7
1.7249454634470213e-06;(108, 0);8
3.0692405847719614e-08;(108, 0);9
9.032008627810734e-07;(108, 1);0
2.2014706306066553e-13;(108, 1);1
6.741563864012554e-05;(108, 1);2
1.6778351069870895e-05;(108, 1);3
1.5455997562912724e-08;(108, 1);4
4.88270100026217e-11;(108, 1);5
2.8828859687645166e-06;(108, 1);6
2.4121969613494484e-06;(108, 1);7
0.00036734579106434455;(108, 1);8
9.170493037573753e-09;(108, 1);9
4.4574716520218575e-11;(108, 2);0
1.004905112099813e-12;(108, 2);1
1.321043343547952e-12;(108, 2);2
1.3954865681455277e-12;(108, 2);3
3.8910385373731505e-17;(108, 2);4
6.160245122755519e-11;(108, 2);5
2.3695886518423633e-12;(108, 2);6
1.693845211895662e-11;(108, 2);7
9.938701985878215e-19;(108, 2);8
1.9994993866269918e-06;(108, 2);9
2.7299945880231364e-18;(103, 3);0
1.3576090277416397e-20;(103, 3);1
9.244273320541344e-17;(103, 3);2
9.378526115760522e-07;(103, 3);3
4.21940774842604e-24;(103, 3);4
1.85685323930814e-12;(103, 3);5
7.809299167675355e-20;(103, 3);6
2.8074450025950966e-14;(103, 3);7
2.3927782189211913e-29;(103, 3);8
2.4667656597917426e-16;(103, 3);9
4.755276569307667e-27;(104, 0);0
1.472619112455716e-16;(104, 0);1
3.165686362885075e-10;(104, 0);2
7.825254331319168e-18;(104, 0);3
2.1340891727849487e-18;(104, 0);4
1.0989815613093321e-13;(104, 0);5
2.1884126667632787e-12;(104, 0);6
6.24948490480569e-15;(104, 0);7
1.4823333188871899e-13;(104, 0);8
7.764443431885552e-14;(104, 0);9
1.6845384286730582e-07;(104, 1);0
1.8550535989546973e-12;(104, 1);1
1.4043628871084372e-13;(104, 1);2
4.4990260525959535e-15;(104, 1);3
1.8397142600058466e-16;(104, 1);4
1.912886872659002e-06;(104, 1);5
7.636568030029152e-15;(104, 1);6
3.7410026124284656e-07;(104, 1);7
1.509464416381153e-14;(104, 1);8
2.2672371769329205e-15;(104, 1);9
5.678564346929755e-20;(104, 2);0
5.401494266905095e-14;(104, 2);1
1.5134013619600882e-11;(104, 2);2
2.8982280632816583e-15;(104, 2);3
3.484684884245928e-10;(104, 2);4
2.4052257156520738e-20;(104, 2);5
2.5761052733770154e-15;(104, 2);6
5.135338442806075e-17;(104, 2);7
6.017046394722527e-23;(104, 2);8
1.7121601084501033e-15;(104, 2);9
9.859919337364951e-15;(104, 3);0
1.0981863581308162e-14;(104, 3);1
1.0502600169153336e-15;(104, 3);2
1.1051784492133395e-21;(104, 3);3
4.960715422898334e-19;(104, 3);4
5.064329491143058e-17;(104, 3);5
1.7369260856384455e-26;(104, 3);6
6.223171102685099e-14;(104, 3);7
2.652994406289148e-15;(104, 3);8
4.802999097349347e-25;(104, 3);9
1.3535959324453912e-08;(113, 3);0
3.169328370740943e-06;(113, 3);1
5.849241077262554e-09;(113, 3);2
2.8611762266868156e-10;(113, 3);3
1.5122673552712023e-13;(113, 3);4
2.9315573247757813e-07;(113, 3);5
6.166535249754432e-07;(113, 3);6
2.2024713576436204e-08;(113, 3);7
2.5056657487587638e-09;(113, 3);8
2.078927181326417e-09;(113, 3);9
1.2067462812685548e-15;(114, 0);0
4.243362382180487e-12;(114, 0);1
6.6424818620779364e-15;(114, 0);2
1.1939538650582563e-15;(114, 0);3
4.8695205763471047e-14;(114, 0);4
6.147475379149766e-18;(114, 0);5
1.3260237442487277e-12;(114, 0);6
2.4840299595733277e-10;(114, 0);7
5.3015001564016605e-15;(114, 0);8
2.020388489815179e-13;(114, 0);9
9.693794909934757e-08;(114, 1);0
4.9102994902026447e-08;(114, 1);1
1.2650749156176353e-08;(114, 1);2
9.11931142502324e-13;(114, 1);3
1.03679022319938e-05;(114, 1);4
5.19428823520564e-11;(114, 1);5
1.6628979700589338e-06;(114, 1);6
6.302981943894946e-13;(114, 1);7
4.101286272641301e-13;(114, 1);8
1.1680165190581951e-10;(114, 1);9
2.0123916264159985e-06;(114, 2);0
0.0001934156340232085;(114, 2);1
1.3926799266894283e-08;(114, 2);2
0.00016244985736769662;(114, 2);3
9.229957185510912e-08;(114, 2);4
1.952113253999387e-12;(114, 2);5
2.2763185794469603e-07;(114, 2);6
1.856263753730374e-12;(114, 2);7
4.774564995348759e-05;(114, 2);8
4.897199128494293e-06;(114, 2);9
4.47748316249173e-13;(114, 3);0
2.7342322179575156e-10;(114, 3);1
2.8848357545032165e-17;(114, 3);2
3.2571759014625184e-14;(114, 3);3
4.524554569478902e-16;(114, 3);4
2.0174448164265787e-13;(114, 3);5
8.810385084572438e-12;(114, 3);6
1.8206972784087598e-13;(114, 3);7
4.513550007952438e-19;(114, 3);8
1.641356392719273e-13;(114, 3);9
9.137046932165487e-18;(116, 1);0
2.1946245845268327e-15;(116, 1);1
3.5805780083168985e-09;(116, 1);2
1.1613280341106546e-08;(116, 1);3
4.8415355208689754e-15;(116, 1);4
3.4931959018550324e-10;(116, 1);5
7.679068694808768e-17;(116, 1);6
2.4652448154779157e-15;(116, 1);7
1.5482678147130879e-07;(116, 1);8
4.2657253264913545e-08;(116, 1);9
4.616663055348324e-20;(116, 2);0
2.844740742368178e-15;(116, 2);1
2.0298363832398947e-25;(116, 2);2
1.0132299804575443e-06;(116, 2);3
3.226306406485157e-16;(116, 2);4
1.7923736200828116e-13;(116, 2);5
4.022560450597712e-23;(116, 2);6
6.9477968984429e-11;(116, 2);7
7.554292331018716e-12;(116, 2);8
4.399047552398127e-14;(116, 2);9
1.9346411869945733e-08;(116, 3);0
2.96158915706557e-05;(116, 3);1
2.087460934113369e-10;(116, 3);2
5.445704507936061e-07;(116, 3);3
3.066187923069415e-08;(116, 3);4
3.3785374096082954e-06;(116, 3);5
3.91026596529119e-08;(116, 3);6
5.866258474442266e-07;(116, 3);7
7.336724461882922e-08;(116, 3);8
5.046027025203343e-09;(116, 3);9
3.192368844165239e-26;(117, 0);0
1.1780865215906584e-26;(117, 0);1
3.97520344365035e-28;(117, 0);2
2.265901937493687e-18;(117, 0);3
2.8458698364401873e-15;(117, 0);4
1.880626682115566e-21;(117, 0);5
2.4859911017074912e-12;(117, 0);6
3.126042672002359e-14;(117, 0);7
6.319915255294436e-19;(117, 0);8
4.598778452326258e-16;(117, 0);9
1.7057087620015985e-10;(117, 1);0
4.906593049199962e-13;(117, 1);1
2.6254803183706014e-10;(117, 1);2
1.0150764948088957e-13;(117, 1);3
4.394191843418948e-17;(117, 1);4
1.055963826213878e-20;(117, 1);5
3.206193823286512e-17;(117, 1);6
1.4180009858448667e-13;(117, 1);7
9.331407140501308e-23;(117, 1);8
1.1468519915837536e-11;(117, 1);9
5.039443727358964e-16;(115, 0);0
5.2964637319380935e-20;(115, 0);1
4.1362430972346464e-22;(115, 0);2
1.1205983330067694e-06;(115, 0);3
1.2476103152266032e-07;(115, 0);4
3.3346645429024216e-15;(115, 0);5
2.7536220016319825e-07;(115, 0);6
1.065335653372975e-07;(115, 0);7
1.561571028054635e-11;(115, 0);8
3.17072322347829e-05;(115, 0);9
1.206759858228201e-11;(115, 1);0
4.641468765500914e-12;(115, 1);1
1.3440133922227088e-11;(115, 1);2
1.8161719723010726e-11;(115, 1);3
2.788372329450341e-16;(115, 1);4
3.3557357193679073e-12;(115, 1);5
4.532926976753701e-12;(115, 1);6
2.8882656378839593e-12;(115, 1);7
3.669268820089937e-10;(115, 1);8
1.945168151606388e-13;(115, 1);9
3.1319264973615265e-18;(115, 2);0
6.403751406381176e-19;(115, 2);1
5.519861853638113e-18;(115, 2);2
1.3091566981032374e-20;(115, 2);3
5.684121583415838e-15;(115, 2);4
5.835469648447398e-29;(115, 2);5
1.2977878439998251e-18;(115, 2);6
2.3884526939577654e-14;(115, 2);7
5.249048979111922e-20;(115, 2);8
1.5109696539213043e-21;(115, 2);9
9.653791792959227e-18;(115, 3);0
1.2655708909618292e-21;(115, 3);1
5.200914841741324e-14;(115, 3);2
6.838056693333106e-19;(115, 3);3
1.9445520674145945e-12;(115, 3);4
4.592876633868751e-13;(115, 3);5
1.5220305340485362e-10;(115, 3);6
4.656740432469072e-21;(115, 3);7
1.2940022847369484e-14;(115, 3);8
7.627636739348305e-12;(115, 3);9
2.9581468174762305e-10;(116, 0);0
1.3019589488084271e-08;(116, 0);1
4.730194257105663e-10;(116, 0);2
3.1609140378188637e-17;(116, 0);3
2.555654427960432e-14;(116, 0);4
4.667704233568746e-14;(116, 0);5
1.9429313879105154e-17;(116, 0);6
1.064034005997597e-12;(116, 0);7
7.476211366603244e-12;(116, 0);8
6.343255172290868e-11;(116, 0);9
7.998089317909109e-19;(108, 3);0
5.531638079644922e-12;(108, 3);1
8.128061720618024e-12;(108, 3);2
1.1215872709353357e-16;(108, 3);3
1.5327393166927802e-15;(108, 3);4
5.508999604159061e-16;(108, 3);5
2.7360358241525633e-19;(108, 3);6
1.7533294335484476e-12;(108, 3);7
1.5274122923312683e-10;(108, 3);8
4.918675186419282e-22;(108, 3);9
9.49850541637356e-20;(109, 0);0
2.144173991103583e-09;(109, 0);1
6.908326013225096e-27;(109, 0);2
5.589978947902404e-16;(109, 0);3
4.4931458982357915e-15;(109, 0);4
3.456457457960571e-21;(109, 0);5
2.627552684282837e-19;(109, 0);6
1.3959601168089938e-17;(109, 0);7
5.864082732418912e-19;(109, 0);8
1.3743627291121711e-08;(109, 0);9
3.114978486699396e-14;(109, 1);0
2.4885875921030623e-17;(109, 1);1
2.023117992436275e-16;(109, 1);2
2.2089076508187286e-27;(109, 1);3
1.0707546617427902e-23;(109, 1);4
1.6299375084492166e-35;(109, 1);5
4.181119097781073e-22;(109, 1);6
6.249339579004471e-23;(109, 1);7
1.0936720567001109e-23;(109, 1);8
2.1451077541014224e-27;(109, 1);9
3.594469267820038e-28;(109, 2);0
6.467845677617119e-11;(109, 2);1
1.5277174779537924e-29;(109, 2);2
1.1929007206327756e-20;(109, 2);3
2.223290306263117e-16;(109, 2);4
8.26750709386295e-22;(109, 2);5
1.3910419496041956e-30;(109, 2);6
1.6713391616076778e-16;(109, 2);7
2.9547193271422633e-36;(109, 2);8
1.4678920821999792e-16;(109, 2);9
6.703131377907802e-27;(109, 3);0
3.9472844462714044e-32;(109, 3);1
7.350551403157011e-26;(109, 3);2
4.352331487610927e-21;(109, 3);3
8.737709643665317e-23;(109, 3);4
1.7643335864999864e-23;(109, 3);5
5.1787768708856714e-17;(109, 3);6
4.157133751479442e-25;(109, 3);7
9.054258080805964e-22;(109, 3);8
8.597759001618115e-25;(109, 3);9
3.0027641615584465e-11;(112, 2);0
3.1162994066718625e-14;(112, 2);1
9.082546426835789e-10;(112, 2);2
5.705243099696941e-13;(112, 2);3
4.068016258868374e-09;(112, 2);4
7.174851539027118e-14;(112, 2);5
1.24506460483505e-10;(112, 2);6
6.479974922189375e-13;(112, 2);7
9.860927141236847e-10;(112, 2);8
5.669554492308518e-12;(112, 2);9
6.006662732814876e-09;(112, 3);0
1.926515627372813e-15;(112, 3);1
1.2109945399269055e-10;(112, 3);2
3.712457471579792e-11;(112, 3);3
1.34434182696521e-07;(112, 3);4
2.13769353153117e-12;(112, 3);5
1.0942814048667918e-11;(112, 3);6
1.649095075007362e-11;(112, 3);7
2.735875692011313e-12;(112, 3);8
6.007372689168784e-11;(112, 3);9
0.0004281404494218881;(113, 0);0
1.838821037347077e-13;(113, 0);1
4.926879026108638e-11;(113, 0);2
2.6674913951159605e-11;(113, 0);3
1.456549741330608e-07;(113, 0);4
1.2001224523088802e-09;(113, 0);5
1.0318555956634892e-12;(113, 0);6
6.401374279884114e-11;(113, 0);7
4.496548490671533e-09;(113, 0);8
7.549296034514412e-13;(113, 0);9
1.0411357266334491e-08;(113, 1);0
1.4881289715410196e-11;(113, 1);1
6.554104694408373e-09;(113, 1);2
1.3956561228627026e-18;(113, 1);3
1.0119368323971053e-08;(113, 1);4
4.917361504012175e-12;(113, 1);5
3.338190256349131e-11;(113, 1);6
2.118538317113494e-19;(113, 1);7
0.0009358400485561853;(113, 1);8
2.3738846287868416e-12;(113, 1);9
1.2471193956392474e-10;(113, 2);0
1.0403882786464508e-14;(113, 2);1
6.9462213441826415e-09;(113, 2);2
9.540666229984617e-10;(113, 2);3
6.803483092689968e-16;(113, 2);4
1.4381573643376006e-17;(113, 2);5
7.894031285696873e-13;(113, 2);6
5.84073858112781e-11;(113, 2);7
5.7734398614584e-14;(113, 2);8
7.654708185016631e-08;(113, 2);9
3.8805522772436866e-20;(117, 2);0
1.891754419717963e-17;(117, 2);1
2.789439517085627e-27;(117, 2);2
7.054671604404554e-18;(117, 2);3
3.011932688052033e-16;(117, 2);4
4.263210517165219e-12;(117, 2);5
2.4761326813796874e-23;(117, 2);6
1.122778477616662e-10;(117, 2);7
9.005664184645284e-15;(117, 2);8
1.6239841851543245e-24;(117, 2);9
4.940074711943494e-16;(117, 3);0
1.6782282594266315e-17;(117, 3);1
7.33298709146259e-12;(117, 3);2
1.839888368775368e-16;(117, 3);3
1.7449410204528486e-18;(117, 3);4
3.6575494065591943e-19;(117, 3);5
1.7134858918102948e-13;(117, 3);6
7.530300120940334e-13;(117, 3);7
1.0770837139868833e-24;(117, 3);8
1.664649922327333e-13;(117, 3);9
3.299084507154253e-12;(118, 0);0
1.3891963821689967e-14;(118, 0);1
3.410287037832593e-09;(118, 0);2
1.6124495899111663e-06;(118, 0);3
4.090296056759541e-12;(118, 0);4
9.529891409035935e-16;(118, 0);5
7.001771895231754e-15;(118, 0);6
8.193850507388698e-20;(118, 0);7
2.929440528139964e-14;(118, 0);8
1.1767395694399174e-08;(118, 0);9
1.5365345295861994e-24;(118, 1);0
3.406497523068243e-31;(118, 1);1
8.192714091100703e-20;(118, 1);2
1.3033975847441323e-23;(118, 1);3
2.439271419570078e-15;(118, 1);4
1.260806122205955e-18;(118, 1);5
1.2999795969250264e-22;(118, 1);6
2.485778882008215e-28;(118, 1);7
6.209215040502574e-25;(118, 1);8
3.8103125368860347e-16;(118, 1);9
9.294178790183416e-12;(118, 2);0
3.5931439862536724e-16;(118, 2);1
2.537088262102642e-11;(118, 2);2
2.6720950725215195e-09;(118, 2);3
1.1965510700302279e-15;(118, 2);4
4.42349591585396e-14;(118, 2);5
2.505896780227399e-15;(118, 2);6
1.0476961280739682e-07;(118, 2);7
7.266965279228447e-17;(118, 2);8
1.1520065724278835e-15;(118, 2);9
3.1797553630938057e-19;(122, 2);0
3.8152903403088466e-16;(122, 2);1
3.762835930210858e-25;(122, 2);2
1.62345138501716e-15;(122, 2);3
2.3378654803684012e-29;(122, 2);4
1.1795523596388298e-22;(122, 2);5
8.235649151716633e-16;(122, 2);6
8.679313528362997e-25;(122, 2);7
6.673524069167274e-18;(122, 2);8
3.610833129844905e-29;(122, 2);9
5.59466653081891e-32;(122, 3);0
2.303075006926293e-29;(122, 3);1
6.133899032173407e-14;(122, 3);2
7.567674290812624e-37;(122, 3);3
3.8607430181493164e-16;(122, 3);4
5.995549499175241e-25;(122, 3);5
5.726217537671735e-30;(122, 3);6
3.0865264061698556e-44;(122, 3);7
4.329202471923246e-32;(122, 3);8
5.604005771695182e-22;(122, 3);9
1.823354488443533e-05;(123, 0);0
0.007660338730388351;(123, 0);1
2.5016891892763244e-07;(123, 0);2
6.003996561583977e-08;(123, 0);3
0.0001904323053065114;(123, 0);4
2.1905541609045232e-09;(123, 0);5
0.0027120262341062853;(123, 0);6
3.778319370840806e-05;(123, 0);7
9.207665764185695e-05;(123, 0);8
9.641497633572489e-05;(123, 0);9
0.0001299935495899006;(123, 1);0
7.541325348505024e-05;(123, 1);1
0.3661077209839598;(123, 1);2
3.986147740618451e-06;(123, 1);3
0.09265500445237179;(123, 1);4
7.802619350331128e-05;(123, 1);5
0.31104787229520947;(123, 1);6
0.1169550494029134;(123, 1);7
0.00638082399807486;(123, 1);8
4.0485316208427094e-05;(123, 1);9
3.3744753967786703e-09;(123, 2);0
0.0024682708112843117;(123, 2);1
0.011399891266381431;(123, 2);2
0.0001846511388563511;(123, 2);3
7.717423193784982e-06;(123, 2);4
6.093255113364358e-06;(123, 2);5
9.514979465437861e-10;(123, 2);6
7.165808297750808e-05;(123, 2);7
7.1093473339952395e-06;(123, 2);8
9.632621925765236e-05;(123, 2);9
4.568416271302876e-23;(120, 0);0
6.6322344940427466e-15;(120, 0);1
6.51400786007453e-13;(120, 0);2
3.345850985008263e-17;(120, 0);3
9.348061798257919e-16;(120, 0);4
2.876915442230971e-26;(120, 0);5
1.1993412364306192e-17;(120, 0);6
5.408031702045533e-25;(120, 0);7
2.075565184947615e-16;(120, 0);8
1.792640180966352e-16;(120, 0);9
2.8889700521336895e-16;(120, 1);0
5.519980456396628e-10;(120, 1);1
8.304932747814374e-09;(120, 1);2
1.4910909966830821e-12;(120, 1);3
5.016266326264436e-16;(120, 1);4
8.989966501168405e-13;(120, 1);5
1.5800017160446827e-11;(120, 1);6
2.4588740173108797e-17;(120, 1);7
1.0950714596822849e-20;(120, 1);8
4.160714162389267e-14;(120, 1);9
4.870077441839173e-13;(120, 2);0
4.1236943037859404e-25;(120, 2);1
2.1458868356831794e-06;(120, 2);2
1.1882864934645273e-14;(120, 2);3
1.335890310983276e-14;(120, 2);4
3.548296309554539e-18;(120, 2);5
5.862511152239039e-24;(120, 2);6
1.668329868175044e-17;(120, 2);7
2.780929031934852e-26;(120, 2);8
1.7031661795676798e-09;(120, 2);9
3.532258897149075e-15;(120, 3);0
7.509364905071412e-14;(120, 3);1
7.139157330839836e-16;(120, 3);2
7.095106669465214e-18;(120, 3);3
2.0700191825417735e-14;(120, 3);4
2.9505031138015293e-15;(120, 3);5
9.517411366407499e-11;(120, 3);6
1.8655232496822046e-16;(120, 3);7
2.6353443248789283e-15;(120, 3);8
3.920622059664122e-14;(120, 3);9
3.919155996730651e-08;(121, 0);0
7.129403632167785e-15;(121, 0);1
6.362765943720154e-12;(121, 0);2
1.7551214074105096e-17;(121, 0);3
3.610084801263259e-07;(121, 0);4
3.8081655074472545e-13;(121, 0);5
2.9694540385557e-12;(121, 0);6
4.333940824044988e-08;(121, 0);7
8.679290019134413e-24;(121, 0);8
5.316862461944939e-15;(121, 0);9
1.54558902918831e-16;(125, 0);0
1.6667162113907874e-12;(125, 0);1
1.3664246916523113e-23;(125, 0);2
5.496845675779357e-16;(125, 0);3
5.341920694753432e-17;(125, 0);4
4.3371608344754034e-11;(125, 0);5
1.2033339295222793e-15;(125, 0);6
1.2700187692386663e-09;(125, 0);7
6.230529947278426e-24;(125, 0);8
2.970304667828725e-17;(125, 0);9
3.860159975144277e-23;(125, 1);0
2.0353549220724162e-15;(125, 1);1
6.612468313800503e-14;(125, 1);2
6.680091024328097e-13;(125, 1);3
8.818147588447213e-16;(125, 1);4
3.341547997740459e-17;(125, 1);5
1.8034843819941247e-23;(125, 1);6
1.0030836397994712e-18;(125, 1);7
1.2218501501094247e-12;(125, 1);8
2.6268857146511323e-12;(125, 1);9
1.571339245315028e-16;(125, 2);0
5.328273486984289e-14;(125, 2);1
2.0756258725070425e-14;(125, 2);2
1.8978642507926525e-18;(125, 2);3
4.236250695047462e-15;(125, 2);4
5.97795014784429e-11;(125, 2);5
1.1596054459191245e-30;(125, 2);6
2.0167961323645673e-12;(125, 2);7
4.4397984066787523e-16;(125, 2);8
3.0582458717206825e-19;(125, 2);9
2.5728650817101118e-08;(125, 3);0
3.3789590178859876e-10;(125, 3);1
1.7547424617839606e-06;(125, 3);2
1.279343611907846e-08;(125, 3);3
3.790232842360916e-12;(125, 3);4
3.372092419366143e-21;(125, 3);5
5.728765279752658e-08;(125, 3);6
6.505292052277943e-16;(125, 3);7
4.379192408083026e-22;(125, 3);8
5.4607338138725395e-05;(125, 3);9
1.8308348798272212e-09;(126, 0);0
3.559218495057607e-06;(126, 0);1
1.6104446766440277e-05;(126, 0);2
4.683827142706942e-08;(126, 0);3
8.184495850348026e-05;(126, 0);4
4.131519298241536e-05;(126, 0);5
1.4258952472981547e-06;(126, 0);6
3.1325453779528263e-06;(126, 0);7
7.338629129996124e-08;(126, 0);8
3.1002219060604333e-06;(126, 0);9
6.53273663807496e-14;(121, 1);0
6.181045615532588e-09;(121, 1);1
9.228546087676682e-12;(121, 1);2
6.093705611913677e-07;(121, 1);3
5.268880839121144e-08;(121, 1);4
6.00297870373753e-06;(121, 1);5
1.0837369923631363e-14;(121, 1);6
1.0444493528182296e-08;(121, 1);7
3.8398735091792043e-10;(121, 1);8
6.92951075511691e-07;(121, 1);9
3.248936304885698e-11;(121, 2);0
5.948737888861805e-10;(121, 2);1
7.391300943408692e-13;(121, 2);2
2.0148583555754045e-06;(121, 2);3
8.764207032109956e-10;(121, 2);4
6.071965734064413e-07;(121, 2);5
1.572993969555088e-13;(121, 2);6
1.6535205480145323e-08;(121, 2);7
0.002078509249891486;(121, 2);8
3.79136268928889e-16;(121, 2);9
3.3940217651019874e-13;(121, 3);0
4.085630374710595e-09;(121, 3);1
1.1955046233950424e-09;(121, 3);2
9.408469821114963e-13;(121, 3);3
4.839672612744336e-09;(121, 3);4
6.714680826260407e-11;(121, 3);5
1.3794268799486387e-10;(121, 3);6
6.548217817753902e-17;(121, 3);7
4.20094307434395e-08;(121, 3);8
8.110409850263098e-15;(121, 3);9
3.903039572416123e-20;(122, 0);0
3.6122357906681515e-21;(122, 0);1
3.159388194705946e-14;(122, 0);2
6.302566735075285e-14;(122, 0);3
5.602309477906484e-21;(122, 0);4
5.7811876000672805e-18;(122, 0);5
3.12835029760321e-18;(122, 0);6
4.051122292836346e-28;(122, 0);7
1.7551451969967533e-15;(122, 0);8
5.6063068678501544e-21;(122, 0);9
8.33323053150809e-26;(122, 1);0
6.712893064695339e-19;(122, 1);1
1.61491397779527e-15;(122, 1);2
3.1456491654268013e-28;(122, 1);3
2.253785875849676e-17;(122, 1);4
2.5983368891536293e-15;(122, 1);5
2.6280122563608296e-20;(122, 1);6
7.293986517360062e-18;(122, 1);7
1.869185490563444e-12;(122, 1);8
5.284698789531372e-35;(122, 1);9
1.6365535210824075e-08;(126, 1);0
1.679830788135751e-13;(126, 1);1
1.0303756573808588e-08;(126, 1);2
5.364967386019703e-07;(126, 1);3
2.0185847685892664e-19;(126, 1);4
6.091124363313067e-08;(126, 1);5
1.889070129282761e-08;(126, 1);6
4.9434666243559754e-11;(126, 1);7
2.532743554551446e-05;(126, 1);8
3.0604953153146756e-08;(126, 1);9
1.4497706816805876e-10;(126, 2);0
8.694968112207824e-07;(126, 2);1
0.02743833501389428;(126, 2);2
1.256605002595088e-07;(126, 2);3
1.9644818957000078e-11;(126, 2);4
0.0004736268296997978;(126, 2);5
8.386274277410534e-07;(126, 2);6
3.492547513201805e-07;(126, 2);7
0.011934557466932387;(126, 2);8
1.0187569069784408e-06;(126, 2);9
1.6635349226343784e-10;(126, 3);0
6.325130721087791e-08;(126, 3);1
1.2043430015084607e-07;(126, 3);2
2.6814455719866043e-10;(126, 3);3
1.3032095102663088e-10;(126, 3);4
3.653141007018524e-12;(126, 3);5
3.682889876864604e-07;(126, 3);6
6.714948234883543e-09;(126, 3);7
2.433824663397273e-06;(126, 3);8
4.355459533513862e-08;(126, 3);9
1.6456301752934745e-17;(127, 0);0
4.101060138480229e-12;(127, 0);1
7.228250004767325e-11;(127, 0);2
4.56471009024788e-20;(127, 0);3
5.378716171520431e-16;(127, 0);4
0.00021218373552699278;(127, 0);5
1.5757167850831272e-11;(127, 0);6
3.5602399263188552e-12;(127, 0);7
3.0105162685375416e-20;(127, 0);8
1.0117860258363276e-07;(127, 0);9
4.6799971632322805e-19;(127, 1);0
2.118423818321842e-12;(127, 1);1
3.171196439896832e-13;(127, 1);2
1.817969213327437e-18;(127, 1);3
8.174603258675004e-16;(127, 1);4
1.1914149425973448e-16;(127, 1);5
8.116762276834583e-20;(127, 1);6
1.943958945678687e-12;(127, 1);7
3.908041141098645e-15;(127, 1);8
3.9149305004390366e-11;(127, 1);9
0.022406652124052174;(123, 3);0
9.938007558707289e-06;(123, 3);1
8.342412645120363e-06;(123, 3);2
0.0013214451125871606;(123, 3);3
0.0008466902292630486;(123, 3);4
0.0009588661214421567;(123, 3);5
0.0001928441765423521;(123, 3);6
0.0034199410848564293;(123, 3);7
0.0007163928778048187;(123, 3);8
0.0013471888275508334;(123, 3);9
1.3301310518629994e-26;(124, 0);0
1.8537714985381632e-23;(124, 0);1
3.1657811052740467e-20;(124, 0);2
1.196510065160629e-26;(124, 0);3
6.874558796916268e-22;(124, 0);4
3.413976832656978e-26;(124, 0);5
3.143738830730055e-18;(124, 0);6
4.1697843222091765e-19;(124, 0);7
8.508453643161e-18;(124, 0);8
3.900939417812852e-29;(124, 0);9
3.7036461749430484e-16;(124, 1);0
1.0008354020935082e-08;(124, 1);1
6.8841847425273e-08;(124, 1);2
6.720881195712227e-12;(124, 1);3
1.1649995723680564e-07;(124, 1);4
4.066696527281193e-05;(124, 1);5
6.623848462931074e-13;(124, 1);6
4.442833556147833e-12;(124, 1);7
1.3551243964706442e-14;(124, 1);8
7.527974305293057e-11;(124, 1);9
3.2806501646545643e-20;(124, 2);0
1.8073673011007906e-13;(124, 2);1
3.5745409861125253e-12;(124, 2);2
1.1713168924816417e-14;(124, 2);3
3.911807465218134e-09;(124, 2);4
6.050185095989857e-08;(124, 2);5
2.4529273033586324e-15;(124, 2);6
7.802492397119797e-12;(124, 2);7
1.2688721412481368e-12;(124, 2);8
1.1077646604590581e-13;(124, 2);9
2.6790915514061466e-06;(124, 3);0
2.3236167456338514e-06;(124, 3);1
1.2387558824214282e-07;(124, 3);2
5.790719135299937e-11;(124, 3);3
5.1765879315310966e-08;(124, 3);4
0.011009728873497382;(124, 3);5
3.592451780544541e-15;(124, 3);6
2.3726488356141523e-12;(124, 3);7
1.2891842496121562e-05;(124, 3);8
1.955227108273706e-12;(124, 3);9
3.3433580240924164e-17;(118, 3);0
8.031737524709099e-17;(118, 3);1
3.078432256216882e-13;(118, 3);2
6.629018076918312e-24;(118, 3);3
1.194042206673654e-17;(118, 3);4
2.0973463249835723e-23;(118, 3);5
7.590069205476414e-16;(118, 3);6
5.45916052580737e-23;(118, 3);7
2.7210534898214394e-15;(118, 3);8
1.415388534269029e-22;(118, 3);9
1.819563518935816e-26;(119, 0);0
7.157236122894246e-15;(119, 0);1
8.479290575194034e-22;(119, 0);2
2.0093252095314028e-13;(119, 0);3
1.6483111852883935e-19;(119, 0);4
2.3280793570456866e-20;(119, 0);5
1.6170705452707156e-19;(119, 0);6
6.546924506477336e-17;(119, 0);7
8.47717120728061e-34;(119, 0);8
1.3402365502229983e-18;(119, 0);9
1.1505961957237946e-21;(119, 1);0
6.0810156139376465e-16;(119, 1);1
1.36341433622182e-22;(119, 1);2
2.052461990037743e-18;(119, 1);3
8.175770181674712e-22;(119, 1);4
8.636275951875806e-17;(119, 1);5
9.95397880290518e-21;(119, 1);6
3.592871856394062e-16;(119, 1);7
6.994474376707667e-16;(119, 1);8
8.027258760174636e-10;(119, 1);9
8.009758308108342e-10;(119, 2);0
8.850753680791932e-23;(119, 2);1
1.9077492663290775e-11;(119, 2);2
9.893091565157266e-17;(119, 2);3
1.6792326811314164e-15;(119, 2);4
4.851797612534344e-16;(119, 2);5
1.0195062904454035e-17;(119, 2);6
1.3504909818108662e-23;(119, 2);7
1.4888108068000103e-15;(119, 2);8
5.487645412594061e-19;(119, 2);9
8.000126485011394e-18;(119, 3);0
6.750087149668957e-17;(119, 3);1
1.7201926037156876e-16;(119, 3);2
1.1767190939191157e-09;(119, 3);3
1.4673888178083734e-20;(119, 3);4
1.4021380127036232e-10;(119, 3);5
1.6405987796170966e-19;(119, 3);6
1.1556925989479469e-15;(119, 3);7
2.877551549404857e-17;(119, 3);8
4.865855945828048e-21;(119, 3);9
1.2755285166663252e-12;(128, 3);0
3.7396117497012335e-10;(128, 3);1
8.667272295580915e-20;(128, 3);2
2.3227518984129513e-12;(128, 3);3
6.458635053813614e-14;(128, 3);4
7.302628463888264e-13;(128, 3);5
2.6869534433512257e-07;(128, 3);6
7.285174214060314e-17;(128, 3);7
2.641941276013036e-10;(128, 3);8
1.6220928068373727e-08;(128, 3);9
1.6035614586273297e-07;(129, 0);0
2.7425351191954542e-08;(129, 0);1
1.1185221780418002e-07;(129, 0);2
1.4970016038510315e-05;(129, 0);3
4.305706541778423e-09;(129, 0);4
4.829291984672723e-10;(129, 0);5
5.014037046174433e-09;(129, 0);6
1.1590416927928479e-12;(129, 0);7
1.4611235898544301e-08;(129, 0);8
3.5733281891369032e-06;(129, 0);9
6.735354611545846e-14;(129, 1);0
1.1704231844402716e-15;(129, 1);1
1.1168583099042143e-21;(129, 1);2
2.5412442696349434e-13;(129, 1);3
6.71703642956618e-14;(129, 1);4
4.077611133742895e-22;(129, 1);5
3.141089064288507e-14;(129, 1);6
1.462573372877424e-16;(129, 1);7
1.9665006106856066e-07;(129, 1);8
6.015558922137009e-16;(129, 1);9
1.6785453745099035e-21;(129, 2);0
6.444777591310784e-12;(129, 2);1
4.7705404046506535e-09;(129, 2);2
1.888500535845685e-11;(129, 2);3
3.604456623081138e-19;(129, 2);4
2.603594802972921e-19;(129, 2);5
2.2702087908613825e-12;(129, 2);6
4.967504779797886e-16;(129, 2);7
2.8718350479206366e-09;(129, 2);8
2.888511934695054e-24;(129, 2);9
9.917367659843105e-10;(129, 3);0
1.971772493808259e-09;(129, 3);1
2.4847006079028363e-16;(129, 3);2
1.3686948961250682e-08;(129, 3);3
1.0786171569944445e-08;(129, 3);4
8.761632006911328e-09;(129, 3);5
8.376259627205576e-12;(129, 3);6
1.978257144192563e-08;(129, 3);7
8.276347760898666e-15;(129, 3);8
9.796874053988588e-07;(129, 3);9
6.592255793041251e-09;(135, 0);0
4.130371726318833e-06;(135, 0);1
5.312889338412755e-18;(135, 0);2
6.978059156982742e-11;(135, 0);3
9.241259998553632e-19;(135, 0);4
7.441000253933236e-08;(135, 0);5
1.5540867459737395e-09;(135, 0);6
4.746013291612709e-19;(135, 0);7
7.035386669309195e-11;(135, 0);8
1.545458424452971e-11;(135, 0);9
4.970893163540266e-12;(135, 1);0
6.076465954872561e-16;(135, 1);1
3.164619220439045e-05;(135, 1);2
5.279303007446942e-14;(135, 1);3
3.1142287071286354e-13;(135, 1);4
2.2340445840974584e-07;(135, 1);5
7.324746842791735e-14;(135, 1);6
7.732815143712119e-13;(135, 1);7
2.7985221610320585e-17;(135, 1);8
3.3897964278498222e-06;(135, 1);9
1.5801637894647256e-21;(135, 2);0
1.0205825401033115e-07;(135, 2);1
9.98860881077455e-27;(135, 2);2
6.211376600941963e-13;(135, 2);3
6.453751108091326e-11;(135, 2);4
7.314025710421499e-08;(135, 2);5
4.915654564592961e-13;(135, 2);6
6.766713630125306e-06;(135, 2);7
1.0693806316219508e-14;(135, 2);8
1.260302015179836e-10;(135, 2);9
5.131869567591995e-15;(135, 3);0
7.109668984047786e-05;(135, 3);1
0.00032123831201337656;(135, 3);2
3.9260535814326615e-06;(135, 3);3
3.112523095070176e-09;(135, 3);4
3.0953072935033123e-12;(135, 3);5
4.62284185700761e-08;(135, 3);6
1.9542267514166975e-11;(135, 3);7
1.3449449476202577e-19;(135, 3);8
5.0920368625142545e-14;(135, 3);9
5.851035362107453e-08;(136, 0);0
1.3826557914524163e-08;(136, 0);1
2.499933388997279e-09;(136, 0);2
6.448865432194772e-09;(136, 0);3
3.0132868814200977e-09;(136, 0);4
1.1032438629329339e-05;(136, 0);5
9.212542725350386e-06;(136, 0);6
4.7183378644412e-07;(136, 0);7
4.52968726048238e-05;(136, 0);8
2.3822969400531232e-05;(136, 0);9
4.8700526150549695e-23;(127, 2);0
6.969302835720095e-13;(127, 2);1
3.702362219881589e-16;(127, 2);2
2.451380104445144e-12;(127, 2);3
2.6235070431321146e-14;(127, 2);4
3.077083568369891e-13;(127, 2);5
4.652610333056944e-09;(127, 2);6
1.295708254001697e-06;(127, 2);7
7.224008361613169e-25;(127, 2);8
1.7985721277333536e-16;(127, 2);9
1.187840320564009e-14;(127, 3);0
3.610619383180692e-15;(127, 3);1
1.9387249312315582e-27;(127, 3);2
2.655550538919567e-13;(127, 3);3
5.753249353230489e-12;(127, 3);4
4.255826915492109e-21;(127, 3);5
7.856913057952136e-18;(127, 3);6
3.9839879652445037e-16;(127, 3);7
1.898648163823916e-10;(127, 3);8
4.85141733034748e-09;(127, 3);9
9.998796390915831e-45;(128, 0);0
3.387904343993781e-19;(128, 0);1
3.869196677801369e-20;(128, 0);2
2.7229186945028765e-27;(128, 0);3
1.2749714426851122e-14;(128, 0);4
3.393543661674955e-17;(128, 0);5
2.3011352310517398e-30;(128, 0);6
1.5504987094492584e-20;(128, 0);7
8.44444928888715e-30;(128, 0);8
1.4972370305838914e-23;(128, 0);9
8.426938829732672e-25;(128, 1);0
8.705951449066206e-13;(128, 1);1
4.537351077545597e-16;(128, 1);2
5.940438487450549e-17;(128, 1);3
1.2328777332313506e-12;(128, 1);4
4.0404460617062965e-21;(128, 1);5
1.9691850100730026e-11;(128, 1);6
1.0103979824476182e-11;(128, 1);7
6.169146267740641e-22;(128, 1);8
6.565569348767139e-20;(128, 1);9
3.876711384236573e-31;(128, 2);0
4.6204098238296225e-24;(128, 2);1
7.637985255558986e-22;(128, 2);2
1.6502878061192936e-38;(128, 2);3
6.992692483832283e-23;(128, 2);4
9.068692687965728e-42;(128, 2);5
5.261283184734579e-23;(128, 2);6
3.823407221859841e-39;(128, 2);7
4.575095006798675e-26;(128, 2);8
8.576053379623077e-22;(128, 2);9
1.9650002311960777e-09;(130, 0);0
3.1848650968677923e-06;(130, 0);1
2.286370438909355e-08;(130, 0);2
1.1665094106125262e-10;(130, 0);3
8.203153269230061e-11;(130, 0);4
9.619633108346025e-11;(130, 0);5
9.574132279568422e-10;(130, 0);6
1.1016244635420049e-16;(130, 0);7
1.796541928293948e-12;(130, 0);8
7.306388577237323e-06;(130, 0);9
2.3039781344047806e-13;(130, 1);0
1.6399584738021787e-14;(130, 1);1
3.975426062692318e-12;(130, 1);2
8.872339035326545e-12;(130, 1);3
4.9698658534103244e-12;(130, 1);4
8.30210734195796e-20;(130, 1);5
6.604090382434671e-21;(130, 1);6
8.426919551836718e-12;(130, 1);7
7.708099315730928e-14;(130, 1);8
7.16778418319946e-11;(130, 1);9
1.4475699066116237e-08;(130, 2);0
6.565300423298729e-13;(130, 2);1
2.0164552019697452e-05;(130, 2);2
2.3609645383347837e-09;(130, 2);3
5.895888594082112e-12;(130, 2);4
1.7497777530583024e-14;(130, 2);5
1.6512832005147214e-07;(130, 2);6
9.954536442423712e-17;(130, 2);7
1.384020910631993e-12;(130, 2);8
1.9650883029630309e-10;(130, 2);9
8.774437029746315e-11;(130, 3);0
2.455054672609991e-10;(130, 3);1
1.1903204683871098e-09;(130, 3);2
1.15942582842663e-09;(130, 3);3
2.4106693940319754e-05;(130, 3);4
1.3905917952419271e-13;(130, 3);5
6.3879386709219535e-12;(130, 3);6
7.313779356648045e-10;(130, 3);7
2.41467231862031e-13;(130, 3);8
4.786850601990538e-09;(130, 3);9
6.791029581318199e-11;(131, 0);0
2.5293665581778835e-18;(131, 0);1
3.152077504280257e-12;(131, 0);2
8.640527586128649e-11;(131, 0);3
2.1457070744033245e-19;(131, 0);4
9.181451754191395e-18;(131, 0);5
1.1736675054965542e-14;(131, 0);6
2.0891763014739317e-12;(131, 0);7
1.8694029750931266e-16;(131, 0);8
5.5063984426204385e-14;(131, 0);9
1.518967563415473e-16;(133, 3);0
3.9895924659356564e-19;(133, 3);1
1.2873050710041397e-14;(133, 3);2
3.46306324745885e-19;(133, 3);3
8.465371768514895e-16;(133, 3);4
8.925751412943949e-17;(133, 3);5
3.241815721058971e-20;(133, 3);6
3.2374816663601836e-18;(133, 3);7
8.983216670938557e-22;(133, 3);8
2.466116286155735e-16;(133, 3);9
9.849123257066773e-20;(134, 0);0
4.672043480619689e-23;(134, 0);1
4.012396230206967e-20;(134, 0);2
1.1635627117263053e-16;(134, 0);3
8.297447992370174e-23;(134, 0);4
1.6537755505766158e-13;(134, 0);5
1.1886311838981222e-12;(134, 0);6
1.605868552007745e-14;(134, 0);7
4.35665552609723e-15;(134, 0);8
9.412967407387296e-19;(134, 0);9
1.1943494620884571e-09;(134, 1);0
9.66007320940262e-13;(134, 1);1
5.528588635969957e-22;(134, 1);2
1.470557576980479e-11;(134, 1);3
6.072319785359603e-14;(134, 1);4
1.35167222979612e-11;(134, 1);5
5.29231310106472e-10;(134, 1);6
1.7345203722448978e-16;(134, 1);7
2.2589801979976375e-18;(134, 1);8
2.067871910017181e-14;(134, 1);9
2.2077839905054689e-16;(134, 2);0
2.12415073446954e-21;(134, 2);1
2.4552087243594817e-14;(134, 2);2
1.099794108026574e-19;(134, 2);3
1.149173544833241e-20;(134, 2);4
5.38508383303061e-09;(134, 2);5
1.9449401588410653e-10;(134, 2);6
1.543922077719185e-17;(134, 2);7
3.0547309874941276e-11;(134, 2);8
1.1163752408388146e-16;(134, 2);9
6.932404232195843e-06;(134, 3);0
8.666488010623211e-08;(134, 3);1
7.88006298436313e-08;(134, 3);2
4.452959339773498e-09;(134, 3);3
3.086242114355445e-15;(134, 3);4
2.0681120184266166e-09;(134, 3);5
5.4900095429338186e-11;(134, 3);6
1.750156723025709e-12;(134, 3);7
4.0678393454605346e-20;(134, 3);8
1.101974264185827e-11;(134, 3);9
2.1031831646108913e-18;(136, 1);0
4.3758640592242976e-13;(136, 1);1
1.8630608639915783e-09;(136, 1);2
2.04272783681375e-10;(136, 1);3
3.9850967087883595e-10;(136, 1);4
8.200495555234709e-19;(136, 1);5
2.9662877736349136e-13;(136, 1);6
6.552228911695716e-09;(136, 1);7
6.553326846904543e-11;(136, 1);8
1.529349704124928e-17;(136, 1);9
7.511561537222369e-09;(136, 2);0
3.7211718443439673e-14;(136, 2);1
2.7730934164127637e-09;(136, 2);2
8.264968889741625e-09;(136, 2);3
2.204086972360838e-07;(136, 2);4
4.2236083936379986e-07;(136, 2);5
3.05048871495803e-08;(136, 2);6
2.1144044708150646e-06;(136, 2);7
8.630895025872904e-16;(136, 2);8
1.1112416846157882e-11;(136, 2);9
5.3236037167585234e-21;(136, 3);0
8.431965366557644e-12;(136, 3);1
3.659549216177383e-09;(136, 3);2
2.1033559298549632e-16;(136, 3);3
9.407614049763346e-09;(136, 3);4
9.083465628516602e-11;(136, 3);5
1.9978329225858726e-11;(136, 3);6
2.958321812254484e-13;(136, 3);7
1.3659595645827925e-06;(136, 3);8
1.0640994533771432e-07;(136, 3);9
2.054082605994237e-12;(137, 0);0
7.283996680062873e-09;(137, 0);1
1.159370559246224e-09;(137, 0);2
3.2388632510586895e-06;(137, 0);3
1.6464564176309287e-11;(137, 0);4
1.0640066539140726e-07;(137, 0);5
1.0736391070081308e-12;(137, 0);6
1.8236759635302315e-10;(137, 0);7
7.662729031213779e-16;(137, 0);8
6.416923271205408e-10;(137, 0);9
7.58353590206034e-15;(137, 1);0
1.0064619898643641e-09;(137, 1);1
8.196578649790497e-11;(137, 1);2
2.440266021084296e-12;(137, 1);3
2.8320445949850385e-17;(137, 1);4
1.6687956649197965e-10;(137, 1);5
5.138338551522653e-16;(137, 1);6
1.4331141887316564e-22;(137, 1);7
6.268679893394059e-12;(137, 1);8
1.8251118639304574e-13;(137, 1);9
6.186381086632938e-17;(132, 2);0
1.63576950135894e-16;(132, 2);1
3.2355781137742116e-18;(132, 2);2
2.5102884308993106e-16;(132, 2);3
1.310951738182666e-11;(132, 2);4
8.036286900645352e-16;(132, 2);5
3.6949361358899884e-30;(132, 2);6
7.119189355651039e-35;(132, 2);7
5.290000946207892e-11;(132, 2);8
1.1612307260306113e-22;(132, 2);9
1.231975243896702e-21;(132, 3);0
2.4367645884170156e-17;(132, 3);1
8.087416305050912e-21;(132, 3);2
3.0336116184228177e-12;(132, 3);3
1.7691201680474093e-27;(132, 3);4
1.3854702950516e-35;(132, 3);5
7.998405140652842e-14;(132, 3);6
1.045820020372915e-21;(132, 3);7
2.730621593861863e-29;(132, 3);8
2.846075351883649e-19;(132, 3);9
3.93198583549635e-11;(133, 0);0
8.342026733101531e-19;(133, 0);1
9.030998039022666e-13;(133, 0);2
5.302929580211004e-24;(133, 0);3
8.194820471823808e-16;(133, 0);4
4.654784947571989e-16;(133, 0);5
2.2106507844046447e-09;(133, 0);6
3.477565155380606e-14;(133, 0);7
1.1634964602729406e-13;(133, 0);8
1.0689226368790002e-12;(133, 0);9
7.434774827848857e-09;(133, 1);0
1.0395589747763489e-11;(133, 1);1
1.6423312190829266e-14;(133, 1);2
1.6228159091077382e-16;(133, 1);3
2.044975872005378e-16;(133, 1);4
9.289312178876791e-11;(133, 1);5
1.7637239022301612e-10;(133, 1);6
1.7290905901256995e-14;(133, 1);7
7.320789579825631e-11;(133, 1);8
3.030813980022809e-09;(133, 1);9
2.1641869150084523e-10;(133, 2);0
2.6111748370705625e-17;(133, 2);1
1.9601856948095497e-13;(133, 2);2
2.0682815648176688e-26;(133, 2);3
1.7922195930941083e-17;(133, 2);4
3.0487019034722014e-14;(133, 2);5
3.827360045401938e-15;(133, 2);6
1.634191555284064e-14;(133, 2);7
3.8831886590061455e-14;(133, 2);8
7.779066066754313e-15;(133, 2);9
5.943085472404831e-09;(140, 0);0
9.20265380220369e-11;(140, 0);1
1.5334136478761337e-09;(140, 0);2
1.914784110484248e-06;(140, 0);3
4.0741815291966704e-14;(140, 0);4
5.456954456750405e-07;(140, 0);5
1.6505612464054792e-10;(140, 0);6
7.24068360357006e-10;(140, 0);7
2.9111280494881218e-08;(140, 0);8
1.8746280470235685e-06;(140, 0);9
0.00015179759947927244;(140, 1);0
3.998904968291758e-06;(140, 1);1
1.1243342919803995e-07;(140, 1);2
1.83857632010327e-06;(140, 1);3
0.00035076277806696916;(140, 1);4
5.436419210492897e-06;(140, 1);5
0.0053753761326185865;(140, 1);6
5.719386509527362e-06;(140, 1);7
0.0076272849605097245;(140, 1);8
8.186872747661265e-09;(140, 1);9
0.0006253997281575248;(140, 2);0
1.4810908374935806e-07;(140, 2);1
1.4144693842354208e-05;(140, 2);2
2.8801570558655414e-05;(140, 2);3
4.989542526288604e-12;(140, 2);4
1.1970125819540622e-07;(140, 2);5
3.359812003979032e-14;(140, 2);6
2.6256171323152473e-11;(140, 2);7
0.000166118678407486;(140, 2);8
3.3571898078814793e-11;(140, 2);9
1.8736904952564587e-08;(140, 3);0
1.0915208004597224e-06;(140, 3);1
3.391903522740199e-07;(140, 3);2
3.4764711839543886e-07;(140, 3);3
6.520618730227221e-06;(140, 3);4
5.229795738346983e-07;(140, 3);5
4.447288145106896e-08;(140, 3);6
0.0002972928326871187;(140, 3);7
2.0433498892316075e-08;(140, 3);8
4.031251357542877e-09;(140, 3);9
5.602674612220893e-09;(141, 0);0
3.884905346142981e-08;(141, 0);1
1.0335345725951404e-07;(141, 0);2
8.420142299785659e-10;(141, 0);3
2.853187878723976e-08;(141, 0);4
4.388269748439411e-09;(141, 0);5
8.780464170642882e-07;(141, 0);6
4.193911018936166e-07;(141, 0);7
8.789733963157333e-08;(141, 0);8
1.3326892016166553e-07;(141, 0);9
7.894137411542922e-15;(137, 2);0
8.149402841944183e-13;(137, 2);1
2.778132020620653e-13;(137, 2);2
1.6269235621239927e-08;(137, 2);3
1.710430522490406e-11;(137, 2);4
6.363042214721151e-14;(137, 2);5
8.70306318497226e-13;(137, 2);6
1.702813064055939e-13;(137, 2);7
2.8036946609180627e-10;(137, 2);8
2.5450998459826417e-16;(137, 2);9
5.8768883585806314e-18;(137, 3);0
1.7491381486762115e-15;(137, 3);1
3.2173083672632186e-16;(137, 3);2
7.482524434499426e-16;(137, 3);3
8.248750235014888e-11;(137, 3);4
5.595112626844709e-10;(137, 3);5
1.4584292022284289e-10;(137, 3);6
8.043561445626625e-20;(137, 3);7
1.0393859181273724e-13;(137, 3);8
1.435816133366575e-07;(137, 3);9
3.2394079739603733e-24;(138, 0);0
3.3633527395363025e-20;(138, 0);1
1.6271470148709632e-23;(138, 0);2
8.731421195600724e-19;(138, 0);3
7.968318227009846e-16;(138, 0);4
3.687279895311056e-23;(138, 0);5
6.7242001245878286e-21;(138, 0);6
1.2194317971758275e-21;(138, 0);7
5.3490618163101075e-12;(138, 0);8
3.668963425536027e-15;(138, 0);9
3.3743575022966458e-15;(138, 1);0
3.459725793464141e-15;(138, 1);1
4.810391400839217e-17;(138, 1);2
8.31804029736e-06;(138, 1);3
2.8189779251946525e-15;(138, 1);4
2.617121874768544e-05;(138, 1);5
3.952529018972313e-09;(138, 1);6
5.05367731571586e-09;(138, 1);7
1.0601042413221356e-11;(138, 1);8
2.6162531388714895e-11;(138, 1);9
1.218423990661916e-26;(138, 2);0
3.472368021630001e-14;(138, 2);1
7.030567754673226e-24;(138, 2);2
1.0554809940693263e-15;(138, 2);3
3.6409355575260085e-19;(138, 2);4
8.415386000762804e-24;(138, 2);5
2.779499155117809e-17;(138, 2);6
8.359939733724548e-25;(138, 2);7
3.0219120507123047e-12;(138, 2);8
3.629419688369485e-18;(138, 2);9
4.289961883969759e-18;(131, 1);0
6.118784191118017e-14;(131, 1);1
9.157343712551445e-21;(131, 1);2
2.0765737623514548e-23;(131, 1);3
1.838003580627004e-14;(131, 1);4
1.597178237047736e-20;(131, 1);5
1.9608042243320347e-17;(131, 1);6
1.2535387485387097e-27;(131, 1);7
6.950052906315825e-21;(131, 1);8
1.7398931678608842e-16;(131, 1);9
7.5900930089601e-16;(131, 2);0
3.241249954142507e-17;(131, 2);1
2.233019329263725e-10;(131, 2);2
6.387626811955183e-19;(131, 2);3
2.803656975540277e-16;(131, 2);4
2.375975755954918e-14;(131, 2);5
3.716291786599094e-14;(131, 2);6
2.664175759171522e-19;(131, 2);7
4.6135365310525085e-20;(131, 2);8
1.345768751106313e-15;(131, 2);9
1.7908777232113083e-10;(131, 3);0
8.080626161791584e-17;(131, 3);1
1.4843920568266833e-20;(131, 3);2
1.5368987844080464e-17;(131, 3);3
1.0652202566731475e-16;(131, 3);4
3.7490326765301853e-11;(131, 3);5
3.415112834607636e-13;(131, 3);6
5.8030944857591116e-15;(131, 3);7
1.5594321868141912e-22;(131, 3);8
1.6415436501338567e-08;(131, 3);9
7.178292288638671e-12;(132, 0);0
3.338541552025668e-09;(132, 0);1
2.0060009726775228e-16;(132, 0);2
7.796274922697061e-18;(132, 0);3
3.547735153960384e-21;(132, 0);4
2.6878298695766e-19;(132, 0);5
2.2343178910323815e-18;(132, 0);6
2.241389568659158e-16;(132, 0);7
2.2527200656272274e-14;(132, 0);8
8.939232540397522e-07;(132, 0);9
3.817530816532747e-12;(132, 1);0
3.652654175204875e-19;(132, 1);1
1.458421508031015e-16;(132, 1);2
8.264571490581399e-18;(132, 1);3
8.854900353998916e-24;(132, 1);4
2.2827151551122124e-17;(132, 1);5
1.3198417857282857e-23;(132, 1);6
7.852103301000144e-18;(132, 1);7
3.437311264397497e-20;(132, 1);8
2.3548322029239583e-12;(132, 1);9
1.6638113295831853e-07;(141, 1);0
0.00015833290007487833;(141, 1);1
1.9783111464781926e-06;(141, 1);2
1.2003085870359084e-06;(141, 1);3
1.5480814409370666e-10;(141, 1);4
6.928776506714624e-09;(141, 1);5
3.836118222131837e-11;(141, 1);6
6.57418943430365e-09;(141, 1);7
5.299412048270272e-05;(141, 1);8
8.206113060135692e-09;(141, 1);9
6.192316223966022e-09;(141, 2);0
2.3277374191284905e-11;(141, 2);1
4.7976354027110613e-14;(141, 2);2
8.45143491097076e-15;(141, 2);3
8.89816033434491e-16;(141, 2);4
1.4128725634887799e-14;(141, 2);5
1.1839691574687286e-14;(141, 2);6
5.303142266663252e-11;(141, 2);7
9.127140603497948e-06;(141, 2);8
5.678530785298216e-08;(141, 2);9
6.099249863516021e-06;(141, 3);0
2.194492035099303e-12;(141, 3);1
1.2016546048944027e-08;(141, 3);2
7.7025666538236e-12;(141, 3);3
6.384072944444958e-11;(141, 3);4
9.118122821720102e-09;(141, 3);5
4.3884270245961125e-12;(141, 3);6
2.6377705486898726e-10;(141, 3);7
7.900322203206857e-13;(141, 3);8
6.362962075268448e-09;(141, 3);9
4.038133843959627e-06;(142, 0);0
7.860432467715026e-11;(142, 0);1
3.4315218363279726e-17;(142, 0);2
4.770591314280823e-10;(142, 0);3
1.413396699976612e-13;(142, 0);4
8.433207616607797e-09;(142, 0);5
1.2350710846384257e-10;(142, 0);6
1.1652452032994991e-10;(142, 0);7
3.998279976211535e-19;(142, 0);8
1.2029786214721207e-15;(142, 0);9
2.445323586377739e-09;(142, 1);0
8.296736298245593e-08;(142, 1);1
5.303654521501886e-09;(142, 1);2
3.6725803214341987e-10;(142, 1);3
1.506647217204935e-06;(142, 1);4
5.14483217708999e-10;(142, 1);5
3.0600983650781234e-13;(142, 1);6
3.485266970143691e-11;(142, 1);7
1.582591989002254e-17;(142, 1);8
6.267570663893864e-11;(142, 1);9
6.120084767642948e-17;(142, 2);0
7.544259640484735e-18;(142, 2);1
6.425823481219678e-13;(142, 2);2
4.485507834652712e-07;(142, 2);3
5.965172975100602e-20;(142, 2);4
2.7004560468273797e-20;(142, 2);5
2.707750540208307e-13;(142, 2);6
1.5988486804895236e-14;(142, 2);7
9.42005335345602e-26;(142, 2);8
1.1434792227256982e-08;(142, 2);9
3.856595239384168e-14;(142, 3);0
1.7341942839098735e-10;(142, 3);1
5.0204420767497987e-14;(142, 3);2
1.4993009351505892e-08;(142, 3);3
4.217846813502293e-10;(142, 3);4
1.0133924141988011e-11;(142, 3);5
7.623405164017058e-19;(142, 3);6
3.2128827025251394e-14;(142, 3);7
2.0748363463831035e-09;(142, 3);8
1.8486056505862482e-16;(142, 3);9
3.191515065515001e-14;(143, 0);0
1.9434191715333238e-11;(143, 0);1
2.405468037371849e-10;(143, 0);2
2.261573985917943e-13;(143, 0);3
2.511748735216051e-10;(143, 0);4
1.4039572790458246e-17;(143, 0);5
4.7176458000897777e-17;(143, 0);6
4.622055582120743e-18;(143, 0);7
3.188058675508883e-14;(143, 0);8
7.898968802945475e-17;(143, 0);9
3.514275695343329e-22;(143, 1);0
1.0317976553964891e-15;(143, 1);1
6.020127452330335e-16;(143, 1);2
6.28876377439997e-14;(143, 1);3
2.855842052862331e-14;(143, 1);4
6.103652954752585e-13;(143, 1);5
7.416088906783223e-22;(143, 1);6
5.25739946865208e-14;(143, 1);7
1.5866974273936135e-18;(143, 1);8
4.7279940288762655e-21;(143, 1);9
1.2931075723120556e-18;(143, 2);0
5.821095350249613e-20;(143, 2);1
4.33079590746858e-17;(143, 2);2
1.9181960754913163e-10;(143, 2);3
1.5844330311969776e-10;(143, 2);4
2.8040616175530146e-19;(143, 2);5
2.392481952398045e-15;(143, 2);6
5.150311506364111e-11;(143, 2);7
2.287982365968166e-19;(143, 2);8
2.4178058835295053e-13;(143, 2);9
5.95789872700629e-12;(145, 0);0
5.6898614503827394e-08;(145, 0);1
4.364374037367195e-15;(145, 0);2
9.572563456463059e-08;(145, 0);3
1.5441582187545115e-11;(145, 0);4
6.599929350072966e-05;(145, 0);5
8.201380933967904e-06;(145, 0);6
1.790394716022288e-11;(145, 0);7
1.7936715142155814e-10;(145, 0);8
0.00016094062462859493;(145, 0);9
3.434624610981766e-18;(145, 1);0
6.062731585055851e-09;(145, 1);1
4.61012353025585e-17;(145, 1);2
1.7328060699958407e-14;(145, 1);3
1.1273286521070276e-21;(145, 1);4
1.2469741690172743e-09;(145, 1);5
5.491516194399188e-18;(145, 1);6
9.982297256135125e-13;(145, 1);7
3.942168876199461e-18;(145, 1);8
4.001935038719951e-20;(145, 1);9
3.2578694541804486e-06;(145, 2);0
2.6831835958993516e-15;(145, 2);1
1.4331075630186257e-16;(145, 2);2
7.0001552834170305e-15;(145, 2);3
5.550724729428836e-20;(145, 2);4
2.6558328774170754e-08;(145, 2);5
6.5521641581327515e-28;(145, 2);6
4.1849908876302004e-13;(145, 2);7
1.2646240908409838e-08;(145, 2);8
5.4765342389922146e-14;(145, 2);9
9.182541330644563e-12;(145, 3);0
1.4935790018545705e-08;(145, 3);1
8.226175822582904e-14;(145, 3);2
3.802120604721591e-24;(145, 3);3
3.82522781837459e-13;(145, 3);4
6.573208092387407e-16;(145, 3);5
6.9284306585952864e-12;(145, 3);6
5.2465459472730525e-09;(145, 3);7
1.5447626893718978e-10;(145, 3);8
1.1868912240114438e-07;(145, 3);9
4.566042188602834e-19;(146, 0);0
2.2956930498678276e-12;(146, 0);1
9.420765910818781e-18;(146, 0);2
1.1846786338312655e-16;(146, 0);3
3.0125747641634584e-13;(146, 0);4
9.600204512794778e-11;(146, 0);5
6.556591890416393e-14;(146, 0);6
1.1887701401940159e-09;(146, 0);7
3.765187211913572e-13;(146, 0);8
8.47801434465669e-16;(146, 0);9
2.3111010827273985e-16;(138, 3);0
1.1976038728578418e-18;(138, 3);1
1.9678262601626624e-23;(138, 3);2
9.44950598308043e-24;(138, 3);3
1.0402610395538377e-31;(138, 3);4
3.993547077180602e-19;(138, 3);5
9.684037335327115e-16;(138, 3);6
9.394922305126204e-20;(138, 3);7
4.2916702819937686e-26;(138, 3);8
5.480164398505911e-33;(138, 3);9
1.574140060726867e-12;(139, 0);0
7.322018454815166e-14;(139, 0);1
2.480665301380596e-13;(139, 0);2
2.983040666279848e-13;(139, 0);3
5.625439684225091e-10;(139, 0);4
1.736413780853138e-08;(139, 0);5
5.199430572212236e-07;(139, 0);6
1.321750147907427e-17;(139, 0);7
7.9464395778421e-12;(139, 0);8
1.3168086655661978e-07;(139, 0);9
6.855260037674098e-13;(139, 1);0
4.527749371735367e-07;(139, 1);1
7.386837342415682e-10;(139, 1);2
3.69819293255308e-14;(139, 1);3
4.13096149238209e-12;(139, 1);4
5.765908178927178e-10;(139, 1);5
2.334634914653873e-18;(139, 1);6
7.023824114603782e-05;(139, 1);7
8.096301757029021e-11;(139, 1);8
6.626320582693229e-13;(139, 1);9
3.07704099887656e-11;(139, 2);0
1.0915463712629701e-14;(139, 2);1
5.3917882066339e-10;(139, 2);2
4.858509161219792e-12;(139, 2);3
3.498534119450638e-10;(139, 2);4
3.9681088209078633e-19;(139, 2);5
1.4932766344476024e-15;(139, 2);6
1.8357268913866573e-16;(139, 2);7
3.2768897478589097e-19;(139, 2);8
7.63748606905629e-17;(139, 2);9
2.4392611147543255e-09;(139, 3);0
2.3320844121984405e-16;(139, 3);1
1.654202005671456e-13;(139, 3);2
2.0403027396114985e-12;(139, 3);3
9.98268308343992e-13;(139, 3);4
1.8138368364570586e-07;(139, 3);5
3.287660821453533e-08;(139, 3);6
1.2442042057117476e-11;(139, 3);7
2.818870685340338e-11;(139, 3);8
1.9351984086501938e-06;(139, 3);9
1.6737860322019148e-19;(143, 3);0
2.873620068827028e-20;(143, 3);1
3.311671504598567e-22;(143, 3);2
3.940892658015592e-12;(143, 3);3
4.0666532928755884e-26;(143, 3);4
2.1075826221696847e-24;(143, 3);5
1.3578434037600648e-14;(143, 3);6
5.864183379546189e-21;(143, 3);7
6.154767427303825e-16;(143, 3);8
6.465861296434556e-27;(143, 3);9
2.7053031316572325e-15;(144, 0);0
1.4420266311692481e-11;(144, 0);1
2.546773665002477e-14;(144, 0);2
0.00024382617298987497;(144, 0);3
9.737691133817145e-09;(144, 0);4
8.981975751560512e-14;(144, 0);5
2.797964697872698e-06;(144, 0);6
2.732207644481678e-08;(144, 0);7
5.707087270047915e-06;(144, 0);8
2.3600500067628975e-09;(144, 0);9
5.870542144288131e-06;(144, 1);0
2.868852397885927e-20;(144, 1);1
3.1421284590819386e-11;(144, 1);2
7.945829341213555e-10;(144, 1);3
7.110116503215708e-15;(144, 1);4
2.788950506755742e-16;(144, 1);5
8.044570984604126e-05;(144, 1);6
3.018102129505703e-13;(144, 1);7
2.158235212589192e-09;(144, 1);8
3.273901467264364e-11;(144, 1);9
1.0283762527290729e-07;(144, 2);0
6.42269053854202e-13;(144, 2);1
2.373484459637024e-09;(144, 2);2
2.7546727135686346e-10;(144, 2);3
2.738135350127756e-17;(144, 2);4
0.00028392105400126317;(144, 2);5
9.449626347797729e-11;(144, 2);6
1.093236799841237e-08;(144, 2);7
1.1824062125599192e-08;(144, 2);8
6.265226289032167e-10;(144, 2);9
8.21729418835988e-12;(144, 3);0
1.6609034893406707e-10;(144, 3);1
3.6399474825774895e-08;(144, 3);2
9.29375297319592e-15;(144, 3);3
4.978856689584547e-09;(144, 3);4
1.8013155194058893e-17;(144, 3);5
2.876996280030597e-13;(144, 3);6
1.7253137124050913e-14;(144, 3);7
1.8944258708186896e-17;(144, 3);8
1.0461521424130103e-08;(144, 3);9
1.9007694932136325e-08;(150, 0);0
2.638574292158836e-07;(150, 0);1
2.7483133019683526e-09;(150, 0);2
9.347928238654268e-14;(150, 0);3
1.1454331963076783e-12;(150, 0);4
4.332799225880075e-12;(150, 0);5
8.322645634655626e-10;(150, 0);6
5.078865696518521e-07;(150, 0);7
9.274963176340369e-15;(150, 0);8
2.8551284000560233e-07;(150, 0);9
3.70308539136234e-12;(150, 1);0
7.422619036293555e-06;(150, 1);1
5.849907127427499e-11;(150, 1);2
5.963566257058075e-07;(150, 1);3
0.0006700244735666499;(150, 1);4
2.5554367071217524e-08;(150, 1);5
4.3641258048794123e-07;(150, 1);6
1.9636557286113218e-05;(150, 1);7
1.6855244363798797e-07;(150, 1);8
4.348807039966839e-08;(150, 1);9
1.4411639713689045e-10;(150, 2);0
7.153417798371768e-09;(150, 2);1
2.305676313687057e-10;(150, 2);2
3.577123013107143e-09;(150, 2);3
2.2207512101491877e-11;(150, 2);4
2.0890384519765687e-15;(150, 2);5
3.5668775375206246e-12;(150, 2);6
7.215003507065882e-11;(150, 2);7
2.29978343842625e-17;(150, 2);8
1.8093691152622853e-14;(150, 2);9
8.214367820108098e-06;(150, 3);0
4.1043492802400906e-08;(150, 3);1
2.0118149085489622e-11;(150, 3);2
6.655471245158066e-14;(150, 3);3
1.3379090731148776e-14;(150, 3);4
1.6559641605803774e-06;(150, 3);5
7.423560339841358e-15;(150, 3);6
4.01329416343574e-09;(150, 3);7
2.0968777090432147e-07;(150, 3);8
1.6946157984176946e-06;(150, 3);9
6.17698805600421e-08;(151, 0);0
2.6628618437281634e-05;(151, 0);1
6.092752244879035e-12;(151, 0);2
0.0018703941724750243;(151, 0);3
0.0010899120823728064;(151, 0);4
0.002579462256518493;(151, 0);5
1.5568924865204469e-09;(151, 0);6
0.00016444492659711563;(151, 0);7
4.7604254849048496e-07;(151, 0);8
4.166933593249659e-05;(151, 0);9
0.00025795247974456665;(148, 3);0
1.6408148551079364e-13;(148, 3);1
0.00017096464667152645;(148, 3);2
3.121670126765104e-06;(148, 3);3
1.0887898585919663e-05;(148, 3);4
7.703938338852752e-19;(148, 3);5
2.7265207887886914e-09;(148, 3);6
3.38919308053875e-10;(148, 3);7
7.642834472500181e-05;(148, 3);8
1.0718093645222989e-10;(148, 3);9
7.476114984497367e-11;(149, 0);0
8.369274106022902e-11;(149, 0);1
3.1023887314569563e-12;(149, 0);2
8.694830295328773e-10;(149, 0);3
1.8289260473367537e-17;(149, 0);4
5.571712295340152e-13;(149, 0);5
6.825904643670307e-12;(149, 0);6
5.2338438117438515e-12;(149, 0);7
1.4483078883135783e-12;(149, 0);8
7.27632270122746e-10;(149, 0);9
8.087503217158013e-14;(149, 1);0
8.022951244838119e-15;(149, 1);1
2.5495130321824884e-15;(149, 1);2
3.5591585369065083e-10;(149, 1);3
1.1191936720947247e-08;(149, 1);4
4.348769117927139e-15;(149, 1);5
1.0638416791680707e-08;(149, 1);6
7.691725892672178e-25;(149, 1);7
3.8924613173180493e-07;(149, 1);8
5.497461390584716e-10;(149, 1);9
7.225611845257846e-16;(149, 2);0
3.81538018758208e-15;(149, 2);1
2.1388066281943158e-12;(149, 2);2
4.368762679813739e-09;(149, 2);3
6.655382762518709e-12;(149, 2);4
4.924847462920105e-17;(149, 2);5
1.0035634537711045e-09;(149, 2);6
5.723693464754395e-14;(149, 2);7
3.1141454973453235e-07;(149, 2);8
3.6243209302422884e-12;(149, 2);9
3.344331700694545e-14;(149, 3);0
3.2979771009114105e-09;(149, 3);1
2.310660729388963e-09;(149, 3);2
1.3701483796404596e-10;(149, 3);3
2.539214810111559e-19;(149, 3);4
2.44885244935031e-10;(149, 3);5
1.5070885773296328e-18;(149, 3);6
4.3291907129698693e-16;(149, 3);7
9.52360086687346e-12;(149, 3);8
3.313884650665934e-10;(149, 3);9
1.7743277048130682e-06;(151, 1);0
1.940817765875713e-10;(151, 1);1
2.725661086913974e-08;(151, 1);2
1.7083989231327714e-06;(151, 1);3
0.00023230574717373746;(151, 1);4
5.511299176866862e-08;(151, 1);5
1.1239376210201176e-13;(151, 1);6
1.061049021440639e-05;(151, 1);7
8.60640929252937e-06;(151, 1);8
4.555238304384513e-06;(151, 1);9
8.848077373587146e-17;(151, 2);0
1.0466558420242232e-06;(151, 2);1
1.8086108175540652e-08;(151, 2);2
4.1213322471404804e-16;(151, 2);3
2.483439820179552e-08;(151, 2);4
1.3766543972210566e-21;(151, 2);5
2.163873881548925e-11;(151, 2);6
2.1314837594079781e-13;(151, 2);7
3.285067246884099e-16;(151, 2);8
1.279310677223171e-13;(151, 2);9
1.2144086491174395e-20;(151, 3);0
1.6002413512443589e-21;(151, 3);1
1.3818330201357282e-08;(151, 3);2
2.0022518618623044e-25;(151, 3);3
8.2716026071559e-10;(151, 3);4
1.82938083490667e-18;(151, 3);5
4.304122154892289e-32;(151, 3);6
1.3228246553815267e-21;(151, 3);7
3.2410110416284654e-14;(151, 3);8
1.56322308681317e-29;(151, 3);9
6.172256507507964e-08;(152, 0);0
2.4095257057748067e-08;(152, 0);1
1.810192106956482e-05;(152, 0);2
4.874886555463279e-06;(152, 0);3
2.2734544993317474e-06;(152, 0);4
1.7951632112447015e-08;(152, 0);5
2.2175614493613167e-08;(152, 0);6
0.0009778393145848854;(152, 0);7
2.9573441076113144e-07;(152, 0);8
2.3309067623316683e-10;(152, 0);9
1.497217651650689e-05;(152, 1);0
0.003454132363507892;(152, 1);1
7.895553084481545e-10;(152, 1);2
7.841004223210707e-07;(152, 1);3
5.447695283841369e-06;(152, 1);4
1.1804120349026849e-07;(152, 1);5
7.367107133419897e-08;(152, 1);6
0.00013705157971425434;(152, 1);7
7.452239273052874e-09;(152, 1);8
2.2777884384552813e-06;(152, 1);9
1.0883956209998788e-21;(146, 1);0
5.530509215288777e-11;(146, 1);1
1.3265130882175007e-14;(146, 1);2
5.997352401700231e-16;(146, 1);3
1.9459679036437676e-09;(146, 1);4
9.310442668882626e-14;(146, 1);5
2.6851834745449514e-10;(146, 1);6
6.00224607650453e-11;(146, 1);7
1.5327691221235237e-13;(146, 1);8
1.6899611759751146e-11;(146, 1);9
2.590986950843858e-14;(146, 2);0
3.6317646467602e-27;(146, 2);1
3.932605510781148e-18;(146, 2);2
1.1670916895348813e-19;(146, 2);3
9.44603899092993e-12;(146, 2);4
7.328479979565529e-19;(146, 2);5
1.0830871748420379e-08;(146, 2);6
7.666549897736729e-14;(146, 2);7
6.426655460172795e-20;(146, 2);8
2.414679202175945e-19;(146, 2);9
2.2410292242053895e-17;(146, 3);0
2.4013332447397893e-16;(146, 3);1
3.4569551251530015e-17;(146, 3);2
2.8768756238050385e-25;(146, 3);3
1.7835745290800375e-11;(146, 3);4
8.273276640187633e-17;(146, 3);5
1.9046989024697802e-18;(146, 3);6
2.9107976463700095e-15;(146, 3);7
3.5341172568502985e-21;(146, 3);8
6.169710366005084e-13;(146, 3);9
1.746658125106057e-11;(147, 0);0
1.7304131391345314e-09;(147, 0);1
2.1336875636239885e-09;(147, 0);2
7.528826732499149e-08;(147, 0);3
9.075408625980941e-14;(147, 0);4
4.9387673630222e-11;(147, 0);5
2.718617555271188e-14;(147, 0);6
3.039616457748045e-21;(147, 0);7
2.412883893344044e-16;(147, 0);8
4.700275221236522e-09;(147, 0);9
6.607129465037685e-09;(147, 1);0
1.5874039112368158e-15;(147, 1);1
6.627507388558025e-13;(147, 1);2
6.122693358474798e-16;(147, 1);3
1.90971209934021e-18;(147, 1);4
5.334933223613189e-12;(147, 1);5
6.671169570448938e-18;(147, 1);6
3.06184850137634e-14;(147, 1);7
2.8905404051365368e-21;(147, 1);8
3.44571933194662e-13;(147, 1);9
4.949043730935769e-16;(147, 2);0
1.5950411487409922e-15;(147, 2);1
8.66420823716845e-14;(147, 2);2
1.707768420719234e-17;(147, 2);3
2.6660856033882473e-29;(147, 2);4
3.224155528905414e-14;(147, 2);5
7.1441462478319716e-12;(147, 2);6
1.3079191049783704e-17;(147, 2);7
1.4055862951216827e-11;(147, 2);8
1.544660591884772e-16;(147, 2);9
3.0799029187998327e-24;(147, 3);0
7.919838541347188e-29;(147, 3);1
2.2294871528923814e-17;(147, 3);2
4.377493672468322e-16;(147, 3);3
3.8569462115712425e-15;(147, 3);4
1.6811090290697852e-19;(147, 3);5
8.175678788508263e-11;(147, 3);6
7.18004260772494e-19;(147, 3);7
8.976201074739602e-15;(147, 3);8
4.3284930626729145e-15;(147, 3);9
3.7505545970995174e-32;(148, 0);0
1.0073149757187002e-20;(148, 0);1
9.571842347071774e-12;(148, 0);2
9.25690053078279e-19;(148, 0);3
1.3272707237129518e-32;(148, 0);4
5.154572062444426e-07;(148, 0);5
1.285608488269973e-34;(148, 0);6
1.3393254403303556e-18;(148, 0);7
1.469940821391027e-10;(148, 0);8
1.933361145379054e-08;(148, 0);9
3.9798788503634254e-58;(148, 1);0
7.861650142317934e-07;(148, 1);1
2.0582470549549178e-21;(148, 1);2
4.156717305011022e-17;(148, 1);3
2.4756027719236417e-20;(148, 1);4
4.2368923690852944e-19;(148, 1);5
6.6490039344872905e-96;(148, 1);6
3.1279307209172134e-07;(148, 1);7
4.7471699754148e-17;(148, 1);8
5.179737737049364e-12;(148, 1);9
4.9340168140833256e-17;(148, 2);0
1.27725271062839e-48;(148, 2);1
1.3682880789129471e-05;(148, 2);2
3.363908188997225e-62;(148, 2);3
1.7224968220886987e-16;(148, 2);4
9.328032909960986e-05;(148, 2);5
3.9201096848444527e-14;(148, 2);6
8.293149818597487e-07;(148, 2);7
9.613406183704517e-14;(148, 2);8
1.5076232215372857e-19;(148, 2);9
3.838011681495166e-10;(152, 2);0
1.0725124343807168e-10;(152, 2);1
1.0371516336817488e-11;(152, 2);2
1.0342740541137405e-07;(152, 2);3
5.896784462811255e-06;(152, 2);4
1.9600641582104884e-06;(152, 2);5
1.1190807525801028e-08;(152, 2);6
2.8947464190390803e-05;(152, 2);7
5.167868342311043e-09;(152, 2);8
7.256776780952595e-06;(152, 2);9
3.6776859271181593e-07;(152, 3);0
4.882924023911259e-08;(152, 3);1
1.5118632021274254e-09;(152, 3);2
5.24150098106098e-10;(152, 3);3
7.585991615284685e-10;(152, 3);4
7.2299029503126305e-06;(152, 3);5
0.0001043053048930818;(152, 3);6
2.2672000007267178e-08;(152, 3);7
1.152893028131408e-07;(152, 3);8
4.101193633973707e-08;(152, 3);9
1.2705683278688577e-15;(153, 0);0
9.699343443523652e-13;(153, 0);1
1.251007176603231e-11;(153, 0);2
2.7190917701160196e-10;(153, 0);3
1.4371573144393386e-11;(153, 0);4
1.0655795680561947e-20;(153, 0);5
1.1164716725995995e-09;(153, 0);6
4.264792509800652e-07;(153, 0);7
1.6098398406046953e-11;(153, 0);8
9.771511286124256e-20;(153, 0);9
1.2266758195363874e-05;(153, 1);0
2.0648831671258799e-10;(153, 1);1
2.0792034119954354e-07;(153, 1);2
2.333016358088568e-08;(153, 1);3
9.81467846534212e-10;(153, 1);4
5.02896291442324e-11;(153, 1);5
6.542570533747215e-13;(153, 1);6
9.534806776062585e-09;(153, 1);7
2.0523420743113538e-08;(153, 1);8
9.72857915844885e-06;(153, 1);9
1.6468382133255356e-10;(153, 2);0
8.65501441378173e-11;(153, 2);1
2.6312413038737682e-14;(153, 2);2
2.1839031703563365e-10;(153, 2);3
1.0462857868030519e-07;(153, 2);4
1.055528522741728e-08;(153, 2);5
0.0002089019881367732;(153, 2);6
5.287771225988026e-07;(153, 2);7
8.189671597282211e-06;(153, 2);8
1.0764601419317577e-09;(153, 2);9
7.730495042824378e-08;(153, 3);0
4.8187898657362476e-14;(153, 3);1
5.156837332227159e-09;(153, 3);2
5.601231801371407e-11;(153, 3);3
3.045525493558871e-07;(153, 3);4
2.9502322314907416e-14;(153, 3);5
3.444557707282673e-14;(153, 3);6
8.539824337459181e-11;(153, 3);7
5.739876470390332e-11;(153, 3);8
4.496416679709649e-13;(153, 3);9
8.711550538357542e-09;(154, 0);0
1.503888773516536e-10;(154, 0);1
1.92312024621953e-14;(154, 0);2
2.2198021137928876e-13;(154, 0);3
1.6546820681294206e-11;(154, 0);4
2.021766267631892e-12;(154, 0);5
4.574573455505814e-18;(154, 0);6
1.2004986090482611e-12;(154, 0);7
2.853744382002501e-14;(154, 0);8
1.3892017238803546e-08;(154, 0);9
1.3503750871587314e-10;(154, 1);0
2.40527191750155e-09;(154, 1);1
3.17719156882033e-09;(154, 1);2
5.144836986890802e-13;(154, 1);3
2.2475870308723198e-05;(154, 1);4
1.2721407165102098e-15;(154, 1);5
5.0724134142512646e-15;(154, 1);6
5.389875221099895e-13;(154, 1);7
6.314810433991481e-08;(154, 1);8
1.0506250117493846e-08;(154, 1);9
8.631011984856508e-18;(154, 2);0
3.616666430511624e-14;(154, 2);1
1.0589413761518688e-15;(154, 2);2
1.6820135529841638e-07;(154, 2);3
5.517392819387924e-12;(154, 2);4
2.2231025009159352e-12;(154, 2);5
5.91217155668062e-21;(154, 2);6
1.8853480014781494e-13;(154, 2);7
6.264059957433525e-14;(154, 2);8
3.4281143164613023e-16;(154, 2);9
4.768825892950098e-15;(154, 3);0
1.5901779741028098e-11;(154, 3);1
7.27558849242963e-14;(154, 3);2
5.556335548058719e-10;(154, 3);3
6.844724313002999e-15;(154, 3);4
6.281243928572128e-15;(154, 3);5
5.638581939909857e-12;(154, 3);6
5.04629937987722e-14;(154, 3);7
3.3106368960233457e-13;(154, 3);8
1.8131657310285314e-18;(154, 3);9
2.749638068160094e-19;(157, 2);0
1.1753335943459029e-11;(157, 2);1
4.493917189453577e-09;(157, 2);2
6.372184111609875e-19;(157, 2);3
1.481267315944159e-15;(157, 2);4
8.587799958701483e-14;(157, 2);5
1.1229878571715237e-20;(157, 2);6
1.1165289270551484e-18;(157, 2);7
1.8120213015613882e-11;(157, 2);8
2.292732277359783e-15;(157, 2);9
0.00012064087394239138;(157, 3);0
9.444420379907309e-12;(157, 3);1
1.572765378029984e-09;(157, 3);2
9.784027228328446e-15;(157, 3);3
5.832011874700817e-12;(157, 3);4
2.696915754476557e-15;(157, 3);5
9.780809030271953e-07;(157, 3);6
3.1518729122797114e-14;(157, 3);7
2.1911573745208786e-13;(157, 3);8
2.1567695449817937e-06;(157, 3);9
5.15900113468201e-05;(158, 0);0
2.4926129312549476e-08;(158, 0);1
1.643615880830771e-08;(158, 0);2
6.997998518060329e-06;(158, 0);3
4.714024877403858e-12;(158, 0);4
0.21695113857673473;(158, 0);5
1.2352518787968503e-06;(158, 0);6
1.0280620154790733e-06;(158, 0);7
0.000259982438515735;(158, 0);8
1.0570978532974273e-07;(158, 0);9
4.640407640854556e-05;(158, 1);0
4.636658115901578e-05;(158, 1);1
1.8558543074246066e-05;(158, 1);2
9.39126027577634e-12;(158, 1);3
3.234961597977481e-05;(158, 1);4
3.662737746726315e-10;(158, 1);5
7.535351250752364e-08;(158, 1);6
5.047524485851372e-12;(158, 1);7
0.00019084290572216146;(158, 1);8
1.4589249529619708e-05;(158, 1);9
1.1148181262967527e-05;(158, 2);0
5.915005460318808e-07;(158, 2);1
3.0218113177785656e-05;(158, 2);2
5.087194906003677e-08;(158, 2);3
4.2708778822791915e-06;(158, 2);4
0.0007050889793153993;(158, 2);5
8.425716050210628e-05;(158, 2);6
0.00016564126962806294;(158, 2);7
0.0006248665649314184;(158, 2);8
0.0003352348592390003;(158, 2);9
2.1936088202702766e-05;(158, 3);0
1.1583742054445056e-09;(158, 3);1
4.1650619969306247e-07;(158, 3);2
2.3413987186754556e-12;(158, 3);3
0.00019629345395950272;(158, 3);4
2.171722758012068e-06;(158, 3);5
0.00026002344566174006;(158, 3);6
0.002043210925587901;(158, 3);7
8.387496606048423e-06;(158, 3);8
5.088129572698852e-13;(158, 3);9
1.7264390488250967e-11;(159, 0);0
1.4986036307033097e-18;(159, 0);1
7.457067029007455e-19;(159, 0);2
1.4115501340962527e-19;(159, 0);3
1.4556807656690866e-09;(159, 0);4
5.972736302734288e-33;(159, 0);5
1.4630872755034435e-11;(159, 0);6
1.0687594379661449e-13;(159, 0);7
1.7011242206562795e-09;(159, 0);8
2.3897546490626492e-15;(159, 0);9
2.3524596471301573e-19;(159, 1);0
5.468113682930552e-21;(159, 1);1
7.973991940838141e-20;(159, 1);2
7.915243777003508e-21;(159, 1);3
1.4086607808580495e-15;(159, 1);4
6.911481362559885e-17;(159, 1);5
3.1164784191732415e-11;(159, 1);6
7.040724782093712e-19;(159, 1);7
9.327201600314592e-18;(159, 1);8
2.1389314943450216e-18;(159, 1);9
3.7920529189382226e-14;(159, 2);0
8.059967928121752e-15;(159, 2);1
2.1113948128875845e-12;(159, 2);2
2.091682365686962e-15;(159, 2);3
7.484434499883172e-25;(159, 2);4
5.8537928184095376e-15;(159, 2);5
8.826404452746541e-19;(159, 2);6
8.883854079004181e-18;(159, 2);7
1.3775705000530197e-22;(159, 2);8
1.903989155975347e-15;(159, 2);9
3.040914444954855e-07;(159, 3);0
9.907800905553197e-09;(159, 3);1
4.654460264223809e-12;(159, 3);2
2.487913720600988e-13;(159, 3);3
9.64846475357564e-10;(159, 3);4
7.855720993718358e-13;(159, 3);5
9.649600276510192e-12;(159, 3);6
4.7632816508003947e-07;(159, 3);7
1.0054584711229724e-10;(159, 3);8
1.5330207168732848e-14;(159, 3);9
1.8501359049060915e-10;(156, 1);0
1.998470414463583e-11;(156, 1);1
9.466958592905675e-22;(156, 1);2
1.5076701040311357e-12;(156, 1);3
6.286461423355753e-15;(156, 1);4
6.827906852553128e-14;(156, 1);5
1.3456756550748912e-18;(156, 1);6
9.469545352403898e-25;(156, 1);7
1.527337701417548e-20;(156, 1);8
1.61671470670567e-26;(156, 1);9
4.540152116186006e-08;(156, 2);0
9.391898116298461e-12;(156, 2);1
5.633423384919872e-06;(156, 2);2
1.7668773655709078e-14;(156, 2);3
4.445706457558286e-13;(156, 2);4
3.0893735022564754e-12;(156, 2);5
6.263768208823764e-10;(156, 2);6
5.961485857003352e-12;(156, 2);7
1.5042251753864502e-15;(156, 2);8
2.7634770116634195e-07;(156, 2);9
3.031571062884356e-07;(156, 3);0
3.4571020984330585e-12;(156, 3);1
3.220393389367977e-11;(156, 3);2
6.68910908951239e-14;(156, 3);3
1.515953160281193e-14;(156, 3);4
3.961329521571747e-09;(156, 3);5
1.6719769074135786e-13;(156, 3);6
2.3146967479662264e-09;(156, 3);7
6.385794267285686e-10;(156, 3);8
5.3565159661095586e-11;(156, 3);9
5.811790785602849e-19;(157, 0);0
1.245360073080475e-09;(157, 0);1
3.4901307076488285e-05;(157, 0);2
4.349585230552028e-11;(157, 0);3
1.355945010184478e-06;(157, 0);4
7.894694482630811e-10;(157, 0);5
4.444754237374079e-13;(157, 0);6
1.3345390517028637e-09;(157, 0);7
4.95522189481152e-11;(157, 0);8
7.000816081184317e-11;(157, 0);9
2.558393963963404e-12;(157, 1);0
3.7091847856896536e-05;(157, 1);1
1.748465667183373e-07;(157, 1);2
1.8897879137460784e-07;(157, 1);3
7.82183709744452e-14;(157, 1);4
1.428995342995103e-07;(157, 1);5
8.329066597377051e-10;(157, 1);6
2.4638472629775376e-08;(157, 1);7
1.0855598410085966e-05;(157, 1);8
1.0905894133992203e-05;(157, 1);9
8.805050815087005e-09;(160, 0);0
1.7807331218562507e-21;(160, 0);1
9.444583257909792e-11;(160, 0);2
8.354693252924057e-07;(160, 0);3
1.9052143160175963e-06;(160, 0);4
2.629619830341313e-08;(160, 0);5
1.6233701240009823e-07;(160, 0);6
5.21168724776479e-10;(160, 0);7
7.818341062570059e-11;(160, 0);8
2.1197993300265945e-11;(160, 0);9
7.384777520835223e-15;(160, 1);0
1.9643799689190583e-20;(160, 1);1
4.41564002432079e-10;(160, 1);2
3.1845653751773407e-20;(160, 1);3
9.076161978462011e-16;(160, 1);4
2.027300068318201e-06;(160, 1);5
2.0663325225662164e-16;(160, 1);6
6.54393013031291e-09;(160, 1);7
2.9849834122411705e-13;(160, 1);8
1.7812289566222945e-14;(160, 1);9
8.81513534506256e-18;(160, 2);0
2.0968484796906712e-10;(160, 2);1
2.763002544158143e-13;(160, 2);2
5.633702974577838e-19;(160, 2);3
1.281976219006886e-12;(160, 2);4
8.301678900745234e-12;(160, 2);5
2.9862773492649045e-24;(160, 2);6
3.640470326290229e-17;(160, 2);7
1.5354750458602471e-07;(160, 2);8
8.196640596620751e-18;(160, 2);9
8.555579164183593e-13;(160, 3);0
7.968361672237398e-16;(160, 3);1
4.58690613852479e-15;(160, 3);2
3.171693124661232e-14;(160, 3);3
1.3222323136644925e-08;(160, 3);4
3.259633329325164e-14;(160, 3);5
7.576402131384717e-11;(160, 3);6
1.036224115091569e-15;(160, 3);7
8.52052700291072e-21;(160, 3);8
1.487898160364701e-11;(160, 3);9
1.6309007538144882e-09;(161, 0);0
4.477145135750108e-06;(161, 0);1
3.830823556895351e-09;(161, 0);2
1.0685305934874997e-05;(161, 0);3
3.3748097339788193e-07;(161, 0);4
1.8627630054968161e-10;(161, 0);5
4.820593165427266e-06;(161, 0);6
4.5539271611731106e-11;(161, 0);7
4.826507258961506e-08;(161, 0);8
2.043910730996459e-14;(161, 0);9
7.933531949295917e-19;(155, 0);0
5.151151489317524e-16;(155, 0);1
2.6743146496539383e-18;(155, 0);2
1.6451732335468994e-11;(155, 0);3
2.28410301148717e-16;(155, 0);4
2.645153878430775e-15;(155, 0);5
1.463508087784855e-20;(155, 0);6
2.5814516232000394e-23;(155, 0);7
5.319196424246524e-11;(155, 0);8
3.537864560659293e-15;(155, 0);9
4.1374308942630696e-08;(155, 1);0
5.265575456224778e-09;(155, 1);1
0.0028471780601592076;(155, 1);2
2.6379158481434697e-06;(155, 1);3
2.437413023509696e-13;(155, 1);4
7.710743249479837e-13;(155, 1);5
4.513199357792815e-11;(155, 1);6
2.1642941506983595e-08;(155, 1);7
5.859566431732531e-07;(155, 1);8
1.5789470336099446e-09;(155, 1);9
4.0390531289560856e-16;(155, 2);0
2.3096466814188087e-20;(155, 2);1
1.0963150697822357e-19;(155, 2);2
1.5946829663956987e-25;(155, 2);3
1.0597919746005085e-08;(155, 2);4
2.2122162867752818e-14;(155, 2);5
1.1379160799181437e-16;(155, 2);6
3.671166707942402e-23;(155, 2);7
1.3088324873804915e-11;(155, 2);8
7.605435132755379e-26;(155, 2);9
9.642755872563849e-05;(155, 3);0
9.049793022474076e-06;(155, 3);1
3.526877064735755e-08;(155, 3);2
2.056985828944889e-07;(155, 3);3
1.7456430326109038e-06;(155, 3);4
0.0002680348256131906;(155, 3);5
3.5777795729071174e-14;(155, 3);6
4.6514469952190125e-08;(155, 3);7
5.0296668332184905e-08;(155, 3);8
1.355398813604972e-05;(155, 3);9
1.232114700513011e-09;(156, 0);0
5.920982511802027e-11;(156, 0);1
1.058343411026718e-09;(156, 0);2
1.5576068190742207e-12;(156, 0);3
8.03912381675555e-11;(156, 0);4
1.8526204157136636e-16;(156, 0);5
4.705251636449554e-19;(156, 0);6
3.843632129410435e-08;(156, 0);7
4.44543288692803e-11;(156, 0);8
2.0742806595516842e-11;(156, 0);9
9.174885833940181e-16;(161, 1);0
3.834810356558468e-14;(161, 1);1
3.775177121630928e-09;(161, 1);2
5.140453352929137e-20;(161, 1);3
3.253647039580058e-25;(161, 1);4
1.2774778404521113e-13;(161, 1);5
2.9965388653900177e-07;(161, 1);6
1.6965405872127428e-13;(161, 1);7
1.0387922740890229e-12;(161, 1);8
2.4054016168784328e-08;(161, 1);9
2.1442681198003972e-10;(161, 2);0
0.00013732550333857591;(161, 2);1
1.9721892456040232e-10;(161, 2);2
2.7256777114004475e-07;(161, 2);3
1.0652965993003624e-07;(161, 2);4
2.290807868679217e-08;(161, 2);5
1.5490058492788745e-13;(161, 2);6
3.813653160075351e-07;(161, 2);7
0.00021098584038114614;(161, 2);8
0.005435831922236395;(161, 2);9
1.0478980282633709e-09;(161, 3);0
3.7108436169499496e-05;(161, 3);1
1.7176381434592247e-08;(161, 3);2
4.996403657490116e-13;(161, 3);3
1.1348087381919841e-11;(161, 3);4
1.154554322801894e-07;(161, 3);5
0.0010390956378951532;(161, 3);6
2.1213047393131686e-08;(161, 3);7
1.2008124645105358e-05;(161, 3);8
5.031451615870908e-07;(161, 3);9
2.4488260455771864e-12;(162, 0);0
6.711450438426278e-30;(162, 0);1
2.489682442625869e-11;(162, 0);2
1.4060091190216715e-06;(162, 0);3
1.0111122105198493e-09;(162, 0);4
2.0907316452692273e-10;(162, 0);5
8.424911691185798e-21;(162, 0);6
3.390884043644497e-11;(162, 0);7
1.6005424381714538e-13;(162, 0);8
1.0663698297597808e-18;(162, 0);9
6.2517403296743275e-15;(162, 1);0
2.556646041820158e-20;(162, 1);1
5.6590395734604496e-49;(162, 1);2
1.3476504866702425e-07;(162, 1);3
6.267004502550978e-23;(162, 1);4
6.992901861382542e-53;(162, 1);5
9.32753261632586e-13;(162, 1);6
3.2691568175864416e-28;(162, 1);7
1.7439807362510644e-16;(162, 1);8
1.590368526904904e-20;(162, 1);9
1.7703305558140835e-20;(162, 2);0
7.101109244633514e-17;(162, 2);1
2.8128438898447163e-13;(162, 2);2
1.4670845305355096e-22;(162, 2);3
1.7853751129168946e-12;(162, 2);4
1.0698269134120728e-20;(162, 2);5
2.06051281752332e-30;(162, 2);6
2.21299530280528e-29;(162, 2);7
6.528734828736817e-16;(162, 2);8
2.6571035607729838e-18;(162, 2);9
6.481804707355679e-16;(162, 3);0
2.9698821882494508e-24;(162, 3);1
6.138377814284302e-14;(162, 3);2
9.83449951095547e-18;(162, 3);3
1.469956786403933e-30;(162, 3);4
8.615562127059158e-17;(162, 3);5
3.581716416206095e-11;(162, 3);6
2.4295377446340232e-27;(162, 3);7
9.486809859817514e-09;(162, 3);8
4.7100625464827204e-14;(162, 3);9
2.80169440473158e-12;(163, 0);0
5.420452361717187e-08;(163, 0);1
2.521720422592257e-10;(163, 0);2
5.946026914991579e-09;(163, 0);3
1.7077703390607942e-10;(163, 0);4
6.75375788562496e-13;(163, 0);5
5.8356455313496615e-21;(163, 0);6
1.7576915488835398e-15;(163, 0);7
5.155977266620838e-10;(163, 0);8
7.5768039348702e-08;(163, 0);9
1.4224502575319846e-15;(163, 1);0
4.08749346113643e-08;(163, 1);1
3.683164307030632e-07;(163, 1);2
1.9531159391871634e-07;(163, 1);3
8.898713137039054e-11;(163, 1);4
1.1472380947362253e-11;(163, 1);5
2.9461644182125628e-12;(163, 1);6
1.5741233698772384e-13;(163, 1);7
1.026683705530167e-12;(163, 1);8
9.393238649959359e-08;(163, 1);9
8.395692602053823e-14;(163, 2);0
1.3941678539046998e-13;(163, 2);1
1.9409283442834873e-08;(163, 2);2
7.779819133201352e-10;(163, 2);3
1.3994599541791082e-21;(163, 2);4
9.376497044780506e-15;(163, 2);5
2.293976561491415e-13;(163, 2);6
2.5031695031060766e-14;(163, 2);7
1.8403054747136936e-09;(163, 2);8
9.375149946463056e-12;(163, 2);9
1.0775975185072573e-16;(166, 1);0
2.0749717285890446e-16;(166, 1);1
1.4942998285775598e-17;(166, 1);2
4.881077100411738e-17;(166, 1);3
3.70232560590351e-14;(166, 1);4
2.774093216270119e-10;(166, 1);5
1.5015028383421366e-15;(166, 1);6
3.493476737118797e-18;(166, 1);7
1.4706030802438033e-17;(166, 1);8
3.624772783652211e-19;(166, 1);9
6.695453340394498e-17;(166, 2);0
5.332260952746803e-19;(166, 2);1
1.7348139339238943e-15;(166, 2);2
2.127062736430732e-11;(166, 2);3
2.404092607560382e-16;(166, 2);4
5.361649325551207e-13;(166, 2);5
3.982300141800477e-09;(166, 2);6
2.2944445621364555e-14;(166, 2);7
3.605473117017514e-11;(166, 2);8
1.6681417842841066e-12;(166, 2);9
7.129675819166957e-14;(166, 3);0
1.4113872731695532e-16;(166, 3);1
6.727008850471908e-11;(166, 3);2
1.7611404220160307e-12;(166, 3);3
1.7418711133864379e-12;(166, 3);4
7.573500191638312e-11;(166, 3);5
3.1555945818002374e-17;(166, 3);6
2.9403464853285514e-08;(166, 3);7
9.836257932487195e-19;(166, 3);8
1.125230621671099e-11;(166, 3);9
3.3243310443730316e-12;(167, 0);0
9.280540219103937e-06;(167, 0);1
1.505332824702633e-16;(167, 0);2
9.229394466651171e-07;(167, 0);3
1.2184132667659987e-12;(167, 0);4
2.193504524823778e-08;(167, 0);5
3.8294371842830964e-08;(167, 0);6
2.61179282925956e-11;(167, 0);7
1.5956502924549532e-14;(167, 0);8
2.2070015425799415e-06;(167, 0);9
2.3025183831314846e-18;(167, 1);0
1.0867421500295293e-10;(167, 1);1
2.0049799529671973e-07;(167, 1);2
2.347133110689786e-10;(167, 1);3
1.4482640033225416e-06;(167, 1);4
3.2797943298395545e-08;(167, 1);5
1.7309705418931488e-09;(167, 1);6
6.419418255969582e-07;(167, 1);7
3.210917322430649e-15;(167, 1);8
2.0548096006802956e-07;(167, 1);9
2.6278425781138202e-15;(165, 0);0
3.749775310583517e-20;(165, 0);1
8.330298911278594e-17;(165, 0);2
3.2957547286677463e-19;(165, 0);3
8.530442730032029e-20;(165, 0);4
7.504304705287994e-15;(165, 0);5
2.1651111802367604e-13;(165, 0);6
3.980725861278973e-17;(165, 0);7
7.139953693959685e-11;(165, 0);8
2.283448623212258e-13;(165, 0);9
1.3015266614246906e-16;(165, 1);0
2.7460030198819822e-18;(165, 1);1
6.5139235632554484e-15;(165, 1);2
6.857652635807115e-12;(165, 1);3
3.8863914223040835e-28;(165, 1);4
3.354551904156711e-13;(165, 1);5
8.472946989926525e-16;(165, 1);6
7.340437605701312e-22;(165, 1);7
5.35051991835146e-23;(165, 1);8
2.924189203755459e-13;(165, 1);9
3.8825490185884156e-14;(165, 2);0
9.82123403993677e-11;(165, 2);1
1.2096623783177689e-20;(165, 2);2
4.863280930725272e-08;(165, 2);3
1.1670452010203444e-13;(165, 2);4
1.5940644295106156e-14;(165, 2);5
7.404155419217087e-12;(165, 2);6
3.4228095895586513e-13;(165, 2);7
4.5023605950772365e-18;(165, 2);8
5.3727571993202505e-17;(165, 2);9
1.960097567285236e-21;(165, 3);0
8.710113601979671e-09;(165, 3);1
1.0157250284233218e-08;(165, 3);2
5.2466321467422434e-08;(165, 3);3
2.3948012417037793e-09;(165, 3);4
2.983201424249249e-14;(165, 3);5
3.0179908270441e-13;(165, 3);6
9.57405711058851e-18;(165, 3);7
2.8630026079691805e-12;(165, 3);8
2.5656916213585183e-14;(165, 3);9
1.1574642625457506e-16;(166, 0);0
1.069030664744574e-17;(166, 0);1
1.162839324017056e-17;(166, 0);2
2.994594663548093e-14;(166, 0);3
9.964846248191987e-17;(166, 0);4
1.0518682245464748e-13;(166, 0);5
5.584390795613556e-20;(166, 0);6
8.653173925366997e-15;(166, 0);7
9.159908586926823e-14;(166, 0);8
9.39505054943867e-18;(166, 0);9
3.2216262592197286e-19;(163, 3);0
3.064433474781549e-16;(163, 3);1
4.7841318747201706e-11;(163, 3);2
2.6155860287437183e-18;(163, 3);3
6.927670378386309e-14;(163, 3);4
8.346651790147672e-13;(163, 3);5
2.727936340181929e-10;(163, 3);6
1.0843381457256208e-11;(163, 3);7
3.3725871719871186e-13;(163, 3);8
2.9542927203771844e-15;(163, 3);9
7.139517457619864e-13;(164, 0);0
8.0846863249588e-26;(164, 0);1
2.6842998249052576e-12;(164, 0);2
1.112198693297759e-22;(164, 0);3
2.626926270215027e-10;(164, 0);4
6.133702914718349e-22;(164, 0);5
4.8477163478882694e-14;(164, 0);6
8.954311779860061e-10;(164, 0);7
5.90753789804188e-33;(164, 0);8
3.4145984569629734e-17;(164, 0);9
4.130246601967509e-28;(164, 1);0
5.161207376307648e-16;(164, 1);1
1.0294899919293188e-10;(164, 1);2
9.072954490422452e-21;(164, 1);3
2.351386926825995e-13;(164, 1);4
1.0266189283246803e-18;(164, 1);5
7.23308079561937e-16;(164, 1);6
2.533711559031598e-16;(164, 1);7
3.647242069835001e-12;(164, 1);8
6.080856529390069e-10;(164, 1);9
6.369646959542673e-14;(164, 2);0
1.4028352793830361e-09;(164, 2);1
9.45335837384838e-09;(164, 2);2
1.8269565230489167e-07;(164, 2);3
2.495325212486072e-08;(164, 2);4
7.022559267488956e-12;(164, 2);5
7.306751387780723e-06;(164, 2);6
8.687730994802986e-11;(164, 2);7
8.798187710220253e-07;(164, 2);8
2.7383362497628055e-18;(164, 2);9
4.01957526304222e-15;(164, 3);0
6.856469080073954e-17;(164, 3);1
2.7698929735833118e-18;(164, 3);2
2.5282436020681516e-10;(164, 3);3
1.6032506138047801e-15;(164, 3);4
1.6943460221180222e-25;(164, 3);5
5.912693322744278e-31;(164, 3);6
2.3228247419663635e-22;(164, 3);7
6.047348102699859e-17;(164, 3);8
1.434708531581002e-15;(164, 3);9
0.00011380840345036514;(167, 2);0
1.115566935920774e-12;(167, 2);1
1.0808443184529987e-12;(167, 2);2
6.715761550349346e-14;(167, 2);3
1.4984581068683031e-15;(167, 2);4
6.34189648542536e-08;(167, 2);5
1.5108547771886609e-15;(167, 2);6
1.1577623662955328e-07;(167, 2);7
4.667246396810667e-10;(167, 2);8
1.863322104057395e-08;(167, 2);9
1.2310931869525277e-08;(167, 3);0
5.788035505889275e-08;(167, 3);1
1.452565368545441e-06;(167, 3);2
1.0076349507821574e-05;(167, 3);3
5.6258090419329226e-05;(167, 3);4
7.627661897079825e-13;(167, 3);5
4.959327589584678e-13;(167, 3);6
6.643033974193863e-12;(167, 3);7
3.122555337801473e-07;(167, 3);8
6.498709593668665e-12;(167, 3);9
1.475787160796267e-09;(168, 0);0
2.037789328346196e-08;(168, 0);1
7.736763468832129e-11;(168, 0);2
2.3944010546412476e-07;(168, 0);3
6.513182726171932e-08;(168, 0);4
8.597410062733062e-09;(168, 0);5
3.425468538822154e-11;(168, 0);6
1.6302735177323813e-12;(168, 0);7
3.1470379317561028e-09;(168, 0);8
0.00010356726239380888;(168, 0);9
9.101897721895794e-12;(168, 1);0
3.187818352653882e-06;(168, 1);1
6.509391787166183e-07;(168, 1);2
3.7559473149797665e-09;(168, 1);3
1.5106620842143528e-07;(168, 1);4
1.7335824917721881e-07;(168, 1);5
2.6800933105128826e-11;(168, 1);6
1.2578325109204665e-06;(168, 1);7
1.828391610760573e-07;(168, 1);8
1.1690524650609383e-09;(168, 1);9
9.299627132366977e-12;(168, 2);0
3.1277420912842423e-10;(168, 2);1
2.308119914513483e-13;(168, 2);2
3.810457102451354e-12;(168, 2);3
4.0408862773751854e-06;(168, 2);4
1.4614289313735904e-10;(168, 2);5
3.090577739081519e-05;(168, 2);6
4.8683260761364685e-12;(168, 2);7
9.16541465934553e-10;(168, 2);8
3.1425150728270074e-09;(168, 2);9
3.695671211100059e-07;(170, 0);0
0.0018110972106244313;(170, 0);1
3.622663667998562e-11;(170, 0);2
6.19425839420579e-09;(170, 0);3
3.538902788083847e-07;(170, 0);4
2.489961033654205e-07;(170, 0);5
7.625620024092676e-11;(170, 0);6
2.5204928128710037e-05;(170, 0);7
0.0006839992457934301;(170, 0);8
2.3627408540593284e-07;(170, 0);9
2.251006121917312e-09;(170, 1);0
7.305613292053205e-09;(170, 1);1
1.9967546122811992e-11;(170, 1);2
3.519438726763499e-12;(170, 1);3
1.0173183123143814e-08;(170, 1);4
4.0640863073722735e-10;(170, 1);5
5.01312732032524e-11;(170, 1);6
6.010011783904713e-17;(170, 1);7
7.886209198283585e-07;(170, 1);8
2.1418753369645772e-10;(170, 1);9
7.068145292916073e-07;(170, 2);0
3.057626525987498e-08;(170, 2);1
6.390899329088648e-10;(170, 2);2
1.3911384388627524e-06;(170, 2);3
8.63230341140275e-07;(170, 2);4
9.640673277280054e-06;(170, 2);5
1.0446971476078203e-12;(170, 2);6
4.900376397608798e-06;(170, 2);7
3.4591861325806676e-07;(170, 2);8
1.5763661675812793e-08;(170, 2);9
9.628440347580822e-08;(170, 3);0
1.0711014976449794e-12;(170, 3);1
1.399558228914469e-18;(170, 3);2
7.538699588833067e-19;(170, 3);3
1.8661570498155508e-18;(170, 3);4
1.2332225526217221e-15;(170, 3);5
4.641194378656813e-13;(170, 3);6
8.387542637244315e-16;(170, 3);7
6.6855139384794866e-12;(170, 3);8
6.236103566239465e-14;(170, 3);9
3.5404772285317936e-16;(171, 0);0
1.4768848397870512e-07;(171, 0);1
9.591337692764033e-16;(171, 0);2
6.953748279770214e-13;(171, 0);3
8.57181827687784e-14;(171, 0);4
3.144291957263595e-15;(171, 0);5
1.5690822379054862e-11;(171, 0);6
2.03215411099638e-10;(171, 0);7
8.70473036490152e-11;(171, 0);8
5.01593912346323e-22;(171, 0);9
3.752702070094426e-14;(173, 3);0
1.111419707027517e-07;(173, 3);1
1.990690618935845e-07;(173, 3);2
2.0992229382948977e-15;(173, 3);3
7.082930279713764e-18;(173, 3);4
1.7454787057797596e-13;(173, 3);5
1.8186278155120852e-15;(173, 3);6
1.1112529110005133e-10;(173, 3);7
5.170783629081288e-09;(173, 3);8
3.948221243126159e-15;(173, 3);9
9.71428222705447e-11;(174, 0);0
5.123240159995771e-08;(174, 0);1
5.122495956256691e-10;(174, 0);2
6.842530179886268e-17;(174, 0);3
1.491213790087975e-15;(174, 0);4
3.0324814025020536e-14;(174, 0);5
4.760363267989227e-10;(174, 0);6
1.2931040002493856e-05;(174, 0);7
5.377309737544519e-07;(174, 0);8
1.799052514490987e-14;(174, 0);9
7.5968559868030415e-25;(174, 1);0
2.6081056654545283e-09;(174, 1);1
8.715747555050378e-16;(174, 1);2
4.487105200456661e-17;(174, 1);3
7.04237464838142e-10;(174, 1);4
3.388417190550183e-14;(174, 1);5
4.927125873861237e-14;(174, 1);6
6.45641832769926e-23;(174, 1);7
3.6046420813827567e-09;(174, 1);8
3.6258358862448915e-24;(174, 1);9
6.455158606663153e-08;(174, 2);0
2.635225906864837e-08;(174, 2);1
4.2183435417787676e-08;(174, 2);2
5.985030325222271e-07;(174, 2);3
2.051262628829597e-09;(174, 2);4
6.936592365878133e-05;(174, 2);5
1.9017225091483826e-08;(174, 2);6
4.72713745846811e-09;(174, 2);7
6.422713117844558e-08;(174, 2);8
4.518000060955402e-06;(174, 2);9
1.5220690827954554e-14;(174, 3);0
8.12075188414649e-11;(174, 3);1
4.296155659809648e-13;(174, 3);2
2.3016966455140314e-22;(174, 3);3
4.534701310067144e-18;(174, 3);4
1.7568592460993202e-11;(174, 3);5
2.4445200402504627e-10;(174, 3);6
1.985209986722349e-13;(174, 3);7
7.251161715927912e-15;(174, 3);8
1.4015961791405085e-13;(174, 3);9
7.470421893969662e-10;(172, 2);0
9.725816794960351e-14;(172, 2);1
1.856661958578724e-16;(172, 2);2
3.1542444557360963e-18;(172, 2);3
3.646103405094037e-07;(172, 2);4
1.1614142875610527e-19;(172, 2);5
1.0110922676421796e-05;(172, 2);6
3.4619638924243125e-21;(172, 2);7
2.0148618745588025e-10;(172, 2);8
3.4421114233172025e-10;(172, 2);9
1.3338128584895055e-10;(172, 3);0
9.3660318538108e-12;(172, 3);1
6.630716684301965e-06;(172, 3);2
2.490294548267717e-13;(172, 3);3
2.359710696010538e-08;(172, 3);4
1.6724405924136065e-20;(172, 3);5
5.098892180479071e-10;(172, 3);6
5.134160601459081e-08;(172, 3);7
5.6319080519132895e-09;(172, 3);8
3.791287310784976e-09;(172, 3);9
9.894897791645972e-08;(173, 0);0
6.40004344227101e-09;(173, 0);1
7.188994450158113e-05;(173, 0);2
3.274889998944024e-09;(173, 0);3
1.9667983130536457e-07;(173, 0);4
1.6739372209516653e-11;(173, 0);5
8.994101225067566e-08;(173, 0);6
2.986132940118883e-09;(173, 0);7
8.096579691856797e-09;(173, 0);8
4.1629479578362294e-08;(173, 0);9
0.0001816700930205331;(173, 1);0
5.345259568560856e-13;(173, 1);1
6.3002944101866e-07;(173, 1);2
0.00034776978668940475;(173, 1);3
1.288463713366874e-09;(173, 1);4
2.969324418480064e-11;(173, 1);5
9.085157521311378e-05;(173, 1);6
3.6701855986609676e-15;(173, 1);7
5.527315518495853e-13;(173, 1);8
4.6140313924229885e-06;(173, 1);9
3.573927424778112e-13;(173, 2);0
1.0324619665687137e-10;(173, 2);1
5.301172624405939e-12;(173, 2);2
1.5511000969534616e-06;(173, 2);3
2.767296230446265e-22;(173, 2);4
1.0308579963518409e-14;(173, 2);5
9.861971977412173e-13;(173, 2);6
1.3299434833231684e-18;(173, 2);7
1.4960788542010906e-10;(173, 2);8
1.121727785357728e-12;(173, 2);9
1.4353717016079013e-09;(178, 3);0
4.812182136729896e-08;(178, 3);1
3.979838851774683e-11;(178, 3);2
1.3168742696061425e-09;(178, 3);3
4.899391461143451e-10;(178, 3);4
1.2230649799386207e-09;(178, 3);5
2.6587455017197935e-17;(178, 3);6
1.8074897055381863e-11;(178, 3);7
4.909950030275664e-11;(178, 3);8
6.86381888247543e-10;(178, 3);9
1.6421547851040372e-05;(179, 0);0
1.1185856552228923e-07;(179, 0);1
1.9992984496227675e-10;(179, 0);2
9.972478948550344e-05;(179, 0);3
4.2474135417104163e-10;(179, 0);4
4.1506506945684865e-13;(179, 0);5
1.6285374441818214e-12;(179, 0);6
7.91648862793025e-08;(179, 0);7
7.621792442508657e-07;(179, 0);8
8.473145469644616e-09;(179, 0);9
4.558824767131014e-10;(179, 1);0
8.021090862149456e-11;(179, 1);1
4.907228916767545e-07;(179, 1);2
1.9493556147247066e-08;(179, 1);3
2.28977746997177e-07;(179, 1);4
2.2446809988374068e-11;(179, 1);5
4.5279258569898e-18;(179, 1);6
1.4600806220871983e-15;(179, 1);7
6.926948134892124e-09;(179, 1);8
9.459345366650544e-12;(179, 1);9
1.6538995287708227e-07;(179, 2);0
6.568970532767933e-14;(179, 2);1
1.1429853053555598e-10;(179, 2);2
1.80162647444824e-15;(179, 2);3
4.121959266913694e-08;(179, 2);4
1.3104106135862565e-09;(179, 2);5
9.119113924544314e-07;(179, 2);6
6.604157158783877e-11;(179, 2);7
2.867036893657507e-09;(179, 2);8
3.252390355263593e-10;(179, 2);9
4.324336179897212e-08;(179, 3);0
3.8168827327101873e-07;(179, 3);1
1.315166707652431e-08;(179, 3);2
1.0648007161297956e-09;(179, 3);3
6.928733020400419e-18;(179, 3);4
0.000350599615982595;(179, 3);5
5.0958105427415124e-08;(179, 3);6
3.0813831900152857e-13;(179, 3);7
9.803071533091436e-06;(179, 3);8
1.0253468302577986e-09;(179, 3);9
1.0821851089581214e-09;(176, 1);0
7.712051888622437e-06;(176, 1);1
9.28835615923526e-11;(176, 1);2
4.8977702746310785e-12;(176, 1);3
1.3823766107958804e-17;(176, 1);4
3.1240206816819012e-09;(176, 1);5
8.465233149296391e-09;(176, 1);6
9.281880567688305e-06;(176, 1);7
0.004816129027206505;(176, 1);8
1.6982491882946477e-10;(176, 1);9
4.308746084859138e-15;(176, 2);0
4.832602352426584e-06;(176, 2);1
2.5785231276834255e-07;(176, 2);2
1.2038490885827987e-09;(176, 2);3
1.6740784974683228e-09;(176, 2);4
1.635659035426165e-12;(176, 2);5
2.210834783183176e-15;(176, 2);6
5.471266124231894e-08;(176, 2);7
2.514770474326846e-15;(176, 2);8
2.1795847255704014e-10;(176, 2);9
3.36899204842913e-12;(176, 3);0
3.571273633686396e-16;(176, 3);1
3.447918657950345e-12;(176, 3);2
5.480762223500084e-13;(176, 3);3
1.0849640743554587e-07;(176, 3);4
6.757446746643268e-12;(176, 3);5
2.5002462431601803e-17;(176, 3);6
2.004731684415775e-21;(176, 3);7
1.4982637024593781e-15;(176, 3);8
5.532488525191304e-11;(176, 3);9
7.636009359408705e-11;(177, 0);0
2.653036328677489e-23;(177, 0);1
3.6311612734784925e-08;(177, 0);2
8.955134338605393e-08;(177, 0);3
1.6663077421926978e-13;(177, 0);4
8.63565570766862e-18;(177, 0);5
3.82585358905059e-14;(177, 0);6
1.3006191786288638e-08;(177, 0);7
1.5593804095826604e-13;(177, 0);8
6.412742386064052e-12;(177, 0);9
3.7518287812634446e-14;(177, 1);0
8.609954536236464e-24;(177, 1);1
3.0801638699947156e-08;(177, 1);2
1.5805861447084676e-13;(177, 1);3
2.81083769925872e-19;(177, 1);4
2.971535772742004e-15;(177, 1);5
2.4422029584746935e-12;(177, 1);6
1.927537518964267e-15;(177, 1);7
8.006267642829813e-15;(177, 1);8
4.891527994796655e-16;(177, 1);9
1.0834721731969986e-14;(177, 2);0
2.615975139105e-14;(177, 2);1
2.4041205698193125e-16;(177, 2);2
5.797997062091238e-18;(177, 2);3
3.993569821629971e-15;(177, 2);4
1.3482632340419824e-12;(177, 2);5
5.621156757519632e-18;(177, 2);6
1.8271266227777744e-17;(177, 2);7
3.351348979083491e-09;(177, 2);8
1.8410849156105727e-13;(177, 2);9
4.085890056240461e-22;(177, 3);0
7.20158657252971e-18;(177, 3);1
1.3169356435533639e-21;(177, 3);2
1.7124693034526803e-34;(177, 3);3
1.775807399810883e-21;(177, 3);4
1.808622586785811e-14;(177, 3);5
5.088837270920237e-10;(177, 3);6
1.5142786960581328e-13;(177, 3);7
3.183293949627034e-17;(177, 3);8
1.5071905897946582e-22;(177, 3);9
4.475495944904632e-07;(178, 0);0
2.8899078744194123e-08;(178, 0);1
2.90299375101661e-12;(178, 0);2
3.735240233167841e-08;(178, 0);3
5.928480472819025e-09;(178, 0);4
1.0024876569522463e-08;(178, 0);5
2.8465347581015086e-12;(178, 0);6
1.1976155263470912e-14;(178, 0);7
6.121768730084948e-11;(178, 0);8
2.205303457728016e-10;(178, 0);9
4.1851863949813795e-11;(178, 1);0
1.1390862698207307e-09;(178, 1);1
5.900831655421388e-09;(178, 1);2
3.2160836837849327e-16;(178, 1);3
2.3004101019676393e-12;(178, 1);4
1.4644384415768149e-15;(178, 1);5
3.19233174488846e-17;(178, 1);6
1.9730768362979872e-17;(178, 1);7
1.1521918571128765e-10;(178, 1);8
1.9357730519879105e-11;(178, 1);9
5.757664809316016e-13;(178, 2);0
1.3720798835129185e-05;(178, 2);1
1.6391228750609353e-13;(178, 2);2
1.817463415225233e-12;(178, 2);3
1.9488026237396598e-07;(178, 2);4
8.530349519022789e-22;(178, 2);5
1.8089958470930965e-11;(178, 2);6
1.3087048558847699e-11;(178, 2);7
1.0213796270538476e-09;(178, 2);8
7.153877945946252e-17;(178, 2);9
1.6477610279268948e-14;(181, 1);0
7.747754877517569e-09;(181, 1);1
2.4003661368656135e-09;(181, 1);2
1.5247098757974953e-09;(181, 1);3
8.123640021923922e-13;(181, 1);4
2.365471118155946e-13;(181, 1);5
2.4026012658463283e-12;(181, 1);6
2.4607783692403855e-13;(181, 1);7
1.204569365990274e-16;(181, 1);8
7.911718625594329e-11;(181, 1);9
2.92489415871283e-11;(181, 2);0
2.4197354683555283e-07;(181, 2);1
1.0276920912516583e-12;(181, 2);2
1.2478169090539097e-13;(181, 2);3
1.5513447633255326e-12;(181, 2);4
2.852398734454624e-09;(181, 2);5
4.4419470739842644e-20;(181, 2);6
6.287322348120138e-17;(181, 2);7
6.304827409185093e-18;(181, 2);8
5.6467229232870354e-12;(181, 2);9
1.1764371258107197e-13;(181, 3);0
6.719022918882261e-11;(181, 3);1
4.1677393976126844e-17;(181, 3);2
3.5434443737518976e-19;(181, 3);3
3.811119167824056e-10;(181, 3);4
8.242762572651357e-11;(181, 3);5
9.926524858897667e-18;(181, 3);6
4.892115389515241e-12;(181, 3);7
6.776193665328185e-11;(181, 3);8
1.1378637851347923e-13;(181, 3);9
8.971059141423938e-10;(182, 0);0
1.2352535055256402e-09;(182, 0);1
0.0001207487228765696;(182, 0);2
6.3625240490477226e-15;(182, 0);3
3.4927996218096296e-07;(182, 0);4
4.0467000218023415e-06;(182, 0);5
0.016971771614132564;(182, 0);6
3.378456057838355e-06;(182, 0);7
2.3452972804825695e-08;(182, 0);8
1.2902150436855854e-07;(182, 0);9
6.902065673418977e-07;(182, 1);0
7.417584381719222e-06;(182, 1);1
1.3770261953798265e-07;(182, 1);2
5.495579743828244e-06;(182, 1);3
0.00010658933397629962;(182, 1);4
1.6778620946505736e-08;(182, 1);5
1.6949961157144256e-09;(182, 1);6
2.999536532957417e-13;(182, 1);7
2.2250456184621526e-14;(182, 1);8
3.2034856063250925e-06;(182, 1);9
1.89280402440858e-09;(180, 0);0
1.0077477983978252e-13;(180, 0);1
1.1617384029051343e-09;(180, 0);2
8.160664818367705e-06;(180, 0);3
2.538746760088873e-05;(180, 0);4
0.00011219053149741838;(180, 0);5
6.921154532725423e-13;(180, 0);6
1.7817893291536847e-05;(180, 0);7
9.298813588465617e-06;(180, 0);8
9.029597542559197e-07;(180, 0);9
5.0702170973495894e-08;(180, 1);0
1.9122910595822427e-05;(180, 1);1
6.80701058815327e-10;(180, 1);2
3.4622631515191446e-11;(180, 1);3
5.853008791972173e-13;(180, 1);4
5.700962371767775e-05;(180, 1);5
0.00045171796555060483;(180, 1);6
2.1803818972490184e-05;(180, 1);7
3.367226955564138e-06;(180, 1);8
0.00033251527010036533;(180, 1);9
4.0996474722294705e-06;(180, 2);0
4.68458352531885e-06;(180, 2);1
1.275853440961112e-08;(180, 2);2
2.5484981222709326e-10;(180, 2);3
1.6231872152218185e-06;(180, 2);4
9.713418571892963e-16;(180, 2);5
6.51827836408859e-11;(180, 2);6
5.256126781338456e-08;(180, 2);7
8.146783827380478e-10;(180, 2);8
6.2004292568899345e-06;(180, 2);9
3.361186834374334e-08;(180, 3);0
6.064457333964889e-15;(180, 3);1
6.444078243407783e-06;(180, 3);2
3.1777623023415646e-09;(180, 3);3
1.5623207366623516e-05;(180, 3);4
1.1991109200967446e-12;(180, 3);5
2.8071294714707758e-08;(180, 3);6
6.125710121175768e-11;(180, 3);7
4.870091476142017e-12;(180, 3);8
4.962115107325981e-13;(180, 3);9
2.361197240696984e-11;(181, 0);0
1.7906296287229474e-07;(181, 0);1
2.3433982105983313e-13;(181, 0);2
2.943870191331914e-06;(181, 0);3
7.905793422535707e-14;(181, 0);4
7.153572834101603e-10;(181, 0);5
1.6996540453994391e-13;(181, 0);6
5.750257514556932e-06;(181, 0);7
2.4882214507980333e-11;(181, 0);8
3.940608360672718e-14;(181, 0);9
1.895718861894786e-08;(175, 0);0
8.556740998666552e-08;(175, 0);1
2.222680962300739e-06;(175, 0);2
4.628411930048752e-11;(175, 0);3
2.623178608343291e-15;(175, 0);4
1.0687520743760738e-06;(175, 0);5
8.145421900705441e-15;(175, 0);6
1.107353746209696e-14;(175, 0);7
6.171624820442793e-07;(175, 0);8
3.25382624526334e-16;(175, 0);9
1.29130507408908e-14;(175, 1);0
2.8240688060964656e-11;(175, 1);1
9.807453524804351e-13;(175, 1);2
2.836914883010517e-12;(175, 1);3
3.0127873827497296e-08;(175, 1);4
7.321786733402764e-16;(175, 1);5
1.0160633055779428e-11;(175, 1);6
2.7855205813469804e-13;(175, 1);7
1.2724462264336557e-11;(175, 1);8
1.454716755465732e-12;(175, 1);9
1.2143487522188127e-20;(175, 2);0
5.789429036838286e-20;(175, 2);1
8.284615300670278e-20;(175, 2);2
7.303778719436483e-11;(175, 2);3
1.5174284580991142e-20;(175, 2);4
6.666601571690945e-22;(175, 2);5
1.3652290609991042e-08;(175, 2);6
8.384155570895759e-23;(175, 2);7
5.719986114695093e-18;(175, 2);8
1.7003973590760434e-16;(175, 2);9
2.068343433183456e-18;(175, 3);0
1.565457746736219e-14;(175, 3);1
1.9776346911680075e-09;(175, 3);2
1.3470166639317859e-13;(175, 3);3
8.811321616221506e-12;(175, 3);4
1.0615332028493638e-10;(175, 3);5
2.2807441853754797e-11;(175, 3);6
2.3899850401762088e-29;(175, 3);7
1.272778973788761e-10;(175, 3);8
2.1712085763782482e-13;(175, 3);9
0.0003461109515341673;(176, 0);0
0.0003036018103549405;(176, 0);1
3.976054630009317e-09;(176, 0);2
7.696707274521385e-07;(176, 0);3
9.19876210138882e-08;(176, 0);4
1.7876911054534957e-07;(176, 0);5
0.0001883443861922978;(176, 0);6
1.201485703068299e-07;(176, 0);7
4.077152429912147e-08;(176, 0);8
1.1077239346969482e-06;(176, 0);9
8.113621356145413e-10;(185, 0);0
8.316266897672996e-09;(185, 0);1
2.0281241745640158e-09;(185, 0);2
4.068528059594196e-05;(185, 0);3
6.630577555048795e-07;(185, 0);4
6.546086107356628e-09;(185, 0);5
3.918828753800466e-13;(185, 0);6
2.5092159077415884e-09;(185, 0);7
5.610258820498592e-09;(185, 0);8
0.00014904105381045694;(185, 0);9
0.00015368057907862062;(185, 1);0
3.177697675900442e-07;(185, 1);1
6.51793772414455e-09;(185, 1);2
3.7711611146061943e-08;(185, 1);3
1.7251274486565816e-08;(185, 1);4
2.0774889988097593e-08;(185, 1);5
1.5659499505081043e-08;(185, 1);6
7.144895124475696e-06;(185, 1);7
4.798557241466715e-06;(185, 1);8
2.193664305664897e-08;(185, 1);9
1.4797242401823715e-11;(185, 2);0
1.5647286324176465e-07;(185, 2);1
2.8308768608711647e-05;(185, 2);2
2.565663396277201e-08;(185, 2);3
1.499362563134236e-07;(185, 2);4
1.5501517017230858e-06;(185, 2);5
1.5788097791451e-06;(185, 2);6
3.8554321084770424e-08;(185, 2);7
3.391706373170252e-06;(185, 2);8
3.4630624397398227e-10;(185, 2);9
6.437587412480119e-07;(185, 3);0
1.4068135450255468e-07;(185, 3);1
1.2594788610322608e-06;(185, 3);2
0.0001446874916568818;(185, 3);3
1.655633470514218e-07;(185, 3);4
5.5351225986763355e-09;(185, 3);5
1.132423531458683e-06;(185, 3);6
4.3998612306776075e-12;(185, 3);7
1.786094412411517e-06;(185, 3);8
1.0575989958934538e-05;(185, 3);9
1.4556860229794745e-11;(186, 0);0
2.4764945433678426e-12;(186, 0);1
2.410375243173604e-15;(186, 0);2
3.302132209322021e-07;(186, 0);3
2.038003282951574e-10;(186, 0);4
7.971695273391417e-13;(186, 0);5
1.3700192240107247e-21;(186, 0);6
5.887355281658099e-15;(186, 0);7
4.318631305829279e-14;(186, 0);8
2.3848250945517667e-15;(186, 0);9
3.0668287883085134e-08;(168, 3);0
1.1688848017070802e-09;(168, 3);1
3.2295739625747806e-07;(168, 3);2
0.0019199333303607986;(168, 3);3
0.0033426009606173234;(168, 3);4
9.597281230660112e-10;(168, 3);5
1.5659747466127576e-08;(168, 3);6
3.539345793265351e-06;(168, 3);7
0.0001445182030489445;(168, 3);8
7.297989006521268e-06;(168, 3);9
1.0595765830225232e-11;(169, 0);0
6.166403616121582e-11;(169, 0);1
3.3427904197616376e-09;(169, 0);2
4.004845094269912e-09;(169, 0);3
1.138724965618782e-07;(169, 0);4
8.518316908654588e-16;(169, 0);5
4.628223369819816e-09;(169, 0);6
1.9154280647117e-11;(169, 0);7
1.863198889528385e-16;(169, 0);8
2.9973498485512124e-12;(169, 0);9
4.922544032972093e-11;(169, 1);0
1.541489435508915e-13;(169, 1);1
7.004120913757101e-12;(169, 1);2
7.2941178802548e-13;(169, 1);3
1.7773550462700805e-15;(169, 1);4
3.0910831531599637e-09;(169, 1);5
2.731314197217488e-15;(169, 1);6
2.061281265199647e-14;(169, 1);7
5.0492909277950787e-14;(169, 1);8
4.3659457628986466e-18;(169, 1);9
7.402336607187977e-15;(169, 2);0
9.580886343763151e-14;(169, 2);1
4.987954000268647e-15;(169, 2);2
8.5085150627333e-20;(169, 2);3
8.2740856576143165e-16;(169, 2);4
1.6890449531947119e-09;(169, 2);5
4.2728065628016e-15;(169, 2);6
2.839453576895959e-15;(169, 2);7
5.013765997880816e-15;(169, 2);8
1.6365765491403825e-12;(169, 2);9
5.932613577190266e-12;(169, 3);0
4.754087619355649e-12;(169, 3);1
1.1636018804577274e-20;(169, 3);2
2.282614286003593e-11;(169, 3);3
1.088434399951943e-15;(169, 3);4
3.0623352932614757e-16;(169, 3);5
1.7406874953812808e-12;(169, 3);6
6.654276973251767e-17;(169, 3);7
6.553311872525063e-13;(169, 3);8
1.891697527473918e-12;(169, 3);9
2.6535467763310007e-16;(171, 1);0
1.3401542016387904e-20;(171, 1);1
2.026856768599722e-18;(171, 1);2
1.073433627656577e-14;(171, 1);3
2.7036955728691683e-21;(171, 1);4
4.650736417775234e-16;(171, 1);5
9.254841042341686e-16;(171, 1);6
1.3074530408634734e-14;(171, 1);7
1.0557751100054247e-21;(171, 1);8
3.670668957046153e-21;(171, 1);9
5.092855497066128e-18;(171, 2);0
4.601415240939399e-26;(171, 2);1
3.68781482855736e-17;(171, 2);2
3.294410439244733e-31;(171, 2);3
7.806266158106186e-16;(171, 2);4
4.38742079252527e-16;(171, 2);5
3.611841867349088e-16;(171, 2);6
5.157177058349377e-18;(171, 2);7
8.802568658299355e-18;(171, 2);8
4.2694370085849855e-16;(171, 2);9
1.7360129699800881e-13;(171, 3);0
1.327616421482214e-18;(171, 3);1
4.059690235054165e-08;(171, 3);2
1.8484330819542106e-06;(171, 3);3
2.660882840043755e-07;(171, 3);4
9.303612247743816e-13;(171, 3);5
3.421720651846966e-14;(171, 3);6
2.8352743100889766e-11;(171, 3);7
5.3884370632734156e-15;(171, 3);8
1.1536045397405736e-18;(171, 3);9
2.2929397910334874e-14;(172, 0);0
1.1975937165931644e-12;(172, 0);1
1.1197403498801198e-14;(172, 0);2
3.2192281800144133e-17;(172, 0);3
5.601887831880499e-11;(172, 0);4
2.637954557478285e-11;(172, 0);5
1.0159911272516909e-12;(172, 0);6
8.112721845402517e-16;(172, 0);7
1.0036847528865465e-16;(172, 0);8
1.7185046329807093e-12;(172, 0);9
8.682685016009913e-09;(172, 1);0
4.5382880461430585e-09;(172, 1);1
5.690371335726984e-10;(172, 1);2
4.343891435671825e-15;(172, 1);3
1.3629533359211005e-10;(172, 1);4
1.681215560244681e-09;(172, 1);5
2.7908114504441727e-05;(172, 1);6
1.0094036101071165e-13;(172, 1);7
1.6695852342147005e-05;(172, 1);8
5.320190029983763e-11;(172, 1);9
2.1979767413047786e-07;(182, 2);0
1.3495067449120932e-07;(182, 2);1
1.0933636488889208e-09;(182, 2);2
8.502726601938199e-05;(182, 2);3
6.187247221701355e-06;(182, 2);4
1.781204726592812e-10;(182, 2);5
4.15728592007033e-11;(182, 2);6
1.7316767715728046e-07;(182, 2);7
8.150577284462354e-06;(182, 2);8
1.6486810503135494e-07;(182, 2);9
1.2881352972120227e-10;(182, 3);0
7.402099540519893e-12;(182, 3);1
0.004939761889161946;(182, 3);2
1.8559648697330797e-06;(182, 3);3
9.316284942265408e-12;(182, 3);4
4.859864760487014e-12;(182, 3);5
8.200837599806816e-16;(182, 3);6
1.3391164232037505e-11;(182, 3);7
1.3918228159440081e-12;(182, 3);8
1.6188530395961882e-08;(182, 3);9
2.7064972724745314e-08;(183, 0);0
2.440019359041984e-15;(183, 0);1
5.162735794777695e-11;(183, 0);2
1.1680389060864183e-14;(183, 0);3
1.0343307033135751e-11;(183, 0);4
6.276664152063991e-10;(183, 0);5
1.8599669318396335e-13;(183, 0);6
3.0095760770957464e-12;(183, 0);7
7.755467487292631e-19;(183, 0);8
1.3139734048049769e-08;(183, 0);9
3.0711365100936596e-06;(183, 1);0
5.971982713664388e-11;(183, 1);1
1.4764270145265028e-08;(183, 1);2
1.015458267318486e-13;(183, 1);3
1.586379962410818e-07;(183, 1);4
7.905068351628382e-12;(183, 1);5
1.9737884277213855e-13;(183, 1);6
1.1493403691376239e-11;(183, 1);7
1.0880156928185817e-13;(183, 1);8
8.493407267565443e-15;(183, 1);9
1.3733274750079031e-17;(183, 2);0
2.3179063607348347e-08;(183, 2);1
6.527203047188901e-10;(183, 2);2
1.1039978841984717e-18;(183, 2);3
1.0577960232975018e-21;(183, 2);4
3.417852714414131e-17;(183, 2);5
3.499087030579037e-14;(183, 2);6
6.198863298041834e-10;(183, 2);7
1.444249946883749e-09;(183, 2);8
3.53207536674695e-14;(183, 2);9
5.962333652471898e-08;(187, 2);0
5.007907101012942e-17;(187, 2);1
3.6755304905276646e-16;(187, 2);2
4.26949902111606e-11;(187, 2);3
1.646978366257833e-12;(187, 2);4
3.608769597457271e-14;(187, 2);5
4.402291760049288e-09;(187, 2);6
5.475815202917394e-16;(187, 2);7
1.8997473570795453e-15;(187, 2);8
9.048055081590921e-07;(187, 2);9
2.690042495672432e-18;(187, 3);0
7.089909736606039e-13;(187, 3);1
1.6955626002054907e-14;(187, 3);2
2.5064759430329734e-15;(187, 3);3
3.793782070563897e-14;(187, 3);4
2.3558527272358563e-13;(187, 3);5
3.768369534075806e-14;(187, 3);6
3.0807354750861342e-15;(187, 3);7
6.954839748869893e-21;(187, 3);8
5.123337039467519e-14;(187, 3);9
4.0167728188374304e-16;(188, 0);0
4.890251812235669e-18;(188, 0);1
4.072141865694969e-11;(188, 0);2
1.604281562792942e-07;(188, 0);3
3.024806962219373e-13;(188, 0);4
8.651269584877441e-08;(188, 0);5
5.99821920359313e-18;(188, 0);6
1.3955017105112954e-14;(188, 0);7
8.168524820720106e-14;(188, 0);8
3.1650722560546117e-13;(188, 0);9
2.4982604289012748e-14;(188, 1);0
6.768851822493245e-18;(188, 1);1
1.8715458205501872e-08;(188, 1);2
1.2047810017483991e-12;(188, 1);3
5.597821123153658e-11;(188, 1);4
2.6404708038087036e-07;(188, 1);5
3.4479673683224616e-05;(188, 1);6
3.651040102565301e-09;(188, 1);7
1.1287136371599606e-13;(188, 1);8
3.1249122772005827e-20;(188, 1);9
1.4125731921317203e-16;(188, 2);0
5.313278965539091e-11;(188, 2);1
5.9198780064255e-09;(188, 2);2
1.3087270087960355e-20;(188, 2);3
3.897805644402837e-14;(188, 2);4
1.479318030827925e-10;(188, 2);5
3.6214257174606746e-14;(188, 2);6
3.0582158014166157e-12;(188, 2);7
4.265000883734853e-09;(188, 2);8
2.9958396843139876e-22;(188, 2);9
9.205223333698992e-14;(183, 3);0
4.024046282545945e-12;(183, 3);1
2.7694857092253757e-11;(183, 3);2
1.7193755792856167e-12;(183, 3);3
3.0733240903659176e-07;(183, 3);4
3.176231802702344e-19;(183, 3);5
1.2369248801536532e-14;(183, 3);6
1.4274738522690064e-14;(183, 3);7
1.6276515062595425e-15;(183, 3);8
3.991290761248877e-12;(183, 3);9
7.150053680672904e-15;(184, 0);0
1.3372846661522426e-15;(184, 0);1
2.0694624136742328e-10;(184, 0);2
3.298843260140817e-13;(184, 0);3
7.086985837898853e-13;(184, 0);4
1.7946981796073644e-09;(184, 0);5
6.161621016343505e-17;(184, 0);6
5.5108821005571934e-12;(184, 0);7
2.673381140449932e-21;(184, 0);8
2.272057561541558e-10;(184, 0);9
2.00596428973972e-18;(184, 1);0
2.863267037493316e-11;(184, 1);1
3.3947655130579284e-18;(184, 1);2
1.06007846908546e-17;(184, 1);3
3.615355501696744e-16;(184, 1);4
6.083132497672807e-30;(184, 1);5
1.8712923830271752e-14;(184, 1);6
1.7315137735590606e-16;(184, 1);7
2.5729842601459888e-24;(184, 1);8
1.260618362325591e-16;(184, 1);9
6.936823821554117e-16;(184, 2);0
9.812851799499094e-13;(184, 2);1
1.2330423199359478e-09;(184, 2);2
1.2503632113541224e-15;(184, 2);3
2.2233968920564318e-11;(184, 2);4
8.812929197542754e-21;(184, 2);5
1.1926158593330045e-10;(184, 2);6
4.7197794948393266e-17;(184, 2);7
1.3917632604678735e-19;(184, 2);8
3.9606522845138304e-07;(184, 2);9
1.2945515553543041e-16;(184, 3);0
8.502653938916762e-20;(184, 3);1
6.105075726846141e-17;(184, 3);2
3.1533898708386276e-16;(184, 3);3
1.2084714173876139e-26;(184, 3);4
7.274187138097616e-22;(184, 3);5
2.299524253163746e-11;(184, 3);6
1.1877462737820995e-13;(184, 3);7
2.879140544498584e-23;(184, 3);8
1.2006931588045785e-18;(184, 3);9
2.3721920956042873e-11;(190, 0);0
1.4455249029230446e-19;(190, 0);1
1.1446166186194826e-11;(190, 0);2
1.080416870068109e-08;(190, 0);3
6.750964076821479e-15;(190, 0);4
1.0433479762734882e-17;(190, 0);5
4.757576249750405e-19;(190, 0);6
3.0044776810297977e-12;(190, 0);7
2.0097281348437053e-13;(190, 0);8
4.807058465349496e-10;(190, 0);9
1.5257828673889109e-10;(190, 1);0
1.136649565151415e-09;(190, 1);1
1.7455188533157646e-10;(190, 1);2
4.565845839049973e-11;(190, 1);3
4.350007625192391e-12;(190, 1);4
4.713950577735243e-14;(190, 1);5
5.0380916280689e-09;(190, 1);6
1.9078435815695356e-12;(190, 1);7
2.1440339774892015e-14;(190, 1);8
1.362732393244283e-18;(190, 1);9
5.410836859001026e-15;(190, 2);0
1.942813348802429e-15;(190, 2);1
3.8802741959825284e-08;(190, 2);2
8.596054828169853e-09;(190, 2);3
5.392707218865105e-10;(190, 2);4
3.5959614402190944e-11;(190, 2);5
1.3067423464575837e-11;(190, 2);6
1.1359355933562357e-11;(190, 2);7
6.727813698744528e-11;(190, 2);8
1.3230991328927082e-14;(190, 2);9
3.051329844428266e-09;(190, 3);0
1.624389864113787e-09;(190, 3);1
1.1200276904690312e-12;(190, 3);2
7.0346225142175144e-09;(190, 3);3
5.096170380251075e-16;(190, 3);4
9.015489070341929e-08;(190, 3);5
7.625919357888274e-13;(190, 3);6
2.1023187007102703e-15;(190, 3);7
1.0810021959283044e-16;(190, 3);8
1.387650295335108e-06;(190, 3);9
2.5693934085402707e-07;(191, 0);0
6.840327355922614e-08;(191, 0);1
1.6609076466240938e-07;(191, 0);2
2.943482302156112e-10;(191, 0);3
4.0514844415477746e-05;(191, 0);4
1.2073744698623458e-13;(191, 0);5
3.277199163778337e-15;(191, 0);6
2.2872974584359755e-11;(191, 0);7
2.2327473063231536e-07;(191, 0);8
1.3250712578460036e-07;(191, 0);9
4.1153037011500833e-13;(188, 3);0
2.421358153446955e-12;(188, 3);1
6.648017813530255e-10;(188, 3);2
5.4598335815445914e-14;(188, 3);3
1.8091336476341123e-13;(188, 3);4
4.66640950688389e-19;(188, 3);5
1.1386950010769422e-07;(188, 3);6
2.1955914191935897e-16;(188, 3);7
1.533380806184195e-15;(188, 3);8
2.835429222458267e-12;(188, 3);9
4.710573914229889e-16;(189, 0);0
1.1664423880601475e-15;(189, 0);1
1.2576164109895203e-14;(189, 0);2
2.68501413448607e-09;(189, 0);3
4.525709486119183e-12;(189, 0);4
1.5365410961216912e-09;(189, 0);5
1.1615548041411985e-09;(189, 0);6
2.992613487110319e-16;(189, 0);7
8.368001764151654e-22;(189, 0);8
5.4065878881494256e-17;(189, 0);9
3.855835998649601e-16;(189, 1);0
4.248433764699992e-10;(189, 1);1
1.1860205220811883e-09;(189, 1);2
2.72558153949514e-13;(189, 1);3
1.3137006412614606e-17;(189, 1);4
4.5767202176577924e-18;(189, 1);5
1.0306710806289093e-15;(189, 1);6
3.556843543288824e-08;(189, 1);7
5.306669850105899e-09;(189, 1);8
2.9938338101201486e-10;(189, 1);9
1.2952483472450976e-13;(189, 2);0
1.6066960511891176e-10;(189, 2);1
1.512075486024623e-11;(189, 2);2
2.955546173840989e-10;(189, 2);3
7.915292325349296e-11;(189, 2);4
1.794689144079926e-16;(189, 2);5
2.3576328054588974e-06;(189, 2);6
7.779960170286941e-10;(189, 2);7
5.575039906117747e-15;(189, 2);8
6.449049893031625e-15;(189, 2);9
2.977954683558102e-16;(189, 3);0
1.6912322701978038e-23;(189, 3);1
1.0871186292084528e-14;(189, 3);2
2.844554612702076e-13;(189, 3);3
1.3524632392090594e-13;(189, 3);4
5.614392055617226e-21;(189, 3);5
1.1162607261471944e-22;(189, 3);6
2.3123152296405057e-14;(189, 3);7
1.3726306505762584e-15;(189, 3);8
3.0758415526985612e-18;(189, 3);9
5.783620052140449e-12;(191, 1);0
1.6030284325442613e-11;(191, 1);1
5.522389304679703e-06;(191, 1);2
1.2225690343237308e-12;(191, 1);3
1.8200344807164391e-10;(191, 1);4
1.5605478940978517e-11;(191, 1);5
7.391643896173622e-13;(191, 1);6
3.725936802948645e-12;(191, 1);7
1.5587980239980396e-06;(191, 1);8
4.399008991961236e-08;(191, 1);9
1.2776507211117035e-10;(191, 2);0
7.641973727319514e-13;(191, 2);1
3.6972666349568325e-12;(191, 2);2
7.063542471176023e-11;(191, 2);3
8.196856177135086e-13;(191, 2);4
1.0510735127087873e-07;(191, 2);5
3.663324500302004e-19;(191, 2);6
3.3623303947898855e-09;(191, 2);7
2.3571237584198614e-11;(191, 2);8
3.5225582344773865e-15;(191, 2);9
5.69440334095445e-07;(191, 3);0
1.67707221287315e-12;(191, 3);1
1.187908501924976e-12;(191, 3);2
4.412844624905363e-11;(191, 3);3
8.738578928677146e-11;(191, 3);4
1.1914806054435487e-09;(191, 3);5
3.217910865666244e-11;(191, 3);6
1.139867478184949e-08;(191, 3);7
1.1893488659474946e-10;(191, 3);8
8.096360062105115e-11;(191, 3);9
5.839619588365209e-06;(192, 0);0
1.3843597034790352e-11;(192, 0);1
7.373140986705299e-11;(192, 0);2
3.621472244228756e-06;(192, 0);3
3.749922583256782e-08;(192, 0);4
1.182719941646009e-09;(192, 0);5
1.008197712097168e-09;(192, 0);6
3.959610032726848e-12;(192, 0);7
1.860945051660722e-07;(192, 0);8
8.889314649695394e-11;(192, 0);9
1.8001574420713157e-10;(192, 1);0
5.193150664621932e-09;(192, 1);1
5.668977806545866e-09;(192, 1);2
3.6158756503136335e-16;(192, 1);3
0.0005230482812495316;(192, 1);4
5.205933292386603e-19;(192, 1);5
1.274773060705964e-08;(192, 1);6
7.26120301673547e-13;(192, 1);7
3.948167210139935e-05;(192, 1);8
1.160256581790255e-12;(192, 1);9
7.72375694051537e-17;(192, 2);0
9.957872973646754e-08;(192, 2);1
2.276805601481399e-06;(192, 2);2
1.2921714196283927e-11;(192, 2);3
7.447085939841333e-15;(192, 2);4
1.1595411268316171e-10;(192, 2);5
3.030196476499597e-08;(192, 2);6
1.1989686637693654e-13;(192, 2);7
1.315780330712875e-12;(192, 2);8
6.450577047146799e-07;(192, 2);9
1.0499132497018053e-08;(192, 3);0
2.0558241432661902e-07;(192, 3);1
1.1058065304191632e-09;(192, 3);2
1.632710543474987e-07;(192, 3);3
2.414460692065162e-16;(192, 3);4
1.2724350553675915e-11;(192, 3);5
9.834303986465954e-11;(192, 3);6
1.4720828577969113e-10;(192, 3);7
4.1921887980850627e-16;(192, 3);8
6.534997593372813e-08;(192, 3);9
2.415384115476727e-10;(193, 0);0
2.863965706221157e-19;(193, 0);1
3.593808502948867e-12;(193, 0);2
9.806456971240878e-12;(193, 0);3
4.341297868195571e-16;(193, 0);4
1.099786418209568e-10;(193, 0);5
2.3812807806324786e-08;(193, 0);6
3.45827217905077e-16;(193, 0);7
5.284550539990764e-09;(193, 0);8
3.8153915757914596e-10;(193, 0);9
7.466112555164182e-09;(193, 1);0
1.3643903375772925e-12;(193, 1);1
2.2757265346805852e-12;(193, 1);2
8.44169742417093e-09;(193, 1);3
1.4626365732288575e-07;(193, 1);4
3.503718180326507e-05;(193, 1);5
2.3823190987519184e-08;(193, 1);6
8.960856836898979e-08;(193, 1);7
2.390018421268544e-16;(193, 1);8
2.8053014216043923e-07;(193, 1);9
1.1394350882509062e-10;(193, 2);0
7.0311648411171e-08;(193, 2);1
2.941804601345034e-10;(193, 2);2
6.884359238238655e-08;(193, 2);3
6.701352469254595e-14;(193, 2);4
3.2137722131366225e-12;(193, 2);5
3.579299624458865e-09;(193, 2);6
3.892955696009493e-10;(193, 2);7
3.165066908971823e-12;(193, 2);8
3.479028979029405e-13;(193, 2);9
5.154419225246517e-17;(186, 1);0
7.696367609557273e-10;(186, 1);1
3.1791713060273776e-21;(186, 1);2
1.2263622332748363e-09;(186, 1);3
6.456787173733452e-12;(186, 1);4
3.908932752806463e-23;(186, 1);5
5.192583153978668e-20;(186, 1);6
3.857926407888051e-17;(186, 1);7
1.9125940630919797e-11;(186, 1);8
9.782110948436128e-14;(186, 1);9
1.508895910008709e-14;(186, 2);0
8.907955344453575e-11;(186, 2);1
5.600312443732062e-15;(186, 2);2
1.124339999522921e-08;(186, 2);3
1.8808716261144804e-15;(186, 2);4
2.3944748401337624e-16;(186, 2);5
1.7246699708817536e-21;(186, 2);6
7.541497913556444e-09;(186, 2);7
1.0113322896596168e-09;(186, 2);8
3.381730197163604e-15;(186, 2);9
3.0476459983704466e-09;(186, 3);0
2.2353517038479218e-11;(186, 3);1
2.631575180037101e-11;(186, 3);2
4.9635585901625854e-20;(186, 3);3
8.492755404770929e-08;(186, 3);4
1.084723461825326e-12;(186, 3);5
1.4633851421013174e-17;(186, 3);6
1.4275297754208232e-09;(186, 3);7
8.716998327138253e-16;(186, 3);8
2.0497844402340436e-11;(186, 3);9
4.188255988150077e-14;(187, 0);0
3.9391181821725303e-08;(187, 0);1
4.4304969966120456e-12;(187, 0);2
2.249470128934245e-16;(187, 0);3
2.1922062378091487e-18;(187, 0);4
5.205854718837511e-13;(187, 0);5
2.5532879244012803e-10;(187, 0);6
4.4195856222075874e-08;(187, 0);7
4.826176500293002e-13;(187, 0);8
2.6423464616100725e-15;(187, 0);9
1.7606513611881012e-12;(187, 1);0
2.283146954319714e-19;(187, 1);1
7.523956608480775e-11;(187, 1);2
3.3366759267396307e-06;(187, 1);3
1.3846250125987104e-09;(187, 1);4
1.0752697315821344e-08;(187, 1);5
6.45248141502505e-14;(187, 1);6
7.036356425301382e-12;(187, 1);7
1.079549054939062e-11;(187, 1);8
8.522902861371427e-10;(187, 1);9
3.278228001440223e-11;(196, 1);0
4.106723841199859e-13;(196, 1);1
4.168094111339844e-11;(196, 1);2
1.799328165808668e-11;(196, 1);3
1.986373747228233e-08;(196, 1);4
3.856824506713559e-11;(196, 1);5
6.371885899696461e-13;(196, 1);6
3.07547310712542e-12;(196, 1);7
7.082864499962314e-14;(196, 1);8
2.6741276358829726e-07;(196, 1);9
1.2244551076355681e-14;(196, 2);0
5.086486797440572e-08;(196, 2);1
2.702076803809232e-14;(196, 2);2
1.3578461994468883e-11;(196, 2);3
4.1019469093493e-20;(196, 2);4
5.569294487312145e-08;(196, 2);5
3.555278198288863e-13;(196, 2);6
1.3749765051912663e-18;(196, 2);7
7.848757019740774e-23;(196, 2);8
2.852768497038815e-12;(196, 2);9
5.710048924796512e-06;(196, 3);0
1.4345250200374188e-14;(196, 3);1
2.2635263797708608e-11;(196, 3);2
0.000641540802166262;(196, 3);3
1.5514015364818419e-13;(196, 3);4
2.452795253044233e-12;(196, 3);5
1.9253140512561346e-10;(196, 3);6
1.3614655898034525e-20;(196, 3);7
1.3857980871955286e-05;(196, 3);8
2.0259360055912138e-11;(196, 3);9
1.1945765718760585e-12;(197, 0);0
0.00015214011730154144;(197, 0);1
2.3648640132906696e-09;(197, 0);2
3.1085284032716157e-09;(197, 0);3
3.034947983824675e-09;(197, 0);4
6.451087212183528e-07;(197, 0);5
4.473294486949849e-09;(197, 0);6
5.0835526333509424e-12;(197, 0);7
1.700765273485592e-08;(197, 0);8
1.4130960314006193e-08;(197, 0);9
1.9390796227648302e-19;(197, 1);0
2.910569258441827e-15;(197, 1);1
3.624726871400878e-10;(197, 1);2
6.040133389536217e-15;(197, 1);3
4.0228525892821113e-13;(197, 1);4
9.130038133634454e-17;(197, 1);5
3.3892581304762926e-17;(197, 1);6
3.135345506425695e-20;(197, 1);7
3.071676686616998e-18;(197, 1);8
1.8867283432705317e-14;(197, 1);9
8.94668730045278e-13;(195, 0);0
7.060634234832833e-14;(195, 0);1
5.129953757580524e-09;(195, 0);2
4.4479515264775425e-09;(195, 0);3
1.5736767027357344e-11;(195, 0);4
5.411325492805314e-21;(195, 0);5
3.303331311537397e-17;(195, 0);6
6.368165832622594e-18;(195, 0);7
5.2433009400770447e-11;(195, 0);8
3.104693183913459e-13;(195, 0);9
2.7956104637372967e-10;(195, 1);0
1.923824558876223e-16;(195, 1);1
1.1643431348998267e-12;(195, 1);2
1.9323796458157777e-13;(195, 1);3
3.938667190672496e-14;(195, 1);4
1.2030549007845947e-09;(195, 1);5
1.18643341314172e-12;(195, 1);6
1.1810434260455968e-12;(195, 1);7
4.271841948726297e-13;(195, 1);8
4.552737123843593e-11;(195, 1);9
2.419358685194422e-17;(195, 2);0
1.5258463688115537e-16;(195, 2);1
1.2331354645496702e-08;(195, 2);2
1.019136798258448e-12;(195, 2);3
8.350825743728966e-19;(195, 2);4
5.7137110125233705e-11;(195, 2);5
1.9339727923214152e-16;(195, 2);6
1.8647717225128558e-13;(195, 2);7
2.1857102916974763e-17;(195, 2);8
3.618483453596817e-11;(195, 2);9
1.3290851302791454e-13;(195, 3);0
1.8987217698446266e-15;(195, 3);1
7.411074689454986e-19;(195, 3);2
1.0908591615048289e-13;(195, 3);3
3.4080537368027237e-17;(195, 3);4
2.4359901911483166e-24;(195, 3);5
3.468892647678689e-16;(195, 3);6
1.3031740622679805e-17;(195, 3);7
5.35852060465608e-17;(195, 3);8
6.629184436404811e-11;(195, 3);9
1.0726034063612776e-12;(196, 0);0
2.0678471598053224e-14;(196, 0);1
1.5338770881397453e-12;(196, 0);2
8.938459748374451e-22;(196, 0);3
9.679775679308485e-22;(196, 0);4
4.791638565673265e-13;(196, 0);5
1.3754845366574118e-09;(196, 0);6
3.5056370289776584e-13;(196, 0);7
7.028679012534135e-11;(196, 0);8
3.2016618519722005e-19;(196, 0);9
1.3709833674466367e-06;(198, 3);0
1.1166830385911034e-17;(198, 3);1
4.3561652161295e-12;(198, 3);2
0.00035130462910877005;(198, 3);3
2.6801387560833333e-05;(198, 3);4
2.3086380374608285e-14;(198, 3);5
1.4467267770818624e-05;(198, 3);6
0.00016644112981895788;(198, 3);7
4.379890214008657e-06;(198, 3);8
3.418527048374788e-08;(198, 3);9
1.668307445068072e-08;(199, 0);0
9.795488918188432e-10;(199, 0);1
1.8626912888371598e-11;(199, 0);2
3.636649012555569e-13;(199, 0);3
1.7240879175449476e-21;(199, 0);4
1.0265426284028969e-15;(199, 0);5
2.8233611746297647e-17;(199, 0);6
3.995367250679753e-07;(199, 0);7
1.2845266034410875e-11;(199, 0);8
6.171292055594438e-08;(199, 0);9
1.9473770779668998e-15;(199, 1);0
5.113271236476842e-09;(199, 1);1
3.609805725509841e-10;(199, 1);2
3.2086671022969264e-09;(199, 1);3
7.849322470155355e-07;(199, 1);4
9.113281914347801e-13;(199, 1);5
1.4382501988038221e-18;(199, 1);6
7.385418486599145e-18;(199, 1);7
3.9777367090123616e-15;(199, 1);8
4.0743516447597244e-12;(199, 1);9
2.2095836603437358e-14;(199, 2);0
1.883389912525586e-14;(199, 2);1
2.8735533061983484e-16;(199, 2);2
3.428313323169783e-16;(199, 2);3
4.962673686525838e-10;(199, 2);4
7.865936770116764e-08;(199, 2);5
8.521592456904366e-22;(199, 2);6
2.4169086428222542e-12;(199, 2);7
1.0699495161864813e-28;(199, 2);8
1.4031236385608202e-06;(199, 2);9
3.446935464468918e-15;(199, 3);0
4.4056828508366965e-10;(199, 3);1
1.572649463487146e-08;(199, 3);2
3.9244083350619397e-19;(199, 3);3
8.831013486956435e-13;(199, 3);4
5.523570164573898e-13;(199, 3);5
4.557088499497697e-17;(199, 3);6
9.224116371921304e-12;(199, 3);7
6.419147866477144e-12;(199, 3);8
2.718674145241612e-15;(199, 3);9
3.0470411278528326e-24;(197, 2);0
2.08860794958929e-24;(197, 2);1
3.050873616739107e-11;(197, 2);2
5.259169938819209e-24;(197, 2);3
1.3596409405818338e-19;(197, 2);4
4.928090250006815e-25;(197, 2);5
8.786267716470525e-18;(197, 2);6
3.1750384179677e-27;(197, 2);7
6.668186401066696e-26;(197, 2);8
5.414265802493922e-17;(197, 2);9
1.5233064489133741e-12;(197, 3);0
7.247901281540626e-15;(197, 3);1
1.939196904711331e-17;(197, 3);2
1.5551097476502844e-13;(197, 3);3
9.901955608822207e-17;(197, 3);4
4.635267334736676e-10;(197, 3);5
1.3256225469118998e-15;(197, 3);6
1.940065108471552e-13;(197, 3);7
3.527373415186597e-11;(197, 3);8
1.516646219089851e-12;(197, 3);9
6.2060110084544845e-09;(198, 0);0
1.7879101982664673e-05;(198, 0);1
1.4037901973746102e-06;(198, 0);2
6.663265963015287e-07;(198, 0);3
0.003740117974923626;(198, 0);4
0.00010926529523670961;(198, 0);5
2.922580233180134e-05;(198, 0);6
8.062682588000029e-09;(198, 0);7
3.811652068136135e-06;(198, 0);8
1.8638806097925643e-05;(198, 0);9
1.0567852469181336e-07;(198, 1);0
8.020481733879688e-15;(198, 1);1
3.7987879786782345e-11;(198, 1);2
2.12245746214244e-09;(198, 1);3
3.420389361457743e-09;(198, 1);4
4.0553948877838666e-09;(198, 1);5
1.756010974105313e-15;(198, 1);6
1.154879421414366e-16;(198, 1);7
1.9251962762668443e-12;(198, 1);8
4.285312344971908e-10;(198, 1);9
2.438237394971506e-12;(198, 2);0
3.051901596976243e-05;(198, 2);1
1.0114652852943552e-05;(198, 2);2
0.0011691240309673724;(198, 2);3
1.5018804472865416e-05;(198, 2);4
4.046585312380456e-05;(198, 2);5
1.1768377112272132e-09;(198, 2);6
3.525008771659756e-05;(198, 2);7
1.2377642779877425e-07;(198, 2);8
7.092231222649444e-10;(198, 2);9
6.729594999986195e-13;(200, 0);0
4.207884264919953e-19;(200, 0);1
6.167737283646254e-11;(200, 0);2
3.299983544486097e-13;(200, 0);3
5.039491393960358e-15;(200, 0);4
9.239236282899388e-18;(200, 0);5
1.592698693830165e-14;(200, 0);6
1.195372291832808e-10;(200, 0);7
5.1565066165609096e-17;(200, 0);8
1.1081201817976763e-07;(200, 0);9
7.162132287247263e-14;(200, 1);0
3.1134031573501325e-08;(200, 1);1
3.929514521839123e-07;(200, 1);2
5.397704268115856e-09;(200, 1);3
3.360840229779401e-08;(200, 1);4
3.7004034429986175e-12;(200, 1);5
7.870083751356992e-06;(200, 1);6
4.912091086686051e-11;(200, 1);7
3.2665031048229287e-10;(200, 1);8
1.9217648876016454e-13;(200, 1);9
3.593434370333283e-18;(200, 2);0
7.381586117367092e-12;(200, 2);1
1.329811942240872e-16;(200, 2);2
2.981974415531137e-17;(200, 2);3
4.506155547608215e-10;(200, 2);4
1.4906326072018354e-12;(200, 2);5
1.10001995503763e-18;(200, 2);6
3.6823462739153804e-15;(200, 2);7
4.4170386149250556e-13;(200, 2);8
1.2793021544009688e-19;(200, 2);9
2.9966593522563026e-08;(200, 3);0
4.325661262097132e-11;(200, 3);1
1.2171950176778943e-13;(200, 3);2
2.3742880721135754e-10;(200, 3);3
2.3279147766830767e-09;(200, 3);4
2.487905911063715e-07;(200, 3);5
9.181394345402927e-10;(200, 3);6
9.966884328335155e-13;(200, 3);7
2.6602808935730386e-11;(200, 3);8
2.136313884307889e-10;(200, 3);9
2.9479973014155573e-19;(201, 0);0
8.812738357564046e-14;(201, 0);1
1.787413771081372e-17;(201, 0);2
6.929360201054384e-11;(201, 0);3
9.726704781036152e-17;(201, 0);4
7.930456755762113e-16;(201, 0);5
4.016355925130215e-24;(201, 0);6
4.490270604556296e-18;(201, 0);7
5.627412493680621e-12;(201, 0);8
5.218918521582899e-10;(201, 0);9
9.96849749472378e-25;(202, 2);0
2.7590775456474153e-14;(202, 2);1
2.3631072074161817e-17;(202, 2);2
1.1171161232496387e-16;(202, 2);3
2.411199582247156e-25;(202, 2);4
1.5007221447945082e-16;(202, 2);5
1.165795221954206e-13;(202, 2);6
2.8633627641617736e-21;(202, 2);7
9.634499534301603e-13;(202, 2);8
9.491170437495617e-22;(202, 2);9
4.5239922157392315e-13;(202, 3);0
1.6033858465864267e-12;(202, 3);1
7.280026834874703e-16;(202, 3);2
6.986878075011239e-12;(202, 3);3
6.352631457668441e-12;(202, 3);4
1.3961257062660945e-14;(202, 3);5
3.749611070133701e-10;(202, 3);6
1.5749332517339842e-08;(202, 3);7
5.257250762596602e-09;(202, 3);8
1.2667549554960131e-17;(202, 3);9
4.1522080507374865e-13;(203, 0);0
8.414448778573323e-05;(203, 0);1
6.6827930142638695e-06;(203, 0);2
1.2941108936334738e-10;(203, 0);3
2.267168760693583e-13;(203, 0);4
6.5150828594462825e-06;(203, 0);5
3.8296113712910077e-07;(203, 0);6
3.3577077934267254e-07;(203, 0);7
1.6946610571159957e-09;(203, 0);8
7.918933023262476e-06;(203, 0);9
3.056235150048067e-08;(203, 1);0
5.956632187527591e-16;(203, 1);1
8.461486467497203e-10;(203, 1);2
3.480804320140052e-11;(203, 1);3
4.150376872383233e-08;(203, 1);4
1.4352268992001164e-14;(203, 1);5
1.1994298652107323e-07;(203, 1);6
7.678111660419298e-13;(203, 1);7
3.7496478248360355e-14;(203, 1);8
4.745665219867913e-14;(203, 1);9
3.2489585322669974e-07;(203, 2);0
3.0825347081942027e-15;(203, 2);1
2.0856071837473498e-12;(203, 2);2
5.994582451636879e-15;(203, 2);3
1.4884487768363313e-15;(203, 2);4
1.7104767837074701e-10;(203, 2);5
1.350316328416883e-11;(203, 2);6
3.478742640221038e-10;(203, 2);7
1.1829013235593732e-13;(203, 2);8
1.2689137947756233e-22;(203, 2);9
5.84548132553768e-07;(193, 3);0
3.578043607625474e-10;(193, 3);1
7.422720529257431e-11;(193, 3);2
1.1479706294844363e-11;(193, 3);3
1.6305952209156942e-07;(193, 3);4
1.465459914476453e-15;(193, 3);5
1.3942984859492036e-11;(193, 3);6
5.452554014540102e-08;(193, 3);7
1.838301264837887e-08;(193, 3);8
6.599930397966851e-09;(193, 3);9
3.7348046486084385e-13;(194, 0);0
3.644893848032294e-09;(194, 0);1
6.0088167836655636e-05;(194, 0);2
1.3470816189573226e-11;(194, 0);3
4.1566849851816685e-13;(194, 0);4
7.403972841403397e-11;(194, 0);5
2.155757454234142e-07;(194, 0);6
1.5474303653784258e-12;(194, 0);7
7.249654393369371e-22;(194, 0);8
7.024322197075813e-12;(194, 0);9
1.5257595296458815e-10;(194, 1);0
7.176227280805101e-16;(194, 1);1
2.247223632630142e-12;(194, 1);2
1.1406088911934843e-10;(194, 1);3
1.15544327308006e-18;(194, 1);4
1.0022414498327911e-19;(194, 1);5
1.3134475777577639e-12;(194, 1);6
9.413158577804559e-13;(194, 1);7
3.690408190880475e-09;(194, 1);8
1.260863204307721e-14;(194, 1);9
7.733026345670224e-16;(194, 2);0
2.501890961508444e-16;(194, 2);1
3.863931657711717e-21;(194, 2);2
1.7578797203710127e-11;(194, 2);3
3.1988846386369588e-15;(194, 2);4
6.542215153111169e-19;(194, 2);5
7.318576871246753e-22;(194, 2);6
5.7972378379990235e-15;(194, 2);7
7.601229055444786e-08;(194, 2);8
1.4436429690074957e-19;(194, 2);9
2.541247155462462e-14;(194, 3);0
2.5748579283808994e-10;(194, 3);1
2.9686687656126146e-23;(194, 3);2
2.3996107818011013e-16;(194, 3);3
2.135098718039685e-17;(194, 3);4
1.3454247689197273e-17;(194, 3);5
4.1260175807188765e-18;(194, 3);6
6.099804713874585e-08;(194, 3);7
3.378667801173869e-11;(194, 3);8
1.4134954524775851e-09;(194, 3);9
2.7097705356156008e-11;(201, 1);0
1.0124645917491276e-08;(201, 1);1
8.29692787274078e-11;(201, 1);2
4.9333150650284347e-23;(201, 1);3
8.436285431036878e-07;(201, 1);4
1.262401871615117e-07;(201, 1);5
3.794736445438083e-20;(201, 1);6
3.2647286532117416e-17;(201, 1);7
4.888805166587923e-12;(201, 1);8
2.616849655501817e-10;(201, 1);9
3.418943675970701e-19;(201, 2);0
2.217915366917085e-08;(201, 2);1
5.587044260302273e-14;(201, 2);2
1.0066129994721849e-15;(201, 2);3
1.0597759118937334e-13;(201, 2);4
4.5554287059744464e-08;(201, 2);5
1.1870049809387805e-18;(201, 2);6
6.889375217062148e-09;(201, 2);7
4.744206291434741e-13;(201, 2);8
9.460024041621349e-11;(201, 2);9
5.527274970289443e-16;(201, 3);0
7.320897337798059e-19;(201, 3);1
4.6667034550071954e-14;(201, 3);2
1.1222032356984677e-14;(201, 3);3
1.148858539599761e-14;(201, 3);4
1.2157831140600735e-13;(201, 3);5
6.1501294580059644e-15;(201, 3);6
8.150906045879495e-19;(201, 3);7
1.9964730754177816e-15;(201, 3);8
5.966448607910386e-16;(201, 3);9
5.816598087785493e-13;(202, 0);0
1.988450788918941e-19;(202, 0);1
1.3330418731551552e-13;(202, 0);2
2.877516925757641e-14;(202, 0);3
2.1832283106108406e-13;(202, 0);4
3.5555967482606313e-09;(202, 0);5
1.6784943228960807e-17;(202, 0);6
3.021473724512145e-12;(202, 0);7
3.0876165192891035e-15;(202, 0);8
7.664620972680663e-24;(202, 0);9
5.619751351077463e-24;(202, 1);0
1.8444497499065067e-23;(202, 1);1
2.8369188577686606e-20;(202, 1);2
3.270940434296564e-17;(202, 1);3
1.3280062121128325e-30;(202, 1);4
7.010802324425981e-19;(202, 1);5
8.693205832146071e-18;(202, 1);6
5.933717233129149e-20;(202, 1);7
6.176948711192837e-21;(202, 1);8
7.33358443766437e-16;(202, 1);9
2.917878951328835e-11;(206, 1);0
6.4422814592594365e-25;(206, 1);1
1.5884662876433635e-22;(206, 1);2
7.893145151452618e-11;(206, 1);3
1.754447283748837e-19;(206, 1);4
3.447540484457835e-13;(206, 1);5
2.2867380464250246e-13;(206, 1);6
1.0230225439066462e-15;(206, 1);7
2.350068133276577e-10;(206, 1);8
6.610134697925602e-15;(206, 1);9
2.7952800130644003e-19;(206, 2);0
5.216281994711107e-11;(206, 2);1
4.4743843058795514e-11;(206, 2);2
1.4300118810249347e-17;(206, 2);3
1.4270027732558638e-09;(206, 2);4
2.0029942702349806e-12;(206, 2);5
8.376667638171554e-13;(206, 2);6
4.567000729829886e-19;(206, 2);7
8.901995071185005e-11;(206, 2);8
1.1724825811322083e-12;(206, 2);9
3.0423182321158965e-20;(206, 3);0
4.482451326232814e-25;(206, 3);1
5.539002267935481e-23;(206, 3);2
8.330135337778126e-29;(206, 3);3
3.4717030460581405e-19;(206, 3);4
6.500080660758583e-17;(206, 3);5
3.352704056202267e-16;(206, 3);6
3.321420143374259e-15;(206, 3);7
1.3245987401890804e-24;(206, 3);8
7.87298279624097e-20;(206, 3);9
5.018616733051695e-07;(207, 0);0
1.2472442568714568e-09;(207, 0);1
1.6922732770755455e-14;(207, 0);2
3.197585913580729e-11;(207, 0);3
1.564380009065069e-18;(207, 0);4
2.0795779964913712e-07;(207, 0);5
1.0932057936314878e-13;(207, 0);6
4.844958641458427e-16;(207, 0);7
5.2230709463833895e-08;(207, 0);8
1.974728192836932e-09;(207, 0);9
4.526833723397601e-15;(207, 1);0
2.1402313373249835e-08;(207, 1);1
1.6229427885820444e-15;(207, 1);2
7.389435331852081e-09;(207, 1);3
4.4965297707444435e-09;(207, 1);4
6.544490866227524e-14;(207, 1);5
1.1453832216265272e-15;(207, 1);6
3.490248501300209e-12;(207, 1);7
1.8708236489289138e-11;(207, 1);8
3.362094193647507e-14;(207, 1);9
1.4197303585491454e-15;(207, 2);0
3.0564137691392715e-07;(207, 2);1
5.358960379801647e-07;(207, 2);2
6.050084170930721e-19;(207, 2);3
3.511921609077672e-21;(207, 2);4
1.4758691195965192e-14;(207, 2);5
2.6652983990083894e-23;(207, 2);6
1.3009322523998368e-15;(207, 2);7
3.357917206549035e-15;(207, 2);8
2.3773267653180854e-28;(207, 2);9
2.577655007076746e-13;(207, 3);0
6.375511850259294e-24;(207, 3);1
6.886893381227244e-22;(207, 3);2
4.230951758009888e-12;(207, 3);3
2.0210875108209587e-12;(207, 3);4
3.40623866461133e-12;(207, 3);5
2.1167510181293373e-18;(207, 3);6
1.2458248497670796e-09;(207, 3);7
1.7049806543364627e-16;(207, 3);8
6.035387333358199e-19;(207, 3);9
1.8001525715510617e-16;(208, 0);0
2.5031500090413883e-08;(208, 0);1
7.742631713123174e-11;(208, 0);2
1.08355957886467e-11;(208, 0);3
5.049467061103541e-16;(208, 0);4
3.2163999033566907e-06;(208, 0);5
7.942524289269304e-09;(208, 0);6
1.4788197114594365e-10;(208, 0);7
4.081538570039935e-13;(208, 0);8
2.9896079500803693e-11;(208, 0);9
5.193132577054275e-12;(208, 1);0
2.190149690216521e-11;(208, 1);1
9.231020585414803e-13;(208, 1);2
2.345378577214751e-07;(208, 1);3
3.5847643037725408e-12;(208, 1);4
7.52647206274473e-12;(208, 1);5
1.0354873225588986e-10;(208, 1);6
3.348102970548556e-08;(208, 1);7
1.1379005751008428e-15;(208, 1);8
7.806089365470813e-12;(208, 1);9
3.1855888369332287e-12;(208, 2);0
9.598976719832091e-14;(208, 2);1
2.6017955209409823e-10;(208, 2);2
5.468082972645693e-14;(208, 2);3
7.541496481303529e-18;(208, 2);4
2.998683337074147e-26;(208, 2);5
1.1359822910912843e-13;(208, 2);6
2.966180239622174e-13;(208, 2);7
1.7328198200351278e-20;(208, 2);8
3.670345295444561e-16;(208, 2);9
2.425520099089696e-12;(208, 3);0
2.1221798676891704e-08;(208, 3);1
2.0363522441113755e-09;(208, 3);2
1.0767354710689056e-08;(208, 3);3
1.6951157947869876e-10;(208, 3);4
1.7118266934323402e-08;(208, 3);5
7.349659421544303e-11;(208, 3);6
4.790032128851276e-13;(208, 3);7
3.404584793603552e-15;(208, 3);8
2.188266667760206e-09;(208, 3);9
9.812639158847194e-12;(209, 0);0
2.6544319183499562e-06;(209, 0);1
3.3280012809222257e-12;(209, 0);2
2.566078052728304e-06;(209, 0);3
1.442205594525027e-07;(209, 0);4
3.66211035620364e-11;(209, 0);5
4.1786243696358256e-08;(209, 0);6
2.5335565546715404e-16;(209, 0);7
2.584533337215826e-11;(209, 0);8
9.509218136106255e-08;(209, 0);9
1.5208368761219178e-13;(209, 1);0
5.596947727424093e-13;(209, 1);1
0.00012000725212355762;(209, 1);2
7.688801545828794e-16;(209, 1);3
9.668705051804364e-06;(209, 1);4
9.899155943218519e-14;(209, 1);5
4.129837584775051e-12;(209, 1);6
4.821839864255045e-10;(209, 1);7
2.3594637692596574e-14;(209, 1);8
9.506726656285802e-16;(209, 1);9
1.6174885065383792e-13;(209, 2);0
3.423284659655851e-09;(209, 2);1
7.410140322327688e-18;(209, 2);2
1.1839540487456884e-08;(209, 2);3
1.2778339792707536e-18;(209, 2);4
4.02194949065186e-09;(209, 2);5
4.651250541949901e-13;(209, 2);6
1.0531691210198573e-10;(209, 2);7
1.0107373818645691e-13;(209, 2);8
6.852585325379376e-11;(209, 2);9
3.8470810944740075e-06;(209, 3);0
7.320741553010729e-17;(209, 3);1
2.3629619252868654e-06;(209, 3);2
3.775967115608874e-06;(209, 3);3
4.552401608248621e-06;(209, 3);4
2.4820021478054396e-09;(209, 3);5
5.272306134043439e-06;(209, 3);6
4.459827289733506e-06;(209, 3);7
7.237053085327454e-11;(209, 3);8
3.2306732185442505e-10;(209, 3);9
5.0303362547118215e-14;(203, 3);0
3.699568518365926e-07;(203, 3);1
2.4727139195731172e-17;(203, 3);2
3.392509192558887e-17;(203, 3);3
7.655039137958471e-14;(203, 3);4
3.8635594069787626e-08;(203, 3);5
1.6770999905012238e-08;(203, 3);6
5.212465901242132e-07;(203, 3);7
1.3638301990735148e-09;(203, 3);8
6.382354020662085e-09;(203, 3);9
9.854782583366046e-10;(204, 0);0
2.7324497485175735e-06;(204, 0);1
1.5671754814365107e-06;(204, 0);2
3.3405834235797544e-09;(204, 0);3
1.4199180717985262e-10;(204, 0);4
4.247679599323214e-13;(204, 0);5
5.328443865818374e-06;(204, 0);6
2.3525646167359617e-11;(204, 0);7
2.4208727136406314e-18;(204, 0);8
4.2440606507825775e-08;(204, 0);9
1.2184471936851282e-11;(204, 1);0
4.913999695447126e-15;(204, 1);1
9.686370720636773e-10;(204, 1);2
4.3184734935663627e-14;(204, 1);3
4.621228165711433e-11;(204, 1);4
8.947943289240453e-16;(204, 1);5
1.6610172031787691e-09;(204, 1);6
1.0295347965651405e-09;(204, 1);7
1.3564003845302708e-21;(204, 1);8
1.1798681132822265e-11;(204, 1);9
1.9741591420729434e-22;(204, 2);0
1.6461950649033935e-22;(204, 2);1
4.658201237300134e-13;(204, 2);2
8.587878295940984e-19;(204, 2);3
2.4116224804237257e-17;(204, 2);4
7.154856605138244e-16;(204, 2);5
1.3576252573639643e-22;(204, 2);6
3.622216592047951e-23;(204, 2);7
1.3240726611679816e-22;(204, 2);8
2.5492504885267648e-20;(204, 2);9
1.588251946402195e-15;(204, 3);0
1.802286574759817e-11;(204, 3);1
7.096678805130424e-12;(204, 3);2
4.725314029912293e-17;(204, 3);3
1.5919082352938963e-10;(204, 3);4
1.0392343540953672e-15;(204, 3);5
7.985885651402258e-17;(204, 3);6
3.6639239815519107e-11;(204, 3);7
4.797263890886186e-14;(204, 3);8
3.641826588114846e-18;(204, 3);9
1.2945666773723351e-14;(210, 0);0
2.4753845516942663e-14;(210, 0);1
3.227330092925787e-23;(210, 0);2
1.5522576517242648e-17;(210, 0);3
1.4597132885036255e-25;(210, 0);4
5.120756458211235e-12;(210, 0);5
3.8887974249496e-11;(210, 0);6
2.605885611085019e-15;(210, 0);7
6.44390843731697e-09;(210, 0);8
5.535287462096176e-12;(210, 0);9
1.113833665981801e-13;(210, 1);0
1.7118594814062913e-16;(210, 1);1
9.972386100356596e-17;(210, 1);2
4.623684602451417e-16;(210, 1);3
3.291857398567429e-17;(210, 1);4
7.719086062092914e-14;(210, 1);5
3.5202863930271264e-17;(210, 1);6
1.925084087591541e-20;(210, 1);7
5.715480502970452e-09;(210, 1);8
2.64822433940288e-12;(210, 1);9
9.69141422559969e-20;(210, 2);0
5.428181368026494e-12;(210, 2);1
2.66460737480303e-16;(210, 2);2
5.39099921899116e-12;(210, 2);3
4.7943394916120006e-14;(210, 2);4
2.0465353856971802e-17;(210, 2);5
8.230285088402806e-11;(210, 2);6
1.1298825819927437e-16;(210, 2);7
8.763723008858088e-16;(210, 2);8
3.952198274264065e-09;(210, 2);9
2.7259206700388202e-24;(210, 3);0
1.9538622421720807e-11;(210, 3);1
4.574521218836589e-31;(210, 3);2
1.8393021550835392e-19;(210, 3);3
9.816956346759984e-15;(210, 3);4
1.1602385346131358e-22;(210, 3);5
2.957198167885746e-23;(210, 3);6
8.136429562261223e-19;(210, 3);7
4.5013948258281507e-20;(210, 3);8
2.392282409417053e-18;(210, 3);9
9.728459293548797e-09;(211, 0);0
6.605665955985811e-11;(211, 0);1
6.640290009763462e-06;(211, 0);2
1.023445098616806e-07;(211, 0);3
2.0546319127478524e-07;(211, 0);4
1.613829319678779e-09;(211, 0);5
1.3625916494458222e-06;(211, 0);6
2.1748439086804388e-11;(211, 0);7
5.589224086401571e-14;(211, 0);8
5.645329132372525e-10;(211, 0);9
1.4601521566421941e-12;(211, 1);0
1.647082261837827e-13;(211, 1);1
1.1877609835084144e-13;(211, 1);2
6.534639836733718e-18;(211, 1);3
1.028203395140515e-12;(211, 1);4
1.1084833015902672e-10;(211, 1);5
1.6032094500463793e-08;(211, 1);6
3.499223074627378e-11;(211, 1);7
2.3114956226180367e-08;(211, 1);8
1.3662855436359196e-09;(211, 1);9
2.4320274809152075e-15;(211, 2);0
4.129466180855475e-08;(211, 2);1
1.5729615831736762e-16;(211, 2);2
4.986872900335393e-09;(211, 2);3
9.817645881130226e-16;(211, 2);4
1.563854494883165e-08;(211, 2);5
1.038526020206594e-14;(211, 2);6
5.778065508970943e-13;(211, 2);7
7.960803933470787e-13;(211, 2);8
2.2421014434349773e-07;(211, 2);9
1.3751917149812928e-14;(211, 3);0
1.7231070427128669e-15;(211, 3);1
3.312443601840613e-07;(211, 3);2
1.84791047926563e-13;(211, 3);3
2.603328183695003e-17;(211, 3);4
1.125686733386097e-10;(211, 3);5
3.1180833746293038e-15;(211, 3);6
4.1296652943572564e-16;(211, 3);7
3.360137369094789e-10;(211, 3);8
1.9406754782822467e-07;(211, 3);9
9.259293993992269e-18;(212, 0);0
1.4099199314282375e-15;(212, 0);1
2.097452432045585e-12;(212, 0);2
5.047269734049665e-16;(212, 0);3
3.903361059511393e-08;(212, 0);4
2.501508650858465e-14;(212, 0);5
4.724083381518792e-12;(212, 0);6
2.7219308361825585e-10;(212, 0);7
1.1190271014230704e-11;(212, 0);8
8.737248449406675e-10;(212, 0);9
2.4986259011797775e-15;(212, 1);0
6.865845362975457e-24;(212, 1);1
6.042370045445057e-14;(212, 1);2
4.50456922094127e-11;(212, 1);3
4.587042046497071e-11;(212, 1);4
1.499882435903663e-18;(212, 1);5
7.821060293566077e-09;(212, 1);6
3.341537888871452e-08;(212, 1);7
3.621378978281538e-20;(212, 1);8
3.3120189026146427e-11;(212, 1);9
8.648544863249086e-08;(213, 3);0
1.0075615886596035e-05;(213, 3);1
6.035876690830398e-08;(213, 3);2
2.5443483787433878e-06;(213, 3);3
3.376534727074118e-06;(213, 3);4
7.20181262295322e-10;(213, 3);5
7.605147296368981e-11;(213, 3);6
4.80172662445968e-14;(213, 3);7
2.4512491622684133e-05;(213, 3);8
5.483635965245384e-13;(213, 3);9
9.89396020047201e-21;(214, 0);0
4.601232074749623e-14;(214, 0);1
1.241390753315363e-14;(214, 0);2
1.6382551227470656e-08;(214, 0);3
3.7860276618403945e-14;(214, 0);4
1.3813026033862975e-08;(214, 0);5
2.6728941138317645e-14;(214, 0);6
1.3468164983054844e-19;(214, 0);7
1.2814828688454083e-21;(214, 0);8
1.148388488493411e-12;(214, 0);9
2.921121290080646e-18;(214, 1);0
4.5088994386500935e-20;(214, 1);1
1.4196534387529188e-17;(214, 1);2
3.5284710261317883e-15;(214, 1);3
2.732452037384677e-18;(214, 1);4
9.679415370621794e-09;(214, 1);5
2.3105782358065712e-18;(214, 1);6
1.9003459376805961e-13;(214, 1);7
5.575511828167865e-07;(214, 1);8
4.482544796893674e-10;(214, 1);9
1.019498355471266e-16;(214, 2);0
7.540694541724173e-22;(214, 2);1
1.7057616479871268e-13;(214, 2);2
4.8314101941074266e-17;(214, 2);3
2.6492912052772364e-12;(214, 2);4
2.687197893556836e-16;(214, 2);5
4.257379760550339e-10;(214, 2);6
1.1191170625219828e-11;(214, 2);7
3.675122507256154e-17;(214, 2);8
3.2724841666363828e-24;(214, 2);9
1.011564045245692e-06;(214, 3);0
3.7023627471517447e-09;(214, 3);1
7.446522904733667e-10;(214, 3);2
3.735912955158967e-07;(214, 3);3
1.5116588531648905e-08;(214, 3);4
1.4537323388542373e-12;(214, 3);5
1.0401962183629754e-14;(214, 3);6
9.120286055134839e-10;(214, 3);7
5.415080260495036e-10;(214, 3);8
1.8092047080250072e-11;(214, 3);9
5.253281707573712e-19;(212, 2);0
6.889859888567e-22;(212, 2);1
3.054841985210648e-14;(212, 2);2
3.685346187171621e-24;(212, 2);3
2.279819630863613e-22;(212, 2);4
1.4008427163720311e-21;(212, 2);5
4.915321637438738e-13;(212, 2);6
1.9304287295573434e-19;(212, 2);7
1.0878423701796262e-24;(212, 2);8
9.253381670699758e-19;(212, 2);9
2.0540870475135403e-13;(212, 3);0
5.64711876010206e-17;(212, 3);1
3.426400869428048e-13;(212, 3);2
8.034306868440296e-19;(212, 3);3
1.3811745683186972e-21;(212, 3);4
1.713426889730413e-12;(212, 3);5
4.666734715055886e-10;(212, 3);6
2.813263632528425e-16;(212, 3);7
1.6632871813181257e-13;(212, 3);8
1.1040846072005494e-12;(212, 3);9
1.8675703899582658e-10;(213, 0);0
5.21904581713452e-20;(213, 0);1
5.802036099264547e-14;(213, 0);2
8.704174877518569e-07;(213, 0);3
6.693386675638846e-08;(213, 0);4
6.777931651673228e-14;(213, 0);5
1.186802071309079e-09;(213, 0);6
4.1992863545753397e-08;(213, 0);7
1.5673674680241235e-11;(213, 0);8
9.892420437251562e-10;(213, 0);9
6.965356993381378e-08;(213, 1);0
3.711349959862902e-13;(213, 1);1
2.342244382748405e-08;(213, 1);2
4.53464248165244e-07;(213, 1);3
1.2695993831601588e-07;(213, 1);4
4.3521789099441873e-10;(213, 1);5
3.985206186052031e-07;(213, 1);6
6.334750145342143e-08;(213, 1);7
1.5132877190572485e-08;(213, 1);8
1.0997114895939188e-10;(213, 1);9
8.92900216901403e-06;(213, 2);0
7.114919674103863e-11;(213, 2);1
9.258888746960228e-08;(213, 2);2
1.0025597472558248e-09;(213, 2);3
1.6844379946048923e-13;(213, 2);4
3.748371241466262e-08;(213, 2);5
3.786203798869584e-08;(213, 2);6
5.258693696836185e-07;(213, 2);7
5.802370549719235e-07;(213, 2);8
4.087182344004939e-09;(213, 2);9
6.544131992786015e-14;(215, 0);0
8.077326707633999e-14;(215, 0);1
2.0195364487788035e-29;(215, 0);2
4.369458881594857e-14;(215, 0);3
2.2444895842687835e-17;(215, 0);4
3.2339884782021245e-16;(215, 0);5
2.4893205905195115e-29;(215, 0);6
9.728136687031583e-16;(215, 0);7
9.39585772142284e-13;(215, 0);8
1.4295906095638764e-26;(215, 0);9
1.5904550907395437e-14;(215, 1);0
6.366482585794076e-14;(215, 1);1
3.10610995231995e-17;(215, 1);2
5.887412795463731e-09;(215, 1);3
1.635978081606721e-16;(215, 1);4
1.9397386456744234e-22;(215, 1);5
1.0019271747137449e-11;(215, 1);6
3.748471717590825e-15;(215, 1);7
4.506512461830258e-17;(215, 1);8
1.99811454567164e-20;(215, 1);9
5.292762676770107e-23;(215, 2);0
1.9806386534891568e-20;(215, 2);1
1.5294276811229382e-14;(215, 2);2
4.67865237780102e-08;(215, 2);3
2.154413039753433e-14;(215, 2);4
1.553731845985666e-15;(215, 2);5
8.811032252048116e-13;(215, 2);6
1.4398646438351276e-14;(215, 2);7
1.6316389837222838e-11;(215, 2);8
7.035789684253902e-13;(215, 2);9
3.398007051208709e-20;(215, 3);0
2.0236915707005377e-17;(215, 3);1
8.279283292669406e-17;(215, 3);2
1.0609679149867754e-22;(215, 3);3
5.298805684040528e-13;(215, 3);4
3.0468628786738347e-16;(215, 3);5
5.445350035853996e-12;(215, 3);6
2.4498747323373903e-16;(215, 3);7
5.661980648122778e-10;(215, 3);8
4.049554004004903e-16;(215, 3);9
9.167431345971225e-10;(216, 0);0
2.559104838854848e-12;(216, 0);1
1.0172097831318217e-08;(216, 0);2
2.961830528761562e-14;(216, 0);3
7.276605342890504e-16;(216, 0);4
3.0343236208573617e-06;(216, 0);5
1.7357883395310207e-05;(216, 0);6
1.2570920666680632e-11;(216, 0);7
3.820187072606751e-12;(216, 0);8
8.454075400486282e-17;(216, 0);9
1.8692809058536322e-14;(217, 2);0
3.3009478171536354e-14;(217, 2);1
2.58856092537588e-11;(217, 2);2
8.54163507106648e-16;(217, 2);3
1.423139005569258e-11;(217, 2);4
5.637421929008992e-12;(217, 2);5
3.190987943785604e-19;(217, 2);6
1.9895910832331565e-26;(217, 2);7
7.879233663265586e-13;(217, 2);8
4.192111639278892e-13;(217, 2);9
1.9388190726082968e-20;(217, 3);0
2.4726428603855895e-24;(217, 3);1
5.150031856571117e-19;(217, 3);2
9.807203396652301e-16;(217, 3);3
5.968172199422557e-17;(217, 3);4
2.701259777832588e-09;(217, 3);5
2.4608655757166905e-17;(217, 3);6
8.797995616009184e-14;(217, 3);7
1.6307353867544058e-06;(217, 3);8
1.9173108838776405e-06;(217, 3);9
9.634809931302193e-18;(218, 0);0
2.8945431562719135e-14;(218, 0);1
3.0776831488521525e-27;(218, 0);2
1.2570167188911453e-08;(218, 0);3
1.6157059902268597e-14;(218, 0);4
2.630562068755509e-15;(218, 0);5
2.0951462344246517e-14;(218, 0);6
2.3204602154115337e-14;(218, 0);7
3.119824576159202e-17;(218, 0);8
2.5911100153144465e-08;(218, 0);9
1.0051938454923789e-19;(218, 1);0
1.0989404918938405e-28;(218, 1);1
4.906654861762832e-20;(218, 1);2
2.615225898902003e-10;(218, 1);3
6.495838559392236e-22;(218, 1);4
4.13284394038781e-21;(218, 1);5
4.951494299039238e-30;(218, 1);6
3.1271478508464103e-21;(218, 1);7
6.641112814355531e-13;(218, 1);8
4.027055337860982e-11;(218, 1);9
1.2432382897162925e-20;(218, 2);0
5.269100329562169e-14;(218, 2);1
1.4283317261258053e-13;(218, 2);2
2.059559811218424e-11;(218, 2);3
6.775382508987705e-31;(218, 2);4
5.587858003719123e-17;(218, 2);5
3.2370588164631966e-15;(218, 2);6
5.092469607417809e-17;(218, 2);7
6.3981339422133545e-21;(218, 2);8
2.346208863239347e-21;(218, 2);9
4.89962953220962e-09;(216, 1);0
2.904333320794738e-05;(216, 1);1
4.845585596325387e-13;(216, 1);2
1.8901057054321798e-08;(216, 1);3
0.00012971450591880952;(216, 1);4
1.2286471034408568e-14;(216, 1);5
1.4280228551206264e-07;(216, 1);6
9.4217156957293e-06;(216, 1);7
1.3333692579620107e-10;(216, 1);8
8.445921837999115e-18;(216, 1);9
1.0337151827182621e-08;(216, 2);0
5.6691862388415286e-15;(216, 2);1
2.0126959719821616e-07;(216, 2);2
7.80128327721401e-12;(216, 2);3
6.748433894851772e-08;(216, 2);4
2.096836354350293e-08;(216, 2);5
1.2754344994020137e-15;(216, 2);6
5.001708442359124e-09;(216, 2);7
5.256359506634403e-13;(216, 2);8
4.850336055700904e-07;(216, 2);9
4.732188823685671e-06;(216, 3);0
2.8090147498192313e-13;(216, 3);1
2.1614682666371555e-09;(216, 3);2
1.4190996376109777e-11;(216, 3);3
2.2859532447393963e-10;(216, 3);4
9.42037975132294e-06;(216, 3);5
3.015226155262899e-12;(216, 3);6
2.5996564929935722e-08;(216, 3);7
6.671094529779354e-14;(216, 3);8
1.543386660424658e-08;(216, 3);9
2.8087219578377766e-10;(217, 0);0
6.533224361841572e-08;(217, 0);1
2.443977394038848e-15;(217, 0);2
2.760829176624995e-13;(217, 0);3
1.8524661278482363e-06;(217, 0);4
6.234658133561323e-19;(217, 0);5
1.0951240324932733e-09;(217, 0);6
8.955668425708381e-17;(217, 0);7
1.2221731769661149e-10;(217, 0);8
4.242117323919916e-10;(217, 0);9
8.785394695749489e-12;(217, 1);0
4.4082220049764796e-14;(217, 1);1
3.332450163007485e-10;(217, 1);2
2.1972395272635504e-12;(217, 1);3
7.282258472251051e-11;(217, 1);4
3.502331248945743e-23;(217, 1);5
1.6752800726790247e-16;(217, 1);6
2.084987189381378e-08;(217, 1);7
6.907215337578155e-09;(217, 1);8
6.403053799989799e-16;(217, 1);9
1.5548297630337078e-30;(218, 3);0
1.2690185142983532e-28;(218, 3);1
1.6057300187272954e-18;(218, 3);2
4.306895697584371e-22;(218, 3);3
1.2530543260528562e-18;(218, 3);4
1.1500542263794297e-30;(218, 3);5
9.234358377981886e-17;(218, 3);6
9.145223229014013e-15;(218, 3);7
8.771218550613104e-20;(218, 3);8
2.1071621851081357e-18;(218, 3);9
1.3748398102153885e-15;(219, 0);0
1.508070957491871e-11;(219, 0);1
5.89743597964319e-14;(219, 0);2
3.606081982908618e-09;(219, 0);3
2.594219220543071e-10;(219, 0);4
1.1436679939460352e-08;(219, 0);5
2.2693942334759178e-13;(219, 0);6
2.803603262885431e-14;(219, 0);7
4.473711446120783e-08;(219, 0);8
4.670876310027823e-13;(219, 0);9
6.39053344003826e-24;(219, 1);0
2.265649845380612e-15;(219, 1);1
3.4111552209819626e-11;(219, 1);2
5.327451750392436e-10;(219, 1);3
5.182933007156241e-12;(219, 1);4
8.146584038054934e-15;(219, 1);5
4.0279825056342384e-11;(219, 1);6
2.2334393072140345e-11;(219, 1);7
8.340743439620981e-06;(219, 1);8
1.4040622015931416e-07;(219, 1);9
8.343994147059708e-17;(219, 2);0
2.8476423319960144e-15;(219, 2);1
7.014960568106662e-20;(219, 2);2
4.750749658694686e-10;(219, 2);3
4.424712673775466e-27;(219, 2);4
2.042620861777346e-26;(219, 2);5
4.494812096107303e-20;(219, 2);6
7.609582441276544e-22;(219, 2);7
3.151550399990407e-16;(219, 2);8
1.0592323669212989e-23;(219, 2);9
2.201843121075798e-09;(219, 3);0
6.759858051884822e-19;(219, 3);1
8.534235902020623e-19;(219, 3);2
2.6891182643272993e-12;(219, 3);3
8.793153993846565e-09;(219, 3);4
3.5166654431971035e-09;(219, 3);5
1.5135714168462662e-15;(219, 3);6
2.8906930375689204e-14;(219, 3);7
4.517043098262522e-13;(219, 3);8
6.663147792004782e-09;(219, 3);9
8.365158467996182e-14;(205, 0);0
1.3767169776031276e-15;(205, 0);1
6.007942162539014e-16;(205, 0);2
1.1316620002192753e-13;(205, 0);3
1.3709735854530715e-12;(205, 0);4
5.519390662839177e-14;(205, 0);5
8.48172378945221e-11;(205, 0);6
1.0674509327854576e-21;(205, 0);7
6.27687189023644e-11;(205, 0);8
7.34682602489702e-15;(205, 0);9
3.4211131737179125e-20;(205, 1);0
2.0048108528799304e-13;(205, 1);1
1.0804475092448863e-13;(205, 1);2
1.0098895892905473e-14;(205, 1);3
3.245865244835572e-12;(205, 1);4
4.7400818645779103e-17;(205, 1);5
8.345454414322192e-11;(205, 1);6
7.480192308921999e-16;(205, 1);7
5.213527958729874e-07;(205, 1);8
2.5451949785741834e-15;(205, 1);9
3.641185030323175e-09;(205, 2);0
1.866396299549877e-15;(205, 2);1
5.571104740647602e-12;(205, 2);2
1.5340679916713253e-20;(205, 2);3
6.949098333636934e-11;(205, 2);4
4.651839207408454e-14;(205, 2);5
1.0280832783814783e-13;(205, 2);6
1.9218046688441872e-13;(205, 2);7
2.5815974859140984e-14;(205, 2);8
7.611837732602871e-10;(205, 2);9
1.3701257498413452e-13;(205, 3);0
1.1299377159225082e-20;(205, 3);1
5.5971698727058075e-14;(205, 3);2
1.913015519775114e-12;(205, 3);3
6.4234230931650195e-18;(205, 3);4
2.5547039110911215e-19;(205, 3);5
2.8800668751560754e-16;(205, 3);6
5.198234308562446e-22;(205, 3);7
4.3388181697644525e-15;(205, 3);8
2.1875883491045144e-17;(205, 3);9
2.0150896909409543e-23;(206, 0);0
3.3025470694270768e-18;(206, 0);1
1.3856054593823541e-18;(206, 0);2
1.3407997328631026e-19;(206, 0);3
1.3939623665451703e-15;(206, 0);4
2.234570767541854e-16;(206, 0);5
9.988541750892717e-16;(206, 0);6
1.3185839527524251e-15;(206, 0);7
5.112218353744245e-19;(206, 0);8
3.0244623307240635e-18;(206, 0);9
1.782485549178655e-17;(220, 0);0
3.205241498698919e-20;(220, 0);1
6.21337124306677e-11;(220, 0);2
1.6347170535826223e-12;(220, 0);3
2.86269536212091e-14;(220, 0);4
1.5419033540992465e-14;(220, 0);5
6.960474735694046e-20;(220, 0);6
3.177738536577208e-16;(220, 0);7
3.085310779362611e-11;(220, 0);8
1.956746073238215e-14;(220, 0);9
1.892426913827532e-24;(220, 1);0
9.092672288939247e-16;(220, 1);1
1.1206674203673927e-17;(220, 1);2
7.48550753113698e-10;(220, 1);3
9.295054884548867e-12;(220, 1);4
1.3280400487370064e-12;(220, 1);5
3.4796913343481354e-12;(220, 1);6
4.7295673879827846e-15;(220, 1);7
9.339183570314085e-14;(220, 1);8
6.40159980798223e-15;(220, 1);9
5.226821925848773e-08;(220, 2);0
3.850309347738506e-08;(220, 2);1
9.196311503003947e-11;(220, 2);2
2.5647180956064356e-09;(220, 2);3
3.529049234229688e-10;(220, 2);4
5.5306486458239934e-11;(220, 2);5
2.8716417823439935e-06;(220, 2);6
2.5496789914578627e-05;(220, 2);7
2.601205450012735e-10;(220, 2);8
1.5725268139073954e-16;(220, 2);9
4.4320041174950315e-11;(220, 3);0
1.0985432007524669e-05;(220, 3);1
4.010416195099125e-14;(220, 3);2
1.1140029022246372e-12;(220, 3);3
2.210908291499383e-17;(220, 3);4
1.2403163550431384e-09;(220, 3);5
3.0571692589068946e-09;(220, 3);6
6.820360887150696e-14;(220, 3);7
4.745422163194019e-06;(220, 3);8
1.2841305518742314e-10;(220, 3);9
1.7128829509753712e-10;(221, 0);0
1.6573258040210381e-10;(221, 0);1
2.7049855163156283e-12;(221, 0);2
2.1521016345650897e-22;(221, 0);3
6.849612145212864e-07;(221, 0);4
9.214116716077995e-12;(221, 0);5
5.4966935831917e-15;(221, 0);6
8.056123320602738e-18;(221, 0);7
3.847234568162726e-13;(221, 0);8
1.4346499022354624e-12;(221, 0);9
6.941235672645436e-13;(221, 1);0
4.5298831488120745e-10;(221, 1);1
6.523411472013728e-14;(221, 1);2
1.241582359817248e-10;(221, 1);3
4.1470173266360335e-08;(221, 1);4
4.155397815507868e-22;(221, 1);5
1.2340762132202356e-08;(221, 1);6
1.1859496014170288e-06;(221, 1);7
1.0938378707520892e-15;(221, 1);8
1.6948703111191654e-16;(221, 1);9
4.217067860559662e-15;(221, 2);0
7.258453543432554e-14;(221, 2);1
9.541647208597282e-10;(221, 2);2
2.4822979409763574e-11;(221, 2);3
2.234172215728797e-15;(221, 2);4
1.9730296332711493e-12;(221, 2);5
2.377876693925167e-15;(221, 2);6
6.451966837615162e-11;(221, 2);7
1.8179503490478745e-21;(221, 2);8
6.966288128550366e-12;(221, 2);9
3.074157802980338e-17;(221, 3);0
8.345255554305963e-21;(221, 3);1
3.750970045195746e-13;(221, 3);2
8.310870722500276e-12;(221, 3);3
1.734839171729794e-13;(221, 3);4
6.423909597513229e-12;(221, 3);5
3.3924124176067864e-07;(221, 3);6
1.216397855757379e-12;(221, 3);7
1.7257044320221216e-17;(221, 3);8
1.108286114651526e-18;(221, 3);9
1.0267102027820263e-19;(222, 0);0
3.5432697825152424e-11;(222, 0);1
8.339771730109773e-19;(222, 0);2
2.8088431725221353e-13;(222, 0);3
2.5563274504183758e-39;(222, 0);4
2.5603790060427892e-26;(222, 0);5
3.4117404739021614e-17;(222, 0);6
1.8080054386996042e-36;(222, 0);7
2.4715825190986004e-15;(222, 0);8
1.45049517170139e-20;(222, 0);9
9.473984094493374e-30;(222, 1);0
4.27508524940096e-17;(222, 1);1
6.358529359579578e-59;(222, 1);2
4.193083003948332e-18;(222, 1);3
4.26250682089842e-28;(222, 1);4
3.5428169521390776e-27;(222, 1);5
7.095788571834668e-29;(222, 1);6
5.059969483480583e-52;(222, 1);7
2.6729811674724354e-87;(222, 1);8
3.123582892273661e-26;(222, 1);9
2.277642990681452e-43;(222, 2);0
1.7930808051174514e-59;(222, 2);1
6.409775460452683e-41;(222, 2);2
2.1975029340171914e-21;(222, 2);3
1.4622305279994538e-26;(222, 2);4
1.1379410556868143e-58;(222, 2);5
1.4287418493780782e-32;(222, 2);6
3.132134748452215e-16;(222, 2);7
3.625891099837662e-29;(222, 2);8
4.0842984960328937e-32;(222, 2);9
2.528446099823084e-19;(222, 3);0
1.6439624857937933e-17;(222, 3);1
8.66457982306617e-24;(222, 3);2
1.0239670745639464e-27;(222, 3);3
1.2734134739543448e-16;(222, 3);4
3.1446997959925653e-19;(222, 3);5
2.5925993580735363e-15;(222, 3);6
6.483212304925275e-31;(222, 3);7
1.1328105884381252e-22;(222, 3);8
9.588327376478923e-11;(222, 3);9
8.189690136109209e-13;(223, 0);0
1.0699838207808438e-11;(223, 0);1
4.573220878952697e-08;(223, 0);2
6.448351989707306e-09;(223, 0);3
8.650042278719505e-16;(223, 0);4
2.966849694166577e-12;(223, 0);5
1.2259839062010991e-10;(223, 0);6
1.2937137335423069e-14;(223, 0);7
3.380119421420445e-21;(223, 0);8
1.5267712862400787e-10;(223, 0);9
5.378362228478466e-10;(223, 1);0
5.805785637311162e-17;(223, 1);1
9.700071716892901e-08;(223, 1);2
1.1143489344427264e-13;(223, 1);3
3.454153118696752e-07;(223, 1);4
2.082112191188891e-09;(223, 1);5
3.645237749518786e-12;(223, 1);6
7.882290525422846e-10;(223, 1);7
9.864253390883085e-15;(223, 1);8
1.937536225336387e-14;(223, 1);9
1.8118007000642976e-12;(223, 2);0
8.320660111848805e-14;(223, 2);1
2.330429775792234e-09;(223, 2);2
1.0341684140574483e-12;(223, 2);3
1.1028417546716324e-06;(223, 2);4
4.843655009886519e-22;(223, 2);5
2.432172120278655e-10;(223, 2);6
2.3237375548651415e-07;(223, 2);7
4.368716695111136e-09;(223, 2);8
5.726062250081409e-12;(223, 2);9
2.1422175634017916e-06;(225, 0);0
1.410332461144363e-07;(225, 0);1
6.166538687583578e-10;(225, 0);2
1.083281344553298e-12;(225, 0);3
2.23990496665986e-11;(225, 0);4
2.6882733367480925e-11;(225, 0);5
2.3580351063862344e-14;(225, 0);6
1.1219195488217281e-13;(225, 0);7
7.533742073377355e-10;(225, 0);8
5.376029147384825e-16;(225, 0);9
2.0215275292030305e-20;(225, 1);0
7.758301927865468e-11;(225, 1);1
1.248960277038435e-21;(225, 1);2
1.9766385815741495e-12;(225, 1);3
1.5925770999323828e-12;(225, 1);4
2.56354362490136e-28;(225, 1);5
2.1653309395447056e-17;(225, 1);6
3.101200131341928e-11;(225, 1);7
2.661490170479396e-16;(225, 1);8
6.214636027109265e-33;(225, 1);9
3.4187524585887182e-18;(225, 2);0
4.525656334287939e-18;(225, 2);1
9.249848710032558e-33;(225, 2);2
1.7987827146597123e-28;(225, 2);3
2.225733095691974e-20;(225, 2);4
3.70839310721371e-25;(225, 2);5
8.32871248798724e-23;(225, 2);6
2.3129866595507677e-18;(225, 2);7
4.880590092691065e-19;(225, 2);8
2.4426681995961827e-19;(225, 2);9
2.034135521126275e-12;(225, 3);0
6.684957905398182e-13;(225, 3);1
8.494513747332581e-16;(225, 3);2
2.7531812849592984e-22;(225, 3);3
4.2106066249893846e-13;(225, 3);4
9.13627225339375e-13;(225, 3);5
1.3716146708362346e-12;(225, 3);6
3.0590057691838603e-09;(225, 3);7
2.8333466647633084e-11;(225, 3);8
2.1183612290436553e-18;(225, 3);9
8.979616283594237e-08;(226, 0);0
1.1120589138578506e-07;(226, 0);1
1.1291228521200192e-05;(226, 0);2
4.5332487347846273e-10;(226, 0);3
1.842405847255232e-05;(226, 0);4
3.785281476680837e-08;(226, 0);5
2.352051410431102e-16;(226, 0);6
7.689332429834537e-10;(226, 0);7
7.560103658635711e-10;(226, 0);8
2.5609814293640784e-12;(226, 0);9
3.1441239898016165e-20;(227, 2);0
2.3534528751384313e-08;(227, 2);1
7.560200298657165e-12;(227, 2);2
7.790317687651545e-19;(227, 2);3
0.00011037068503204873;(227, 2);4
3.689668093997945e-10;(227, 2);5
4.970522862754827e-15;(227, 2);6
5.753143533170305e-06;(227, 2);7
5.178130738059292e-21;(227, 2);8
1.4868442946943872e-12;(227, 2);9
1.347062796580325e-11;(227, 3);0
5.264689576866241e-23;(227, 3);1
3.838280523977173e-16;(227, 3);2
1.2239527472932653e-12;(227, 3);3
1.20430899372886e-10;(227, 3);4
1.302896837956568e-23;(227, 3);5
2.0443130149591996e-18;(227, 3);6
8.25027064661191e-10;(227, 3);7
1.581240065223122e-11;(227, 3);8
3.534811878631993e-11;(227, 3);9
7.098752453160616e-08;(228, 0);0
8.701513934142541e-07;(228, 0);1
5.161619304706748e-07;(228, 0);2
1.1345446931537148e-08;(228, 0);3
7.93174201297995e-09;(228, 0);4
1.0774696379644781e-05;(228, 0);5
1.170507706726448e-13;(228, 0);6
4.550349449646005e-12;(228, 0);7
6.793349388183046e-08;(228, 0);8
2.545640900616829e-10;(228, 0);9
1.3997766494396942e-09;(228, 1);0
2.6795962247325305e-18;(228, 1);1
1.2111133131029483e-13;(228, 1);2
1.5953678853839483e-06;(228, 1);3
6.481861458707496e-06;(228, 1);4
5.172146408697052e-16;(228, 1);5
5.846811529302599e-10;(228, 1);6
1.152821801812751e-14;(228, 1);7
8.945318214672029e-09;(228, 1);8
2.6809783541860137e-11;(228, 1);9
1.0513623971079702e-16;(228, 2);0
2.199463314224857e-07;(228, 2);1
6.0495994739532845e-09;(228, 2);2
1.9638540216933142e-14;(228, 2);3
1.0127108479016376e-12;(228, 2);4
1.9162961288345663e-18;(228, 2);5
1.4709645837130789e-13;(228, 2);6
3.994470124677471e-11;(228, 2);7
1.8498974202725163e-13;(228, 2);8
2.7996999221441168e-11;(228, 2);9
5.570733710680217e-12;(223, 3);0
3.787839263239743e-18;(223, 3);1
6.8692336443435485e-15;(223, 3);2
1.9329495339348722e-11;(223, 3);3
2.219109973930845e-15;(223, 3);4
5.852649589941398e-15;(223, 3);5
2.7421683047049106e-20;(223, 3);6
1.891830752526017e-15;(223, 3);7
1.0368255946732692e-20;(223, 3);8
1.1683949214575668e-07;(223, 3);9
1.2449777171475782e-08;(224, 0);0
1.802640860067977e-14;(224, 0);1
7.744345793232071e-13;(224, 0);2
2.2614528254950557e-12;(224, 0);3
8.257468293351838e-09;(224, 0);4
3.6046282006561393e-16;(224, 0);5
5.442319024871425e-12;(224, 0);6
3.208512533580056e-11;(224, 0);7
5.3527570016966556e-21;(224, 0);8
2.1655247247094086e-11;(224, 0);9
5.463522575229746e-11;(224, 1);0
7.819137574049515e-12;(224, 1);1
7.558420711875045e-10;(224, 1);2
3.249576305415862e-11;(224, 1);3
1.585157992017951e-10;(224, 1);4
2.875515830647146e-13;(224, 1);5
1.4132494715400277e-09;(224, 1);6
3.1791215783947493e-07;(224, 1);7
4.8904804559254235e-11;(224, 1);8
8.375567041694503e-20;(224, 1);9
4.757232456093458e-24;(224, 2);0
1.0886529220525944e-17;(224, 2);1
1.7384010964810724e-14;(224, 2);2
1.5773767942321649e-18;(224, 2);3
9.835190774736968e-15;(224, 2);4
1.5860711278703686e-10;(224, 2);5
2.0871006886230715e-15;(224, 2);6
1.1445190245141335e-12;(224, 2);7
3.0510480738218356e-16;(224, 2);8
6.086992872209771e-10;(224, 2);9
9.177795412468865e-09;(224, 3);0
2.044495949643652e-12;(224, 3);1
1.0696588578911194e-10;(224, 3);2
1.1347128139229444e-17;(224, 3);3
4.149587622279151e-12;(224, 3);4
1.5756374373721608e-14;(224, 3);5
1.0415868119295634e-17;(224, 3);6
3.582850015157455e-10;(224, 3);7
2.135334110577433e-10;(224, 3);8
4.479648396225624e-07;(224, 3);9
1.6675472981397788e-09;(231, 1);0
3.3909186758410804e-14;(231, 1);1
9.848958808777285e-18;(231, 1);2
2.206243354946993e-10;(231, 1);3
1.4418286830726585e-11;(231, 1);4
8.800118817954134e-19;(231, 1);5
1.4237652343843202e-14;(231, 1);6
3.931566186144375e-13;(231, 1);7
1.1675767635888157e-08;(231, 1);8
3.696348467526322e-12;(231, 1);9
4.074050046000548e-05;(231, 2);0
8.788729096678106e-10;(231, 2);1
2.205264621568849e-13;(231, 2);2
8.306336122847455e-11;(231, 2);3
4.457565956148224e-16;(231, 2);4
1.1047302977644047e-07;(231, 2);5
6.238229596918578e-15;(231, 2);6
4.838154044758438e-07;(231, 2);7
7.547676367633013e-13;(231, 2);8
2.1137638610215927e-12;(231, 2);9
1.7500219575018414e-05;(231, 3);0
1.3305740101367428e-05;(231, 3);1
7.78728971376119e-14;(231, 3);2
3.967481371883181e-06;(231, 3);3
2.0277909347410283e-06;(231, 3);4
1.037880678128292e-14;(231, 3);5
3.426105223113217e-05;(231, 3);6
1.1937743060566265e-11;(231, 3);7
2.1331374990302646e-15;(231, 3);8
6.648614357126594e-10;(231, 3);9
2.967724552845066e-11;(232, 0);0
2.1357146185679534e-18;(232, 0);1
2.455455226800353e-13;(232, 0);2
8.388067660031629e-11;(232, 0);3
1.8898414030702214e-12;(232, 0);4
1.3767376014567852e-14;(232, 0);5
1.1881687788389516e-11;(232, 0);6
2.0016436570948305e-18;(232, 0);7
2.031077317993325e-11;(232, 0);8
6.607511274889351e-10;(232, 0);9
1.1618602947701295e-09;(232, 1);0
4.086605205580816e-19;(232, 1);1
5.108798445055894e-13;(232, 1);2
3.4425807861256065e-20;(232, 1);3
1.1271095129197842e-12;(232, 1);4
6.311486987859588e-19;(232, 1);5
3.6159540982577544e-13;(232, 1);6
6.0140167665341406e-18;(232, 1);7
3.4120684900286295e-15;(232, 1);8
3.1092394227055344e-20;(232, 1);9
2.2804671529484064e-12;(233, 3);0
3.90461754503998e-10;(233, 3);1
3.551408213479608e-13;(233, 3);2
2.9778691890867585e-10;(233, 3);3
8.067118553072562e-13;(233, 3);4
7.9578872589861e-15;(233, 3);5
2.044572681322587e-18;(233, 3);6
7.067929160919291e-11;(233, 3);7
5.484395943194525e-14;(233, 3);8
7.918988670913389e-26;(233, 3);9
4.434740232110036e-09;(234, 0);0
1.2137485357565903e-08;(234, 0);1
1.2735396560268445e-07;(234, 0);2
3.7580578916464987e-13;(234, 0);3
0.0001139074797018275;(234, 0);4
9.953721367119024e-08;(234, 0);5
2.533034997374063e-08;(234, 0);6
6.934757987625675e-06;(234, 0);7
2.3868874555749845e-18;(234, 0);8
1.476139388523454e-12;(234, 0);9
2.5620945552768526e-23;(234, 1);0
1.1001807729384943e-07;(234, 1);1
1.1363165822114735e-06;(234, 1);2
8.066648207186e-15;(234, 1);3
1.7626264923846266e-08;(234, 1);4
0.00025616323366289844;(234, 1);5
1.9610740764865666e-14;(234, 1);6
1.0814483527921202e-10;(234, 1);7
9.643683811148557e-13;(234, 1);8
1.142719992526183e-10;(234, 1);9
2.8891185178950896e-13;(234, 2);0
3.237457748340396e-13;(234, 2);1
6.2415866488813e-09;(234, 2);2
8.953383133883474e-15;(234, 2);3
4.871871282042165e-16;(234, 2);4
1.6110079692793085e-05;(234, 2);5
2.8776020291838504e-17;(234, 2);6
4.758173604707968e-13;(234, 2);7
2.8158906129028768e-15;(234, 2);8
1.5198920298936082e-10;(234, 2);9
3.96817281955134e-07;(234, 3);0
5.916754631032366e-09;(234, 3);1
3.781664574872597e-09;(234, 3);2
8.040280553566188e-07;(234, 3);3
1.128574779054347e-09;(234, 3);4
0.01352508753279065;(234, 3);5
8.518200903299428e-14;(234, 3);6
3.762069309616427e-10;(234, 3);7
4.1697810585709676e-05;(234, 3);8
5.3117559099321084e-17;(234, 3);9
1.3793388802613264e-17;(226, 1);0
3.2716935689936285e-14;(226, 1);1
2.9974575111507038e-09;(226, 1);2
1.1711006402406388e-10;(226, 1);3
1.411309475171482e-11;(226, 1);4
5.395038178954198e-10;(226, 1);5
2.05271140730016e-17;(226, 1);6
9.407671714555473e-06;(226, 1);7
2.5821388402675286e-10;(226, 1);8
5.301605969159931e-13;(226, 1);9
1.831216984094077e-15;(226, 2);0
2.7770937429281587e-12;(226, 2);1
4.276779142168206e-06;(226, 2);2
1.2499768313196074e-16;(226, 2);3
1.384760012071766e-10;(226, 2);4
1.18712717213287e-09;(226, 2);5
2.939854380498891e-11;(226, 2);6
5.441317053398451e-16;(226, 2);7
1.3882588401661153e-06;(226, 2);8
8.327742773250487e-08;(226, 2);9
3.195169517401119e-16;(226, 3);0
1.9176084464851579e-22;(226, 3);1
2.057702934562211e-17;(226, 3);2
1.7674837322642949e-12;(226, 3);3
5.6771516352061704e-30;(226, 3);4
2.0362888583648106e-17;(226, 3);5
4.811170245313549e-20;(226, 3);6
1.46961174135568e-09;(226, 3);7
2.0204467756763461e-16;(226, 3);8
1.110826058316658e-13;(226, 3);9
6.065587289254464e-24;(227, 0);0
1.2240811850140924e-14;(227, 0);1
1.7183444304472943e-17;(227, 0);2
2.702702412003584e-10;(227, 0);3
2.80628909059426e-10;(227, 0);4
5.220664185384135e-15;(227, 0);5
8.026014369120881e-14;(227, 0);6
3.2920072240406594e-12;(227, 0);7
2.7863979701525547e-05;(227, 0);8
3.646887694862837e-09;(227, 0);9
6.265192674650595e-14;(227, 1);0
2.088974566768428e-16;(227, 1);1
6.328879318237541e-10;(227, 1);2
6.994977789871651e-10;(227, 1);3
3.661081295113798e-15;(227, 1);4
1.7547982188502693e-15;(227, 1);5
8.781236660849425e-19;(227, 1);6
7.785746928550122e-09;(227, 1);7
1.9472014803154594e-18;(227, 1);8
2.320362883087959e-13;(227, 1);9
1.560283077440815e-11;(230, 0);0
6.156667712017324e-13;(230, 0);1
2.4642542266562582e-15;(230, 0);2
1.7833401632444066e-11;(230, 0);3
4.1151507665027546e-24;(230, 0);4
1.9893826444616462e-12;(230, 0);5
1.702315971377678e-13;(230, 0);6
5.92732625057654e-14;(230, 0);7
1.1848198995821592e-12;(230, 0);8
1.5150181470651943e-15;(230, 0);9
4.1445466169575586e-12;(230, 1);0
1.9035182614179296e-09;(230, 1);1
9.34710066675702e-10;(230, 1);2
4.001722723448842e-17;(230, 1);3
4.865075159322993e-09;(230, 1);4
1.7870892430832758e-21;(230, 1);5
3.465371700949308e-14;(230, 1);6
2.8698242665998003e-13;(230, 1);7
2.8423698088808036e-19;(230, 1);8
8.899059445973124e-11;(230, 1);9
5.806723206930689e-10;(230, 2);0
3.6545715762212146e-07;(230, 2);1
2.407404704384515e-10;(230, 2);2
9.482640090299823e-10;(230, 2);3
1.2730209122660405e-06;(230, 2);4
7.92650405989976e-12;(230, 2);5
3.325492491527525e-08;(230, 2);6
7.563434937697106e-14;(230, 2);7
1.5625207435223287e-09;(230, 2);8
7.711005360779e-06;(230, 2);9
5.758818483650464e-14;(230, 3);0
2.079825396651841e-12;(230, 3);1
5.962210099601272e-12;(230, 3);2
1.6421973182354128e-06;(230, 3);3
6.3253441564902844e-21;(230, 3);4
4.9880135963911253e-14;(230, 3);5
3.04307485974476e-09;(230, 3);6
2.0725316746782732e-12;(230, 3);7
4.262981498775476e-18;(230, 3);8
6.064601464214485e-11;(230, 3);9
2.1548595387882935e-18;(231, 0);0
1.0116410375677523e-07;(231, 0);1
1.4239585443425805e-11;(231, 0);2
9.599982853505638e-16;(231, 0);3
3.3561613351153674e-14;(231, 0);4
3.2445010625795628e-12;(231, 0);5
1.7890462659039354e-27;(231, 0);6
6.909953955556066e-10;(231, 0);7
3.2651061501253795e-12;(231, 0);8
3.1842579887165865e-09;(231, 0);9
4.9645131855499824e-11;(232, 2);0
6.698487136908351e-13;(232, 2);1
1.4817043941475485e-11;(232, 2);2
9.047643703846893e-21;(232, 2);3
3.972666715773066e-09;(232, 2);4
3.3554195467201125e-14;(232, 2);5
3.53670841744934e-10;(232, 2);6
7.1899311043475366e-12;(232, 2);7
3.795944459917152e-10;(232, 2);8
1.0662174385073204e-14;(232, 2);9
2.8323137901771585e-20;(232, 3);0
8.164138813639653e-17;(232, 3);1
8.779234952850548e-14;(232, 3);2
3.5637763750962965e-23;(232, 3);3
6.249722086013124e-25;(232, 3);4
6.072382012476064e-10;(232, 3);5
1.618915701657305e-09;(232, 3);6
1.6798092584157535e-14;(232, 3);7
4.3216109975813765e-21;(232, 3);8
2.6173215630678464e-20;(232, 3);9
1.1897965569565204e-11;(233, 0);0
3.312346929367756e-16;(233, 0);1
1.613360129738194e-16;(233, 0);2
3.631661125561451e-14;(233, 0);3
8.398212177515748e-12;(233, 0);4
7.319512470682647e-16;(233, 0);5
4.4673769978091485e-10;(233, 0);6
9.071586582461019e-17;(233, 0);7
4.943534129296235e-17;(233, 0);8
1.2015056470323879e-17;(233, 0);9
1.4981609913501854e-20;(233, 1);0
6.698255804389068e-25;(233, 1);1
1.2113208331095102e-21;(233, 1);2
1.9997123064414586e-11;(233, 1);3
9.670476014734567e-15;(233, 1);4
2.2492039675327925e-29;(233, 1);5
4.4260250810108713e-20;(233, 1);6
1.3197342212496964e-16;(233, 1);7
2.1295343275655706e-22;(233, 1);8
1.4645364749572953e-25;(233, 1);9
3.890067995378485e-16;(233, 2);0
1.5260845116140818e-19;(233, 2);1
1.7292895259624902e-18;(233, 2);2
1.0451596351888095e-23;(233, 2);3
6.34578159366063e-20;(233, 2);4
4.804828847305654e-16;(233, 2);5
3.946057053319108e-12;(233, 2);6
1.7104520410046473e-37;(233, 2);7
4.7434469476174513e-14;(233, 2);8
1.2064466687969758e-18;(233, 2);9
4.463656238460178e-16;(235, 0);0
7.318210103113191e-16;(235, 0);1
8.007361864724412e-19;(235, 0);2
1.3813619882323493e-18;(235, 0);3
1.5004325429264785e-09;(235, 0);4
7.508639180351656e-12;(235, 0);5
1.0773451834398955e-11;(235, 0);6
1.2198136879103974e-10;(235, 0);7
5.62677836158666e-10;(235, 0);8
2.0551297531851892e-12;(235, 0);9
5.52877047089736e-15;(235, 1);0
2.4706472460425268e-19;(235, 1);1
6.848402820960365e-19;(235, 1);2
4.055850536137421e-12;(235, 1);3
8.898344992040778e-12;(235, 1);4
1.6104427447337514e-16;(235, 1);5
4.2799642136883145e-13;(235, 1);6
1.1444566742650237e-18;(235, 1);7
1.154645904389198e-22;(235, 1);8
1.0587608872142296e-12;(235, 1);9
3.923643594869925e-11;(235, 2);0
6.05108389543598e-11;(235, 2);1
5.380886008754055e-09;(235, 2);2
9.659126004491385e-08;(235, 2);3
3.046136121967122e-16;(235, 2);4
7.106883627202038e-11;(235, 2);5
1.0156445476810665e-12;(235, 2);6
3.3952541414216986e-09;(235, 2);7
1.4202744845664144e-12;(235, 2);8
1.1318951265024879e-09;(235, 2);9
2.833409969403321e-13;(235, 3);0
2.957249085785708e-10;(235, 3);1
7.203675160040528e-10;(235, 3);2
4.301614594440079e-12;(235, 3);3
2.1663735344396768e-07;(235, 3);4
2.1062336897757172e-11;(235, 3);5
6.814263720594242e-18;(235, 3);6
5.504740372662592e-13;(235, 3);7
5.7003149425803926e-06;(235, 3);8
1.090087888161052e-09;(235, 3);9
9.368487681686695e-10;(236, 0);0
2.61891269477709e-10;(236, 0);1
2.7520203539766633e-08;(236, 0);2
7.280362187004399e-19;(236, 0);3
6.990359109729402e-08;(236, 0);4
2.859595430841925e-12;(236, 0);5
1.7053744871504528e-11;(236, 0);6
1.7502836458391276e-05;(236, 0);7
6.918973240884584e-10;(236, 0);8
2.9780170474153234e-11;(236, 0);9
6.663272837119692e-15;(236, 1);0
1.0416443084148141e-05;(236, 1);1
3.449091958297532e-13;(236, 1);2
4.819687256592636e-10;(236, 1);3
9.829531115072651e-11;(236, 1);4
1.4802149517219562e-08;(236, 1);5
1.143501242095707e-10;(236, 1);6
4.701806208903747e-05;(236, 1);7
1.824546419567569e-07;(236, 1);8
2.8701174475241437e-13;(236, 1);9
4.378466197742122e-11;(236, 2);0
3.121502840974677e-24;(236, 2);1
1.4058097661827e-13;(236, 2);2
3.238790322515693e-15;(236, 2);3
3.304628744806864e-10;(236, 2);4
1.969178153736737e-07;(236, 2);5
6.749169726657794e-10;(236, 2);6
1.057772609235194e-20;(236, 2);7
2.336806034289841e-09;(236, 2);8
1.0614669975942169e-10;(236, 2);9
1.1840994450356622e-07;(236, 3);0
1.6778295682161213e-07;(236, 3);1
2.818553741545343e-13;(236, 3);2
3.0312224324958407e-06;(236, 3);3
1.853463025121862e-11;(236, 3);4
1.2247785682838528e-07;(236, 3);5
1.2744853294263392e-07;(236, 3);6
4.693711777298806e-09;(236, 3);7
1.335549313182028e-09;(236, 3);8
5.456190820108047e-12;(236, 3);9
9.252867266967787e-14;(237, 0);0
4.319787118207612e-22;(237, 0);1
1.7539607117608183e-13;(237, 0);2
1.559964844065083e-10;(237, 0);3
2.7805952153531963e-13;(237, 0);4
6.769566244404188e-13;(237, 0);5
5.209611413222875e-14;(237, 0);6
5.419311778926883e-19;(237, 0);7
1.0046180270324695e-12;(237, 0);8
1.5867095733634241e-19;(237, 0);9
2.3906034247977936e-21;(237, 1);0
2.6243221671357794e-29;(237, 1);1
1.0357215204174984e-14;(237, 1);2
5.248834387236812e-08;(237, 1);3
3.702676625627642e-11;(237, 1);4
4.383921989866112e-19;(237, 1);5
4.306590032571797e-17;(237, 1);6
7.94421030353933e-10;(237, 1);7
3.950182410218985e-21;(237, 1);8
1.3176573322846168e-19;(237, 1);9
2.1769402995726673e-13;(228, 3);0
3.5832102120868404e-12;(228, 3);1
6.237583606499729e-14;(228, 3);2
6.902230168338962e-12;(228, 3);3
6.721796537325615e-11;(228, 3);4
4.191670954716582e-10;(228, 3);5
3.5297786229665957e-12;(228, 3);6
6.0070215674047866e-09;(228, 3);7
2.839293156309749e-11;(228, 3);8
3.3004885284873233e-11;(228, 3);9
9.679027741704296e-07;(229, 0);0
1.5688167917297327e-18;(229, 0);1
2.8612757500313446e-14;(229, 0);2
9.071000050993166e-08;(229, 0);3
8.567327203090319e-12;(229, 0);4
1.6191063748252884e-18;(229, 0);5
1.1621086206416585e-11;(229, 0);6
3.2615779823379105e-21;(229, 0);7
3.3058764483459534e-12;(229, 0);8
5.821583775139904e-13;(229, 0);9
5.569468022160254e-15;(229, 1);0
7.688316779925086e-28;(229, 1);1
5.117366443285755e-16;(229, 1);2
5.322273592006795e-16;(229, 1);3
1.9256809139492703e-18;(229, 1);4
1.974523595826037e-11;(229, 1);5
2.8928128413634924e-18;(229, 1);6
1.6132953916146051e-12;(229, 1);7
1.2542822391262356e-13;(229, 1);8
1.716424454769854e-21;(229, 1);9
6.075916676848368e-20;(229, 2);0
1.8192366226125413e-17;(229, 2);1
9.920116359558023e-15;(229, 2);2
7.417644634215693e-16;(229, 2);3
5.71211737973818e-16;(229, 2);4
7.853528330541194e-26;(229, 2);5
1.9725469373228867e-19;(229, 2);6
6.199777495090961e-16;(229, 2);7
1.5817211853486655e-22;(229, 2);8
3.652486305237233e-11;(229, 2);9
1.5514094487291352e-15;(229, 3);0
2.5653468240430865e-19;(229, 3);1
7.892691488921084e-13;(229, 3);2
1.41834407028594e-20;(229, 3);3
8.632726068811341e-17;(229, 3);4
6.75914271307676e-17;(229, 3);5
1.4456334912900518e-13;(229, 3);6
1.1472378466648516e-14;(229, 3);7
2.32752517311343e-18;(229, 3);8
1.0994490768590043e-29;(229, 3);9
9.560908824466421e-19;(237, 2);0
5.319924636382874e-13;(237, 2);1
2.870906719427403e-14;(237, 2);2
7.520474778938085e-15;(237, 2);3
1.9901676474006254e-23;(237, 2);4
1.7531551800503166e-13;(237, 2);5
1.1550990064748826e-09;(237, 2);6
1.3697141510333878e-13;(237, 2);7
9.971823796656716e-15;(237, 2);8
3.301837432937778e-13;(237, 2);9
6.99238610728858e-11;(237, 3);0
1.0631671488716437e-17;(237, 3);1
2.5607000093951415e-16;(237, 3);2
1.0330957363175601e-18;(237, 3);3
1.1316431936750147e-13;(237, 3);4
1.04215231934073e-11;(237, 3);5
1.8076035529078923e-06;(237, 3);6
1.8040744825313272e-07;(237, 3);7
1.7189060594300583e-14;(237, 3);8
5.004443262650911e-12;(237, 3);9
0.0006152633857795038;(238, 0);0
1.2839135162880778e-07;(238, 0);1
2.586474811104906e-11;(238, 0);2
4.3179062475764336e-05;(238, 0);3
4.18847956165399e-09;(238, 0);4
9.157107529181118e-21;(238, 0);5
1.0400831385886009e-05;(238, 0);6
0.0007925568791626576;(238, 0);7
1.1057720668227953e-09;(238, 0);8
2.615488002677545e-10;(238, 0);9
4.0734370926579295e-15;(238, 1);0
1.986426749677134e-14;(238, 1);1
1.3580272379790068e-10;(238, 1);2
1.0123168597334028e-18;(238, 1);3
2.905603143914738e-18;(238, 1);4
8.403054078948512e-15;(238, 1);5
4.51938420584678e-20;(238, 1);6
4.771288739892794e-08;(238, 1);7
1.432977681847528e-08;(238, 1);8
1.8524189660517482e-08;(238, 1);9
1.2458304511845336e-06;(238, 2);0
9.040549917819765e-07;(238, 2);1
1.1723173668944524e-09;(238, 2);2
4.3379389007226e-19;(238, 2);3
1.1453369992385771e-10;(238, 2);4
5.034483809875123e-08;(238, 2);5
3.9053625169196855e-12;(238, 2);6
4.3491908536533997e-07;(238, 2);7
8.401589280389964e-16;(238, 2);8
4.106956197369615e-09;(238, 2);9
1.0441110570783832e-11;(241, 1);0
6.436658144070305e-14;(241, 1);1
4.4436940501384797e-17;(241, 1);2
1.395441195180792e-14;(241, 1);3
2.375501984003718e-22;(241, 1);4
5.55781837039198e-20;(241, 1);5
1.3516031329292117e-15;(241, 1);6
4.785551140311245e-17;(241, 1);7
2.2774568262554126e-12;(241, 1);8
6.130590658561691e-16;(241, 1);9
3.946531907844848e-20;(241, 2);0
2.636382433920245e-21;(241, 2);1
5.371900740845174e-12;(241, 2);2
1.5503401525136229e-16;(241, 2);3
2.3451591247343394e-15;(241, 2);4
3.0075667058896566e-11;(241, 2);5
1.9284356148748467e-15;(241, 2);6
9.426976249394337e-21;(241, 2);7
4.883636617587811e-15;(241, 2);8
2.2766751453610976e-14;(241, 2);9
1.3679219695607936e-11;(241, 3);0
6.820013236098692e-19;(241, 3);1
6.34382900734357e-09;(241, 3);2
7.440824988200292e-09;(241, 3);3
1.6483293359215932e-13;(241, 3);4
1.8659067329952538e-11;(241, 3);5
2.7269881753267675e-11;(241, 3);6
4.492569104073597e-08;(241, 3);7
1.754814298493182e-07;(241, 3);8
2.2624566282387967e-12;(241, 3);9
1.416641179297795e-10;(242, 0);0
6.195754070746432e-12;(242, 0);1
3.0052657670563673e-24;(242, 0);2
4.48669619917983e-12;(242, 0);3
3.3795213115628596e-15;(242, 0);4
1.2419450799666032e-13;(242, 0);5
4.82788201967296e-14;(242, 0);6
6.545225958435961e-09;(242, 0);7
2.358933758363713e-19;(242, 0);8
9.358624124261511e-18;(242, 0);9
6.94024047642124e-14;(242, 1);0
1.5973138673772253e-12;(242, 1);1
2.173457054952315e-10;(242, 1);2
2.921939615606231e-10;(242, 1);3
6.283641305364996e-11;(242, 1);4
2.8637294438507645e-11;(242, 1);5
3.013990765626829e-10;(242, 1);6
2.59230163717053e-08;(242, 1);7
5.682378020726825e-05;(242, 1);8
2.5405303715269983e-14;(242, 1);9
9.489097992846878e-18;(247, 2);0
1.1547634851839444e-11;(247, 2);1
3.177680579845673e-17;(247, 2);2
1.4157047470275823e-21;(247, 2);3
7.447539217127162e-28;(247, 2);4
7.189468340954198e-19;(247, 2);5
1.6672783183454796e-08;(247, 2);6
2.9297130761467744e-22;(247, 2);7
6.076434159126481e-20;(247, 2);8
4.4471789248403814e-17;(247, 2);9
7.422206260610997e-10;(247, 3);0
8.18884760681669e-23;(247, 3);1
2.02548846622916e-11;(247, 3);2
1.551504154785664e-18;(247, 3);3
5.328072985839164e-18;(247, 3);4
1.1331804927117115e-19;(247, 3);5
1.1581918257130214e-13;(247, 3);6
2.4316983860547656e-19;(247, 3);7
8.553723082155139e-15;(247, 3);8
2.5284700183665193e-18;(247, 3);9
1.4197079035346318e-15;(248, 0);0
2.9985884476496317e-24;(248, 0);1
2.929379111308606e-22;(248, 0);2
4.1574932019488167e-17;(248, 0);3
1.5644100279452663e-15;(248, 0);4
1.5433693336677803e-13;(248, 0);5
4.6825004038020806e-15;(248, 0);6
4.918494457030367e-10;(248, 0);7
2.993282336098468e-20;(248, 0);8
5.277762653528874e-18;(248, 0);9
1.2855596919891578e-20;(248, 1);0
3.0890007407417773e-22;(248, 1);1
1.973826773698756e-13;(248, 1);2
1.1695481351825266e-15;(248, 1);3
3.35862622456619e-19;(248, 1);4
8.880165565186325e-13;(248, 1);5
1.52200754630986e-19;(248, 1);6
1.0999108956284336e-13;(248, 1);7
1.275333842713388e-10;(248, 1);8
1.5230061345969858e-13;(248, 1);9
4.750302494242171e-21;(248, 2);0
5.210821824702166e-19;(248, 2);1
3.820339559777232e-19;(248, 2);2
6.2297518407339245e-18;(248, 2);3
6.984593938435628e-17;(248, 2);4
2.2284627523525746e-22;(248, 2);5
2.63227686223171e-14;(248, 2);6
5.595220074420024e-12;(248, 2);7
1.0557749101645507e-19;(248, 2);8
8.212991635991566e-21;(248, 2);9
4.241355927541298e-14;(248, 3);0
6.380756615734146e-10;(248, 3);1
2.5028262052548546e-20;(248, 3);2
9.816061879243483e-14;(248, 3);3
5.746101003046644e-17;(248, 3);4
8.619995120840186e-17;(248, 3);5
5.841789300226051e-20;(248, 3);6
3.945607758366692e-22;(248, 3);7
1.180140302814196e-22;(248, 3);8
6.445202210035291e-25;(248, 3);9
9.190215981797099e-17;(249, 0);0
3.4206622874440963e-16;(249, 0);1
7.886264517145117e-16;(249, 0);2
6.185385992314907e-23;(249, 0);3
4.769583481366937e-18;(249, 0);4
1.589913280059927e-21;(249, 0);5
7.1324038417722e-20;(249, 0);6
1.922047329646012e-16;(249, 0);7
3.973203110955063e-20;(249, 0);8
1.297388615866212e-17;(249, 0);9
1.1813888111469493e-31;(249, 1);0
9.049829227817672e-25;(249, 1);1
7.83138008535129e-28;(249, 1);2
4.13840033809676e-23;(249, 1);3
3.8176917305782734e-10;(249, 1);4
8.245514731581693e-21;(249, 1);5
5.288230204250286e-26;(249, 1);6
1.6440497213287137e-14;(249, 1);7
5.779834868091599e-13;(249, 1);8
4.93228870966419e-20;(249, 1);9
5.496332263819833e-18;(249, 2);0
2.172224986844962e-13;(249, 2);1
1.5900074033795233e-09;(249, 2);2
3.5266334179544774e-15;(249, 2);3
6.3947960636374e-20;(249, 2);4
4.242215670912559e-21;(249, 2);5
6.636939554424125e-25;(249, 2);6
3.547818270991222e-22;(249, 2);7
6.688470416952999e-19;(249, 2);8
2.583628071064536e-19;(249, 2);9
1.0667253557895073e-17;(249, 3);0
3.882590930349251e-22;(249, 3);1
1.066519097561123e-17;(249, 3);2
2.0925217901908924e-11;(249, 3);3
3.787205612169553e-17;(249, 3);4
2.3983010402189013e-25;(249, 3);5
1.3157633943145682e-21;(249, 3);6
1.6898048654982864e-15;(249, 3);7
9.6740469668269e-21;(249, 3);8
5.47048889596232e-26;(249, 3);9
2.4366310965576145e-05;(238, 3);0
1.0146281872644127e-11;(238, 3);1
4.723679207636597e-11;(238, 3);2
5.964669839630564e-12;(238, 3);3
0.0001896908069762113;(238, 3);4
2.7435647652813428e-09;(238, 3);5
2.997787975139607e-08;(238, 3);6
7.486005921754648e-13;(238, 3);7
1.7256188265484533e-07;(238, 3);8
1.796576449847145e-10;(238, 3);9
2.7479330107101517e-06;(239, 0);0
0.00014198151642642951;(239, 0);1
5.4361338386283275e-11;(239, 0);2
1.07643256271517e-10;(239, 0);3
1.0261114895802147e-13;(239, 0);4
7.370916419769546e-18;(239, 0);5
9.445182626558216e-10;(239, 0);6
3.4282382809150376e-08;(239, 0);7
0.003928387827687966;(239, 0);8
9.850731588254877e-11;(239, 0);9
9.906016992023714e-15;(239, 1);0
3.529455447479686e-16;(239, 1);1
7.197470207693568e-11;(239, 1);2
1.615820491005201e-11;(239, 1);3
8.749465591866889e-15;(239, 1);4
2.802670977499597e-17;(239, 1);5
2.5950413149054942e-20;(239, 1);6
4.786780592784278e-12;(239, 1);7
5.763721431076838e-17;(239, 1);8
6.000453179741244e-16;(239, 1);9
1.1633876642946932e-06;(239, 2);0
1.9137294339642245e-09;(239, 2);1
6.085527389189879e-06;(239, 2);2
1.1774604310167204e-05;(239, 2);3
4.650539095908111e-09;(239, 2);4
1.4845858293413763e-05;(239, 2);5
0.00020731715331007462;(239, 2);6
1.9050950264068422e-13;(239, 2);7
0.00031511980920656047;(239, 2);8
1.927495477697111e-11;(239, 2);9
1.8720773786395427e-07;(239, 3);0
2.620913055983603e-09;(239, 3);1
8.407098076360108e-09;(239, 3);2
5.709778323599487e-07;(239, 3);3
2.4785334123708585e-10;(239, 3);4
1.3332493809945007e-09;(239, 3);5
2.9922580485923524e-07;(239, 3);6
1.023873313211039e-07;(239, 3);7
0.0036526212239977288;(239, 3);8
1.2845473423074753e-09;(239, 3);9
2.8981716304547426e-34;(243, 3);0
5.978536620937101e-29;(243, 3);1
2.9573913364221927e-24;(243, 3);2
1.278058305998509e-10;(243, 3);3
3.4722722983296857e-23;(243, 3);4
2.8410920607520527e-21;(243, 3);5
1.8847579591522982e-16;(243, 3);6
8.279076370363481e-24;(243, 3);7
3.3244359700184214e-17;(243, 3);8
4.124761956930118e-20;(243, 3);9
7.635861080947609e-11;(244, 0);0
1.3045125364023572e-08;(244, 0);1
9.51259153640256e-13;(244, 0);2
7.39582155666172e-18;(244, 0);3
1.2056340888525613e-11;(244, 0);4
3.688972940336283e-19;(244, 0);5
2.450409628047156e-07;(244, 0);6
5.900522785536924e-11;(244, 0);7
4.646044976126236e-24;(244, 0);8
3.807063146225894e-09;(244, 0);9
6.95957494919484e-11;(244, 1);0
6.355154094984257e-09;(244, 1);1
7.005681459475439e-18;(244, 1);2
1.8113434590733268e-12;(244, 1);3
6.895087799056244e-20;(244, 1);4
1.765440915634728e-07;(244, 1);5
7.594991385268256e-10;(244, 1);6
1.764495238379971e-18;(244, 1);7
5.3817058096572665e-14;(244, 1);8
5.006152935902601e-21;(244, 1);9
2.5391736072179474e-17;(244, 2);0
9.263140485678e-19;(244, 2);1
4.345521262269796e-21;(244, 2);2
1.657233691978819e-17;(244, 2);3
1.0506835669867901e-14;(244, 2);4
1.7923963348612582e-20;(244, 2);5
1.723160978573635e-14;(244, 2);6
1.3659751069819789e-17;(244, 2);7
3.76831608594936e-15;(244, 2);8
1.6516615370315966e-19;(244, 2);9
8.355260060225e-25;(244, 3);0
1.3920297421176198e-08;(244, 3);1
8.381559172092219e-18;(244, 3);2
4.9302958781719935e-15;(244, 3);3
2.2994559457456355e-17;(244, 3);4
3.4464435230292396e-08;(244, 3);5
3.2734340827137243e-13;(244, 3);6
9.204766312665111e-14;(244, 3);7
2.101495328632147e-12;(244, 3);8
2.0691496002818988e-19;(244, 3);9
3.7961729171204377e-13;(245, 0);0
2.028195407572534e-12;(245, 0);1
6.879957998106754e-10;(245, 0);2
4.035437225346801e-07;(245, 0);3
6.558742824246181e-19;(245, 0);4
2.9694966337594918e-05;(245, 0);5
0.0006937440061015468;(245, 0);6
1.7012855772673937e-12;(245, 0);7
1.2021101142685173e-21;(245, 0);8
4.285700539958884e-05;(245, 0);9
5.4381404005082595e-15;(245, 1);0
4.742730673672171e-09;(245, 1);1
3.3911236535039386e-11;(245, 1);2
4.013019556115338e-15;(245, 1);3
5.013095248237687e-09;(245, 1);4
4.655898832483535e-16;(245, 1);5
3.834845505272495e-14;(245, 1);6
2.0039208059907003e-13;(245, 1);7
7.863914639250207e-14;(245, 1);8
2.3881566793539958e-14;(245, 1);9
1.694744949612714e-08;(245, 2);0
1.8035094854395227e-10;(245, 2);1
5.286228691831586e-13;(245, 2);2
2.0330134808395374e-15;(245, 2);3
1.9838061447658958e-15;(245, 2);4
1.777061456643474e-11;(245, 2);5
3.3531004482557715e-11;(245, 2);6
3.4014101045216296e-10;(245, 2);7
5.524873407064604e-09;(245, 2);8
5.530026274644278e-12;(245, 2);9
3.238893341167137e-12;(245, 3);0
7.412130973698343e-11;(245, 3);1
2.449899132008456e-09;(245, 3);2
5.2633832889497057e-17;(245, 3);3
8.227926613134531e-14;(245, 3);4
1.4585423541078756e-08;(245, 3);5
8.783844781022358e-12;(245, 3);6
2.759796776434739e-13;(245, 3);7
1.7014532565959625e-12;(245, 3);8
8.019739235817904e-14;(245, 3);9
1.0256789106313779e-09;(246, 0);0
2.3659888588627812e-09;(246, 0);1
1.81084073534965e-08;(246, 0);2
4.805601553460609e-12;(246, 0);3
4.2106824881797576e-13;(246, 0);4
3.2380520131825483e-12;(246, 0);5
1.0235490344099133e-07;(246, 0);6
5.341983677082933e-09;(246, 0);7
7.061249979591957e-15;(246, 0);8
8.113324732862673e-17;(246, 0);9
3.3028193637057807e-11;(240, 0);0
5.895500023693537e-11;(240, 0);1
5.455027553981775e-13;(240, 0);2
4.409779336104732e-22;(240, 0);3
1.0332406892848714e-10;(240, 0);4
8.373749805209367e-09;(240, 0);5
3.117604840827367e-10;(240, 0);6
4.432340341914981e-12;(240, 0);7
2.1985653406865096e-14;(240, 0);8
4.903459352713772e-14;(240, 0);9
5.361470936741237e-19;(240, 1);0
2.2739168748812177e-07;(240, 1);1
1.7425525282903535e-15;(240, 1);2
3.0644491165490087e-13;(240, 1);3
7.994049346777556e-08;(240, 1);4
2.223206314124932e-17;(240, 1);5
6.5043297735006454e-18;(240, 1);6
2.859102731476762e-12;(240, 1);7
3.5980201162490106e-15;(240, 1);8
3.807441662346071e-09;(240, 1);9
1.0380661621496408e-09;(240, 2);0
3.961462436100002e-14;(240, 2);1
8.413458389940594e-07;(240, 2);2
3.999795699655018e-06;(240, 2);3
2.700625675464971e-10;(240, 2);4
3.6660541414369963e-07;(240, 2);5
8.278728885524773e-09;(240, 2);6
4.2131146963718296e-08;(240, 2);7
5.360566520741942e-08;(240, 2);8
4.5289780263066385e-15;(240, 2);9
4.414564782371366e-14;(240, 3);0
3.207403893963208e-06;(240, 3);1
2.431614708011951e-09;(240, 3);2
2.2843421097606737e-07;(240, 3);3
8.487864321669968e-15;(240, 3);4
4.018222127381085e-12;(240, 3);5
6.476081185327854e-17;(240, 3);6
5.8543883622413775e-12;(240, 3);7
3.044781035268997e-10;(240, 3);8
3.115772837683995e-21;(240, 3);9
3.4658675846527936e-16;(241, 0);0
1.1691718080318225e-15;(241, 0);1
7.267265499805226e-25;(241, 0);2
1.07702652900805e-07;(241, 0);3
6.814585331680839e-21;(241, 0);4
8.156503219169856e-11;(241, 0);5
1.2335805781558601e-18;(241, 0);6
5.48291396392305e-10;(241, 0);7
4.971054675201816e-11;(241, 0);8
6.402780822739811e-15;(241, 0);9
2.334586094982044e-19;(242, 2);0
4.070236601891703e-05;(242, 2);1
1.1357909836703436e-10;(242, 2);2
3.844324113274588e-07;(242, 2);3
1.485562300370801e-12;(242, 2);4
4.50110558140925e-09;(242, 2);5
7.573343809968402e-10;(242, 2);6
6.425639379841249e-08;(242, 2);7
1.4678336975928612e-05;(242, 2);8
1.9402956132815108e-09;(242, 2);9
4.9053488736362713e-05;(242, 3);0
1.5692679185474448e-08;(242, 3);1
5.006999403466137e-11;(242, 3);2
4.815632835660253e-09;(242, 3);3
1.7600442662158487e-11;(242, 3);4
7.719990851951903e-08;(242, 3);5
9.187531576382163e-06;(242, 3);6
1.807821803803946e-13;(242, 3);7
6.270278443879676e-12;(242, 3);8
9.865177612013721e-14;(242, 3);9
3.449409025837616e-11;(243, 0);0
2.8225098524770655e-10;(243, 0);1
1.04349391489481e-11;(243, 0);2
2.482188411342036e-13;(243, 0);3
6.484680012363028e-09;(243, 0);4
4.2442590533707735e-10;(243, 0);5
5.828890388705779e-18;(243, 0);6
6.903671295767554e-14;(243, 0);7
3.61412332638254e-14;(243, 0);8
1.8976839260907254e-08;(243, 0);9
5.109504824831086e-11;(243, 1);0
4.423128100435567e-17;(243, 1);1
1.3122534003454922e-12;(243, 1);2
4.45262929129065e-25;(243, 1);3
1.5696027923720825e-16;(243, 1);4
3.38938698102115e-11;(243, 1);5
4.1939068854162147e-19;(243, 1);6
1.1409454961173648e-17;(243, 1);7
7.604434245852391e-18;(243, 1);8
1.5687234967844207e-16;(243, 1);9
1.0701509044822621e-11;(243, 2);0
1.3808248224057164e-12;(243, 2);1
1.0859750611939049e-09;(243, 2);2
1.677394318995819e-07;(243, 2);3
1.0605034888236782e-15;(243, 2);4
1.2997490724347238e-10;(243, 2);5
6.456126338260251e-13;(243, 2);6
6.6946754110197e-25;(243, 2);7
2.2392636178740428e-13;(243, 2);8
9.93194456706918e-20;(243, 2);9
1.3836874598481656e-07;(246, 1);0
7.309306503490195e-13;(246, 1);1
1.3784734767142485e-10;(246, 1);2
3.7270824035044684e-11;(246, 1);3
6.94207544833123e-12;(246, 1);4
3.510166473443328e-14;(246, 1);5
2.497642592441681e-10;(246, 1);6
5.9761133122763424e-18;(246, 1);7
2.7946233096638017e-14;(246, 1);8
6.5213219009636135e-09;(246, 1);9
8.502715996737748e-14;(246, 2);0
5.618479213285664e-13;(246, 2);1
4.738699628944847e-18;(246, 2);2
1.423174638418868e-17;(246, 2);3
3.494521074051592e-19;(246, 2);4
2.1045109586140626e-12;(246, 2);5
1.090647789525996e-19;(246, 2);6
9.977027684031745e-17;(246, 2);7
9.701411063447224e-23;(246, 2);8
7.102612300695322e-25;(246, 2);9
1.0674035104000383e-16;(246, 3);0
2.220601879434685e-11;(246, 3);1
7.672771181787615e-24;(246, 3);2
4.673507013662365e-23;(246, 3);3
1.878408131429555e-16;(246, 3);4
2.391590855970691e-14;(246, 3);5
2.9342893301829267e-12;(246, 3);6
3.735345022209192e-14;(246, 3);7
5.1058483985174615e-26;(246, 3);8
4.246478210412475e-22;(246, 3);9
1.2433747612241698e-25;(247, 0);0
6.813094376979153e-13;(247, 0);1
1.3918822798853894e-19;(247, 0);2
1.2905414692210553e-22;(247, 0);3
1.6506315667689898e-09;(247, 0);4
1.954115340755556e-13;(247, 0);5
1.2480044475264552e-25;(247, 0);6
1.985544292078185e-14;(247, 0);7
4.0051025586435464e-15;(247, 0);8
7.553182657518202e-23;(247, 0);9
4.876698665902024e-15;(247, 1);0
5.798228018913025e-14;(247, 1);1
1.465193356599494e-17;(247, 1);2
7.629269393198009e-12;(247, 1);3
8.094837282777392e-07;(247, 1);4
6.831817841603412e-13;(247, 1);5
3.419727095491521e-14;(247, 1);6
2.864749569726677e-16;(247, 1);7
1.3248851349553672e-17;(247, 1);8
7.44763386002027e-19;(247, 1);9
