id;confidence_per_choice
('easy', 0);[0.001876596496654829, 0.18552873245883877, 0.0028171050003362335, 0.0029987926630477154]
('easy', 1);[0.0026701794779503104, 0.21211867987714184, 0.014434853878759485, 0.008755181445939455]
('easy', 2);[0.0022136702602290857, 0.009033156733615164, 0.007035029537746223, 0.13274126920281235]
('easy', 3);[0.005398220663971758, 0.00947417231560295, 0.02005682294952279, 0.017700084128641488]
('easy', 4);[0.0011205028318393455, 0.0019665437131568455, 0.24196129611913134, 0.002159825737925939]
('easy', 5);[0.00168659813986529, 0.003921458164080614, 0.20113243370832132, 0.0028690000811017816]
('easy', 6);[0.004007934431459206, 0.0035369897215249005, 0.0062076102823829865, 0.0035369897215249005]
('easy', 7);[0.003364480033990788, 0.004457211870078572, 0.07421925870160477, 0.004187163054479091]
('easy', 8);[0.00193293374637325, 0.11234100404410556, 0.005254258678381671, 0.003186868982499664]
('easy', 9);[0.0020181788562448327, 0.007498444120731996, 0.14148522717370002, 0.026172135388793996]
('easy', 10);[0.005055427009859516, 0.003937170514038923, 0.007829998525403777, 0.0047491341711621005]
('easy', 11);[0.0062681697665636655, 0.006672431984063474, 0.008567572258657716, 0.007102766874541868]
('easy', 12);[0.0022722892664182016, 0.09364750724158602, 0.005986684845294254, 0.0028279096827185215]
('easy', 13);[0.004273106087616558, 0.11020483222697534, 0.010250648622083766, 0.009046165658471975]
('easy', 14);[0.006738547838827417, 0.008652466696620655, 0.004930026915290754, 0.004930026915290754]
('easy', 15);[0.003968784333148907, 0.05478737775545491, 0.0037283278460495525, 0.003090892346497892]
('easy', 16);[0.00196655871675193, 0.006448097789469045, 0.00777789060488212, 0.07379458901721533]
('easy', 17);[0.007836471587719015, 0.005385922905789347, 0.006915661903354218, 0.003701687069543738]
('easy', 18);[0.0011162951455998423, 0.2999948465605504, 0.0045551811362066225, 0.002021349376123766]
('easy', 19);[0.006079181302426896, 0.005710862326711265, 0.010022875521753733, 0.005710862326711265]
('easy', 20);[0.0035578785926344714, 0.008534907054805262, 0.0976768154961701, 0.005510550163134037]
('easy', 21);[0.004158696970353225, 0.03706605378772648, 0.027118104254477565, 0.019840028899980204]
('easy', 22);[0.002856639130984957, 0.11059731419033379, 0.0037844319819173426, 0.0033397495020841363]
('easy', 23);[0.0038676412473832374, 0.0067879217826716885, 0.0059903199481942705, 0.15449240609360146]
('easy', 24);[0.007363776226513049, 0.012923829759155259, 0.0041957532190290215, 0.0107142311887461]
('easy', 25);[0.006673886162723139, 0.0043089847665096935, 0.004047916577123481, 0.006673886162723139]
('easy', 26);[0.004386423043813408, 0.03241152594437941, 0.007698412190442689, 0.005995529442323216]
('easy', 27);[0.0020006016709341722, 0.008422847641537235, 0.0069827859528314795, 0.2789263399274816]
('easy', 28);[0.006724700384671668, 0.004919895901409286, 0.01423619082606518, 0.005934527260282184]
('easy', 29);[0.0012372409415117604, 0.19546549219878756, 0.003810970394215733, 0.0026192390937342784]
('easy', 30);[0.006141746555505545, 0.005769636942731579, 0.005420072311693252, 0.006537855176413502]
('easy', 31);[0.004029628861110367, 0.011660117729026432, 0.027971168344909255, 0.02178396781043742]
('easy', 32);[0.0027923405985818403, 0.004324861723189725, 0.13454250458745506, 0.0028809790040789118]
('easy', 33);[0.005153624826131875, 0.008496890872051872, 0.005153624826131875, 0.005839821999418126]
('easy', 34);[0.0037389029787642507, 0.005790926217163484, 0.013891709831539827, 0.014787648140568897]
('easy', 35);[0.0024589604828212396, 0.02058862895872924, 0.08668136560464958, 0.0233299730553509]
('easy', 36);[0.0026363051578797473, 0.1736216686530181, 0.00762840191243993, 0.003835801371028714]
('easy', 37);[0.005639800912969329, 0.01440173615693215, 0.011939458626448247, 0.011939458626448247]
('easy', 38);[0.0030666618882228477, 0.03976908595259086, 0.016578217538409684, 0.03976908595259086]
('easy', 39);[0.0025953278410158465, 0.0042789722159230666, 0.10367000694119746, 0.010264720732349492]
('easy', 40);[0.003160609365661867, 0.007348636944088125, 0.014614509641064763, 0.2590484434770175]
('easy', 41);[0.004012979170059648, 0.09722558535594951, 0.00798076204015087, 0.014910026418740398]
('easy', 42);[0.006671528452808162, 0.004307462514577345, 0.005195791583330155, 0.009707016621216927]
('easy', 43);[0.006112754573086973, 0.005067651533379502, 0.01215666406185857, 0.004472186781585487]
('easy', 44);[0.002980940358010832, 0.22951974152959762, 0.006930893985506605, 0.00889944403775868]
('easy', 45);[0.004036659907087895, 0.0037920910468538004, 0.007541473552945691, 0.13367578535595398]
('easy', 46);[0.002856502919064005, 0.005861163427998847, 0.0116563153246067, 0.14200300797415316]
('easy', 47);[0.0033604331935763797, 0.008061260165097332, 0.15210483872299843, 0.004593167587760024]
('easy', 48);[0.0030916205153048285, 0.004225744220029923, 0.0797339439846791, 0.0050972205045159615]
('easy', 49);[0.0026891657454039333, 0.08365751417183691, 0.0068670252984474175, 0.0026891657454039333]
('easy', 50);[0.004676375238608931, 0.007242911657339936, 0.005640785270453349, 0.003876851240344621]
('easy', 51);[0.0054776796539230555, 0.003764750498792759, 0.0062070242262385385, 0.0054776796539230555]
('easy', 52);[0.002322856458089195, 0.00461955167466319, 0.005572242968742089, 0.20909682492750625]
('easy', 53);[0.0029833022770560354, 0.01612757973802227, 0.013370233208596696, 0.07227878061029382]
('easy', 54);[0.0037618488229723282, 0.007028058855989216, 0.11702768664446012, 0.006202240171592719]
('easy', 55);[0.0024311159505136628, 0.004266741370559467, 0.00660845831115823, 0.03802905188166346]
('easy', 56);[0.0045536131646384545, 0.007507638883079544, 0.004847295981813053, 0.035816941937737774]
('easy', 57);[0.001845697483406264, 0.005685148486393583, 0.008805330227960362, 0.33041761852192614]
('easy', 58);[0.0025565595608227896, 0.23013415766418946, 0.006528403543427062, 0.006949449397557827]
('easy', 59);[0.004530201457084828, 0.007950751164225056, 0.042981354710307326, 0.0070165132756494775]
('easy', 60);[0.004681272364476214, 0.014419334011433986, 0.047279176041236826, 0.014419334011433986]
('easy', 61);[0.003450287579072491, 0.006861716189335837, 0.012819373531773912, 0.00605544328350345]
('easy', 62);[0.006326884948113151, 0.01043126979122663, 0.009799271103609893, 0.022082998321318065]
('easy', 63);[0.0019234177083028705, 0.36653844796894136, 0.007146363743682888, 0.005924543632621809]
('easy', 64);[0.002252448443582429, 0.16809307127801235, 0.005403342922244532, 0.0032772931472825643]
('easy', 65);[0.003875906707165439, 0.2552592927378341, 0.007708160897145228, 0.006390289831352952]
('easy', 66);[0.00339517973377492, 0.010457889821078545, 0.09922169602813596, 0.018354168232461603]
('easy', 67);[0.0036809542130179294, 0.06524647459742386, 0.009399645873974903, 0.006460275833614748]
('easy', 68);[0.004180958246130567, 0.037264475216204566, 0.05093449858343901, 0.008314828322838919]
('easy', 69);[0.0029140732618920966, 0.02439923669471516, 0.14946344513817308, 0.006990498352763063]
('easy', 70);[0.00462635885090608, 0.004346061937803913, 0.004082747356169443, 0.0028951013915896953]
('easy', 71);[0.0027747698256753144, 0.004574822032887778, 0.08109066081314319, 0.00314422613558049]
('easy', 72);[0.0015863158326214488, 0.015050545572945433, 0.01328205985033264, 0.3022982167459943]
('easy', 73);[0.004054157850359076, 0.002383316450276985, 0.0029660852455394206, 0.0029660852455394206]
('easy', 74);[0.004785576499248291, 0.004223256437668248, 0.00614480185853835, 0.003967382265156658]
('easy', 75);[0.007593362517111845, 0.005913716674471758, 0.006295118631585338, 0.007593362517111845]
('easy', 76);[0.0017529576960258017, 0.22959209511233933, 0.007856211347043831, 0.005399489830739207]
('easy', 77);[0.0020690790693489703, 0.004810752968857712, 0.20455847024137824, 0.006575519683449203]
('easy', 78);[0.0025776025961896337, 0.2979303163599368, 0.0048155956301980845, 0.003750389647753504]
('easy', 79);[0.004535652678878809, 0.0024277599321626563, 0.009601976796535761, 0.0037601881407434696]
('easy', 80);[0.0018144271286118189, 0.012594620599870043, 0.04981267889229246, 0.30513965219314426]
('easy', 81);[0.007823985950313788, 0.006486312173044482, 0.00832858969076021, 0.008865737576414652]
('easy', 82);[0.0029786413823577546, 0.01824639059035603, 0.024939853002250142, 0.03862759997336647]
('easy', 83);[0.0032449086898855817, 0.18859228250808058, 0.004166545232644008, 0.002449385583963904]
('easy', 84);[0.0030388645878809436, 0.11052413957861569, 0.004561876056533395, 0.0028547490899766483]
('easy', 85);[0, 0.052811228177881205, 0.01825107209050829, 0.19621749331413538]
('easy', 86);[0.004833530548855196, 0.0626821778951523, 0.013986284392197701, 0.02612981927522074]
('easy', 87);[0.002408593594322009, 0.01014055779823667, 0.1315047544316632, 0.07492915044561942]
('easy', 88);[0.005525471647497301, 0.004303241645909744, 0.01169742356954465, 0.005881833951668613]
('easy', 89);[0.0037568241902040463, 0.15482941620019475, 0.0037568241902040463, 0.0037568241902040463]
('easy', 90);[0.004769393018378649, 0.009485070602813802, 0.0177204448096661, 0.018863319806814674]
('easy', 91);[0.0029756828913267705, 0.005222486116060135, 0.002626030934669848, 0.09854108383203432]
('easy', 92);[0.002612865971624252, 0.16165225498832086, 0.006267939625776755, 0.0032517642405841774]
('easy', 93);[0, 0.5209268635422514, 0.003509978433791489, 0.0039773266325487475]
('easy', 94);[0.0030366555997203767, 0.12912188176165998, 0.004703264199363924, 0.006843209030755658]
('easy', 95);[0.0016153685586194858, 0.1753989791015607, 0.005296589592410338, 0.0030179057794039706]
('easy', 96);[0.001760020824483926, 0.261210250647981, 0.0039662681541942, 0.0015532129260914505]
('easy', 97);[0.006095040885424366, 0.0025407910535210853, 0.006488137249412041, 0.008868232160039373]
('easy', 98);[0.004452014136779948, 0.035017812030886115, 0.00537015412263381, 0.003928888685971136]
('easy', 99);[0.002766552252971286, 0.030687398847889263, 0.022451380608834955, 0.12137101687026657]
('easy', 100);[0.001550041089874114, 0.0044851926109593125, 0.007394832460875663, 0.379282617191246]
('easy', 101);[0.0018906358548601806, 0.0031171315490563, 0.0036442959931386417, 0.15987834841473392]
('easy', 102);[0.00248414896793334, 0.005959163585709154, 0.09321700230890712, 0.0032909626911301303]
('easy', 103);[0.0029646726566969583, 0.04936623181174211, 0.01248173809768429, 0.03392888185852018]
('easy', 104);[0.002659252028074877, 0.0039920101091513085, 0.004667132655903931, 0.19234577280544263]
('easy', 105);[0.0024720654022860533, 0.1577961290335646, 0.010738162622663439, 0.006118420631561191]
('easy', 106);[0.002044140985620259, 0.0052198968716742535, 0.004327446500516737, 0.25150865611418755]
('easy', 107);[0.0030078736075390866, 0.007680874335397517, 0.015275242589958025, 0.011175606214764669]
('easy', 108);[0.0028091411043442947, 0.006330497200830398, 0.010437225389116699, 0.23755015492378975]
('easy', 109);[0.0028467534330439163, 0.015389403661505688, 0.07341875620303236, 0.011985279622582575]
('easy', 110);[0.0069221415109170705, 0.003944117343277508, 0.0069221415109170705, 0.006502750157998906]
('easy', 111);[0.002422691267642804, 0.008456023404121363, 0.008456023404121363, 0.24712128654110596]
('easy', 112);[0.002239154558149077, 0.0030605614062304064, 0.14746610683778077, 0.002239154558149077]
('easy', 113);[0.004619622163965546, 0.005931712274025787, 0.009779740197859342, 0.008630590432692927]
('easy', 114);[0.002040313913701582, 0.00431934458920132, 0.0048944586395160425, 0.28446306954555345]
('easy', 115);[0.002166083098051331, 0.011709734595677042, 0.014124636081997004, 0.23519625050703669]
('easy', 116);[0.0040453077917403215, 0.004306207728924814, 0.005529280173476657, 0.009704188918098454]
('easy', 117);[0.005867961576080641, 0.006246412582880752, 0.00802055251953701, 0.007078112755508483]
('easy', 118);[0.00311695170418253, 0.01909363947705775, 0.01582918687249146, 0.03148008954090478]
('easy', 119);[0.003397762937815188, 0.16371340601358442, 0.007193064195800683, 0.0052625581856642865]
('easy', 120);[0.0022056320207687937, 0.11312736829221962, 0.009884956920667163, 0.009286057656623204]
('easy', 121);[0.0033094326537161096, 0.2320091961376576, 0.007938916230047546, 0.003991937775333921]
('easy', 122);[0.002692146165108832, 0.020523867310984132, 0.01244835774790517, 0.34175307316265513]
('easy', 123);[0.0035568642130928366, 0.04070615533226502, 0.02978125943541477, 0.019228226269642303]
('easy', 124);[0.0016139503483409265, 0.327400701071478, 0.0032097235317909926, 0.0026609542691635665]
('easy', 125);[0.003647037433022644, 0.009913675581895376, 0.013550387921822811, 0.11345600899378025]
('easy', 126);[0.002467307744914671, 0.004906827361302393, 0.005560163833925784, 0.32315354260069346]
('easy', 127);[0.002708246980928881, 0.005059671473848404, 0.08425109406430861, 0.005385992247856385]
('easy', 128);[0.00758156065691918, 0.009734916581644036, 0.015077733756326107, 0.007122217117622594]
('easy', 129);[0.0053778545087792284, 0.08954929591774699, 0.01877055213572309, 0.027310992205120437]
('easy', 130);[0.0030477456867343163, 0.006061166044966349, 0.005348960260733725, 0.1379515197729821]
('easy', 131);[0.007608675806323229, 0.004335292793388683, 0.006714632831850599, 0.004072630681230451]
('easy', 132);[0.002438441811084206, 0.13736055173613304, 0.0020857098090219244, 0]
('easy', 133);[0.006623219042057435, 0.004552067438690289, 0.005158168176407771, 0.0031285871469453165]
('easy', 134);[0.004820155854079878, 0.007947093484711237, 0.040358661220751525, 0.007013285384807885]
('easy', 135);[0.0023138832484189136, 0.019988901070828204, 0.010699287741696277, 0.17815911470684856]
('easy', 136);[0.0062285877837438865, 0.007057914611940317, 0.012387025908113991, 0.0062285877837438865]
('easy', 137);[0.004032610173903465, 0.008537035805146077, 0.11785014410125004, 0.009673728916377385]
('easy', 138);[0.0030750347194355046, 0.0034844708354551243, 0.1481634347962948, 0.007376624816544879]
('easy', 139);[0.0025914683239557667, 0.021698098620210615, 0.010910489168169599, 0.23327657218740225]
('easy', 140);[0.003444888887206544, 0.010284538496586722, 0.11056920898951375, 0.031678608760532544]
('easy', 141);[0.0035166208846005562, 0.005797927653429238, 0.1404709284717582, 0.0074446864711198565]
('easy', 142);[0.0057331429312787886, 0.010061979200559856, 0.0791435969141642, 0.020010635054311058]
('easy', 143);[0.0024257811640965446, 0.0026641994061658548, 0.09997334515834708, 0.0020110432193695834]
('easy', 144);[0.0016976481467773279, 0.3039137214635587, 0.003171624287359047, 0.004072446197153161]
('easy', 145);[0.0037058144120470514, 0.014656780320550898, 0.010723129552552607, 0.31337578106674424]
('easy', 146);[0.002540741380719639, 0.1387197790999489, 0.012121199211797364, 0.004746729813410229]
('easy', 147);[0.0029300535349433684, 0.05885171249436157, 0.011588586532965671, 0.008478391024918262]
('easy', 148);[0.003539716265978984, 0.008230086896017156, 0.01056764075603475, 0.11361284511384749]
('easy', 149);[0.006098866831762359, 0.0036991497229683225, 0.008336162583819218, 0.005056138191435641]
('easy', 150);[0.003770533597667842, 0.010249372962134804, 0.010910400725575026, 0.29953058402514404]
('easy', 151);[0.004547233921252563, 0.005152691083600341, 0.01024734982713858, 0.0459254247707418]
('easy', 152);[0.006468037190035916, 0.004176078680627493, 0.00536219116801351, 0.006076158627083108]
('easy', 153);[0.006734343085512594, 0.005582966509706782, 0.008123168339724313, 0.006734343085512594]
('easy', 154);[0.002891933516580641, 0.14832787515136828, 0.0034883376870139603, 0.0017000800110838193]
('easy', 155);[0.00511818318536682, 0.0074469125931519616, 0.13199968410907226, 0.0061737073802672895]
('easy', 156);[0.0034867894341350228, 0.0034867894341350228, 0.07935896173413054, 0.008364373028812024]
('easy', 157);[0.0035966229850862494, 0.0038285852384409235, 0.006719376352295198, 0.0029817051817534125]
('easy', 158);[0.0014332365202442653, 0.15083483438606302, 0.002762635699793399, 0.002219840147663271]
('easy', 159);[0.0021249004536832467, 0.0027284261904606017, 0.20361377833823255, 0.0032911102042460275]
('easy', 160);[0.0047434761351791395, 0.005049404061907297, 0.008325059881226187, 0.00734683955901339]
('easy', 161);[0.0012666730690967499, 0.0066368923383644625, 0.010942385569608202, 0.3623620436438484]
('easy', 162);[0.002638594051569536, 0.20960951308763476, 0.0036065304610407305, 0]
('easy', 163);[0.00475470146468357, 0.007839177440652857, 0.006498906360884125, 0.003941785962477678]
('easy', 164);[0.001820723606807402, 0.0036209412586108965, 0.09940814065335805, 0.003854471905858359]
('easy', 165);[0.002096358630472088, 0.006662213949404616, 0.10421456034423984, 0.009106166798263551]
('easy', 166);[0.002093005584849311, 0.003673339198733697, 0.20055750078677362, 0.0047166608952894495]
('easy', 167);[0.0021525228379328707, 0.226533039861759, 0.002851629448509271, 0.0025165541556284496]
('easy', 168);[0.001750700615125815, 0.1575930471396848, 0.0037062332313051705, 0.0029780420647102543]
('easy', 169);[0.004177988783127963, 0.025593284129671368, 0.20130677300104974, 0.054180982927687193]
('easy', 170);[0.006029411195382399, 0.0041439496720085825, 0.021044712903444538, 0.00566410763801604]
('easy', 171);[0.001690076005835715, 0.004054281575325889, 0.2842271493728257, 0.004054281575325889]
('easy', 172);[0.005378321242708277, 0.006094436396271335, 0.006094436396271335, 0.01461979290166918]
('easy', 173);[0.005773544937393751, 0.005423743532928301, 0.00789150027550167, 0.00789150027550167]
('easy', 174);[0.005279785635136344, 0.011898180597808335, 0.008704894881386276, 0.005982780924979199]
('easy', 175);[0.002353222700902145, 0.0038798083216717728, 0.004981772496903165, 0.12848160608525624]
('easy', 176);[0.0032902079668486735, 0.011483954205675112, 0.24553776751993334, 0.009520532428354937]
('easy', 177);[0.0017057429739039398, 0.25315467319571705, 0.0038439511297370405, 0.002190217332829194]
('easy', 178);[0.005548518312403239, 0.005548518312403239, 0.008593713274776465, 0.012503779034490225]
('easy', 179);[0.002674570672502337, 0.004996755846769271, 0.004996755846769271, 0.29040866179536223]
('easy', 180);[0.002243275443334374, 0.005381338038577918, 0.008334779401341856, 0.24357801655232358]
('easy', 181);[0.002792901212880358, 0.005730661200343477, 0.007832885156642034, 0.13884124459850988]
('easy', 182);[0.002448081322182965, 0.0026059690024440732, 0.18849181495281003, 0.0026059690024440732]
('easy', 183);[0.0007309826490904406, 0.00395165486614731, 0.0029828655863605594, 0.58647751245442]
('easy', 184);[0.001018117856583959, 0.3513228372172447, 0.0022237738478565424, 0.0034442483128704236]
('easy', 185);[0.0029147194688929983, 0.16940182882973595, 0.005796611821108503, 0.003302809857299863]
('easy', 186);[0.0037353710435469732, 0.0037353710435469732, 0.00510564686668196, 0.0032964533759343917]
('easy', 187);[0.004777963161688073, 0.004777963161688073, 0.007400254110580225, 0.008385586497705405]
('easy', 188);[0.0019891099971382606, 0.011809889823460196, 0.009197551442497816, 0.20933525603914546]
('easy', 189);[0.002648625666833945, 0.0036202420533953832, 0.11988595179805242, 0.006763502581182052]
('easy', 190);[0.001394528867197103, 0.29186945448572654, 0.003242376759500607, 0.0016303694223559963]
('easy', 191);[0.002712530039884227, 0.004334610661589405, 0.23666177966128343, 0.004911757365827007]
('easy', 192);[0.001988595986558397, 0.1438367326559597, 0.004343492966225535, 0.0025534077902642166]
('easy', 193);[0.0027798022143569676, 0.004172977372583863, 0.10762250490569301, 0.002868042608814209]
('easy', 194);[0.002932503777551058, 0.007488410732084092, 0.15040875025526984, 0.005831980142107404]
('easy', 195);[0.0020462679609440284, 0.0021112234786806326, 0.10828513268348185, 0.005391198018773804]
('easy', 196);[0.0034445570876789344, 0.00800883517765481, 0.18228024846476995, 0.00623728710784738]
('easy', 197);[0.0024446657468953584, 0.004030572416658393, 0.1512461141098302, 0.0037863723788245742]
('easy', 198);[0.001868579876466002, 0.0073903767743284925, 0.003955783629520636, 0.2299078551342954]
('easy', 199);[0.0033448590150646548, 0.0037902218186471417, 0.12551487862311425, 0.0042948839905801416]
('easy', 200);[0.0020118450531306253, 0.23253761560437067, 0.006596585969867195, 0.004826165393244981]
('easy', 201);[0.006041135522437242, 0.015426579984825214, 0.007287000408015421, 0.0039004502480127993]
('easy', 202);[0.005407018281608739, 0.010101640046377649, 0.013807304883469599, 0.010753139855351757]
('easy', 203);[0.003996211525000051, 0.004820351224539808, 0.007947415596144192, 0.011563421460792594]
('easy', 204);[0.0014323128335987068, 0.2997774555935579, 0.0029389151125016, 0.0013041356757292192]
('easy', 205);[0.005712629925438605, 0.007808239325974322, 0.011360921182576849, 0.007808239325974322]
('easy', 206);[0, 0.30494735926386735, 0.0030844994999567467, 0.0022566680416464574]
('easy', 207);[0.0009503990067145869, 0.0031162383721914304, 0.006006706677146968, 0.5407063747259988]
('easy', 208);[0.0021447086812404386, 0.004540348313815356, 0.004540348313815356, 0.14124606225488984]
('easy', 209);[0.0037959734514177853, 0.021844318981575496, 0.01410375236127505, 0.01701237272851255]
('easy', 210);[0.0007839891182601024, 0.41900798654663035, 0.0034054934948283965, 0.002198751856695726]
('easy', 211);[0.002934432704285252, 0.040508593960327244, 0.006612846179842945, 0.009038689057755536]
('easy', 212);[0.005756160931688984, 0.004211297300355724, 0.004211297300355724, 0.00540741277088522]
('easy', 213);[0.0028718730468404612, 0.0029630360832520073, 0.11835803293374829, 0.003057092945077221]
('easy', 214);[0, 0.0030258597967377393, 0.0022137663182946387, 0.34974192307047547]
('easy', 215);[0.004973892095400708, 0.003873671058810742, 0.008729452485251029, 0.0036389771936893188]
('easy', 216);[0.003584268786654115, 0.006290587625814743, 0.007128169637073295, 0.006290587625814743]
('easy', 217);[0.005795006136353605, 0.0045131553168957835, 0.0101705525067209, 0.006168751921543406]
('easy', 218);[0.0032511084189924006, 0.010659974111758758, 0.025571948531026942, 0.008301996185758623]
('easy', 219);[0.002183230131490456, 0.14378302215468539, 0.006724822236082432, 0.011087357462306305]
('easy', 220);[0.005715112023243519, 0.010030333971443333, 0.025613348983629144, 0.03500929719134961]
('easy', 221);[0.001743494474446808, 0.0034673527893420526, 0.1385029213103086, 0.004739309347907511]
('easy', 222);[0.0013605076393614856, 0.003936759387271092, 0.24355867883628307, 0.006909227895962301]
('easy', 223);[0.004863071277140267, 0.04613953563088954, 0.011665901539532808, 0.027985042985037987]
('easy', 224);[0.005312266482328241, 0.0060195865467289975, 0.06471663890896036, 0.0077293021239516245]
('easy', 225);[0.0025882216820236658, 0.18720809248796297, 0.006819055896196511, 0.007727002640151298]
('easy', 226);[0.0017759161057327012, 0.15494440973066356, 0.002280321417665903, 0.002280321417665903]
('easy', 227);[0.0028179151269062956, 0.004945595066395764, 0.13577472199842933, 0.006759826978431672]
('easy', 228);[0.005256609293404609, 0.005595631465525331, 0.005595631465525331, 0.004638941419526967]
('easy', 229);[0.0023966146929900473, 0.05990782895582144, 0.05286847349408015, 0.05990782895582144]
('easy', 230);[0.0032208159339845934, 0.012738574129314163, 0.16519634284578436, 0.0163566529544003]
('easy', 231);[0.0043220662095912014, 0.004897542639450672, 0.04946342844248504, 0.0066941470981176365]
('easy', 232);[0.00419217750796197, 0.003938186312612319, 0.005056731321045993, 0.014632137241344996]
('easy', 233);[0.0024697172243681744, 0.1189976115148169, 0.009767921106294581, 0.009176112683784588]
('easy', 234);[0.00225945353479066, 0.004355210678118387, 0.08747672402752933, 0.003391841486559544]
('easy', 235);[0.0022198824881577675, 0.00455490311849874, 0.005848611374702638, 0.21946757502895106]
('easy', 236);[0.00572512764188199, 0.004188592860515297, 0.006487419531008704, 0.012120095312973856]
('easy', 237);[0.002847420013041279, 0.12107537986314805, 0.003891961708282406, 0.0027598141091526723]
('easy', 238);[0.005304728305513862, 0.002667384904568651, 0.005304728305513862, 0.004131326558315242]
('easy', 239);[0.0016592721321072137, 0.0037392274711570365, 0.23133778435166447, 0.005440543867838017]
('easy', 240);[0.0026773255378858907, 0.008508522962783246, 0.20614266586743127, 0.005493515312998885]
('easy', 241);[0.00278129646896161, 0.020551160536692974, 0.007560347651135651, 0.19498398230273906]
('easy', 242);[0.004599705582154891, 0.004321023508972368, 0.006692532131806783, 0.004321023508972368]
('easy', 243);[0.001831432831339521, 0.00930078335599124, 0.0060050370684208085, 0.2718087645854025]
('easy', 244);[0.0035746218880025344, 0.010343511397071736, 0.023309457197829127, 0.1617997025982383]
('easy', 245);[0.001559874321021179, 0.3475315641571105, 0.01189187334412248, 0.04418368012613099]
('easy', 246);[0.002875219107940513, 0.008856298340609439, 0.1148502517614001, 0.010035500764559887]
('easy', 247);[0.002169645290172851, 0.004593139115339537, 0.003059690274755703, 0.1260985436127393]
('easy', 248);[0.005630911831484495, 0.01734442949811043, 0.008721326853540603, 0.010519928265828178]
('easy', 249);[0.003124028465658642, 0.006613568313697814, 0.15052408512589194, 0.010903930754021964]
('easy', 250);[0.003696034238423875, 0.007824504544144358, 0.12239584426020778, 0.035066996496302294]
('easy', 251);[0.002824842269822084, 0.004375201296362861, 0.06429311371691056, 0.0034074101957024218]
('easy', 252);[0.001224428275718467, 0.005318673985038386, 0.011259632914683664, 0.21245368705753778]
('easy', 253);[0.0027350485745562814, 0.13596523065012747, 0.003099216061321079, 0.0016588908162717192]
('easy', 254);[0.0025018745030325213, 0.008463732347250787, 0.0048224893245830385, 0.16999856803786162]
('easy', 255);[0.005629443312695931, 0.007228348295304413, 0.005992511213157017, 0.005288372584314524]
('easy', 256);[0.0035740696685974244, 0.00971532863379502, 0.020567345975503665, 0.03609681633562136]
('easy', 257);[0.0017802927892175981, 0.1705925692459818, 0.012357681321726465, 0.005483687845355323]
('easy', 258);[0.003309792471060528, 0.024456242244484543, 0.014833460742639184, 0.020274936941951274]
('easy', 259);[0.0012910272662059819, 0.27878426301404097, 0.0024119564710240993, 0.0011754937027046862]
('easy', 260);[0.003337891552133637, 0.01695121200239803, 0.03371151046400203, 0.011650386271761013]
('easy', 261);[0.0025258351236453393, 0.004432978696467645, 0.14680012805665452, 0.003675068419645072]
('easy', 262);[0.0037787266659882026, 0.007059590817973799, 0.008515491993174602, 0.1251342413725619]
('easy', 263);[0.0016497363724012287, 0.2300083517117647, 0.002053130087966424, 0.0016497363724012287]
('easy', 264);[0.0018264034561257753, 0.006374774440572567, 0.27106224209320817, 0.008185372407346554]
('easy', 265);[0.003359316520701038, 0.02642307117934237, 0.11124528485531664, 0.005895784103860024]
('easy', 266);[0.0021829303310441288, 0.004621263547084732, 0.005236577639593179, 0.3448702577987474]
('easy', 267);[0.0026061964123481485, 0.0977967988729096, 0.00457401715044484, 0.0018480699886422394]
('easy', 268);[0.0020796152146796173, 0.15519509499976308, 0.004135808699746777, 0.005310483489033142]
('easy', 269);[0.001705059886944862, 0.005251954192181837, 0.18513772286028896, 0.003842411769512067]
('easy', 270);[0.0021494068834841365, 0.29967301670972796, 0.010254246740587343, 0.01236898260352295]
('easy', 271);[0.0060905638575160514, 0.0053749037392516, 0.009433249838286844, 0.010041642182444138]
('easy', 272);[0.0013397841330086823, 0.42094763629985915, 0.002351394381958404, 0.0026644789064661917]
('easy', 273);[0.006517803104719636, 0.010094970929121394, 0.016643793297941877, 0.010746040616986599]
('easy', 274);[0.0015988840165016278, 0.27742642891006053, 0.003280696988120692, 0.0021181771760365484]
('easy', 275);[0.002165997371628321, 0.30198604747714014, 0.0024543965710074438, 0.0016349805939091578]
('easy', 276);[0.0035909182674965156, 0.13902556476628092, 0.006108357739265756, 0.004331474237452678]
('easy', 277);[0.005218580335149212, 0.005218580335149212, 0.004605380981658059, 0.005555149850184042]
('easy', 278);[0.0059949634085825244, 0.0036361291111606563, 0.004120274077462952, 0.004668882197088489]
('easy', 279);[0.009276007253673904, 0.005626182799070006, 0.007690080113748273, 0.007690080113748273]
('easy', 280);[0.005076459870698023, 0.005076459870698023, 0.006938697958116283, 0.0073862055285194485]
('easy', 281);[0.005734602953315648, 0.003069511768780954, 0.003702537946457286, 0.004754152829501991]
('easy', 282);[0.0010312244069665218, 0.006724427830298376, 0.28592994717562153, 0.014235613828452395]
('easy', 283);[0.001965708381105739, 0.008809693767073521, 0.009377870199812966, 0.20050770594468964]
('easy', 284);[0.0025325755603375134, 0.0036848756971629626, 0.10768785307246637, 0.00830399557011326]
('easy', 285);[0.005081744466154964, 0.0311294662949504, 0.010758053119271426, 0.009493948555597579]
('easy', 286);[0.0034120699979468803, 0.056816066386297756, 0.004964532553089055, 0.0024963237375578737]
('easy', 287);[0.003751566550318944, 0.004970018187219565, 0.030445059698447265, 0.025239840994753383]
('easy', 288);[0.002100757576301738, 0.20769032527304243, 0.005891720323379042, 0.00357350901458142]
('easy', 290);[0.0022711605273979113, 0.1804206709095542, 0.006995666923088608, 0.00234325490151498]
('easy', 291);[0.0021927806884945193, 0.01894273007598816, 0.17972361898041936, 0.01779505232140357]
('easy', 292);[0.005192524726955038, 0.005527413799637609, 0.006263380396519585, 0.006667333726189844]
('easy', 293);[0.0054314249348092, 0.006974087665126572, 0.00790267664929061, 0.008954905820230985]
('easy', 294);[0.003092680646495076, 0.004790037489290972, 0.021467458662264936, 0.0583546027848305]
('easy', 295);[0.001708459322232126, 0.002060795314381657, 0.19747104840400423, 0.0026461135622570524]
('easy', 296);[0.0035534025747295693, 0.2340197182382138, 0.004286221674009203, 0.006236415736833846]
('easy', 297);[0.0018812607734697297, 0.3585049310719485, 0.006168416600781916, 0.004512909990985968]
('easy', 298);[0.0023174420649823145, 0.008088667590836847, 0.07674314136997454, 0.00490602489006647]
('easy', 299);[0.0029794667066016683, 0.0176899083450676, 0.0241792321371465, 0.03518057517160866]
('easy', 300);[0.0025768996487480975, 0.017887228915471176, 0.0378672639112072, 0.014829033614484028]
('easy', 301);[0.0020583381556445774, 0.2379114863126642, 0.006749030984090275, 0.002191089561262859]
('easy', 302);[0.0038874787462707485, 0.010567262834508527, 0.08311794073445976, 0.007731174644913429]
('easy', 303);[0.0014634278914246004, 0.0072032445367066315, 0.18577410296232774, 0.0063568409922030115]
('easy', 304);[0.004889191620207887, 0.01706495553927405, 0.010350418741202646, 0.013290200737065336]
('easy', 305);[0.005060513555053518, 0.0023904173430998074, 0.0034780367115646712, 0.0064978280261815576]
('easy', 306);[0.004021739325050581, 0.013186775574395737, 0.00663072717042207, 0.03163343013250672]
('easy', 307);[0.0017818818080940304, 0.3614667290082364, 0.005156045972894331, 0.0019570143116145145]
('easy', 308);[0.004371039105323792, 0.004106211233609699, 0.13597904083884468, 0.005974502091510925]
('easy', 309);[0.014589770665751877, 0.013705821146860175, 0.03725628456761972, 0.014589770665751877]
('easy', 310);[0.0037483372123028598, 0.014824961258036047, 0.033408565914072326, 0.02601861729517217]
('easy', 311);[0.0031609228571735154, 0.006691673741147715, 0.05964225305650431, 0.0035817948458697416]
('easy', 312);[0.004044320288317485, 0.02477446532846127, 0.010993602348201665, 0.010327533653277546]
('easy', 313);[0.0040786261032707905, 0.002473811781138, 0.0040786261032707905, 0.0040786261032707905]
('easy', 314);[0.0013597546599759024, 0.008866714185728835, 0.009438568119516726, 0.24342382209714936]
('easy', 315);[0.0048182025849413, 0.007010443394980816, 0.1030177382318299, 0.006186694581815206]
('easy', 316);[0.004701979312884787, 0.07829498484750011, 0.00775225330754512, 0.013605628269342942]
('easy', 317);[0.003421137917900586, 0.0687153919693096, 0.005298762063050521, 0.004126680044012798]
('easy', 318);[0.0011366995246268065, 0.36847718269528656, 0.0019949697942608347, 0.0012100103454198005]
('easy', 319);[0.005756685203084244, 0.0044833109440575785, 0.005407905278282385, 0.0037167953184805923]
('easy', 320);[0.005837341408492923, 0.004270690205950826, 0.010905589488568618, 0.0074952947343887326]
('easy', 321);[0.007737071624385199, 0.006414257666062659, 0.004692771156582251, 0.006827941743595102]
('easy', 322);[0.0016960218278155273, 0.0026268499940655314, 0.1729989296459728, 0.0027962672630911702]
('easy', 323);[0.0011791967068593254, 0.2046054416632677, 0.0024963594480108034, 0.0014223827378313232]
('easy', 324);[0.005044499464203537, 0.0053698417276587754, 0.006477265526505034, 0.017607033178802845]
('easy', 325);[0.0018112581263744912, 0.012185804409293958, 0.24475842440161688, 0.007391063987498181]
('easy', 326);[0.0028405417971944253, 0.004985306109456452, 0.0269503102039158, 0.11346504406034671]
('easy', 327);[0.004559986136743953, 0.007518146137747458, 0.08082766899095166, 0.015915915498507884]
('easy', 328);[0.005749475857431177, 0.005749475857431177, 0.0073824731335741765, 0.010090644378665393]
('easy', 329);[0.005156938519872692, 0.009050708964960517, 0.014922096385446745, 0.007503301272128661]
('easy', 330);[0.0025152069314964324, 0.010263614612291574, 0.06287226189562983, 0.03365309671647491]
('easy', 331);[0.0019628881272436872, 0.188089268869781, 0.0112956412697364, 0.006046121082077167]
('easy', 332);[0.003004434770910402, 0.020854910875161118, 0.015257778736557162, 0.005975032003825406]
('easy', 333);[0.00208755152250363, 0.0032332630480134367, 0.2734153581311615, 0.006844817926357593]
('easy', 334);[0.00341005799021528, 0.012280090557475493, 0.01307208835344219, 0.10945125573911378]
('easy', 335);[0.0022707176343309664, 0.013067077774974381, 0.159189596077668, 0.008980862459867685]
('easy', 336);[0.004928094919888234, 0.007170335798860954, 0.018310093906742545, 0.004928094919888234]
('easy', 337);[0.0028510461698933757, 0.014478807145065874, 0.1462307894489571, 0.008249775633849906]
('easy', 338);[0.0030504950755483222, 0.017554387124892677, 0.012843063977151188, 0.2138561896392099]
('easy', 339);[0.0027934912444682928, 0.14327880165790466, 0.004326643878401662, 0.002882166175386625]
('easy', 340);[0.006562385866820439, 0.014788564837996166, 0.00842627024710986, 0.008969717987392867]
('easy', 341);[0.006519671238747784, 0.005404997297885194, 0.007864224664457534, 0.009486065678511239]
('easy', 342);[0.0024987782340213727, 0.006380853756434075, 0.030441350745102663, 0.21130483083713372]
('easy', 343);[0.004749666373435861, 0.008873545001323313, 0.010703538400194515, 0.08418987097702227]
('easy', 344);[0.009574042389695054, 0.012293313768814292, 0.01393014948019703, 0.0190402522962053]
('easy', 345);[0.002475702230915063, 0.1310100250039812, 0.0018687580866272235, 0.0030810612072151764]
('easy', 346);[0.0027019226778372423, 0.004742021978484893, 0.007818272502055548, 0.13018592519210964]
('easy', 347);[0.0029992288251739422, 0.0029069522551580258, 0.20379308651998757, 0.003294008451071439]
('easy', 348);[0.0038988306292282696, 0.0419163795051115, 0.0047028874423441745, 0.0030364123471057543]
('easy', 349);[0.003403060189674897, 0.02219073466178223, 0.05000759251414419, 0.015251457657768568]
('easy', 350);[0.00251412535570862, 0.003658030807829974, 0.17625381576430701, 0.003658030807829974]
('easy', 351);[0.00639159413507501, 0.004392874123420311, 0.006004347022691464, 0.006004347022691464]
('easy', 352);[0.006372701682222402, 0.004963065060395266, 0.003631055965664185, 0.003631055965664185]
('easy', 353);[0.003702354338212045, 0.07436375703317866, 0.012139552519177421, 0.020014733683264205]
('easy', 354);[0.002844979814557076, 0.003653026391854863, 0.004139421204942628, 0.01974807409656011]
('easy', 355);[0.002723927091104784, 0.002899605294977286, 0.002899605294977286, 0.15831304718729305]
('easy', 356);[0.0025675779622290444, 0.09051022149069197, 0.021498061944980495, 0.010154967832695943]
('easy', 357);[0.004543087873567973, 0.016879619192379406, 0.19317705806246882, 0.009617717103816238]
('easy', 358);[0.004209446236289854, 0.05128155335150712, 0.002717822759537981, 0.0037148232651221798]
('easy', 359);[0.005172749616551725, 0.013209078890025533, 0.031686933005344586, 0.014060991285841049]
('easy', 360);[0.0031845387415317034, 0.007176468835269866, 0.0724797676785332, 0.004089028684553501]
('easy', 361);[0.0020179026827962946, 0.002148046224472138, 0.004994357105392987, 0.1371134514887074]
('easy', 362);[0.00504416031352964, 0.007812548324762556, 0.010031510618096358, 0.03501342078642534]
('easy', 363);[0.001672071475712305, 0.0029345768302193598, 0.14139579631111965, 0.002671962610180504]
('easy', 364);[0.002181404901511509, 0.001986191765191422, 0.004915871830553589, 0.16279129803355008]
('easy', 365);[0.0073765755724258435, 0.003484447574180373, 0.005744882832190643, 0.009471710523112709]
('easy', 366);[0.002062463569697551, 0.006977224320691108, 0.006977224320691108, 0.08499999314929282]
('easy', 367);[0.003799562688513809, 0.009114677061354982, 0.006264419823911283, 0.043483692299525166]
('easy', 368);[0.004499259509511151, 0.010793162478512823, 0.01148926165257705, 0.009524932456379842]
('easy', 369);[0.002100556240376515, 0.00444687759577294, 0.005038972468627635, 0.07882279140130102]
('easy', 370);[0.004769131489810817, 0.03751212487491858, 0.04816652177335993, 0.02007879354733167]
('easy', 371);[0.0038552567927294403, 0.004650327362675963, 0.05322017840157266, 0.004950247709722666]
('easy', 372);[0.0017713162041235588, 0.004384049709326486, 0.12035827123669798, 0.004967779146291377]
('easy', 373);[0.0030763473297876617, 0.004915989035468463, 0.0063122548696997625, 0.08185856666526581]
('easy', 374);[0.009016089947087177, 0.005821225188478166, 0.007474601098268855, 0.004533574735221782]
('easy', 375);[0.0042397190808531075, 0.007440938717054682, 0.012268033936784177, 0.07999764933676458]
('easy', 376);[0.0039816246097128674, 0.004511771767188942, 0.1318532984804935, 0.003300882739115639]
('easy', 377);[0.0077213931502920045, 0.0077213931502920045, 0.015355823875361762, 0.0077213931502920045]
('easy', 378);[0.0021281138115232657, 0.005434328994663925, 0.007427847054727507, 0.2967042390403154]
('easy', 379);[0.003905614830129682, 0.0056826360466442115, 0.004425641403036305, 0.14655715021059174]
('easy', 380);[0.0019084013225129136, 0.004578016783550364, 0.14241789372100183, 0.00587828990810173]
('easy', 381);[0.0026377134727577143, 0.007632477006658933, 0.049770002000501516, 0.0067356373174246535]
('easy', 382);[0.005289817711563724, 0.005289817711563724, 0.006792260391292806, 0.0034153630105432826]
('easy', 383);[0.0035431358498766237, 0.10354560755226148, 0.014917159107861865, 0.043164231093073935]
('easy', 384);[0.005452220143147545, 0.003520217901183683, 0.0037472524499934873, 0.0031065813942174458]
('easy', 385);[0.0016483807354293525, 0.17347674447473557, 0.004622998097996945, 0.002984831909650675]
('easy', 386);[0.004073032691269957, 0.02827245064212637, 0.07219623191333832, 0.01178571087593774]
('easy', 387);[0.0017732455429767893, 0.005293933316216183, 0.006797544932271602, 0.23962177578886393]
('easy', 388);[0.002394897687546548, 0.002630280542789948, 0.10840134652688663, 0.002180579158956215]
('easy', 389);[0.0049774675869234805, 0.0345504731586626, 0.022307462082276946, 0.03245716581163402]
('easy', 390);[0.0071628211768159965, 0.006321167502307464, 0.004081252483168693, 0.0049229302007225695]
('easy', 391);[0.003155615784311169, 0.10449964290544768, 0.005538278177832742, 0.010346865816871116]
('easy', 392);[0.0012987738549038693, 0.3278875226584427, 0.0032144961626935854, 0.002351775631815634]
('easy', 393);[0.003126830268683308, 0.003126830268683308, 0.21920777758734872, 0.003126830268683308]
('easy', 394);[0.003954625632567571, 0.01218110450459776, 0.03311167502540871, 0.014693216724803988]
('easy', 395);[0.0010331473715885467, 0.004215886306172849, 0.37950194593067316, 0.045325049268663035]
('easy', 396);[0.00391487418049614, 0.15156785758790026, 0.004299648138613688, 0.008032800253346002]
('easy', 397);[0.004065736662042948, 0.005557203128501605, 0.00860716458108768, 0.006297136128439722]
('easy', 398);[0.0033823818478971195, 0.015158783759430387, 0.04669235227722545, 0.016136441315847686]
('easy', 399);[0.004168405258414702, 0.012061680549413022, 0.10099123885295858, 0.028934474372225835]
('easy', 400);[0.004576305656100113, 0.003564030428544867, 0.004871452013233029, 0.003348096740839758]
('easy', 401);[0.00771201382310637, 0.05698448918849904, 0.00771201382310637, 0.00990242176271578]
('easy', 402);[0.002058516794961265, 0.0028136588578965374, 0.007648317744902988, 0.19725271443574754]
('easy', 403);[0.0017548394248573097, 0.14839495837234964, 0.0042096409411696315, 0.0025532762972009277]
('easy', 404);[0, 0.6093280649488791, 0.0014188642924511656, 0.0018218578143379654]
('easy', 405);[0.0011977663529653257, 0.2753267157502125, 0.004180615354757279, 0.005042784702102053]
('easy', 406);[0.0032550996583692116, 0.004736142056653843, 0.1568394473532199, 0.0060813267777872874]
('easy', 407);[0.005993774340053615, 0.004385138983562568, 0.004385138983562568, 0.00496901345570696]
('easy', 408);[0.002923091396221461, 0.00529303472598191, 0.16466150350588388, 0.0081980125553234]
('easy', 409);[0.0038505865896445706, 0.004098928088260062, 0.004098928088260062, 0.12751394562384974]
('easy', 410);[0.00606261131184488, 0.003677159638554549, 0.005350235704277437, 0.0034543717985086224]
('easy', 411);[0.0017938665574805254, 0.004303262165413841, 0.250103166166118, 0.006665022824758886]
('easy', 412);[0.0035606433115482304, 0.004034737460403619, 0.010303063044938268, 0.0066521574726580626]
('easy', 413);[0.005628302588992584, 0.00637770237210896, 0.016286033544080362, 0.00987797866959314]
('easy', 414);[0.006150811438495313, 0.006969782466636705, 0.01671963896353985, 0.012232349176070986]
('easy', 415);[0.006637275280154422, 0.006637275280154422, 0.010280013054278522, 0.009657178549082301]
('easy', 416);[0.003632812052496928, 0.004116515357569416, 0.005989494503407475, 0.00678698643118844]
('easy', 417);[0.003259445479414049, 0.00886009141754419, 0.00886009141754419, 0.12230981842975479]
('easy', 418);[0, 0.48239595519010997, 0.002233936332717559, 0.001354950877639202]
('easy', 419);[0.004922700157364978, 0.004081061770526806, 0.004922700157364978, 0.009196814668648086]
('easy', 420);[0.002652532364228229, 0.008429730419851369, 0.08513726129774457, 0.005442643023761412]
('easy', 421);[0.002474990487634481, 0.004481628803826736, 0.11558273023337486, 0.003177950692183061]
('easy', 422);[0.003917811691534698, 0.014556436340426878, 0.042120455198551524, 0.018690838693747876]
('easy', 423);[0.007459618118165837, 0.006184240630465561, 0.01309203751743237, 0.007940722152430803]
('easy', 424);[0.004618864460329465, 0.028293981819900855, 0.00977813613924917, 0.01179468359411883]
('easy', 425);[0.0032082117386711003, 0.0038698420457325597, 0.11309336213304308, 0.005993728611358885]
('easy', 426);[0, 0.3671769911230327, 0.0025525532063842265, 0.0012057407587877408]
('easy', 427);[0.0029676385970919972, 0.1261872041335001, 0.0033627750855562033, 0.005208367940001437]
('easy', 428);[0.00498009805492831, 0.004394921108041802, 0.006806986972241839, 0.005643190407063126]
('easy', 429);[0.002888019860088145, 0.0042020441016751104, 0.0034836169161668695, 0.09563806013060515]
('easy', 430);[0.0041702581603928176, 0.03280161344061511, 0.06944101619870471, 0.012067042099061846]
('easy', 431);[0.0014232850897075283, 0.27983989699332784, 0.006182468610077268, 0.004814911394842557]
('easy', 432);[0.002130427715137346, 0.0036239796208945864, 0.2106235981848271, 0.003857706225673532]
('easy', 433);[0.003372881041682064, 0.04956412509448383, 0.0437401868751974, 0.011059251169948988]
('easy', 434);[0.002150220821710155, 0.01317169942001684, 0.1818297018001994, 0.007505008102043855]
('easy', 435);[0.00555314234538883, 0.004603716701727941, 0.004062765729651878, 0.0026231187065714747]
('easy', 436);[0.0024768782949559738, 0.017192943108655136, 0.008121371267707811, 0.15323903388871263]
('easy', 437);[0.001930290291998056, 0.005762782332796723, 0.014715780214140993, 0.190837095991016]
('easy', 438);[0.003029909677443265, 0.003126089335019821, 0.004548433143783362, 0.1035218611924293]
('easy', 439);[0.0020365736366753026, 0.266738475717319, 0.0045894895369691085, 0.0045894895369691085]
('easy', 440);[0.0014998246555983968, 0.2770224205224542, 0.004477649327360381, 0.002050017244379811]
('easy', 441);[0.002746404039880909, 0.005461876620723342, 0.15961947039835425, 0.007465500195214785]
('easy', 442);[0.00351841054466647, 0.003305240826000358, 0.0065732562766600364, 0.0058008783040472325]
('easy', 443);[0.0038647947964077405, 0.02224035317510697, 0.05679273141154951, 0.0323595229278573]
('easy', 444);[0.0029072974252193073, 0.002565680972648208, 0.12362143221632156, 0.0026471244292756743]
('easy', 445);[0.0029016495565080663, 0.011476246619017867, 0.19109668555822273, 0.013004291103353494]
('easy', 446);[0.0037504021660503886, 0.003523176785591689, 0.11667161940192, 0.0039922823244741765]
('easy', 447);[0.0030789125691409397, 0.006317518399094797, 0.16293098579154563, 0.00863502384194631]
('easy', 448);[0.0038626023939472166, 0.009863500753872236, 0.22449218888993883, 0.009265901453258145]
('easy', 449);[0.0053624161792302505, 0.007329553890136131, 0.019923793150268352, 0.011352235140514515]
('easy', 450);[0.0040261352102145195, 0.011291575434635366, 0.010607453463040213, 0.14643134334383595]
('easy', 451);[0.0024278930651197685, 0.005471341481881102, 0.23264735980141135, 0.004002918939448294]
('easy', 452);[0.005083979115095752, 0.00541186759727355, 0.00787422089108345, 0.00739714596456256]
('easy', 453);[0.002642240256929741, 0.10554391682131425, 0.004936354678573666, 0.0024821550124514333]
('easy', 454);[0.005718290464042458, 0.004740629300904511, 0.00689757493270355, 0.003930119728949035]
('easy', 455);[0.0019200546854782597, 0.2437403570913941, 0.004193785000831941, 0.003701002273339923]
('easy', 456);[0.0030234728345658944, 0.009312951967275827, 0.03250539631216158, 0.017398884864623525]
('easy', 457);[0.002811063948739097, 0.006743391856391813, 0.1534788912260201, 0.004353861015205221]
('easy', 458);[0.0033027626105638056, 0.012271251778663578, 0.01575659917837869, 0.16939938534048757]
('easy', 459);[0.004710893287358643, 0.08350258150937862, 0.003905467707860903, 0.0050147198009466145]
('easy', 460);[0.0028787832025055997, 0.006693371482661177, 0.005906879601296549, 0.11145464153310435]
('easy', 461);[0.004501356067428657, 0.0037317552511963743, 0.004228632690117177, 0.0024094022789244874]
('easy', 462);[0.004736458238800123, 0.006473970827577225, 0.09513432952234527, 0.00780909944609263]
('easy', 463);[0.004253488650720706, 0.02029225944511588, 0.005813829670157199, 0.009585384641415685]
('easy', 464);[0.0034161154936861804, 0.015309967471065878, 0.050199462697355444, 0.009884857937352646]
('easy', 465);[0.0050554511160714796, 0.005381499700388198, 0.003937189287975676, 0.0023880260162494]
('easy', 466);[0.0019333863514203198, 0.13554083123405272, 0.003089542592566327, 0.0018162483939895336]
('easy', 467);[0.002306247484040045, 0.002532917341593491, 0.14721170751415538, 0.0036853729859560873]
('easy', 468);[0.006882898516396304, 0.00646588477632218, 0.009407806837459301, 0.015510851243557253]
('easy', 469);[0.005205644205369188, 0.012487691273443133, 0.011020348869246245, 0.015063030959457513]
('easy', 470);[0.004312435962376899, 0.1260278523529055, 0.00857630298355311, 0.006679231479448788]
('easy', 471);[0.0020458884346070474, 0.007140852289483339, 0.01609215904470179, 0.1841649858900632]
('easy', 472);[0.0020561074521964007, 0.17387118834262225, 0.0026400942280612543, 0.003608580959188068]
('easy', 473);[0.0013521555452668808, 0.00356245537527439, 0.2204012570726629, 0.0042971414358683405]
('easy', 474);[0.0024352463725598357, 0.0044096615086831594, 0.002759495659902778, 0.272816064555688]
('easy', 475);[0.001967886049995715, 0.009686274616984208, 0.1256135504480015, 0.004434699670936935]
('easy', 476);[0.002952596337891711, 0.0051819679529407706, 0.1179410188676159, 0.006653778560037296]
('easy', 477);[0.006698604638804809, 0.004603879151110018, 0.006698604638804809, 0.006698604638804809]
('easy', 478);[0.002228818477353169, 0.0036747004321416423, 0.1143165796718933, 0.0041639811101653]
('easy', 479);[0.002329488392975886, 0.0028098993652825826, 0.006332205968232614, 0.2096939125284706]
('easy', 480);[0.0029893342861521534, 0.005085028915124897, 0.14860634576665108, 0.003720286627950961]
('easy', 481);[0.0030600083476227335, 0.01173021092226931, 0.015061888967301948, 0.028139313174454856]
('easy', 482);[0.0037101285721174992, 0.005746359544323776, 0.14820060126828938, 0.004763899385778267]
('easy', 483);[0.0024115781143586464, 0.0035088254520729816, 0.2039309045384974, 0.0019377574531016717]
('easy', 484);[0.0018964352290968018, 0.00823773912881008, 0.1460174546733885, 0.005661709784708051]
('easy', 485);[0.003153132477702341, 0.004048702243553399, 0.11832042331132712, 0.0062707527049634965]
('easy', 486);[0.006653861052539013, 0.006653861052539013, 0.011677889827025348, 0.009681310705506693]
('easy', 487);[0.008171193068611743, 0.004373724474609594, 0.004956079122544379, 0.007676125507424802]
('easy', 488);[0.0075427718404741054, 0.0042977418455661985, 0.0051840662183243015, 0.005874316615890175]
('easy', 489);[0.009634663842081784, 0.004275356163459234, 0.004551092945902673, 0.008502560998080971]
('easy', 490);[0.004906275209573696, 0.006706083106285747, 0.005918097569772054, 0.007598987698025272]
('easy', 491);[0.001977392956920754, 0.018760977546973846, 0.2934710655548315, 0.010689685330047464]
('easy', 492);[0.001302343463087581, 0.272575343859414, 0.005657122131261026, 0.0017253247705285963]
('easy', 493);[0.0014075514229879545, 0.16785522530880376, 0.00394757558824012, 0.0024703296798261045]
('easy', 494);[0.0012315291708759055, 0.3523083353166278, 0.002449188207004526, 0]
('easy', 495);[0.001483075150113898, 0.31040180924591254, 0.005685208126287466, 0.004713203079608144]
('easy', 496);[0.0022993944304762, 0.15624041088228585, 0.00304620269580091, 0.001230777147585301]
('easy', 497);[0.0041714355387223526, 0.009400475099128293, 0.15653194510861426, 0.012070448956220945]
('easy', 498);[0.0031054158035169997, 0.003305697915479798, 0.004809762086344391, 0.14962729489230522]
('easy', 499);[0, 0.0072769862242967175, 0.009946460868767803, 0.422934202584756]
('easy', 500);[0.002076425581144444, 0.00342344702265872, 0.08829188345329382, 0.004679297280168408]
('easy', 501);[0.0038597265229539444, 0.0038597265229539444, 0.006363613217479615, 0.017298094172416636]
('easy', 502);[0.001847226845415419, 0.0028610409066297513, 0.08900437376786938, 0.0023718862199013156]
('easy', 503);[0.005299623719607586, 0.00439354237895421, 0.006804851554857369, 0.00439354237895421]
('easy', 504);[0.003988233372384446, 0.0033063615958055215, 0.006177096685172818, 0.006177096685172818]
('easy', 505);[0.0038235608035951845, 0.026540772512952317, 0.034079026485158155, 0.01512247633297081]
('easy', 506);[0.003227083500120343, 0.08322758040926878, 0.019768283070142625, 0.011263628167786349]
('easy', 507);[0.00322273472540641, 0.006020861122616969, 0.01356821998879691, 0.13703418385920252]
('easy', 508);[0.006040403884719598, 0.017478488181983977, 0.010601238967798209, 0.012012777536952299]
('easy', 509);[0.002110430340374426, 0.004197091894845931, 0.010717649617199924, 0.2596648188476687]
('easy', 510);[0.0035705129671015365, 0.006670596416746775, 0.14262364015567608, 0.014121652725069371]
('easy', 511);[0.003344056849874927, 0.16112568226580593, 0.007535948441611766, 0.002687025166574034]
('easy', 512);[0.006381973541846318, 0.05019811027681733, 0.013510638094110307, 0.01438199938762497]
('easy', 513);[0.00782144198074102, 0.005722289194009509, 0.00943445991126097, 0.006091345139348666]
('easy', 514);[0.003441229363210383, 0.004852911240150107, 0.024645110951870462, 0.024645110951870462]
('easy', 515);[0.003113691029812575, 0.008463889745775454, 0.0854822582682414, 0.003528274173760173]
('easy', 516);[0.0024386673930126782, 0.10698640172527255, 0.004700654431210501, 0.001624502702486327]
('easy', 517);[0.002885129365655454, 0.0030712042230014295, 0.11170031222905685, 0.002391856253845719]
('easy', 518);[0.0053978294191759785, 0.00836032175127844, 0.00836032175127844, 0.012164196371555936]
('easy', 519);[0.0032193741361619182, 0.003648028822235228, 0.057064771969134204, 0.0032193741361619182]
('easy', 520);[0, 0.5006826099374767, 0.0035911494331772238, 0.0021111278434153944]
('easy', 521);[0.003832908900889481, 0.015159448774983078, 0.03871100858184174, 0.0207205097529275]
('easy', 522);[0.0019551544407266455, 0.21229335515917053, 0.0026723792704396133, 0.0019551544407266455]
('easy', 523);[0.0018900679791417042, 0.005469093038653352, 0.21846215507684133, 0.0058218192349527315]
('easy', 524);[0.005051496824555102, 0.0039341096826462285, 0.006093268274632393, 0.004457930301085797]
('easy', 525);[0.005032921126425087, 0.0044415373050227126, 0.00687918755053297, 0.003052620971092258]
('easy', 526);[0, 0.20743576476199205, 0.013260923198186541, 0.002958911916927391]
('easy', 527);[0.0025917958073696954, 0.004842112039608216, 0.16034872862625155, 0.006618382451150946]
('easy', 528);[0.0031489659422360796, 0.006461258587719471, 0.007321565173539066, 0.009401075772759955]
('easy', 529);[0.0018335482999210487, 0.19908919332836197, 0.004398453716975979, 0.0015200649302247193]
('easy', 530);[0.0022535442421818806, 0.04818291193494282, 0.0034903576016037936, 0.0028936080845918502]
('easy', 531);[0.0017747876496297236, 0.004824373017362016, 0.192708904167222, 0.007472135101203266]
('easy', 532);[0.00294805229641994, 0.009666291341242708, 0.07603128894560157, 0.0066435384045061205]
('easy', 533);[0.002067169866446414, 0.008979376586899247, 0.20436966912309695, 0.005116294556006168]
('easy', 534);[0.0018349538448358088, 0.006404618229590194, 0.18717038065201433, 0.011240455049895091]
('easy', 535);[0.0037804351938681836, 0.011644560180395483, 0.02315797866885014, 0.1510089900920349]
('easy', 536);[0.005288909732106258, 0.015303967749913222, 0.011918742067731943, 0.0644321108700903]
('easy', 537);[0.002493327071394291, 0.009861299862699293, 0.186069122358495, 0.017307120247712346]
('easy', 538);[0.003855265984388864, 0.01727810342548169, 0.010479699469240522, 0.009844766575763995]
('easy', 539);[0.005263250821029214, 0.03224131240763523, 0.01837054605665456, 0.012625882360519024]
('easy', 540);[0.0028528004447148573, 0.007060748911630361, 0.007060748911630361, 0.09747063215979382]
('easy', 541);[0.0017691620208990504, 0.005984997970785997, 0.17490727912836523, 0.004661121106328904]
('easy', 542);[0.00220255366169775, 0.04564378451305788, 0.08010733657093458, 0.006999701060677051]
('easy', 543);[0.005433222626473591, 0.012243956195432153, 0.00790529227522843, 0.00841513982310682]
('easy', 544);[0.004883017449096813, 0.008569962514055758, 0.005197945017362778, 0.010337348020857931]
('easy', 545);[0.004896638950003182, 0.028178204886913832, 0.04645800576720113, 0.017090949274376953]
('easy', 546);[0.0015753818987029632, 0.005165478382142567, 0.2820254964610569, 0.005498623115450752]
('easy', 547);[0.0033526962119036522, 0.0035689265400063353, 0.10429932199952607, 0.0029587440223120794]
('easy', 548);[0.005160847383182454, 0.006225170226239788, 0.00705404201194128, 0.007993276793699666]
('easy', 549);[0.002427328168547813, 0.010219433301854205, 0.010219433301854205, 0.0755119659666808]
('easy', 550);[0.004711120172047787, 0.03481072294054082, 0.01130138978763546, 0.005682695660181415]
('easy', 551);[0.0021566210553743987, 0.0039051362374902675, 0.005681939698462765, 0.10071479098782236]
('easy', 552);[0.0025992910199198437, 0.004561897809305406, 0.09162816688861267, 0.006637522146904946]
('easy', 553);[0.005214436285319824, 0.009741849510336655, 0.012508782376819294, 0.06762182252249027]
('easy', 554);[0.00293225348774139, 0.11352481805310194, 0.017409590557839645, 0.004987931206192931]
('easy', 555);[0.003373479387932893, 0.026534464432876836, 0.049572905909351234, 0.01511888570190959]
('easy', 556);[0.002967487187356604, 0.10460752919129297, 0.00711863169891367, 0.003158873667850849]
('easy', 557);[0.0016681103759108573, 0.2894381049582061, 0.0025041302642672385, 0.0016681103759108573]
('easy', 558);[0.0024868286447745146, 0.06827258274700165, 0.0267359275514832, 0.007659971492006454]
('easy', 559);[0.0025597140011673204, 0.00839297909185287, 0.20334326955240883, 0.013837683153279273]
('easy', 560);[0.0023844156545463173, 0.003931236807840882, 0.12229716323953135, 0.0034693043062461308]
('easy', 561);[0.002172536762197694, 0.2673063185283236, 0.0038129207619125114, 0]
('easy', 562);[0.0018420416648591625, 0.3097838497328425, 0.00603982209435679, 0.002153564888999631]
('easy', 563);[0.004124356780312312, 0.007705312881826654, 0.017364190625558423, 0.17537211285317475]
('easy', 564);[0.004222769124830682, 0.004495114334671679, 0.013845926911468671, 0.009516157121175817]
('easy', 565);[0.0033384438936888542, 0.004563111778373906, 0.004286646811682477, 0.20654218538604882]
('easy', 566);[0.003453660293130606, 0.019874442764864123, 0.04478774814709916, 0.09481566357145321]
('easy', 567);[0.005854080046862945, 0.0035506790328343465, 0.004559162124659549, 0.00428293645538962]
('easy', 568);[0.0020316540979360555, 0.008825103120841098, 0.004437540528008805, 0.39945459693310104]
('easy', 569);[0.0014488468646678828, 0.2761014063954413, 0.003938374104446567, 0.004750585978319715]
('easy', 570);[0.005794445218827535, 0.003982460075441774, 0.005794445218827535, 0.003982460075441774]
('easy', 571);[0.0019300657191331293, 0.37948072888999146, 0.0065293281655600995, 0.004487537245897382]
('easy', 572);[0.0015457394947499376, 0.152818727778575, 0.0027989726334281505, 0.0019237038825845017]
('easy', 573);[0.005643591362855316, 0.004395233372726738, 0.006807470617247061, 0.006007571734156175]
('easy', 574);[0.0032252451659063063, 0.13714089782133818, 0.013578789338083668, 0.011257211750908925]
('easy', 575);[0.0038083200035330493, 0.0029659226009380343, 0.005541072909259345, 0.002617417508633462]
('easy', 576);[0.009910953083469065, 0.006398992253837775, 0.012725915662774022, 0.010550154639947693]
('easy', 577);[0.0034505590519303304, 0.03075449806075213, 0.006862256077580198, 0.009984523677790761]
('easy', 578);[0.0028369357643007716, 0.004127717180880948, 0.18683472345235919, 0.006005793060153824]
('easy', 579);[0.004310030727619088, 0.03390101766214814, 0.01601370684748117, 0.019316217604791682]
('easy', 580);[0.002369975593959146, 0.1293962830538716, 0.002858736251822978, 0.002226386031514348]
('easy', 581);[0.005889874842469538, 0.004882877746845446, 0.005533025365352347, 0.004587039139507844]
('easy', 582);[0.00480413948534394, 0.008431527376439733, 0.01082629545284713, 0.010170363370282726]
('easy', 583);[0.0025408661703337568, 0.10804040453878383, 0.004459359004957139, 0.0018589374012779767]
('easy', 584);[0.0027289817804215383, 0.01079333231701958, 0.006149855375850974, 0.2783636429280878]
('easy', 585);[0.0026971804629534984, 0.005363983848900935, 0.12995743248313463, 0.0060781900006575355]
('easy', 586);[0.004204300863274445, 0.0657663307345767, 0.020057597635398435, 0.006511748561613104]
('easy', 587);[0.002171494850186009, 0.007346072388175627, 0.004455618131896924, 0.29343786716383763]
('easy', 588);[0.00567589021096299, 0.004420387740925299, 0.0032340247572650873, 0.003900978489589493]
('easy', 589);[0.003170759342087185, 0.00630580791063688, 0.1050011536996859, 0.008096817630008376]
('easy', 590);[0.0026276104199786407, 0.08977666497564088, 0.006109377266520362, 0.00506485164789476]
('easy', 591);[0.0033100055392432546, 0.005126636867826765, 0.007940290510984884, 0.008452395251141468]
('easy', 592);[0.002793468599872824, 0.0676795488554861, 0.004193493047126509, 0.0038182188697838183]
('easy', 593);[0.002554043435540788, 0.1309974378134206, 0.03995196127839183, 0.010752924502648899]
('easy', 594);[0.003976480866926753, 0.004796551507930814, 0.004232941848836414, 0.003976480866926753]
('easy', 595);[0.003225549687796013, 0.004995829086208334, 0.08318804270162772, 0.00414168778191929]
('easy', 596);[0.002903375436642928, 0.11240677845987214, 0.004938807986508742, 0.007649375448640976]
('easy', 597);[0.0029240128687439927, 0.005131802402300987, 0.1925694644561199, 0.007466728436864997]
('easy', 598);[0.004764853555104523, 0.003950202341047049, 0.005747510492228176, 0.004476165672058419]
('easy', 599);[0.0035125300615409085, 0.1403075545697876, 0.006985500146420598, 0.008426121583947215]
('easy', 600);[0.002258081354979047, 0.003086431270242497, 0.16851339738295823, 0.0032854889850039482]
('easy', 601);[0.002049000871042858, 0.18444513646839591, 0.0029812786759125746, 0.002630969197234351]
('easy', 602);[0.0031169190062293947, 0.007024085409463965, 0.1325347686514343, 0.02609764331795423]
('easy', 603);[0.0015762467679409223, 0.007064247912036531, 0.340374485223378, 0.006636246767519939]
('easy', 604);[0.0030371378187498276, 0.0058542363697521044, 0.07131919921903564, 0.007516988294059477]
('easy', 605);[0.0024980932095066905, 0.1984481000929466, 0.0038691224516961475, 0.001612890199597518]
('easy', 606);[0.0019217418757274149, 0.11889393144942231, 0.010388838427487388, 0.006707538222004691]
('easy', 607);[0.0023853458839452877, 0.008589960507944416, 0.23582594679093996, 0.005903787762348051]
('easy', 608);[0.008031402301762662, 0.004576155090048766, 0.0051854630612826426, 0.0035639131675861743]
('easy', 609);[0.0066673051131590395, 0.0051925024431042415, 0.009113125594047828, 0.0066673051131590395]
('easy', 610);[0.0019978742487368395, 0.13157588266538178, 0.003973247377976524, 0]
('easy', 611);[0.008184650367596597, 0.0049642413869756125, 0.006374212115449892, 0.00768876746988136]
('easy', 612);[0.006083855931413154, 0.007811825647400962, 0.017604220848062412, 0.006893911937362251]
('easy', 613);[0.001134111616703022, 0.3347384992983737, 0.0026368885113640314, 0.0015993537283862898]
('easy', 614);[0.004202649259858875, 0.008897008552938483, 0.1153781899535691, 0.016621800262267228]
('easy', 615);[0.005804259431860577, 0.003747511549185975, 0.0079334820118829, 0.003989205278839154]
('easy', 616);[0.0020338796076882657, 0.006668834492794456, 0.19489195817337135, 0.00315013436016169]
('easy', 617);[0.00447459502772567, 0.012163210353579888, 0.004763181612915382, 0.0030753411894872463]
('easy', 618);[0.001126265571373129, 0.26710914448193057, 0.002170933709108482, 0.0024599901741869036]
('easy', 619);[0.0013571183061252094, 0.23547701803800672, 0.003806132414147334, 0.005202366192787993]
('easy', 620);[0.002416276700138492, 0.01900549295228837, 0.062316612288001665, 0.01900549295228837]
('easy', 621);[0.0019623996075305303, 0.005858643041953169, 0.2491157818021502, 0.00663871230005996]
('easy', 622);[0.0029917941569632964, 0.148728649054845, 0.002899746327640963, 0.0022583247106752126]
('easy', 623);[0.0013053600713031428, 0.2195278618775125, 0.0015745648043921793, 0.001624546856611745]
('easy', 624);[0.002853045313049572, 0.008787998243981911, 0.13746743791689575, 0.0077553812302329]
('easy', 625);[0.002133224199306039, 0.12398180019752243, 0.01017704347220559, 0.01786126753998183]
('easy', 626);[0.003784067478798379, 0.010286161865280466, 0.0433063486899425, 0.023180218063720122]
('easy', 627);[0.002326699767435034, 0.0032811725874924815, 0.00338532818601214, 0.24486345667413226]
('easy', 628);[0.0033123786249739926, 0.05181431949152156, 0.029522909321389675, 0.024475351480831603]
('easy', 629);[0.003138673199557976, 0.008531798323829855, 0.008014882794695885, 0.2342292092655299]
('easy', 630);[0, 0.3198944091876563, 0.00333839772907917, 0.0027676289254739556]
('easy', 631);[0.0028301125630678034, 0.006789087106689254, 0.09372047896466418, 0.005991348343030279]
('easy', 632);[0.003038200998396859, 0.008791326086539746, 0.01861123303398782, 0.1375194449584073]
('easy', 633);[0.0036348237628942115, 0.010517711298089828, 0.030434006754122236, 0.01734077433624376]
('easy', 634);[0.004088732325569271, 0.09305911879546817, 0.006332752508846487, 0.006741179955365258]
('easy', 635);[0.0031139285946479877, 0.010210178784225426, 0.05875553616261035, 0.016833738939203636]
('easy', 636);[0.004973681015324795, 0.007236663176347115, 0.008200213683643398, 0.005635918948563134]
('easy', 637);[0.007332259522215338, 0.006078656645972025, 0.013698464211222724, 0.010022010509496776]
('easy', 638);[0.006776941962811628, 0.008701765727667841, 0.006776941962811628, 0.005618282219389475]
('easy', 639);[0.0024155405753332466, 0.2706085579835914, 0.0038600228485536634, 0.0025713295577334994]
('easy', 640);[0.002005464187162791, 0.004245567717539753, 0.29763734644617557, 0.00580300303815597]
('easy', 641);[0.002574127825845414, 0.003986887169226585, 0.015768444639918777, 0.0852434063523169]
('easy', 642);[0.004156337844461508, 0.010613580503764895, 0.009970536168459174, 0.008798967285772901]
('easy', 643);[0.003674101217073192, 0.13786963103102462, 0.008279714904416827, 0.0053457857272797785]
('easy', 644);[0.006420971650206736, 0.004145690884191249, 0.00365855936437197, 0.004413064974607866]
('easy', 645);[0.0038038046026944478, 0.008572005995933656, 0.059501500973064884, 0.018146936835795498]
('easy', 646);[0.0034130300640293596, 0.07768020620836104, 0.01051287270908702, 0.012680945070013057]
('easy', 647);[0, 0.0025982711621267687, 0.0123956584489077, 0.38561767734556335]
('easy', 648);[0.0038942914744254124, 0.010585781749653581, 0.030630982439679492, 0.013592412822064429]
('easy', 649);[0.0024500362230044787, 0.00645498570250404, 0.008822919367916914, 0.13801369626871215]
('easy', 650);[0.002685823600817285, 0.16616602221550003, 0.014519425207956982, 0.017513769890043225]
('easy', 651);[0.002255248085179119, 0.00979635112837578, 0.006732927101804517, 0.2689458937573955]
('easy', 652);[0.0058967793983045495, 0.00913311059645564, 0.008059941812334648, 0.00913311059645564]
('easy', 653);[0.0016956215555732237, 0.2364057225438216, 0.007138833395870717, 0.004906443656056893]
('easy', 654);[0.0048831757831469275, 0.0066745099338262875, 0.011004406499398704, 0.009122973416295175]
('easy', 655);[0.00734857387050198, 0.006485093679132089, 0.011381693862384568, 0.022635206448092107]
('easy', 656);[0.004307072280199987, 0.0020345168854044495, 0.003354351264564891, 0.004046119962501691]
('easy', 657);[0.00216291038487082, 0.04922761345635939, 0.055782194036245326, 0.04344321639686891]
('easy', 658);[0.002807876898195941, 0.0029889693994530455, 0.15330490243766906, 0.002807876898195941]
('easy', 659);[0.0027453382425133965, 0.0324160700387483, 0.01192520573082906, 0.25497211072657977]
('easy', 660);[0.0019645061637405302, 0.16101393234961867, 0.003786684740274975, 0.0033417375543570186]
('easy', 661);[0.004034050682010855, 0.00854008536083335, 0.14220515447036233, 0.00967718451568696]
('easy', 662);[0.0036173137650420116, 0.0043633132850405725, 0.06411843595279547, 0.0063485833690235735]
('easy', 663);[0.006537300286336156, 0.003499164689921895, 0.005769147253957047, 0.006141225284518461]
('easy', 664);[0.002188729601100459, 0.17387234906190335, 0.0063332990966329635, 0.002810384438069811]
('easy', 665);[0.003314427824958449, 0.1205464033084459, 0.005638031653095082, 0.0031136167945184233]
('easy', 666);[0.006012174097471329, 0.008747661695010718, 0.006012174097471329, 0.012727772664225097]
('easy', 667);[0.0021818074863478275, 0.00327528096237943, 0.19035750203873372, 0.00447677828738443]
('easy', 668);[0.0040086492585895556, 0.008486310547028475, 0.04309704103745151, 0.02306818375064784]
('easy', 669);[0.001980586287412926, 0.22188132507674685, 0.002881736044096345, 0.0017478612639434303]
('easy', 670);[0.0034809783994005634, 0.10172907632632631, 0.008350433081155144, 0.0061093073506461645]
('easy', 671);[0.0030965556475404223, 0.011505099965729756, 0.010808041196781405, 0.3158573007071401]
('easy', 672);[0.0028592624767945145, 0.11069887934694826, 0.0023704118497832635, 0.0019046794302408953]
('easy', 673);[0.0023643081870402655, 0.006841352580791801, 0.0038980851984637428, 0.12126584714695643]
('easy', 674);[0.001986470229180783, 0.23689314876563583, 0.0035970328942757854, 0.0029820450084073473]
('easy', 675);[0.0035713405038683894, 0.007102458676679967, 0.01326913971053676, 0.007560527906018898]
('easy', 676);[0.003829414155875483, 0.07691582108385159, 0.011795426004412881, 0.007615699418338415]
('easy', 677);[0.0034350962056872826, 0.004695219825515525, 0.005320381082091611, 0.12890106487741615]
('easy', 678);[0.0024007986848243756, 0.0037184297439769717, 0.1736516823547972, 0.0067332064219530795]
('easy', 679);[0.004679520411769984, 0.004679520411769984, 0.005644579073459878, 0.005644579073459878]
('easy', 680);[0.0026603047014213603, 0.006381739222664219, 0.06861016253296369, 0.0036362054009857433]
('easy', 681);[0.0021095841851676463, 0.004328585695421201, 0.03004633292257122, 0.003069426877833259]
('easy', 682);[0.0025489882250424867, 0.004073271585595635, 0.11903844473548764, 0.004615621396138752]
('easy', 683);[0.002968678863436265, 0.005546222285529287, 0.0052101936642934225, 0.06756683560736657]
('easy', 684);[0.0028373402672959226, 0.004394558573522595, 0.12064674940333998, 0.0036432170189995548]
('easy', 685);[0.005931624592388296, 0.004619553877437608, 0.005572245625795225, 0.0049174895052048456]
('easy', 686);[0.005669557887116254, 0.005326056739534179, 0.004700228575628722, 0.01200245414121163]
('easy', 687);[0.0034475214195109336, 0.06924531876506722, 0.003238646655817828, 0.003238646655817828]
('easy', 688);[0.003567750792136869, 0.004876537147345539, 0.059408398510747445, 0.003567750792136869]
('easy', 689);[0.0024371735920221582, 0.004553239710855966, 0.12500312856875645, 0.003331221334802713]
('easy', 691);[0.004114062454308171, 0.00722040446945907, 0.005623256654906996, 0.03903313778075674]
('easy', 692);[0.005077469379899919, 0.012180215851316357, 0.014692144804334712, 0.02422324587584046]
('easy', 693);[0.0031208481870291034, 0.03355228800998025, 0.04586054026523166, 0.007032939955081358]
('easy', 694);[0.002317844335357921, 0.004197073882920234, 0.14795195429864258, 0.0032686844266268202]
('easy', 695);[0.002476214623890707, 0.019476936709952705, 0.011097624015702263, 0.14391617798516232]
('easy', 696);[0.002887540663764348, 0.004334711941040658, 0.08179001404259344, 0.0023202041057797476]
('easy', 697);[0.0031037207758778966, 0.0031037207758778966, 0.10604373910301389, 0.004111761979233167]
('easy', 698);[0.0013740633411174327, 0.27016220312952915, 0.005267323151058527, 0.0018781219082153397]
('easy', 699);[0.0017339624467038385, 0.20678078471747505, 0.0027708641002180015, 0.0016289069728616012]
('easy', 700);[0.006330910764771084, 0.006330910764771084, 0.006330910764771084, 0.007636536070851795]
('easy', 701);[0.005377790400139817, 0.007824638861819616, 0.004188227374822773, 0.005051966550964253]
('easy', 702);[0.003970393253450399, 0.04268575022175383, 0.014751800543448663, 0.024321607337109523]
('easy', 703);[0.002720862185431727, 0.01043013080351104, 0.04674461436907501, 0.002637150056550367]
('easy', 704);[0.0063480384891262025, 0.00436293879492888, 0.00436293879492888, 0.004943857346298904]
('easy', 705);[0.002455363468433131, 0.0035725327663373744, 0.2504538229932834, 0.0035725327663373744]
('easy', 706);[0.002758386638068749, 0.004272272800388423, 0.005839504558615721, 0.03577130219896666]
('easy', 707);[0.005275034549101109, 0.0063629062398665205, 0.009855061971673452, 0.009855061971673452]
('easy', 708);[0.0010527610677331686, 0.3412674700883907, 0.004035645649417042, 0.004867917858271014]
('easy', 709);[0.0024397455906736594, 0.00751494547546648, 0.0149452536489281, 0.13320559580230257]
('easy', 710);[0.0019262538124209696, 0.006723286428467554, 0.10516986957802232, 0.004620842680526596]
('easy', 711);[0.00332536035052228, 0.010903436822270856, 0.006613268728946962, 0.1101208109330608]
('easy', 712);[0.002695659416932816, 0.0053609588876866445, 0.3316707818624617, 0.00780014915570521]
('easy', 713);[0.0016643229292389765, 0.24700742369521056, 0.0020075566620529877, 0.0027440046147502446]
('easy', 714);[0.003250875889913459, 0.014569414944850681, 0.05413194350821561, 0.06133952804783535]
('easy', 715);[0.0041060134809680175, 0.010485072739664193, 0.07278081304629708, 0.011881143955243631]
('easy', 716);[0.0023774312154269403, 0.00535762394817119, 0.003919721414500855, 0.13817492630009315]
('easy', 717);[0.005778532847561555, 0.005099537339456415, 0.003730901217943289, 0.005778532847561555]
('easy', 718);[0.001367590799103166, 0.004484157596453659, 0.24482665085221117, 0.006129116737035559]
('easy', 719);[0.0015912060092266287, 0.00860197841525686, 0.006699227525765365, 0.36576542955790703]
('easy', 720);[0.005019370458139534, 0.0060545164796579525, 0.005019370458139534, 0.006444999244022755]
('easy', 721);[0.001956719449852877, 0.003891401287382865, 0.22616601763167704, 0.005661955463976284]
('easy', 722);[0.0026286430472753975, 0.003706980861794222, 0.20239429726223523, 0.006111778196918425]
('easy', 723);[0.007675858312958503, 0.007675858312958503, 0.0059779644648772345, 0.009258852487360043]
('easy', 724);[0.0014115357640651638, 0.002988221235975336, 0.06801160184704742, 0.0011342008499957952]
('easy', 725);[0.00680584129268066, 0.004979259857855587, 0.019693354761177454, 0.007244780344332924]
('easy', 726);[0.004540874440945611, 0.004540874440945611, 0.010892991509391084, 0.004833735681028336]
('easy', 727);[0.0018777941624729274, 0.0025666403069826696, 0.24594255897137846, 0.002265052120960981]
('easy', 728);[0.001993544341447954, 0.006335470814628839, 0.02353912410125186, 0.18514955283134632]
('easy', 729);[0.002397106145195991, 0.20914174691596749, 0.0023233549424914314, 0.0021825899825287025]
('easy', 730);[0.005677896063553048, 0.004154037499630025, 0.0026820481903623307, 0.003902357090569474]
('easy', 731);[0.001765023937605453, 0.2788472146988915, 0.00226633559694768, 0.0020000341445235376]
('easy', 732);[0.005275658388442621, 0.009856227457001319, 0.012655646567445278, 0.01188887970380862]
('easy', 733);[0.00463267016259206, 0.009807362811168433, 0.05643747627770894, 0.008130589343018217]
('easy', 734);[0.005523590756059786, 0.004041145325038537, 0.010984971903214477, 0.005188933309878326]
('easy', 735);[0, 0.1725227393785855, 0.002968416993354174, 0.0016913530194526147]
('easy', 736);[0.002297213556317495, 0.018642555383034404, 0.00937406554066185, 0.06926549615500308]
('easy', 737);[0.0017614329979963612, 0.0039694505363300535, 0.20359402135658006, 0.006544517532239391]
('easy', 738);[0.006513810637045799, 0.006513810637045799, 0.009477538553350354, 0.008903323520335654]
('easy', 739);[0, 0.4296366732379979, 0.002399931090789633, 0.0032803168710938847]
('easy', 740);[0.002512708739806767, 0.01316565244073345, 0.006219013858015586, 0.06686069999191716]
('easy', 741);[0.005128463287593931, 0.026044485591196164, 0.0045258529663204546, 0.0029221102985341058]
('easy', 742);[0.001901472476797269, 0.25694930592574733, 0.006432598473572165, 0.009963003414816245]
('easy', 743);[0.004445565239283058, 0.009411261685414963, 0.025582461622336343, 0.01286366954594042]
('easy', 744);[0.00372263610700011, 0.027506767030528612, 0.05470373826068309, 0.009506084319039893]
('easy', 745);[0.0059744565098512215, 0.004952998411969111, 0.007206570166032641, 0.002822133426059536]
('easy', 746);[0.0021976030594510754, 0.005789912898161219, 0.005109580198861874, 0.13177781016280665]
('easy', 747);[0.002549341946202768, 0.002888782882678039, 0.22948439398791273, 0.003948498047857755]
('easy', 748);[0.003975284586456088, 0.013875106560243614, 0.010151244812774306, 0.006157041213196449]
('easy', 749);[0.003381938344505318, 0.014238492260950558, 0.03208693762751813, 0.017174900071305097]
('easy', 750);[0, 0.20604353313403237, 0.002150256707691125, 0.0025139047809614027]
('easy', 751);[0.0065171473643282265, 0.00540290493250075, 0.004768046867890945, 0.00540290493250075]
('easy', 752);[0.004123255605264323, 0.005999301505935966, 0.1365434729095395, 0.005999301505935966]
('easy', 754);[0.0020898581936269604, 0.01749816841996136, 0.22691975485749602, 0.01749816841996136]
('easy', 755);[0.001896407196289646, 0.0030304500709244916, 0.003891174915070216, 0.07342110182950276]
('easy', 756);[0.0024864089026462362, 0.008152620927255928, 0.0067587601381820595, 0.22381942333764546]
('easy', 757);[0.002392265737705442, 0.008349827869977447, 0.008888345500508904, 0.2292334790863367]
('easy', 758);[0.0030116610177458557, 0.025216328970575075, 0.08801363623548772, 0.013497328266794813]
('easy', 759);[0.0014030530433587914, 0.2846186941179857, 0.0040598685957208445, 0.0031618288415143987]
('easy', 760);[0.007318688994492612, 0.02254314377812216, 0.007790703881180506, 0.04211613723129008]
('easy', 761);[0.003998149931334394, 0.02954255413456556, 0.019074106543898482, 0.023007764293929027]
('easy', 762);[0.0040232469313479565, 0.010936319024886768, 0.009066526917341413, 0.12515954344041375]
('easy', 763);[0.0050307449024446825, 0.004170634010264259, 0.0060682366784491765, 0.006459604319611264]
('easy', 764);[0.006623743323499967, 0.007050938065159881, 0.010259054349812299, 0.014022464725887522]
('easy', 765);[0.004279102801784533, 0.02041445772552401, 0.02462453643405289, 0.011631807388199083]
('easy', 766);[0.0021971692721673257, 0.19778282770705172, 0.013459293545891577, 0.060320354397599044]
('easy', 767);[0.0015573503998083512, 0.003001871464219193, 0.12764279225129607, 0.003620948165014842]
('easy', 768);[0.003341466676347557, 0.00586445665140143, 0.008015761855504507, 0.010292441956583877]
('easy', 769);[0.0010444722893464058, 0.43474589543934966, 0.007027013347003877, 0.048777140542121566]
('easy', 770);[0.002565840021140873, 0.006760088073745481, 0.018375824569645052, 0.23830134728889907]
('easy', 771);[0.004461568869543019, 0.0032641535145794738, 0.0027919784563096538, 0.003066388450624475]
('easy', 772);[0.006043062976605396, 0.012793164421865061, 0.01861394439961269, 0.010605905819395663]
('easy', 773);[0.0038112229950955753, 0.12621037199795096, 0.01035997821177356, 0.017080716441740945]
('easy', 774);[0.004587310369094143, 0.008050980426200942, 0.09213859179656207, 0.006674497203221031]
('easy', 775);[0.002637673224751295, 0.007874637676156862, 0.011457530212037258, 0.09593270306036752]
('easy', 776);[0.0023318110942206994, 0.002482199989041125, 0.17401569524724203, 0.002642288134260249]
('easy', 777);[0.004415624561651463, 0.07826883677715796, 0.013601081173295133, 0.009950763556954647]
('easy', 778);[0.002720474288034969, 0.005759244112964384, 0.15811240999204232, 0.005410309151650351]
('easy', 779);[0.006590382822096432, 0.004821627073387225, 0.008462219049274106, 0.006590382822096432]
('easy', 780);[0.0017037562759384312, 0.3146892443586864, 0.0024789507540922966, 0.0011349463574123544]
('easy', 781);[0.004303766976025176, 0.005191333912940629, 0.012453362666486814, 0.02053212391997968]
('easy', 782);[0.0038708570852951816, 0.010522080475519837, 0.06445555726064735, 0.007698118524924625]
('easy', 783);[0.0018198886008368427, 0.002487492788333491, 0.1976060279926197, 0.0030004890465043974]
('easy', 784);[0.0033131336953922132, 0.003996402083758005, 0.08026988161322554, 0.005814730721230187]
('easy', 785);[0.0016738208818763696, 0.003891750149189042, 0.21248235853693478, 0.0033287903051568116]
('easy', 786);[0.0055458943592598614, 0.018184287534336218, 0.01330390896137997, 0.015075303859329602]
('easy', 787);[0.004359355718308554, 0.013427760933961174, 0.02670428493516347, 0.09320711285750216]
('easy', 788);[0.0022140143996134034, 0.18722425065247997, 0.0036502926342789916, 0]
('easy', 789);[0.0029369916420793627, 0.1654445025370758, 0.00726912412632916, 0.006414979525988436]
('easy', 790);[0.001427420144887892, 0.00468033046890013, 0.39578402095684206, 0.00724903763785302]
('easy', 791);[0.001839879549068909, 0.005001311144787438, 0.005323868000950364, 0.3732319837323212]
('easy', 792);[0.0026182026699063726, 0.004316686432878503, 0.043596998965989904, 0.0052069177526032]
('easy', 793);[0.002998500970337734, 0.01114078264295845, 0.15379372381828307, 0.02510613525691817]
('easy', 794);[0.004065073682647148, 0.11879886689331003, 0.01939338190494799, 0.017114599461756738]
('easy', 795);[0.0045582556659941355, 0.002597215789215873, 0.005498305868916704, 0.0029430310538307034]
('easy', 796);[0.0025123037967617026, 0.003771414686554689, 0.06684992485709117, 0.013163530690884315]
('easy', 797);[0.0015920567910283577, 0.152555221749323, 0.003587755361801434, 0.002794146685239588]
('easy', 798);[0.0028453515450731093, 0.003028860953403695, 0.19947451955941856, 0.003224205701730898]
('easy', 799);[0.0016375787890937933, 0.006682343857299297, 0.32197339633584704, 0.006682343857299297]
('easy', 800);[0.004695309380580735, 0.04184884695336987, 0.011263461670607084, 0.015395326760342555]
('easy', 801);[0.003145475287100315, 0.009688745977181671, 0.006658971235046124, 0.08635485290409979]
('easy', 802);[0.0028734921525337743, 0.011364881925981275, 0.013708664360216389, 0.10782697181715936]
('easy', 803);[0.004130286545074536, 0.013542688206714951, 0.013542688206714951, 0.07321106329973288]
('easy', 804);[0.00325052712747814, 0.015999655268036813, 0.07633008628726598, 0.00804513190541803]
('easy', 805);[0.002561375731667009, 0.12341399408905397, 0.004495354406087277, 0.0030896088876695435]
('easy', 806);[0.00266905417027706, 0.14572542003537622, 0.003883450902904029, 0.0025869360064502095]
('easy', 807);[0.0020723483276724568, 0.00438716144410984, 0.21138530141497588, 0.005996538715864153]
('easy', 808);[0.005406721789006436, 0.006521751372103085, 0.009489092254684462, 0.011446030117146736]
('easy', 809);[0.005359333324590895, 0.007325340127447936, 0.01368553707992065, 0.006464589972851449]
('easy', 810);[0.0011417656646437225, 0.270785201673176, 0.00495960397025895, 0.004659116756042835]
('easy', 811);[0.007260699241897465, 0.0064075445915728335, 0.007260699241897465, 0.007260699241897465]
('easy', 812);[0.003486232497312592, 0.004205199094772897, 0.2156856185696217, 0.007856346209007105]
('easy', 813);[0.0037256887397359964, 0.05474859637127733, 0.00577045960338313, 0.0021902194215842074]
('easy', 814);[0.0017804048488317956, 0.0021475781848767006, 0.2057868206209588, 0.0025904737695948794]
('easy', 815);[0.0030320197812059315, 0.0034357285247415188, 0.12111363417672834, 0.006832762052466148]
('easy', 816);[0.005000593368190119, 0.010586256243531714, 0.009944867401464408, 0.088637617177281]
('easy', 817);[0.0018788286366606176, 0.1317160877054167, 0.003977480255022896, 0.002412463723073011]
('easy', 818);[0.004808246339389288, 0.008438735129757477, 0.05502746538552397, 0.010835550391304327]
('easy', 819);[0, 0.3168695290543822, 0.005803667177152245, 0.0031064791838912864]
('easy', 820);[0.0036304690609051007, 0.00986863807704111, 0.22460911379844686, 0.005622980479783628]
('easy', 821);[0.003487572621170164, 0.009480205281558138, 0.07937676806399045, 0.02274182480959201]
('easy', 822);[0.002871541667341195, 0.10443857002142379, 0.0031537715430155927, 0.002100864762998317]
('easy', 823);[0.0034245196950488796, 0.0032170385353909384, 0.008744817392205688, 0.005303999861961027]
('easy', 824);[0.0028421567913711004, 0.03802763748209449, 0.05197761772372953, 0.013989586025983117]
('easy', 825);[0.002424405078463796, 0.005815845445295164, 0.10308835172090312, 0.00352748857472159]
('easy', 826);[0.002294060978778299, 0.010944352832914707, 0.011650202947079682, 0.23400052566611926]
('easy', 827);[0.003441611715555302, 0.0047041254716092265, 0.12914552684905217, 0.0064297771746375685]
('easy', 828);[0.007713889512293964, 0.016330304225674656, 0.022320879406562896, 0.016330304225674656]
('easy', 829);[0.005280785216143213, 0.01117942239030315, 0.09360415765048294, 0.018431751489034073]
('easy', 830);[0.004721001364939816, 0.013660670402019199, 0.00828561543105355, 0.014541707948052644]
('easy', 831);[0.002401812037796989, 0.003959918594939516, 0.17923955904955088, 0.004487175630126273]
('easy', 832);[0.005300409692771479, 0.007712050596941599, 0.012715021859893236, 0.0046775951363001965]
('easy', 833);[0.003237411445776198, 0.14653641363190667, 0.007766146333678824, 0.003668467771722136]
('easy', 834);[0.004815434895035182, 0.008451351437820623, 0.0074582914665305665, 0.029498114972032217]
('easy', 835);[0.0018511136115469079, 0.002867060847777906, 0.24244800886731985, 0.004171548918704835]
('easy', 836);[0.0029127048879325395, 0.017842480593480547, 0.011519971302998975, 0.01899322172510948]
('easy', 837);[0.0023667265471750323, 0.22678616253996428, 0.004153734448371108, 0.0030389370409223604]
('easy', 838);[0.005543805606782794, 0.006687106019811042, 0.0040559348257643135, 0.005901350349738046]
('easy', 839);[0.004014217419874753, 0.1329325924260046, 0.004273112200348221, 0.0033279031277831683]
('easy', 840);[0.0020703689754739117, 0.003990740650687656, 0.19228469857434588, 0.006180980033775938]
('easy', 841);[0.0020268749818157373, 0.0048622203178377826, 0.00355727637591203, 0.17139919479099777]
('easy', 842);[0.002629926877798004, 0.05801525787057759, 0.06997975897144931, 0.008896927947242401]
('easy', 843);[0.0032395486567309904, 0.0032395486567309904, 0.2004237544595436, 0.007300435592813108]
('easy', 844);[0.0031542377664658667, 0.098125460726098, 0.004885379021798389, 0.0029631321610376366]
('easy', 845);[0.0026287119870868356, 0.12276156614851935, 0.0030732756737701116, 0.005066974974070051]
('easy', 846);[0.0018414076024867746, 0.007514092673410264, 0.18204982251878837, 0.00663116351001816]
('easy', 847);[0.002761761132888793, 0.009639493520370235, 0.02620286007197112, 0.010922977170955228]
('easy', 848);[0.0020776814289629013, 0.2255975845490263, 0.004682127376914747, 0.005305545394212782]
('easy', 849);[0.0027634789179597297, 0.0066292413016925235, 0.014034103945812502, 0.10369878135383258]
('easy', 850);[0.002110637654867205, 0.00446821995041721, 0.004756395378445352, 0.21529089376922095]
('easy', 851);[0.003178017368941512, 0.003833420683602529, 0.0059373181021743675, 0.16300123409071784]
('easy', 852);[0.002907548357694887, 0.004230457898033312, 0.19148510001952768, 0.0069748459212888745]
('easy', 853);[0.0014842573277310056, 0.010302787927146527, 0.3205102996185193, 0.006248956758331538]
('easy', 854);[0.0027025875622304113, 0.012893324160305556, 0.04790451076592115, 0.15707284371631464]
('easy', 855);[0.005357465558233467, 0.018699392181024555, 0.013680767571440195, 0.0508302179689082]
('easy', 856);[0.0023993807088989708, 0.005938524287715687, 0.005240729289832484, 0.23721352054196837]
('easy', 857);[0.0030666297178281094, 0.00347494672088568, 0.06556743446030938, 0.004461919911252937]
('easy', 858);[0.00447302280161322, 0.0065082097737386895, 0.0050685988681806625, 0.08439972840360464]
('easy', 859);[0.0044401354830906565, 0.003457980991174134, 0.006068945642240353, 0.003681001604148153]
('easy', 860);[0.0058591850290490395, 0.007067526218993499, 0.008008556402061719, 0.00752334249837527]
('easy', 861);[0.00738861145806405, 0.0050781134402795546, 0.0069409581197586905, 0.01144370529108492]
('easy', 862);[0.002528475369388844, 0.004437612472055302, 0.0034560160682041013, 0.17725976611742217]
('easy', 863);[0.0026896325409846377, 0.006253583018337442, 0.14233092739035383, 0.0066569044714030285]
('easy', 864);[0.004692578719389043, 0.005317388316770003, 0.006827661749131132, 0.005660330399116232]
('easy', 865);[0.006923706235792521, 0.0057399540751992125, 0.007370246923176169, 0.006923706235792521]
('easy', 866);[0.00284843036246634, 0.008773783195438515, 0.17622616733581872, 0.011992339759158432]
('easy', 867);[0.005005545976199132, 0.004149743366659818, 0.007752741269143385, 0.01059674091476907]
('easy', 868);[0.002925008552713152, 0.00513354988208792, 0.010209283002478003, 0.18096387119495194]
('easy', 869);[0.004687072990701275, 0.004136327396481791, 0.008226069279843106, 0.004136327396481791]
('easy', 870);[0.006286164792121302, 0.0339826858012284, 0.03192377895115999, 0.009736202492244609]
('easy', 871);[0.003086157541509855, 0.003497074644082412, 0.05823152082330703, 0.003962704723201208]
('easy', 872);[0.0028424088782999127, 0.02870731272935719, 0.05363232095536415, 0.009319899908813574]
('easy', 873);[0.005842348217885346, 0.004550025367064934, 0.01316593494801772, 0.008500566498233126]
('easy', 874);[0.004910673089321951, 0.014209503734415409, 0.011780092350723512, 0.026546847908939655]
('easy', 875);[0.006439927362554757, 0.005683215950324355, 0.00826903041514316, 0.005683215950324355]
('easy', 876);[0.0018101995700539736, 0.0033818980288988832, 0.0038321925198765185, 0.2686573727449194]
('easy', 877);[0.003027188946413786, 0.01056592762002169, 0.03925718357284188, 0.022368068947114236]
('easy', 878);[0.0026599038754661804, 0.003870137302512974, 0.15459207382025983, 0.0063807776911831565]
('easy', 879);[0.002212551649102185, 0.006014338942281563, 0.2120127558264143, 0.004133590674045154]
('easy', 880);[0.003343516334141102, 0.0042931599541477985, 0.12546449490517866, 0.004570044982438383]
('easy', 881);[0.002268442807696952, 0.015261657058011911, 0.012652358092775299, 0.19791618011221312]
('easy', 882);[0.0071689853884347576, 0.00462864485202599, 0.011103541780073141, 0.010430812191695903]
('easy', 883);[0.0035227332983624117, 0.0061825894805200635, 0.18068179255948735, 0.007938602033934022]
('easy', 884);[0.0018812006717420515, 0.004239351155499569, 0.005113633601681368, 0.20426340202555046]
('easy', 885);[0.002425614604641049, 0.006802804390217762, 0.22527794196863743, 0.0043922206301212924]
('easy', 886);[0.004971819629522753, 0.03242033650302455, 0.025248983455993967, 0.020932142489474195]
('easy', 887);[0.0032048968577757585, 0.13627564960057598, 0.0067847667011531896, 0.008183990830195177]
('easy', 888);[0.004435131076355098, 0.005694821028381605, 0.011325503961707659, 0.05075739942276128]
('easy', 889);[0.003669248025426492, 0.003669248025426492, 0.14656763316974022, 0.003669248025426492]
('easy', 890);[0.004535602935493702, 0.004535602935493702, 0.006599263331260448, 0.045807966925323476]
('easy', 891);[0.0031867808459005945, 0.13550535351127074, 0.010449052119792876, 0.017227574488556777]
('easy', 892);[0.0031785568959841106, 0.004344572163610695, 0.06384302189674164, 0.004344572163610695]
('easy', 893);[0.002601871571654992, 0.0022961436029084437, 0.14656677703329304, 0.001963995701574567]
('easy', 894);[0.0028365732487526784, 0.007243443545038149, 0.16486001520095162, 0.008207896847936866]
('easy', 895);[0.003219292775977648, 0.004986138191608168, 0.10014926275166204, 0.004684043350189874]
('easy', 896);[0.003362133748274648, 0.1342999614586028, 0.005543221425719162, 0.007576685361000456]
('easy', 897);[0.0041162739270289225, 0.006786588379520931, 0.07296268376104063, 0.0063754097756601015]
('easy', 898);[0.002982215647273411, 0.003597238724037758, 0.00631335057482039, 0.10512672530012693]
('easy', 899);[0.0050706439749084835, 0.004763429186905476, 0.008360078577579063, 0.00539767241443531]
('easy', 900);[0.00915573233984017, 0.012514402341325483, 0.00807990543080256, 0.008601014559669645]
('easy', 901);[0.005987375716211734, 0.004662972896328411, 0.0038657403083422505, 0.00637352827336674]
('easy', 902);[0.002202332068106011, 0.16435302580436545, 0.003746293045546619, 0.0024187885844242345]
('easy', 903);[0.0010061556670245557, 0.002000979475244298, 0.27039579642968437, 0.0028218333513414955]
('easy', 904);[0.004934999054442827, 0.004636002576715743, 0.008661193072594553, 0.006336664217234561]
('easy', 905);[0.002712015301553526, 0.004200451469405487, 0.05447228347560329, 0.004471357314135521]
('easy', 906);[0.0029397252240464513, 0.010922404253027464, 0.11031240149816199, 0.007991001657188164]
('easy', 907);[0.005216781522629078, 0.004324863785444991, 0.0091557367056346, 0.005553235024223727]
('easy', 908);[0.001999749964916478, 0.3159303938776469, 0.00423347070894938, 0.001820793063225813]
('easy', 909);[0, 0.0028296335301082752, 0.41995492639973087, 0.0043826221454627565]
('easy', 910);[0.00555413276498652, 0.00591234355242228, 0.011045711940763389, 0.00629365695077225]
('easy', 911);[0.002412823810228143, 0.009249299020454524, 0.060313005902230446, 0.011156784264412094]
('easy', 912);[0.005413935036306124, 0.002897870601442227, 0.004216376845772924, 0.0037209395065240115]
('easy', 913);[0.0030437024440162145, 0.0068590893395164025, 0.015457196435203484, 0.1661804830741257]
('easy', 914);[0.0020772059398404346, 0.003022316808861764, 0.0646199826902097, 0.0036456099581825482]
('easy', 915);[0.0019071895918117, 0.10092531022591185, 0.005348845485729678, 0.010637449436476706]
('easy', 916);[0, 0.012599143615905759, 0.009812222914096495, 0.286755152782412]
('easy', 917);[0.003989815932192783, 0.019034351795797683, 0.02156874629253791, 0.0486059200868101]
('easy', 918);[0.002435882802053859, 0.10686426484247562, 0.006417696404892865, 0.0038925296342950657]
('easy', 919);[0.0028483556603867482, 0.01317066313608999, 0.01916320178783937, 0.07119993222394208]
('easy', 920);[0.004646348744866129, 0.01114601121121439, 0.01621735061955516, 0.07268110569297259]
('easy', 921);[0.0018426522219928193, 0.41053287804538596, 0.007519171498054478, 0.003780876869400857]
('easy', 922);[0.00317017881186231, 0.006110679595916807, 0.09558713427089235, 0.003945351276576674]
('easy', 923);[0.0037341155341733797, 0.01303334385705092, 0.07983892952719619, 0.011501885584167398]
('easy', 924);[0.0018008660845496554, 0.15228714133207882, 0.006691029222773124, 0.0023123578246126925]
('easy', 925);[0.003159153846187193, 0.13019768940732462, 0.006482162809328248, 0.006482162809328248]
('easy', 926);[0.0019869723207173616, 0.007858627974756716, 0.006515031420020386, 0.2948929094749817]
('easy', 927);[0.0045636231344182605, 0.0058598080967772245, 0.004287127186230292, 0.02467071357825776]
('easy', 928);[0.001777856389079946, 0.00875091584404787, 0.005307698759980091, 0.32837561615000527]
('easy', 929);[0.0032207283943053782, 0.004135497118536004, 0.01056036184574315, 0.1651918923015976]
('easy', 930);[0.0031895385484085916, 0.04686992682320145, 0.08225928334244811, 0.015216437388057648]
('easy', 931);[0.0031674605033112768, 0.024914006709699333, 0.002390924625635385, 0.0035892029694774446]
('easy', 932);[0.0019120128723123975, 0.0036855012727519017, 0.005362372710418471, 0.13829744793704934]
('easy', 933);[0.003143606992315379, 0.06721328115987502, 0.009682991224106366, 0.02049889258229356]
('easy', 934);[0.0022384051496928577, 0.00418189137200915, 0.13009479631258355, 0.004451600193300145]
('easy', 935);[0.0041320712740945936, 0.12075685230910313, 0.015352507264559995, 0.011956544679748755]
('easy', 936);[0.004052849303387893, 0.02332254300725083, 0.010349313256249, 0.031878136666968045]
('easy', 937);[0.003234647826960547, 0.08880296673741943, 0.007759516756780016, 0.008259962591472608]
('easy', 938);[0.0038907389071541685, 0.0044087847739286605, 0.0038907389071541685, 0.007268857234715038]
('easy', 939);[0.003561548379027994, 0.01097034132531873, 0.04338853127362857, 0.01699119703101178]
('easy', 940);[0.0062760384874736425, 0.004313453965720144, 0.010347438150030454, 0.0055385845256971985]
('easy', 941);[0.0019384783030579338, 0.003097679508114603, 0.00450709708954548, 0.27884415652725253]
('easy', 942);[0.002030157902320153, 0.20071054847494274, 0.003676141050566398, 0.0016830600155274477]
('easy', 943);[0.0018938434957153992, 0.0058334486447163955, 0.010898316848379882, 0.24804451859592835]
('easy', 944);[0.005888131015225689, 0.009119715718708905, 0.009119715718708905, 0.0066721265513577915]
('easy', 945);[0.00547619626085437, 0.007485072822649829, 0.006605553581608609, 0.007031575185707384]
('easy', 946);[0.0025814623886371577, 0.01581337428411841, 0.03563598905248361, 0.01791890060781551]
('easy', 947);[0.004197183957006702, 0.0616771827161919, 0.00370400184163617, 0.003168200667581586]
('easy', 948);[0.003644057931117561, 0.004395572907156439, 0.11336331940636905, 0.003879079475650322]
('easy', 949);[0.002430704452863736, 0.007256743058430908, 0.011964346636440542, 0.27230733923109723]
('easy', 950);[0, 0.3421337164220426, 0.012462219709695431, 0.028084045641692746]
('easy', 951);[0.0053866523262989805, 0.006497542979095726, 0.011403543064261645, 0.010712637316923401]
('easy', 952);[0.0072100864203135375, 0.0027366401282512844, 0.00527501191115733, 0.00527501191115733]
('easy', 953);[0.0030029767114161635, 0.038943185247127886, 0.011877003290794651, 0.016233938725304164]
('easy', 954);[0.002345799372893554, 0.3270542271315088, 0.01349914334862581, 0.004966057311385655]
('easy', 955);[0.002693391656993613, 0.008831291250901235, 0.2277620304198242, 0.004727049570624656]
('easy', 956);[0.0018838595411269647, 0.0020053580429091953, 0.15930534016421857, 0.0025749306966545934]
('easy', 957);[0.003805885595020994, 0.03186628993865102, 0.0055375308657746305, 0.006274844534362326]
('easy', 958);[0.006531439409842582, 0.003496027588797571, 0.005763975048605037, 0.007401090463562827]
('easy', 959);[0.00323325996453498, 0.08876486481492063, 0.007286263806183323, 0.027071754235517383]
('easy', 960);[0.0027512249289162235, 0.0061999810847608965, 0.23265251833172587, 0.0070254989752403935]
('easy', 961);[0.003836441592870319, 0.011101111833181406, 0.07238834229873217, 0.010428529467843863]
('easy', 962);[0.0024172112911247587, 0.05332283988608737, 0.006368503525636701, 0.09358449846442599]
('easy', 963);[0.007550375442289928, 0.031788275533882686, 0.010320139624628756, 0.0066631829411716555]
('easy', 964);[0.0022222061016767664, 0.003663798467714096, 0.06913078902461427, 0.004151627566038837]
('easy', 965);[0.00639241098415588, 0.003642285987393317, 0.0028366151791519205, 0.0032143061022018773]
('easy', 966);[0.0024694051660548713, 0.021332405427884612, 0.02915794111533452, 0.10177121442599492]
('easy', 967);[0.004123326386245313, 0.0038735066694823303, 0.010529282792068734, 0.005294455881238197]
('easy', 968);[0.002071345575075318, 0.015305288654503296, 0.019652374956632884, 0.15457790271393396]
('easy', 969);[0.0032987349506319076, 0.013046749818328816, 0.05847147606423939, 0.2040855046932166]
('easy', 970);[0.0039755575569580355, 0.005433942906170449, 0.062188183397897, 0.005104716948639141]
('easy', 971);[0.002865152981726589, 0.0062580694657980015, 0.007091321734353746, 0.12569671529158777]
('easy', 972);[0.004779779320141618, 0.013830750054797841, 0.00449018713070675, 0.012205594083780818]
('easy', 973);[0.002090606715697214, 0.07369642705504593, 0.03270259126826315, 0.0072969344269562]
('easy', 974);[0.0018562517467487177, 0.267016246001413, 0.003578018890069782, 0.0062796187157088896]
('easy', 975);[0.00664083674724708, 0.011655031459369069, 0.009662360453125563, 0.01405865150424413]
('easy', 976);[0.002651457479979053, 0.11274284092586913, 0.004106657680531662, 0.004371514345598423]
('easy', 977);[0.00499337602580581, 0.004690842666181617, 0.007733892081241332, 0.006411621732213883]
('easy', 978);[0.0049748052978022565, 0.0067997526309885314, 0.003017371939217906, 0.004124258449156188]
('easy', 979);[0.0013972991920397422, 0.0031488623374064688, 0.003458348714048492, 0.3113106302754939]
('easy', 980);[0.005809708795519999, 0.007940930408887851, 0.009578590467747443, 0.00899825300874259]
('easy', 981);[0.0013734207358531599, 0.40537178533287305, 0.005782317276790759, 0.02758589290105022]
('easy', 982);[0.003318180337291768, 0.0037599909161989266, 0.12451379855050505, 0.0029282838698770934]
('easy', 983);[0.00236243971312653, 0.12117004162958589, 0.003437329500152188, 0.005667198261305952]
('easy', 984);[0.0019114969091101237, 0.005531099703497911, 0.010333454661214537, 0.2351883160063239]
('easy', 985);[0.0024525773552077136, 0.006262875679342272, 0.1257931907113259, 0.004877532483350618]
('easy', 986);[0.005106313980288434, 0.005106313980288434, 0.007908813807009784, 0.007908813807009784]
('easy', 987);[0.0031903599350229183, 0.010460787501229179, 0.00982700042597063, 0.11246409117598324]
('easy', 988);[0.0025113767469587553, 0.004140560261452593, 0.1371164917290808, 0.006024479632122818]
('easy', 989);[0.0022595946774726437, 0.026680566419778295, 0.018337267252384055, 0.06813121314469359]
('easy', 990);[0.006990785024966679, 0.005114567582871762, 0.008976345654657264, 0.0048046915979920776]
('easy', 991);[0.003517531535030883, 0.011533541878109819, 0.037817027915556425, 0.037817027915556425]
('easy', 992);[0.0034407961912838875, 0.025424230020774045, 0.009353053762198084, 0.013608612924460682]
('easy', 993);[0.003633035520880877, 0.1363286846533391, 0.005626955490754341, 0.00528603549188464]
('easy', 994);[0.00856164648517878, 0.005884327838061787, 0.006263834378072879, 0.005192901090881835]
('easy', 995);[0.0031555525869197583, 0.13417747831351776, 0.005538167262956639, 0.005202626670867421]
('easy', 996);[0.0031622645903296755, 0.019371219109141254, 0.05265643289947729, 0.017095040863104684]
('easy', 997);[0.0017380401379891118, 0.1887188083940111, 0.002691929225959786, 0.001353587020475453]
('easy', 998);[0.0023109380884779535, 0.006481186147106701, 0.013720671181094723, 0.3122811111481013]
('easy', 999);[0.005772240143534016, 0.013846884271168846, 0.031204435399594412, 0.0796833172812099]
('easy', 1000);[0.008051871125004861, 0.01033880717640036, 0.015042875679055571, 0.011005602951098384]
('easy', 1001);[0.0012595430976939412, 0.39573663034726264, 0.0036446087989967244, 0.00250490055293769]
('easy', 1002);[0.0020694707920972705, 0.15443803047074758, 0.003866280441359785, 0.0030110622353046574]
('easy', 1003);[0.003375774032051695, 0.004911722234326285, 0.10501725194084371, 0.004911722234326285]
('easy', 1004);[0.004506338502958375, 0.00578625317399714, 0.007429696142802446, 0.012249498065477088]
('easy', 1005);[0.0036309884408181454, 0.017322477037951936, 0.04423450529797782, 0.0879708181345249]
('easy', 1006);[0.00708092477822084, 0.005514629762148103, 0.015957110313360636, 0.005514629762148103]
('easy', 1007);[0.004661545641447863, 0.026825343022598726, 0.03235754020495262, 0.013488629561665088]
('easy', 1008);[0.0022445754775513396, 0.003476466507202693, 0.10814970302645524, 0.002043709229210033]
('easy', 1009);[0.0031334811784202044, 0.02464674449295483, 0.008517684947118078, 0.34023781279803555]
('easy', 1010);[0.002480730386612117, 0.1441786315323157, 0.003609441414503121, 0]
('easy', 1011);[0.0020470604124682113, 0.00809628098776522, 0.11176571152684954, 0.020674577779872562]
('easy', 1012);[0.0033320506089651696, 0.09438082362539302, 0.008778784100797653, 0.004554373194244846]
('easy', 1013);[0.002288571835347762, 0.006220983233148988, 0.14158889200763322, 0.007987900588151582]
('easy', 1014);[0.0020156629373310714, 0.1504225570815327, 0.0045423665485719265, 0.0025085330559873886]
('easy', 1015);[0.0023634673036710867, 0.0041480142978813405, 0.1656918301397695, 0.0041480142978813405]
('easy', 1016);[0.0032335529081186985, 0.06494764632909898, 0.00415196412022897, 0.003900409330875955]
('easy', 1017);[0.0034922854304940505, 0.01145076308820136, 0.005757805272611695, 0.15807294622567716]
('easy', 1018);[0.00494284376181347, 0.009830018595409537, 0.023580994369911592, 0.014302592661858146]
('easy', 1019);[0.0016995175052056631, 0.09877498558011613, 0.0024727833790675843, 0]
('easy', 1020);[0.002474504306411425, 0.112004643935202, 0.009786854383054554, 0.005936027245465557]
('easy', 1021);[0.0029488958616147106, 0.006242812588027389, 0.059230170832669064, 0.010956477305147844]
('easy', 1022);[0.0023027640541803496, 0.004302129635142673, 0.2206571291310147, 0.00487495154095487]
('easy', 1023);[0.001950772931761344, 0.18692842480117774, 0.008742757726986159, 0.0030214162224673057]
('easy', 1024);[0.0027355898598190706, 0.010486587749810634, 0.009851237516511882, 0.2386735801705299]
('easy', 1025);[0.004259994070168073, 0.009600044830445739, 0.017935244945648358, 0.013121705511222602]
('easy', 1026);[0.0023606154893584036, 0.005319729124503494, 0.08321456441820278, 0.005319729124503494]
('easy', 1027);[0.002801625847966254, 0.011080645177623956, 0.04116960111766309, 0.11191057860305077]
('easy', 1028);[0, 0.0032310729775891353, 0.010594280428512518, 0.19989945431124098]
('easy', 1029);[0.003609840735452934, 0.002811346791533801, 0.0038426554604656183, 0.004934067278811791]
('easy', 1030);[0.003112594012381657, 0.0037545050519013777, 0.0968299615093551, 0.00619013234002089]
('easy', 1031);[0.002692089682226982, 0.005353859622520684, 0.2276519040260272, 0.0060667177491962555]
('easy', 1032);[0.004519784159897745, 0.0054519003745224556, 0.0061778124756645715, 0.010842398555242537]
('easy', 1033);[0.002760520881926895, 0.0035445789756913927, 0.19352745471912738, 0.007987832027745115]
('easy', 1034);[0.0028560058006678567, 0.22688058847282822, 0.003903697088565273, 0.003903697088565273]
('easy', 1035);[0.0034422091235589056, 0.005675243400209614, 0.006041265152533285, 0.2568811309349896]
('easy', 1036);[0.0012115870984841233, 0.278503646262152, 0.002486015310566278, 0]
('easy', 1037);[0.003531521039988074, 0.03247526321410309, 0.003317556996565428, 0.0018902869967088868]
('easy', 1038);[0.006330349290359903, 0.004930080984447804, 0.009210603869008082, 0.005248043889960994]
('easy', 1039);[0.0054761779821078365, 0.004006457398603576, 0.009028691121240896, 0.0051443931306836424]
('easy', 1040);[0.004438135159409971, 0.004438135159409971, 0.0036793432775710784, 0.10752617207231627]
('easy', 1041);[0.003981132906156332, 0.02438739568586406, 0.006987105846927559, 0.09061016729750532]
('easy', 1042);[0.0019023730358705998, 0.0033387686558803975, 0.15112420873810875, 0.0026002356436939152]
('easy', 1043);[0.0018114939250454128, 0.30464643595204477, 0.003834932669414898, 0.0028947590498357833]
('easy', 1044);[0.0038526711303213425, 0.01344714354713365, 0.0076619514348480145, 0.025122571570943237]
('easy', 1045);[0.0014862637356816168, 0.0041683297283793275, 0.2745176424287755, 0.005027965407931885]
('easy', 1046);[0.002966983487206336, 0.1045897731489426, 0.003258593875537413, 0.001976437093065254]
('easy', 1047);[0.0029289332281352016, 0.00400337706337984, 0.13257364081488582, 0.0027514781346186503]
('easy', 1048);[0.002683075343888963, 0.003903851590132219, 0.006851472913343417, 0.2570996243087167]
('easy', 1049);[0.0017775775018682124, 0.00311974567276166, 0.003763131600985322, 0.24783209568804784]
('easy', 1050);[0.0034484799501211623, 0.004427935904893647, 0.0050175087209092945, 0.10727904117784419]
('easy', 1051);[0.0018146192101315295, 0.011832803641544005, 0.07715957223289192, 0.0028105372131352517]
('easy', 1052);[0.005717240783447556, 0.009426136489384252, 0.005045447282722794, 0.005370850675220584]
('easy', 1053);[0.0017726884134844874, 0.23954643279251575, 0.003871907470056269, 0.006795409236641623]
('easy', 1054);[0.0039333199955173545, 0.007348409180912625, 0.00474448955924543, 0.00474448955924543]
('easy', 1055);[0.0022462596862738143, 0.006918966932705934, 0.008884129398816441, 0.18995103949680942]
('easy', 1056);[0.006787151483848818, 0.009276936160618594, 0.005989640161869022, 0.0032060233493567286]
('easy', 1057);[0.005703212676130569, 0.00444166649819325, 0.00940300805046307, 0.006071038291771087]
('easy', 1058);[0.004608100453037557, 0.004066634376604315, 0.005916918104350519, 0.005916918104350519]
('easy', 1059);[0.0016257007115601937, 0.1607240517132183, 0.003133620138405549, 0.003133620138405549]
('easy', 1060);[0.003486771145244572, 0.006934272424406239, 0.07935856440145642, 0.010089306844134819]
('easy', 1061);[0.004576731195637734, 0.006659104596668198, 0.024741575087717856, 0.008032413398559481]
('easy', 1062);[0.0019279878196529266, 0.011094803866281184, 0.2525165720798145, 0.008640641939083437]
('easy', 1063);[0.0030052213856171786, 0.08782544259871251, 0.017293855027662265, 0.023637897200967997]
('easy', 1064);[0.006140551797635759, 0.0037244329328196143, 0.007884624580651915, 0.005768514571581803]
('easy', 1065);[0.0023678090675587258, 0.006046412273623771, 0.10068182752657218, 0.005335940103222459]
('easy', 1066);[0.002295038033697594, 0.002155988708509274, 0.19407591865632176, 0.0016274256586239343]
('easy', 1067);[0.002140506533630419, 0.08550223354914842, 0.0029257255434964615, 0.004256905547316522]
('easy', 1068);[0.0038355544568717025, 0.08729681706390884, 0.06386771572125159, 0.009794431426893855]
('easy', 1069);[0.001891601635181253, 0.4214384653149019, 0.00302277080613882, 0.0020775179673015553]
('easy', 1070);[0.0021218902506437245, 0.3052274388545631, 0.00493354264420954, 0.002189246277538281]
('easy', 1071);[0.005880454212443655, 0.005880454212443655, 0.008556010393160954, 0.015016265885517847]
('easy', 1072);[0.004149553410831509, 0.016411802105695386, 0.013605861827435884, 0.07355259412164625]
('easy', 1073);[0.0018303397920204152, 0.004822303065269579, 0.15001746903162774, 0.004530134492359708]
('easy', 1074);[0.0038406825574849417, 0.005588160147414466, 0.008130725037999631, 0.005948565512468308]
('easy', 1075);[0.0012713681602095663, 0.0041686557099036, 0.08638755379303849, 0.04080659098494656]
('easy', 1076);[0.0020435240794621566, 0.16233720564155216, 0.002315616149447353, 0.0015914981533103993]
('easy', 1077);[0.006739624343456424, 0.002990690173365752, 0.005587344826322839, 0.004632071554336245]
('easy', 1078);[0.003355842310590433, 0.004047918507320979, 0.0763786189394566, 0.002533122674063953]
('easy', 1079);[0.0030127641229228588, 0.012684210733173868, 0.09976902178873247, 0.0030127641229228588]
('easy', 1080);[0.0029428388016310746, 0.009649196949940212, 0.05216306588000472, 0.026229236728244922]
('easy', 1081);[0.002203998241930951, 0.005806761959854632, 0.09669126752940238, 0.010848459557269626]
('easy', 1082);[0.005637230559961672, 0.01532358139397782, 0.008202122066967589, 0.014395172530588295]
('easy', 1083);[0.0034026042399626527, 0.08775431995231915, 0.0030027877024882523, 0]
('easy', 1084);[0.0075844822769398, 0.010366758140281544, 0.0062877566539062775, 0.009738668016008417]
('easy', 1085);[0.003029860555541773, 0.018560146064635692, 0.010575252452126649, 0.0647812751061643]
('easy', 1086);[0.002780862827030528, 0.412716661790352, 0.019303013989615342, 0.014122386720578252]
('easy', 1087);[0.002875999319213939, 0.006481164513850116, 0.017617631725252374, 0.16715143587144382]
('easy', 1088);[0.002138653793660027, 0.004972519049475496, 0.008727042714605766, 0.21143689024962178]
('easy', 1089);[0.001639503954974112, 0.25901700854588755, 0.0033640436902135085, 0.0019167743163280909]
('easy', 1090);[0.0021884927013760486, 0.003608214467530675, 0.004931844434113134, 0.17385355050851983]
('easy', 1091);[0.0038457203226283047, 0.12343456331117324, 0.005094751669751834, 0.008941567644054212]
('easy', 1092);[0.0018482330230948512, 0.007309903408175575, 0.008283205739042074, 0.08365741444436806]
('easy', 1093);[0.003347763089606227, 0.0032447632475995623, 0.08633992745813177, 0.004575849608935003]
('easy', 1095);[0, 0.43367512289330956, 0.002137839136970802, 0.001256770794639185]
('easy', 1096);[0.0023817543383986574, 0.007336319843119163, 0.010027560310161466, 0.08395971451543736]
('easy', 1097);[0.0018181339070991334, 0.03222719461294228, 0.10566890303063096, 0.009828739040845271]
('easy', 1098);[0.0030952078482434794, 0.06617846183088316, 0.01303131178155602, 0.007903890131788185]
('easy', 1099);[0.0022824340137997828, 0.005475274565814457, 0.05194795871198019, 0.02305176694264421]
('easy', 1100);[0.003382573781939033, 0.003382573781939033, 0.00408016281667319, 0.00408016281667319]
('easy', 1101);[0.004098629057421399, 0.036530691854313554, 0.018368785429474687, 0.023585987365128947]
('easy', 1102);[0.004989827175902046, 0.0053116433797054784, 0.004989827175902046, 0.00875741942249394]
('easy', 1103);[0.004202749460019849, 0.027405369036854487, 0.005069483529413635, 0.03518919039702841]
('easy', 1104);[0.004548342052494264, 0.004013897773221449, 0.05205301833327878, 0.013161064115803265]
('easy', 1105);[0.0024249415433512584, 0.0029250378426678865, 0.002350333935478398, 0.2802850664833342]
('easy', 1106);[0.0022015634896921476, 0.0026555924772874843, 0.1695110140397455, 0.003104702150705768]
('easy', 1107);[0.002766657790577389, 0.006234759575380583, 0.1252284638017086, 0.005857014588613919]
('easy', 1108);[0.00548484895106426, 0.004012801215010207, 0.00427160465811722, 0.0031251727285598343]
('easy', 1109);[0.004221951693227864, 0.018921474759034603, 0.03320822239240043, 0.04831767847567452]
('easy', 1110);[0.005758104543758875, 0.004773636332302976, 0.0065247872563574325, 0.00694559988001035]
('easy', 1111);[0.004208284216107012, 0.007385768811291131, 0.11553289024192946, 0.0089089377554094]
('easy', 1112);[0.0024933401494495367, 0.08789326996208596, 0.0025724872618473867, 0.003627788511171939]
('easy', 1113);[0, 0.006783369226220543, 0.014360392764598797, 0.2884361303362856]
('easy', 1114);[0.002806747093922005, 0.007167279790487987, 0.11211509264326064, 0.004083792924661103]
('easy', 1115);[0.005611521800563146, 0.02219399925356866, 0.03659171865126142, 0.019586135597239165]
('easy', 1116);[0.0033107869066037222, 0.008454390542596033, 0.1807628833517442, 0.007942164913841422]
('easy', 1117);[0.0025423738222267347, 0.22885722545229908, 0.0039377056063190355, 0.004749779615656605]
('easy', 1118);[0.003915893562773551, 0.05405724319205007, 0.008824602366734468, 0.011331013731049853]
('easy', 1119);[0.003740877112343647, 0.025966840128667967, 0.07058518966425927, 0.03778152945197528]
('easy', 1120);[0.0020966005528795352, 0.005523806736254416, 0.17184063165704194, 0.013250923508249747]
('easy', 1121);[0.0027725333427809852, 0.002159251138449411, 0.20053949863192508, 0.0015797418797104182]
('easy', 1122);[0.003210371005121468, 0.08024917715062349, 0.0037533039611352408, 0.0026614910434077763]
('easy', 1123);[0.0033308305989919957, 0.003129025774711915, 0.20607116757812646, 0.00401774862420115]
('easy', 1124);[0.0038282712461040294, 0.005570101795911086, 0.07689288346560015, 0.006311752233461399]
('easy', 1125);[0.0024142140436414212, 0.005110891170495441, 0.07994778918020778, 0.016757966989726886]
('easy', 1126);[0.005011571572943721, 0.005334790169868852, 0.0068500061708075205, 0.013622863938754831]
('easy', 1127);[0.004245371350969877, 0.016790769410374842, 0.013920036757853497, 0.09077004184630907]
('easy', 1128);[0.003162317366754201, 0.004060495874545445, 0.005213779907272069, 0.00915046870662388]
('easy', 1129);[0.003332684618647776, 0.01589934909521599, 0.11036335738230325, 0.007510320722933149]
('easy', 1130);[0.004516418989260025, 0.0022709980871475407, 0.002739346589094548, 0.002343087304857548]
('easy', 1131);[0.0016848972417848622, 0.002163450882958834, 0.24236729886501748, 0.00829335488473174]
('easy', 1132);[0.008432343570449407, 0.007921453700211396, 0.008976183006435032, 0.010827343466700496]
('easy', 1133);[0.0019758952651262865, 0.007115472187704945, 0.18351046826839512, 0.029957256861956515]
('easy', 1134);[0.007259311043973115, 0.00565355712560516, 0.006819491621734475, 0.004989246651931622]
('easy', 1135);[0.005642883654752675, 0.005642883654752675, 0.009903569236958832, 0.005642883654752675]
('easy', 1136);[0.0035454579818862348, 0.01199412974980822, 0.016394031613399248, 0.057220806428736594]
('easy', 1137);[0.004669144907468577, 0.0881003221881041, 0.011923079213879959, 0.02371188003879292]
('easy', 1139);[0.004515764343404998, 0.0057983561927042486, 0.013909533416299346, 0.0057983561927042486]
('easy', 1140);[0.003102936491206579, 0.27072377958819355, 0.0196111624789301, 0.01842298220966444]
('easy', 1141);[0.0033314183084401797, 0.003774991502727493, 0.125010549753044, 0.0031295778766446776]
('easy', 1142);[0.0021945746247334897, 0.09933400866907781, 0.04140857547655424, 0.008679711014995586]
('easy', 1143);[0.00271829064096306, 0.0047707486483938135, 0.21594062385876966, 0.003715462783205948]
('easy', 1144);[0.005888861057190913, 0.005196901642722027, 0.007103322341820895, 0.004882037289329883]
('easy', 1145);[0.002472876530907041, 0.004766594270358623, 0.06580080422004797, 0.0014537291178962446]
('easy', 1146);[0.002126782857866076, 0.0033985893299029943, 0.12753112373778372, 0.00319267921164937]
('easy', 1147);[0.0023378241743755106, 0.28764308355670076, 0.00984260741133582, 0.004103009204392104]
('easy', 1148);[0.0031264813967540927, 0.008237181363157191, 0.14600755063281612, 0.008768433918182291]
('easy', 1149);[0.0030040279326351603, 0.025152423928229535, 0.018401906451784213, 0.07278095186481373]
('easy', 1150);[0.002068049300898867, 0.08793567293819256, 0.004660421041247554, 0.004960992374632222]
('easy', 1151);[0.0021488340311927724, 0.00531841530490758, 0.016381872431719856, 0.21244335411596008]
('easy', 1152);[0.004864158959616794, 0.010961551426031254, 0.026295394899456186, 0.012421065041619779]
('easy', 1153);[0.0067890482593323635, 0.008717310520102424, 0.004383339004485786, 0.010515083642943287]
('easy', 1154);[0.002743520533410515, 0.012295605988833964, 0.09085292242184183, 0.014831331878693297]
('easy', 1155);[0.0020326376356169266, 0.20733472493763322, 0.004303093908368582, 0.0016851157866357947]
('easy', 1156);[0.002225153827638692, 0.1253457663303101, 0.0556218466391267, 0.020462133858525598]
('easy', 1157);[0.0022433727860612747, 0.004191172138572438, 0.003066327040185316, 0.13879254306014388]
('easy', 1158);[0.002535418699328389, 0.002784612681930965, 0.14282338411307274, 0.002615901528282015]
('easy', 1159);[0.0029165699418070056, 0.08007056019233337, 0.005118739658718812, 0.014811564315739899]
('easy', 1160);[0.003971082449357172, 0.013020678073518888, 0.010794521261400238, 0.04269314959719407]
('easy', 1161);[0.002465808158193554, 0.004194480972452502, 0.13890213313489985, 0.004194480972452502]
('easy', 1162);[0.0048109273118956165, 0.007931878190914492, 0.006999857935160344, 0.12407545069069584]
('easy', 1163);[0.001941572682434077, 0.010173113469297434, 0.006991871819372158, 0.09651981322999487]
('easy', 1164);[0.0037757782092590645, 0.007993322531727215, 0.03813400903628031, 0.007993322531727215]
('easy', 1165);[0.004888783651288247, 0.009133450293280007, 0.009722507227998266, 0.018164034824813324]
('easy', 1166);[0.005628646123804269, 0.003634127075618293, 0.005991662609999133, 0.005991662609999133]
('easy', 1167);[0.0027914792562906167, 0.003815499759497627, 0.2360566675957123, 0.005551519392546859]
('easy', 1168);[0.0011656448348592555, 0.3549667779255529, 0.002546002393422623, 0.0016438226935952028]
('easy', 1169);[0.004655916472431035, 0.004373828753570152, 0.01188929922162142, 0.010492269736982345]
('easy', 1170);[0.00291578289544941, 0.21759558805673113, 0.0054473996071733805, 0.003985402689725842]
('easy', 1171);[0.0032956031031512534, 0.009536143772878336, 0.07500759878082666, 0.008958378029109293]
('easy', 1172);[0.0027852261962473595, 0.01101578329684655, 0.11125547013156929, 0.013287571033722688]
('easy', 1173);[0.0025192771972570916, 0.004561821675057163, 0.15106680453304214, 0.0032348159529599625]
('easy', 1174);[0.006176383922744582, 0.013075404867056536, 0.019024601824224305, 0.00844211588486314]
('easy', 1175);[0.002203508554450343, 0.23189881305993082, 0.003990038530023517, 0.002273455424422019]
('easy', 1176);[0.0016623995347791697, 0.3589783432694382, 0.0061765635782482144, 0.0037462751818719132]
('easy', 1177);[0.0024231094967154566, 0.07538072693276802, 0.062492817576870224, 0.006586694513288168]
('easy', 1178);[0.00375277603240274, 0.020287315558663126, 0.024471173706408365, 0.029517869963505108]
('easy', 1179);[0.0036454065754677484, 0.006397887786788366, 0.008744875770354786, 0.08832009552969843]
('easy', 1180);[0.0052641468650367175, 0.008679110908475432, 0.010469006115882676, 0.0052641468650367175]
('easy', 1181);[0.0024892512527561837, 0.005971403330713458, 0.16393695997852767, 0.006356525757508125]
('easy', 1182);[0.0053671743076342355, 0.006081805264035749, 0.2282180588435455, 0.008848974444551797]
('easy', 1183);[0, 0.007872629050255415, 0.012193366402942846, 0.5875092245092546]
('easy', 1184);[0.005630460764848607, 0.005993594285335754, 0.005630460764848607, 0.005993594285335754]
('easy', 1185);[0.003942786031208545, 0.01767034106274893, 0.10168576772184978, 0.007366094063825599]
('easy', 1186);[0.003356013535321725, 0.0048829708812355875, 0.1183035268553348, 0.006269858720452634]
('easy', 1187);[0.004324797793764243, 0.007590256508357559, 0.06355242450098807, 0.00460372328740222]
('easy', 1188);[0.0027816200868105013, 0.08653364385185934, 0.0029610191692243937, 0.0038020238725837425]
('easy', 1189);[0.002048612046118357, 0.2089641594956279, 0.004616618511431747, 0.0022499601685074017]
('easy', 1190);[0.002153441664553743, 0.13745781885222746, 0.0032326988204233907, 0.0022217992408372187]
('easy', 1191);[0.0021202244766328946, 0.0038392305475639303, 0.2528438155559608, 0.0033881090665333286]
('easy', 1192);[0.0017604967397840045, 0.1795755494610204, 0.0027267106912240774, 0.0017604967397840045]
('easy', 1193);[0.005995449393903404, 0.004669260682836951, 0.005632203478069994, 0.0024223805309122226]
('easy', 1194);[0.00435204897217991, 0.006332193890519737, 0.012593071254736668, 0.010440022757497289]
('easy', 1195);[0.0014513409554367646, 0.19612217496951487, 0.0021787208225326387, 0.0033744688222036305]
('easy', 1196);[0.0017316835822318794, 0.27358007084772173, 0.013620746443941182, 0.02245681973906137]
('easy', 1197);[0.0034546122941134035, 0.10416333906653429, 0.006658939482672625, 0.0036774156447932325]
('easy', 1198);[0.0032468526720163073, 0.25792945531480643, 0.008291128755144287, 0.007316895445344906]
('easy', 1199);[0.0027681581791051115, 0.01028495534929379, 0.015929650465085425, 0.05559994331563966]
('easy', 1200);[0.005419764765885441, 0.006141398060449177, 0.008935681451706427, 0.006141398060449177]
('easy', 1201);[0.0024445899770841975, 0.14207815465941734, 0.00486164768519266, 0.005508968553831979]
('easy', 1202);[0.004884619653960034, 0.023303217064438244, 0.010340739888579989, 0.01601605124972724]
('easy', 1203);[0.0036657556697764345, 0.009964557024724, 0.07837733083103142, 0.007760404813814718]
('easy', 1204);[0.004067801895840494, 0.0265254067042608, 0.03005722357390155, 0.009166933079768395]
('easy', 1205);[0.002535724590186727, 0.004737357214777831, 0.054216182315683904, 0.002308803512971156]
('easy', 1206);[0.001468259158434553, 0.005455244573694445, 0.003991142189841216, 0.3375041111666734]
('easy', 1207);[0.002281045702428393, 0.0037608085690328066, 0.15022497130980586, 0.004003359882786227]
('easy', 1208);[0.0019257266601741447, 0.0028019157574547633, 0.005749157844833826, 0.22964933189220163]
('easy', 1209);[0.004117119977472655, 0.00528648669462775, 0.1130300694147031, 0.004117119977472655]
('easy', 1210);[0.0027528731515969076, 0.012337521515538965, 0.15999541341586135, 0.010228164582558983]
('easy', 1211);[0.008757202280310518, 0.013563420223012851, 0.011969676335262103, 0.0056540747479134615]
('easy', 1212);[0.002470551143409609, 0.002980053521922262, 0.14358705397192406, 0.0033768430384225586]
('easy', 1213);[0.0037058108779087105, 0.011414701105038132, 0.012934550899394152, 0.0451460186396321]
('easy', 1214);[0.0037687217191742783, 0.010244447765750373, 0.005483457745483722, 0.12480292303699611]
('easy', 1215);[0.0014313986152922132, 0.3728409197731662, 0.0016734745249596126, 0]
('easy', 1216);[0, 0.423500923806799, 0.0030375636253250383, 0.003233469647768948]
('easy', 1217);[0.00205785728068782, 0.005254922658162459, 0.003611652003830815, 0.2531963529813007]
('easy', 1218);[0.003260507187776707, 0.061521242638670995, 0.057793858975284926, 0.009434590374493554]
('easy', 1219);[0.0038772561107375024, 0.06872600899035107, 0.006005211739874583, 0.0072436680548147205]
('easy', 1220);[0.0010514983027548224, 0.43767034185542397, 0.004030804976497714, 0.0027703290452441754]
('easy', 1221);[0.0031098509351124327, 0.0036357840930774277, 0.08275004481200501, 0.003208568200607172]
('easy', 1222);[0.005639642248469455, 0.006802707076016411, 0.03677507823777818, 0.015330137043024432]
('easy', 1223);[0.005274672353658575, 0.00465488201425229, 0.006362469348767534, 0.0031992505024325242]
('easy', 1224);[0.006432159864343648, 0.050592856280477515, 0.00567636115721222, 0.015429949385420737]
('easy', 1225);[0.006910578804415553, 0.005729071052340791, 0.006491888000469902, 0.006910578804415553]
('easy', 1226);[0.001872992004424562, 0.18517237621719004, 0.002481311260682688, 0.001993789610307401]
('easy', 1227);[0.0026097779371412155, 0.005190163170881915, 0.008557132418237436, 0.17187457865406658]
('easy', 1228);[0.0012063906183091711, 0.0034908070002262802, 0.005240321972824716, 0.39106853362196337]
('easy', 1229);[0.006221867281955956, 0.005158109146195431, 0.0090527634781398, 0.006221867281955956]
('easy', 1230);[0.005271368468869239, 0.008164455199849296, 0.017284151793714397, 0.016236957974666275]
('easy', 1231);[0.004658985681127007, 0.07757907660481814, 0.015276225935049237, 0.005619809460194607]
('easy', 1232);[0.0032559814003742635, 0.006892912678682876, 0.2753364639089262, 0.008314439779644685]
('easy', 1233);[0.0019221359500385016, 0.009169997757101502, 0.30366862018661106, 0.012533900854884946]
('easy', 1234);[0.00383466386899159, 0.07235479910993836, 0.03872873313179017, 0.0118115962592051]
('easy', 1235);[0.00538244154113831, 0.008336488539542013, 0.012911806034258884, 0.010055724650346909]
('easy', 1236);[0.008896991583257567, 0.014668659268556762, 0.005744329505371607, 0.006509178092917963]
('easy', 1237);[0.0035450302843399485, 0.006622988497692911, 0.009052551962604313, 0.14160573796350442]
('easy', 1238);[0.002458307473827196, 0.006476777545947479, 0.006894493809304703, 0.2283143329559038]
('easy', 1239);[0.007034432450784369, 0.01089514211346999, 0.003121510477982622, 0.005831749331573358]
('easy', 1240);[0.00289379436086793, 0.05129373236667808, 0.004481996384128846, 0.0018108902381150883]
('easy', 1241);[0.002053709742937487, 0.19679206609219063, 0.004347703559916272, 0.0021861626415825767]
('easy', 1242);[0.00480535375865179, 0.02943635350663381, 0.022925055161733106, 0.03779702607712314]
('easy', 1243);[0.004052472473824413, 0.009132387693987285, 0.06747972498805596, 0.014144518759321009]
('easy', 1244);[0.004034429646106797, 0.007080644538578425, 0.00967809360329402, 0.049149414798579115]
('easy', 1245);[0.0023244264920423375, 0.14837212226531335, 0.004480449331117574, 0.002252911407184697]
('easy', 1246);[0.001525784372810412, 0.15563423715290972, 0.0022200031629977662, 0.0014788409227724957]
('easy', 1247);[0.0015468528652309093, 0.19032292198894343, 0.003710707121804645, 0.00218141218274806]
('easy', 1248);[0.0054124818100621756, 0.018891422272206353, 0.01382125649213212, 0.010764005379103233]
('easy', 1249);[0.002022934574162291, 0.00603936706966449, 0.0068434994524930485, 0.1999963700563828]
('easy', 1250);[0.002725104121239367, 0.007407601013423826, 0.011473116889783731, 0.19104454810714427]
('easy', 1251);[0.002554654875851284, 0.0049242261559698545, 0.2525646801710888, 0.0038349911862900167]
('easy', 1252);[0.0012055429949610298, 0.008368126996635951, 0.0037133338451740693, 0.48635069798322206]
('easy', 1253);[0.002933628247806581, 0.003221960311753252, 0.09126252152186184, 0.0028433699953727422]
('easy', 1254);[0.005154465339081983, 0.019151166613777384, 0.00621747201159266, 0.004273201854750575]
('easy', 1255);[0.0037787014403504117, 0.02972179617891669, 0.01590892728789292, 0.009064633528534491]
('easy', 1256);[0.0018289011533313762, 0.09985461956537701, 0.0072334443800635235, 0.006795192139766398]
('easy', 1257);[0.002429212054538585, 0.004831065034421866, 0.007965079682386977, 0.21867070047021017]
('easy', 1258);[0.0017230030322274432, 0.006204772272867449, 0.24784875900107545, 0.013135503004738253]
('easy', 1259);[0.0019357894203417556, 0.1797856542630139, 0.001461210515585302, 0.0012498395867183577]
('easy', 1260);[0.0048948624139065686, 0.0033641864582348827, 0.007581311214303904, 0.0038121226809772228]
('easy', 1261);[0.003474595458091975, 0.016576367845833308, 0.009444929694977748, 0.03735542158622784]
('easy', 1262);[0.002802277852445057, 0.03413873301362501, 0.01827314700070133, 0.041179172437941156]
('easy', 1263);[0.0029449570752695395, 0.00852151584875987, 0.0713497786451182, 0.007520211341856125]
('easy', 1264);[0.0027377404068026027, 0.008432834128997082, 0.006567497823174196, 0.21748565865214142]
('easy', 1265);[0.0026136634767218755, 0.17759450115141562, 0.00607694965190045, 0.008841909570582222]
('easy', 1266);[0.0023271313862002867, 0.004347653804682329, 0.18486698801250162, 0.004213890559495638]
('easy', 1267);[0.0035626235516425394, 0.016996326392680332, 0.13368646249726077, 0.021823715078522224]
('easy', 1268);[0.005540827191087948, 0.004315200555282626, 0.01248644682505354, 0.009135279647220343]
('easy', 1269);[0.0039434177842899475, 0.00370449817869295, 0.13901025202938466, 0.0050634486636467494]
('easy', 1270);[0.0014085995137818816, 0.23689004240096675, 0.0035969848690259776, 0.0035969848690259776]
('easy', 1271);[0.0026685184155842427, 0.2808367157972112, 0.006604646509155072, 0.003535212525353306]
('easy', 1272);[0.0061666491145805835, 0.018994616504096572, 0.011520817279218169, 0.018994616504096572]
('easy', 1273);[0.005930764815325492, 0.0052338815794824465, 0.06376173073308206, 0.007153867922447244]
('easy', 1274);[0.0033699391089817327, 0.11159705666720296, 0.005219463796543021, 0.0023896446566165244]
('easy', 1275);[0.0026519253172244874, 0.005614125940619812, 0.011165022617064549, 0.09951276336878595]
('easy', 1276);[0.004547593871655022, 0.0037700877372607556, 0.005153098960842068, 0.004547593871655022]
('easy', 1277);[0.00504328488102842, 0.006475705970837503, 0.039668517789073716, 0.006893353123537819]
('easy', 1278);[0.002407848328651456, 0.003503398645890654, 0.15857591217251296, 0.003729348445930933]
('easy', 1279);[0.0025233023114618657, 0.0030436835765191832, 0.11421335636371721, 0.005018185853887819]
('easy', 1280);[0.0034403023761800586, 0.0136066598478381, 0.11392716806176574, 0.03474582314688748]
('easy', 1281);[0.003310278602224818, 0.08274655282647206, 0.015306573179344507, 0.008721422503077498]
('easy', 1282);[0.002337937882807169, 0.021499271605834275, 0.00742995122555525, 0.24604613420332525]
('easy', 1283);[0.0016196198589287923, 0.25587555891508834, 0.0024313373766632336, 0.0024313373766632336]
('easy', 1284);[0.00403055127552017, 0.01029237324735039, 0.03592390391453095, 0.020468823447783707]
('easy', 1285);[0.005617017870973084, 0.011170773907317522, 0.00926089684177607, 0.012658145172636118]
('easy', 1286);[0.0033239605115419715, 0.006209975788352631, 0.013994396466804422, 0.09125492805821844]
('easy', 1287);[0.0031650599364909, 0.00808226368796048, 0.0075925840855730915, 0.2218878584007686]
('easy', 1288);[0, 0.12637134049858917, 0.005215968155467846, 0.002791906566005282]
('easy', 1289);[0.005854113544273503, 0.012393158470479492, 0.008517684947118078, 0.009067028429015253]
('easy', 1290);[0.004284662515549422, 0.0027663860394053093, 0.0055016155718946936, 0.006636215123504887]
('easy', 1291);[0, 0.17553065183695907, 0.0032149560329498674, 0.0016678972177721315]
('easy', 1292);[0.004342440955114641, 0.007621221220849079, 0.034155943848107835, 0.018282359296552617]
('easy', 1293);[0.00413783849605951, 0.015373935093665412, 0.026982089948910534, 0.10671623589268531]
('easy', 1294);[0.005391190306608693, 0.0032699222133037247, 0.003705307297653969, 0.011413149968652694]
('easy', 1295);[0.0034082161817891423, 0.02087785526570228, 0.012663059327691281, 0.17480816275043887]
('easy', 1296);[0.0036446956942777164, 0.06877034621864321, 0.0038797583710004097, 0.0036446956942777164]
('easy', 1297);[0.0014449170424418244, 0.00553893314905225, 0.008059100178015182, 0.30241557519699397]
('easy', 1298);[0.0036769474825063936, 0.010639600322313068, 0.20075453031387608, 0.016478935344555967]
('easy', 1299);[0.002488249653752299, 0.0030014020004673044, 0.2104145750276722, 0.0034010340338612036]
('easy', 1300);[0.0049820504374823455, 0.0049820504374823455, 0.0072488406137316665, 0.006809655562792381]
('easy', 1301);[0.004380722931540666, 0.008184267907481483, 0.0072225910782749165, 0.004380722931540666]
('easy', 1302);[0.0049947310141115805, 0.015384854625479935, 0.005659771722125438, 0.003889900425021131]
('easy', 1303);[0.0026877209881324385, 0.11428480452966919, 0.004431302762841118, 0.0028610640989842145]
('easy', 1304);[0.0018099397744023443, 0.2297619035817617, 0.003713755285110495, 0.001867393430210032]
('easy', 1305);[0.0036910306316070575, 0.013713842483967661, 0.016542051639956354, 0.0187446002263681]
('easy', 1306);[0.0030184641823090682, 0.010535475201073272, 0.047216712802124895, 0.0443559967894284]
('easy', 1307);[0.004136674545458338, 0.022362651312679328, 0.010563368510719663, 0.015369610492545364]
('easy', 1308);[0.00506098894643939, 0.008344160126772854, 0.021307559336116173, 0.024144627900349654]
('easy', 1309);[0.007646625723118155, 0.003612010232930092, 0.0043569160041783996, 0.005255443878426374]
('easy', 1310);[0.002817874816595383, 0.008153791140484146, 0.22385152330869504, 0.005965441033544863]
('easy', 1311);[0.003492700102724706, 0.005081848663300558, 0.006129879580652709, 0.13951538292854393]
('easy', 1312);[0.0046705254930451455, 0.07305932841212086, 0.015314063521634566, 0.011926604662654237]
('easy', 1313);[0.0020242063302239426, 0.0035525927465080466, 0.19396499178050627, 0.005168991945804104]
('easy', 1314);[0.002667963685600976, 0.03920544016421073, 0.023779301487122907, 0.006012348976523363]
('easy', 1315);[0.003068399590793325, 0.016587611469752774, 0.018796221795654874, 0.04235793968468338]
('easy', 1316);[0.0037929934509586412, 0.012436746728311474, 0.014092680316370058, 0.016999017293025203]
('easy', 1317);[0.002863762516023056, 0.15635613550912145, 0.006062585293995565, 0.006062585293995565]
('easy', 1318);[0.006175683021729865, 0.009565084978815613, 0.03338542699333312, 0.02946253591308062]
('easy', 1319);[0.0030993298556563375, 0.008692285538044912, 0.006359411950900526, 0.21059475073587292]
('easy', 1320);[0.0019345529199451383, 0.3356691533592584, 0.003503022792156149, 0.003290785370284822]
('easy', 1321);[0.0026037692463247615, 0.004292889740410475, 0.2495002374559908, 0.0058676845744687674]
('easy', 1322);[0.003281781267512403, 0.014707923237850537, 0.08463825442302157, 0.009496148965332749]
('easy', 1323);[0.0016807310361179751, 0.006858431966617246, 0.0053413521862434666, 0.25736082221586426]
('easy', 1324);[0.002948474048849083, 0.00517473311035917, 0.09764007399531775, 0.002684616171737231]
('easy', 1325);[0.001842492315532675, 0.12134274861076479, 0.006041299721028673, 0.012789431609779849]
('easy', 1326);[0.002835625246150124, 0.009897304607901086, 0.0068023113459389035, 0.18674843769888738]
('easy', 1327);[0.0015410199101328454, 0.002704574169747191, 0.15718828547089794, 0.0034727419752725395]
('easy', 1328);[0.0019159500753221997, 0.004454717390737312, 0.007818272502055548, 0.24321938644274618]
('easy', 1329);[0.0056728002574940204, 0.003440727282595845, 0.006038664440650191, 0.005329102664621531]
('easy', 1330);[0.0030732082637156396, 0.03103830394791671, 0.01768509249830094, 0.06172703805350594]
('easy', 1331);[0.003304493857200171, 0.10942980757590612, 0.010835018224688126, 0.008982545604281763]
('easy', 1332);[0.0028776413336398105, 0.004895032802688769, 0.03397825423950212, 0.008070544702567838]
('easy', 1333);[0.0034799693508903618, 0.015596140604996783, 0.02913743358373446, 0.014651218213809644]
('easy', 1334);[0.0029179749163135748, 0.013077456289963176, 0.09077553889391148, 0.03339445452032868]
('easy', 1335);[0.0019960297969311334, 0.23803313048010946, 0.0016038549995901574, 0]
('easy', 1336);[0.002873022216538625, 0.003926955771400231, 0.0078096840839760725, 0.122164013257441]
('easy', 1337);[0.006443490472025858, 0.0032399904816894855, 0.003671390202277682, 0.002226810721449981]
('easy', 1338);[0.005425036808319147, 0.005425036808319147, 0.013013986768338922, 0.005774921621881162]
('easy', 1339);[0.007814392572510986, 0.008318377593246823, 0.006896177240821014, 0.0050453510493707835]
('easy', 1340);[0.005139506548662313, 0.0037601433160749623, 0.0048281195882287796, 0.00292840255901989]
('easy', 1341);[0.002523730688552246, 0.005342737909591022, 0.17692718057294568, 0.006054115197394555]
('easy', 1342);[0.0024619463671052798, 0.02061362455303984, 0.006286800289356363, 0.08678660098740798]
('easy', 1343);[0.0027208063974513952, 0.024250283451109137, 0.015657159775667312, 0.024250283451109137]
('easy', 1344);[0.00399974596223107, 0.011573648694029201, 0.01581930215281567, 0.07546966969600924]
('easy', 1345);[0.0025097701922210834, 0.03254719507297056, 0.011248009639537492, 0.06890241251017463]
('easy', 1346);[0.001679084093179991, 0.0034452568606882137, 0.18810462855875415, 0.003236519299678255]
('easy', 1347);[0.003785915619166436, 0.01095491008059652, 0.011661441078738398, 0.13345812589691672]
('easy', 1348);[0, 0.32349156513543975, 0.0027126412775849845, 0.002047609062311202]
('easy', 1349);[0.002156891530239485, 0.004711084229190422, 0.0027695035458660147, 0.310262303124734]
('easy', 1350);[0.0024976429826572477, 0.00769328199776274, 0.008717630594771713, 0.09372336147573335]
('easy', 1351);[0.007298444664293073, 0.006856254255858226, 0.0056840344197547615, 0.009371388451241337]
('easy', 1352);[0.0033297983874959864, 0.00484482806621619, 0.04893103011274791, 0.00548990942860762]
('easy', 1353);[0.0018576569793849562, 0.2358193404122365, 0.0023118914641766047, 0.0022407620415821413]
('easy', 1354);[0.0019115142271709008, 0.2503589572541411, 0.004307663807182597, 0.0021660293895339362]
('easy', 1355);[0.006894615449758655, 0.004181795657207031, 0.006894615449758655, 0.01003160628649285]
('easy', 1356);[0.003467837258441263, 0.00689661789427567, 0.15696629977385346, 0.004739971538653638]
('easy', 1357);[0.005004736906115105, 0.004416664817897391, 0.006426209391286966, 0.006426209391286966]
('easy', 1358);[0.003573984457152028, 0.006677082013999872, 0.006272538065428392, 0.17220425585272187]
('easy', 1359);[0.00268620271491746, 0.006245608433808618, 0.004292539716083139, 0.04072648289327425]
('easy', 1360);[0.0026735799210061127, 0.09424694092143111, 0.0030295629516386043, 0.002511595902268963]
('easy', 1361);[0.002161552515376275, 0.00803114188835323, 0.005185294925748581, 0.23470442559048682]
('easy', 1362);[0.006520883791878718, 0.005078469403432777, 0.00575465974844706, 0.0047707804966833104]
('easy', 1363);[0.003090715489279128, 0.003502239475546323, 0.1489189764185071, 0.003968557243984889]
('easy', 1364);[0.004110775895122197, 0.07756463234465727, 0.011894924457524632, 0.008175254051685201]
('easy', 1365);[0.0006307109806628046, 0.5557632118690004, 0.004516974651309396, 0.003104468250415538]
('easy', 1366);[0.0018797910746435854, 0.19783048367681688, 0.005973963680363484, 0.007205975700196725]
('easy', 1367);[0.003016146334803262, 0.004388467022370901, 0.004972784617734368, 0.18660236611280442]
('easy', 1368);[0.0034463758071941386, 0.0036686479501067256, 0.08349802257202868, 0.0044252341318950054]
('easy', 1369);[0.0020610370638504323, 0.0035059421468429663, 0.16892577282490207, 0.007422079583109636]
('easy', 1370);[0.0018926184465352838, 0.00400667328275665, 0.15034932364944803, 0.0045401556322998814]
('easy', 1371);[0.005509281161529413, 0.005509281161529413, 0.006645461589601933, 0.004861923560517368]
('easy', 1372);[0.0018639683711536123, 0.22934043364232323, 0.004200517566659807, 0.0032713663702198495]
('easy', 1373);[0, 0.43534985132759874, 0.004268019253524524, 0.010898768972609827]
('easy', 1374);[0.0029784269207180224, 0.28540098689620036, 0.015125699975024052, 0.003072972340168672]
('easy', 1375);[0.0017661748194990983, 0.21062226744968734, 0.003623955428301325, 0.002911929992683123]
('easy', 1376);[0.0035962182670367924, 0.05625433193852595, 0.0067186202394354, 0.007613194131059694]
('easy', 1377);[0.00577542557045877, 0.005096795177037735, 0.00741579322465736, 0.00741579322465736]
('easy', 1378);[0.0039150608606948025, 0.027175902317700968, 0.01064223879493791, 0.005696379940018683]
('easy', 1379);[0.003959786420602358, 0.010763815471702277, 0.17923364048259308, 0.024256632608624835]
('easy', 1380);[0.0026722403764678406, 0.006021986648166, 0.2259734087813706, 0.006021986648166]
('easy', 1381);[0.00480528043533183, 0.0035156182679602897, 0.003983717401912677, 0.003983717401912677]
('easy', 1382);[0.003539419213632831, 0.006211874173821057, 0.20570902077661274, 0.009621138931716927]
('easy', 1383);[0.002896449065278555, 0.15327529919925884, 0.008647199631282012, 0.008123292290382193]
('easy', 1384);[0, 0.005309582089578809, 0.0029322297183115866, 0.44899572567748525]
('easy', 1385);[0.002723369933012477, 0.012205297263269325, 0.05138622083634737, 0.012205297263269325]
('easy', 1386);[0.0039119500641181465, 0.07381306503086875, 0.004718712501563653, 0.006058946786049925]
('easy', 1387);[0.0023895022269404048, 0.3129629934607865, 0.006101807696732905, 0.012917526995350906]
('easy', 1388);[0.0014493747809354572, 0.009751121244985403, 0.003818593945943957, 0.3229127101432994]
('easy', 1389);[0.0036027026601345162, 0.010424765805422051, 0.013385664257179167, 0.06797802839618267]
('easy', 1390);[0.004863616247549162, 0.01498099271237242, 0.015947183731409274, 0.020476589235718767]
('easy', 1391);[0.0024217961304065045, 0.10961886301648788, 0.015792094512696215, 0.008452899068172683]
('easy', 1392);[0.0018184607780633302, 0.006151773516555709, 0.005779056400922425, 0.40514308366461044]
('easy', 1393);[0.005220384746467227, 0.009162060560411814, 0.012523051993302923, 0.008085490065855908]
('easy', 1394);[0.002442230631895031, 0.09755456037548708, 0.008524222486532404, 0.02794984950316408]
('easy', 1395);[0.0016522461376005854, 0.006534760239359505, 0.006534760239359505, 0.37979650575066104]
('easy', 1396);[0.004519404860431935, 0.006177294034763635, 0.012285016107561617, 0.008443359860501501]
('easy', 1397);[0.0022020222945333665, 0.11652736788954558, 0.05504363106996866, 0.00898562576134366]
('easy', 1398);[0.0028131101736508057, 0.004638034580121015, 0.0640260924388251, 0.00814000418898429]
('easy', 1399);[0.003684831770283394, 0.015513721215328425, 0.01651427027091355, 0.0073281630106698335]
('easy', 1400);[0.002247008510021481, 0.12268247850611902, 0.008348649426719253, 0.015597330541487084]
('easy', 1401);[0.0029521725881006436, 0.010631181882301076, 0.03710647081238548, 0.034858303396061885]
('easy', 1402);[0.001181031743954221, 0.3076271614514354, 0.0021385722120482948, 0.001181031743954221]
('easy', 1403);[0.0052877623699247025, 0.010515971155316516, 0.08804912747901805, 0.006789621280388325]
('easy', 1404);[0.0018219916035936104, 0.00984959355106311, 0.3064118375040853, 0.004952686667653468]
('easy', 1405);[0.004994942987536972, 0.023829540252679023, 0.022385781394206206, 0.016377787534184205]
('easy', 1406);[0.004264099320363962, 0.02453820321008352, 0.06670175188900544, 0.02453820321008352]
('easy', 1407);[0.0033662195545862365, 0.004322311466240016, 0.1956427323098632, 0.006694526959046261]
('easy', 1408);[0.002178088227305229, 0.16254380458090117, 0.003591060389819666, 0.002046124532690779]
('easy', 1409);[0.0021684568977031627, 0.024053140475484118, 0.07408888856197844, 0.006891341768801911]
('easy', 1410);[0.0034908053356801872, 0.003080624896263544, 0.0057553650088094255, 0.2298973036228831]
('easy', 1411);[0.0023849409962391826, 0.008861130784422864, 0.0840720480496879, 0.012892869215144313]
('easy', 1412);[0.003014652404043476, 0.007698184598689479, 0.00872318596942785, 0.060550897735530976]
('easy', 1413);[0.0027554852951442756, 0.12472278790108836, 0.0026707079251646897, 0]
('easy', 1414);[0.0038988306292282696, 0.04749746927009863, 0.009352808471817891, 0.02107687422426502]
('easy', 1415);[0.003929150976342152, 0.007340620427692096, 0.0029658787591368297, 0.10786962974769215]
('easy', 1416);[0, 0.33698947329712425, 0.002003812416194681, 0.0013348268380964047]
('easy', 1417);[0.0017346223727970744, 0.2656128339799562, 0.0035592140112911917, 0.002859908802662864]
('easy', 1418);[0.0044587508994338625, 0.008867284981237867, 0.015562569800915632, 0.008867284981237867]
('easy', 1419);[0.002430600140583715, 0.2329067036536318, 0.005477441970610716, 0.0028416594596186117]
('easy', 1420);[0.004907194716998493, 0.00861239494067918, 0.030060204861167384, 0.014199438730367933]
('easy', 1421);[0.001424637653011705, 0.3274769339825572, 0.0038725666443202604, 0.0036379396922901997]
('easy', 1422);[0.002355664543181068, 0.11350227395913252, 0.004134320026746188, 0.0030247331466346093]
('easy', 1423);[0.0017122198377437611, 0.22425659682618715, 0.006361668459662455, 0.003300390119028787]
('easy', 1424);[0.001490569679106664, 0.0030584503981276, 0.20142324321781374, 0.0028731482559681432]
('easy', 1425);[0, 0.25170583614112274, 0.0026267861132782872, 0.0013627586832033187]
('easy', 1426);[0.002432348541819553, 0.09715982167214186, 0.0131491519852181, 0.11719711592928568]
('easy', 1427);[0.0064697645729209444, 0.002696999126712287, 0.012866663225543955, 0.005038657715678465]
('easy', 1428);[0.006371364776451803, 0.004962023877134231, 0.008708623113512629, 0.007219702140360827]
('easy', 1429);[0, 0.24876109700528956, 0.0037772368403249357, 0.0015745865780619202]
('easy', 1430);[0.003964265811185474, 0.010123107384402502, 0.062011550775446976, 0.010123107384402502]
('easy', 1431);[0.002323382639205723, 0.010092314139986937, 0.006936339306603552, 0.13087912115218825]
('easy', 1432);[0.002607865934989608, 0.10417081451182869, 0.011687644257749883, 0.018102177546060264]
('easy', 1433);[0.003085290894002993, 0.008386690172678499, 0.010116279378806473, 0.14865767572876834]
('easy', 1434);[0.0033879022790777773, 0.004350152635590192, 0.20960214193390944, 0.002808669638905218]
('easy', 1435);[0.0019386243540402974, 0.17450942382317794, 0.003621827112415439, 0.0018211690420737918]
('easy', 1436);[0.0018121090462409136, 0.2300372807153354, 0.0121915292383005, 0.0121915292383005]
('easy', 1437);[0.003681398309389082, 0.010007078127732192, 0.12191116885538525, 0.007793520282134559]
('easy', 1438);[0.0027811426310577676, 0.22093349804585607, 0.0026955758678401695, 0.003054487624767356]
('easy', 1439);[0.0020510233637982293, 0.15792000889714486, 0.006938522602994265, 0.0028924065458691708]
('easy', 1440);[0.003542502344456941, 0.18169575143261896, 0.013161992949870634, 0.004548663048958625]
('easy', 1441);[0.002540634769205279, 0.013734541799761553, 0.21484438147166526, 0.008330420698660114]
('easy', 1442);[0.0035981805454117855, 0.0046201552741400925, 0.1350206966533929, 0.004340234216753778]
('easy', 1443);[0.0026102060593018294, 0.014110640640679685, 0.012452596658884133, 0.23496331758120403]
('easy', 1444);[0.002355607257189922, 0.004134219486700649, 0.06884093496125476, 0.003321938682149173]
('easy', 1445);[0.003102023715113171, 0.004239963708237578, 0.006169110793778429, 0.0455839057357474]
('easy', 1446);[0.006486779219972768, 0.005724562569376086, 0.010046920196444112, 0.015560974408211836]
('easy', 1447);[0.006643880545000999, 0.010290243488603404, 0.008014049686919756, 0.01166037349079193]
('easy', 1448);[0.0028499370461280067, 0.003437680273985079, 0.07824124240098661, 0.005001795284850636]
('easy', 1449);[0.0024294321488374272, 0.004831502744200814, 0.24780887527991244, 0.004831502744200814]
('easy', 1450);[0.0055640095377055485, 0.007144329665106935, 0.00809558610821536, 0.012538689049605537]
('easy', 1451);[0.0022249840683501395, 0.2824495621880967, 0.004288769042563927, 0.005862052248307991]
('easy', 1452);[0.005215774160015796, 0.003815941892523599, 0.010372805504902518, 0.003163526942186487]
('easy', 1453);[0.005849788381586378, 0.005495367620356744, 0.0066286786553628975, 0.005495367620356744]
('easy', 1454);[0.0059331210147727746, 0.004340764062839521, 0.00557365138453069, 0.004077770463222742]
('easy', 1455);[0.0051477107070697845, 0.007972930311713018, 0.011600545152891661, 0.007489874883724727]
('easy', 1456);[0.0024141484268762076, 0.01116290922973814, 0.16403779278186278, 0.009254376795057662]
('easy', 1457);[0.004974914418911969, 0.0038744672451618643, 0.006000892260372218, 0.00820224722237293]
('easy', 1458);[0.00459197408767397, 0.04637729539418227, 0.005896211441344881, 0.002237949435609825]
('easy', 1459);[0.001868717096785183, 0.008640860311337624, 0.01614325234539305, 0.196665074203863]
('easy', 1460);[0.0017290795348532872, 0.22646475490826634, 0.005003257529201867, 0.0032303458510684413]
('easy', 1461);[0.005425678387318996, 0.004788144371229197, 0.010790249906764112, 0.007894315472028669]
('easy', 1462);[0, 0.0024441400693539523, 0.0032379595120786285, 0.2416386313346634]
('easy', 1463);[0, 0.24514410407930576, 0.0018141122281366648, 0.0018141122281366648]
('easy', 1464);[0.005387088998515447, 0.006104371565201098, 0.006104371565201098, 0.006498069706332309]
('easy', 1465);[0.0022662934510915694, 0.0038550950231105254, 0.23850625509968162, 0.003402109417064328]
('easy', 1466);[0.005671623703671165, 0.005327997394591239, 0.00728250898940244, 0.008252163795786631]
('easy', 1467);[0.005183438379673438, 0.004297221349043113, 0.0058736051814941735, 0.005183438379673438]
('easy', 1468);[0.004024563192090013, 0.02043841833104416, 0.07133708948341899, 0.06295476050851737]
('easy', 1469);[0.004746331468706394, 0.014619730160459301, 0.012901866583227922, 0.02127158186750306]
('easy', 1470);[0.003089261222515929, 0.04832418761929658, 0.054758478446516996, 0.0177774708979709]
('easy', 1471);[0.002898807621696614, 0.06197925460620984, 0.004489761074395268, 0.007402364583716939]
('easy', 1472);[0.006347399828341784, 0.011140033628320249, 0.010465093110625443, 0.008675866913177593]
('easy', 1473);[0.0030206296898150535, 0.005138264190039966, 0.1501620550312572, 0.006597661817667768]
('easy', 1474);[0.004177267661619964, 0.009413617990961362, 0.129950987915522, 0.011354990777191156]
('easy', 1475);[0.002976454881847832, 0.006301155034318737, 0.0076006438086865585, 0.0817146218098588]
('easy', 1476);[0.002826312217972512, 0.007217241085009056, 0.2390022004249178, 0.01527889949686185]
('easy', 1477);[0.0014505473873391273, 0.25168816341964023, 0.0015931146408269038, 0.0010949306125252614]
('easy', 1478);[0.0030644195427715405, 0.016566095533427395, 0.0479355982750233, 0.0895554876944073]
('easy', 1479);[0.003328090383459943, 0.013162852807398238, 0.019151837826647526, 0.11021121720765363]
('easy', 1480);[0.0019580821574954037, 0.0035456287372150072, 0.0038941113551316437, 0.2126112760132481]
('easy', 1481);[0.0024628446007689928, 0.19564802657336086, 0.006694705724588825, 0.011749574458918388]
('easy', 1482);[0.005888268593136299, 0.007560686533871178, 0.007102607693756526, 0.03388464620310264]
('easy', 1483);[0.0025422331995121265, 0.16227505858569027, 0.0031638603354233767, 0.0018599375411900978]
('easy', 1484);[0.002632605631158807, 0.005573226164897816, 0.15300557037904575, 0.004918354827925746]
('easy', 1485);[0.007602488785696464, 0.0038227714326181357, 0.0033735839485743812, 0.0046111425386463735]
('easy', 1486);[0.0022346341633114088, 0.003251373522430627, 0.07877356959329905, 0.003684288877284703]
('easy', 1487);[0.004740019002977009, 0.0028749668529260645, 0.003467871984082059, 0.004740019002977009]
('easy', 1488);[0.0028656339285028994, 0.00803686910207293, 0.026351872992366913, 0.12571775489168072]
('easy', 1489);[0.0040629749610271906, 0.009156055414251005, 0.009156055414251005, 0.08160703359769862]
('easy', 1490);[0.0033736225563996886, 0.006302756702895877, 0.0076025757897738525, 0.05617585900701099]
('easy', 1491);[0.002573137472488934, 0.010833313400855214, 0.13197674361461523, 0.005117294905925016]
('easy', 1492);[0.003753704878660178, 0.013946705561431082, 0.08025773001033908, 0.01906288177079787]
('easy', 1493);[0.002775297798129199, 0.007311935815033121, 0.13796607445658793, 0.006452760708664099]
('easy', 1494);[0.005018511293057585, 0.012038782753410714, 0.06927842796589133, 0.01751632554866626]
('easy', 1495);[0.00156366638317304, 0.11310123576625611, 0.004668245519698661, 0.004969321488587348]
('easy', 1496);[0.0055977344061331384, 0.004640684818524643, 0.07727433988336514, 0.010457944675037498]
('easy', 1497);[0.00235997621855836, 0.004693373133170138, 0.1003487423075181, 0.004141887252696405]
('easy', 1498);[0.002983070410518087, 0.007156013907956127, 0.0769344182267746, 0.005235451616020238]
('easy', 1499);[0.004556795277290438, 0.0042807130080533915, 0.055513130945752866, 0.009062269509163123]
('easy', 1500);[0.0012504738596394093, 0.44519958462772324, 0.0041001459358646864, 0.0014619520557572093]
('easy', 1501);[0.0028916577334592622, 0.004207337176197553, 0.00507501737144294, 0.17890052907100878]
('easy', 1502);[0.002076695900645112, 0.006199868743286971, 0.18118670196108755, 0.00400293611814958]
('easy', 1503);[0.0015305047328711108, 0.2916625758015199, 0.0030437721096338143, 0.0024457395992559445]
('easy', 1504);[0.004994604787019449, 0.06894839231249583, 0.00823471115109965, 0.018557208041655584]
('easy', 1505);[0.0028615607333325435, 0.008814227585013138, 0.003046115544489419, 0.22732192552498853]
('easy', 1506);[0.0029853599927819946, 0.009195556149852912, 0.18469772661248038, 0.011091957988201711]
('easy', 1507);[0.0014852931258365744, 0.003244178449751109, 0.22743441372144388, 0.001736483591384302]
('easy', 1508);[0.005752453966674055, 0.004768951839365138, 0.006518384313674835, 0.004208585226814843]
('easy', 1509);[0.005006608228387892, 0.0691140947093546, 0.07357157085123212, 0.012010228785652095]
('easy', 1510);[0.005213354797400798, 0.007125811137887842, 0.008595368946181254, 0.004060164798644807]
('easy', 1511);[0.003561128928913499, 0.006249975910725676, 0.1179283939641444, 0.008025127923057884]
('easy', 1512);[0.0033285934869028235, 0.012367225127219049, 0.04594981572520978, 0.015879831397248544]
('easy', 1513);[0.0013103247667543164, 0.005022988222447972, 0.2742458972765875, 0.013653897609644123]
('easy', 1514);[0.005583656053249675, 0.011104426010357604, 0.008124171619659228, 0.0497665846829974]
('easy', 1515);[0.003686371280480695, 0.009413478840341436, 0.005363638564194517, 0.10120443513936153]
('easy', 1516);[0.002891084188806377, 0.10191423065399932, 0.006935350433306527, 0.0037122255802114496]
('easy', 1517);[0.003335937601736435, 0.02175304569763113, 0.010938118293813848, 0.09749038714963788]
('easy', 1518);[0.00494551488676682, 0.005604002543558783, 0.017261543056049267, 0.0098353307616902]
('easy', 1519);[0.004071024979034387, 0.009174196409867913, 0.10499309298837356, 0.009174196409867913]
('easy', 1520);[0.00313792796331272, 0.004289038996926042, 0.1823746223712524, 0.0033403069294297943]
('easy', 1521);[0.0020614557702535183, 0.10247946302855986, 0.002646961604383123, 0.0016054633681405063]
('easy', 1522);[0.0019845710086865633, 0.40258364682300185, 0.003825360741183243, 0.0023938495828016403]
('easy', 1523);[0.001816609574716529, 0.005256534097543336, 0.018347106768018418, 0.09317429628788024]
('easy', 1524);[0.006006151043984413, 0.0038778625710518817, 0.0056422567479497525, 0.007712050596941599]
('easy', 1525);[0.00412428401503125, 0.011210966293463558, 0.010531728182841243, 0.0443402318287249]
('easy', 1526);[0.004310291743738455, 0.02640373801977635, 0.02480401640288272, 0.017047534544656708]
('easy', 1527);[0.002454354438859571, 0.0038013785184928795, 0.23518296107056352, 0.004585337758505224]
('easy', 1528);[0.002786380553727516, 0.012884093146259027, 0.019955273835350354, 0.13851705530606678]
('easy', 1529);[0.005421041582804645, 0.062040550362255614, 0.013004402720558356, 0.021440640489981608]
('easy', 1531);[0.006503150167426323, 0.006503150167426323, 0.013767169012476243, 0.00736903455228041]
('easy', 1532);[0.0020524860012801557, 0.1531704729743412, 0.0024757707012572337, 0.0023257713372919243]
('easy', 1533);[0.002621034450672802, 0.0033654748526780703, 0.2511546960852205, 0.005548729975616715]
('easy', 1534);[0.00460821691212596, 0.011054537699740316, 0.06771723704963264, 0.08168257973647805]
('easy', 1535);[0.004375900248802025, 0.00320147701273506, 0.00870251678794706, 0.005981146486854463]
('easy', 1536);[0.002468611655782542, 0.13478162955598386, 0.006303820700257566, 0.002319046036455724]
('easy', 1537);[0.001533636592003258, 0.0045785931235133885, 0.005188225715131604, 0.1516222167696558]
('easy', 1538);[0.004098038877569845, 0.02510353158238057, 0.02844602797908876, 0.06823847373053284]
('easy', 1539);[0.004559153428756196, 0.024646550577738225, 0.08081292815951963, 0.02315329156602031]
('easy', 1540);[0.003396986960397458, 0.010463456470971098, 0.14444357831521967, 0.011138291434476954]
('easy', 1541);[0.0031005729983160767, 0.0081689218248198, 0.007209048207859175, 0.18592378159627634]
('easy', 1542);[0.002195183745902416, 0.005433131950544953, 0.0041011431591031116, 0.2459223299433228]
('easy', 1543);[0.006174013548579442, 0.003744728510694626, 0.00843887596751945, 0.0035178468796365843]
('easy', 1544);[0.0021273305580880733, 0.006760642531806425, 0.004946191737990975, 0.14454887652430604]
('easy', 1545);[0.0026726417870185145, 0.008232316263496825, 0.12877509286409625, 0.01057050332054178]
('easy', 1546);[0.0031556759734796946, 0.08138593662063875, 0.010347063169556909, 0.007111425583409398]
('easy', 1547);[0.0044053825083510394, 0.006409793727759959, 0.00992768273354965, 0.006823189906006926]
('easy', 1548);[0.008255765049928967, 0.009958353535336834, 0.007285687085028471, 0.00878821614977711]
('easy', 1549);[0.008070225297033619, 0.0075812750638811445, 0.013305552106561588, 0.0052105290709708535]
('easy', 1550);[0.004576986538353617, 0.0029551246139683115, 0.0033485948849378945, 0.0033485948849378945]
('easy', 1551);[0.003984559006726229, 0.011529703781176077, 0.02598258855714396, 0.015759236578606447]
('easy', 1552);[0.0036597615478720646, 0.007278304919989661, 0.1461886622086708, 0.010589871171558372]
('easy', 1553);[0.005359570994083015, 0.015508432890979224, 0.02119751448353803, 0.017573356739903796]
('easy', 1554);[0.004840449917706516, 0.00427168205949186, 0.010908122275314945, 0.008495254169853915]
('easy', 1555);[0.002433303272662126, 0.11013971604568917, 0.005151303068649396, 0.002757293839259534]
('easy', 1556);[0.0032284563957188203, 0.12499254892724047, 0.01916822819660006, 0.010260013206690137]
('easy', 1557);[0.0024443009076848383, 0.0037858073048011903, 0.006241741030197646, 0.15122357836165304]
('easy', 1558);[0.002383865420698181, 0.007342822434387607, 0.010036448298623121, 0.2431608545801365]
('easy', 1559);[0.006848784669514171, 0.012019991428749145, 0.012019991428749145, 0.0050106779035067285]
('easy', 1560);[0.005047774282644779, 0.005047774282644779, 0.00571987761980944, 0.0025381803077834087]
('easy', 1561);[0, 0.3251148158503635, 0.00463751267490149, 0.0036116985027168456]
('easy', 1562);[0.0058631676569021384, 0.003556190946946629, 0.004860736712345424, 0.0058631676569021384]
('easy', 1563);[0.0050441146141183375, 0.0078124775441297005, 0.0078124775441297005, 0.011367087753606205]
('easy', 1564);[0.0018500220586477162, 0.20725446217753482, 0.002956326832027354, 0.00203185173625448]
('easy', 1565);[0.0031238869518426284, 0.006613268728946962, 0.017976728212612973, 0.13283105323822658]
('easy', 1566);[0.0028817195547176096, 0.0052181199990456355, 0.19580848503557313, 0.005912904604835631]
('easy', 1567);[0, 0.17703117045195813, 0.0017355523188048007, 0.0012306908792080469]
('easy', 1568);[0.0029309813950033387, 0.010554869464447024, 0.006814735916358975, 0.1457054785462132]
('easy', 1569);[0.0021999012544742648, 0.11641515372278258, 0.004513904289010263, 0.003983506553614877]
('easy', 1570);[0.0015653158055750674, 0.30776529926691926, 0.008201668394631711, 0.008730630559967192]
('easy', 1571);[0.0027808946516620966, 0.003354399249287842, 0.18314401531615065, 0.0045849201637715225]
('easy', 1572);[0.002384722658364521, 0.017620849503046477, 0.021254801691069317, 0.15705292206695723]
('easy', 1573);[0.0038171575674952225, 0.016070833630634843, 0.10479499921828787, 0.0182106402680482]
('easy', 1574);[0.005287585874759579, 0.007227272990836029, 0.010515620152768433, 0.01628691110153544]
('easy', 1575);[0.003131942571220439, 0.01163657833743014, 0.15090544397416267, 0.01238707316095798]
('easy', 1576);[0.007226666479399265, 0.006788824891343941, 0.00562813351315202, 0.005287142141513307]
('easy', 1577);[0.003908370205846179, 0.007772722273365351, 0.015457904025698528, 0.02887916670638655]
('easy', 1578);[0.003616796341167118, 0.04992834531138124, 0.009235813008764917, 0.0071928584035271855]
('easy', 1579);[0.0039061046568619326, 0.07845619060581993, 0.018634978655803738, 0.02392778623348556]
('easy', 1580);[0.004141377732555876, 0.013579054810402806, 0.08318179536011827, 0.015387084952517586]
('easy', 1581);[0.005655668351554864, 0.009324620711234036, 0.018544222598074204, 0.03254612423045854]
('easy', 1582);[0.00419116214605129, 0.011392759901736636, 0.06978911536664653, 0.011392759901736636]
('easy', 1583);[0.003390867977946531, 0.1272413821431996, 0.008134269417400104, 0.008134269417400104]
('easy', 1584);[0.003439631491822822, 0.0056709936039383005, 0.14625688758415167, 0.006840524029343283]
('easy', 1585);[0.004353682475752641, 0.007640950703996114, 0.04130657939706729, 0.005590238955054402]
('easy', 1586);[0.0025009739601655956, 0.003016750443765924, 0.0036388956402246247, 0.19256429940985328]
('easy', 1587);[0.004921918559744513, 0.007161349247878248, 0.012568559347607852, 0.007623216592741976]
('easy', 1588);[0.0023932252766156186, 0.2944596389596095, 0.0057410489889707815, 0.003170508370665045]
('easy', 1589);[0.003043448468288886, 0.011307782857389665, 0.1661666957070024, 0.01864338656636582]
('easy', 1590);[0.0035397652144965285, 0.008491455319499868, 0.10344710314739052, 0.015864127073371967]
('easy', 1592);[0.003105962258542431, 0.013491685050581969, 0.020896325603897686, 0.09365083406921372]
('easy', 1593);[0.0024034022032029877, 0.0036079340319197088, 0.07246729221454866, 0.003389340359354666]
('easy', 1594);[0.0015330955292318976, 0.220531140829742, 0.004299672741468074, 0.0014859271385586547]
('easy', 1595);[0.0028532493860505995, 0.12517446451001515, 0.0054997821385221034, 0.003335786488753569]
('easy', 1596);[0.003723909065001322, 0.006535663946627242, 0.04261789258811526, 0.12331896114211807]
('easy', 1597);[0, 0.5566187209862324, 0.0035232389454594626, 0.0029208676760931022]
('easy', 1598);[0.0033285871381206417, 0.01198670274870873, 0.022394108953216793, 0.12886919930894525]
('easy', 1599);[0.0044608136916156095, 0.005054764134073546, 0.00833389714621917, 0.01005259883333275]
('easy', 1600);[0.0014954256590848781, 0.2677117942640905, 0.0027078660468476705, 0.001920164555032001]
('easy', 1601);[0.0014871867570976245, 0.3527064952264248, 0.007320189772177686, 0.0036808225741908483]
('easy', 1602);[0.005936072533932122, 0.005576424080184125, 0.013377145954636897, 0.006318916320105241]
('easy', 1603);[0.0031466679173406662, 0.007091125615534928, 0.13379972454020925, 0.007548463925227426]
('easy', 1604);[0.0035770721118956405, 0.09820377140361056, 0.005540277667303154, 0.0019146687285287018]
('easy', 1605);[0.003135901157872898, 0.008007804138271558, 0.010945370521678103, 0.014054133944899449]
('easy', 1606);[0.006066607822407042, 0.011333915539538653, 0.00829206974588769, 0.010002145357798274]
('easy', 1607);[0.0036712589054801624, 0.1466479225472685, 0.017514596679968273, 0.008273309656365834]
('easy', 1608);[0.003081040638981246, 0.008375136781686566, 0.014698822811378496, 0.20291094156978562]
('easy', 1609);[0.0019807298440201043, 0.0031651972783255542, 0.17281387468447504, 0.0025433074633137596]
('easy', 1610);[0.005486366081124005, 0.004548357234249093, 0.00484170107303712, 0.007044633493416742]
('easy', 1611);[0, 0.12695320685765002, 0.0031782113456478296, 0.0018108902381150883]
('easy', 1612);[0.008793250439327039, 0.0044215239939004855, 0.011290757059396568, 0.006433279450653587]
('easy', 1613);[0.006420867551282852, 0.0068349779297860805, 0.008244557133032763, 0.005323086163993169]
('easy', 1614);[0.003083565680815391, 0.10535510703951899, 0.004085060816483628, 0.00558361611597223]
('easy', 1615);[0.0028379789312197564, 0.0058231546728287386, 0.12450456642147116, 0.007024065313423158]
('easy', 1616);[0.003915777795384213, 0.02553407871910547, 0.019885960501446236, 0.03278640606703699]
('easy', 1617);[0.004139146851686534, 0.011251367672262971, 0.018550369205727748, 0.10028234846867573]
('easy', 1618);[0.007414283452661973, 0.005774249758846504, 0.005774249758846504, 0.005774249758846504]
('easy', 1619);[0.0024701706623714887, 0.3039269816908407, 0.005925631373845305, 0.0022491159824662224]
('easy', 1620);[0.0020705940758898042, 0.0023462904740238666, 0.09976680964193502, 0.001771072967562775]
('easy', 1621);[0.0032400105660738364, 0.009375281433064904, 0.021127517812132488, 0.0650773363407463]
('easy', 1622);[0.0024495806407263824, 0.08369396254838919, 0.003914418718167916, 0.006062770312239054]
('easy', 1623);[0.002378794250355587, 0.004174913927036956, 0.16676639156931006, 0.004444172741789839]
('easy', 1624);[0.006097116366885429, 0.005380686308474232, 0.006908937979304652, 0.003698088012351714]
('easy', 1625);[0.003606023177038492, 0.07710019351844849, 0.015181924644631905, 0.015181924644631905]
('easy', 1626);[0.002065495834558889, 0.32631736836321557, 0.009853929515145958, 0.009256910106571373]
('easy', 1627);[0.00252556414547245, 0.023961885450021165, 0.09477109538066797, 0.01986510076457081]
('easy', 1628);[0.0049046261432712495, 0.006703829099896052, 0.011052745632137114, 0.010383093626784193]
('easy', 1629);[0.0030390355798308837, 0.0039021989267212223, 0.004706950384669223, 0.08343271177884522]
('easy', 1630);[0.0022908176915140154, 0.15565765285933292, 0.005003605859235675, 0.002941468140901934]
('easy', 1631);[0.0009961121984740163, 0.5001232468380334, 0.004064759677509778, 0.009160077334929828]
('easy', 1632);[0.004775888071676303, 0.006527865019166529, 0.018889003743560985, 0.006527865019166529]
('easy', 1633);[0.0020416890810746233, 0.0032626098617711376, 0.24347815056791866, 0.003935458707327551]
('easy', 1634);[0.0021709140407422294, 0.004184546336507727, 0.005719596699338574, 0.11488117069030725]
('easy', 1635);[0.0022771127563737618, 0.1408799608587103, 0.003112444111742501, 0.003112444111742501]
('easy', 1636);[0.0026081656423090453, 0.009103392581527316, 0.1717684372029735, 0.007089729271099891]
('easy', 1637);[0.0028349060034322383, 0.006001496056361419, 0.0043907883118956504, 0.22520450490486685]
('easy', 1638);[0.00289986247733816, 0.004219275008100491, 0.0029919139936476625, 0.08474640396428537]
('easy', 1639);[0.002185222559654626, 0.17359368813697992, 0.00247618156307937, 0.0014556720460790504]
('easy', 1640);[0.002772440801041037, 0.07377191383431508, 0.006861856883391897, 0.025494891221044667]
('easy', 1641);[0.0031038465758258314, 0.011532189050608054, 0.031347747412506746, 0.07519933678938345]
('easy', 1642);[0.005001587790513689, 0.003895240487852439, 0.005324162488793042, 0.01447257414504941]
('easy', 1643);[0.003123837795911949, 0.016887307575125556, 0.01235501815279087, 0.016887307575125556]
('easy', 1644);[0.00427077166367892, 0.0131549028363455, 0.03806497349322293, 0.02168876812027627]
('easy', 1645);[0.0038032786384018255, 0.009123591161734964, 0.09808782549821951, 0.005533737766275459]
('easy', 1646);[0.003051247190973388, 0.01064989914448919, 0.0652385415341379, 0.01649488647238259]
('easy', 1647);[0.0036337112065764152, 0.004117534232623656, 0.09371466952183517, 0.005628002013231945]
('easy', 1648);[0.002034243326220864, 0.004443195922527871, 0.028081862909327807, 0.15180911661064225]
('easy', 1649);[0.0018961296034410021, 0.004408633412913963, 0.015387642584795214, 0.1459939053926668]
('easy', 1650);[0.0020476188260953447, 0.17864986132000774, 0.0030738399245966433, 0.002248869329715071]
('easy', 1651);[0.004265553364136265, 0.16006372819280024, 0.007032708562757949, 0.003120745507308017]
('easy', 1652);[0.001734505751048799, 0.19431345883614318, 0.004032846697339744, 0]
('easy', 1653);[0.0018312424628747126, 0.3177436091833552, 0.002926317123430182, 0.0021409393427557002]
('easy', 1654);[0.005155111791695299, 0.0037715603557714056, 0.004273737782790537, 0.0031267333559093255]
('easy', 1655);[0.0019883067954681996, 0.22981704577106224, 0.00327816370636603, 0.00327816370636603]
('easy', 1656);[0.0033339243845213343, 0.14176208903559742, 0.006630300344251658, 0.03584306501937036]
('easy', 1657);[0.002357731139714224, 0.010902038336894076, 0.004137947016615762, 0.2811672744987683]
('easy', 1658);[0.0029274196787096767, 0.10985058682512477, 0.005821869204242488, 0.005469139980456889]
('easy', 1659);[0.006925855833159447, 0.01661426444774411, 0.02270900701187156, 0.008354176809085675]
('easy', 1660);[0.0029474071319619453, 0.006239660947327754, 0.17130159669501738, 0.004288452072389087]
('easy', 1661);[0.0024826687409511524, 0.004638235838925336, 0.006339716724755222, 0.209942534576143]
('easy', 1662);[0, 0.002002341498313882, 0.2107277982444882, 0.0038596142564640786]
('easy', 1663);[0.0040850277021684004, 0.0052452793974577475, 0.0040850277021684004, 0.012582771156516015]
('easy', 1664);[0.005441415606838258, 0.0042377787356225995, 0.010821547104889109, 0.005441415606838258]
('easy', 1665);[0.0028972599047272906, 0.007170787131960854, 0.11940432581296659, 0.006736331102418805]
('easy', 1666);[0.0036234698825446747, 0.018401498432163547, 0.0285007983120034, 0.036595749428503445]
('easy', 1667);[0.0063969695767445035, 0.004130193980829145, 0.006009396782814178, 0.004130193980829145]
('easy', 1668);[0.0015326547773402545, 0.005875266262979958, 0.0159706295200169, 0.043412672013313544]
('easy', 1669);[0.002810306713592335, 0.12720422510037943, 0.009214640963059849, 0.03216226485903592]
('easy', 1670);[0.00485916782861237, 0.004564765732601454, 0.007526026359103069, 0.010286858373896162]
('easy', 1671);[0.0031370512653423137, 0.005505696432362225, 0.1823236691743799, 0.0033393736892981525]
('easy', 1672);[0.001820796536116285, 0.0049494381374460715, 0.00924676779184449, 0.23847722762961357]
('easy', 1673);[0.001686454188361921, 0.2502919341023101, 0.002453776365213502, 0.001971664700233742]
('easy', 1674);[0.002023338786287208, 0.20003635612317533, 0.0022222029227877125, 0]
('easy', 1675);[0.002250948493819868, 0.16798117484242625, 0.003275110733255679, 0.002250948493819868]
('easy', 1676);[0.0027389090395912915, 0.11646134809662206, 0.02023794771830501, 0.14047920096249208]
('easy', 1677);[0.002754619559358496, 0.006404682363070372, 0.0780250228109417, 0.004401869522199895]
('easy', 1678);[0.003922271653627025, 0.13826480883495598, 0.004444516056815326, 0.003922271653627025]
('easy', 1679);[0.0035784437422486785, 0.010354570299017594, 0.18353910638643858, 0.009727218598717566]
('easy', 1680);[0.0019223476837894448, 0.00419879336960243, 0.07922541874357733, 0.006109208304527365]
('easy', 1681);[0.005085615733820517, 0.004216123527213593, 0.008925533577152265, 0.007399527230756096]
('easy', 1682);[0.005815742837385378, 0.0054633847914037316, 0.007949177966248082, 0.013105978797533998]
('easy', 1683);[0, 0.43580746650856345, 0.008496890872051872, 0.003770472468525499]
('easy', 1684);[0.00441242320570169, 0.05049749746386397, 0.02105048878149669, 0.027029362629141917]
('easy', 1685);[0.0025000498989991315, 0.004121885446291575, 0.14530150518749038, 0.007700695822032947]
('easy', 1686);[0.006925736943984994, 0.006925736943984994, 0.01560738913035788, 0.006925736943984994]
('easy', 1687);[0.003505576049754234, 0.01223566267710659, 0.058373081937034964, 0.021474256762451238]
('easy', 1688);[0.0021758086699072347, 0.08164663745260163, 0.01510310569284496, 0.10483635767622977]
('easy', 1689);[0.002180697697231334, 0.04963245081968047, 0.05986816353159773, 0.09870591465229889]
('easy', 1690);[0.003428823556607747, 0.004402696596022006, 0.07803964583650184, 0.0022840889044638594]
('easy', 1691);[0.0034791679632685106, 0.005736178225379235, 0.12264489829296316, 0.008346090070646657]
('easy', 1692);[0.0023037338307087714, 0.021857218023047114, 0.02987527488240851, 0.006666074868990174]
('easy', 1693);[0.00409258471680378, 0.009817600365607922, 0.07722140848361042, 0.010450781189059583]
('easy', 1694);[0.0029875202699014875, 0.12703259437333086, 0.011099984391419489, 0.014252662083419836]
('easy', 1695);[0.006582860736216832, 0.005126737096215673, 0.006582860736216832, 0.0033100702515548594]
('easy', 1696);[0.0034482349486812357, 0.05393946995241306, 0.06112142693582142, 0.03271594229478686]
('easy', 1697);[0.005609143534387543, 0.017277378422620147, 0.003402117528334929, 0.004950051795249417]
('easy', 1698);[0.0033264689083685683, 0.0062146620905835556, 0.10348343917426255, 0.004839983702670647]
('easy', 1699);[0, 0.27047903662924627, 0.003004749965193108, 0.001176676993126537]
('easy', 1700);[0.004833270112684024, 0.006606296969957875, 0.005476812551442028, 0.0037641545485539354]
('easy', 1701);[0.003605772140843694, 0.005584729141709576, 0.026643252628655325, 0.006736469225552961]
('easy', 1702);[0.0035601339938669224, 0.08102827621930948, 0.00429434131539421, 0.0014384241626576814]
('easy', 1703);[0.0015910330245075964, 0.1782404756672976, 0.006099052957247407, 0.002880988620399849]
('easy', 1704);[0.001909036605899486, 0.004874895751881158, 0.17184599881075655, 0.00457954074917108]
('easy', 1705);[0.0035593599705164526, 0.012041159571135416, 0.09471105639177302, 0.021132893180523284]
('easy', 1706);[0.0017675202896454188, 0.2388480553334758, 0.003741840482542591, 0.0012533595649711078]
('easy', 1707);[0.0015947289680779866, 0.19621361045519004, 0.019427776022568954, 0.0016975801499948128]
('easy', 1708);[0.007824045642817119, 0.0034718992079516902, 0.005724194073876879, 0.006904696045466607]
('easy', 1709);[0.0048790723985256195, 0.0048790723985256195, 0.004583464345587643, 0.005885284716216581]
('easy', 1710);[0.0028400718329464445, 0.028683709407422445, 0.009912824720810367, 0.02531328470668693]
('easy', 1711);[0.004352387245968086, 0.008655755598188812, 0.012594050082398157, 0.10544866515933658]
('easy', 1712);[0, 0.009896266393785854, 0.009896266393785854, 0.1366137435980995]
('easy', 1713);[0.0069558711075491785, 0.005089024015221366, 0.00421894909173785, 0.00421894909173785]
('easy', 1714);[0.0044882220419843015, 0.04825293435541177, 0.005762991177645999, 0.005762991177645999]
('easy', 1715);[0.0023360245276925796, 0.08234768350542619, 0.030294019789738984, 0.008679384055263913]
('easy', 1716);[0.005025513342331114, 0.016478023868595294, 0.010639011829202185, 0.012833097892331316]
('easy', 1717);[0.0029574604372467803, 0.06524054804136221, 0.004170687705868186, 0.005355269019401838]
('easy', 1718);[0.0017141403881014217, 0.0022009998260932146, 0.17484709388279668, 0.0023429521189553995]
('easy', 1719);[0.002984062015147223, 0.02007620864872204, 0.07007285346960149, 0.007861956269176967]
('easy', 1720);[0.0020254586036051185, 0.010612644269390733, 0.20024593078007188, 0.005336372664422007]
('easy', 1721);[0.0038378998682053593, 0.014259527897467669, 0.013395586776434305, 0.04675520311350421]
('easy', 1722);[0.0023949467930268987, 0.00491411174888348, 0.007149990405099898, 0.14361139628207154]
('easy', 1723);[0.0034729009484229263, 0.02127409750024473, 0.017636846290711748, 0.07425389638633575]
('easy', 1724);[0.003759833144011407, 0.0855734079268644, 0.005470524944933557, 0.011581101399304392]
('easy', 1725);[0.0036271761908683977, 0.0036271761908683977, 0.10600160105372272, 0.00465738641987965]
('easy', 1726);[0.0018417298756102803, 0.003232336595052734, 0.2196323826050938, 0.0030364992208025705]
('easy', 1727);[0.0024640674294714826, 0.006698029717630121, 0.11872541752314784, 0.013320622671826718]
('easy', 1728);[0.002421550169989449, 0.12420182969132006, 0.013090776538629872, 0.01904696747439184]
('easy', 1729);[0.004927575619621202, 0.0036050913361313037, 0.0033866698937974338, 0.002988725691352736]
('easy', 1730);[0.003063098876323641, 0.003470945753296868, 0.1223550845722574, 0.003063098876323641]
('easy', 1731);[0.001975739811495051, 0.004182641213757345, 0.22836449974670422, 0.006478201440183223]
('easy', 1733);[0.001664048362477883, 0.18068472188017815, 0.006581438944250378, 0.003108851626171014]
('easy', 1734);[0.004408992903809073, 0.007269200382875943, 0.009935818885309927, 0.008237083168888656]
('easy', 1735);[0.0019277846570503678, 0.027457003145933745, 0.011445784514620454, 0.14843115664435816]
('easy', 1736);[0.0017444058863779546, 0.007344223100194383, 0.011374955257509764, 0.15702645115350639]
('easy', 1737);[0.0054684332881542634, 0.02777099571411188, 0.02031769449585446, 0.024507817699393808]
('easy', 1738);[0.002810306713592335, 0.0033898769680859382, 0.2529757785892402, 0.003608505248940755]
('easy', 1739);[0.002655083479435143, 0.0063692141622371645, 0.1543119335881595, 0.006779993183362617]
('easy', 1740);[0.003962836994948849, 0.006954995522759533, 0.005416555959383239, 0.16850407664059508]
('easy', 1741);[0.003907785061624539, 0.014519182890928118, 0.10728303131343102, 0.00880632957732301]
('easy', 1742);[0.005405737034620678, 0.018867871690227245, 0.02008474486582005, 0.010750591791458809]
('easy', 1743);[0.001441411585802719, 0.20734273314926996, 0.0028665892297758976, 0.0028665892297758976]
('easy', 1744);[0.004139831781910786, 0.07338027412587499, 0.006411896895071959, 0.005315649228785153]
('easy', 1745);[0.003066854917678536, 0.13881646971349784, 0.032971797659745054, 0.010055830139649872]
('easy', 1746);[0.0028836522025149657, 0.07437038823710358, 0.010714067703799719, 0.006917522025006957]
('easy', 1747);[0.001911681035473928, 0.004308039715496264, 0.15186363473314962, 0.0016870525925354533]
('easy', 1748);[0.00395364895414486, 0.16811345141933998, 0.0044800711963585245, 0.006123531290342712]
('easy', 1749);[0.003547713967876265, 0.005161893364781039, 0.1250611984297199, 0.0045553549058912415]
('easy', 1750);[0.005273165988091426, 0.008167239252082997, 0.022200863340712317, 0.015258411716085827]
('easy', 1751);[0.0027307885547871156, 0.013027863571260246, 0.035413413252614954, 0.042716730300549996]
('easy', 1752);[0.0016298260958240828, 0.4114647356859479, 0.003344186012585067, 0.0026044546853376893]
('easy', 1753);[0.004223528310174524, 0.04265611469193757, 0.0201493218503559, 0.11595134143975881]
('easy', 1754);[0.0018366328129599103, 0.3186788647585175, 0.005150964105887142, 0.0048388829671537174]
('easy', 1755);[0.0030588150155591476, 0.01994597943901094, 0.015533944406227863, 0.03288536056604475]
('easy', 1756);[0.0011205573314980767, 0.2828950386053787, 0.005871300613836344, 0.004035281964448573]
('easy', 1757);[0.0024794425380933573, 0.2692213091302798, 0.007174504872033876, 0.0031836672381286347]
('easy', 1758);[0.002964387109900177, 0.006275607560905073, 0.0085777385181622, 0.13417840603843303]
('easy', 1759);[0.00469194775976782, 0.01198130833712507, 0.009331052315172957, 0.01743270076641046]
('easy', 1760);[0.0017195779381833736, 0.004391096095262646, 0.0036403465237009906, 0.37132537400130977]
('easy', 1761);[0, 0.3933055802938439, 0.0026500721544644736, 0.001821366179785926]
('easy', 1762);[0.0029189504499524464, 0.14064290885672587, 0.005805026131674521, 0.0045209588970980845]
('easy', 1763);[0.0027487714842907153, 0.07089175093454486, 0.06659663687363086, 0.03145802378414216]
('easy', 1764);[0.0020835905187813245, 0.003127839831085263, 0.003127839831085263, 0.07118930642485495]
('easy', 1765);[0.00579661458514907, 0.007923032745343155, 0.07061722217610422, 0.006568424850186272]
('easy', 1766);[0.005784429695938871, 0.006977354074890473, 0.00895909997338915, 0.007427354750628856]
('easy', 1767);[0.002342140050499445, 0.00411058380288228, 0.17478645011431754, 0.003407793665310133]
('easy', 1768);[0.0020401553375736657, 0.13022656124781556, 0.001977386356670702, 0]
('easy', 1769);[0.0012969166538313063, 0.007944577675279665, 0.007463240046694033, 0.49151355759594795]
('easy', 1770);[0.005850407660379448, 0.004850158303680233, 0.00455630206719046, 0.004850158303680233]
('easy', 1771);[0.007868853470060997, 0.005756976180587641, 0.006523508653375452, 0.010103807855749852]
('easy', 1772);[0.006105070195061801, 0.004195949291332285, 0.006498813393947862, 0.006917950847398667]
('easy', 1773);[0.0023960913500566334, 0.003275068567775751, 0.31382603558943467, 0.0042052712824191835]
('easy', 1774);[0.0058602467985541355, 0.007524705837406477, 0.016957186368141794, 0.010948382390953887]
('easy', 1775);[0.0026742620593165345, 0.006828967402768356, 0.13716344421323143, 0.008768567714886643]
('easy', 1776);[0.00435923307656898, 0.014293374983092627, 0.08225269392685819, 0.02079673788631835]
('easy', 1777);[0.002527430268669925, 0.11440022920449107, 0.00443577826317157, 0.002690435516300412]
('easy', 1778);[0.005276106189578103, 0.004656147370010089, 0.009259854738636107, 0.0041090356320113135]
('easy', 1779);[0.002400775789133105, 0.010428494658929467, 0.009203114235125251, 0.16312914194886974]
('easy', 1780);[0.002845287777628462, 0.1553474489704303, 0.003889047288020653, 0]
('easy', 1781);[0.005853460379339516, 0.006632839573936531, 0.019192757689484696, 0.015911354982763595]
('easy', 1782);[0.003021744725287972, 0.005303327152261872, 0.11339010724110424, 0.004680169785263886]
('easy', 1783);[0.001937358328476532, 0.005266285939511547, 0.0098387174171746, 0.1976159455171251]
('easy', 1784);[0.0024341864131331658, 0.2406545969996459, 0.0056596529766347135, 0.013576801698076358]
('easy', 1785);[0.005460212646202761, 0.00512939508558221, 0.00658627366212075, 0.0048186207477271745]
('easy', 1786);[0.005017477618055899, 0.012812577951534228, 0.01645167574306291, 0.017512717668403822]
('easy', 1787);[0.0023752522103792735, 0.25790817886210726, 0.009394304728336715, 0.009394304728336715]
('easy', 1788);[0.002814316346680778, 0.004939279010401594, 0.1853450774733478, 0.005257835137621784]
('easy', 1789);[0.002792784020540349, 0.004192465371830259, 0.010705835376799616, 0.13042374372669954]
('easy', 1790);[0.005024138024793634, 0.057498214886914756, 0.04477965477913712, 0.007310077691931587]
('easy', 1791);[0.003114271610854256, 0.01907723101566362, 0.016835593267295217, 0.09688217316662844]
('easy', 1792);[0.0028312639231208993, 0.00563064065018709, 0.008192533804822462, 0.16455147946334997]
('easy', 1793);[0.0024866993945923226, 0.08234819397066838, 0.004364293352939611, 0.004099874185701494]
('easy', 1794);[0.0028798252785662342, 0.003473732364053794, 0.09536673839898739, 0.0032632695595100707]
('easy', 1795);[0.003044605317866114, 0.004429874598396116, 0.007303628476909864, 0.10732601141060043]
('easy', 1796);[0.004026298397445716, 0.007066373752748891, 0.00585822960097454, 0.20650971185460368]
('easy', 1797);[0, 0.003244605434621424, 0.003244605434621424, 0.3869299817565173]
('easy', 1798);[0.006496594977661468, 0.0044650400767940026, 0.007836389380291683, 0.006102986185823603]
('easy', 1799);[0.0019747819218132257, 0.00346585020835931, 0.00346585020835931, 0.1669940149115186]
('easy', 1800);[0.002810413920330487, 0.012207881589863273, 0.07960536871050525, 0.006138508363513349]
('easy', 1801);[0.0023327163517540958, 0.009821102674863174, 0.06016154764213263, 0.0021239624084327365]
('easy', 1802);[0.0075872820133030565, 0.00669575287577576, 0.007127591834546619, 0.005908981173344006]
('easy', 1803);[0.0050008103595524725, 0.006032128727310003, 0.028777676677277837, 0.011996320421345146]
('easy', 1804);[0.0017607695887607326, 0.015210728174081652, 0.020790600381216023, 0.2696166080818631]
('easy', 1805);[0.0028248570867483065, 0.005445054549220676, 0.10936684419714288, 0.007442507149635804]
('easy', 1806);[0.002841607969749897, 0.011963616412959035, 0.07801257865391843, 0.004685019502717661]
('easy', 1807);[0.0026645932559493345, 0.002503153711723496, 0.15486467328387057, 0.004127002768350504]
('easy', 1808);[0.0038197922515690935, 0.004607548960346517, 0.07672259659988746, 0.005557764931658159]
('easy', 1809);[0.001558578405706076, 0.1978529597730418, 0.0036238033642702833, 0.002490601200709622]
('easy', 1810);[0.002360524315155456, 0.13719232339579712, 0.004142849192181603, 0.0018967345729693197]
('easy', 1811);[0.002394410113344984, 0.004473347014691596, 0.00420232062009895, 0.19021160057641154]
('easy', 1812);[0.00662613469941226, 0.003775457746078703, 0.010262758185280683, 0.011629228561849716]
('easy', 1813);[0.0030723056976229178, 0.08434605874292599, 0.012151204750364667, 0.018820149595197944]
('easy', 1814);[0.004720850540374501, 0.007311796352255346, 0.00938853235794058, 0.01063860091796821]
('easy', 1815);[0.002238776619965939, 0.003157181075858951, 0.10787029842098483, 0.002238776619965939]
('easy', 1816);[0.004872114081679374, 0.008550826508293233, 0.01324377917440847, 0.009689355830315289]
('easy', 1817);[0.001978938964956867, 0.004322400091813408, 0.2359950768489087, 0.005908020442423668]
('easy', 1818);[0.006594912777533978, 0.004257995716735289, 0.004257995716735289, 0.0020113347583002547]
('easy', 1819);[0.0023373158984220277, 0.0031947320504719465, 0.004795860831117358, 0.17996334999965283]
('easy', 1820);[0.003169637684109041, 0.036274582381133985, 0.020668634015057093, 0.028250673164015333]
('easy', 1821);[0.0028366544049252397, 0.006005197422351149, 0.1988648030357991, 0.008208131681108633]
('easy', 1822);[0.002251298428515523, 0.005400584179512841, 0.004477241540000552, 0.09572764508552105]
('easy', 1823);[0.003091803321452293, 0.05480352517288569, 0.004225994086408157, 0.003729426691596016]
('easy', 1824);[0.0016000989927381355, 0.0069505131945509285, 0.005413065118664395, 0.4039598042513431]
('easy', 1825);[0.0024240790952887717, 0.004254391305026666, 0.007466689272418452, 0.08545175401608501]
('easy', 1826);[0.0021916130650444965, 0.011847748293302636, 0.007186022588446074, 0.22355061015881372]
('easy', 1827);[0.005124102474401468, 0.007455525107878018, 0.01392875464332754, 0.026022339554461975]
('easy', 1828);[0.0028397820378511687, 0.0040047345632921085, 0.15027655581522198, 0.003320041563552627]
('easy', 1829);[0.0032888699728918147, 0.11236966677533258, 0.005955374162524707, 0.002813119563434703]
('easy', 1830);[0.0020577552318851535, 0.018922760503587897, 0.14883904050565908, 0.020143173703499037]
('easy', 1831);[0.002953807386764664, 0.0051840934099050525, 0.0066565077008015104, 0.052357488703509945]
('easy', 1832);[0.0027501389014865474, 0.008471024181223788, 0.09694576112496836, 0.15983653847094892]
('easy', 1833);[0.0019390764423202192, 0.01839744505124014, 0.009847442719226425, 0.09945564830009532]
('easy', 1834);[0.003369662731419234, 0.11158790429930956, 0.005555634620376384, 0.0032659891082678564]
('easy', 1835);[0.004320722697456172, 0.009146970022293475, 0.04363775339981843, 0.009736898904619174]
('easy', 1836);[0.003015001736365234, 0.09090823985149844, 0.004526053673593312, 0.004526053673593312]
('easy', 1837);[0.0035721307590936883, 0.012467961438135477, 0.07637554149763189, 0.013272075864896761]
('easy', 1838);[0.0028914150660674567, 0.17888547312147587, 0.0028024555766981932, 0.0031755982015240583]
('easy', 1839);[0.0022280183450567935, 0.22726404967492017, 0.0028608321838994814, 0.0037899868745110477]
('easy', 1840);[0.007372267984601108, 0.007847738419265414, 0.008353874062344835, 0.008892652649863705]
('easy', 1841);[0.0041219444107576005, 0.004387786985218907, 0.14530353179246025, 0.004972014034687558]
('easy', 1842);[0.003847123422022006, 0.08225514528468775, 0.006751911877720762, 0.009228769329930747]
('easy', 1843);[0.0024950039995676188, 0.007219533453841184, 0.1543604315241544, 0.008180803165084339]
('easy', 1844);[0.005824609843597203, 0.012330699135657626, 0.01583293109571396, 0.009603158142668055]
('easy', 1845);[0.00286830656569237, 0.005704308741441317, 0.08382420504737322, 0.004442520114715558]
('easy', 1846);[0.0030380141183448143, 0.004854732738000798, 0.0035517983454803064, 0.24900028758218057]
('easy', 1847);[0.004046366925602447, 0.018134558425049924, 0.010999165685142826, 0.03606487583422602]
('easy', 1848);[0.0025758124242367324, 0.1983265647357822, 0.0035207181507936206, 0.0024197518386852327]
('easy', 1849);[0.0027735263778126983, 0.1826587559202504, 0.008543062679857272, 0.013231754321693455]
('easy', 1850);[0.00460638906367451, 0.00460638906367451, 0.00432730205881697, 0.0071345149491159965]
('easy', 1851);[0.004243976802357037, 0.1240272120034482, 0.03338147125378849, 0.010180771099343781]
('easy', 1852);[0.003445511508204629, 0.015441711268044708, 0.034798433516640935, 0.02246755732201819]
('easy', 1853);[0.0017101888990359508, 0.2039457101449957, 0.003976308322491222, 0.002265632187990126]
('easy', 1854);[0.002616432957211142, 0.005714814986585282, 0.005043306524505537, 0.04784957145451743]
('easy', 1855);[0.00535101642573825, 0.006063495985160476, 0.007785682958930128, 0.014545570713870156]
('easy', 1856);[0.009939642999523664, 0.006831410068582355, 0.006831410068582355, 0.009337430473455048]
('easy', 1857);[0.009772328291757799, 0.004336444392696757, 0.0067164164637508305, 0.0021805011767629494]
('easy', 1858);[0.00521832154661231, 0.005913132988149028, 0.0062944973007290446, 0.0071325998791544306]
('easy', 1859);[0.0028470113579128677, 0.011617583829195977, 0.0109137100074773, 0.20592660063913307]
('easy', 1860);[0.0017690110225511975, 0.2625444830463594, 0.003986527878282733, 0.0029166061009831433]
('easy', 1861);[0.002495726258432369, 0.010507400016288054, 0.013491768684219052, 0.07293581241670724]
('easy', 1862);[0.005894676544302655, 0.005537536146778112, 0.005537536146778112, 0.013283858651955773]
('easy', 1863);[0.0025591245353102465, 0.005089426852698858, 0.006956421721097541, 0.1158348212536039]
('easy', 1864);[0.004108532112259851, 0.005793958950037165, 0.0705848699173916, 0.008430160528954364]
('easy', 1865);[0.0026457325365805426, 0.13152513557572937, 0.0065482509170014126, 0.005099782941908745]
('easy', 1866);[0.003912304499172451, 0.007780546549919635, 0.009990419525818929, 0.16635546008075403]
('easy', 1867);[0.006027853121093278, 0.015392662184775507, 0.006830452439480889, 0.003891874485157645]
('easy', 1868);[0.004440218055500285, 0.0837807883514793, 0.0064604791497856395, 0.005701352838898187]
('easy', 1869);[0.001935791266455288, 0.003093385635849724, 0.002409131155541601, 0.0661394854431133]
('easy', 1870);[0.0028317229779586386, 0.007231057944669738, 0.006381386238580774, 0.07303108074091091]
('easy', 1871);[0.005936010262379675, 0.00919387254737679, 0.019463423695089105, 0.02071870667499292]
('easy', 1872);[0.0027878344757856204, 0.006481909357523718, 0.06546496544898082, 0.016552135403492006]
('easy', 1873);[0, 0.5272043118150946, 0.0029449388198816047, 0.0024414400329416754]
('easy', 1874);[0.009291806898314436, 0.019670760047967528, 0.011930916224390225, 0.003873401390094053]
('easy', 1875);[0.0029096953391330033, 0.007909371966717222, 0.006979996262017377, 0.10918551207974728]
('easy', 1876);[0.0034885173354949157, 0.008368518048694682, 0.04523978115036548, 0.012961414308484917]
('easy', 1877);[0.007398521713763838, 0.01774813095102718, 0.011459054595379962, 0.010764785574392725]
('easy', 1878);[0.0032551974454436603, 0.006473733130642366, 0.10126622427911158, 0.06959919025067543]
('easy', 1879);[0.0023415314630054304, 0.004374556689960253, 0.10598580676107738, 0.003102025194273697]
('easy', 1880);[0.002646252360076982, 0.004098595833119312, 0.11252151359569303, 0.004098595833119312]
('easy', 1881);[0.0039883569872615115, 0.01679161011001152, 0.06641212212034629, 0.01679161011001152]
('easy', 1882);[0.0037598690007454192, 0.007959642737039533, 0.007477392362503345, 0.014870570366078858]
('easy', 1883);[0.004214043272072296, 0.007872869307493521, 0.158130788316432, 0.010760936475384817]
('easy', 1884);[0.002575468539132648, 0.017877295045789013, 0.06642220907026763, 0.01392285138085903]
('easy', 1885);[0.006057066253683761, 0.004431444336760324, 0.004162956697083448, 0.004717247941484294]
('easy', 1886);[0.002431406938778642, 0.004988923110508011, 0.16521046328625866, 0.0025882192137042996]
('easy', 1887);[0.00816053188225907, 0.02675735392116647, 0.01622915552596952, 0.06832729689874942]
('easy', 1888);[0.00165081129399797, 0.2608034294277506, 0.0032830302755833913, 0.0015507936938217101]
('easy', 1889);[0.005118644468198302, 0.0045171878886167745, 0.0130709165535633, 0.005118644468198302]
('easy', 1890);[0.0028448278803001235, 0.026160556653103302, 0.006213675362782406, 0.13285426893034785]
('easy', 1891);[0.00463031151996073, 0.022089980811123497, 0.013398250634410148, 0.0076340930929270955]
('easy', 1892);[0.0034323536820289064, 0.005316133378354798, 0.17604618048324783, 0.004994045139285231]
('easy', 1893);[0, 0.0028994366178587065, 0.002723768633616193, 0.27783195386452747]
('easy', 1894);[0.0030651429365487147, 0.01998723790186222, 0.02908125954914104, 0.02908125954914104]
('easy', 1895);[0.0031689198499187223, 0.11170827531037451, 0.005561627540133784, 0.002546298633621044]
('easy', 1896);[0.005373796657229205, 0.011376327612627364, 0.007818828000172483, 0.010687070766147787]
('easy', 1897);[0.0024657728847772052, 0.2515157020224094, 0.004327566184434663, 0.003587678377749189]
('easy', 1898);[0.002063099966007029, 0.06418115870677105, 0.00560808714789138, 0]
('easy', 1899);[0.0014818656494609479, 0.2913577425224882, 0.0041559949905387505, 0.0032366921530724143]
('easy', 1900);[0.0016500951263583824, 0.2954007587334495, 0.004485423597208823, 0.010108058111697089]
('easy', 1901);[0.0015301442533750575, 0.005685175595358697, 0.10077212460676647, 0.003448233304435074]
('easy', 1902);[0.0067207574390365675, 0.05286285204042015, 0.04116963056446702, 0.008629623371116167]
('easy', 1903);[0.006225861900110459, 0.04059771931877505, 0.004554937869784248, 0.00229036659662321]
('easy', 1904);[0, 0.3868217861157389, 0.0028625542606671825, 0.0026063853143500327]
('easy', 1905);[0.003777681744864136, 0.005850987945042632, 0.00516347873855993, 0.007057638648307925]
('easy', 1906);[0.003523314546776663, 0.013934979351483844, 0.014833708304789337, 0.015790400295652082]
('easy', 1907);[0.005219595706426909, 0.02650729420190183, 0.04952214523516968, 0.009160675752014525]
('easy', 1908);[0.0037662156449280284, 0.003538032174217869, 0.18146638885381958, 0.00660991430674767]
('easy', 1909);[0.0031324892130535596, 0.18783768319623187, 0.008785283255673678, 0.006427450534574099]
('easy', 1910);[0.0024176965912393045, 0.007927321931849305, 0.003744601733415897, 0.09657457458447645]
('easy', 1911);[0.003954129721289958, 0.006939713781575068, 0.10855538806680623, 0.025784164690853137]
('easy', 1912);[0.002607279056111632, 0.004575917249423771, 0.16130664330599367, 0.0035637279371211823]
('easy', 1913);[0.002809709110974997, 0.02076109329283986, 0.06007421534873297, 0.019503242237583006]
('easy', 1914);[0.006898551840825824, 0.004454039830515615, 0.009429202395195072, 0.004184183199077889]
('easy', 1915);[0.0033893161169899866, 0.00493142585164753, 0.10543853385493693, 0.00493142585164753]
('easy', 1916);[0.0017021062495906922, 0.19068378011261097, 0.003082116247901199, 0.0019899638137368726]
('easy', 1917);[0.003261129139481446, 0.005050935618987522, 0.08952997605675121, 0.003261129139481446]
('easy', 1918);[0.003622131080997901, 0.004369124077267584, 0.11994850780087224, 0.003402677252712124]
('easy', 1919);[0.00378510694671527, 0.009079999539498498, 0.05562174054897473, 0.00752758401130888]
('easy', 1920);[0.002323414767807942, 0.005573582284132773, 0.23699472108573288, 0.00359857518867493]
('easy', 1921);[0.002361195259571406, 0.015885678129645107, 0.005844014392963245, 0.24849375596720202]
('easy', 1922);[0.002270782601012948, 0.17484059086360515, 0.005279727730700372, 0.004959845198318479]
('easy', 1923);[0.0022859379204385436, 0.2057735248687209, 0.007041184498115448, 0.005483680000882548]
('easy', 1924);[0.002154264321293149, 0.007757803833872119, 0.07360399344606806, 0.008790743413548085]
('easy', 1925);[0.004634353748746699, 0.006334410536608003, 0.00525141078135677, 0.009810926963085774]
('easy', 1926);[0.0019801037490469377, 0.20838745735533745, 0.0029724877897662773, 0]
('easy', 1927);[0.002430950183927131, 0.11352600898208437, 0.0029322856466884027, 0.0017785211477518027]
('easy', 1928);[0.0013536728667958165, 0.24233517260834359, 0.0025289938610769717, 0.0016328411597495319]
('easy', 1929);[0.0018620122400405462, 0.010065943067646887, 0.014645860743461822, 0.10166239940707703]
('easy', 1930);[0.003548368709160688, 0.004850044980954716, 0.08076049957365011, 0.0062275810276246684]
('easy', 1931);[0.0033187373295873327, 0.10006644228170573, 0.0060094569586928385, 0.009907919513153784]
('easy', 1932);[0.008288314327920664, 0.023983038441293195, 0.02552981152877062, 0.017546361569899114]
('easy', 1933);[0.005949484608516551, 0.003184529630506315, 0.0052504017389905806, 0.011115100568666275]
('easy', 1934);[0.0043267181508037204, 0.00975040986730299, 0.012519774092739988, 0.01711250224488176]
('easy', 1935);[0.005623310282717176, 0.006372045347975746, 0.008181868183087741, 0.007220473328930384]
('easy', 1936);[0.005748286141881257, 0.003486511785852227, 0.0061190187463069185, 0.005072844715380163]
('easy', 1937);[0.002805649852177685, 0.09890256647532912, 0.005939560783669507, 0.0020526572812050296]
('easy', 1938);[0.0038448640416140385, 0.018925084088137353, 0.031202188685900592, 0.015689445773078434]
('easy', 1939);[0.007280797213163808, 0.016407529798509624, 0.012778197055346704, 0.012004005232997385]
('easy', 1940);[0.006094953695788748, 0.0030647351845132747, 0.0036967762860247028, 0.00418899632984302]
('easy', 1942);[0.0029496355856607026, 0.19425687749839585, 0.006647106401888399, 0.007075807932647631]
('easy', 1943);[0.0031606801999670515, 0.006285763143041326, 0.056024410413980916, 0.0033645265592763185]
('easy', 1944);[0.002604648429063817, 0.010965979483326997, 0.049146110395978056, 0.014988716819944762]
('easy', 1945);[0.008098976140374825, 0.005925337522764174, 0.007147321357987325, 0.007608283981682778]
('easy', 1946);[0.002999311774658474, 0.003732703813022082, 0.1798517416328771, 0.003732703813022082]
('easy', 1947);[0.006664358628572477, 0.03384441379907389, 0.01032196056489687, 0.01032196056489687]
('easy', 1948);[0.0035447682816865324, 0.01800181872410901, 0.006221262080619104, 0.009635679206206496]
('easy', 1949);[0.0035823123869177342, 0.05431272306217311, 0.01656444465573856, 0.004745792851194237]
('easy', 1950);[0.001611919136444176, 0.006786433048617754, 0.007690036110882793, 0.3269886170742081]
('easy', 1951);[0.002543683441587544, 0.2761967413675866, 0.0053849778880982165, 0.0034768030382973957]
('easy', 1952);[0.005604267097271207, 0.003618386793061475, 0.007196021394803061, 0.006760036498563244]
('easy', 1953);[0.005521784228165858, 0.004039823640997211, 0.006257001256314941, 0.004872957478096841]
('easy', 1954);[0.0019213002419563364, 0.006499674938497596, 0.010716152323737535, 0.2596285427564024]
('easy', 1955);[0.0018019896404806448, 0.19566251073113503, 0.0028795712463462477, 0.0018019896404806448]
('easy', 1956);[0.0030278313614668906, 0.01197530533866662, 0.028727264114639644, 0.05713098654337062]
('easy', 1957);[0.0021482449417052343, 0.016897255336181895, 0.36127924912919657, 0.01798703467628586]
('easy', 1958);[0.006968911776794712, 0.02934022147975244, 0.008406112190715895, 0.03324682658241954]
('easy', 1959);[0.004225911467664331, 0.00577613613004505, 0.006545219720463953, 0.010791242974534867]
('easy', 1960);[0.0018019294935911103, 0.2082746816286065, 0.0020418536181982566, 0.0016927561045483605]
('easy', 1961);[0, 0.012276817711339164, 0.007446266345630286, 0.27941911650178264]
('easy', 1962);[0.0056916529187850074, 0.10088696193761933, 0.025508218678276514, 0.019865820681398385]
('easy', 1963);[0.006320121672693369, 0.006727734500268764, 0.0052395648971058206, 0.007623521941623868]
('easy', 1964);[0, 0.4171352015678899, 0.00764009817508214, 0.0019317193344963496]
('easy', 1965);[0.004895401609679493, 0.005904981504659566, 0.023354654898355573, 0.006691220657393207]
('easy', 1966);[0.0029706655816010893, 0.008595905878411556, 0.007585860312606914, 0.08681557397585757]
('easy', 1967);[0.0017725692324885717, 0.2889287957627739, 0.005633213370706243, 0.0024228148803226955]
('easy', 1968);[0.0022111299298936643, 0.023040502958033726, 0.006201267244038738, 0.205357743022425]
('easy', 1969);[0.0024156177484727396, 0.0056164795378008964, 0.11281003403083274, 0.00465622507850134]
('easy', 1970);[0.0029959455833679823, 0.007650415058618664, 0.18535254568479662, 0.006342416849760687]
('easy', 1971);[0.0021843828727994992, 0.004344164067050173, 0.25248039168198194, 0.004922582792446397]
('easy', 1972);[0.005412623759908041, 0.010112112458549793, 0.00892390792325729, 0.0057617080006292605]
('easy', 1973);[0.0074554006814171285, 0.002742688636388924, 0.0058062718887987455, 0.006579368008877698]
('easy', 1974);[0.003064893017575847, 0.005379054763581592, 0.009440535112868352, 0.10804122882479977]
('easy', 1975);[0.004449571365665569, 0.012095188987720414, 0.13842207484611344, 0.012095188987720414]
('easy', 1976);[0.002538248085414692, 0.003579503533152138, 0.13431987913034762, 0.004317705439597385]
('easy', 1977);[0.0033454986523957773, 0.00802543406323245, 0.11793292077856568, 0.006250214332933358]
('easy', 1978);[0.0017209510969479745, 0.004534102239470241, 0.005821902517340599, 0.2635194294560968]
('easy', 1979);[0.004458663730263529, 0.005725037554122147, 0.0030643917795442864, 0.00474622283504356]
('easy', 1980);[0.001969748639507899, 0.30161634267119847, 0.0037967898768003585, 0.007093337338551856]
('easy', 1981);[0.0028765246069989005, 0.1385987503104628, 0.002384722658364521, 0.0028765246069989005]
('easy', 1982);[0.0021372357366668693, 0.18646863421712612, 0.0038700339600774517, 0.003109659647865502]
('easy', 1983);[0.002429470377774427, 0.007029905631613518, 0.2054439571335751, 0.004538848211978408]
('easy', 1984);[0.0025831160667273757, 0.006393273665723651, 0.018499550749118084, 0.06873416948238968]
('easy', 1985);[0.0035509905761099904, 0.007517447108616301, 0.02623846231791314, 0.05218141315585689]
('easy', 1986);[0.0032246700363307576, 0.006826626520482608, 0.008234483410505618, 0.15537330344887154]
('easy', 1987);[0.003791449186660436, 0.009681804673837347, 0.021818283635495896, 0.026317873711581917]
('easy', 1988);[0.0031507337555251582, 0.009116950416152658, 0.009116950416152658, 0.06328417918173432]
('easy', 1989);[0.0029971944209076368, 0.009827422164126194, 0.1741951843484159, 0.009827422164126194]
('easy', 1990);[0.0033576109868051263, 0.010342169933669447, 0.0066774067777405285, 0.10445224106853013]
('easy', 1991);[0.0024187609037440274, 0.0067835827107051595, 0.008710292616748952, 0.19824536982381483]
('easy', 1992);[0.002353439276944579, 0.2185746625377681, 0.007479214554241627, 0.006200486646584952]
('easy', 1993);[0.0011025010609373497, 0.3153967249383862, 0.00449889265865344, 0.003503741125513493]
('easy', 1994);[0.0026015353720662674, 0.01644220982957876, 0.02247383623180899, 0.044694560199454635]
('easy', 1995);[0.008077867557089717, 0.004899474338472904, 0.008077867557089717, 0.005551831767481184]
('easy', 1996);[0.0041740977976395125, 0.01870700847820319, 0.08383899543548474, 0.0100131400813599]
('easy', 1997);[0.001671071953089528, 0.14579699214791605, 0.002284084547914165, 0.003121973420937879]
('easy', 1998);[0.002794894235235413, 0.1959371894690249, 0.0067046027301573, 0.0049051921432614045]
('easy', 1999);[0.005786371816535825, 0.00423340005587398, 0.004506430901860408, 0.005106455205295664]
('easy', 2000);[0.0014566823389572609, 0.20953938518640983, 0.002256153742062242, 0.00280782869820818]
('easy', 2001);[0.0029662705298217043, 0.13852565859602242, 0.005045796144010934, 0.0031575785426465473]
('easy', 2002);[0.002926453873545958, 0.006004693467274137, 0.00930025117612463, 0.22532446001772663]
('easy', 2003);[0.0013533404846249068, 0.00245058303358439, 0.0030497998610462098, 0.4526304859662226]
('easy', 2004);[0.006596441278577912, 0.004826059534836369, 0.013118589936607215, 0.006196783105178117]
('easy', 2005);[0.00764109644495479, 0.007178145814608141, 0.007178145814608141, 0.009216921670647586]
('easy', 2006);[0.0015750131023690636, 0.1820467625582744, 0.0022211244823099672, 0.004281329495754732]
('easy', 2007);[0.005835696614642497, 0.007493182777279574, 0.026153777735652122, 0.007039193783025392]
('easy', 2008);[0.0034141222641114475, 0.0063784201181055575, 0.10621025579491956, 0.004967518582739011]
('easy', 2009);[0.001625341836120201, 0.0037790329907421883, 0.14180714988386903, 0.004558383906993064]
('easy', 2010);[0.0035425226148759455, 0.007983197947112443, 0.014914577292074039, 0.016900430186659314]
('easy', 2011);[0.002365925417151415, 0.1213488241396567, 0.0019614210622616334, 0]
('easy', 2012);[0.0023169879370209825, 0.22202017976046817, 0.004905063501164786, 0.0023169879370209825]
('easy', 2013);[0.006550465107859578, 0.004792422649779717, 0.01014555882919862, 0.005430526312040307]
('easy', 2014);[0.003976556713003524, 0.005435308590562576, 0.006979074377823572, 0.0032966813051756626]
('easy', 2015);[0.007978163290536031, 0.004545820415846176, 0.01024416444353337, 0.007494790812388492]
('easy', 2016);[0.007711421788496516, 0.008738185670580646, 0.008738185670580646, 0.008738185670580646]
('easy', 2017);[0.003121369078227683, 0.11712851053943277, 0.017962238850370568, 0.017962238850370568]
('easy', 2018);[0.0020675257360039854, 0.007681790021548232, 0.004376952017467569, 0.3068480625853686]
('easy', 2019);[0.004117455697639735, 0.039065331977115106, 0.009877262747072022, 0.004383008774977267]
('easy', 2020);[0.006747875753208857, 0.05649927194423731, 0.01723130438771257, 0.014285253081643414]
('easy', 2021);[0.006600799135640574, 0.004003587054370658, 0.004829247811172128, 0.00426179623517284]
('easy', 2022);[0.00437556849327612, 0.008701857013301954, 0.00721409284626965, 0.011173405577462185]
('easy', 2023);[0.0048036469902624085, 0.005443245156094964, 0.07058907722887596, 0.005443245156094964]
('easy', 2024);[0.002991996740826355, 0.006742568738680733, 0.009810379627253542, 0.10547154587939077]
('easy', 2025);[0.0049228597781448636, 0.0033834287465102685, 0.0033834287465102685, 0.0036016411528035797]
('easy', 2026);[0.003360571001031599, 0.054236855162099744, 0.022609284983883635, 0.050950810225199]
('easy', 2027);[0.005903644191679443, 0.003580741206287989, 0.005545960471866572, 0.0033637950637414194]
('easy', 2028);[0.0051782134623120975, 0.043356650491579746, 0.012421888341628317, 0.009674176367685687]
('easy', 2029);[0.0033029815261299313, 0.011173842473390554, 0.18606113730939863, 0.012661622313534905]
('easy', 2030);[0.0028864008266204656, 0.0037062120241291847, 0.06171397085385848, 0.0034816639890233292]
('easy', 2031);[0.0044420202101987495, 0.005358099146081075, 0.00392006907671857, 0.004728505900157714]
('easy', 2032);[0.0054005532772107, 0.0034868592653264116, 0.006934447672114817, 0.005748859038681477]
('easy', 2033);[0.0019869145263615743, 0.29488426172412097, 0.005400993651709978, 0.004766360168513119]
('easy', 2034);[0.002825154788732551, 0.02292695185858996, 0.01575744820776563, 0.140444607107079]
('easy', 2035);[0.002204982149052956, 0.007229858127302781, 0.14521558236534846, 0.005289477201001614]
('easy', 2036);[0.0016859412097491643, 0.0055279884069333275, 0.30181801238224093, 0.0055279884069333275]
('easy', 2037);[0.002033692439232069, 0.15176802375700288, 0.0019104772431596062, 0.0019104772431596062]
('easy', 2038);[0.0021179378134983415, 0.16307215418705945, 0.0036027335825121903, 0.0028058117352581413]
('easy', 2039);[0.0015926437235611226, 0.003267892738379238, 0.0029754501981728693, 0.38970709335500614]
('easy', 2040);[0.0031558445092591467, 0.20783744353411632, 0.0026162869906255688, 0.0015868582744217065]
('easy', 2041);[0.005782912867789652, 0.1316184588256086, 0.010803903587430797, 0.008956750663993818]
('easy', 2042);[0.0036971235661145104, 0.10149960068381976, 0.00735260816560763, 0.0036971235661145104]
('easy', 2043);[0.008993332919844487, 0.0115476680498149, 0.005806532147373045, 0.0037489789246075897]
('easy', 2044);[0.0038946591664729495, 0.006032166119886462, 0.01058678124026487, 0.0046978556977843745]
('easy', 2045);[0.0032849689006196328, 0.03531673554624551, 0.02280219826367697, 0.02280219826367697]
('easy', 2046);[0.0018212749900860957, 0.00479842049311303, 0.010158256263634882, 0.11625508667167186]
('easy', 2047);[0.0014719183396994955, 0.0025038174394704017, 0.09395505625830786, 0.0025832971367548705]
('easy', 2048);[0.0035441767340186146, 0.09430704545158489, 0.005663578294782642, 0.0017272937891546702]
('easy', 2049);[0.0049070987806921615, 0.0767599215447225, 0.020659652612500676, 0.020659652612500676]
('easy', 2050);[0.0068819402327553805, 0.004443314570243336, 0.007798259928845115, 0.008301204483456805]
('easy', 2052);[0.006053050051910235, 0.0019046767055770637, 0.0050181547468369685, 0.0032399642176824204]
('easy', 2053);[0.000856210754759382, 0.4871203491586199, 0.0018701362247744945, 0.0017568303987938387]
('easy', 2054);[0.0035163760722180296, 0.06232925725062401, 0.008435347683940895, 0.0045151162513605595]
('easy', 2055);[0.002497874041326806, 0.0043839054687308514, 0.15453803156498588, 0.0049676157002835645]
('easy', 2056);[0.0013172590896324986, 0.0033637389248231163, 0.41387055247617877, 0.0035806814467205256]
('easy', 2057);[0.006417185372488993, 0.00933694962298499, 0.006831058270863274, 0.007271623677878969]
('easy', 2058);[0.005394168022250545, 0.007372953513878464, 0.005394168022250545, 0.005394168022250545]
('easy', 2059);[0.0011766624050508153, 0.2242321637660909, 0.004653790088952224, 0.0026516496625879713]
('easy', 2060);[0.0027631336944130913, 0.1877507999566577, 0.008249193452056764, 0.0023634334942419333]
('easy', 2061);[0.002568021203084554, 0.007202193572338396, 0.015247043912288084, 0.17449313572127087]
('easy', 2062);[0, 0.4100374706993405, 0.0020213156414980414, 0.0027628109098875747]
('easy', 2063);[0.006287103072425805, 0.007583693907187593, 0.011745854899019215, 0.007583693907187593]
('easy', 2064);[0.004942633999354523, 0.0040975875059733454, 0.0031912043583556464, 0.0033970193567441085]
('easy', 2065);[0.002917170798585851, 0.005801486872318979, 0.27953129160871587, 0.0074492565986378385]
('easy', 2066);[0.0026026595157847628, 0.13349096703844096, 0.010957605845653346, 0.010293718068568056]
('easy', 2067);[0.005518254514666385, 0.004297620937209496, 0.006656285519594487, 0.004869842516866545]
('easy', 2068);[0.0027626251611946495, 0.007509593774519157, 0.08073576094083547, 0.0042788375534272794]
('easy', 2069);[0.0034701811924457795, 0.005721361545168891, 0.006901279363656679, 0.1779862982169702]
('easy', 2070);[0.0033440488770316054, 0.011671877447355443, 0.13357759565830393, 0.007535930474531988]
('easy', 2071);[0.00519960344742983, 0.0035736317033831003, 0.01034064620287296, 0.00519960344742983]
('easy', 2072);[0.0022764515928841316, 0.21142454004200784, 0.009289343767432736, 0.007234548200296089]
('easy', 2073);[0.005244324047415198, 0.0055825538892431605, 0.009797687201048035, 0.007168141083817221]
('easy', 2074);[0.005202309137426104, 0.007110713510749125, 0.0038060906715528605, 0.004591021700066075]
('easy', 2075);[0.002042311276368101, 0.2217570434153933, 0.003367202042738816, 0.0012780457393863005]
('easy', 2076);[0.003999816530271015, 0.02031274925549214, 0.007472641063149402, 0.026082086326856904]
('easy', 2077);[0.0057866615352833665, 0.007909428539156316, 0.04275797690402784, 0.0074302204890731504]
('easy', 2078);[0.002788238625370339, 0.17250221541892008, 0.006688636752085688, 0.007120016760309563]
('easy', 2079);[0.002150814555370737, 0.005000793667574927, 0.1289721685425039, 0.005666641608518909]
('easy', 2080);[0.0037486088988111315, 0.10955041024371913, 0.008447620557127883, 0.004813309103295339]
('easy', 2081);[0.005042193208361226, 0.01873402047684734, 0.02901581852977343, 0.012095592714946441]
('easy', 2082);[0.006890329740389759, 0.01002537061615556, 0.025600686822267314, 0.015527597765338078]
('easy', 2083);[0.0024278687533392713, 0.10323558173284571, 0.003532528191928435, 0.006199780054087544]
('easy', 2084);[0.0019161720920586192, 0.0059022255633854725, 0.18361285533825342, 0.0027022357716191304]
('easy', 2085);[0.00355154600365969, 0.0031342283476163747, 0.004705034015572769, 0.08877745780791582]
('easy', 2086);[0.002551677007206082, 0.002323328353956334, 0.07005292524636336, 0.0026326759302519155]
('easy', 2087);[0.0038337661755638657, 0.04121688053268956, 0.043875140940927426, 0.023484670616512847]
('easy', 2088);[0.007335389372975309, 0.005712806987806832, 0.0047360833394363274, 0.0047360833394363274]
('easy', 2089);[0.0055979799786341385, 0.0055979799786341385, 0.02356837602679513, 0.004640888405278596]
('easy', 2090);[0.0018228475659931033, 0.0035136306464168196, 0.21069255683394686, 0.0030053675552967852]
('easy', 2091);[0.002732333331318391, 0.02360375817992086, 0.09335467455085115, 0.034343265504508995]
('easy', 2092);[0.0022057130052579883, 0.03344159808188989, 0.07079586369491529, 0.029512106724746776]
('easy', 2093);[0.0033698571574566237, 0.011049336235284908, 0.016076689359569338, 0.07669759538388293]
('easy', 2094);[0.0026150347573743126, 0.01171977269067861, 0.006677725188899189, 0.09812843192756135]
('easy', 2095);[0.0017566402461879158, 0.003281836038603318, 0.005759801622930891, 0.3144744381933708]
('easy', 2096);[0.001552677543156159, 0.007885147193766234, 0.009511303066257791, 0.21647625999076645]
('easy', 2097);[0.00432787572715884, 0.005220414617833817, 0.009753018505888108, 0.098502021012665]
('easy', 2098);[0.0017319973884713093, 0.24147720125849823, 0.0034444881036715695, 0.00190222699481]
('easy', 2099);[0.002617185375689392, 0.010679750333313502, 0.14742944091481466, 0.006477596015230855]
('easy', 2100);[0.0036128818424682693, 0.012610196695000886, 0.009225816986153938, 0.11964224361162007]
('easy', 2101);[0.005825326454401068, 0.007479867227954454, 0.014875492223733654, 0.02779107821180486]
('easy', 2102);[0.0050885144472274085, 0.025841608639765548, 0.013832016355749589, 0.01472410476635664]
('easy', 2103);[0.007611415514466245, 0.004336853832033348, 0.00918111963446134, 0.007150263160790742]
('easy', 2104);[0.0034231156560666238, 0.00990511357882524, 0.06458945401384504, 0.012718417590390484]
('easy', 2105);[0.002280690056392695, 0.14110131418870045, 0.0025843604093262755, 0.0020127019105220397]
('easy', 2106);[0.003460945323236437, 0.07172158630791954, 0.006266962368776806, 0.0026953869279038537]
('easy', 2107);[0.007100691030818095, 0.008046137057277013, 0.007100691030818095, 0.007558646256793605]
('easy', 2108);[0.0022576722319497342, 0.005415874139099773, 0.00892926689256854, 0.19091612155196655]
('easy', 2109);[0.0023185097819157846, 0.005390696750988115, 0.006921791641924769, 0.13060465799574292]
('easy', 2110);[0.002838070953970649, 0.1649470609717984, 0.003644155239261538, 0]
('easy', 2111);[0, 0.3628260161868556, 0.0015298560768082542, 0.0014371667827782501]
('easy', 2112);[0.0026378530877899306, 0.0050845949068453284, 0.10871343265659006, 0.0034945875664699763]
('easy', 2113);[0.0028406569299773, 0.0030238635616474537, 0.12857791980644467, 0.003426486317165956]
('easy', 2114);[0.0029478540936190268, 0.19413964470311576, 0.0029478540936190268, 0.0012288484111835861]
('easy', 2115);[0.002960733974318619, 0.021877029430250175, 0.07173201791926964, 0.014124871814260653]
('easy', 2116);[0.0014124063154112502, 0.2031704120038481, 0.0028980695892569237, 0.0014572409046356555]
('easy', 2117);[0.007392851040816884, 0.009492608638195303, 0.00575755817971844, 0.009492608638195303]
('easy', 2118);[0.0019402714242016037, 0.003739971057167024, 0.006987185808465808, 0.2041955252408243]
('easy', 2119);[0.004487447374168001, 0.007875715411897815, 0.0061336133300335495, 0.05135611564418181]
('easy', 2120);[0.004022588962420237, 0.0035499222997068406, 0.004022588962420237, 0.0058528324048593835]
('easy', 2121);[0.0030821750351639524, 0.0034925618731772236, 0.12311704989238062, 0.005409385649031266]
('easy', 2122);[0.0031454062934001227, 0.003564212275633009, 0.0042992606622261256, 0.003794084217818352]
('easy', 2123);[0.003213610331449571, 0.023745547019184, 0.03454956704832554, 0.050269323434089574]
('easy', 2124);[0.008771135334590757, 0.012761926608283897, 0.004997642267040332, 0.004997642267040332]
('easy', 2125);[0.003074709220102766, 0.0037088072694615483, 0.20249401574207765, 0.005744313070736574]
('easy', 2126);[0, 0.20726422153689675, 0.0022316568522176847, 0]
('easy', 2127);[0.0034887768440788215, 0.00738574063687278, 0.008908903770573726, 0.024216911231040833]
('easy', 2128);[0.00229532149028901, 0.0035550634692656704, 0.16091447872742468, 0.010286917235940333]
('easy', 2129);[0.002615857871079539, 0.005367391849835102, 0.10780694718107948, 0.004449724132197462]
('easy', 2130);[0.0008518899164354717, 0.4277128389789109, 0.0014045290255221168, 0.0017479646142033935]
('easy', 2131);[0.0030267703672649765, 0.07107574686949882, 0.007491328605200532, 0.003766876583651832]
('easy', 2132);[0.002738335759624442, 0.005981075186457107, 0.18606575085152227, 0.005618700159827353]
('easy', 2133);[0.0037451320838482955, 0.1592471064058437, 0.006174678928222181, 0.0035182260015289425]
('easy', 2134);[0.0020321462917750996, 0.008827241113420358, 0.2746074219272398, 0.0039170644995174]
('easy', 2135);[0.0014524112642957318, 0.009771550134596211, 0.016110562554621472, 0.23674301676257165]
('easy', 2136);[0.0019340188854399878, 0.00435837883746633, 0.03428130500334032, 0.0875403790651697]
('easy', 2137);[0.002386067118224047, 0.16727617932821626, 0.0034717071717187808, 0.0021725388340911936]
('easy', 2138);[0.004889921386663888, 0.015062018245086729, 0.029954400051536094, 0.012486851703741352]
('easy', 2139);[0.005678009776828309, 0.004154120694039425, 0.007290708869649039, 0.003902435244484417]
('easy', 2140);[0.0011265668940730522, 0.31236585086158014, 0.0018573948011248193, 0.002384942133467941]
('easy', 2141);[0.0020948227748136578, 0.17714506185726916, 0.0022299272362040737, 0]
('easy', 2142);[0.0024475794190993126, 0.005871437798499682, 0.007082305880144046, 0.14225191625694236]
('easy', 2143);[0, 0.2667740597216181, 0.0019134393323331218, 0]
('easy', 2144);[0.0023622414576148737, 0.0028494071026113703, 0.1656059509320625, 0.0030331780719309964]
('easy', 2145);[0.0060817965639497545, 0.010027187359054912, 0.00884896178600137, 0.015530411591785425]
('easy', 2146);[0.0024954037743594444, 0.03136524866181996, 0.02767973479285174, 0.1165360362862652]
('easy', 2147);[0.0057162975985302995, 0.002309593009935293, 0.004182132662794923, 0.00504461492495475]
('easy', 2148);[0.0021916966700427907, 0.008143141010053546, 0.011130354092869499, 0.325276626595648]
('easy', 2149);[0.003212576148939954, 0.00770656955368002, 0.03048007385532827, 0.12832590410981412]
('easy', 2150);[0.003984175228079239, 0.006568794444730776, 0.08002429865203521, 0.007443419263560642]
('easy', 2151);[0.0027081682071140967, 0.0027081682071140967, 0.1389025305376589, 0.0023899500544562672]
('easy', 2152);[0.003254610767058483, 0.003464515127468159, 0.003687957156026957, 0.07642597982985441]
('easy', 2153);[0.0020534414363432294, 0.004213388254536099, 0.12313322467383314, 0.003958111965016081]
('easy', 2154);[0.004271030302263376, 0.0191414343884095, 0.02037595084220168, 0.08058844888336579]
('easy', 2155);[0.0035541973345618477, 0.10386884675547846, 0.0337212773808324, 0.005504848519094067]
('easy', 2156);[0.005352889601107394, 0.006456817358666746, 0.015489099639363551, 0.009394613822617887]
('easy', 2157);[0.0019323651444315634, 0.00813556113434822, 0.087465525031508, 0.0038429669676458473]
('easy', 2158);[0.0015900152235558233, 0.004322109489165041, 0.1956336600945077, 0.006288632199774994]
('easy', 2159);[0.002901527801001697, 0.040054355781864046, 0.02752892929775435, 0.09608540450088185]
('easy', 2160);[0.0042912851850269934, 0.0149780570240193, 0.03170854696867444, 0.06305997546261287]
('easy', 2161);[0.0038820401076719814, 0.007252605737747929, 0.010552479082033942, 0.07797285991994102]
('easy', 2162);[0.004261499546810798, 0.0058247792668759376, 0.009021594611393364, 0.009603437474431455]
('easy', 2163);[0.0010275278588260097, 0.005731090233378339, 0.0032654767819621146, 0.5158963635327914]
('easy', 2164);[0.0027092996705921535, 0.003942007760339504, 0.003942007760339504, 0.1479227851672747]
('easy', 2165);[0.003273922499347187, 0.028282374660746786, 0.09273433637013608, 0.005569129773200299]
('easy', 2166);[0.003407636047578554, 0.008174493925367883, 0.009262915146134785, 0.11284540782629576]
('easy', 2167);[0.002044548460181637, 0.08693641272848548, 0.00406607013114, 0.002466196199078178]
('easy', 2168);[0.004889242910138151, 0.003807746207041906, 0.004889242910138151, 0.004314741724180612]
('easy', 2169);[0.0028481777415054737, 0.0023612222814613274, 0.004844913544149973, 0.24849665901504187]
('easy', 2170);[0.004059808583382076, 0.007584720973852201, 0.012505090801915515, 0.012505090801915515]
('easy', 2171);[0.004612470783429781, 0.015123709457171453, 0.18424445519811877, 0.03201688553865596]
('easy', 2172);[0.0036187974571072123, 0.06828169872876083, 0.012630844218894977, 0.022167821967711696]
('easy', 2173);[0.002162156594985713, 0.004299961835552551, 0.007546668044238059, 0.11804977831343931]
('easy', 2174);[0.004723831907281943, 0.005352802818284249, 0.008290583187572823, 0.016487793429815066]
('easy', 2175);[0.0043126930112511305, 0.01247919100581417, 0.01247919100581417, 0.0361097364809686]
('easy', 2176);[0.0025602059368326096, 0.009512319037285916, 0.356947095928544, 0.007885989463331777]
('easy', 2177);[0.0013051322766089789, 0.23364535692475724, 0.004020090428477725, 0.007994904466222783]
('easy', 2178);[0.0044184447717353185, 0.036995176310353275, 0.014487522657128717, 0.0198020909201916]
('easy', 2179);[0.004079765939035124, 0.05995172283268803, 0.01946347474001608, 0.0438616174066718]
('easy', 2180);[0.002104724117746585, 0.0053746013192084744, 0.005048970686678981, 0.09526708786673745]
('easy', 2181);[0.0032279130163173587, 0.03260076659977548, 0.025389502556633244, 0.010583919314390787]
('easy', 2182);[0.003551984649603536, 0.020440260369739786, 0.011646509291705876, 0.07594478047445799]
('easy', 2183);[0.002775084744523898, 0.012437066968794654, 0.17168845456152293, 0.008547862787257901]
('easy', 2184);[0.002587435641314738, 0.005309073220952266, 0.16516042683054585, 0.005651479025692879]
('easy', 2185);[0.0032979532824370197, 0.1402325753889281, 0.010813572505669987, 0.007911378649895861]
('easy', 2186);[0.0033096520113897816, 0.0033096520113897816, 0.09672218653762096, 0.002743797888486459]
('easy', 2187);[0.0036518107488597083, 0.00531335328740134, 0.0733485971203815, 0.010566864771783292]
('easy', 2188);[0.0035709113867909716, 0.008566171102718649, 0.22092441185545986, 0.010332774705815114]
('easy', 2189);[0.0017930130891053821, 0.2276131810773046, 0.00731661284442439, 0.0030500180075324675]
('easy', 2190);[0.001582188918676238, 0.009104868585360892, 0.014101896330089046, 0.3015119101147581]
('easy', 2191);[0, 0.4278979120784741, 0.005386439140370727, 0.0037020418720368612]
('easy', 2192);[0.001669066741206497, 0.26368754776801123, 0.013128226838466801, 0.0037612999634894268]
('easy', 2193);[0.0029511718790733634, 0.014987287452676683, 0.09772936728279803, 0.0075360813993335]
('easy', 2194);[0.001654943580016563, 0.2871534320070467, 0.006344047156973037, 0.009825852452683572]
('easy', 2195);[0.0031512716559567513, 0.006267052019033828, 0.008566044478925281, 0.13399551243442653]
('easy', 2196);[0.00497711395670274, 0.004126172394608636, 0.005298110228312809, 0.004675565866037817]
('easy', 2197);[0.0022683054387730196, 0.004654260561940426, 0.0063616199241690475, 0.1640683402683077]
('easy', 2198);[0.002764206400344909, 0.0064269724361857815, 0.01747032238529097, 0.1657538037676617]
('easy', 2199);[0.0030343729774748047, 0.04458978540312816, 0.01127406331834731, 0.01978659732973072]
('easy', 2200);[0.002912732665783423, 0.00720908258336174, 0.00720908258336174, 0.18592471247996714]
('easy', 2201);[0.002337662539555228, 0.08772013963737975, 0.00596943041751684, 0.026753131058328813]
('easy', 2202);[0.004601372800242586, 0.0038146720350043903, 0.004060697243851088, 0.002387160761391553]
('easy', 2203);[0.004048445485662787, 0.00589045342418917, 0.015041799767220136, 0.007105243103062373]
('easy', 2204);[0.002492744573059724, 0.16937828394536064, 0.0042403013576462175, 0.0018816223213886602]
('easy', 2205);[0.0026602450810791615, 0.0045252293198759985, 0.010855460814986066, 0.18075965108840775]
('easy', 2206);[0.004367847163783814, 0.004103212682031306, 0.007665810505689615, 0.004649549103247958]
('easy', 2207);[0.006497704091129478, 0.0034779703739116516, 0.00888130848227597, 0.004195233071602233]
('easy', 2208);[0.005465435425170265, 0.00482322983398888, 0.015814761779405342, 0.00482322983398888]
('easy', 2209);[0.0032725911280285696, 0.004335478847963555, 0.009770152403112915, 0.20889501947440894]
('easy', 2210);[0.002161616420251551, 0.1613145659516929, 0.005875882635268481, 0.015972304993608362]
('easy', 2211);[0.0034539139148107574, 0.15633608111960706, 0.005694541338515646, 0.0019074324221063903]
('easy', 2212);[0.002380235244445116, 0.008307837322551475, 0.028997208403978583, 0.008307837322551475]
('easy', 2213);[0.003304906717819812, 0.006572591823202491, 0.10281263441538174, 0.006996487576527882]
('easy', 2214);[0.0019980190584078647, 0.22383428534548067, 0.025113510807606276, 0.0071951430278349975]
('easy', 2215);[0.0041606030904672055, 0.0574353403274807, 0.01645550443641826, 0.012039104227884399]
('easy', 2216);[0.003644793019452035, 0.01970356490586876, 0.1284833827768544, 0.009307305031294061]
('easy', 2217);[0, 0.6329823924052368, 0.0024301249968411544, 0.0018925832505012864]
('easy', 2218);[0.002905066326762667, 0.011489760207519406, 0.012230786075199323, 0.2036608241756445]
('easy', 2219);[0.0019728948170019325, 0.008841901138284177, 0.006468873062369806, 0.20124069435515632]
('easy', 2220);[0.0023607775855256138, 0.006620964473256845, 0.06281794692720818, 0.003772511840015373]
('easy', 2221);[0.0025535746013936452, 0.05291803367650423, 0.013379774245549291, 0.003601117385010363]
('easy', 2222);[0.002052042697339086, 0.20931404561268976, 0.004080974201380955, 0.0029857045070583463]
('easy', 2223);[0.007173437577427673, 0.010437290088456853, 0.013401745754921646, 0.011110437465280615]
('easy', 2224);[0.0015227527746595425, 0.002757349060579158, 0.09719990488048454, 0.003768849313059518]
('easy', 2225);[0.0024159195536760623, 0.19801241758031227, 0.005276853448004561, 0.004374665160766426]
('easy', 2226);[0.003625810086005476, 0.0076758400123079955, 0.07282632499577824, 0.008697866235935254]
('easy', 2227);[0.003179011624719309, 0.07235397107971343, 0.01947380713216184, 0.02833422218722617]
('easy', 2228);[0.0036208687421647777, 0.006764673389942042, 0.06832079729958541, 0.008686012568276807]
('easy', 2229);[0.00258838089359537, 0.0035378972115754866, 0.07331626954778808, 0.0038856199354098493]
('easy', 2230);[0.00618848256792698, 0.004527590566159227, 0.007464734871447953, 0.013101017699108665]
('easy', 2231);[0, 0.004851192206721532, 0.006229054094667939, 0.20627794162007176]
('easy', 2232);[0.0033899707217017903, 0.01340759429278502, 0.032163146700496255, 0.06396405498294895]
('easy', 2233);[0.0024476226020623926, 0.10407556136750203, 0.005871541389042935, 0.004572761031622802]
('easy', 2234);[0.0030625979317091185, 0.1779964193095409, 0.005721686205155846, 0.0025389828626659282]
('easy', 2235);[0.0020307301032849445, 0.0022303206964136312, 0.003048486948843315, 0.28312688293684024]
('easy', 2236);[0.0028742732657454657, 0.29318384370350487, 0.005369849409284478, 0.0029655124932838005]
('easy', 2237);[0.002224544876298943, 0.0026007564492129525, 0.06107191512802864, 0]
('easy', 2238);[0.003443021699195159, 0.012017326540174126, 0.010605253449051319, 0.24137451348883218]
('easy', 2239);[0.0025876639016923445, 0.004987852718589383, 0.06885518288294358, 0.0037650287608797985]
('easy', 2240);[0.006566555271090564, 0.0061687077993491605, 0.009554281543052667, 0.008975416887341367]
('easy', 2241);[0.006835033335925339, 0.006031895748016566, 0.006420919600533832, 0.00500061721293428]
('easy', 2242);[0.0013265299220279567, 0.34552550169485474, 0.003182179856660966, 0.004085999816424434]
('easy', 2243);[0.0019602710070660643, 0.1509324663681119, 0.0035495922317545325, 0.0017299330919621873]
('easy', 2244);[0.0011583497954901505, 0.32117825578502507, 0.0040430380509664104, 0.0024522265362959365]
('easy', 2245);[0.004332155875677145, 0.003373886388364748, 0.003373886388364748, 0.005921355017954513]
('easy', 2246);[0.001939015418116259, 0.002338899051425502, 0.1858017653741781, 0.002650319842002275]
('easy', 2247);[0.0024194795506949753, 0.005988269398909524, 0.23920058203811337, 0.006374479593646569]
('easy', 2248);[0.003522906318935178, 0.003522906318935178, 0.1594589157801875, 0.00452350125412262]
('easy', 2249);[0.0028893904148013182, 0.012949349441954635, 0.006931287280692227, 0.16792971868965184]
('easy', 2250);[0.008501097508380255, 0.007502192219715197, 0.005842713175466397, 0.010915625270501078]
('challenge', 0);[0.007144016257250793, 0.02493506683148821, 0.015123882535281147, 0.011778491561556902]
('challenge', 1);[0.0023257602471764144, 0.1790735928186792, 0.005407554587788499, 0.001989328159859702]
('challenge', 2);[0.0023886945264337475, 0.1477832797016601, 0.004750486308104922, 0.0057301802842963535]
('challenge', 3);[0.002662959794710364, 0.009894095934364112, 0.011211479502519469, 0.2716293160489296]
('challenge', 4);[0.003757868717719721, 0.04873278302265513, 0.026084779056412377, 0.013962176100337528]
('challenge', 5);[0.005047839271154422, 0.03092176437363391, 0.014606407241843372, 0.008322479977427726]
('challenge', 6);[0.00411755386660369, 0.005991005525136347, 0.0729853886285147, 0.012682958796240273]
('challenge', 7);[0.002606433784834018, 0.04917979758799957, 0.031752863842713926, 0.04077148422666987]
('challenge', 8);[0.003656170129102024, 0.028758012531028842, 0.04741394696296808, 0.011988120327433582]
('challenge', 9);[0.003213628719927997, 0.004392509663243366, 0.18677426357683932, 0.005640094050650994]
('challenge', 10);[0.001858409175726137, 0.007824194876067912, 0.011384136370978536, 0.21480284372207123]
('challenge', 11);[0.0050077900995992635, 0.013612584828477789, 0.013612584828477789, 0.006844837509566777]
('challenge', 12);[0.0038292370372961892, 0.0071539566149783455, 0.07691228190025036, 0.011080264760392543]
('challenge', 13);[0.0033370274085295034, 0.00355224718563668, 0.08606307117896578, 0.005168489157703038]
('challenge', 14);[0.006687083699223875, 0.004055921287643855, 0.006281933779177969, 0.011025137133862502]
('challenge', 15);[0, 0.3631972235914771, 0.0035606602900590907, 0.01499093975685594]
('challenge', 16);[0.0012806799245845455, 0.2680413147062383, 0.0034812489670704707, 0.004069992383110621]
('challenge', 17);[0.003614322353844676, 0.03885761802053546, 0.0267064242648689, 0.08226157799500253]
('challenge', 18);[0.0029472820510576497, 0.014060696277598265, 0.07140610765216213, 0.020458192367459577]
('challenge', 19);[0.004254279730637462, 0.009006310260434473, 0.011564331284973455, 0.007948040908549283]
('challenge', 20);[0.004985394065862682, 0.015356094800166203, 0.026950792117324315, 0.011234758955387851]
('challenge', 21);[0.0023881854395061686, 0.011755060717763737, 0.1957393343387743, 0.0066978317006509335]
('challenge', 22);[0.0016127363897360065, 0.21793186682487597, 0.003012988240528131, 0.005125265646933743]
('challenge', 23);[0.005826546006439172, 0.017947025180030007, 0.01910450885820124, 0.006202325938484481]
('challenge', 24);[0.0033437921616369425, 0.05927013423903382, 0.014985836784290376, 0.007078808061734739]
('challenge', 25);[0.002665013850152439, 0.009301812323417832, 0.011220127398943442, 0.16487856853081959]
('challenge', 26);[0.0029972415840098243, 0.022146786206296353, 0.11247066068241264, 0.020804980261532095]
('challenge', 27);[0.0043603931144169435, 0.005598855585661575, 0.006344334545836973, 0.010460039314159054]
('challenge', 28);[0.0020295094092505957, 0.10409394983045041, 0.0075405422322585396, 0.003791622749403083]
('challenge', 29);[0.002753638545878999, 0.006205420254549519, 0.1033295241157157, 0.007967917328070498]
('challenge', 30);[0.003782737881446087, 0.059171962086138175, 0.014054576253056634, 0.004026703514338043]
('challenge', 31);[0.0019132367904814889, 0.009716218139414512, 0.22114015828281175, 0.016019335517215127]
('challenge', 32);[0.002817684022281281, 0.00596503712197874, 0.1855668214088479, 0.00596503712197874]
('challenge', 33);[0.005752248246567477, 0.008909256369548774, 0.008369471813508281, 0.005403737143371399]
('challenge', 34);[0.0029716388928196892, 0.01417689627080036, 0.010372038881672907, 0.056070712443902035]
('challenge', 35);[0.0029396467259621014, 0.008776164024273706, 0.009944696687966484, 0.17627396655350078]
('challenge', 36);[0.0026125507750063403, 0.24263961846089688, 0.003921903224812634, 0.003921903224812634]
('challenge', 37);[0.0022557568001653774, 0.01666791354196627, 0.01381818566560345, 0.17919697963600337]
('challenge', 38);[0.00523722939579223, 0.004919921707357948, 0.018279726738215544, 0.007620123807263765]
('challenge', 39);[0.0077859354132227155, 0.009391630815467282, 0.016482825399137698, 0.01205909267120781]
('challenge', 40);[0.0015319292381636618, 0.004432784230308508, 0.31076220335541255, 0.006058897671022552]
('challenge', 41);[0.004866304888694364, 0.019246609191909687, 0.019246609191909687, 0.010301967530208308]
('challenge', 42);[0.006300902650885058, 0.007600339376154402, 0.008612312806872248, 0.011771635905689984]
('challenge', 43);[0.0023419479654387793, 0.004375334818947618, 0.07285588307200841, 0.002492990632283535]
('challenge', 44);[0.0034911432548111712, 0.016655312968730032, 0.014698262106481296, 0.035259306237963466]
('challenge', 45);[0.007038445312357717, 0.021679943010212966, 0.010240877501740202, 0.010901357355059017]
('challenge', 46);[0.003397597683512391, 0.013864319787970193, 0.062135585275693954, 0.05483446154608091]
('challenge', 47);[0.006171673512879521, 0.006569712256710371, 0.008979731975066258, 0.004806504164691619]
('challenge', 48);[0.004223055061909648, 0.025869354723950664, 0.03321690897886374, 0.02430200975423475]
('challenge', 49);[0.004656515941794335, 0.0063647026629251304, 0.005276523836125266, 0.011170401048734364]
('challenge', 50);[0.0021948718380002227, 0.004365023865161997, 0.07737189931029818, 0.016218031140946672]
('challenge', 51);[0.003760553930009394, 0.03798025831791598, 0.02778695057681802, 0.01487327931386765]
('challenge', 52);[0.002543774412422994, 0.02413465965235749, 0.05789603876834493, 0.014638411040884265]
('challenge', 53);[0.004104819335769459, 0.06421017782053945, 0.009250353168381891, 0.11996040513922698]
('challenge', 54);[0.005380088530980037, 0.006489625530631008, 0.010051328648630918, 0.012906161456323747]
('challenge', 55);[0.0017976830501754192, 0.2077839091611782, 0.0031550320089489634, 0.003575119640316839]
('challenge', 56);[0.004115151362895124, 0.008711775503612648, 0.009273636750932008, 0.008183955708392168]
('challenge', 57);[0.005387279090420683, 0.006104586967549457, 0.007363537460479249, 0.08427122366883483]
('challenge', 58);[0.005560110808324197, 0.006706773847133186, 0.00975829836736467, 0.013338012449808345]
('challenge', 59);[0.007108489590604464, 0.00667780797828745, 0.007108489590604464, 0.002615067178164585]
('challenge', 60);[0.005046161872774963, 0.024073891888027298, 0.011371701322207332, 0.0121051130459586]
('challenge', 61);[0, 0.6202833197343147, 0.003057740248164374, 0.0026984462979133123]
('challenge', 62);[0.002107981344951164, 0.012130595088626126, 0.215019994056373, 0.07910143525414536]
('challenge', 63);[0.004300361678550113, 0.006256989322043531, 0.08637507327757958, 0.010316031385796743]
('challenge', 64);[0.002560853043300101, 0.014283291435370762, 0.019522944658707492, 0.2868875775097896]
('challenge', 65);[0.004637952752115395, 0.006339329790962749, 0.005955249215113027, 0.006339329790962749]
('challenge', 66);[0.005953696110460585, 0.0134168612974189, 0.038822975433726405, 0.02668261478636545]
('challenge', 67);[0.0036203508097826993, 0.008684770113081493, 0.18568861693555153, 0.014318765216578216]
('challenge', 68);[0.005740835464393817, 0.006111087541406355, 0.018823470322387337, 0.04241934518757529]
('challenge', 69);[0.0018861273013218072, 0.01965389780030845, 0.12815951256526528, 0.02686369320541381]
('challenge', 70);[0.0035558026473547356, 0.012410970728318774, 0.018057855856781622, 0.05225213846762158]
('challenge', 71);[0.007744269150443362, 0.011994558700984296, 0.006031242878681013, 0.011994558700984296]
('challenge', 72);[0.004580654569149156, 0.007094656584275092, 0.02986961277666382, 0.008557789381206347]
('challenge', 73);[0.004084299255142639, 0.014255605141353756, 0.08203532393576768, 0.020741778145630944]
('challenge', 74);[0.0015665747432154614, 0.0046769282789392574, 0.005299654044384513, 0.25535163186778065]
('challenge', 75);[0.004159034097628878, 0.00442726875137638, 0.00442726875137638, 0.03706906740766363]
('challenge', 76);[0.004482874852181312, 0.012971628490501428, 0.015646770669493836, 0.0513037736693813]
('challenge', 77);[0.002930011620491135, 0.14117589955849125, 0.002930011620491135, 0.0037622093919010544]
('challenge', 78);[0.0068365196917441005, 0.005667673891469554, 0.0068365196917441005, 0.025400752133639508]
('challenge', 79);[0.0039038850973029853, 0.012406521181095705, 0.007069022683648738, 0.0358994508118025]
('challenge', 80);[0, 0.44340634966688464, 0.004083631301609772, 0.002118560010325446]
('challenge', 81);[0.0027130604001235703, 0.14812806111668705, 0.029168141182122492, 0.02133986795616299]
('challenge', 82);[0.0021044270699528416, 0.009431387798731207, 0.012891178681229427, 0.2589262453852434]
('challenge', 83);[0.0017495548110714337, 0.18996913285732175, 0.002317783548268195, 0.0021773561420173108]
('challenge', 84);[0.002209914599718684, 0.18687755825370964, 0.002750283155795763, 0]
('challenge', 85);[0.005543739519863924, 0.008586311736100688, 0.011025042504757531, 0.00806609340628164]
('challenge', 86);[0.0023444217063716536, 0.002740906662519286, 0.1805105099257557, 0.002740906662519286]
('challenge', 87);[0.002876126860692726, 0.005373312380551414, 0.1222960552437468, 0.007344447231516566]
('challenge', 88);[0.0010810288087294354, 0.3615546867899306, 0.006220891275553696, 0.003773161289362149]
('challenge', 89);[0.002272243759371722, 0.16435322172855663, 0.0030102339005324374, 0.0024955715560751536]
('challenge', 90);[0.0020487585795106867, 0.25207685943015085, 0.0034850557414012107, 0.0020487585795106867]
('challenge', 91);[0.004108577171824807, 0.04149514959798945, 0.014340343396867206, 0.007210777498891901]
('challenge', 92);[0.0055290613428087484, 0.03181755119912706, 0.023278217732091322, 0.01245993207665529]
('challenge', 93);[0.003623523444898082, 0.14474111900872247, 0.02219677215274176, 0.010485012743768379]
('challenge', 94);[0.002420528489264865, 0.06440785913366, 0.02091017038501174, 0.015298211104989126]
('challenge', 95);[0.0027900633452835263, 0.00886680297372807, 0.016565368811015477, 0.2148229201518336]
('challenge', 96);[0.0019490714063864652, 0.0022085872490636067, 0.1283618279955797, 0.00989820133501638]
('challenge', 97);[0.003766494015307668, 0.006209898799002487, 0.01585753210877038, 0.021674676539649076]
('challenge', 98);[0.0019977084926551146, 0.0025651084797021235, 0.21691393257818747, 0.004501905582909563]
('challenge', 99);[0.0013925134915827502, 0.24161861229311746, 0.0023687452427792488, 0.0015779245088616784]
('challenge', 100);[0.0025825187488232905, 0.005819795839103616, 0.10315834954842933, 0.005819795839103616]
('challenge', 101);[0.004267309045211206, 0.033564977598286964, 0.03572973266707855, 0.033564977598286964]
('challenge', 102);[0.0045228240151506125, 0.02445015562330611, 0.01788811598418837, 0.01788811598418837]
('challenge', 103);[0.0028766302247419146, 0.023344689976159107, 0.04097120685795244, 0.10462364191658285]
('challenge', 104);[0.00282333539033701, 0.1277939481798476, 0.0029129576761391155, 0.005274684929472444]
('challenge', 105);[0.002194051459738334, 0.16373510942067113, 0.005964050213710756, 0.011860930130476855]
('challenge', 106);[0.004192471369204369, 0.010057215988248772, 0.01374658439531814, 0.047980294033353514]
('challenge', 107);[0.004120539320470692, 0.00819467094150722, 0.06861313974217528, 0.00819467094150722]
('challenge', 108);[0.007402819931922962, 0.005416018760472554, 0.006532965660313519, 0.0025583461114650837]
('challenge', 109);[0.002694493819754006, 0.005885315585844372, 0.013262763406428376, 0.14258814426632244]
('challenge', 110);[0.007006844080701376, 0.003992379412751177, 0.012297394334429652, 0.006183518198112171]
('challenge', 111);[0.009389177039430562, 0.013661171982701809, 0.01283348341389155, 0.012055941960409801]
('challenge', 112);[0.0038379803913938097, 0.006327759907820977, 0.008649022324648117, 0.13529347238259593]
('challenge', 113);[0.00580276784048681, 0.0065753974019535566, 0.008987502647285728, 0.013920116409170617]
('challenge', 114);[0.005657966519922708, 0.009930040489715802, 0.012750424377533476, 0.025357246712676296]
('challenge', 115);[0.005910897466823184, 0.05268326821427688, 0.007129903325707973, 0.002314740706717597]
('challenge', 116);[0.006820652608510455, 0.0034296395139289263, 0.004403744305961333, 0.0034296395139289263]
('challenge', 117);[0.0036072958210822295, 0.1054206618924114, 0.014267131734650997, 0.0059474253499259555]
('challenge', 118);[0.003639614067646498, 0.009294080114559625, 0.145383891265319, 0.009893496782687385]
('challenge', 119);[0.002282330622953431, 0.009608970833146952, 0.21869914204821186, 0.009026792720851934]
('challenge', 120);[0.0043359068037885145, 0.009771116816451854, 0.008100540357980761, 0.1050494057363663]
('challenge', 121);[0.003770614505409538, 0.011982988115974117, 0.021030804111374125, 0.09425352492636625]
('challenge', 122);[0.004154047403639013, 0.01642957619204132, 0.028834804207726168, 0.03702462148793503]
('challenge', 123);[0.0029642273853218446, 0.015053588784148992, 0.03611167361014028, 0.011723746733130152]
('challenge', 124);[0.00400737068715119, 0.020351107586666025, 0.013139662624506412, 0.007969608240043306]
('challenge', 125);[0.006359263364844188, 0.005973975074805809, 0.005973975074805809, 0.004952599288297951]
('challenge', 126);[0.003116045206206101, 0.029564213770634815, 0.010876066440614195, 0.03147094174110383]
('challenge', 127);[0.0036956377182411097, 0.004745292761091475, 0.006093076514865805, 0.006904360227237996]
('challenge', 128);[0.004362635065446444, 0.023584182342833368, 0.014304529675181765, 0.044061053321342844]
('challenge', 129);[0.0018221097633134892, 0.013891054062757922, 0.08509302249074528, 0.017836466481164683]
('challenge', 130);[0.002305056811537259, 0.14260881512744833, 0.0024537202033722808, 0.0018521651817059186]
('challenge', 131);[0.0029199304867215544, 0.007937193982418777, 0.21790513555582114, 0.00899401908286916]
('challenge', 132);[0.0016378724181799625, 0.21451897861112987, 0.006477911076257207, 0.012102331180822944]
('challenge', 133);[0.005485960600110989, 0.007044112845490045, 0.01914788394551053, 0.010249123713789806]
('challenge', 134);[0.009502309201262491, 0.0065308352377845165, 0.013825778306884463, 0.013825778306884463]
('challenge', 135);[0.003503463797971977, 0.013856468116953886, 0.0903555222372775, 0.029334143233784374]
('challenge', 136);[0.0050705037403028265, 0.01662554170431387, 0.03519627206422717, 0.025750142722846682]
('challenge', 137);[0.00352167016432205, 0.1095559737007039, 0.0033083029552846135, 0.004247945080688612]
('challenge', 138);[0.002150190062774577, 0.0628377645781156, 0.009052638294879022, 0.009052638294879022]
('challenge', 139);[0.002527235038238532, 0.14236238799767872, 0.006658377490718086, 0.010312696797367682]
('challenge', 140);[0.004070679457253231, 0.026544164437591874, 0.030078478870408695, 0.023425142897870996]
('challenge', 141);[0.0030953023079321345, 0.033277635927470954, 0.007425244233857736, 0.07982889866804194]
('challenge', 142);[0.004762784158651443, 0.007376744410774032, 0.02740793699917391, 0.007852503550122247]
('challenge', 143);[0.0035912316290054157, 0.018237779071664337, 0.016094783540765937, 0.059799361126260726]
('challenge', 144);[0.00244832297268999, 0.0033464607313200946, 0.1944943609370723, 0.0040366021626177554]
('challenge', 145);[0.009004609781805471, 0.010203559644723283, 0.006188771762731216, 0.007012797149322533]
('challenge', 146);[0.0052546896292874476, 0.011124178032495977, 0.00813862250775896, 0.010450198156789431]
('challenge', 147);[0.002564154608651576, 0.004790471481844509, 0.11606247208639957, 0.0039714403482619095]
('challenge', 148);[0.004825212751152561, 0.026084853685670643, 0.031464339567376286, 0.010873784790427048]
('challenge', 149);[0.002825922762199472, 0.09358173178221257, 0.015276794118844195, 0.01731087562358869]
('challenge', 150);[0.003069659601724942, 0.06165574657218663, 0.007363730579466845, 0.011405169032456933]
('challenge', 151);[0.0035256690794221324, 0.022990250345052508, 0.0244729941014428, 0.010201861748707668]
('challenge', 152);[0.0027452309001105477, 0.005996135557897547, 0.011924739456685571, 0.15464241109736535]
('challenge', 153);[0.005006670299530499, 0.005006670299530499, 0.007284662301640815, 0.012010377686582564]
('challenge', 154);[0.0016061394863423851, 0.0038529283324517526, 0.22393004487986082, 0.005266328629418542]
('challenge', 155);[0.0038919988250986086, 0.19962145786796617, 0.006416821248479984, 0.009938567170565104]
('challenge', 156);[0.004405689213938172, 0.10027302432391504, 0.013570478147868794, 0.01742483885846912]
('challenge', 157);[0.004831058123532843, 0.013979130192312672, 0.00960770630799968, 0.016862049698561678]
('challenge', 158);[0.005346578546608822, 0.028903323656132608, 0.07380722259128104, 0.00828094284701499]
('challenge', 159);[0.002810899081945327, 0.01617560737894463, 0.012597575693377674, 0.07716948846256917]
('challenge', 160);[0.005438546659335291, 0.008966647558941217, 0.013887815416461946, 0.027619218889360475]
('challenge', 161);[0.003903516534241772, 0.01061085806211884, 0.013624611444626624, 0.015438707382115236]
('challenge', 162);[0.0036246034999696778, 0.032305747042832504, 0.04415672077610664, 0.020858157973357036]
('challenge', 163);[0.0024994098142910683, 0.01531074132892933, 0.0827691053639301, 0.011924017336373884]
('challenge', 164);[0.0033318297667534733, 0.009056852310484906, 0.04599449119049495, 0.00850812536844193]
('challenge', 165);[0.0015578881368627348, 0.10585618039346666, 0.002412904348255683, 0.0018213557578748648]
('challenge', 166);[0.0021309997250904726, 0.006361990016659326, 0.07750490495600804, 0.010489148264448094]
('challenge', 167);[0.004414923474536683, 0.007278978240981944, 0.023866850811752084, 0.011273902042731421]
('challenge', 168);[0.0017450972471057375, 0.004319157167483739, 0.26721672805080304, 0.006689641485561597]
('challenge', 169);[0.0020206824988463676, 0.16052265522283, 0.004277784883626701, 0.007052874929114814]
('challenge', 170);[0.0019850044692944946, 0.006114244211498497, 0.0744867609398722, 0.005743800881513369]
('challenge', 171);[0.0034214119915929506, 0.022310408733306045, 0.030494713139777918, 0.10643700724724293]
('challenge', 172);[0.0020331513962254587, 0.004877276653299963, 0.008559887103657838, 0.14253491699562992]
('challenge', 173);[0.0030137929026175046, 0.05342075741314621, 0.013506882711923303, 0.008192338481924005]
('challenge', 174);[0.0023097229669639513, 0.006683405009367256, 0.1834840219057893, 0.01248624439063264]
('challenge', 175);[0.0038061687124276993, 0.004312954188598801, 0.03186866045167447, 0.0035755646077265286]
('challenge', 176);[0.001547203263450695, 0.013365796649727668, 0.2521940813001813, 0.016122228226511114]
('challenge', 177);[0.0034217611410702225, 0.00771105776493611, 0.11331313966527018, 0.017377136919494055]
('challenge', 178);[0.005737595245849826, 0.002710248087305317, 0.004468443670414614, 0.0032691832263430282]
('challenge', 179);[0.002439512929497146, 0.0038983305614321796, 0.32965557599802925, 0.00603785248763757]
('challenge', 180);[0.0036955919008730565, 0.018767768737626474, 0.012117379340779284, 0.021266668112557386]
('challenge', 181);[0.0024638113017414853, 0.006291562566783354, 0.20834788825140768, 0.01710224019790034]
('challenge', 182);[0.0027058550869509808, 0.004748923571413033, 0.10153646304783365, 0.006909643025083969]
('challenge', 183);[0.004487494449611298, 0.007398627551222912, 0.016673064564314905, 0.17925233698325196]
('challenge', 184);[0.003923551137122093, 0.0050379393837388575, 0.019925436788110394, 0.0036858351908291612]
('challenge', 185);[0.0018774754264036225, 0.2617600214377853, 0.008956934315072535, 0.006975667458497628]
('challenge', 186);[0.003808031278668736, 0.021913706986540632, 0.028137756744565905, 0.020586022597823196]
('challenge', 187);[0.005452347535872595, 0.005803993740030822, 0.0048116798122223164, 0.0033070159479153564]
('challenge', 188);[0.0037922519809514177, 0.0075417936086157565, 0.13368145847709578, 0.013236259994634498]
('challenge', 189);[0.002753675311165444, 0.006605723671561943, 0.10333092835892159, 0.007031756245520227]
('challenge', 190);[0.0022241047104043254, 0.003039990703323991, 0.2268648480875359, 0.004708429708874285]
('challenge', 191);[0.001378293286503759, 0.3821625510704581, 0.004519249701643158, 0.0027410635029437463]
('challenge', 192);[0.002134020816052992, 0.2466592985936882, 0.003305236097818812, 0.0018253247333876992]
('challenge', 193);[0.0043638542719508944, 0.03224475633525342, 0.022161475326446956, 0.022161475326446956]
('challenge', 194);[0.002840967134461635, 0.27222928035880617, 0.005307625364155755, 0.009915949630148716]
('challenge', 195);[0.0030727554823259044, 0.007371157210953566, 0.1153042988114258, 0.010075177346288156]
('challenge', 196);[0, 0.45452977992179205, 0.0014466688274331978, 0.0018575595439540781]
('challenge', 197);[0.0028165690744832023, 0.010464823646250707, 0.05657230214224088, 0.01522622856078832]
('challenge', 198);[0.002837973518209684, 0.004395539371724467, 0.08828674729889355, 0.006007989985196232]
('challenge', 199);[0.002723781621588107, 0.014724624329543494, 0.033182445243959836, 0.058237005054741824]
('challenge', 200);[0.0013116006278526078, 0.0039157161786532516, 0.2745129627860658, 0.0030495628262205213]
('challenge', 201);[0.0037681628729142446, 0.0431243404393964, 0.031550441453478094, 0.008491686117997515]
('challenge', 202);[0.0015040551324968497, 0.005588242751939526, 0.0059486534445275146, 0.32478543454205033]
('challenge', 203);[0.0036815808783767783, 0.0044408342211879346, 0.11453062408034015, 0.007321697840125586]
('challenge', 204);[0.0016109186999645542, 0.02089071156273574, 0.25450096744782635, 0.023672277490779263]
('challenge', 205);[0.005879265428533192, 0.006258445471180917, 0.007549126241690165, 0.009105984429424398]
('challenge', 206);[0.0025434517838852427, 0.09544230130486647, 0.007834383039133948, 0.003476486399760525]
('challenge', 207);[0.00277195963378344, 0.1561480380446257, 0.0033436215604434887, 0]
('challenge', 208);[0.00202661597923126, 0.006645017971986727, 0.11064948329363587, 0.029780904417252927]
('challenge', 209);[0.002585922229333583, 0.19297916045680155, 0.0158406941205377, 0.019107524420017653]
('challenge', 210);[0.0034250586070674253, 0.006011165058695638, 0.1456371978861348, 0.006811542387390321]
('challenge', 211);[0.0078104028389289785, 0.005714212785329661, 0.004450233391851374, 0.0047372487865170185]
('challenge', 212);[0.00884381969329278, 0.008307999745046304, 0.006470276707199094, 0.01066768283447473]
('challenge', 213);[0.002225128362919737, 0.0033403133005657257, 0.21998615337212937, 0.005173578446846779]
('challenge', 214);[0.009044134205530048, 0.055402051951478494, 0.09134254149283613, 0.019146436828220093]
('challenge', 215);[0.0012495237625510913, 0.3574560328553124, 0.002905229790102856, 0.0015072133597594452]
('challenge', 216);[0.0019147518119840576, 0.007572990321748144, 0.012485750226272371, 0.28417436531393675]
('challenge', 217);[0.0034900780049934186, 0.02008401222700387, 0.06585294084608256, 0.012181569185721252]
('challenge', 218);[0.002312307104734796, 0.0034711840924104348, 0.1895202298700885, 0.0053762750944621055]
('challenge', 219);[0.0033669868982672217, 0.011039925017721592, 0.04366376087062979, 0.020625300202167404]
('challenge', 220);[0.0037906754827640925, 0.004035153046958158, 0.05232866091712261, 0.004035153046958158]
('challenge', 221);[0.0048462698417884855, 0.004276818124467476, 0.00850546845471713, 0.007506049566318854]
('challenge', 222);[0.0034010372773415577, 0.0118707865090343, 0.05320118683800544, 0.007199995972632403]
('challenge', 223);[0.0035129052602653186, 0.012261244135397711, 0.015743749110064174, 0.02021537401127741]
('challenge', 224);[0.009677747493884177, 0.016984975808027283, 0.03377865780937263, 0.014081039516444292]
('challenge', 225);[0.0037485981739703864, 0.009572380779564717, 0.06241976361446607, 0.0334108918400968]
('challenge', 226);[0.0031140562932364265, 0.011214147498883324, 0.009296854812144184, 0.05025832227890434]
('challenge', 227);[0.005028094875718504, 0.008289926972695415, 0.023987704784785346, 0.012061772573083685]
('challenge', 228);[0.0013193479805333544, 0.0037002029164173145, 0.22892344822056135, 0.005057577736201119]
('challenge', 229);[0.009816809241449587, 0.006746987743584437, 0.007182131067432345, 0.008138420708784157]
('challenge', 230);[0.0031108416650694856, 0.006585651856631502, 0.13227632199249495, 0.013097132608907255]
('challenge', 231);[0.0023932047354864546, 0.0792520375501562, 0.006924967516176257, 0.010725599506110942]
('challenge', 232);[0.007904044656907565, 0.010803548125793282, 0.03327726303124657, 0.012242023846375667]
('challenge', 233);[0.006271305903024718, 0.00404905941506645, 0.0075646388836007735, 0.006675770383948674]
('challenge', 234);[0.004724814098759669, 0.010002431525566019, 0.02117515275433963, 0.005353915787037851]
('challenge', 235);[0.003085571902435692, 0.008928398342338264, 0.12325273727956704, 0.020120456258556022]
('challenge', 236);[0.0025388412168965337, 0.06970051894258417, 0.006090363470518457, 0.004185841517227513]
('challenge', 237);[0.0037298855287595653, 0.005098149056943661, 0.007417763108296906, 0.09036685426875608]
('challenge', 238);[0.004278127584893453, 0.006626093624905449, 0.011629156473845255, 0.05547960266806692]
('challenge', 239);[0.0014097929095502112, 0.35591531414687366, 0.0037143096045652016, 0.008370325904367818]
('challenge', 240);[0.005323771534336993, 0.009343510023930813, 0.003437285246183437, 0.0050012205227907116]
('challenge', 241);[0, 0.0038175725871202994, 0.004604871533944817, 0.38940305996145363]
('challenge', 242);[0.004446551060545055, 0.018720683675726657, 0.01208697894719492, 0.07881702221733637]
('challenge', 243);[0.0028885349470947523, 0.0330575319142907, 0.003708952289060443, 0.003708952289060443]
('challenge', 244);[0.003519278027083855, 0.006998920078339306, 0.07524548205052044, 0.005802308540760733]
('challenge', 245);[0.0034298864651328424, 0.02697814678872695, 0.06079619228294049, 0.01537168468328632]
('challenge', 246);[0.001610537744652521, 0.008706484789603576, 0.21093876702819844, 0.011900353744682726]
('challenge', 247);[0.0049867492660733035, 0.016350921355815187, 0.009316474157069552, 0.0072556773689902735]
('challenge', 248);[0.001726430009087985, 0.0037708698256663916, 0.001956301494126197, 0.38463917915184825]
('challenge', 249);[0.004794253448754129, 0.011500816151232836, 0.011500816151232836, 0.018961644739757016]
('challenge', 250);[0.003674719706763016, 0.009383725504526128, 0.012826032049146537, 0.01204894205103255]
('challenge', 251);[0.002053435561408559, 0.002326847329882519, 0.0037182914458820456, 0.17915727218088082]
('challenge', 252);[0.004730517544708423, 0.039608129024316145, 0.0036841307681519395, 0.003921736788626537]
('challenge', 253);[0.003857947207395268, 0.16404405044641335, 0.006770908212646044, 0.009851613318567865]
('challenge', 254);[0.0028606698545255516, 0.028891748944253053, 0.042037246667192676, 0.014527680248309735]
('challenge', 255);[0.006798650312942245, 0.005294794187548072, 0.0030168827885500133, 0.006798650312942245]
('challenge', 256);[0.003523176785591689, 0.05177270492882931, 0.010852148496696391, 0.019046113757151706]
('challenge', 257);[0.00578139919417759, 0.007423463509342054, 0.007902235771673543, 0.008411886192008982]
('challenge', 258);[0.005785668274250976, 0.006556021054925308, 0.014774221512976419, 0.006556021054925308]
('challenge', 259);[0.0020618401507610943, 0.006975115321613824, 0.008413595094130347, 0.2965895212626795]
('challenge', 260);[0.004217772381125166, 0.00838804197251294, 0.017757484995157707, 0.00838804197251294]
('challenge', 261);[0.005324355437936057, 0.008778378063293072, 0.01978238034094025, 0.017457889376630162]
('challenge', 262);[0.006545023100167084, 0.0037292417499423442, 0.003969757178778767, 0.00509726911563056]
('challenge', 263);[0.0020742850624013813, 0.005296872468365568, 0.0056384913921697115, 0.3713393621419282]
('challenge', 264);[0.00403201604207701, 0.004292058735058895, 0.01923566813602126, 0.007532797670912242]
('challenge', 265);[0.007893024421696723, 0.003968861924924937, 0.007893024421696723, 0.006543547076095599]
('challenge', 266);[0.003925879220894526, 0.032870992104373095, 0.024048931562541016, 0.03499098895423786]
('challenge', 267);[0.0026951337434490607, 0.02989520405580592, 0.13398100927243156, 0.004045874943696956]
('challenge', 268);[0.003198959141090793, 0.0878232021310467, 0.006772196554832477, 0.0036248956021510156]
('challenge', 269);[0.0028878711354779637, 0.08983903772221905, 0.010079660679772841, 0.005743217534450186]
('challenge', 270);[0.007369825206329927, 0.005065201850874023, 0.005739625641789125, 0.012150787579018113]
('challenge', 271);[0.0028352520824165405, 0.003998346302201142, 0.004822926257375539, 0.12438493722894738]
('challenge', 272);[0.0040674004020826975, 0.007365110649816102, 0.11520974214952696, 0.005061961586727818]
('challenge', 273);[0.0076650136822667145, 0.0046490658054115916, 0.0046490658054115916, 0.004102786173187687]
('challenge', 274);[0.00535331332568361, 0.05755354215362275, 0.00535331332568361, 0.0019087826492071233]
('challenge', 275);[0.00303812711421161, 0.026245413362179323, 0.01920155460393542, 0.11049731750727693]
('challenge', 276);[0.0030356277006691646, 0.06490456663156022, 0.005004903960019773, 0.013604739487704465]
('challenge', 277);[0.0034132042066443925, 0.008715922280303157, 0.14513317055612562, 0.007691774415535599]
('challenge', 278);[0.005755834315536686, 0.0047717542470018665, 0.00786729272558565, 0.013807528735708976]
('challenge', 279);[0.002062822563569917, 0.2701765029028302, 0.019571520226644754, 0.008158621504690731]
('challenge', 280);[0.0038800636351468223, 0.2400510368585526, 0.00771642793558016, 0.0043966881059674685]
('challenge', 281);[0.0026514347224346206, 0.0030998412428126345, 0.004653412857235117, 0.22421393426730574]
('challenge', 282);[0.002431875375508287, 0.0031225897923696858, 0.14133923992125497, 0.004268074202932894]
('challenge', 283);[0.004708959595089827, 0.005012661396241207, 0.0056800895068985216, 0.004708959595089827]
('challenge', 284);[0.0079810474595464, 0.01914553300603341, 0.04888983125320274, 0.027856586152068017]
('challenge', 285);[0.003016067234254928, 0.028615649183307224, 0.039112955015063275, 0.01847565172797982]
('challenge', 286);[0.002693938828295179, 0.024010821138504307, 0.03958715153802832, 0.016502376008988146]
('challenge', 287);[0.00219784932946639, 0.004800544287471052, 0.0045096940122649155, 0.1317926090027687]
('challenge', 288);[0.002571691284290729, 0.00843225109129739, 0.013060125975892132, 0.09650202650284166]
('challenge', 289);[0.0042570740282622714, 0.08032507494703423, 0.007471397598326437, 0.010870819360764016]
('challenge', 290);[0.004304838355677187, 0.004878020923438345, 0.05942646043997282, 0.004044021384623633]
('challenge', 291);[0.0066777442940515325, 0.011009739057899173, 0.011719806221265203, 0.011719806221265203]
('challenge', 292);[0.0027629110349304325, 0.09439941222487322, 0.012001538461562615, 0.0018989191325609557]
('challenge', 293);[0.003904441730708103, 0.04756583780427009, 0.028850138983208054, 0.012026527204545778]
('challenge', 294);[0.0036017768296692882, 0.01829133201946663, 0.09289104874304092, 0.009197459342538804]
('challenge', 295);[0.0040084906094766245, 0.010896207183289031, 0.01912343916023567, 0.031529220912420344]
('challenge', 296);[0.0027555812128114356, 0.005833565473299384, 0.0710673930916229, 0.005148103461211145]
('challenge', 297);[0, 0.3143457298053551, 0.006128766036196424, 0.002719623442678445]
('challenge', 298);[0.0021349918086118764, 0.006177803638239257, 0.29766328428716127, 0.007451853623427182]
('challenge', 299);[0.0045960398284298236, 0.004184741885100669, 0.005543882268595667, 0.0045960398284298236]
('challenge', 300);[0.0035291878418808155, 0.01792269472199202, 0.045767215213912, 0.021618901679151734]
('challenge', 301);[0.003265017469570589, 0.10812252915785599, 0.007832369742123856, 0.013746236990949408]
('challenge', 302);[0.008390358135957721, 0.004491035081638662, 0.004491035081638662, 0.006955851206670777]
('challenge', 303);[0.0020539271557408166, 0.01774322310809947, 0.12316235050847006, 0.01774322310809947]
('challenge', 304);[0.0028711870514773275, 0.015521490554813095, 0.18909046494512655, 0.0073318329867792815]
('challenge', 305);[0, 0.5976623829939212, 0.004857509117029829, 0.00706763406170804]
('challenge', 306);[0.0020305742085300863, 0.0031450148577964222, 0.06316931205024384, 0.0051852528927169]
('challenge', 307);[0.003946713565740522, 0.08982678672045309, 0.007848977149896911, 0.008355192684238155]
('challenge', 308);[0.0015252068069096666, 0.006625196368447081, 0.20610381784349108, 0.005846715274169259]
('challenge', 309);[0.0036031252889362052, 0.008119768181305382, 0.11931912240691626, 0.007165670269706953]
('challenge', 310);[0.00418894239852434, 0.009439927416706935, 0.012121106734739158, 0.009439927416706935]
('challenge', 311);[0.0024012887049554136, 0.002327408818415447, 0.07951976074790147, 0.0015503885138824038]
('challenge', 312);[0.0027341201611407514, 0.09944052114719192, 0.005971867472830957, 0.0063570198342203545]
('challenge', 313);[0.002844661033277073, 0.02037266223806194, 0.19329046064010547, 0.035755135735589826]
('challenge', 314);[0.004250597390042681, 0.08020288890004952, 0.004816557857136754, 0.006583454024993273]
('challenge', 315);[0.0034007405116959094, 0.13584208702008443, 0.0043666372525772235, 0.00410207607563899]
('challenge', 316);[0.0031147616995526894, 0.10979916087977006, 0.013959393465592903, 0.029552043244318357]
('challenge', 317);[0.0014260214204777156, 0.015331175095183254, 0.15483938335754097, 0.02095523180287526]
('challenge', 318);[0.0016455872704377802, 0.0063081807565109485, 0.28553013129993227, 0.004335545002625499]
('challenge', 319);[0.006750321601167672, 0.004358335194708276, 0.006750321601167672, 0.004938640783830389]
('challenge', 320);[0.0023705893135966406, 0.0164551513433878, 0.1769095701609072, 0.050685434419399274]
('challenge', 321);[0.0026708123536140355, 0.007260020688052966, 0.18723835670963157, 0.023804685713268933]
('challenge', 322);[0.0036290792195397695, 0.011178350958084697, 0.030385901036935177, 0.011178350958084697]
('challenge', 323);[0.004916596201656985, 0.013364694112834944, 0.009777819089041219, 0.052858390594627165]
('challenge', 324);[0.0031977466917604115, 0.03033937588301218, 0.01346301643762544, 0.1277335435207428]
('challenge', 325);[0.002366016799969527, 0.1070940977377127, 0.008258210075010042, 0.008258210075010042]
('challenge', 326);[0.003776815400147391, 0.004020399065812536, 0.09740532975104767, 0.007056020103293125]
('challenge', 327);[0.0025969755412230274, 0.049001333623546264, 0.0031325504548296384, 0.0023645731385340883]
('challenge', 328);[0.0026594929647232317, 0.019046540610988535, 0.12419904619227802, 0.007939779386985412]
('challenge', 329);[0.004528281474364103, 0.017909700654089936, 0.013948088893979693, 0.1243179630851766]
('challenge', 330);[0.006052553625368114, 0.013639640146240467, 0.03946760740712374, 0.009374378439078]
('challenge', 331);[0.0035081060763323, 0.0025665852334473913, 0.27868338383615093, 0.006156917906377723]
('challenge', 332);[0.0028471539053659184, 0.004694163204733729, 0.1761471747236186, 0.004694163204733729]
('challenge', 333);[0.0024579312224590486, 0.005714861312387389, 0.16701268894467705, 0.008315074145257359]
('challenge', 334);[0.003193314110599614, 0.008154413249110766, 0.09934111384513668, 0.05660286045859818]
('challenge', 335);[0.005331268133742339, 0.013613870104431252, 0.010602492697963447, 0.08877358447866582]
('challenge', 336);[0.0036737666102459213, 0.12165844168904671, 0.005021443589901572, 0.002861132312881104]
('challenge', 337);[0, 0.2905883228464118, 0.006419933798172758, 0.0019579691847084347]
('challenge', 338);[0.0055953699875441925, 0.007647963993880555, 0.019529760230418223, 0.011127721950405336]
('challenge', 339);[0.0012476584541638413, 0.005252838293987253, 0.025059889948635082, 0.253095922691118]
('challenge', 340);[0.0045047014226828885, 0.03543222128660727, 0.02937434316840884, 0.015722952886129557]
('challenge', 341);[0.0015915816328999578, 0.003067853892974709, 0.2939700881166355, 0.003067853892974709]
('challenge', 342);[0.002266043834012836, 0.23114269988754144, 0.004233527232258694, 0.0045065662804172416]
('challenge', 343);[0.0037186637986252043, 0.015656159374941768, 0.024248739781504033, 0.024248739781504033]
('challenge', 344);[0.007736938809888295, 0.0068278245352129665, 0.008235928492112628, 0.011257179543813833]
('challenge', 345);[0.0029945658946316793, 0.022127020662870128, 0.06815602186212999, 0.060147478185817685]
('challenge', 346);[0.0038329125562379996, 0.08723668768263824, 0.006319404460203191, 0.0040801141776320386]
('challenge', 347);[0.0010868522916258419, 0.0026899852562127444, 0.2920823990697203, 0.004435035909787686]
('challenge', 348);[0.004118082055800298, 0.014373518701712551, 0.020913346308845917, 0.017337773048623863]
('challenge', 349);[0.0037941185920204574, 0.006255444026222949, 0.08112183243731505, 0.008032149122337765]
('challenge', 350);[0.0036351461559310573, 0.010518644173273676, 0.015304536965536965, 0.01437728194573714]
('challenge', 351);[0.003159938779096405, 0.018184192154202455, 0.07191987511420112, 0.007121031964157783]
('challenge', 352);[0.0054987751905272615, 0.02623318300714967, 0.012391681178918123, 0.029726090743570605]
('challenge', 353);[0.0033227941651369844, 0.03572339536688311, 0.06269651140108216, 0.010234926572941462]
('challenge', 354);[0.006814173772705374, 0.009313871250285094, 0.007253650223148276, 0.004985356030469554]
('challenge', 355);[0.0013971852620906038, 0.1257705792027175, 0.0024521365008684094, 0.0018509697403382272]
('challenge', 356);[0.004567781388429667, 0.010293654259211305, 0.029785676215160203, 0.009669993275188672]
('challenge', 357);[0.004044559427179243, 0.008834129980236855, 0.009403882413322271, 0.0371930764380131]
('challenge', 358);[0.0015314895518417071, 0.18263521907203792, 0.004867063730097347, 0.0027731693202802886]
('challenge', 359);[0.004110995440102563, 0.010497794617990669, 0.015274201041601583, 0.009264271234346]
('challenge', 360);[0.0031700155568880227, 0.028254047843722766, 0.04376072535941622, 0.01824218000664761]
('challenge', 361);[0.002268541242514387, 0.0057929230020657115, 0.16929404591663352, 0.007438260371567427]
('challenge', 362);[0.0052452793974577475, 0.003386606913671176, 0.004348489353484218, 0.0046289428214472544]
('challenge', 363);[0.003671551266095417, 0.010961227364569587, 0.005867122217480964, 0.1714624242229371]
('challenge', 364);[0.002962213897862757, 0.01369713829223739, 0.03497687628782359, 0.006078068272988898]
('challenge', 365);[0.002041005761088176, 0.004457966438248141, 0.17807288716281866, 0.003934141573580066]
('challenge', 366);[0.003930683851595768, 0.012888216171057513, 0.05097389593124053, 0.010684706487210186]
('challenge', 367);[0.004199181802863896, 0.006923280357918617, 0.011414559589120821, 0.009463002270586466]
('challenge', 368);[0.0022364058203166877, 0.009714504060703146, 0.2077052304947708, 0.012473670124459112]
('challenge', 369);[0.006960396718626905, 0.007887162774443492, 0.010127317467938848, 0.01384240175749096]
('challenge', 370);[0.0021952015406425853, 0.010472720831049985, 0.08237434973171569, 0.18563346269448835]
('challenge', 371);[0.003514188608788423, 0.0065653686620233374, 0.010168641905444784, 0.062290483533584046]
('challenge', 372);[0.003675473248461394, 0.013656039793278674, 0.04477644132764236, 0.01986942539414459]
('challenge', 373);[0.003964555039050108, 0.02428584393808845, 0.20334290594663343, 0.016691400165038915]
('challenge', 374);[0.0026641867023034058, 0.003213622590423497, 0.1548410261543224, 0.004392501285204055]
('challenge', 375);[0.003901875176012381, 0.010606396387869893, 0.05733763715262641, 0.015432215684388196]
('challenge', 376);[0.0032535509787281467, 0.011356008745346868, 0.15676488387059687, 0.009414461916203829]
('challenge', 377);[0.005356484666797149, 0.021185312873301977, 0.017563237062326896, 0.078712986348623]
('challenge', 378);[0.003995407467115049, 0.011561094842157674, 0.035610679124753415, 0.055154898783356124]
('challenge', 379);[0.004626877294607805, 0.030171029930099836, 0.06799146551353089, 0.0497436188046858]
('challenge', 380);[0.004449537418259625, 0.004449537418259625, 0.005041986442363854, 0.00417995357419044]
('challenge', 381);[0.003061899958939606, 0.010039583455419577, 0.061499890017670124, 0.01875640673301467]
('challenge', 382);[0.002414481133790352, 0.02763227331454167, 0.05849752306593068, 0.037768839567199765]
('challenge', 383);[0.007669876325276483, 0.004370163797952866, 0.009251636832866327, 0.005611401391660112]
('challenge', 384);[0.005698781607293795, 0.003679409947183613, 0.009395702453019945, 0.004724455890597459]
('challenge', 385);[0.0037610793660655703, 0.0037610793660655703, 0.0062009715516236595, 0.007026621321233747]
('challenge', 386);[0.002131003789653761, 0.13602563625934433, 0.007209092896044473, 0.044161058435585536]
('challenge', 387);[0.0027961525961266807, 0.030061480598454215, 0.04656013197268804, 0.04656013197268804]
('challenge', 388);[0.0049400256753022315, 0.00634311852617809, 0.00634311852617809, 0.01261479748701197]
('challenge', 389);[0.0020686558553243083, 0.040271702500334024, 0.014815131410845459, 0.14962752677301067]
('challenge', 390);[0.004055872937582526, 0.004055872937582526, 0.028153345055062465, 0.0033624367648957916]
('challenge', 391);[0.0038052196262192413, 0.01705381120906267, 0.02993037078138718, 0.04635706511556623]
('challenge', 392);[0.002733335428264398, 0.12764750936249564, 0.014321653633138474, 0.008686522026283313]
('challenge', 393);[0.005167106742583513, 0.07593007930046679, 0.02175433194555836, 0.029734646288078335]
('challenge', 394);[0.003921441335044022, 0.02722019157751703, 0.0448785088463848, 0.02119910651592392]
('challenge', 395);[0.007207030653042905, 0.007671844195415335, 0.01433289190413456, 0.008693338382204596]
('challenge', 396);[0.002338994966954163, 0.009250904548828794, 0.19779308420739386, 0.010482648178974215]
('challenge', 397);[0.005350495932107059, 0.004435716924422534, 0.005350495932107059, 0.003048620685907273]
('challenge', 398);[0.008445651026601003, 0.007001690623042423, 0.006178970287690544, 0.007001690623042423]
('challenge', 399);[0.001930159594775415, 0.2374845224389293, 0.004349681791699748, 0.0028083656392411754]
('challenge', 400);[0.0017800075783885889, 0.011607107451488812, 0.015865034851975997, 0.1602312141018233]
('challenge', 401);[0.003381449751740083, 0.026597162526665448, 0.04385130759798169, 0.04969004136961052]
('challenge', 402);[0.0034248691616621876, 0.011229713652796264, 0.011953967958635858, 0.010549339697091643]
('challenge', 403);[0.0031946924431767118, 0.003853534662556367, 0.08770606556980488, 0.004102066295539156]
('challenge', 404);[0.004302673294537255, 0.015986370667307924, 0.04082262760872391, 0.011695878630336632]
('challenge', 405);[0.0028293205157589813, 0.007690890544874012, 0.047112416318599526, 0.02521745925967497]
('challenge', 406);[0.003721248244438079, 0.15823148288167746, 0.00448868219804593, 0.0034957892107968457]
('challenge', 407);[0.0034037823702626198, 0.016238537498008215, 0.036594109145227656, 0.018400673645935662]
('challenge', 408);[0.0023149614681202673, 0.19576073273771916, 0.0038167262133410812, 0.004062883905308125]
('challenge', 409);[0.002705874440803948, 0.004190940318216847, 0.003474411556357999, 0.02128334602137226]
('challenge', 410);[0.004662670513024, 0.06046643123690893, 0.014362036275169805, 0.012674452527644953]
('challenge', 411);[0.004481286895726791, 0.02422560807720344, 0.02422560807720344, 0.22984614251186264]
('challenge', 412);[0.004083335333809622, 0.04124023579057559, 0.01425224072531751, 0.0046270251168594855]
('challenge', 413);[0.002929772719562258, 0.002839633089261882, 0.15026867370290026, 0.0025855153502905392]
('challenge', 414);[0.004524508672902579, 0.007459653688481691, 0.031406315104882246, 0.012298889708256431]
('challenge', 415);[0.004922702504691892, 0.014244312001940627, 0.04121728343633253, 0.016140920110000248]
('challenge', 416);[0.004618236805811147, 0.02345333612112532, 0.034124402700392284, 0.024965946344075982]
('challenge', 417);[0.005642063039762498, 0.044378273950341364, 0.014407512700063987, 0.011944247548906965]
('challenge', 418);[0.002099995406229033, 0.10118346919504306, 0.017583046261893862, 0.007329704176833723]
('challenge', 419);[0.002413010202323147, 0.0029106458982036208, 0.21721230799946512, 0.002568635989685253]
('challenge', 420);[0.0028668434837555846, 0.0034580733304614125, 0.1075775080698344, 0.007320741298034657]
('challenge', 421);[0.002504456264509573, 0.023761619451380084, 0.02232197570622923, 0.028661984157484627]
('challenge', 422);[0.00280625595829738, 0.026625008873635145, 0.04123762044488877, 0.019479272612794495]
('challenge', 423);[0.004963457927201077, 0.008183358660801584, 0.008183358660801584, 0.011185325103816793]
('challenge', 424);[0.004079956591121336, 0.019464384290249985, 0.05995452444464344, 0.028320512033143123]
('challenge', 425);[0.0023255983375120005, 0.041222207040425105, 0.0770132216597083, 0.013382894416361035]
('challenge', 426);[0.0028990163503484715, 0.014722419822705998, 0.007402897591001918, 0.2032366881855615]
('challenge', 427);[0.0035576139439978433, 0.01806705438013596, 0.06306023105251655, 0.027982807902645606]
('challenge', 428);[0.00640224879506715, 0.01442769037607767, 0.01273239206833812, 0.036842398048547886]
('challenge', 429);[0.002017898833956042, 0.24064108520685146, 0.0024340506137891025, 0.0015231899526774607]
('challenge', 430);[0.0033613963616097456, 0.003157739651389885, 0.10457000065508755, 0.005206232530579711]
('challenge', 431);[0.003622345255999409, 0.01623422514280349, 0.01958221811192427, 0.06420762128524207]
('challenge', 432);[0.006414823523954365, 0.005318075489346775, 0.010576255991731115, 0.0077377541792910485]
('challenge', 433);[0.0029530623921013173, 0.008282068291943957, 0.030771616746981794, 0.1295533455305864]
('challenge', 434);[0.00789218892733098, 0.006146442916752839, 0.011483067131811409, 0.008943021674316235]
('challenge', 435);[0.005918396706027549, 0.009166592137631917, 0.02652441383132847, 0.07675093628386542]
('challenge', 436);[0.0033197566143283257, 0.004397962965351506, 0.14564049657180142, 0.006811698293007231]
('challenge', 437);[0.003977209048984891, 0.05490367737020928, 0.020197934149209753, 0.10918900040399254]
('challenge', 438);[0.003957591083830948, 0.005758261049543572, 0.010106062870994543, 0.20298567474563733]
('challenge', 439);[0.002169825312384978, 0.16192720809827263, 0.00380816201929159, 0.0016378700751863502]
('challenge', 440);[0.004486170106330553, 0.04823087396814134, 0.008921814585379545, 0.0042143667998902415]
('challenge', 441);[0.0014268553196857435, 0.037967212017066515, 0.006597712154024777, 0.3383981175149134]
('challenge', 442);[0.0063832365790946685, 0.0056331865095157335, 0.013513311943986046, 0.008724849943795023]
('challenge', 443);[0.002980590708428765, 0.06372785451919304, 0.03010290695281211, 0.018258331660231136]
('challenge', 444);[0.003896284483949991, 0.003660220540660084, 0.005669060473057346, 0.006034683460839804]
('challenge', 445);[0.0032977331276516086, 0.03774055710207086, 0.017827376856830633, 0.007431556322108316]
('challenge', 446);[0.0019255044545522515, 0.3238199816864206, 0.0038293228566156755, 0.00359731591323498]
('challenge', 447);[0.003794442448475646, 0.015007311004427789, 0.06725810170370819, 0.06725810170370819]
('challenge', 448);[0.0026881131879479413, 0.007307049231640003, 0.12952057758732785, 0.021143653061576013]
('challenge', 449);[0.002576696911075308, 0.2978256689100539, 0.0038680802002351426, 0.003108089757728639]
('challenge', 450);[0.00335105635699602, 0.018690696094509338, 0.030815748215209354, 0.01649447747796413]
('challenge', 451);[0.0020478434059809304, 0.0088954262694008, 0.1901925545386166, 0.006508032884836147]
('challenge', 452);[0.0019291621695293284, 0.24489656037014967, 0.004485436430127029, 0.0021187701440380682]
('challenge', 453);[0.004016356070381858, 0.024603163725646835, 0.02787903691626657, 0.06687833287802854]
('challenge', 454);[0.00226887768386044, 0.14482632947820176, 0.003405988809926989, 0.002340899592744842]
('challenge', 455);[0.001623427881136824, 0.309370667179651, 0.004412934509108, 0.0030329625761166303]
('challenge', 456);[0.004531450206490781, 0.05520436477380245, 0.010211780676851454, 0.01683638001364954]
('challenge', 457);[0.004140809039922551, 0.011981828243509657, 0.009331457218672397, 0.013577190139045377]
('challenge', 458);[0.0022477618706620143, 0.006110050247723664, 0.027383338885742004, 0.2765619256850699]
('challenge', 459);[0.0025687094800016822, 0.14929196172566067, 0.004235085957927839, 0.003298288260408912]
('challenge', 460);[0.003432268576047699, 0.0030289663872005343, 0.022381207892895195, 0.004407120088543888]
('challenge', 462);[0.004511705074888598, 0.011521042517124533, 0.017844139722374537, 0.042805865922101186]
('challenge', 463);[0.006641067912904146, 0.005172068891000129, 0.009662696797171948, 0.006641067912904146]
('challenge', 464);[0.003278893778824519, 0.11558501749284159, 0.005078450030646381, 0.005405981917514306]
('challenge', 465);[0.0029398990486928303, 0.007745602349848507, 0.006421329885870944, 0.17628909691872613]
('challenge', 466);[0.002007728979418401, 0.003992845850135588, 0.14983047086766335, 0.011553682557655383]
('challenge', 467);[0.0017362020874379467, 0.19450342669237616, 0.0037922140071217315, 0.002526159131264412]
('challenge', 468);[0.00381536876695778, 0.005214990790247378, 0.0983996574092829, 0.010371247588091527]
('challenge', 469);[0.0035771522797962974, 0.04638921659724436, 0.007572831435754828, 0.012485488267555576]
('challenge', 470);[0.002883806210269787, 0.03739777687500334, 0.003941695743189364, 0.0025449500482173076]
('challenge', 471);[0.00528070715640707, 0.0049607652836214065, 0.010501940187838097, 0.013484758125718551]
('challenge', 472);[0.0020365940301711014, 0.011009723308352384, 0.009716046717934404, 0.23539829191132985]
('challenge', 473);[0.002503732673068644, 0.016326387886741237, 0.015337222049364416, 0.020963497009278614]
('challenge', 474);[0.004289145347249212, 0.011659105857047195, 0.016963898924128456, 0.09170599301950556]
('challenge', 475);[0.00362370141582258, 0.026775733047287465, 0.03438072178316302, 0.012647960716660845]
('challenge', 476);[0.006572322299912231, 0.009562672520476047, 0.029455105018255778, 0.02024417788470936]
('challenge', 477);[0.003961873401875371, 0.15825651561494675, 0.005087146145707103, 0.006532024949493001]
('challenge', 478);[0.0024390790756770287, 0.04602204588541281, 0.014035930975880614, 0.023141337954013175]
('challenge', 479);[0.0024239403923386857, 0.0037542723217372643, 0.10306856818589762, 0.0037542723217372643]
('challenge', 480);[0.0040454196725655785, 0.010330341029303839, 0.010330341029303839, 0.028080778301741532]
('challenge', 481);[0.004067778619757934, 0.007599610962091986, 0.015113631074560662, 0.028235980157169972]
('challenge', 482);[0.005534463454096666, 0.0132764876453963, 0.05950108957285095, 0.01033973897467247]
('challenge', 483);[0.005254233624183638, 0.025066546696702777, 0.010449291282353163, 0.025066546696702777]
('challenge', 484);[0.0014463101626661366, 0.006687670436560846, 0.1954423786734295, 0.010358066599425198]
('challenge', 485);[0.005040871013954123, 0.012872315080688227, 0.015526975830404011, 0.013702508076837417]
('challenge', 486);[0.002992795796832113, 0.017222350701188778, 0.07718523930543975, 0.014277830214800133]
('challenge', 487);[0.003301298296927189, 0.009552623362489656, 0.18024480120664763, 0.008430160528954364]
('challenge', 488);[0.003897295308960188, 0.013602897234778264, 0.03263165410288293, 0.013602897234778264]
('challenge', 489);[0.01040837468321759, 0.017160508733637548, 0.006720151776728814, 0.006720151776728814]
('challenge', 490);[0.005125524708694041, 0.149789770758273, 0.01155054823376287, 0.01578772756726507]
('challenge', 491);[0.002595451598841671, 0.009643272558206706, 0.10367492571217714, 0.03813987373448652]
('challenge', 492);[0.006540240493042005, 0.00893944885029103, 0.00893944885029103, 0.0074110633973755655]
('challenge', 493);[0.004030864560103392, 0.0382437781384005, 0.019230179308902497, 0.024692039000093514]
('challenge', 494);[0.0047215934542195115, 0.010640275100161845, 0.028923266454575193, 0.012057011269953866]
('challenge', 495);[0.004132855537910784, 0.08301064229618471, 0.016345760737184342, 0.010553616333305966]
('challenge', 496);[0.003845887200442714, 0.013423465305257865, 0.11239329893635706, 0.046852497592940155]
('challenge', 497);[0.0013400352280666039, 0.012713900255310388, 0.011943603979146162, 0.23989375591419299]
('challenge', 498);[0.0032428158775774357, 0.08363334371133338, 0.010632783915243683, 0.010632783915243683]
('challenge', 499);[0.0024488051775848965, 0.0042977869309088635, 0.11084138583980953, 0.00754285096771471]
('challenge', 500);[0.0020876301623335195, 0.005007964419362402, 0.16584100514023606, 0.006845075776432932]
('challenge', 501);[0.0017926548902532358, 0.008034121828536009, 0.008552278168747603, 0.22056610845132565]
('challenge', 502);[0.002123922910216245, 0.004786334163531425, 0.1687241354359143, 0.00614577471873521]
('challenge', 503);[0.004125694316813456, 0.004976537284804618, 0.16480024208414418, 0.004125694316813456]
('challenge', 504);[0.002474552684243983, 0.01041825593928032, 0.20925621445305884, 0.01109017571895198]
('challenge', 505);[0.004794296884436505, 0.014767474042156547, 0.0069756608059859055, 0.013032250101201567]
('challenge', 506);[0.0011918429109283482, 0.12543036873816127, 0.0027711177920158696, 0.0012296760661248635]
('challenge', 507);[0.0028052966851483284, 0.008640922115807782, 0.006729556910250122, 0.05634589015004272]
('challenge', 508);[0.003968771085924115, 0.00952058690543433, 0.007892843766772089, 0.005774527856604543]
('challenge', 509);[0.0032604325615436173, 0.003470712395438543, 0.006091289952584248, 0.10797069785635377]
('challenge', 510);[0.003263709950859537, 0.10807925585289459, 0.0073548839096358775, 0.01657448674627914]
('challenge', 511);[0.008439302519080615, 0.006996427525451033, 0.006572535410436462, 0.006572535410436462]
('challenge', 512);[0.0036655633982822125, 0.02708504712651492, 0.018615262505601936, 0.22678032305140539]
('challenge', 513);[0.005058016673908421, 0.014635856533174545, 0.009449619203654181, 0.009449619203654181]
('challenge', 514);[0.005414350684289713, 0.006952163893488657, 0.017752972429138345, 0.010115338778044642]
('challenge', 515);[0.0024629632155831207, 0.023367944364120805, 0.02487504729190742, 0.02487504729190742]
('challenge', 516);[0.0026586383722830343, 0.03447774700623203, 0.009279559719135902, 0.1451567367337835]
('challenge', 517);[0.004946045511415738, 0.004946045511415738, 0.004100415748809117, 0.004100415748809117]
('challenge', 518);[0.006073496556585806, 0.015509216780479002, 0.012857592311189174, 0.007798523946821653]
('challenge', 519);[0.0025002251462943577, 0.004671035522234821, 0.15468348931332582, 0.004972291430827456]
('challenge', 520);[0.0017627698124958748, 0.004943810198225973, 0.18551515327229573, 0.013438669425188171]
('challenge', 521);[0.005274976696771222, 0.005977331683909868, 0.005977331683909868, 0.009257872417025385]
('challenge', 522);[0.0034222408718166094, 0.016326598083861235, 0.060660670898750046, 0.008738998213222974]
('challenge', 523);[0.004810032723805886, 0.016788663842696873, 0.01391829118093816, 0.12405237895977582]
('challenge', 524);[0.00413987323665641, 0.004406872121043092, 0.04737834028268657, 0.004406872121043092]
('challenge', 525);[0.0012905471798687195, 0.4890995563452737, 0.006976632139855268, 0.006976632139855268]
('challenge', 526);[0.002815719055419453, 0.008673025276322563, 0.022147340634792487, 0.019544959510690317]
('challenge', 527);[0.001984437582446801, 0.004760418288951427, 0.005394260620076338, 0.3135112679320428]
('challenge', 528);[0.0026783444970830154, 0.008249881847121995, 0.1998763883260833, 0.012777666964974272]
('challenge', 529);[0.004250520370714827, 0.08020143565194619, 0.012299288505319871, 0.015792599048006097]
('challenge', 530);[0.0032287904732127997, 0.018580406297412186, 0.13729166447250296, 0.012770114043791659]
('challenge', 531);[0.005400385892813671, 0.00651410882245818, 0.008903731091470801, 0.010739949775242166]
('challenge', 532);[0.003722907705864394, 0.007881395675162377, 0.10220749424861286, 0.010119912365881334]
('challenge', 533);[0.0030919817152905166, 0.03538585688029298, 0.012229024909841561, 0.02933590572552714]
('challenge', 534);[0.0048635605881968465, 0.005177233296746828, 0.006647699141144996, 0.14213409176039765]
('challenge', 535);[0.0038438154946638207, 0.01618306769613747, 0.04399013884713308, 0.04399013884713308]
('challenge', 536);[0.005404234469869403, 0.05458082163520434, 0.024220092782637134, 0.013800196171158798]
('challenge', 537);[0.003979007319446172, 0.013046662722168033, 0.0084235585613695, 0.19171933202567276]
('challenge', 538);[0.003182747407985493, 0.013825224535808624, 0.00695175946914322, 0.24505799768483355]
('challenge', 539);[0.004968423507577079, 0.009880889994272014, 0.05017929985119318, 0.0092822371328421]
('challenge', 540);[0.003369378343289638, 0.004605394157777586, 0.09846769234716812, 0.005218595265648671]
('challenge', 541);[0.002761381888754907, 0.17084066832670267, 0.011625851995925987, 0.008505655020039962]
('challenge', 542);[0.0034181327053677195, 0.01630699911786647, 0.01735871020254728, 0.06058785190608191]
('challenge', 543);[0.0030958868413602874, 0.004231575596351942, 0.06619297934384748, 0.00450448877480868]
('challenge', 544);[0.0040005699693774835, 0.06873007272872775, 0.01440660588366446, 0.010540098024563564]
('challenge', 545);[0.0010959011108667748, 0.3665286604671127, 0.006713208188040462, 0.007607061473393601]
('challenge', 546);[0.002840505226581127, 0.012730261228206785, 0.13686320632664772, 0.01971701429977404]
('challenge', 547);[0.003070854235978527, 0.007366596358063097, 0.10825131744889614, 0.024154133798650713]
('challenge', 548);[0.0029632296549163026, 0.020568890679290058, 0.0409061236016461, 0.0360995273751953]
('challenge', 549);[0.002124992659749679, 0.15370244938409963, 0.005259407343877406, 0.0023338478614662764]
('challenge', 550);[0.0023598524361258286, 0.004548734625583317, 0.18169861055154435, 0.007983277887906561]
('challenge', 551);[0.006123706488484449, 0.0100962851430887, 0.012963886737852722, 0.012178444546373225]
('challenge', 552);[0.004534175749032639, 0.0070226687794338665, 0.0625923655001874, 0.012325167545635105]
('challenge', 553);[0.00382137174821346, 0.02415181311605455, 0.02415181311605455, 0.07919074647438845]
('challenge', 554);[0.0045449187769826555, 0.020368912808377413, 0.007039307906621926, 0.009038650267993532]
('challenge', 555);[0.0060540978764568164, 0.008274970677120887, 0.008808660433502952, 0.00998151994381483]
('challenge', 556);[0.0014792224669535963, 0.006839855389736168, 0.004416142553363032, 0.290838051895543]
('challenge', 557);[0.0031850019196652487, 0.005251180412172836, 0.026667688214772587, 0.0142741882923695]
('challenge', 558);[0.002464034530841606, 0.23611059027645684, 0.004900317797829325, 0.0014485311742080292]
('challenge', 559);[0.0028275537136865487, 0.014359502608235005, 0.2246204133406601, 0.014359502608235005]
('challenge', 560);[0.0026303921703380224, 0.005568540268303442, 0.11184712116726615, 0.04114625643164847]
('challenge', 561);[0.003344919623830321, 0.01698690349549714, 0.0918303326929595, 0.012427884084714047]
('challenge', 562);[0.001739694305090668, 0.22785496129250407, 0.0060721297659096845, 0.007796768952854221]
('challenge', 563);[0.001343547816209787, 0.39655467198227373, 0.0034308695398767787, 0.004991885725195812]
('challenge', 564);[0.003192097712364094, 0.09624800933901115, 0.013865840406608794, 0.040122139563096126]
('challenge', 565);[0.003444197400533809, 0.047545667191356646, 0.02709070455600756, 0.009362299207496934]
('challenge', 566);[0.004768456130199686, 0.008908648888438462, 0.05457209055563502, 0.00948320737818749]
('challenge', 567);[0.0019986517711079047, 0.19759561630532071, 0.008681747547772824, 0.007661615319930924]
('challenge', 568);[0.00394410229769256, 0.00394410229769256, 0.004198475041298928, 0.029143193137571605]
('challenge', 569);[0.007747360603502541, 0.005668090100607946, 0.007277971753256781, 0.005668090100607946]
('challenge', 570);[0.004913326829164583, 0.013355807036998388, 0.022020003149265693, 0.023440171337747145]
('challenge', 571);[0.002248955118908188, 0.0053949628719896885, 0.19017901940683135, 0.015610842685346599]
('challenge', 572);[0.004737888097290402, 0.01760338982736, 0.027264663523283047, 0.030894911294795713]
('challenge', 573);[0.0032736852165054157, 0.07931413245813743, 0.017697375077417983, 0.017697375077417983]
('challenge', 574);[0.0031932273184020455, 0.11256514311077122, 0.003618400596138008, 0.005604288475894356]
('challenge', 575);[0.004085035493747833, 0.025023876199353246, 0.03640952503052772, 0.02074552201900533]
('challenge', 576);[0.0011687459973083781, 0.4161023226971466, 0.0027174158589120356, 0.005575775310650898]
('challenge', 577);[0.003000828152152097, 0.00815709663632338, 0.12759849034760332, 0.011149429172347949]
('challenge', 578);[0.0021756520120773076, 0.004605855345711059, 0.09251107760914078, 0.014187033239538387]
('challenge', 579);[0.0017718146055660695, 0.010196089070576541, 0.14983047086766335, 0.005126915556490267]
('challenge', 580);[0.003106296991215381, 0.003988564288501208, 0.09663406692280492, 0.005803326796422012]
('challenge', 581);[0.0021552486355776858, 0.20652184882413166, 0.007066788214581291, 0.004562661397322405]
('challenge', 582);[0.002651173024712479, 0.05668457868590941, 0.015256447382564639, 0.06034041991724397]
('challenge', 583);[0.01126505155057344, 0.004998836323491661, 0.011991584955009465, 0.018572930106963887]
('challenge', 584);[0.0029467775651174223, 0.005171755688685462, 0.0042875360580353775, 0.05560162686068209]
('challenge', 585);[0.0017369051046646007, 0.004166618743545247, 0.003677028135429599, 0.24216152767618848]
('challenge', 586);[0.00468935768727149, 0.013569106384659453, 0.011974694355302825, 0.013569106384659453]
('challenge', 587);[0.0019651057749325734, 0.0022267565689775325, 0.10729111435056873, 0.00229744141014789]
('challenge', 588);[0.003093419561983726, 0.02285744523138697, 0.0661402108156695, 0.002564534891633369]
('challenge', 589);[0.002667234823618925, 0.005304429833905671, 0.07322541261523514, 0.005304429833905671]
('challenge', 590);[0.0024722221840187933, 0.004916600890490742, 0.19639288681227543, 0.005930552718440064]
('challenge', 591);[0.002365539617495915, 0.0033359455552409464, 0.14184801450214526, 0.0029439616196909836]
('challenge', 592);[0.0038317558124634538, 0.10519579975630577, 0.008634995019492804, 0.0031766371422892008]
('challenge', 593);[0.00377193804290672, 0.013165357384041872, 0.06280840732451075, 0.026182439530085973]
('challenge', 594);[0.004871340515820974, 0.026334218025499012, 0.0232398658394903, 0.009687817410907499]
('challenge', 595);[0.001912851837603585, 0.19511619193190358, 0.018148632929275793, 0.015045745153537286]
('challenge', 596);[0.003228813567404496, 0.009342881843128405, 0.02385788458254022, 0.03933500178514271]
('challenge', 597);[0.0033825947501833274, 0.028322119087162454, 0.15310791098507961, 0.023479861411830574]
('challenge', 598);[0.003850920774848947, 0.016212982043065816, 0.1445047359857629, 0.008678183928924147]
('challenge', 599);[0.0016788303064104474, 0.273649350237352, 0.0026827631908831226, 0.0026827631908831226]
('challenge', 600);[0.002300474674298515, 0.007085960852283506, 0.15150450531531698, 0.004037458790346835]
('challenge', 601);[0.00816264899402467, 0.005270202294740144, 0.012642558079060836, 0.008689094624230701]
('challenge', 602);[0.0015943921349244107, 0.251890018309674, 0.004071422947761419, 0.004071422947761419]
('challenge', 603);[0.005467690186274806, 0.003757884844777288, 0.008468524224046927, 0.007020653169750983]
('challenge', 604);[0.0038515120966462583, 0.007195571904560675, 0.030294489266091743, 0.006350069918099534]
('challenge', 605);[0.002949133509377762, 0.08353466037077739, 0.03482242723532052, 0.009372326909737076]
('challenge', 606);[0.004607742304851641, 0.06360793564291609, 0.01939932432437142, 0.015108205372799327]
('challenge', 607);[0.0060594350688573636, 0.027156503920521224, 0.012827824141434461, 0.03275699649745216]
('challenge', 608);[0.0034612440417542854, 0.005706626674724373, 0.01551221959170293, 0.016512671800884827]
('challenge', 609);[0.002395787452256258, 0.24437702211088969, 0.004475920222544597, 0.002395787452256258]
('challenge', 610);[0.0026783087375647336, 0.0886934043293708, 0.004415784585124984, 0.002851044810408946]
('challenge', 611);[0.004448067319757624, 0.018150891748838886, 0.2505653018204061, 0.018150891748838886]
('challenge', 612);[0.0037909538533631806, 0.03174126799643095, 0.014085102291978902, 0.004867681101208657]
('challenge', 613);[0.004018698979252364, 0.010923956409348616, 0.01801055929229406, 0.023126015900067156]
('challenge', 614);[0.006395645877964556, 0.007714621522585454, 0.005302176662403068, 0.004129339336662438]
('challenge', 615);[0.003657636620656789, 0.0077432167866935495, 0.01058372249078659, 0.09433169174031192]
('challenge', 616);[0.004640793249488472, 0.011132684270607181, 0.02079859734270259, 0.014294649559419451]
('challenge', 617);[0.0030047012511892224, 0.02220190610556428, 0.030346407631463422, 0.015259132035078157]
('challenge', 618);[0.002602395186673027, 0.18823331800969223, 0.008803789436710981, 0.013635575822373095]
('challenge', 619);[0.0032876532318190104, 0.004493689174672875, 0.15840796598708468, 0.0069599619463775585]
('challenge', 620);[0.0015990326928393163, 0.3452948743498603, 0.004626954514597895, 0.004626954514597895]
('challenge', 621);[0.0056889992538091076, 0.007304819637408489, 0.010628449857763794, 0.007304819637408489]
('challenge', 622);[0.002488839409109246, 0.10257215488901884, 0.011508276832518987, 0.010156018658784065]
('challenge', 623);[0.005548280200939204, 0.014168029831497609, 0.03398733672696844, 0.016054481086566163]
('challenge', 624);[0.0036432448146455874, 0.0040013216424287885, 0.005137798689221303, 0.15014850480375577]
('challenge', 625);[0.005259660645942962, 0.008146321768970035, 0.006344361772825495, 0.01185282823456876]
('challenge', 627);[0.0013692011739853981, 0.008653617876313096, 0.00980583370997562, 0.28656846705192734]
('challenge', 628);[0.0035713353950284727, 0.055865071600129566, 0.012465185344771833, 0.013269120728893724]
('challenge', 629);[0.0038186412882720497, 0.00975124213785534, 0.01821771870399098, 0.02490066318946495]
('challenge', 630);[0.005386097546776436, 0.004465231699637686, 0.00834215107184632, 0.0050597703930294]
('challenge', 631);[0.0077334643074460545, 0.004406395138052384, 0.004993099834285243, 0.004993099834285243]
('challenge', 632);[0.0018363017999289252, 0.13703736936702912, 0.004405059020116811, 0.0018363017999289252]
('challenge', 633);[0, 0.5429960240796935, 0.002362220056026253, 0.0016235285186518534]
('challenge', 634);[0.004590058566420437, 0.036103615835758544, 0.03391620833091104, 0.015050222626738163]
('challenge', 635);[0.002364357792720517, 0.1374150901574951, 0.003898166984403921, 0.005671799495055829]
('challenge', 636);[0.004106528440904785, 0.015257604126135815, 0.06837985395467353, 0.019591156166613204]
('challenge', 637);[0.004293833515445621, 0.01924362673602391, 0.0298051121443597, 0.01595352690355868]
('challenge', 638);[0.0036529793608920808, 0.004690518346021174, 0.1370770065435025, 0.008232116066742177]
('challenge', 639);[0.002301666272465099, 0.19463642419435176, 0.0037948061414662853, 0.004872627537045447]
('challenge', 640);[0.0028242752440496665, 0.012657523492883762, 0.01960435589145171, 0.19799695696156638]
('challenge', 641);[0.004579248143363018, 0.004579248143363018, 0.026351753619891092, 0.008036830779386064]
('challenge', 642);[0.003630848200919486, 0.021557338347431402, 0.07068379121397127, 0.07524250408257929]
('challenge', 643);[0.003937692462830513, 0.07909066735434006, 0.008873726946335815, 0.006098817393135158]
('challenge', 644);[0.004461354003093196, 0.03735445972614553, 0.12248055811158025, 0.03735445972614553]
('challenge', 645);[0.0011865432568415211, 0.43584827694969897, 0.0037708266717328817, 0.00548652043338467]
('challenge', 646);[0.002549346808691281, 0.0091805505252313, 0.06372566663449937, 0.018257704820920876]
('challenge', 647);[0.002666919426772975, 0.022329842969465247, 0.036815687075151066, 0.011228150176179532]
('challenge', 648);[0.005406275791629902, 0.02579190545926566, 0.020086756168579738, 0.02579190545926566]
('challenge', 649);[0.006025456427856131, 0.00933240947856337, 0.010575005364020269, 0.02536812514954939]
('challenge', 650);[0.001525519567342943, 0.0075088704769764765, 0.19365632199539892, 0.0025151565595475664]
('challenge', 651);[0.002688320846313457, 0.18846581898412407, 0.01547021833615741, 0.005022444553405887]
('challenge', 652);[0.0035410566870971443, 0.0037694352221289426, 0.11015904462647857, 0.007496417065411077]
('challenge', 653);[0.00505746439034447, 0.013747613550352075, 0.018790764281283002, 0.02000266445625739]
('challenge', 654);[0.0027565997227183042, 0.08575532421663686, 0.020368674849732163, 0.01399916850973797]
('challenge', 655);[0.003127632523589912, 0.010255112237350797, 0.18177623548964886, 0.0040159596543486685]
('challenge', 656);[0.0022860567357217013, 0.0025904416537060443, 0.29941434515303794, 0.00454636668792073]
('challenge', 657);[0.0027794125408532456, 0.011701763876690814, 0.02327173628177956, 0.007555226603592562]
('challenge', 658);[0.0026498737683890963, 0.004950615955498619, 0.004950615955498619, 0.2702945371380231]
('challenge', 659);[0.003242976696256182, 0.01986564069974559, 0.01986564069974559, 0.01753136638538396]
('challenge', 660);[0.0024912924863453928, 0.003300426315446117, 0.11634403801563993, 0.0019402205392256991]
('challenge', 661);[0.004089717022172247, 0.007883135887145986, 0.007405520828318637, 0.06600468866805052]
('challenge', 662);[0.0023310606864236577, 0.010778715410315033, 0.2033794394557015, 0.021436035210457574]
('challenge', 663);[0, 0.4765458549988187, 0.0018295387607985868, 0.0036384722856533033]
('challenge', 664);[0.003541178261717454, 0.007734644430485904, 0.09422725906258328, 0.005315938192333267]
('challenge', 665);[0.003635537919284264, 0.16455703090337584, 0.016293350557655878, 0.009283671305072325]
('challenge', 666);[0.0028747296985608007, 0.024069817072124577, 0.021241539011927754, 0.03289953921129265]
('challenge', 667);[0.0017428561045969395, 0.14284717123990628, 0.001974914698842097, 0.0033594430689930844]
('challenge', 668);[0.007188030834689349, 0.007651618994057527, 0.023568651366200934, 0.007651618994057527]
('challenge', 669);[0.0026386682852154162, 0.003182841503814623, 0.004488525953721482, 0.1396339828535596]
('challenge', 670);[0.0016401459190549677, 0.006692819350290041, 0.20820755678721892, 0.006692819350290041]
('challenge', 671);[0.0041864942485960255, 0.010690587579455884, 0.005722259179486931, 0.06548778841605858]
('challenge', 672);[0.006789491779874678, 0.004967298298761066, 0.006789491779874678, 0.0072273763785449495]
('challenge', 673);[0, 0.3500798787716934, 0.001114227515398978, 0.0009833023311141276]
('challenge', 674);[0.004185370496044249, 0.03504367811321086, 0.018757529207436917, 0.15705486918442235]
('challenge', 675);[0.0010777260631000735, 0.477518786759218, 0.004983354827307004, 0.0018332737890287103]
('challenge', 676);[0.0014922380527412828, 0.18360322471329243, 0.0028763641303186, 0.002240114637090626]
('challenge', 677);[0.0029981163796964864, 0.006756359557759756, 0.0059624663824708116, 0.163691607915496]
('challenge', 678);[0.0035672251488926524, 0.06730860066124192, 0.00803886596685141, 0.009109228534749231]
('challenge', 679);[0.004713796438570564, 0.016452766202273476, 0.0946791549885665, 0.022488270444150145]
('challenge', 680);[0.003543387594145211, 0.01799480701421477, 0.1102315570193086, 0.009631926108352142]
('challenge', 681);[0.0026661717800575547, 0.004981064649912399, 0.00680830815093984, 0.16495020711731462]
('challenge', 682);[0.0031685239772589052, 0.004068465320184966, 0.15266803482437827, 0.00670776531249476]
('challenge', 683);[0.0036876740395380466, 0.010670638644234785, 0.00504045279192224, 0.1383789474365127]
('challenge', 684);[0.006159892638023041, 0.007430248833168995, 0.0065571715807044425, 0.0065571715807044425]
('challenge', 685);[0.003090584326711145, 0.009519669916137658, 0.007413926385269304, 0.1687401867598592]
('challenge', 686);[0.002391990839692832, 0.008887324130485093, 0.02914042090623287, 0.167691544126941]
('challenge', 687);[0.0016412005051859642, 0.0697856378977475, 0.01657553792265536, 0.005728352625058646]
('challenge', 688);[0.004690214176456304, 0.0068242213594645, 0.010569560806124832, 0.017426259723016403]
('challenge', 689);[0.004447867949870461, 0.005365152866563833, 0.006079514671213856, 0.010669880535772336]
('challenge', 690);[0.002231767525200653, 0.013250613903763966, 0.0557871549745981, 0.03178656274512827]
('challenge', 691);[0.004605071353701002, 0.00860340594023883, 0.00808215192494741, 0.03855779956294463]
('challenge', 692);[0.0036052529296545367, 0.12708954656575264, 0.025025415515203778, 0.009800093525678663]
('challenge', 693);[0.0018670942654706462, 0.00575105521502092, 0.19044883809134813, 0.021367767437061657]
('challenge', 694);[0.0035203219741054923, 0.010843355058256123, 0.031376288217784265, 0.01679451685307477]
('challenge', 695);[0.0030298865611551235, 0.018560305368330844, 0.07340743173258314, 0.008236085581480238]
('challenge', 696);[0.004033394792761807, 0.0977202339148288, 0.026301044155137933, 0.014985879659174663]
('challenge', 697);[0.003731765927849062, 0.009236209375364552, 0.008676615738097753, 0.08232143807666244]
('challenge', 698);[0.0025547401480803932, 0.007869153648724573, 0.1484800011480061, 0.012187983595751958]
('challenge', 699);[0.0037760680898336623, 0.021061211727466167, 0.02241954318198357, 0.18771653679339098]
('challenge', 700);[0.003590969636361794, 0.030066820648234942, 0.028245164074221844, 0.0721265532211906]
('challenge', 701);[0.0015555039002246064, 0.2784670620207829, 0.0061521372681905126, 0.002729994364009103]
('challenge', 702);[0.004896281723425812, 0.15231885974602546, 0.016054289703378456, 0.006692423630254224]
('challenge', 703);[0.001969747700258779, 0.010986370549670957, 0.01501658810308468, 0.20729760449064502]
('challenge', 704);[0.0015001822842926546, 0.007860393144595643, 0.00651649479721539, 0.2949591470003094]
('challenge', 705);[0.002937998750302979, 0.017997424285286917, 0.04892207139376294, 0.014920388784749935]
('challenge', 706);[0.005075927356796313, 0.007861750083871999, 0.007861750083871999, 0.051265062488711294]
('challenge', 707);[0.0029759993264572037, 0.017669321561259214, 0.017669321561259214, 0.011408171429007593]
('challenge', 708);[0.005555149850184042, 0.007132953601145409, 0.018214635120736906, 0.0075929895841374785]
('challenge', 709);[0.0025665020134583876, 0.006156718272002138, 0.02759249698878264, 0.09630727754358455]
('challenge', 710);[0.0029236782611739053, 0.04296313842144272, 0.00658861066817442, 0.08026570967446135]
('challenge', 711);[0.006275071936489516, 0.0043127896655913486, 0.0031553043237061915, 0.0023084699573063636]
('challenge', 712);[0.0036272125120703803, 0.004957811682198113, 0.05673915009203841, 0.005277563064058122]
('challenge', 713);[0.0023947389581140833, 0.015135216249281738, 0.005567934895794699, 0.3236051151193654]
('challenge', 714);[0.004840085250635204, 0.0315613204463698, 0.0191429085117385, 0.01587002856289465]
('challenge', 715);[0.0030717021812259318, 0.011412758135971188, 0.12269871320932643, 0.008349752221664463]
('challenge', 716);[0.0026641778096357345, 0.008206245377753526, 0.1548405093175008, 0.005298350235652264]
('challenge', 717);[0.003493447969467897, 0.01666630814741784, 0.07951049034300291, 0.008380346024716063]
('challenge', 718);[0.006491983963955355, 0.004461870976509433, 0.01291085176104539, 0.008335872414447911]
('challenge', 719);[0.002861926442294264, 0.004573345432879638, 0.005872291775110256, 0.08629271828117964]
('challenge', 720);[0.004149820538698921, 0.0068418973917411755, 0.05055516365070284, 0.0038983956223854217]
('challenge', 721);[0.0059320658421658365, 0.010411099781688268, 0.011797321612344433, 0.008108172662613355]
('challenge', 722);[0.007122733349271521, 0.014165246697539647, 0.01507882661873546, 0.010363515871804809]
('challenge', 723);[0.0054076835154735535, 0.006522911435659391, 0.05130668491390915, 0.006522911435659391]
('challenge', 724);[0.0037702315574377155, 0.00904431533567243, 0.019146811150912747, 0.026170587933557067]
('challenge', 725);[0.0024770164837207734, 0.006946964525137768, 0.03755493540766234, 0.09008960671597137]
('challenge', 726);[0, 0.2861057460651092, 0.0024752997108167555, 0.006728562223903116]
('challenge', 727);[0.003665264523528753, 0.012793030216933314, 0.03701786917513174, 0.010605794559599441]
('challenge', 728);[0.004446992100816826, 0.010021451397653064, 0.08932022403808024, 0.00830807501508406]
('challenge', 729);[0.00413441268346286, 0.018529156553437218, 0.06467311108399752, 0.025326354195187084]
('challenge', 730);[0.004532535039772274, 0.006594799569324826, 0.05521756758380703, 0.008467890264974449]
('challenge', 731);[0.007433867136016089, 0.013046843136289154, 0.007433867136016089, 0.008966955409639118]
('challenge', 732);[0.005427950393814149, 0.007419128541074428, 0.004227292017175199, 0.008949177270586525]
('challenge', 733);[0, 0.45524625238908917, 0.0022441762922739417, 0.0032652572381482925]
('challenge', 734);[0.0025247670360558677, 0.19439624132745087, 0.004034566235802623, 0.00753756206003079]
('challenge', 735);[0.00409049909868708, 0.006744092871785092, 0.006335488940582164, 0.0874587270852741]
('challenge', 736);[0.0034516797204757446, 0.02114410171887116, 0.061182486976880744, 0.014532114421045914]
('challenge', 737);[0.003800388946680121, 0.036057086401517814, 0.03838256867913822, 0.013264660795660787]
('challenge', 738);[0.002807524789564343, 0.00864778516057114, 0.08733953616458409, 0.007631643618421059]
('challenge', 739);[0.007564765133186062, 0.008052650567291587, 0.007564765133186062, 0.011716537440329647]
('challenge', 740);[0.005004639062846063, 0.007281706869703903, 0.24113707151251051, 0.00603674702503879]
('challenge', 741);[0.001682218355757943, 0.36325793033349146, 0.003561256287085711, 0.001310112972761377]
('challenge', 742);[0.006471131382977427, 0.05089939101886309, 0.08391890863848263, 0.014582919684166753]
('challenge', 743);[0.0030035352163898356, 0.0057894656584463015, 0.15894210244752857, 0.0042356635589691745]
('challenge', 744);[0.0023426884730254572, 0.15918215731504448, 0.033366392804510744, 0.005446913892112427]
('challenge', 745);[0.0026656721942679273, 0.05699458460022928, 0.007246048286307057, 0.14554077040182112]
('challenge', 746);[0.0024210906489246565, 0.1806783032835834, 0.006182471558108734, 0.005125448943994289]
('challenge', 747);[0.00276867697226081, 0.004156276406129484, 0.12146417220666052, 0.00643736682731153]
('challenge', 748);[0.003629724745918396, 0.01348606348574559, 0.060440357736053774, 0.03235139222199895]
('challenge', 749);[0.0019975551328978345, 0.21022402773053467, 0.011141467955784209, 0.01186003090314318]
('challenge', 750);[0.0023617875602129864, 0.0431925822396973, 0.04894360774887467, 0.010920795035248336]
('challenge', 751);[0.004227100527170761, 0.013860129032979947, 0.10901835945987991, 0.03767573689044703]
('challenge', 752);[0.002520013692583486, 0.006850107428017669, 0.0106096539334125, 0.1464617198930921]
('challenge', 753);[0.002074359245942463, 0.0029253154144169265, 0.2633285017550089, 0.004823029747256147]
('challenge', 754);[0.0044161615054314875, 0.032631265105571294, 0.032631265105571294, 0.01277858702092401]
('challenge', 755);[0.006105160440582797, 0.006498909459804905, 0.006105160440582797, 0.004754703731902446]
('challenge', 756);[0.004345850561834314, 0.015168508902679987, 0.036387361252958994, 0.049735625939741644]
('challenge', 757);[0.003268523891659243, 0.1479446879311729, 0.002709701479653833, 0.004467542466752884]
('challenge', 758);[0.005404713801929558, 0.005077258746300911, 0.014691535315806917, 0.009485568127614072]
('challenge', 759);[0.003512072842276393, 0.025950903255111086, 0.01898608640672155, 0.01675516244613526]
('challenge', 760);[0.003190959376503876, 0.04991501478471422, 0.022149653543374268, 0.01836270774506495]
('challenge', 761);[0.0032306138829023444, 0.03935693411782261, 0.008249661554451166, 0.1138830649383667]
('challenge', 762);[0.0047074756150010345, 0.005678299485225882, 0.006434356277733865, 0.00996572595516095]
('challenge', 763);[0.0014115014377747263, 0.28633250743205735, 0.003386015926476828, 0.0014563073030995789]
('challenge', 764);[0.0028513547896349464, 0.02387410704792409, 0.021068825521766067, 0.13738600030523124]
('challenge', 765);[0.0029171847087733514, 0.020249275403445056, 0.027677477902706034, 0.011537689338129325]
('challenge', 766);[0.0023088827808099006, 0.16700337157543757, 0.013708468257602338, 0.013708468257602338]
('challenge', 767);[0.00219854322572364, 0.19790650703524384, 0.004654316045380629, 0.007208745710504518]
('challenge', 768);[0.0027141356678851594, 0.17874738432680234, 0.0073777856659847825, 0.001498888072664425]
('challenge', 769);[0.002556423029457878, 0.018889553177262503, 0.06593101890185912, 0.029256712288604818]
('challenge', 770);[0.0021381082758113548, 0.10301982596711999, 0.004818301378369342, 0.0030152159560392945]
('challenge', 771);[0.0013302024561401696, 0.43120386137104383, 0.008407138390090892, 0.010794979374487965]
('challenge', 772);[0.0041883511970043355, 0.00393459182611633, 0.005724797327026211, 0.005377949390968093]
('challenge', 773);[0.0046009274183763885, 0.01937062795546905, 0.018197020936267516, 0.015085860220304143]
('challenge', 774);[0.005846567515688274, 0.003546122452344861, 0.004277440170169281, 0.0037748277011653156]
('challenge', 775);[0.0026121260049424546, 0.007100494652880396, 0.015031747298106007, 0.01600121170668735]
('challenge', 776);[0.004515729890988638, 0.006172270947095881, 0.009559800254241298, 0.009559800254241298]
('challenge', 777);[0.0036146136274815372, 0.02509038565475484, 0.04136705251906367, 0.01429607422040374]
('challenge', 778);[0.0025836223556098183, 0.0190905305240523, 0.1410610178163531, 0.03350492450008072]
('challenge', 779);[0.00264000107147267, 0.008656230260581729, 0.12720237511494525, 0.01340703169954262]
('challenge', 780);[0.0030773758102890817, 0.03308490002687453, 0.07004073390652206, 0.006514804641505429]
('challenge', 781);[0.001888708475056316, 0.007240159589858635, 0.009296548934253981, 0.16478531201344931]
('challenge', 782);[0.0024012474844566575, 0.016155141974417843, 0.005943144601594147, 0.19680991953765253]
('challenge', 783);[0.009525836325766706, 0.02756392135708257, 0.008406521052016941, 0.01014019998533712]
('challenge', 784);[0.003659173492951999, 0.018582816326952165, 0.02703783821514234, 0.01978130501112891]
('challenge', 785);[0.0049133198005992034, 0.01421716224743266, 0.02068584407835839, 0.012546601646901967]
('challenge', 786);[0.005024590831684263, 0.003913155274329105, 0.010637058874147476, 0.008284149780762692]
('challenge', 787);[0.0040060294856386685, 0.024539905724933943, 0.019111697795077005, 0.021656390791972183]
('challenge', 788);[0.003753878503554307, 0.010204099722454707, 0.013947350656172098, 0.010204099722454707]
('challenge', 789);[0.005428822703624301, 0.074942585755187, 0.014757070105187843, 0.01780042435370363]
('challenge', 790);[0.002184684956212717, 0.0026352330796387304, 0.002254034301034937, 0.1682113987290347]
('challenge', 791);[0.006335473835617458, 0.007642040184936944, 0.005591036036338154, 0.01044543047274663]
('challenge', 792);[0.0029993689825361766, 0.004645513556935463, 0.0038512660076013014, 0.09330763407499611]
('challenge', 793);[0.004947970387836697, 0.00635331973900062, 0.007199254434087486, 0.004648188016748053]
('challenge', 794);[0.002812949210800724, 0.09915985409479405, 0.02078503456651025, 0.011842958531017094]
('challenge', 795);[0.0024116977100497638, 0.005105564092240099, 0.17997733809687472, 0.009538449475738679]
('challenge', 796);[0.0037399086401869006, 0.04556140355997326, 0.004372396178231213, 0.0038586260841617682]
('challenge', 797);[0.003234812868000541, 0.0050101761803708145, 0.18800549656124232, 0.003443440373622765]
('challenge', 798);[0.0028564593326210457, 0.0736690571479352, 0.03704312825332769, 0.050631953156415305]
('challenge', 799);[0.005116509248773952, 0.005446495744321851, 0.008979753384441163, 0.009558897720186511]
('challenge', 800);[0.006435451697006261, 0.010610266099417459, 0.010610266099417459, 0.012798423923523296]
('challenge', 801);[0.0010697379489855877, 0.4054161009386905, 0.003295024854392424, 0.0016568425469876127]
('challenge', 802);[0.0020993846679927927, 0.12988433018252502, 0.003461300157501444, 0.003461300157501444]
('challenge', 803);[0.003983350798976484, 0.008976619595167035, 0.20430689592521675, 0.0115262077161317]
('challenge', 804);[0.004476118715458105, 0.02006057232460425, 0.054530289218460155, 0.03107042222428842]
('challenge', 805);[0.0033191139853116793, 0.012332004506036918, 0.02303921756543942, 0.09699872900901418]
('challenge', 806);[0.006286152802224915, 0.01605225352753427, 0.009146298358215399, 0.009146298358215399]
('challenge', 807);[0.002666139997002625, 0.12067868214205563, 0.007247319905980089, 0.005644218417946273]
('challenge', 808);[0.004250463620524151, 0.007007829781495245, 0.0058096949441113505, 0.0025780365038410614]
('challenge', 809);[0.007715059290571816, 0.014413628330960705, 0.013540350736642883, 0.01970108937562834]
('challenge', 810);[0.0035929958678810542, 0.05798801539552892, 0.012938875161893982, 0.007372348838584732]
('challenge', 811);[0.003428287321665433, 0.015364517819486528, 0.021000805903515073, 0.06468703618486439]
('challenge', 812);[0.001349220572950383, 0.2823865714987149, 0.0045643543643036025, 0.0030405154967674246]
('challenge', 813);[0.005412461163121995, 0.002401765082053698, 0.0030839274102700672, 0.00255666562146856]
('challenge', 814);[0.0028216490163280833, 0.0236253723284618, 0.026771054107124295, 0.03895165388614519]
('challenge', 815);[0.0017117022866529642, 0.2621031493775365, 0.004800587780148092, 0.005110199091516432]
('challenge', 816);[0.004280453783118302, 0.012385903706045788, 0.10370587730312611, 0.026220952099899036]
('challenge', 817);[0.0023112202026311134, 0.3027100367516412, 0.004596410217428072, 0.0038105579093497765]
('challenge', 818);[0.0036347804326766387, 0.08272722133572398, 0.008719384978943026, 0.011195911930848153]
('challenge', 819);[0.004051776880524452, 0.08138211413829204, 0.023316366079244165, 0.0181588041608949]
('challenge', 820);[0.0024810793679628214, 0.00318576896928382, 0.18515509287243925, 0.008135146055787159]
('challenge', 821);[0.0024229073051385388, 0.00928795300720736, 0.11315043141760132, 0.008725224381768298]
('challenge', 822);[0.0034577831295755797, 0.05408882863130692, 0.022547578345291332, 0.04212442209347685]
('challenge', 823);[0.003140522089375624, 0.008536824127423992, 0.03171814950391089, 0.14215088396302616]
('challenge', 824);[0.0019295632859702297, 0.004628781694859954, 0.2095146573947623, 0.0055833764983061925]
('challenge', 825);[0.0027766082388780253, 0.07160967029754306, 0.006660736905269989, 0.006660736905269989]
('challenge', 826);[0.0031764281152360297, 0.011086823501897868, 0.1530488775197813, 0.019457981217902737]
('challenge', 827);[0.004267777077525092, 0.13276668496744784, 0.006610062445487096, 0.004543025050922116]
('challenge', 828);[0.0043364816128572655, 0.05282916105933529, 0.01825726952850588, 0.013357303728946187]
('challenge', 829);[0.0029109928949154844, 0.04277672832504983, 0.02761873160847469, 0.031296122997810955]
('challenge', 830);[0.0033022460903379277, 0.008432580804216447, 0.014799640210634096, 0.0585337125046783]
('challenge', 831);[0.0018899075626230089, 0.0038778385327097997, 0.004127937630647744, 0.09395140502640077]
('challenge', 832);[0.003582679664370603, 0.009148693022553197, 0.029997409562573255, 0.013311269802792344]
('challenge', 833);[0.0023447056720433505, 0.003746828995398716, 0.006177476662389856, 0.16959443003316543]
('challenge', 834);[0.003383877286023449, 0.1484535594106939, 0.00891532920828559, 0.009490318541648557]
('challenge', 835);[0, 0.6205227396336496, 0.0015381223207359502, 0.0016373226875612975]
('challenge', 836);[0.003977518187411404, 0.012251618537742514, 0.08504308868841526, 0.022889036805139127]
('challenge', 837);[0.0026801637537358443, 0.021750307487614463, 0.06699566359249808, 0.013192228349415431]
('challenge', 838);[0.0011199846832142442, 0.005178756707016144, 0.0036722883982842906, 0.34106216785538623]
('challenge', 839);[0.005530944097088793, 0.016004317406776873, 0.13400250901439353, 0.021875308254170854]
('challenge', 840);[0.0029209860646428817, 0.008452153429632875, 0.04863878474417636, 0.01229781067515162]
('challenge', 841);[0.005293938364906827, 0.006797551414918709, 0.008199412138669334, 0.010528253587949418]
('challenge', 842);[0.003281595052640546, 0.014707088680694601, 0.03997801191026785, 0.14853631614651316]
('challenge', 843);[0.004877232465832086, 0.1257854831489792, 0.003148977954610761, 0.004581735888780641]
('challenge', 844);[0.0015662685027219869, 0.004676014013705318, 0.004126567883537106, 0.39541905455436566]
('challenge', 845);[0.0018538987940024956, 0.29288824391002044, 0.003253693711947161, 0.004177825424257238]
('challenge', 846);[0.005255083028122259, 0.01045098052379271, 0.017230753889249807, 0.011842512413567239]
('challenge', 847);[0.004103932760860889, 0.02676100321557083, 0.023616502447797658, 0.014324132809767735]
('challenge', 848);[0.0017816192801908817, 0.004842943314575158, 0.2814690290314488, 0.01799371731194521]
('challenge', 849);[0.003654310396819173, 0.009331608505807191, 0.09424588482692652, 0.004692227429982085]
('challenge', 850);[0.0028364177059118107, 0.009300255610831028, 0.014404517675097194, 0.1133003078119476]
('challenge', 851);[0.0034433188707026076, 0.016948609486581816, 0.19396651786681504, 0.016948609486581816]
('challenge', 852);[0.003064893017575847, 0.06975666018419067, 0.016568655114036816, 0.011387459023862718]
('challenge', 853);[0.0020351039006895866, 0.016007332114705435, 0.01327054442747505, 0.32151582190396877]
('challenge', 854);[0.00440136999450645, 0.004685233970799446, 0.007724644905863869, 0.007724644905863869]
('challenge', 855);[0.004001165191222515, 0.0051375978018959765, 0.0855486839233254, 0.0037587468471090095]
('challenge', 856);[0.0036516818935226894, 0.011247972095317487, 0.01742119997941898, 0.11360049392488984]
('challenge', 857);[0.006152131401058007, 0.004228293953660451, 0.004228293953660451, 0.006152131401058007]
('challenge', 858);[0.0036233264775607224, 0.014330534210942221, 0.11998809389831995, 0.028499670344431696]
('challenge', 859);[0.0040474938860429535, 0.04930856982270251, 0.11111857740319153, 0.25040954983258934]
('challenge', 860);[0.003955745904408036, 0.01564527854831263, 0.007866940100242952, 0.016654312322905245]
('challenge', 861);[0.0029340703218061026, 0.020366484789476686, 0.021680010206032798, 0.1601948116377654]
('challenge', 862);[0.0037018212197221516, 0.013753934382542706, 0.07914842760338749, 0.010062593353774824]
('challenge', 863);[0.00190686677543808, 0.006060010079534396, 0.18852141023349012, 0.006450847150650741]
('challenge', 864);[0.0016634660500003356, 0.15939787061122884, 0.003990447609698842, 0.0033081972630137177]
('challenge', 865);[0.0037633343737588122, 0.02034439341276826, 0.029600917751192907, 0.02165649405793681]
('challenge', 866);[0.0054577111287724194, 0.003751026345543459, 0.00399294676008592, 0.0035237631479610202]
('challenge', 867);[0.003679964404440577, 0.05080034162318616, 0.02554401593984957, 0.05407668216901596]
('challenge', 868);[0.0024158688661983624, 0.10598621106561577, 0.004656709120586409, 0.006364966707027567]
('challenge', 869);[0.00420559213139569, 0.01884815628957583, 0.03990154717815032, 0.027423905582714885]
('challenge', 870);[0.0044453384253249125, 0.007329124017293796, 0.02257529666824767, 0.014575703552407665]
('challenge', 871);[0.0034241033211124725, 0.04440444750187587, 0.01851052766834027, 0.30822799498677234]
('challenge', 872);[0.0022550889336539768, 0.003957804334869045, 0.13951741198991977, 0.004774023310008528]
('challenge', 873);[0.004057733863639843, 0.03616618825014663, 0.07192505370503342, 0.012498700215208706]
('challenge', 874);[0.002949118040597471, 0.0070745664065819305, 0.04071132848123255, 0.0630549390493797]
('challenge', 875);[0.004397312908627919, 0.0036455004430030954, 0.004397312908627919, 0.0034246307366494204]
('challenge', 876);[0.003184734634882614, 0.022106445262089585, 0.004932613495615706, 0.025049884251543288]
('challenge', 877);[0.006960864709945772, 0.004494272042640404, 0.006539127237000395, 0.0074098019130141475]
('challenge', 878);[0.0035447277152650413, 0.006622423224241871, 0.1818098695343788, 0.006221190884332151]
('challenge', 879);[0.0057687731377335395, 0.0044927250370281665, 0.010777487093914283, 0.006958468660781382]
('challenge', 880);[0.002711489024427751, 0.007845953643750386, 0.006504524030562681, 0.24408040533852632]
('challenge', 881);[0.002077259426933834, 0.00388083152690711, 0.06462164662491321, 0.0041311236563863546]
('challenge', 882);[0.003800291090940049, 0.02186916528152434, 0.029891604848588195, 0.017031723046369136]
('challenge', 883);[0.004091997358519678, 0.004935890994397186, 0.015203614605364988, 0.04985073310738055]
('challenge', 884);[0.0032315028602719603, 0.008251931637690673, 0.1070126777237129, 0.006037242155133754]
('challenge', 885);[0.0025637829395946986, 0.012619381905424533, 0.08228872643479904, 0.014299633084791308]
('challenge', 886);[0.00412224514265522, 0.01966613168627003, 0.025251812933098874, 0.011928111825668886]
('challenge', 887);[0.00403970420980512, 0.01597734008768449, 0.029849601029336342, 0.014099953138922252]
('challenge', 888);[0.0035018687556304874, 0.003090388330101677, 0.13140665559629047, 0.0032897012532976514]
('challenge', 889);[0.0019475190147979413, 0.23224811523320446, 0.007013285384807885, 0.003526501356803487]
('challenge', 890);[0.0035514511684160807, 0.13326719013627703, 0.05218818150877289, 0.026241865659490157]
('challenge', 891);[0.006628877788772377, 0.011634042833605647, 0.011634042833605647, 0.010267006765193494]
('challenge', 892);[0.004593756787458841, 0.008062294242772619, 0.13424925197867132, 0.008062294242772619]
('challenge', 893);[0.003106255517953011, 0.13208134559202747, 0.013921271404487312, 0.019028121945031083]
('challenge', 894);[0.00372755280352724, 0.010786031673972499, 0.007413123930221141, 0.13987538701515426]
('challenge', 895);[0.0029599265417161714, 0.004045739900305006, 0.06736761757400543, 0.004306667706097573]
('challenge', 896);[0.002545769310611627, 0.15750113255315998, 0.004467964284135545, 0.0061069831033658825]
('challenge', 897);[0.001783824356316483, 0.11386454888990089, 0.00389623060541911, 0.00202133780990295]
('challenge', 898);[0.0036888101538376395, 0.08937168903084633, 0.017598329002892245, 0.017598329002892245]
('challenge', 899);[0.007661103868999934, 0.003852244947448518, 0.003852244947448518, 0.008155202617744604]
('challenge', 900);[0.004094282870943106, 0.1635455555718003, 0.017237574737807047, 0.030252885818289454]
('challenge', 901);[0.004263816703670727, 0.005474849019610957, 0.058860174001614605, 0.006603928498467537]
('challenge', 902);[0.004089814529786759, 0.07716913888920496, 0.009216539316124494, 0.003185150758414738]
('challenge', 903);[0.0043666559921915205, 0.049973719566682326, 0.023605913639359925, 0.03434640167948739]
('challenge', 904);[0.003634568988625576, 0.008450626083637426, 0.033422882486135064, 0.009575813874119923]
('challenge', 905);[0.003965504157115338, 0.007886346703039617, 0.013002387557417242, 0.01012626961151444]
('challenge', 906);[0.0037422990625264638, 0.020230677594621733, 0.019004962801955565, 0.011527092626084166]
('challenge', 907);[0.0035163375074377156, 0.006367264656589069, 0.05675082567024367, 0.007680387234846827]
('challenge', 908);[0.0025496166913454594, 0.00810266508783919, 0.0049145148011576255, 0.2683234804270074]
('challenge', 909);[0.0072207212284646155, 0.00562350334706856, 0.004662048020904777, 0.005282792503011508]
('challenge', 910);[0.0020985819676637837, 0.021867731474317764, 0.012459854839232846, 0.19490496904950025]
('challenge', 911);[0.001856049948122391, 0.17237986269706043, 0.0027862609778127128, 0.002309891481456533]
('challenge', 912);[0.0019730340528495236, 0.2928242168003579, 0.004176913122659815, 0.002613845441668092]
('challenge', 913);[0.0019585415850601434, 0.3293760106922519, 0.015405122854855792, 0.023859921031781806]
('challenge', 914);[0.0015035983522408054, 0.286535127247075, 0.02352023552577482, 0.015185805408453469]
('challenge', 915);[0.006636189808401486, 0.0033368857930731956, 0.005501594584936844, 0.008521036383951661]
('challenge', 916);[0.006147468800687603, 0.005775012494604225, 0.007893506188377789, 0.006543946474702372]
('challenge', 917);[0.005372326026015618, 0.011373214286323768, 0.015545340799647187, 0.039696418387974566]
('challenge', 918);[0.002779510616794719, 0.02637126248650224, 0.12581025699473372, 0.018124685975155545]
('challenge', 919);[0.003530517542157056, 0.020316725695782172, 0.07548579347894085, 0.0379566406494044]
('challenge', 920);[0.0018678609710822331, 0.00298483333292978, 0.15309272616955935, 0.004342906873479061]
('challenge', 921);[0.0030766597989165772, 0.005930416980414036, 0.007153448353455242, 0.0769068175739135]
('challenge', 922);[0.002860009719041496, 0.007303290668501878, 0.1769425146586648, 0.012041090671264803]
('challenge', 923);[0.0037351804638915353, 0.017819549379724492, 0.035438397093356694, 0.011505165798628175]
('challenge', 924);[0.0025063904496395247, 0.005648238068601624, 0.16506575153552544, 0.006012518126675341]
('challenge', 925);[0.0016809466359630387, 0.25739383579876524, 0.002370514709355868, 0.003140421757297241]
('challenge', 926);[0.0025701650213130183, 0.00616550537104622, 0.009549321525067869, 0.0751112319474554]
('challenge', 927);[0.005443385317143263, 0.012266858172387946, 0.0167668071690177, 0.012266858172387946]
('challenge', 928);[0.001867291032121324, 0.20275307388642208, 0.002183084390019932, 0]
('challenge', 929);[0.006458621817119869, 0.017556354322366078, 0.01064846716929344, 0.007790585005380287]
('challenge', 930);[0.003256447205565888, 0.019948157573301338, 0.015535640738918857, 0.032888951702379765]
('challenge', 931);[0.0036048111432545956, 0.13526954019327347, 0.004927192641366471, 0.006734673845692026]
('challenge', 932);[0.0011605336111478477, 0.25060544992894274, 0.0019741341732835388, 0.0013998707472362999]
('challenge', 933);[0.003055335421443532, 0.014127727854790589, 0.024794934563817952, 0.05249087688351278]
('challenge', 934);[0.0021007746055983966, 0.008572471978010431, 0.011007271903608833, 0.11833932537842633]
('challenge', 935);[0.001183275812470879, 0.3492496314505414, 0.002353224945111266, 0.0017763073809583918]
('challenge', 936);[0.004914713996172498, 0.006717617559986459, 0.011075478959578368, 0.016114726798971055]
('challenge', 937);[0.001832933767243141, 0.008214639231307158, 0.12071324230975995, 0.00930840573745777]
('challenge', 938);[0.002895123479544678, 0.0036030393847590954, 0.112087269831879, 0.004346095095751581]
('challenge', 939);[0.006674455828921643, 0.008570170926895038, 0.007104921246179098, 0.01100431729549157]
('challenge', 940);[0.0013538174623790547, 0.12972646436024113, 0.002692387514408041, 0.0018504490730033207]
('challenge', 941);[0.0027627107884731447, 0.008779876727958295, 0.13734036327175403, 0.012774645260585464]
('challenge', 942);[0.0032839649947048206, 0.02279523521190149, 0.10216115650496431, 0.04000688371515309]
('challenge', 943);[0.0022220800092316176, 0.0028532072097671285, 0.16582673196725886, 0.0032331073360267375]
('challenge', 944);[0.003338730446924045, 0.020452203535246932, 0.08089003413468908, 0.026261149166527938]
('challenge', 945);[0.004620917596376618, 0.0033807355335836835, 0.005573890584831166, 0.02070951588661393]
('challenge', 946);[0.004012590740730106, 0.038070400967465425, 0.008494654664785498, 0.04313941596391725]
('challenge', 947);[0.005508030837163591, 0.06303608989715788, 0.02468528748743155, 0.01321307909368065]
('challenge', 948);[0.0015983229831746182, 0.20289831537292102, 0.003955887375435393, 0.005755782168455026]
('challenge', 949);[0.0008710919522860575, 0.46556062420740757, 0.0033392367510843768, 0.0031369226237954947]
('challenge', 950);[0.0031732398867031684, 0.11907491987786345, 0.008625760321366662, 0.007612206766043184]
('challenge', 951);[0.004526472381930505, 0.015798941000416664, 0.031419953438348316, 0.021594597138288343]
('challenge', 952);[0.0023183439551039326, 0.007842856506624474, 0.010719913840436109, 0.13901794133145282]
('challenge', 953);[0.0024557428397044244, 0.0813230146422146, 0.002614124645392569, 0.001973244806877782]
('challenge', 954);[0.004277032261137183, 0.00799054823167674, 0.0914469601516411, 0.020404574863722758]
('challenge', 955);[0.004421178238522387, 0.009359634404399488, 0.01279310341944883, 0.06915884719083314]
('challenge', 956);[0.005507437295113352, 0.005507437295113352, 0.006643237462154989, 0.0027693133856778575]
('challenge', 957);[0.003307127910284771, 0.09664842150822257, 0.014821519009733225, 0.006178528349100798]
('challenge', 958);[0.0033146095808114996, 0.014855049530760731, 0.03144814010340257, 0.014855049530760731]
('challenge', 959);[0.00430484656651257, 0.0062635147955244315, 0.009113360252822127, 0.04347741015736318]
('challenge', 960);[0.0008396185105179874, 0.4629838520688151, 0.002014140101239054, 0.0018921095214404237]
('challenge', 961);[0.005975502126670701, 0.023633569368957698, 0.016243098846847347, 0.056693985667450195]
('challenge', 962);[0.005281628838517936, 0.004378624098552697, 0.0038641222045550207, 0.006370860471234535]
('challenge', 963);[0.004626016930471733, 0.009793277918659173, 0.13519203155290332, 0.009199933204551196]
('challenge', 964);[0.0017648775002347158, 0.3259783749286823, 0.0030974564757513885, 0.0028202662150953236]
('challenge', 965);[0.004419831315394916, 0.01201434714949224, 0.09450013782884825, 0.027074742791914134]
('challenge', 966);[0.004360858879522378, 0.023574574751829027, 0.017247531446340465, 0.12744294704031023]
('challenge', 967);[0.0042422408350472444, 0.008980823918269983, 0.010176606730253186, 0.01677838797971851]
('challenge', 968);[0.005645992311495591, 0.009909025099452379, 0.01272344008229363, 0.020977406300156095]
('challenge', 969);[0.0037396358010462465, 0.013052611481653938, 0.23136312956623792, 0.07056176783276678]
('challenge', 970);[0.0035746951827932876, 0.019324624188477572, 0.021897668005271133, 0.01815380006841336]
('challenge', 971);[0.002516057410237199, 0.005162614600253917, 0.13314561714639736, 0.0070564575112848455]
('challenge', 972);[0.006664406295950394, 0.03384464780485727, 0.013253754513276681, 0.013253754513276681]
('challenge', 973);[0.005978754109843451, 0.01960358001572123, 0.013473330370726158, 0.025171494998257934]
('challenge', 974);[0.004164213424933222, 0.012826680353969971, 0.008815639889762354, 0.0574852068566469]
('challenge', 975);[0.0026619669976447784, 0.004671897575891092, 0.1986541872832031, 0.0030164037854961247]
('challenge', 976);[0.0027234322667168474, 0.00633216973516309, 0.1271850290195097, 0.008130666882730292]
('challenge', 977);[0.0009003360104434627, 0.48119029675160796, 0.0018473695448036653, 0.0017354430822323476]
('challenge', 978);[0.002780433230148914, 0.10112493713722508, 0.01207765140808422, 0.006464700945845553]
('challenge', 979);[0.003147095574132427, 0.006662401382720022, 0.02804975752480226, 0.04081215638070958]
('challenge', 980);[0.0034323896890408358, 0.1287994728571263, 0.006024031508253629, 0.0038894070664591478]
('challenge', 981);[0.005805037203893735, 0.019033984209755234, 0.019033984209755234, 0.006179429937356906]
('challenge', 982);[0.00788599322366548, 0.0039653264165238605, 0.003725079434001864, 0.0047830966724391796]
('challenge', 983);[0.0036909127121133854, 0.005716597438135093, 0.0044520905613235975, 0.08400478612706487]
('challenge', 984);[0.0016300328339322774, 0.0044308886322697106, 0.009380191308123889, 0.3106293116574172]
('challenge', 985);[0.003332091919205374, 0.12900489001295898, 0.011272321663779667, 0.008778892938784366]
('challenge', 986);[0.005264709166612581, 0.004364597197873098, 0.005965697047993786, 0.00766010663788305]
('challenge', 987);[0.0026305301435165023, 0.007853312374717881, 0.07451015325172872, 0.008359807507038242]
('challenge', 988);[0.005458838101400029, 0.024464815055789502, 0.03343943744205302, 0.013939631429007357]
('challenge', 989);[0.0022900586361335336, 0.023862958963448543, 0.2410073192418296, 0.011272063663764485]
('challenge', 990);[0.0033280269057788876, 0.006828667829241701, 0.01743761418136506, 0.01445628990794712]
('challenge', 991);[0.0029470192579115055, 0.014059442561615959, 0.020456368221468953, 0.02976384013650593]
('challenge', 992);[0.0030733167067011177, 0.0047600460326371625, 0.17861936701548584, 0.0050670426259361995]
('challenge', 993);[0.006903438457231361, 0.04228868747113891, 0.010044443686616751, 0.010692254647316008]
('challenge', 994);[0.0016007423197812207, 0.39168875463084585, 0.003607328502991351, 0.0017580715032775927]
('challenge', 995);[0.004211425820911153, 0.017730764978621128, 0.048197216246063844, 0.011447842280886005]
('challenge', 996);[0.005646894276875082, 0.004983366708564939, 0.008746080949207811, 0.004983366708564939]
('challenge', 997);[0.004969404423779199, 0.006792370511458317, 0.00769676413771572, 0.010520229247695665]
('challenge', 998);[0.004211307340882878, 0.006522600406419746, 0.10861104781713987, 0.008375184704740746]
('challenge', 999);[0.006230625552172743, 0.004558423032083879, 0.008000281570853895, 0.0058531310332105005]
('challenge', 1000);[0.001163926942164725, 0.0027062112200063253, 0.21498093385637698, 0.007356244783315178]
('challenge', 1001);[0.00507714738034322, 0.002892871375947166, 0.0061242087509384814, 0.005404595253484684]
('challenge', 1002);[0.0043929202067455216, 0.03678147056460308, 0.026909898720704473, 0.022309089606749516]
('challenge', 1003);[0.007555565256783804, 0.014115654247101692, 0.0150260357300401, 0.01812485882645484]
('challenge', 1004);[0.005070242624130247, 0.005070242624130247, 0.009472460285731876, 0.010083381486481066]
('challenge', 1005);[0.005352590972007851, 0.009999956445241879, 0.02893583341184616, 0.057545776119729664]
('challenge', 1006);[0.0015560447095969644, 0.18556350324517304, 0.0020614243151747423, 0.002907074238288325]
('challenge', 1007);[0.0035867923247103585, 0.00915919506864139, 0.011760639264536568, 0.19583227217231286]
('challenge', 1008);[0.004307858946748418, 0.008567200501073886, 0.015035905136522327, 0.015035905136522327]
('challenge', 1009);[0.002843581511856697, 0.17051345936663498, 0.006210953043817699, 0.012351955040056444]
('challenge', 1010);[0.00224592874072923, 0.0057351799558867066, 0.18992305366302767, 0.01071472676773165]
('challenge', 1011);[0.001559874321021179, 0.24643675135839463, 0.0027376646913810036, 0.0018815675913107595]
('challenge', 1012);[0.0030395790503280713, 0.007291571087891984, 0.12141555924683871, 0.007761837019866685]
('challenge', 1013);[0.005062186068723353, 0.016598269109161602, 0.04511877330330709, 0.01880830296463336]
('challenge', 1014);[0.0026088447746922946, 0.22061249511367897, 0.004040657831476765, 0.002777100806836759]
('challenge', 1015);[0.004629322484350017, 0.007170034925909543, 0.026639911556534102, 0.017200019640645613]
('challenge', 1016);[0.006948061072613418, 0.007396172512019863, 0.005760144944092269, 0.005083310071599745]
('challenge', 1017);[0.0027102739343684845, 0.009168738536014019, 0.14342316756648577, 0.008613232750252872]
('challenge', 1018);[0.005641460434597051, 0.036786934297816626, 0.011219383749449157, 0.008208276498246977]
('challenge', 1019);[0.0032380459760801205, 0.012030800311314108, 0.0506515733041728, 0.00604946630479136]
('challenge', 1020);[0.0023597871716392214, 0.014455448950272207, 0.13714951373513715, 0.11370094043071145]
('challenge', 1021);[0.003387380519963568, 0.007171084617036324, 0.046761345684275604, 0.018312006080941176]
('challenge', 1022);[0.0034469132278269502, 0.015938365287176685, 0.02319018465589084, 0.05563036103355142]
('challenge', 1023);[0.004365656658320168, 0.07269472719064086, 0.026742895615003415, 0.010472665899587211]
('challenge', 1024);[0.0032134080651312334, 0.006194006162515728, 0.09689055828862654, 0.01907888214408306]
('challenge', 1025);[0.005016590071730406, 0.009976680645184775, 0.030730347146257386, 0.011305060239832875]
('challenge', 1026);[0.002474691923284247, 0.007864554667380784, 0.20282956234826421, 0.007864554667380784]
('challenge', 1027);[0.005962292954336014, 0.006756163037937092, 0.006756163037937092, 0.007191898117429686]
('challenge', 1028);[0.005522445148683369, 0.04623886711373158, 0.00709095993317336, 0.00625775017737696]
('challenge', 1029);[0.0024342467708291155, 0.00484107776335756, 0.008496356073287633, 0.1248530410825562]
('challenge', 1030);[0.0031951205326627204, 0.004648872943694593, 0.11263188121393229, 0.004948699488776052]
('challenge', 1031);[0.0031607736433937224, 0.010363777785715624, 0.17257239360281842, 0.013307354089762663]
('challenge', 1032);[0.0031444060547905993, 0.0035630788567999295, 0.12560282930524488, 0.00334720282191236]
('challenge', 1033);[0.0036116451151578725, 0.004936533573452785, 0.00813896790607692, 0.13552598309702443]
('challenge', 1034);[0.0030067249799217302, 0.015269409377599411, 0.017302507615470863, 0.01960631441315686]
('challenge', 1035);[0.002017809350489633, 0.006826161044298476, 0.005659086271112166, 0.15536269073907508]
('challenge', 1036);[0.0030135773470599996, 0.09979597586036884, 0.004667519902403997, 0.0025776493022872694]
('challenge', 1037);[0.0018057485024944692, 0.17303178533116526, 0.01609446121117811, 0.024927589164064463]
('challenge', 1038);[0.01409856819033742, 0.06318541403062597, 0.05576093217055265, 0.021836294786731752]
('challenge', 1039);[0.0016615983144192587, 0.002494354502123815, 0.21762643220758593, 0.007446767005024943]
('challenge', 1040);[0.002793721696967282, 0.007835186261169502, 0.009451038678070331, 0.18982920896026018]
('challenge', 1041);[0.004081238860541576, 0.00811651264427437, 0.07700734624131893, 0.01516364193611311]
('challenge', 1042);[0.002813067249323544, 0.01184345549176045, 0.0071834188726946765, 0.1740383079896061]
('challenge', 1043);[0.003963050528657887, 0.01890665665888243, 0.01890665665888243, 0.010772688237315746]
('challenge', 1044);[0.002186050060574684, 0.004347479665847513, 0.007167782199019079, 0.1532539043685077]
('challenge', 1045);[0.0032857459245401897, 0.015193135227018482, 0.12721053344972266, 0.036446428044489214]
('challenge', 1046);[0.005602217800458018, 0.012624792698877209, 0.012624792698877209, 0.053152362588491174]
('challenge', 1047);[0.0023812138022750893, 0.005536487966302933, 0.08135809675905245, 0.0031545957525288488]
('challenge', 1048);[0.003326177063319186, 0.012358247024432044, 0.027849746218427864, 0.014906891390686757]
('challenge', 1049);[0.001409805009951744, 0.002803732048095869, 0.19655679134138457, 0.004079406058869395]
('challenge', 1050);[0.003433420959229139, 0.021032253246149706, 0.036912754006023396, 0.011257753917507262]
('challenge', 1051);[0.0028982976129261345, 0.2608964367707608, 0.016678551199205756, 0.009503152014702778]
('challenge', 1052);[0.005598924999393914, 0.009231066739555448, 0.009826419394157725, 0.011134791935675688]
('challenge', 1053);[0.0014938648409848472, 0.007586471647431443, 0.0048981942399510935, 0.30304058303379544]
('challenge', 1054);[0.004537456785875793, 0.007027750548707478, 0.015837280337369017, 0.020335470484390827]
('challenge', 1055);[0.002880363626297856, 0.2288155697713818, 0.006490999631685805, 0.008334608506795342]
('challenge', 1056);[0.0033117390033273204, 0.0457171467563239, 0.01230460312378083, 0.011559104907215212]
('challenge', 1057);[0.0038034509290390288, 0.03841350276395557, 0.04352820123385451, 0.02480162145448167]
('challenge', 1058);[0.0023066907075368357, 0.2076417297956772, 0.004883264266175784, 0.00756334765169043]
('challenge', 1059);[0.00268561101294921, 0.166152869869829, 0.0036707950277331722, 0.0018457916562029549]
('challenge', 1060);[0.0035576139439978433, 0.029787536855426074, 0.008534272195729274, 0.01806705438013596]
('challenge', 1061);[0.0029813099509345543, 0.008104040664629527, 0.012551783722741308, 0.1118728305617828]
('challenge', 1062);[0.0031019867363292577, 0.14946205538500779, 0.012268595535664216, 0.005795274180155509]
('challenge', 1063);[0.005354505550041763, 0.019894406340407934, 0.042116458553142895, 0.00731874134202275]
('challenge', 1064);[0.0037177400776932843, 0.123114642937757, 0.014703947243153647, 0.012976187897850393]
('challenge', 1065);[0.004707866208881787, 0.0032356659713467517, 0.005011497492681292, 0.006434890156269668]
('challenge', 1066);[0.0026087278418648516, 0.16651954428060597, 0.005697985467398486, 0.007788222725097159]
('challenge', 1067);[0.0015919080042214372, 0.010061168383809348, 0.1898403655848275, 0.008341001553093988]
('challenge', 1068);[0.0025794530506191055, 0.23956562330073372, 0.011927270065863568, 0.003872217655731994]
('challenge', 1069);[0.002431875375508287, 0.09714092111014036, 0.010238577758234032, 0.007036864723301957]
('challenge', 1070);[0.001648443617363564, 0.0031774582367249536, 0.2227570198999826, 0.012567091110123125]
('challenge', 1071);[0.005520036198289646, 0.024739085897745188, 0.010977902820989203, 0.011685916723481746]
('challenge', 1072);[0.003959501316697678, 0.01145719695093915, 0.10211688486020662, 0.045314092970576036]
('challenge', 1073);[0.002444106271340294, 0.0034467422959692864, 0.004289540093621654, 0.11062872347887054]
('challenge', 1074);[0.0019983563531991697, 0.00676035240273044, 0.007196357673038591, 0.44522277766357815]
('challenge', 1075);[0.005338953493210991, 0.004426147906482876, 0.0064400072037629095, 0.006855351983796715]
('challenge', 1076);[0.0016489467592017864, 0.2371959605196378, 0.002635009418415297, 0.0081164004076605]
('challenge', 1077);[0.005845639231796898, 0.005158758515687757, 0.021719184597517253, 0.005845639231796898]
('challenge', 1078);[0.004752412125489159, 0.002882483661699258, 0.01658754819315735, 0.005058916374077256]
('challenge', 1079);[0.0012173131787702337, 0.006580732870333122, 0.007005153676088229, 0.4071354288807335]
('challenge', 1080);[0.004555695948167486, 0.13313691946794984, 0.006226898070407052, 0.010928546456884994]
('challenge', 1081);[0.0033476864662668917, 0.017000954680799894, 0.08633797190121, 0.017000954680799894]
('challenge', 1082);[0.002723889424145274, 0.09306617453621219, 0.060088038449586406, 0.00813203170270725]
('challenge', 1083);[0.006216665659587221, 0.010910588016623719, 0.02038366195526571, 0.075734491853634]
('challenge', 1084);[0.0046429004110611835, 0.004361601295492933, 0.00675538023702134, 0.0063460924389298415]
('challenge', 1085);[0.0039468641237866454, 0.007849276570324581, 0.10835592072200399, 0.00692696226084128]
('challenge', 1086);[0.004489859556181278, 0.031165802563847177, 0.027503724229158175, 0.015671149681910072]
('challenge', 1087);[0.006092908003689211, 0.00445766672123311, 0.003261298641889476, 0.0036955355110460013]
('challenge', 1088);[0.004621715305150718, 0.03208106287162947, 0.01717175554107593, 0.022048970563890057]
('challenge', 1089);[0.0033592556510686697, 0.009720328527368371, 0.011724954304021424, 0.02994071970701865]
('challenge', 1090);[0.002511273762543759, 0.22605766001445698, 0.006826349835008675, 0.004691677054877984]
('challenge', 1091);[0.0036228047386444415, 0.00597299523219631, 0.11997081627830287, 0.003856455570028372]
('challenge', 1092);[0, 0.0034886470873738734, 0.006122766317186498, 0.11552815256681608]
('challenge', 1093);[0.002725973579187732, 0.07483797195693406, 0.008396589748319444, 0.06604427844770712]
('challenge', 1094);[0.006362885001411061, 0.010490623844845231, 0.006773255826733631, 0.00561522630524724]
('challenge', 1095);[0.003922922566765994, 0.017581319191257706, 0.012083452187153386, 0.042175382187861814]
('challenge', 1096);[0.002619844904788498, 0.3028128988921766, 0.004894514652470517, 0.0029686732011360933]
('challenge', 1097);[0.0031334737076278082, 0.009354824503577186, 0.2412640750520218, 0.027069082241989555]
('challenge', 1098);[0.002401080319687694, 0.008122750020217074, 0.12706118845353773, 0.00920428162005751]
('challenge', 1099);[0.0023040721953703413, 0.010326135175261089, 0.010992113676102228, 0.16152791207734732]
('challenge', 1100);[0.007225574197989522, 0.008187648224971401, 0.008187648224971401, 0.012681277645393686]
('challenge', 1101);[0, 0.25032630882901985, 0.004046148902710359, 0.006670971760318552]
('challenge', 1102);[0.0025891203066655414, 0.030571498950445305, 0.0346420467436312, 0.016363744200182165]
('challenge', 1103);[0.006015761569212249, 0.012735367341960221, 0.010557990357208752, 0.006015761569212249]
('challenge', 1104);[0.0025865425348154682, 0.0335427939602205, 0.02780795289814846, 0.08046497972180175]
('challenge', 1105);[0.00291500440136152, 0.006992732040231501, 0.10938475924946525, 0.008434844913022526]
('challenge', 1106);[0.0029992931823331582, 0.004363945830217649, 0.06826361445994464, 0.0038511686782140356]
('challenge', 1107);[0.0024616740263474052, 0.22159283404879856, 0.003364709458013697, 0]
('challenge', 1108);[0.0017840472257969256, 0.011633449261548487, 0.21950713640563552, 0.008511213298306642]
('challenge', 1109);[0, 0.2568958914604979, 0.0034424077354477216, 0.0027660523232740848]
('challenge', 1110);[0.0014522873006910869, 0.0034838561253700143, 0.00476186673374647, 0.25998917635317087]
('challenge', 1111);[0.0022398764478675738, 0.00504763949432913, 0.2146310928451244, 0.004454526219109131]
('challenge', 1112);[0.002998756914866504, 0.007193643875686253, 0.223787674777821, 0.007657594045096411]
('challenge', 1113);[0.002923016129906384, 0.027732804885966807, 0.07538557957372378, 0.13230581249851509]
('challenge', 1114);[0.004508021319382482, 0.018979478668649827, 0.03331002242409253, 0.025941871548009317]
('challenge', 1115);[0.003430148154685779, 0.060800816345208474, 0.03687755924892596, 0.01197239345475824]
('challenge', 1116);[0.004756098276311514, 0.024153460029119764, 0.021315353662399023, 0.017671048850442028]
('challenge', 1117);[0.003932162949451538, 0.007820039794077494, 0.008861265995579935, 0.22853508936617473]
('challenge', 1118);[0.0018835137295918083, 0.15927611619404616, 0.013917388611059966, 0.006998102476534086]
