id;attn_entropy;internal_confidence;internal_confidence_examples;max_prob;mink_entropy;pd_entropy;ppl
('easy', 0);-1.5276037574324928;0.4519258462723441;0.26288776526926605;-9.767557924468395;-7337.423485681384;-208.95916678347962;-7.049025703518064
('easy', 1);-1.2409333745255569;0.5129864296485562;0.3910801485139947;-8.905357538192465;-2356.714377122868;-147.7869695995307;-4.5886093585822385
('easy', 2);-1.727070927289029;0.44323493773085226;0.17078104868080823;-8.746447926403173;-2550.3652530269105;-179.3191398102519;-6.603302434409099
('easy', 3);-1.6999950530678627;0.5115704149326222;0.43703678436505555;-9.635197873163458;-3371.9724338249835;-154.88194587012472;-7.2838966468083735
('easy', 4);-1.2346551329607311;0.5659665167261873;0.26708164222434233;-9.15510402736448;-2488.92207405099;-136.479473502999;-4.634263238883466
('easy', 5);-1.3407477692760246;0.49763558213548253;0.298199852605899;-11.269556318416836;-4833.664823491619;-193.87981867578807;-4.964499819034343
('easy', 6);-1.136611804324413;0.5667151846458675;0.433175131420225;-8.108784929217638;-1558.7057733148733;-137.5885748607198;-4.535622596375861
('easy', 7);-1.3681276439644865;0.35100884398018406;0.19333393153588765;-8.963239877809933;-2414.993405287758;-143.79076268025423;-5.654314191340973
('easy', 8);-1.5671712027720448;0.5607522536705282;0.3056336376159481;-9.197737211766755;-3655.2815125557804;-139.33609127446462;-6.25492793101547
('easy', 9);-1.4739347363214566;0.41186616618106864;0.21814329929175322;-8.108784929217638;-1610.168284052246;-165.9267784691284;-5.255461306050762
('easy', 10);-1.497648644698557;0.36767586013474873;0.2975820111596527;-8.108784929217638;-2324.6418906058307;-170.81707511740345;-6.402620362632265
('easy', 11);-1.6964838004155984;0.3412958705181951;0.2475678619370848;-8.746447926403173;-2856.7193303940076;-156.86219262871887;-7.104848283651853
('easy', 12);-1.4671954256627608;0.5948010466386199;0.358059678069027;-8.62384560431084;-3985.1562480816406;-173.87453185173626;-4.85824646089168
('easy', 13);-1.730395606584653;0.3747327916093331;0.1481377949192491;-8.12879359992631;-1579.231647952795;-156.58592659489852;-6.1765915383726995
('easy', 14);-1.411484043167984;0.5503886419396622;0.32988253278936663;-10.49996744235695;-3241.9999787465395;-184.47663077539906;-5.349805899467269
('easy', 15);-1.0511320150640693;0.11617340809598593;0.10510884681985361;-10.98655809527748;-4423.434062127855;-206.87342623404643;-3.614408119843099
('easy', 16);-1.3927201528719035;0.4250935559587445;0.09067417558797569;-10.332913357693782;-3452.772544647718;-144.19600801726827;-5.454405461662902
('easy', 17);-1.4623626703653598;0.4563164137443232;0.21191486891612502;-12.401425828841427;-4764.125883513851;-170.06722384584745;-6.225662275307538
('easy', 18);-1.5075479009417234;0.3809377805887954;0.07060779587308853;-10.329257046490673;-4899.127765937035;-180.58188311766895;-6.196963570739102
('easy', 19);-1.5653421451609069;0.4560034397150839;0.4879054986894894;-8.108784929217638;-1680.9812824174905;-144.13938503824096;-6.346737071446003
('easy', 20);-1.15276086283376;0.5289930938449107;0.3213551522138178;-9.266561931243894;-2610.0108128304364;-155.27215681979314;-5.5084729190806065
('easy', 21);-0.9595640038053551;0.3640758274669246;0.1488719137974815;-12.113743756389647;-4497.75174886222;-159.16279364116002;-3.57263117856148
('easy', 22);-1.567108084711558;0.5532779348300403;0.31614740499623817;-11.033413512558987;-4265.574673054263;-181.5408102717272;-5.543627963620687
('easy', 23);-1.199288839297034;0.5343577254774999;0.4188342014753633;-12.401425828841427;-4742.109571869248;-159.03171419222298;-4.614258106307126
('easy', 24);-1.62691847999436;0.4996897361924724;0.26208260287407376;-8.12879359992631;-1588.013829893435;-151.4885122744008;-6.489779446818881
('easy', 25);-1.7080415362620147;0.5725831376676687;0.42476989289224276;-9.715848483591277;-4523.199418949334;-193.24353903614767;-5.887765211803435
('easy', 26);-1.8485898684950304;0.48905914750000706;0.3936331340439378;-11.645099746659952;-6369.714418506659;-192.66523771882206;-6.866485320812134
('easy', 27);-1.511059838705573;0.24723510209291039;0.26762013595217554;-8.108784929217638;-1997.4409315811956;-179.55604895069536;-5.814491995382725
('easy', 28);-1.2027791901188483;0.2345253420992612;0.0803759349346446;-8.108784929217638;-1558.7057733148733;-199.55882334925516;-5.349295671715193
('easy', 29);-1.6700008851363557;0.4134930487994324;0.0966209739751027;-9.49904912484844;-3289.403294688985;-192.6812685440412;-6.265508187737175
('easy', 30);-1.580793675530924;0.34901373181681256;0.2759598176899425;-8.87933698949057;-2344.9112630816257;-147.56797448416881;-6.97047850705883
('easy', 31);-0.7707638024036708;0.07105931435444451;0.05310886855189575;-8.108784929217638;-1858.2218340321965;-157.9422206278701;-3.1408983104298733
('easy', 32);-1.1767896881876074;0.22418985649006745;0.08160960183136542;-8.747197832700033;-2869.725204618491;-140.85009623412046;-4.701131645253173
('easy', 33);-1.927610190977902;0.5985717102120964;0.415528904599967;-10.053507194545862;-6222.912056533632;-151.85708270752792;-6.519376867216228
('easy', 34);-1.7176295384803972;0.1425402114238219;0.11197764095694218;-8.12879359992631;-2064.935024881298;-152.4311842141435;-6.0092986801190165
('easy', 35);-1.4949701748649846;0.29343334937123045;0.07607958507511993;-8.905357538192465;-3285.2146410102137;-192.74738709068447;-5.121525956224434
('easy', 36);-1.3608241473182858;0.548123459679612;0.5401472256407234;-10.79489067606529;-7210.934929726392;-228.3463714951691;-4.166868614079862
('easy', 37);-1.5967912591839908;0.526290459871049;0.2842166982727871;-9.458513567528788;-2713.215406654277;-174.26624113923282;-5.919351804395039
('easy', 38);-1.3454953740446425;0.11420064277573104;0.08473797609157258;-8.108784929217638;-1646.9359179323296;-158.7135858311981;-5.613349903537033
('easy', 39);-0.9573602993714188;0.24186867425503272;0.09948676055635824;-8.747197832700033;-2283.3336329532967;-156.96730955587736;-3.5828443218040755
('easy', 40);-1.893271878393297;0.2788505598661512;0.054716079591927695;-10.169387609201069;-4296.451465469939;-186.1436361967656;-8.934544175762339
('easy', 41);-1.3920904213240304;0.3806120633082052;0.28885751450619884;-10.969105645326255;-3560.916862503066;-174.92907764802723;-5.051643732579033
('easy', 42);-1.5998462360891141;0.5447663727365779;0.3285068917560985;-8.747197832700033;-3190.422598576613;-145.25244633776265;-5.754772289370791
('easy', 43);-1.2527110178321466;0.48201820115839294;0.3650205475144605;-8.71763174711077;-2306.8883481462804;-169.72340341704995;-4.319470339223654
('easy', 44);-1.5714598316081454;0.5841336871504743;0.3173774110846829;-9.068703854230357;-2497.5169325064176;-146.37195861692132;-5.832919073089775
('easy', 45);-1.3180517324103238;0.488102012572865;0.18668780301250293;-9.812246211083;-6249.76821176842;-189.80986360028083;-5.445180606117955
('easy', 46);-1.3336357193794635;0.49625655195228263;0.36966453415469136;-9.309724830842914;-2588.279959978851;-134.3090002899201;-5.249515601933719
('easy', 47);-1.5584563601793773;0.4994325833014971;0.36391386945791027;-8.108784929217638;-2127.8560074864513;-143.41158658133412;-6.287792683336511
('easy', 48);-1.7080112702136507;0.5208982429126029;0.42308145075068665;-9.243500765924097;-2598.3378680780984;-149.6152758351348;-6.808314337503559
('easy', 49);-1.3087665945100502;0.5526124716795143;0.37293642737425975;-8.108784929217638;-1556.1551430282086;-129.21815409008076;-5.871509171531606
('easy', 50);-1.703450061762235;0.23228090276957963;0.12314905498323936;-9.195973024305369;-2769.5143897986463;-152.95397019984216;-6.766098494322823
('easy', 51);-2.078274318508195;0.5165745312771381;0.4306103209970537;-10.067454422026712;-4246.683734400218;-209.5092860048804;-9.073525660634584
('easy', 52);-1.260308769375934;0.5028630325758175;0.4071985903107385;-8.839885797104094;-2326.0559028504367;-154.85170941835713;-4.9352798350747875
('easy', 53);-1.9637629188618546;0.45982186722926205;0.22420570046355343;-8.108784929217638;-2464.8630123014477;-148.0509879102396;-7.816709773758747
('easy', 54);-1.5028519720017826;0.4900671023417501;0.22013252464892155;-8.360665512753434;-2123.2798916631077;-152.12182085836815;-5.524727595623869
('easy', 55);-1.4852277101574698;0.4548838147458361;0.10828862999354935;-12.124672826921838;-4480.217673917157;-129.9446411147148;-5.930233432546684
('easy', 56);-1.5559264576242775;0.3463614213738912;0.2693550426485632;-8.411368820800826;-2135.3998799454366;-137.11148414177248;-6.0744926755969395
('easy', 57);-1.0394023745176986;0.172545313290193;0.18005281671508971;-10.128254621053676;-4622.824922378145;-202.09439456340795;-3.2603630841999878
('easy', 58);-1.4894624072352867;0.41783981754973404;0.07617695963480006;-8.899225236890402;-2790.2189264612066;-152.07257105009788;-6.112817221280615
('easy', 59);-1.331373496067533;0.2841610469370526;0.1220483492668599;-9.900940673465739;-5059.069762996352;-213.21651594060373;-5.581670094932991
('easy', 60);-1.4326529139012325;0.2683233365386446;0.10335144243344134;-11.040820953836848;-5365.891087229258;-202.8670048048161;-5.500091597875669
('easy', 61);-1.965421716492407;0.4443694991128265;0.15279202351855437;-9.673288869172481;-7471.403649219508;-254.66369734214283;-7.200404382628257
('easy', 62);-1.3784886310624658;0.46761054531759966;0.4677126428356647;-8.413515896236492;-2722.7485997047747;-184.3035930858519;-4.645334003531393
('easy', 63);-1.2817850963640964;0.493224187983516;0.21927999948639953;-9.269719496229216;-3590.681842214722;-155.46059344034168;-5.418337635743063
('easy', 64);-1.2757173904289156;0.5415709720722173;0.25500190762570796;-9.15397663152917;-2476.86154968809;-152.1619790785247;-5.323386495837712
('easy', 65);-1.023632236086126;0.40666706431547567;0.29851946630026044;-8.108784929217638;-1710.1473174286543;-172.53115092983194;-3.1348784566002106
('easy', 66);-1.3755078514060648;0.5368728252217375;0.4439683164454319;-10.459665063332926;-3776.713900831621;-189.58070273031453;-5.054848524702938
('easy', 67);-0.9877135766862342;0.4666264021932351;0.11008324734050262;-8.108784929217638;-1600.2722324404945;-160.2964643804287;-3.605180053721286
('easy', 68);-1.1982372547869384;0.2540917581403679;0.08092472596870302;-11.232854951566408;-8442.192734823042;-231.60052757179741;-4.03571667686678
('easy', 69);-1.3488063472991318;0.5886920644119353;0.30558698466155787;-9.270352207417675;-2613.0082830143942;-168.46439953204654;-4.900252762834877
('easy', 70);-1.377678766535092;0.5615228947649589;0.38373507985538224;-8.746447926403173;-2298.476068898008;-133.60589575928603;-5.426063246551521
('easy', 71);-1.3686235713648094;0.4962011708860906;0.2981879287202698;-8.108784929217638;-1750.879870841361;-178.94902043855646;-5.40972525020348
('easy', 72);-1.3147607928567948;0.30429765316750834;0.2301759319385167;-12.430839714047721;-4855.553844254959;-177.26399860042696;-5.084899251980297
('easy', 73);-1.9290383392975379;0.5527377965798381;0.4346751870806693;-9.09970187064032;-2459.8217415392946;-156.2227847969076;-7.410191002895615
('easy', 74);-1.4439752758076556;0.5496789104994386;0.3999155513668359;-13.339695467434359;-21608.11642207874;-204.50715113173447;-5.829858226662872
('easy', 75);-1.4633482382173373;0.31872512523030516;0.35758463479208574;-9.276701435096333;-3598.056995094601;-246.99237860221567;-4.920938265972999
('easy', 76);-1.4780668017876024;0.3704876025833392;0.32259012531269415;-8.996371161779514;-3069.95668541768;-222.44974868274386;-3.9477531599479283
('easy', 77);-1.7983956807958366;0.5704702759894035;0.3693543827507314;-8.33649515182562;-2696.5578670790273;-184.64239302336313;-6.456418013940773
('easy', 78);-0.8499911615556873;0.5331084470560268;0.4982043539972797;-15.026094421004586;-8015.809767706307;-133.9549291439203;-2.998137379934154
('easy', 79);-1.5396769118191589;0.5228828083954528;0.4114504285672726;-9.877437829010956;-2875.7585274604835;-165.8117495408357;-5.94720902495809
('easy', 80);-1.114042100593577;0.330072222411959;0.19344713261194854;-9.270985319183046;-3055.6964030083045;-186.61130581542304;-3.386109889824319
('easy', 81);-1.8238015019489593;0.3026049146531501;0.23154944470431174;-9.839826558265173;-4009.3556974356934;-177.65858270173646;-8.08573156334995
('easy', 82);-1.001064020944065;0.08019801449403784;0.04628876831930741;-10.97257185330274;-6503.079869805568;-143.75767326927138;-3.881433191967359
('easy', 83);-1.4890484311982894;0.5530380287558031;0.34692877819085943;-8.586744049904489;-3668.2315054290157;-206.44859320212504;-5.431425288777364
('easy', 84);-1.626845257519908;0.4780792153752817;0.23048097239582588;-12.228813086174434;-13069.346170808465;-232.08881829989565;-5.961359757617495
('easy', 85);-0.9839660660954156;0.3685113501258591;0.1991306339541753;-10.656646568537566;-5095.105738024792;-155.09692442264486;-3.8077651868827593
('easy', 86);-1.5636059945414087;0.22213010986346562;0.10379441921179082;-8.567756137659797;-2217.7828194511508;-141.76815307631696;-6.016667792588098
('easy', 87);-1.3187757346877895;0.3217743225998425;0.19026253637715523;-10.311173371057377;-3229.544266244313;-176.77083020662826;-5.472412280920803
('easy', 88);-1.9012297796099062;0.49276264332488295;0.37188986226422227;-9.271618832032868;-2916.1836813826944;-209.5868562258716;-6.840187850171888
('easy', 89);-1.7858712053680033;0.5594275238557574;0.41292396586075053;-8.12879359992631;-2394.0153425884446;-155.26798806798598;-6.799769683806984
('easy', 90);-0.9175272093693089;0.3404870557719918;0.24200870611428674;-8.108784929217638;-2155.3015788253942;-185.79478327415185;-3.002296259819171
('easy', 91);-1.3749749142016374;0.3775735521590096;0.27444421793456014;-8.12879359992631;-1938.3749950714541;-150.16889738626776;-6.105950722447884
('easy', 92);-1.979512803388367;0.5544518841269241;0.42077024393810647;-10.708606307468276;-7274.561082149785;-185.57442032680822;-6.396456743771064
('easy', 93);-2.012907650409313;0.3173775167684205;0.08932744907938996;-9.686635111125375;-6159.077252832934;-213.79580237873643;-6.029133976881479
('easy', 94);-1.5545713939785342;0.4104259727269709;0.195316083520976;-9.15397663152917;-4718.441881660432;-191.33620328519532;-4.737828405828635
('easy', 95);-1.5401101985688628;0.42058335087544724;0.14661310925796872;-8.719089473316428;-2285.9338637828014;-146.2289241165572;-5.586429111781158
('easy', 96);-1.0370698545920962;0.5695612800373623;0.3385456141737323;-9.659184262990939;-4311.713459852027;-146.20699327054646;-3.824197197009212
('easy', 97);-1.4925452677918525;0.4704791503702869;0.22060085029646717;-11.693889910829384;-6986.4030410177775;-193.2070863293361;-6.084068929770814
('easy', 98);-1.6029956117501234;0.42912150927706066;0.11396982381537799;-9.71881731308508;-4722.398279793004;-152.85733294586717;-6.60038227119374
('easy', 99);-1.2474135908427115;0.3559272082607825;0.31406487369221014;-10.39720770839918;-3282.610338628539;-200.98754628080792;-4.481272569564511
('easy', 100);-1.6795089729443655;0.5481018542902473;0.32751227838549896;-11.935051967646272;-5031.9417746822955;-167.02887978481021;-6.39730265937169
('easy', 101);-1.5811325837793702;0.550575347588048;0.3453177434582961;-10.18981251405311;-3957.31161635936;-159.06248296057635;-6.357045690474053
('easy', 102);-1.796590988781725;0.5442343505380857;0.293309590348845;-8.746447926403173;-3079.255924016933;-164.27067133058628;-7.068181477955277
('easy', 103);-1.3276373522551534;0.17393034427055304;0.08257628582010335;-9.477796849188781;-4522.134408199227;-216.0949415834462;-4.630145245759346
('easy', 104);-1.48767910599648;0.4709691814620458;0.22391622594925026;-8.746447926403173;-2415.385137411983;-149.79556986611667;-5.594523424863978
('easy', 105);-1.3161586652808142;0.5510095583780275;0.2422508164499897;-10.528509445696432;-3282.6749660378464;-133.281404103064;-4.627284347970532
('easy', 106);-1.418713788068442;0.39093392445325614;0.207207338286419;-8.68608791318806;-3072.521506643867;-142.07069711576253;-5.426627328362154
('easy', 107);-1.943848360700968;0.09764739005085707;0.05952713851460064;-10.879790119851775;-4220.180950861573;-172.17130859378338;-7.235363195015808
('easy', 108);-1.3385730884470095;0.21918881824957204;0.16507105049473061;-9.266561931243894;-3635.6929809887815;-152.12360321798755;-5.420902193570984
('easy', 109);-1.1652474958095471;0.16233849199281988;0.05949419098997223;-8.797977972557604;-2306.6413899746444;-173.7189912512542;-4.470845366588355
('easy', 110);-1.3216479026474997;0.5550674505868229;0.48019936830019916;-12.646548286874413;-5243.488053945667;-165.15183517019653;-5.214891858965983
('easy', 111);-1.134473028643052;0.20894527461411327;0.20537117655197948;-9.155668202273661;-2477.699648757604;-174.76691901126694;-4.0935421114972215
('easy', 112);-1.804202079699367;0.51425378285291;0.43940490890633394;-9.928669996835941;-5222.117197548528;-223.25728415481592;-5.569825496464009
('easy', 113);-1.6094459981609903;0.5393934725897502;0.5099130750831178;-8.108784929217638;-1936.8980287307425;-156.88116966856188;-5.946129861104151
('easy', 114);-1.3309701164732928;0.3586321706412168;0.2672538690997067;-8.369882167858357;-2672.4745871604664;-178.11267450023504;-5.367210158700535
('easy', 115);-1.764342504075827;0.42376536074685406;0.32336734927052657;-8.659623973273149;-2254.106590402729;-179.26171709531928;-6.8726196103998785
('easy', 116);-1.8969202635910782;0.4808447828967585;0.32472072873847674;-9.12839125371108;-2464.219634380794;-183.7382901074323;-6.779751992136876
('easy', 117);-1.4751761389470845;0.5477995359805238;0.33887857090826284;-8.997334089152908;-2413.425003079566;-128.86309192088737;-5.574343535567187
('easy', 118);-1.951535211589146;0.37922104997971007;0.16025372507083474;-11.541782132631925;-32451.150896898234;-260.49412168883447;-8.609308321563285
('easy', 119);-1.063570529351246;0.4344639897481758;0.20968379205325183;-9.342514653665905;-2745.0325665749465;-145.85092138102533;-4.429446833472181
('easy', 120);-1.6950606807969348;0.5034814172343944;0.20216703947920345;-8.108784929217638;-2185.5236737885384;-146.07812925960923;-7.012599012145139
('easy', 121);-1.5416010681652015;0.4212955658147445;0.1976094280452364;-12.081655441838146;-5932.383843568888;-151.49506142004526;-6.643827763173337
('easy', 122);-1.454140320458388;0.41559996542911437;0.1631986236029439;-8.108784929217638;-2037.2889619817302;-213.0572638482775;-5.352781063365322
('easy', 123);-1.4110895342355743;0.14974612902519446;0.06779623186137713;-8.713996701305138;-2268.2220087878986;-135.21254826311613;-5.789275303618154
('easy', 124);-1.5228564333875252;0.5489681443671984;0.36414450679657584;-9.625220466131458;-2734.2932760832027;-158.54704608810903;-5.9383272391003015
('easy', 125);-1.594616452164266;0.23027553408437051;0.34049102521483143;-10.962209066267194;-11556.55477342771;-271.6512662171766;-5.4047324286234915
('easy', 126);-1.7802495816773642;0.37921400802812943;0.20898203659800285;-9.616235679723642;-3827.390468349763;-158.11669658813364;-7.217139673840061
('easy', 127);-1.5704784638093932;0.5157035841296632;0.17623935326029477;-8.999262730059314;-2749.223656645109;-203.22049183741652;-4.717605985239911
('easy', 128);-1.8155447135933112;0.5180234502532047;0.4995230850432344;-11.493868776936027;-7552.905800100562;-230.05398817212495;-7.523394558055523
('easy', 129);-1.439947046860569;0.33921928429413384;0.29637305921590895;-8.108784929217638;-2266.251190767571;-221.48374820405112;-4.558583658166043
('easy', 130);-1.4599752510920392;0.2539920788069886;0.08589521164458161;-14.332947240444641;-7009.252091728091;-123.42448923010824;-5.5523930615366215
('easy', 131);-1.1901602885518474;0.5105590435976473;0.4320548722935661;-8.108784929217638;-1952.97700376413;-153.58519795766387;-4.575177630594917
('easy', 132);-1.3718478270622005;0.5662657389516825;0.45189569805621377;-10.646570916548823;-3439.6033559481975;-165.70471146628918;-5.158473526794123
('easy', 133);-1.6043105576640533;0.5328445491506395;0.358415228602779;-13.691093354272247;-8792.40756307878;-161.45937724672643;-4.339731676131137
('easy', 134);-1.2369511402196158;0.4994567219015572;0.25595145270684877;-8.108784929217638;-1569.175422987741;-160.53927714222002;-4.613309505856474
('easy', 135);-1.690115142093211;0.31084623535889405;0.1750487604555349;-11.378036961410906;-6823.800402513217;-192.50054946209053;-6.855186332445829
('easy', 136);-1.3758237672603848;0.49237120279864866;0.23034976748920022;-8.108784929217638;-1557.2822953473258;-181.58496354958245;-4.9875588422178385
('easy', 137);-1.1288825670662095;0.34306965540933376;0.37879187241456574;-10.197780683702286;-4405.880534894938;-185.58626968928417;-4.262657243703078
('easy', 138);-1.4805032482210456;0.5097920962590543;0.34105937620443527;-10.332913357693782;-7086.746098088896;-213.80120980702696;-5.852987105014879
('easy', 139);-1.5040917895841117;0.46658103203076845;0.2066203458136018;-8.108784929217638;-1628.6507519306406;-138.1510136006889;-6.0144746630649175
('easy', 140);-1.5001543030850064;0.5458895147495569;0.46188457565083363;-9.150040725407933;-3016.2831079666876;-145.145787417197;-7.109483234663895
('easy', 141);-1.2631300430457761;0.5669048913993789;0.40184132742878775;-10.557890090089654;-4770.8031776498365;-197.56319413717245;-5.04991011312321
('easy', 142);-1.3167931520896898;0.28426683948561227;0.11613617348341834;-8.199115452049737;-2078.6664673826044;-169.83408631601543;-4.890206108380206
('easy', 143);-0.9564422400239517;0.5469579866123893;0.2278286719583703;-8.108784929217638;-2436.846918253239;-170.01926315997292;-4.173409400795126
('easy', 144);-1.457078955686011;0.40076836686884665;0.1519659013104383;-8.96697122542279;-2402.1183272093476;-150.46578575144318;-5.871943766536579
('easy', 145);-1.2799482979202406;0.557287719506384;0.38530192243899625;-8.108784929217638;-1730.7739497778807;-181.45697623575217;-5.724634002208461
('easy', 146);-1.193155180474422;0.5591286809118012;0.4154087235655779;-8.108784929217638;-1558.7057733148733;-140.3148380277204;-4.248409688359857
('easy', 147);-1.275478748523434;0.251065530339214;0.2536776257555475;-10.965651410458168;-9746.858161916867;-215.0856239232201;-3.653539886970844
('easy', 148);-1.1735394026055397;0.4631380524049256;0.28468961374819585;-8.812286642753165;-3068.906259580124;-169.5260529093434;-4.876148345037302
('easy', 149);-1.6660474350829426;0.3541593067808488;0.3259033725631353;-9.513472451809545;-3531.436148463378;-193.14500040724343;-6.643098095792982
('easy', 150);-0.9699857533022955;0.336607244260254;0.3394957034078539;-9.315667403629718;-3925.009092315212;-191.53555280544714;-3.387091789229642
('easy', 151);-1.0964946503120543;0.38224190566775224;0.324435844002708;-9.706994515274022;-4671.999375775786;-191.78960563260688;-4.695902725617348
('easy', 152);-1.3574140251291718;0.4457987251145224;0.2748389215203893;-10.329257046490673;-5958.563552535371;-156.34739572680806;-5.573946047761459
('easy', 153);-1.3081682509631434;0.2260847639423747;0.28654720932835065;-8.113550625290653;-1726.2291055464138;-240.03393446492578;-4.482639694397157
('easy', 154);-1.4584574387926839;0.5384935828454895;0.3988002373685863;-9.803578767872832;-3505.7751769589454;-162.08601554443263;-5.140922202727234
('easy', 155);-1.1724064788642803;0.5206751742712113;0.3971837145793736;-9.449388028916362;-2627.609596100805;-146.228881194673;-4.738053492091773
('easy', 156);-1.0557339248636521;0.31008516398251906;0.1262279728293069;-11.493868776936027;-3954.960776300146;-142.77455390767602;-4.054188436232295
('easy', 157);-1.8459673277608941;0.5514093359534091;0.39481566226202747;-8.610670183152276;-2236.8995462688085;-171.70649361298717;-7.196809894438637
('easy', 158);-1.3675337474891547;0.3757485270993725;0.0803993147567357;-10.537458051272447;-3288.555299247561;-141.14843413452348;-5.969654420272329
('easy', 159);-1.3867235209070052;0.4899265366763901;0.1976842089516973;-8.108784929217638;-2139.8570978269013;-159.29581732184351;-4.998054115657361
('easy', 160);-1.5209071490973967;0.5117193551069031;0.14415934419660126;-8.12879359992631;-1914.5343176420106;-145.85133831939336;-5.92200371827205
('easy', 161);-1.5926049463941472;0.33547150424394045;0.14289846443431528;-13.996475003823429;-12691.770374350488;-191.77998767777711;-6.436221394545433
('easy', 162);-1.465308808457555;0.5513275057608208;0.28665444835874215;-10.028882147240472;-2970.508554893713;-145.32641442328188;-5.527427528744815
('easy', 163);-1.196346268891003;0.3427609796550014;0.18659087738007815;-9.589755756559176;-2871.40551218618;-140.66768719527025;-4.691717688959573
('easy', 164);-1.7545048868312354;0.4945230306864241;0.1997634522864245;-10.334746538775443;-3248.3224530357193;-218.00611087747933;-6.884397493879788
('easy', 165);-1.569074559274119;0.4800196160400889;0.24567336162409076;-8.108784929217638;-1992.2486738644197;-147.05868749211007;-7.104884461885884
('easy', 166);-1.7928366210548763;0.5409249363654356;0.39779942715579597;-9.876277062774994;-3006.3928837256553;-172.64492086375023;-7.112644394262683
('easy', 167);-1.76268046395359;0.5672631321857028;0.4658315823039877;-8.183624608721079;-2521.1096598286877;-176.31365022308103;-6.525236058046618
('easy', 168);-2.0810827777348306;0.552093583242099;0.466521171287556;-10.32561405521217;-3311.4606714658316;-153.36753764768986;-8.415747806185097
('easy', 169);-1.3032894594205275;0.48149083919794183;0.36116066892284315;-10.997177664104942;-3607.2238931282536;-149.53337161740419;-5.69028386381379
('easy', 170);-1.0967521252901256;0.5596582387297521;0.49912097865457516;-10.123787003793959;-3007.0343552880186;-142.3524140092128;-4.037444337399358
('easy', 171);-1.7595663527423313;0.5214747382432993;0.3988689863716093;-11.962703498976781;-6793.697193888125;-221.99288941319347;-7.009778112039749
('easy', 172);-1.6019869433568696;0.506778316180694;0.3403920425069406;-10.291651899312356;-3712.8664043191334;-146.45251491902917;-6.868919221163013
('easy', 173);-1.3649181321148487;0.5484307733739018;0.36890602426287844;-12.253505698764807;-6455.298101008008;-174.42220358553274;-5.027990511377255
('easy', 174);-1.0496502894182353;0.51594055759766;0.32454999285340963;-12.946652879324752;-5288.462199869563;-143.21796627662803;-3.9117335198552468
('easy', 175);-1.646764547529453;0.4059430957860395;0.3031490685516812;-8.921301188589602;-3854.5176831848003;-218.9031374651725;-6.93926531672423
('easy', 176);-1.7906497074993073;0.48377186656668847;0.35531336151538934;-10.018129355464211;-4642.688780212813;-163.28498903477157;-6.532821642153652
('easy', 177);-1.6225700388988888;0.4269705249347582;0.1131106395114733;-10.104654705712802;-3034.2962573340606;-155.32164242838786;-6.497029610796334
('easy', 178);-1.4243839339438507;0.49071557862527;0.3722947385895348;-8.142631834591494;-1585.9283480133433;-127.39716979850165;-6.1716089177418825
('easy', 179);-1.1707258646051109;0.43898800892727363;0.24055821066353633;-8.108784929217638;-2284.7973639231163;-158.75844890772248;-3.796595001003489
('easy', 180);-1.2288809718463256;0.5314825342535197;0.3079438962193129;-9.444103003402308;-3480.784304988238;-149.76678537799984;-4.759157615368771
('easy', 181);-1.5064284146939768;0.2677841433881631;0.24106126553070184;-9.779070348844101;-2825.7415029607337;-138.75937579445662;-5.791827052205997
('easy', 182);-1.3486919864416855;0.5563598705535407;0.3511198169025184;-8.108784929217638;-1777.6989680307602;-128.41577824040837;-5.300161966168446
('easy', 183);-1.283102881967657;0.3296494614786595;0.2359640473259669;-10.58816015439241;-5071.940913998808;-150.7057351365834;-5.238876041994682
('easy', 184);-1.6186079631861918;0.40157429845255843;0.13221897538220062;-12.68428861485726;-6508.450731419817;-184.46227845090024;-5.793772328936869
('easy', 185);-1.5653950779921335;0.4931775537810269;0.2513400661740401;-8.108784929217638;-1921.6774205311078;-161.61132645803448;-6.0235778202947685
('easy', 186);-1.6026280900987409;0.4540296376647403;0.38335546990264047;-8.108784929217638;-2205.0491513257193;-145.80574100866093;-6.483784527502906
('easy', 187);-1.6424900331515593;0.543212057189646;0.27765611508619187;-9.838708615163831;-2840.382287302067;-138.39126606107564;-6.0332701044561405
('easy', 188);-1.5420502502436209;0.30761410174456194;0.1939625137239609;-8.108784929217638;-2019.5247230503005;-139.08428015303699;-6.55034224459525
('easy', 189);-1.3624857418629324;0.44266419356093856;0.11012735720041615;-10.71663847916554;-4910.343881240168;-149.88794732151155;-5.09987902424203
('easy', 190);-1.8159466711209893;0.5063483563249148;0.131582136964839;-11.745183205216934;-5002.187349680045;-172.69930738594968;-6.813331401820546
('easy', 191);-1.397855556548197;0.5239997033196747;0.45227459668046377;-8.12879359992631;-1927.7304374014216;-134.80662697007756;-5.392897645988656
('easy', 192);-1.6134846361649084;0.6504294405776306;0.3948629517221322;-14.689622184383374;-7576.934388532851;-130.42817179778763;-6.444709728377913
('easy', 193);-1.7690768541889481;0.5576955273001992;0.25323456660138094;-8.309015503199157;-2652.0194864171194;-138.56438084895598;-6.344098926909326
('easy', 194);-1.6796533601174604;0.4980147980985323;0.28714054047687043;-10.188226470897474;-4573.099554110701;-168.5131886480341;-7.095463824830889
('easy', 195);-1.4874971150278713;0.5736440046339849;0.34072358003407854;-8.108784929217638;-2005.5747219813325;-135.8664832211961;-5.97579345304312
('easy', 196);-1.3856269679235713;0.44061436323613823;0.07785725195603578;-9.366612205244966;-3875.7584988899193;-163.10912093303276;-5.282390730097223
('easy', 197);-1.2414939225567114;0.7948518409809016;0.5468613020267692;-14.689622184383374;-7528.933107358775;-140.34907978346246;-4.927717537101859
('easy', 198);-1.447264898089327;0.476220059003575;0.36769669506328145;-9.438096979342097;-3804.6733667558;-175.05844619603175;-6.193655621053385
('easy', 199);-1.2463924510839315;0.5442003972371977;0.4064095145548082;-8.108784929217638;-1847.4756704399426;-150.1732919134052;-4.779352724730994
('easy', 200);-1.5175089998330102;0.41941870535794995;0.23004188785909574;-11.83151128870543;-7154.362901302429;-202.92112034010233;-4.821243780980335
('easy', 201);-1.2227267313330077;0.5986194106216967;0.43852162938191563;-8.780763149939554;-2648.2710010077562;-154.14007380045754;-4.167110648317878
('easy', 202);-1.4488129021827472;0.4092513874686306;0.3316529500344024;-8.115942017422729;-1566.7009499254357;-124.76656961629674;-6.099526552722748
('easy', 203);-1.4174373894010246;0.48333110631242776;0.34378004732731493;-9.470038858377842;-2634.635492653659;-129.1802532431262;-5.868461535757408
('easy', 204);-1.1861906999148102;0.5419305616921504;0.40238370119823447;-8.108784929217638;-1619.7747423269345;-148.4580308507098;-4.226355785657772
('easy', 205);-1.6980730599234541;0.2742474966972266;0.10277882248138454;-9.68951834233946;-3374.4229169047912;-205.16956014164762;-6.927935686764293
('easy', 206);-1.283388710059324;0.5706752914929424;0.4397224646488722;-8.12879359992631;-1588.013829893435;-137.3502465963756;-5.232149815202579
('easy', 207);-1.48457282113634;0.4648157525808583;0.2540397292081945;-10.965651410458168;-3574.978604520969;-151.682428308695;-5.497519262404748
('easy', 208);-1.1510429069988053;0.2596073179362947;0.19539623510661638;-13.996475003823429;-18974.211658133234;-195.7535920938056;-4.560670746106542
('easy', 209);-1.739189158780145;0.1915528909775656;0.07268628680087884;-9.206011490652225;-2981.9967379334744;-177.52711324418166;-7.518401580567527
('easy', 210);-0.899614708589181;0.2784149169058214;0.1343054812074257;-8.967906241853697;-2386.381439700051;-182.80316130843894;-3.3555542645492182
('easy', 211);-1.493130476846448;0.5100448344294518;0.38553873504208863;-9.094379878302378;-3462.1208683484083;-184.51327070608718;-5.609284047989138
('easy', 212);-1.7912503568609495;0.5759476920913191;0.42644242530217;-8.165850124693502;-2029.7387551519864;-148.398135957778;-7.635826448217668
('easy', 213);-1.430285027353181;0.35493539324585255;0.07655504039208072;-8.688914770194215;-2991.8525955923064;-153.18100984780924;-5.936825323119827
('easy', 214);-1.6239648439957801;0.48760662600273313;0.24092996611953021;-8.547892045659705;-2615.6654652895095;-184.0595168407123;-6.541446609414065
('easy', 215);-1.1554906986118771;0.16540327552890965;0.09072560175053285;-8.108784929217638;-1761.3734236750731;-151.8009503709092;-4.7067106558593865
('easy', 216);-1.769404394046667;0.353042412441566;0.13644564137197052;-9.081721481430456;-2441.3257320789517;-188.67936146930873;-5.929820697988187
('easy', 217);-1.1166306065979452;0.5696918289859167;0.3507416263825759;-8.108784929217638;-1926.3467781877807;-130.63521649889896;-4.339726906383094
('easy', 218);-1.2898902557729313;0.18759602283630955;0.06167384153085369;-12.030362147450596;-14330.439783129847;-202.1594194136773;-4.735429627887671
('easy', 219);-1.4336723241287728;0.4672791430245333;0.33811864201523234;-8.561506117314625;-2844.7405139482066;-145.3746033361369;-6.0179591447019884
('easy', 220);-1.2625171676881495;0.355940326193;0.12110839826163391;-8.331037435475121;-2111.131217148396;-149.73881749579306;-5.279147565952961
('easy', 221);-1.9007149697255419;0.45344814020763924;0.22795793760936545;-8.12879359992631;-2068.3215183703255;-167.659965735489;-7.538321821650303
('easy', 222);-1.7939141301974655;0.4065300773582059;0.27311806727092536;-8.453532197145282;-2619.236809421157;-178.1128814397346;-5.7328037402453065
('easy', 223);-1.552426607828851;0.37234389885790764;0.3383568738155668;-9.732789596280094;-6070.863062877826;-189.80311306106157;-5.993019685601298
('easy', 224);-1.4409444082815919;0.506968858169436;0.47230680719974005;-9.269087185111088;-2612.3472638852504;-172.7903459063864;-4.9525896938248986
('easy', 225);-1.7540883090638397;0.52865683600396;0.3128822301183136;-11.517538521021933;-4132.187456172646;-212.79608277072933;-5.721495296183364
('easy', 226);-1.4987364446265297;0.5123037924568713;0.29406810017111695;-11.499733896388426;-3988.6375973395006;-151.05784834047986;-5.792051859059478
('easy', 227);-1.304813056233158;0.5242351414325345;0.4401374187693238;-8.108784929217638;-1558.7057733148733;-126.5252532929413;-5.063807303876509
('easy', 228);-1.5505940597251462;0.5382499761052769;0.5202198900715649;-12.401425828841427;-6233.587298740908;-244.3149399399897;-5.520652630682287
('easy', 229);-1.5417174527268391;0.568242213415119;0.34929865526097537;-8.12879359992631;-2028.5872264012598;-148.21014525895538;-6.527850970243624
('easy', 230);-1.4294785633351124;0.5586980176490888;0.45995209192827047;-9.40352200177393;-2637.2929178589297;-139.18814110062738;-5.575444874914536
('easy', 231);-1.5917637583179094;0.5533020006547591;0.447601105320461;-13.862943611198906;-7519.571530600226;-134.81404244021792;-6.677804929269887
('easy', 232);-1.6698020643273597;0.5103978597248614;0.21546731757442006;-8.995409160743323;-3663.6121778239467;-154.29796961970504;-7.4177051867465895
('easy', 233);-1.5143910479730587;0.4790535887315879;0.23016213999903168;-8.804312118834394;-2309.565362464986;-187.8386439094715;-5.69305324628896
('easy', 234);-1.5809467820304284;0.4430029929805844;0.09608990850291696;-12.158195518960481;-7009.45343117908;-177.5418837540087;-6.00956496749859
('easy', 235);-1.3462319027912346;0.46037188551731273;0.27334541717919075;-8.711098148551127;-2296.2289962333375;-133.86762151450205;-5.329968184011233
('easy', 236);-1.9362475588177608;0.3684089995062538;0.07608962789893456;-12.146895963706548;-8238.822746608617;-214.82637525722882;-7.049573001261705
('easy', 237);-1.4634002137217703;0.4904474721716533;0.35083564184569915;-8.13772585582264;-2160.6659347899727;-140.67589604241505;-6.366173815035117
('easy', 238);-1.4437798219517308;0.5791296047311383;0.28740049092467423;-8.864043573321071;-2560.459572263015;-188.68877422567127;-5.390947718195144
('easy', 239);-1.1022697377732034;0.4716191777921598;0.2585934371167287;-9.264672166901972;-2595.4094334576844;-178.9294990765866;-3.9605415149920384
('easy', 240);-1.279748855687896;0.606086298581168;0.5192028485572914;-10.969105645326255;-3577.4492209813443;-149.28771948622364;-5.454556736598572
('easy', 241);-1.3334977085715838;0.19178989226637866;0.14318181101961164;-8.181065971930755;-2394.968776535507;-162.21296349391136;-5.417954630211974
('easy', 242);-1.5195157716997636;0.42422353371069127;0.4190973703964439;-11.180211218080986;-7380.909863306554;-195.17338153502038;-5.155749242992118
('easy', 243);-1.8536184866003276;0.5455242196020478;0.31846745860459247;-8.87251102442017;-2735.6217705467593;-164.21407974453356;-6.902822251518164
('easy', 244);-1.3630217330917758;0.3876880289159176;0.32296902546127876;-8.108784929217638;-1699.8878348134338;-201.57363137257906;-4.890008040774456
('easy', 245);-1.426207581365707;0.351096884854986;0.18016918855435676;-9.054832581214125;-2509.8372291156156;-172.83379864702735;-6.413646221022713
('easy', 246);-1.858318360660847;0.5108945115488347;0.37021696342220334;-10.48706403752104;-3862.367830730851;-153.38886544843456;-8.674663674851105
('easy', 247);-1.6855687527305714;0.4539549418300314;0.1645500631753963;-10.420924235016496;-6716.223411668297;-180.31137628638896;-7.760082086879729
('easy', 248);-1.680564369910614;0.5000629651172482;0.2388432710190549;-10.366436049732426;-5737.923572953068;-191.68681628429252;-7.8549865718034315
('easy', 249);-1.6225890712814275;0.5255483692362647;0.3505764009904403;-9.896195706081514;-4973.455087901547;-232.64639857731606;-6.628868558280544
('easy', 250);-1.3025815071310751;0.39593788484694864;0.2324569267626782;-9.067153065602165;-2434.2228352120546;-129.1208889224813;-5.235152694111241
('easy', 251);-1.571188940662748;0.5577605809086819;0.2943870043311111;-10.060456492839068;-3241.856435062563;-174.59233454688598;-5.632970797472395
('easy', 252);-1.032894498174733;0.37443179302062174;0.15864339984119702;-9.269087185111088;-2612.3472638852504;-201.5790763563875;-4.094497055547851
('easy', 253);-1.5786391913583717;0.5398650525132389;0.3610659437367697;-8.12879359992631;-1772.3064050844146;-154.21789116675416;-6.411202696727052
('easy', 254);-1.5482580858694173;0.3868605080950077;0.2616831920776921;-11.611651812592411;-4049.9742573941353;-140.53997544514118;-6.3547985406954
('easy', 255);-1.288058256394431;0.46852755725164313;0.26338824238426695;-8.180214545740537;-2452.8166928404653;-136.13585466365257;-5.260327828180932
('easy', 256);-1.6213186084106865;0.19533159854426907;0.16060319540708717;-8.12879359992631;-1781.535293973766;-160.93442801263603;-6.951580280368584
('easy', 257);-1.372747326694175;0.5306086789126463;0.4977897777544472;-8.108784929217638;-1934.9753452774455;-176.2344502497384;-4.50991069858736
('easy', 258);-1.0637755273802738;0.4354907162873214;0.1545277589973706;-8.108784929217638;-1558.7057733148733;-149.35159305398673;-3.6237656980113595
('easy', 259);-1.270401305916877;0.42903499685223623;0.23780129582249232;-10.562487799338282;-5519.767840937301;-222.10653606780608;-4.311247092940173
('easy', 260);-1.0998242489737304;0.10370942918180465;0.07490652284798292;-10.04248779929625;-3367.780121140382;-150.95406705574362;-4.269434632884269
('easy', 261);-1.1184274544290915;0.5692095288168474;0.4614268676904497;-9.461574013681894;-2634.021408453332;-137.74877225244856;-4.469467453522538
('easy', 262);-0.9343795735637012;0.4213022212461022;0.25535324619484107;-11.737692533487776;-4281.745354950869;-156.0752647176408;-3.93173682891234
('easy', 263);-1.4484476479351576;0.5683813485810012;0.41306605341727454;-8.530224817933536;-2186.368376666928;-157.4998880446172;-5.644987597320187
('easy', 264);-0.9180149708899145;0.4210287150431462;0.34361411212097753;-9.266561931243894;-2610.0108128304364;-161.28868948904554;-3.1137750778632935
('easy', 265);-1.3747728877292116;0.5194827462509622;0.32969166329783056;-8.108784929217638;-1842.5174685090226;-159.12524281321825;-5.157574551126268
('easy', 266);-1.7220134714261996;0.3438766610137981;0.15529592064726194;-10.408995664151222;-6421.341803800408;-225.08406635490925;-6.629058197698048
('easy', 267);-1.6882868725750548;0.48089097144553133;0.15455657352519436;-8.108784929217638;-1561.2139843914897;-159.89276492093444;-5.11183697401115
('easy', 268);-2.082924489665018;0.35891173565837897;0.17645636483840438;-9.156232695655854;-2510.0310408513833;-174.24561078872904;-8.160820442109559
('easy', 269);-1.6477254071156726;0.5203760629177586;0.378710773093295;-8.129602334301161;-2031.7087874282427;-203.59010300139514;-6.2597801963076956
('easy', 270);-0.9000661908186314;0.24995415728689746;0.25399123033779347;-12.092237551168683;-7276.499537027015;-190.01871077711718;-2.7329729356881387
('easy', 271);-1.1003704157787664;0.4465789287557794;0.37147206989589887;-8.108784929217638;-1846.363112821772;-149.98750111015136;-4.289582166741262
('easy', 272);-1.3220086515948364;0.4692448668680328;0.42821197819607676;-12.492397607047154;-13396.9238637236;-207.59925405297946;-4.359403059930366
('easy', 273);-1.384312930007259;0.6224709995592675;0.5352651201242506;-10.233615136711501;-4710.708603986141;-185.22705250280615;-5.5570383804095105
('easy', 274);-1.3029758066110273;0.5208402380031445;0.31079615105773717;-11.493868776936027;-3954.960776300146;-154.36044926413314;-4.992422917361388
('easy', 275);-1.5643764835961946;0.49592796797350575;0.4409229716996588;-8.108784929217638;-1976.902684169431;-176.40613777048154;-5.045036727070621
('easy', 276);-1.489272023237377;0.515817710638562;0.3780508687521823;-12.723509328010541;-5057.634044890376;-140.29827865124244;-6.0417631412022645
('easy', 277);-1.8998350350659974;0.45057406825221663;0.1792308328249927;-8.750955822842363;-2562.0693841728594;-199.71954267382864;-7.6748942669091464
('easy', 278);-1.5266207434092267;0.42953375847713215;0.24016137787760986;-8.12879359992631;-1962.4272268997333;-149.61342612724167;-6.2000290477527615
('easy', 279);-1.164064150539914;0.5525647138703151;0.4112556801195246;-8.108784929217638;-1953.1544466214505;-144.11226968691273;-4.35155548591572
('easy', 280);-1.8605209676950833;0.483230759342879;0.37343143881396806;-8.12879359992631;-1880.0599099320148;-164.6881853835896;-7.835011294057891
('easy', 281);-1.8705552459184354;0.5353817793594585;0.5131927184167704;-13.639800059884696;-11608.921045398356;-199.36558432949175;-6.928117957919008
('easy', 282);-1.844128927471502;0.5860618337679319;0.4837043795564496;-12.665240419886565;-15378.505182200952;-205.4910949168823;-6.58793142317559
('easy', 283);-1.7531249430963531;0.39252193377882555;0.21225728897948182;-8.309015503199157;-2105.9356126461885;-123.72189266677756;-7.126637798098897
('easy', 284);-1.4428909506998238;0.5701670139896853;0.4421886996278328;-10.050740941052972;-3109.2592724943493;-209.67924175129232;-5.57717462992199
('easy', 285);-1.8237979139831804;0.47487920494870006;0.18720048665177766;-10.560186302350003;-11182.326042682804;-181.6331278256673;-7.3593266268984205
('easy', 286);-1.8693236437095222;0.5916987768151705;0.3941761954426337;-15.536920044770577;-11177.260497432224;-142.00253542810745;-7.389319968719807
('easy', 287);-1.2165254644690693;0.4107300346428212;0.13730296979781245;-8.526006673685815;-2212.780601834759;-137.53907754293283;-5.244066881840963
('easy', 288);-2.052445176171032;0.5542966964434919;0.500856655529019;-10.85788001021603;-3959.6604410438094;-183.15344301063885;-5.7220006307664715
('easy', 290);-1.339185180590212;0.5639371262395652;0.23272546395940105;-8.371426569709731;-2132.387093235245;-122.21821138955886;-5.5922586587769825
('easy', 291);-1.3169919082501054;0.13195405671994748;0.06657371194218173;-9.2173515107119;-2520.1015830107535;-144.10069952055176;-5.048589934349641
('easy', 292);-1.3810833877603559;0.5642808573972226;0.45568947576016294;-10.302252705298997;-7231.564297172884;-182.0617330020794;-5.570938428806264
('easy', 293);-1.4321245785655334;0.5329923232749841;0.4634412524612261;-8.108784929217638;-1558.991407523778;-131.1371817607147;-5.615267535873903
('easy', 294);-1.6428302866279725;0.25655743717504015;0.17887658424058922;-11.201810329884447;-6392.945924977256;-164.18391247804766;-7.060884921530936
('easy', 295);-1.3161423405820494;0.5692347956124688;0.3952793249085585;-8.108784929217638;-1890.1001730223682;-150.81208529542735;-5.444020292651
('easy', 296);-1.3560475945020134;0.1309189939851346;0.05516989747437656;-12.665240419886565;-15525.435174583135;-205.39138766325726;-4.478137436605369
('easy', 297);-1.3351553520590667;0.4774451170011978;0.2878148297992928;-9.313682619650331;-2576.0042625168508;-137.20553590326773;-5.329397768250344
('easy', 298);-1.104377972390358;0.5106843819629038;0.304614634110018;-8.108784929217638;-1969.2013429887331;-158.24990725748827;-4.945528879302107
('easy', 299);-1.277928462043882;0.12226610194133514;0.050733549107917636;-8.12879359992631;-1578.369307623359;-139.3982173983691;-5.155061400267393
('easy', 300);-1.7733739514155267;0.1653223184005384;0.1909786751492722;-8.108784929217638;-1683.3914583921028;-195.75702167037554;-6.6895968346832815
('easy', 301);-1.5251269547502249;0.4966958374986882;0.1691899809575521;-10.732899000037321;-3440.539810793168;-144.35481905229778;-5.942668410772503
('easy', 302);-1.5066284302467035;0.3726489199896933;0.23065715142681667;-8.108784929217638;-1710.8739062693464;-159.99854893042078;-5.80213418279841
('easy', 303);-1.2163241144787085;0.5734580578368822;0.24785019118956453;-9.802500600652486;-2819.8876632142415;-157.87051693957537;-3.854805907902666
('easy', 304);-1.366587020813918;0.5066817212846505;0.21167152655161003;-8.535067442409325;-2200.299686802537;-130.28329336224164;-5.815838929299673
('easy', 305);-1.7715189760278305;0.5001554594994475;0.29947722107841107;-9.717826723603382;-4466.549842144963;-169.04726009515247;-7.481754939776443
('easy', 306);-1.7606115379417202;0.39460734077285387;0.1608226905301129;-9.006042417044693;-2923.430791880795;-164.27367178109793;-7.413757981456995
('easy', 307);-1.5693628424964041;0.5617748543387157;0.46311847972655645;-12.401425828841427;-7009.677863578956;-177.80003453886394;-5.5268371983601785
('easy', 308);-1.0665370916319628;0.42169179709599663;0.4240914581527231;-9.000228447179273;-3116.76635552666;-224.20810134916087;-3.627531199638347
('easy', 309);-1.4062291139120109;0.5661120836374323;0.4042621149830025;-12.345072892290297;-13203.360606065067;-204.46393634106184;-4.879251146881025
('easy', 310);-1.6083795849953189;0.2055856961701922;0.10211532656962603;-10.468015842550345;-3840.292818689414;-152.97291846875362;-6.459315781189207
('easy', 311);-1.3533086008915394;0.5606499495147206;0.3595756100534943;-9.093849233556575;-3188.336024452589;-145.89620149652777;-5.56460442732385
('easy', 312);-1.986911717589202;0.5582842605564114;0.3723223001298027;-10.22207337627133;-4274.739402908804;-158.6830009092593;-9.060556737156233
('easy', 313);-1.6336802512691053;0.486083412332487;0.38315452268043887;-10.091620487873895;-3353.40496605318;-150.99609754071554;-6.305459362781707
('easy', 314);-1.7244773387980912;0.24406352788034288;0.20792988814089433;-9.644355446317478;-5523.8746079070315;-253.36363237125332;-7.352123854425659
('easy', 315);-1.7053293528948519;0.548242029340808;0.4405873679646239;-8.108784929217638;-2097.151104238015;-146.05842077416077;-7.603351807864494
('easy', 316);-1.8094566515688757;0.19368815470039907;0.08951495904837595;-9.579357049338277;-4799.636498713821;-207.8692949800362;-6.505814732058854
('easy', 317);-1.7151761950300664;0.45043474097189223;0.13059406424577621;-11.000742730269438;-7008.148618419675;-185.85225370820808;-5.589300812067477
('easy', 318);-1.388655591521255;0.34887069548228133;0.16092964682832284;-9.060460633931127;-2785.937615686032;-174.58108960577457;-5.537700319857605
('easy', 319);-1.5050967643926203;0.5211241740942836;0.31718867061448186;-8.108784929217638;-1724.2652398625798;-152.2299724171205;-5.531445248319174
('easy', 320);-1.056907765823928;0.06322069589244327;0.10072915181818724;-8.761553953834186;-2532.923715107892;-188.17665462165877;-3.6287244525361926
('easy', 321);-1.4340201976298914;0.18531239910048183;0.049896303875575816;-8.108784929217638;-1892.4982493301932;-148.67439369380838;-5.123227164638872
('easy', 322);-1.822328964247681;0.5573188266585195;0.382051415325857;-9.080673812398011;-3409.0282171661943;-224.53060856307368;-6.02697284242138
('easy', 323);-1.3290910013434705;0.5184075164845788;0.3883666935509804;-8.514051958687936;-2907.843954105892;-134.11769158879844;-4.84455403740177
('easy', 324);-1.6644271607131174;0.529746900322546;0.3949126321831702;-11.81525076783365;-5840.26342895861;-155.72667079719173;-6.679918196423385
('easy', 325);-1.4820030571757343;0.1782402061918956;0.07171331030300061;-8.108784929217638;-1567.1191539670788;-132.34231570631889;-5.979934840746936
('easy', 326);-1.1464185210964013;0.5147805741745787;0.2493103861679457;-8.71763174711077;-2381.9152237540243;-166.6601285411527;-4.314282162723446
('easy', 327);-1.4790111725707;0.0675326779269199;0.04768000358001198;-9.413696508150238;-2917.750607044362;-150.3440713698338;-6.118851122704632
('easy', 328);-1.865666163577804;0.1490967183628304;0.08121887840840433;-12.828869843668368;-11044.72530143164;-228.24905510776088;-5.787856190812693
('easy', 329);-2.036894332294863;0.35772922198371654;0.16106775977385665;-9.840945752562188;-6788.621991686676;-174.449243795565;-7.786130770592103
('easy', 330);-1.1299871992351078;0.19706957230096306;0.07502397153903997;-8.108784929217638;-1583.8138874089016;-134.38398806761037;-4.241805987506217
('easy', 331);-1.2933707950264197;0.43812051045649836;0.20647182330579658;-8.108784929217638;-1729.1480637205755;-169.50444651545422;-5.10311147718212
('easy', 332);-1.265128281168346;0.5281552978217641;0.2766734260304073;-8.496383654554622;-2199.7095121623747;-128.4857713530833;-4.983199436677888
('easy', 333);-1.8584334867899186;0.38747385568482917;0.26189272587848594;-8.271024229688098;-2381.9426166785042;-205.31972660591248;-6.693310398859771
('easy', 334);-1.4335478844736174;0.4318493699056711;0.3260482982254834;-11.715551407610562;-4134.255276382814;-179.92958043977615;-5.641173547218837
('easy', 335);-1.6002943993494503;0.5503564152035951;0.32069491553341867;-9.978805809260296;-5606.033452034427;-169.44539799991202;-7.341001449543403
('easy', 336);-1.4178910768881092;0.4764681300302044;0.2112132785916386;-8.108784929217638;-1558.7057733148733;-172.73287282993755;-4.675133848960292
('easy', 337);-1.5398679988522526;0.566603411965466;0.45036755473982204;-10.332913357693782;-3235.7975153931397;-264.3448485985039;-5.444022731238634
('easy', 338);-1.7998334267701246;0.5031070302817365;0.34915552599225186;-8.12879359992631;-1953.7696412877328;-194.0867705694543;-7.713859435130912
('easy', 339);-1.0105443744903666;0.5199150099318557;0.43740683493651294;-9.269087185111088;-2943.5005592396624;-161.85547676905338;-3.5767428683981284
('easy', 340);-1.110115466447496;0.2319205628059497;0.05221153013563352;-9.15962636407129;-3100.868545931563;-142.5680853107662;-4.557078592264709
('easy', 341);-1.6440155718855967;0.3345805613788997;0.3074229083466942;-12.18118503718518;-5796.183692438606;-207.87638181251825;-5.346394636265374
('easy', 342);-1.163490486068209;0.2828637170172875;0.16360281278996364;-8.28699450805259;-2462.149415595479;-157.54526345261095;-4.758126953267181
('easy', 343);-1.442859236162929;0.42660820626409707;0.36471285700424083;-12.665240419886565;-5149.144881659442;-162.44605266234393;-5.630225509979342
('easy', 344);-1.220269080598573;0.4408755148120261;0.5212227570055148;-9.808987109882093;-4025.1473141842484;-223.08986702163733;-3.963382964657872
('easy', 345);-1.2675850885652074;0.45033077672418;0.23666733971628795;-8.923088499163697;-3426.289096171372;-170.75979471051852;-5.248078893390498
('easy', 346);-1.3889591090238043;0.39105357220837156;0.34593558477570374;-13.80231898938247;-6523.854597297946;-148.6481168481661;-5.632010453694067
('easy', 347);-0.9661199945686991;0.41737773443206705;0.2372250913638963;-10.656646568537566;-3574.0730622152946;-158.50503379890768;-3.7466993596985856
('easy', 348);-1.3109244424750242;0.5358737035655452;0.40195213923679096;-8.996371161779514;-2443.1680904218547;-168.48694409679948;-4.44168986167777
('easy', 349);-0.9972164090550927;0.30439387526943273;0.15103809729997975;-8.967906241853697;-2730.9301748037246;-133.34652191977793;-3.845618948274004
('easy', 350);-1.325132639675;0.5378245140866417;0.4102405788577145;-9.811158663395602;-3664.0005978837876;-153.04370392896806;-4.844142018022185
('easy', 351);-1.1249758381758999;0.5466916597468862;0.3963472763501944;-13.268236503452213;-11430.773920872367;-142.07155352276092;-5.319769851620853
('easy', 352);-1.5491973263688303;0.5497549850708574;0.41594456774915617;-8.12879359992631;-1579.231647952795;-157.08816197355188;-6.212768032622575
('easy', 353);-1.696534139997212;0.34674380345709677;0.23544121385232636;-10.381703521863214;-3479.550889228915;-204.98974439642916;-6.135358639998119
('easy', 354);-1.672120441083895;0.15985854278143527;0.0853701134806691;-8.108784929217638;-1929.440284134046;-213.98976045618213;-6.131703127812403
('easy', 355);-1.656029558699533;0.3201733498464528;0.08902001334500201;-11.935051967646272;-5752.146051324665;-140.3073105062883;-6.659502197052759
('easy', 356);-1.2828494621688402;0.36168326645502974;0.06897769351907337;-8.108784929217638;-1929.440284134046;-170.98972141915672;-4.481285006067985
('easy', 357);-2.045244809864342;0.3726785676028427;0.21188042272482233;-11.214997334166402;-11047.742856667237;-195.82982795473515;-9.496445424036764
('easy', 358);-1.6138439408483694;0.4407250043319114;0.24111851730254352;-8.472161016978776;-2166.235134586553;-173.56635046768952;-5.222691393239815
('easy', 359);-1.3159344832947228;0.13149142022696964;0.08630846752028273;-10.766235420304913;-3623.394599034771;-185.7346456735052;-5.028309657375322
('easy', 360);-1.056145276630375;0.5243250620010579;0.2295156008193624;-12.874332217745126;-8215.309103397347;-171.29358728288335;-3.697232754892193
('easy', 361);-1.664645441896206;0.517792670929112;0.1812693610293098;-10.357010909272843;-4666.414197819363;-167.3487289144942;-6.290226131615573
('easy', 362);-1.2899534059561788;0.09122838777768782;0.0889802327682998;-9.710919937390127;-2768.7083609521324;-173.5619723477456;-4.523267098538092
('easy', 363);-1.7287617601200256;0.5688341862817439;0.29313135447365724;-11.57928652809038;-4193.255214173547;-139.06458105593975;-6.54859874926427
('easy', 364);-1.5846395429437805;0.47974738639415726;0.2390800837276185;-9.964766012592813;-4974.710815909949;-135.05027148409144;-6.202817775365124
('easy', 365);-1.529202774455429;0.5293199733453848;0.44885105669396014;-9.40352200177393;-2603.616209869104;-138.23490035535264;-5.884032418039787
('easy', 366);-1.5339709519081932;0.4411274765335907;0.3876654579704364;-9.530566885168845;-2777.227638844916;-185.42777104237635;-6.270891472574692
('easy', 367);-1.6310265214968618;0.48058837656882214;0.40576252612907737;-10.233615136711501;-4667.939969948598;-231.29109946430702;-6.457555251533988
('easy', 368);-1.3991735684340236;0.5348802424013928;0.24815414483389028;-8.12879359992631;-1579.5197237924597;-133.26809308592323;-4.886737572221675
('easy', 369);-1.2876510013583606;0.37274344367300666;0.18240035970970161;-10.164732829656085;-3056.8509179452876;-169.70438166744322;-6.201419996366976
('easy', 370);-1.7190952360532645;0.17282398695588141;0.06655079676537295;-9.646197067464128;-2930.4320578303154;-181.81297748346213;-6.393197050207603
('easy', 371);-1.5902292577890078;0.5287015421081793;0.34432242111924916;-8.108784929217638;-1734.3642914347517;-146.570796881473;-6.54769304365236
('easy', 372);-1.0328715063405074;0.3593629246863339;0.13704588245919574;-8.371426569709731;-2133.9413128839583;-121.772546949164;-4.26172146306527
('easy', 373);-1.2208401338636965;0.5413346381985649;0.30894901325379515;-12.401425828841427;-4774.273926438553;-133.6926490375462;-4.820389310236257
('easy', 374);-1.20257809623548;0.3946181841042974;0.40340958956326217;-12.74371203532806;-16801.641747187517;-231.51079924760538;-4.93635004936774
('easy', 375);-0.9760851336454027;0.4124925181305477;0.23454132615688186;-10.49996744235695;-4717.093674315379;-215.5039664270983;-3.9806124215692784
('easy', 376);-1.44396711697496;0.5157341058315142;0.29161646378273476;-9.357593760493026;-3443.3305448564506;-151.19185031071274;-5.801083851571646
('easy', 377);-1.666941649645583;0.42102880516382957;0.300566558762803;-8.468180346382617;-3185.3435451009473;-194.05128072697332;-5.655342766771511
('easy', 378);-1.5548638253326743;0.404769089981632;0.32798519394665127;-8.496967596177054;-2184.1785376357466;-125.54412850245389;-6.168650677905835
('easy', 379);-1.5865908767574233;0.41676635158917835;0.280841326811849;-8.108784929217638;-2046.9828931757015;-174.6131168544485;-6.1649907357640386
('easy', 380);-1.0817186056476287;0.5380679710002254;0.2732506920980754;-8.747197832700033;-2283.3336329532967;-145.12879983130748;-4.2077110666554915
('easy', 381);-1.8388255193745933;0.5038457711602906;0.30951665376348736;-8.554057293301636;-2546.684522038466;-174.01135531553354;-7.223949062560449
('easy', 382);-1.255331376697254;0.4481697064925;0.4424207308374422;-8.378665484464376;-2127.792420963694;-201.60233784180446;-4.953124325297377
('easy', 383);-1.400936593539153;0.35704233712729383;0.17197672751454735;-9.942208665168739;-4298.927680549498;-144.38509858640535;-5.694948199323608
('easy', 384);-1.756715121666131;0.44812034425197456;0.3812310416257129;-11.197453024515491;-6074.543679996022;-174.20323043138632;-6.508786383339095
('easy', 385);-1.6683959185410089;0.5554177439909334;0.32218257699453956;-10.997177664104942;-3659.5459073877614;-163.09449314527478;-5.6691987817298894
('easy', 386);-1.2890424288540596;0.4261814139277555;0.18278302093896767;-8.12879359992631;-1683.3754149062647;-141.61194676922983;-5.623616490538061
('easy', 387);-1.8445121955235801;0.5365177094870855;0.24194736121627403;-11.210582315957284;-5013.472382587336;-165.8469684250122;-7.949325682938297
('easy', 388);-1.6976346918020548;0.5449845939879315;0.25129961096405395;-13.16979643063896;-5556.540624200477;-166.29863071193523;-6.34560573720301
('easy', 389);-1.9305358648788489;0.2256934082972693;0.14628157165578592;-8.480744760670168;-3403.464757622741;-212.4463494438979;-6.242832757580117
('easy', 390);-1.5852856473988715;0.10680668020666927;0.09271799075522819;-9.67423628752852;-3119.942309525361;-186.40039589742483;-4.551470525430695
('easy', 391);-1.751012755799021;0.5209478323631336;0.2833168105544943;-8.12879359992631;-1727.9003987581289;-161.6084667960351;-6.69443162405208
('easy', 392);-1.3409408751795966;0.4883794500731531;0.36524001971230713;-8.461392990009218;-2184.3693913424268;-133.4756169581177;-5.303914919711179
('easy', 393);-1.4769873429917975;0.5515639432551183;0.40506727749878;-8.360155958602281;-2646.479714160739;-179.28688627994657;-4.887151473978314
('easy', 394);-1.3444206545069468;0.5198891332832267;0.3972051008848133;-8.279447302417207;-2093.518618245176;-139.95326639749445;-5.188834037966108
('easy', 395);-1.5839539747833717;0.43364937846470386;0.10586868349924006;-10.332913357693782;-6012.547036898947;-188.55932346039188;-6.848808730455379
('easy', 396);-1.68147478958372;0.5285996726658961;0.4691089523258931;-8.108784929217638;-1839.1311566151187;-153.0967107835269;-7.119078859428029
('easy', 397);-1.9284160821015108;0.5111255578454249;0.42541177027614796;-9.594120669643877;-3137.889089343765;-160.2936555941107;-7.807203761088655
('easy', 398);-0.9715961626987035;0.11751918449409443;0.08886076213647617;-9.250921950261713;-2525.354170255511;-142.8264884361723;-4.2948350402567055
('easy', 399);-1.3870488397045015;0.3170974106821141;0.185384197723987;-10.304030483544997;-3118.477183681104;-201.83559162794887;-4.613826298080241
('easy', 400);-1.400676169048033;0.427355650542821;0.4497797616680224;-9.09810229685218;-3598.8209887967164;-246.59854146898286;-3.9056447599460804
('easy', 401);-1.4471662446467848;0.20429459887548596;0.09230934702620872;-9.126745162804411;-2854.432409823314;-246.70262210185948;-5.015010116069338
('easy', 402);-0.8913688767507871;0.45850613577252075;0.15045030102442825;-8.108784929217638;-1685.3789390870534;-136.587814925926;-3.461518648125373
('easy', 403);-2.0664594345607754;0.45462947186531594;0.2216055409475859;-11.029730267142691;-3707.3149899899136;-212.35643074639296;-8.186929492932897
('easy', 404);-1.2406721992107177;0.39737784529774506;0.3762693089956015;-8.967906241853697;-2386.381439700051;-231.27214481009386;-3.5387806267152135
('easy', 405);-1.4260616363888081;0.4717549259218144;0.15329174391156997;-9.840945752562188;-3734.673186621756;-170.3889984651519;-5.59068038593959
('easy', 406);-1.6573830698612437;0.47494977705189556;0.33804688870802313;-8.723475445259682;-2272.942508743223;-141.07289967575352;-6.399516010551137
('easy', 407);-2.6394282067409636;0.5159427356319349;0.45407437077700874;-11.110079394306904;-10505.530097940276;-206.94426579506657;-8.087713992541646
('easy', 408);-1.566876662530687;0.12896894526231223;0.05569760067602563;-10.682288999150904;-3405.890323112197;-149.52377916843386;-6.0586761267471
('easy', 409);-1.674791858727379;0.38453977390896643;0.34505883499959755;-8.682565542515556;-2278.91022052036;-134.00424023933644;-6.782503551198748
('easy', 410);-1.5807839469151552;0.5283537636061345;0.4048090784543851;-9.701135123510129;-3188.737250114368;-165.06369446844752;-7.306170100930652
('easy', 411);-1.702368627991043;0.5484163530959727;0.38373507944168284;-10.59766141351655;-6338.555041286195;-168.71240894436377;-6.518096083775957
('easy', 412);-1.2669871377472268;0.4102192004853631;0.10549515253418615;-12.68428861485726;-5018.116435578748;-152.1532966607515;-5.322878609456952
('easy', 413);-1.6706132273898777;0.4939864496347135;0.33264898190778514;-9.44485629910648;-2643.0353199964047;-151.96990030697748;-6.84603480536444
('easy', 414);-1.302999718949931;0.5355438493516563;0.3516169571289061;-8.656878604355956;-2258.901560345917;-132.40734181504604;-5.0264988127808286
('easy', 415);-1.4573519429920219;0.41732355963664347;0.09807685135693081;-9.939733416380196;-3524.285329071725;-250.81882919698032;-6.784547169523136
('easy', 416);-1.842071575947596;0.44765643266377797;0.44021253274372446;-9.24103922621965;-3664.199832652608;-179.2056051706115;-6.86847423835658
('easy', 417);-1.5923692319670475;0.4993033661899716;0.2873268237712263;-9.96857554100948;-2915.123064236979;-178.42968625607108;-5.75063710516368
('easy', 418);-2.0234587530769206;0.4678089442441039;0.28149247815277756;-10.905432550465113;-14588.311100829746;-219.98634319357797;-6.8874765162610325
('easy', 419);-2.0020896116900433;0.10385234323159148;0.041499960660282685;-9.218552712057534;-3850.9260880452157;-166.32402863744335;-8.921588922190278
('easy', 420);-1.7254259735690654;0.5260064837734749;0.3944343941141171;-8.12879359992631;-1852.2403713647695;-152.5232219318799;-6.423989176903596
('easy', 421);-1.546798071089137;0.49194578842948694;0.1700150636575609;-9.218552712057534;-2541.5118569277633;-147.40922221025414;-6.17103728238441
('easy', 422);-1.4798728787481013;0.18591109581787488;0.06542485068798135;-10.526284750674321;-4517.692670749677;-161.9758861248251;-5.7069012887923645
('easy', 423);-1.935440172472535;0.5038858189241648;0.3378394339713666;-13.862943611198906;-10874.680130163133;-229.38991919495527;-7.103570890633328
('easy', 424);-1.8010055038061161;0.5048419701078073;0.4574123615544273;-10.682288999150904;-6890.7237229293605;-248.5921608507769;-7.191887520707567
('easy', 425);-1.278612501799297;0.5504382034381319;0.2667588579796282;-8.108784929217638;-1578.5811564463754;-169.16679925182902;-5.167536672158254
('easy', 426);-1.483374446283683;0.5747366098084563;0.41206614179689416;-9.203048525521568;-3169.572720283243;-141.80556812342638;-5.009954887140619
('easy', 427);-1.2005628760600122;0.29860540582182665;0.08527891242061492;-8.905357538192465;-2356.714377122868;-159.4102569011628;-4.259637887128909
('easy', 428);-1.6930526461432338;0.467970854601184;0.3687165742402231;-8.258981471824915;-2067.8995090340945;-142.80833895152992;-7.072956838708998
('easy', 429);-1.3204388455400753;0.46739591007966874;0.2734166271312284;-8.108784929217638;-1967.794769165087;-155.03812805152697;-5.494324733570045
('easy', 430);-0.6552977558117915;0.11745076823583323;0.06259358304602303;-10.797801886272747;-3455.9770250605106;-170.98125354945648;-2.6418631190616244
('easy', 431);-1.4414654426225246;0.25690917705081245;0.10928052099627672;-13.052013394982577;-6318.804773983558;-224.08074986504775;-4.7922414749226085
('easy', 432);-1.938774893354518;0.45742579167283737;0.27538200498781273;-8.12879359992631;-1704.4975298245377;-158.049749671547;-7.037348582502367
('easy', 433);-0.9062580973545561;0.2999738336532198;0.07728337277274629;-8.108784929217638;-1557.2822953473258;-148.40382350809222;-3.718454677252565
('easy', 434);-1.629454005739869;0.537705941342284;0.3115762133208657;-8.108784929217638;-2244.9365773305044;-171.60471430495144;-6.457670401218864
('easy', 435);-1.1984978759242009;0.4966502790824911;0.37731128430483857;-9.155668202273661;-2482.4355607783586;-153.97761952438384;-4.160847166360191
('easy', 436);-1.5033964836126363;0.1289733857348727;0.06164149645186183;-10.612084740477655;-4115.516058769713;-197.8911822814225;-6.043665797813313
('easy', 437);-1.4083705488433027;0.47728772410313286;0.23648318903588242;-11.839741787841946;-5968.509539813768;-172.49500479369712;-5.61224067969102
('easy', 438);-1.5392680314407174;0.47091391722253473;0.3041548954138946;-11.529586859538107;-4356.8741154806685;-155.67729910129356;-5.98582540956114
('easy', 439);-1.5388554294119565;0.5597969846077688;0.4864119874822302;-10.053507194545862;-5705.676091626716;-182.8515670434828;-6.005420163308708
('easy', 440);-1.1602168483555715;0.45696142125931105;0.29847281333603387;-9.267192647127306;-3719.6571627936655;-145.73109538913207;-4.358078575598541
('easy', 441);-1.266843956183578;0.4848750149426895;0.40693050266459185;-8.496383654554622;-2186.349963915131;-172.0208585273443;-4.710233415400678
('easy', 442);-1.4893320862267911;0.3583664216328792;0.2739105965095942;-10.526284750674321;-6919.5388095581175;-183.9696382764021;-5.407543085657668
('easy', 443);-0.4522877044336825;0.14540499709817517;0.06809212346667576;-11.154893410096696;-3695.7208018672522;-127.21048659203804;-2.12277622639144
('easy', 444);-1.347040274947474;0.5948110333019488;0.43236450200051024;-9.269087185111088;-2647.6803635923893;-133.17465524030575;-5.396524469625925
('easy', 445);-1.2469154583089759;0.555454411399489;0.49522938080232615;-9.495079290337529;-3746.305883582472;-189.9940029040749;-4.128299972574808
('easy', 446);-1.49317754846024;0.6085880299996378;0.46176971399453753;-8.139358509246525;-2058.4415006843406;-180.9907658360073;-4.355631654234965
('easy', 447);-1.6075720066198418;0.49183667180676494;0.35834172394152225;-8.108784929217638;-1860.9735445398114;-148.17267672255065;-7.02616110344478
('easy', 448);-1.8763074912359547;0.4466800419990946;0.19213808649684644;-8.619214434935273;-2225.629540777235;-180.46441479999663;-5.670258784436735
('easy', 449);-1.536781401304193;0.4522907976089946;0.2261264374367155;-10.763414543963272;-8545.75413544623;-220.98179055246044;-5.942388839924761
('easy', 450);-1.6397467296342942;0.16963260166637673;0.10718465932505086;-8.49872146976315;-2221.1431891603834;-144.37270316570488;-6.520624613607881
('easy', 451);-1.3751428650754702;0.5879610217272697;0.3882170117224108;-13.691093354272247;-8765.600365856966;-151.15749052782292;-4.106975326813311
('easy', 452);-1.572188976112975;0.41698315183600065;0.34787548586709943;-8.12879359992631;-1978.327617485079;-150.0074642832369;-6.678067583649707
('easy', 453);-2.057158751005749;0.5723115675930452;0.4642438719424915;-8.109577636353878;-2242.6652884378436;-149.79596340463604;-8.008468079022247
('easy', 454);-1.3993114102413091;0.5650186859769171;0.44897053034908574;-8.108784929217638;-1567.1191539670788;-136.25276560493415;-6.151546670875733
('easy', 455);-1.445271948346666;0.5402613583123577;0.48579149550767353;-10.656646568537566;-3995.475655962261;-165.18104131394117;-5.216415150214927
('easy', 456);-1.3780827013225379;0.29938263912404883;0.2148513444755781;-10.69799612835626;-5383.342577220749;-171.07693862579612;-5.180857399480844
('easy', 457);-2.2221562818367215;0.3984198043778548;0.14997991618685957;-12.74371203532806;-10574.369257142365;-261.6947717271472;-8.695161386632696
('easy', 458);-1.6868901106148524;0.47476098699045827;0.33397371297818046;-12.703706700714362;-5257.371533104385;-135.81584048346662;-7.158822515120182
('easy', 459);-1.9450537081441284;0.4950015849013316;0.23456455837127024;-12.092237551168683;-5945.8457979917475;-156.4239161505774;-6.897502976546411
('easy', 460);-1.6688649643418076;0.3005378649067275;0.17167298765075864;-10.407021329847504;-4841.444683201868;-153.07463638621527;-7.117064408911407
('easy', 461);-1.4717657750469963;0.5618544753756087;0.3051600125520242;-9.526470197751514;-2668.431823484158;-166.85538533613516;-5.686397563983985
('easy', 462);-1.4317373982255805;0.0891667981871492;0.06222481905469459;-12.071184141970852;-4743.601266078077;-145.7914399733642;-6.809430030535836
('easy', 463);-1.4326042118926452;0.1890374305820665;0.11344598539450937;-9.341155034149866;-2781.4126618167174;-173.4856007907553;-5.05997101516035
('easy', 464);-0.9334847727110149;0.44804975820542925;0.15245684393624886;-8.108784929217638;-1578.0380123458306;-164.3657541596079;-3.1066871247842056
('easy', 465);-1.4695442655649862;0.5315604901849247;0.3275596409102093;-8.45185575081803;-2506.345305833163;-147.30834766866607;-5.775765522198962
('easy', 466);-1.7441651054497356;0.534803738451009;0.27111620852878726;-12.89786271515532;-6518.208500993454;-213.69672118026705;-7.103022358751634
('easy', 467);-1.4678271580991922;0.5781841824266801;0.3736461554215485;-8.875918182741785;-2903.30570269956;-179.53456505529113;-5.528148782932555
('easy', 468);-1.55354703306203;0.430123531109279;0.14388635850526454;-11.052036024656989;-4357.959588373527;-169.5946999152079;-5.9608158990909175
('easy', 469);-1.8543545508385373;0.12975234030170374;0.06441168998376595;-9.926227993180389;-3407.0677911513117;-217.28067531352988;-7.7664850820531655
('easy', 470);-1.5838099970413002;0.379800572517897;0.10141590819042055;-11.722877447702636;-22677.62932138907;-181.197074137818;-3.8274567518647875
('easy', 471);-1.614550478365326;0.4703408775740361;0.21225932360181315;-11.899333885044191;-9641.42479558518;-191.93174681079057;-5.384970401544028
('easy', 472);-1.7958051467895242;0.455199751604872;0.2131702358757145;-8.82761570451228;-2320.3547168592368;-197.28886479334057;-6.789829778255552
('easy', 473);-1.7868944337184978;0.5605495769181511;0.2853288415827942;-9.092258986733242;-2446.476254107429;-187.96728678884796;-5.890119525789052
('easy', 474);-1.1705347953488279;0.252807851650331;0.1460721544664843;-11.962703498976781;-8586.259951903869;-181.3046339991655;-4.03356673629359
('easy', 475);-1.5646958588819915;0.50608647549326;0.2075356108316678;-8.966037082430994;-2397.0141414696695;-156.0562274569432;-5.663024326733051
('easy', 476);-1.3217660303662975;0.35805865762069505;0.24442513991748505;-11.57293730041172;-4018.0004900997283;-132.88777527388254;-5.617098577793231
('easy', 477);-1.6137736810827452;0.5280182480526129;0.4714374882315008;-8.679055535401906;-2252.426400464134;-143.60619052314712;-6.303499823614376
('easy', 478);-1.3536333611157347;0.4176497096681734;0.2805066185048442;-8.108784929217638;-1745.3608331129933;-167.8294757886652;-5.4479927069924265
('easy', 479);-1.127337859965682;0.4712109779853604;0.2293546824108757;-8.388050329152994;-2496.1937340041163;-139.76937968008838;-4.288474341492004
('easy', 480);-1.446054302313353;0.5540178263399995;0.3773473159192534;-9.279891230464434;-3169.30512841591;-153.80366124826293;-6.240098498303096
('easy', 481);-1.6689736410433906;0.467713058450523;0.27571354257898845;-8.108784929217638;-1558.7057733148733;-144.02046824780936;-6.490864271225068
('easy', 482);-1.5371636031880214;0.5322495065618033;0.24223728506733794;-8.967906241853697;-2397.460752964133;-164.6335297255197;-6.493720058669147
('easy', 483);-1.4809866340283901;0.6062074266866196;0.4629763925587801;-8.606099492857444;-2931.998836295324;-165.12040538291575;-5.792708996826587
('easy', 484);-1.5767458563787746;0.4971827757021506;0.1787344965452369;-8.734525281446267;-2952.787695535208;-195.496252697996;-5.1697568316875
('easy', 485);-1.5152577412629982;0.442635381750604;0.27143899308257485;-11.775719929077015;-5937.570350637971;-145.3420559574317;-6.015541497187971
('easy', 486);-1.7100081738674466;0.2543326743650929;0.16817213620000865;-8.108784929217638;-2289.9095372286733;-182.4788195388451;-6.691386062181002
('easy', 487);-1.5428094644407073;0.5370535804154892;0.474061171340215;-8.12879359992631;-1867.693895062063;-148.3772388654918;-6.389879980499754
('easy', 488);-1.1531082940704542;0.1842115805010074;0.12729571092316216;-9.617130534369487;-3948.059976476609;-191.02220268485274;-4.250930495659791
('easy', 489);-1.3500144255595876;0.3572779278474233;0.3037391373263944;-9.652669581969745;-2736.6398745141114;-146.38781518712912;-6.693523766866084
('easy', 490);-1.4253975627367215;0.5349205491332086;0.3707333613045128;-8.494633872830834;-2428.222407056415;-144.34177190518588;-5.691976165403021
('easy', 491);-1.4728680817827458;0.4768789345541216;0.2856368639131098;-10.360770312196749;-4217.338198494192;-135.618397302744;-6.57706667209584
('easy', 492);-1.20209778174557;0.43516908368854396;0.09729067336749381;-8.342983819462926;-2115.7845158051887;-138.37594502829353;-4.818457811648245
('easy', 493);-1.6427026464403798;0.5379204462840154;0.31425148552553245;-12.401425828841427;-4763.210465379445;-132.09099060181342;-7.181493159806812
('easy', 494);-1.352027355146084;0.47656142725622314;0.3816763955773138;-10.735634979856195;-3503.2418836220177;-161.36297131025847;-5.1035123722897415
('easy', 495);-1.9612262663235052;0.5108007038710095;0.2764492468021945;-11.488037856625235;-6307.669695013894;-166.38364492078213;-6.624157789886133
('easy', 496);-1.4373035266087575;0.5440308452184537;0.3019616240651112;-10.997177664104942;-3580.965515462353;-165.87427229450594;-6.0677097084002
('easy', 497);-1.2634038958062188;0.42916575795706696;0.206725742190456;-9.81007229718338;-2824.161164890763;-169.6390787338314;-4.262716596917467
('easy', 498);-1.7228497352174008;0.41638195237386566;0.29237426392726873;-12.646548286874413;-8582.430039131395;-182.70784160881638;-6.984549132369256
('easy', 499);-1.2407100105858924;0.3788804716347659;0.15509099836126766;-9.4254527052679;-3854.2450179432435;-165.2310454246549;-4.430746042657824
('easy', 500);-1.4574828604996561;0.4988316234272079;0.31675332272658485;-8.124759709825373;-2162.01804168114;-213.45829859565436;-5.231591286027813
('easy', 501);-1.4034171779762752;0.2808414731911268;0.2403563158456449;-10.331083531016706;-5999.6647174657;-210.864383421342;-5.2611491672998945
('easy', 502);-1.4718854656823899;0.5835939763976624;0.4797353539474577;-10.150897097803435;-6853.936869753845;-202.5942323064605;-5.649542876651948
('easy', 503);-1.673049561160046;0.6327549183517662;0.510868631779136;-8.113550625290653;-1957.1181386496614;-127.05018673433732;-6.661012125462547
('easy', 504);-1.605036081150629;0.6808724567439155;0.43614768068094667;-10.48706403752104;-3370.404729563427;-130.65491635619918;-5.845119139045176
('easy', 505);-1.5614860743305377;0.48807320176660246;0.42112317266994664;-8.108784929217638;-1868.350785918097;-202.10764247223744;-5.544334697130655
('easy', 506);-1.1742027120834302;0.16307514761621905;0.07085513274674346;-16.635532333438686;-11819.370767135913;-181.26457316680373;-4.70803138706239
('easy', 507);-1.2097083304510523;0.3665999864450439;0.22035628160437024;-10.26906188570725;-3110.0577228738557;-190.96290744541267;-4.846253085382044
('easy', 508);-1.6895674189659269;0.46997167332386613;0.4217549688925723;-8.467612970480872;-2159.1605726358944;-174.7018005954701;-5.9457188207351415
('easy', 509);-1.5830600266787413;0.4398998751314677;0.29032646203832896;-11.246460603622186;-3781.501034987387;-159.02486353169357;-6.092757202959594
('easy', 510);-1.243250305874874;0.4118506435444262;0.20916280446565294;-8.15500312639404;-2043.1721268497752;-132.41978083845305;-5.0272613674025965
('easy', 511);-1.1806637234357653;0.5036570240424159;0.29871942091871945;-8.108784929217638;-1614.2789899766524;-137.14294929416863;-4.6689397635298215
('easy', 512);-1.7029474794140338;0.45939073299550093;0.17065445751926916;-8.530224817933536;-2751.99620555245;-139.2239010037588;-7.105719436062236
('easy', 513);-1.2648926304912236;0.5658773218669595;0.461176633817104;-8.108784929217638;-2023.3712279401639;-141.35548878175732;-4.895243008094209
('easy', 514);-1.8047407192121454;0.14299471206416198;0.06538518614376869;-13.927482132336477;-6481.807233127983;-158.20356954096326;-6.884770674725609
('easy', 515);-1.1303175112719983;0.558790214662517;0.37970855660505826;-8.389623068664594;-2372.262936661479;-207.06115812146453;-4.800140255024961
('easy', 516);-1.006480700236088;0.5706261022077178;0.3887432986975417;-8.108784929217638;-2225.9869192116444;-150.47783893336666;-3.977011398856568
('easy', 517);-1.7000365598373122;0.3614252241146695;0.22391622602828432;-12.851342699520426;-10113.04440340461;-160.20866239590674;-7.59855237250283
('easy', 518);-1.6540866849074698;0.5238019628681395;0.4295600369798809;-8.37245749763609;-2436.3070634449737;-158.42483153221656;-7.622371820097046
('easy', 519);-1.7447160794951488;0.5489879137610291;0.2918887155878639;-13.745160575542522;-15203.457506408815;-158.53743429240092;-7.079846843621702
('easy', 520);-1.5861717679623997;0.5109615876739169;0.3548140925435517;-8.633172787185979;-2246.9894470930362;-157.20266790520589;-6.0917001729569575
('easy', 521);-1.075527105829466;0.15260132222983946;0.05445736742299972;-11.645099746659952;-4095.3363824961166;-168.51823108752185;-4.025755735489768
('easy', 522);-1.3775350303139433;0.5560103144037815;0.3923688256641825;-8.12879359992631;-2196.1414606277203;-141.819068803044;-5.20208204942001
('easy', 523);-1.1097177186708862;0.4682256941057978;0.20054020197762779;-10.095946377821019;-3392.1047507242997;-173.8297834628384;-4.309209526975595
('easy', 524);-1.4512503994038102;0.5085352632997157;0.3796832899344944;-8.68326902478164;-3111.323271908344;-157.98471769234246;-6.277875336819479
('easy', 525);-1.5842617216810329;0.4953812814470392;0.4558089451758426;-10.590527019402675;-4330.010678600622;-196.75744406337134;-5.704277426677984
('easy', 526);-1.7083043575482062;0.5130967903241197;0.22312114134420014;-10.476436944946755;-3250.4398576645626;-159.72835394064978;-7.013990206048559
('easy', 527);-1.302016656750477;0.5044739362801623;0.26116090232219574;-8.552203724652312;-2285.530093008057;-171.00450982378672;-4.367439055455289
('easy', 528);-1.4551313138810125;0.33618435635254296;0.10625726967842627;-8.12879359992631;-1990.6021257398124;-131.2145974126571;-5.264279404865451
('easy', 529);-1.9206051429809676;0.5337102285273334;0.3854867827058863;-11.962703498976781;-6807.905399473449;-198.3856233672683;-7.270726615574293
('easy', 530);-1.2053993752185712;0.46242451241106586;0.26675010468486043;-8.108784929217638;-1787.6291316023535;-198.55403866452477;-4.775112946067835
('easy', 531);-1.4037557652926533;0.5303084126114269;0.3312532069719085;-10.093060372931882;-2988.6118126072565;-134.5490229579386;-5.739602221527204
('easy', 532);-1.0444160921813017;0.22228444630525493;0.05111831055847359;-8.108784929217638;-1558.7057733148733;-149.0777120178194;-4.136242361384706
('easy', 533);-1.1645365807086994;0.5503517905902483;0.4161345385408709;-8.108784929217638;-1836.7753515943539;-132.59948847305992;-4.436571497712681
('easy', 534);-1.5045099036649434;0.5604094354714444;0.3416708302478072;-8.716903680096447;-3452.720369479005;-197.0010804077477;-5.545866486744253
('easy', 535);-1.318247767855254;0.3027267443087302;0.11087038289873359;-10.00616908000124;-3450.4886356420393;-164.31320259181527;-5.171340948218199
('easy', 536);-1.2691336784890468;0.24930351124403105;0.07467369109813232;-8.665137426247258;-2344.1758966407874;-170.94402147813975;-5.0162339746518
('easy', 537);-1.191730978050693;0.5187610998645783;0.14882570992498376;-8.108784929217638;-1903.8043003052392;-157.19335626123308;-4.174649954130585
('easy', 538);-1.6257438032401526;0.21118311581938431;0.07334712654164513;-12.628199148206216;-18794.476929381482;-188.18224926581462;-7.403396060106611
('easy', 539);-1.6099328987362789;0.507298120791058;0.39216948614859337;-11.264894305311024;-5080.261036722067;-196.2192195528931;-4.42163368166696
('easy', 540);-1.3227826783511325;0.5294326426567356;0.17854504653020592;-9.336410870727887;-2602.1310786986155;-132.0734627331983;-5.211763510356617
('easy', 541);-1.2182837108339701;0.4080509692385178;0.06685887717830002;-10.711276536024155;-4270.107806130273;-135.48958028120495;-5.116162169459772
('easy', 542);-1.766241144029499;0.2646583197866562;0.16227678146328733;-8.99061298847983;-2428.250838243643;-161.09009773886797;-7.490430119657866
('easy', 543);-1.5943475491023622;0.33424093114259634;0.07702541579833883;-12.331467240234518;-4842.141802499881;-159.0719399149877;-5.973453092134429
('easy', 544);-2.2978530656461738;0.2551313884380398;0.23602238636655115;-10.664270493648225;-4679.120898814879;-205.1988326531317;-8.671031109377138
('easy', 545);-0.5747976157228051;0.12045265486228884;0.0894812532510735;-9.5597234694603;-4200.641882690789;-151.89782406173805;-2.243342966846595
('easy', 546);-1.4236723896409913;0.5700191849302229;0.39952037590836886;-15.026094421004586;-8380.837012253138;-144.27228609966508;-5.570736188385691
('easy', 547);-1.3661327398231622;0.44556473990029904;0.26392586038627286;-9.528106859327982;-2771.9654438393886;-138.87350736534265;-5.800200571777936
('easy', 548);-1.5321672570920162;0.39474474865505127;0.08049658281337552;-9.178500244316307;-2516.538372816962;-134.8937418034008;-6.869239863503317
('easy', 549);-1.320284638175079;0.30812830847140044;0.11055756953759047;-8.108784929217638;-2070.3359548079243;-178.65103912451033;-5.310233880991391
('easy', 550);-1.0011608630288604;0.5442998762165442;0.1130632174178575;-8.746447926403173;-2911.840646424409;-139.33215267530807;-3.50869656215325
('easy', 551);-1.0693710842827602;0.48685681822740967;0.288087790912718;-9.342514653665905;-2579.2637973533215;-177.73646709185783;-3.883616955257797
('easy', 552);-1.348540020479128;0.48760220263884035;0.3196508114882585;-8.526608177463348;-2184.787486816119;-151.72430180162064;-5.023306172586135
('easy', 553);-1.5206415077644073;0.22624765532115607;0.13376788572475615;-8.108784929217638;-1558.7057733148733;-167.34138101540265;-5.715257685617139
('easy', 554);-1.196125127776325;0.5628979885815231;0.38228061120327794;-9.103444189896965;-2483.670282602408;-119.42229224218818;-4.449441812990055
('easy', 555);-0.9745848716763541;0.29648246204728196;0.05806053634010832;-8.108784929217638;-1957.841938970088;-134.97089797701074;-3.6612224556887187
('easy', 556);-1.64424521762412;0.5063249677380786;0.30610726271614697;-10.181907334545995;-3344.9746566487906;-136.5626967228053;-7.0349857675220395
('easy', 557);-1.809344037621577;0.5468253708314785;0.4204107676976703;-8.12879359992631;-2149.027727013792;-154.69687706260714;-7.086476980416391
('easy', 558);-1.4302352205014863;0.5173782376933412;0.2755730404004538;-10.769064276505391;-3901.4347869438034;-207.4132817817238;-6.268366334475592
('easy', 559);-2.063124501024839;0.1615928298772733;0.0751837629068207;-9.499844986410544;-5268.028238122369;-218.02526089174597;-9.251147150635388
('easy', 560);-1.578016405803936;0.517187531934908;0.3007574279493278;-9.016298917211882;-2433.449485947447;-166.92078495390464;-5.9047259067440185
('easy', 561);-1.4479718336776326;0.5005376140828119;0.45254093048480254;-9.686635111125375;-4092.337208357421;-180.03927130850153;-5.742841314439869
('easy', 562);-1.3661862392251178;0.23613763140323074;0.12414857622399979;-13.544489880080372;-17712.205064335372;-258.3043543581821;-4.83086988066235
('easy', 563);-1.263128779591813;0.14235082442490615;0.0946999888544488;-9.507036387758651;-2658.080393879981;-172.53352237813183;-5.092020667050178
('easy', 564);-1.188612699676008;0.46137569980306736;0.4300336615908724;-10.72473568939816;-3571.7609134074587;-154.2463300144532;-4.53678640773419
('easy', 565);-1.5057879928302658;0.4614260184979989;0.310983472428751;-14.438307756102468;-8544.71781844248;-171.8223440505406;-6.344270274319487
('easy', 566);-1.376332515404794;0.3901523651608855;0.21205695643903044;-9.419557330787221;-3309.8263968186675;-184.02635500386506;-5.583816352025373
('easy', 567);-1.532752820405696;0.5627580774762888;0.5374473793545784;-9.215552409776853;-4055.4163638169357;-203.46917668368195;-4.617453828096634
('easy', 568);-1.3022963581178622;0.49895403018075324;0.3491305915298262;-8.12879359992631;-1609.194830940358;-131.82316852811903;-5.195483064209096
('easy', 569);-1.4858864236576295;0.13633984370551067;0.06614149519756896;-10.634117455477538;-3330.1602281020114;-163.73157861251093;-5.141350489605841
('easy', 570);-0.7681927442587612;0.41401348002656485;0.3891695614228038;-15.536920044770577;-8869.933298959375;-156.21353811685765;-2.936841680633048
('easy', 571);-1.683809521679541;0.17780403560496594;0.06443644495926074;-8.12879359992631;-2240.6507421141673;-161.88455015886026;-7.565185569800191
('easy', 572);-1.5600584760923701;0.5381127106984691;0.27286074410008804;-8.108784929217638;-1556.1551430282086;-134.34407946025595;-6.298615552142492
('easy', 573);-1.4806861718439113;0.5187305792534727;0.35848627236908953;-8.12879359992631;-1960.174788918932;-142.7074703544295;-5.467920920926759
('easy', 574);-1.0624047463025181;0.24226426009134117;0.163530610247799;-8.108784929217638;-1990.7381209555695;-157.9750050017711;-3.9034215592388435
('easy', 575);-1.1764646564772774;0.557433028090744;0.4307121186859839;-8.996371161779514;-2416.2843596277835;-136.79591779858146;-4.818038385425745
('easy', 576);-1.1584823680643257;0.5170664491602239;0.5097201635749533;-10.393309067983523;-6542.042156925652;-200.18023959946512;-3.9396722379155213
('easy', 577);-1.3088920244372997;0.45333093053907547;0.33566004952674233;-8.497551878986549;-2200.2235230870992;-132.195237225913;-4.917074311611406
('easy', 578);-2.0223523477102883;0.4450661560959778;0.24557679073894317;-9.48876015398605;-5393.8602632779675;-238.7708640185514;-5.863068297441215
('easy', 579);-1.1638540956478383;0.22216932709713252;0.10618892271402969;-8.108784929217638;-1558.7057733148733;-159.40040192137226;-4.259256280175271
('easy', 580);-0.7605479419082413;0.41058306226562247;0.1926010432278493;-8.108784929217638;-1558.7057733148733;-157.47164660726978;-2.9848607667128233
('easy', 581);-1.3227934284660505;0.5073769924033422;0.4476371368507913;-8.309015503199157;-2091.7478930496686;-167.3668596908675;-4.849776583317969
('easy', 582);-1.6445816306421674;0.45776824227031443;0.274194771546341;-10.020806733234927;-2945.7347449490817;-171.7809521873476;-6.470052759138744
('easy', 583);-1.9266433131651939;0.5225186094401433;0.31671575508366456;-12.358866214422632;-5498.3712451972215;-144.83180590849827;-7.474915836186009
('easy', 584);-1.3785038400919662;0.26252708833774885;0.166707873036969;-8.469884408141183;-2175.9814859068974;-140.06407035730751;-5.51845769953934
('easy', 585);-2.053106910272541;0.5292258917264868;0.390687456480625;-8.530224817933536;-2183.178912496243;-146.7659672568974;-7.4669954458460905
('easy', 586);-2.1053971088615864;0.5520333123579425;0.39132685033262504;-10.169387609201069;-5026.991744201165;-162.4391526694032;-5.959851911648395
('easy', 587);-1.4416529865249603;0.3017668822833768;0.11652129594263393;-8.12879359992631;-1693.9675959926424;-144.4709632946556;-5.823148039623564
('easy', 588);-1.3968907315717716;0.5794988764822666;0.4676674158097806;-10.42895640671376;-4546.498629187956;-185.87832249017578;-5.10648653292616
('easy', 589);-1.4174068392565777;0.5145862069380313;0.3758209508262537;-10.041118873688909;-4349.955523942695;-184.82162629521105;-5.132483285122273
('easy', 590);-1.3208276812171207;0.38944199060921625;0.07652215378631325;-8.938411016156062;-2385.1506479638756;-164.37546932933878;-4.646988333366529
('easy', 591);-1.6416966022637807;0.5266962140074967;0.3221129523628932;-8.12879359992631;-1919.3918430304075;-151.71778448211944;-6.361199014832522
('easy', 592);-1.5569208653096704;0.5331804333235488;0.2873301567329678;-11.708278648281484;-4156.24685599108;-141.13498638429053;-5.968638324204937
('easy', 593);-1.4047934677918794;0.4864989075539982;0.25036913474527844;-13.591009895715265;-6242.483717505012;-175.2988984921502;-5.395505712939924
('easy', 594);-1.8382750104805954;0.5693502615554634;0.37520982870771713;-12.46114506354305;-12062.494728601343;-164.71529707307158;-7.275566296583108
('easy', 595);-1.468712159155926;0.38428200205390034;0.13053725154618687;-9.090142583826864;-2461.3289900600694;-160.9156970399995;-5.539305419994643
('easy', 596);-1.073177855491178;0.19788925169967875;0.11296910773104714;-9.063543884061247;-2857.130230378283;-161.4909115013134;-3.53123527539407
('easy', 597);-1.3518511467179406;0.5072463423608116;0.39778423844597965;-11.184493879872987;-5767.3566788011785;-173.6117726223975;-4.647769226905935
('easy', 598);-1.3855134311069284;0.31653090012794216;0.06148142829194303;-10.679694963973857;-3385.915509016826;-138.85258673709708;-5.22266070149671
('easy', 599);-1.6212847437650384;0.395511526779817;0.11419971670433612;-10.166282016642915;-3454.4204755637493;-153.53339770429997;-7.34441551036154
('easy', 600);-0.994957564001352;0.49034927731352124;0.3150566481467781;-11.775719929077015;-7797.030124282449;-184.8502291240692;-3.6424587883919988
('easy', 601);-1.383430515278814;0.538276622746931;0.3556689127116272;-14.332947240444641;-7068.427446270758;-136.01419704239262;-5.361198859056943
('easy', 602);-1.5347530266314142;0.4148583839008985;0.31796873284650695;-13.639800059884696;-11463.583099687565;-198.8708353311978;-6.414787921085568
('easy', 603);-1.9170910377573922;0.16024108773426943;0.08053736818591888;-12.946652879324752;-8959.859776264768;-190.01936478838135;-7.3905624367428056
('easy', 604);-1.3790898474139934;0.5222081116722912;0.3255446055554879;-8.12879359992631;-1607.0413318231117;-137.6595540224911;-5.711753105549245
('easy', 605);-1.639092233312977;0.6025423798576256;0.4200336416001931;-12.030362147450596;-40207.780572704214;-165.6959883599916;-6.055962668532229
('easy', 606);-1.3627490053369995;0.4545651624966421;0.13821996180059498;-14.332947240444641;-6967.987989469677;-124.51409561862245;-5.50508682855165
('easy', 607);-1.3412190561247606;0.5317590058112546;0.4305700258565367;-9.96349938797762;-5024.592899428539;-162.02011866505518;-5.407081965484519
('easy', 608);-1.3287979465633926;0.5163867401182682;0.45477330971943686;-8.108784929217638;-1986.2695363421333;-146.4655142134234;-5.000366177249696
('easy', 609);-1.4505994652478764;0.28598038172896517;0.3722922775494584;-9.250301410372114;-3040.661184399118;-176.12278161217483;-5.622036345728633
('easy', 610);-1.4159733975804556;0.5193104230806381;0.3577032055851374;-9.336410870727887;-2602.1310786986155;-138.05718721813156;-5.616534519829262
('easy', 611);-1.2415922360811102;0.5567012366496198;0.3949264012085628;-8.978249540460498;-2827.9275222392903;-146.05527191391172;-4.8917851754093595
('easy', 612);-1.4785134036474734;0.36592485738231484;0.3925322993969678;-9.186616230894487;-3059.2618039428207;-178.45684090385427;-5.655286030454082
('easy', 613);-1.616515773395346;0.47483057502099246;0.2824398945934316;-9.167590001152835;-3627.2300378392456;-139.4740755330844;-6.118712082242792
('easy', 614);-1.6097455674193786;0.43606026775496665;0.14043672544056332;-9.269087185111088;-2612.3472638852504;-198.32435109174136;-6.067512060199337
('easy', 615);-1.3334630721458969;0.5528694726314005;0.4181285424265537;-8.108784929217638;-1558.7057733148733;-147.25184433502304;-5.043761512441017
('easy', 616);-1.172214402554924;0.5842136534907137;0.45639494379577245;-8.281328770516913;-2463.5064509405197;-138.09594305187954;-4.719202434470509
('easy', 617);-1.6437310819848603;0.4955260339727913;0.4090770048255523;-11.81525076783365;-5660.522644144578;-156.25216692301672;-6.882893275774313
('easy', 618);-1.3097735403251263;0.4051880597777972;0.2270106872809493;-8.996371161779514;-2392.1905342930913;-196.37383350094825;-4.582651584024834
('easy', 619);-1.969370841620911;0.5320877663115848;0.20150519485750595;-11.488037856625235;-4126.683494794679;-148.72996835783596;-8.123720888623788
('easy', 620);-1.2935904530658116;0.534043752114204;0.16256095652657532;-13.20154512895354;-5735.1318688358015;-160.46905207634563;-5.229523288512157
('easy', 621);-1.8227009711778686;0.5086208057284978;0.3555954077757022;-8.340982818295009;-2161.970195132906;-187.92519081362005;-6.548604071873611
('easy', 622);-1.2637791045090088;0.5540002338263055;0.3118290452514624;-10.288143123782676;-3674.888660495661;-180.3200728846047;-4.4936589195810255
('easy', 623);-1.6943398303071728;0.47053814373705705;0.2269761468357027;-12.74371203532806;-6142.8745989659765;-176.8435540358588;-5.221284767547472
('easy', 624);-1.7272560075383674;0.49665974406091223;0.4590668813909875;-9.4254527052679;-4731.4552111523635;-173.7285091703224;-5.4916056349287246
('easy', 625);-2.2680701187181316;0.15423928274513668;0.06313413283615123;-9.898565375436831;-4041.0604692290167;-195.29500352091893;-7.985332492487371
('easy', 626);-1.4437919386332305;0.4214865842612189;0.4104925794387042;-11.223886281583647;-6523.298585234105;-225.43904690013005;-4.947381707474949
('easy', 627);-1.4670864530607401;0.5451144318119906;0.37928300393281755;-14.689622184383374;-9552.917376268468;-145.87767987146714;-5.798286298338032
('easy', 628);-1.073848140157293;0.4504169970717508;0.28247445786347847;-9.801423594624849;-4818.546486375707;-191.70624700733177;-4.273016649452012
('easy', 629);-0.9083635495247538;0.24404525696679527;0.1419615997028567;-9.986547783413911;-3028.813761232087;-171.592488136705;-3.0472420509504254
('easy', 630);-1.531637455168825;0.5747070626677317;0.4751223922612385;-8.344988832665948;-2122.300635179335;-156.01293107860158;-6.13557531566797
('easy', 631);-1.3423162945784426;0.530931565353446;0.4140133059623631;-8.746447926403173;-2312.520756365419;-135.60634916968957;-5.447078253360165
('easy', 632);-1.251217621189908;0.48745044476731025;0.1928427285208473;-8.12879359992631;-1578.369307623359;-154.41529969626703;-5.080573796756118
('easy', 633);-1.4193327419102981;0.12237059091090761;0.06212163617996087;-11.499733896388426;-3959.602761824336;-201.00458514711804;-5.338999145980398
('easy', 634);-1.0251294171934646;0.4514561470085161;0.19742194125010942;-8.108784929217638;-1558.7057733148733;-146.82007491229527;-3.995205616452258
('easy', 635);-1.757541427965184;0.2878641401862829;0.11666256711764432;-10.656646568537566;-7658.040656079347;-217.74662976924245;-6.330064475284958
('easy', 636);-2.141752470170614;0.5219816087075019;0.41278187825163726;-8.108784929217638;-2050.7542470144735;-146.99113599379416;-7.289002479854994
('easy', 637);-1.097162335520874;0.5312546685256059;0.37144221374851233;-10.175627879061153;-3058.9824106648593;-126.49365724762647;-3.7867653368569165
('easy', 638);-1.2604634657906846;0.5572234296386455;0.38598638386516176;-14.237637060640317;-7091.894737294841;-161.80186644629845;-4.536550747868694
('easy', 639);-1.6560345960028204;0.5322861079247022;0.4340529443514922;-9.620717982163143;-2981.0014098553856;-192.5544037676668;-7.279753094613797
('easy', 640);-1.3193083578564562;0.5405574993537037;0.46416667448962495;-8.108784929217638;-1966.1148053299814;-189.54823248459547;-4.8528618546009055
('easy', 641);-1.2575441814330375;0.4772721371749386;0.18989494448634178;-9.270985319183046;-2613.3391692201412;-159.11873761924238;-5.0716214949053695
('easy', 642);-1.7735315780626695;0.40898245174639974;0.29269316813211044;-10.19299216697049;-4649.833651540574;-174.59205072284865;-6.049151708187339
('easy', 643);-1.4524617693553041;0.27290072930559733;0.07789616273865568;-8.12879359992631;-1790.0639974978922;-144.04431826103882;-5.919931730403288
('easy', 644);-1.8682676711362944;0.3909825691859407;0.25728635595769195;-9.920148947104007;-5769.974298135069;-224.15038482394507;-7.143704260594669
('easy', 645);-1.0915180142982301;0.326561268781616;0.15488229105824036;-8.108784929217638;-2303.880305852821;-169.9204824072475;-4.220713072067854
('easy', 646);-0.9282543477465793;0.4871320137032284;0.34261737076422777;-8.108784929217638;-1558.7057733148733;-131.36052144340752;-3.624978109193282
('easy', 647);-1.8969951575765407;0.43087969583781643;0.10681389872775168;-9.039642415720149;-3831.8641197097645;-192.0534281121072;-8.252178548740615
('easy', 648);-1.5718718386188701;0.23543711565033226;0.20799466240745784;-9.96857554100948;-4230.485643892154;-234.06765325606906;-5.590594799477484
('easy', 649);-1.384595141036596;0.414599886409378;0.14143022665493005;-10.37786474555605;-4978.215413520242;-133.9459397850552;-5.694823814500183
('easy', 650);-1.3922540233481744;0.5244655153928226;0.38745921158319374;-10.432996816250766;-4514.264042225527;-149.858672537038;-5.953812769432228
('easy', 651);-1.4994668100232396;0.40365072645770655;0.3204114506710471;-10.070267363403326;-6222.646958074185;-210.64709103008397;-6.146748227787978
('easy', 652);-1.2097917447519815;0.43053951653415956;0.32978780743864583;-13.16979643063896;-5660.825840695086;-206.76816553613497;-5.029780239772007
('easy', 653);-1.2667493316684912;0.5034249216077203;0.26595369511457434;-12.89786271515532;-6076.2488746568315;-162.04811680887988;-4.547003212677288
('easy', 654);-1.675169755134554;0.5230528944552063;0.3566619399843124;-8.108784929217638;-1567.1191539670788;-138.18673322649022;-6.471372939454647
('easy', 655);-1.5223096742606625;0.4323979183201335;0.23672000168342444;-10.595277622161273;-6442.834301668296;-225.68664190990705;-6.558238305611639
('easy', 656);-1.9456130142574994;0.5606480092839127;0.3995840142393664;-9.824287954837395;-4159.402860638389;-187.18852493653011;-7.484093023819495
('easy', 657);-0.9881994370098407;0.259305962714488;0.0599767932959838;-8.108784929217638;-1886.4226533663132;-190.12321240177323;-3.5222293311975434
('easy', 658);-1.3466327988952835;0.5472079303860939;0.3218761398628185;-10.484929564992408;-3232.8563824541043;-129.5489749408763;-5.499140325339317
('easy', 659);-2.0533119707756677;0.13749401358763824;0.09870319764778612;-11.57928652809038;-7948.172697901199;-162.72301091577154;-8.508726202010013
('easy', 660);-1.3578248833273898;0.5163186743495641;0.16158018332546223;-8.108784929217638;-1775.5625762139682;-129.9373536573138;-5.654762151156038
('easy', 661);-1.2990635355689846;0.5585863356264485;0.3217340524231151;-9.296644199599807;-2641.7244052759706;-153.25829239859604;-5.105954286815789
('easy', 662);-0.9341512532677338;0.5046923180447882;0.2803803350219401;-9.811158663395602;-3446.8342798109793;-175.4125115369839;-3.702649311505706
('easy', 663);-1.248673477480539;0.4720250555985128;0.3957628393480319;-9.506234784509314;-3887.201118734186;-177.70697744153026;-4.191760387098161
('easy', 664);-1.9657933327579946;0.549957007568942;0.4071321585921596;-12.575089322892268;-12269.786646640034;-230.7138590677612;-7.43506609924552
('easy', 665);-1.3087107794790533;0.5775795227945784;0.37489650589064777;-11.04454535292783;-3615.051128251044;-175.5413204397768;-4.541635752960743
('easy', 666);-1.534293836618747;0.3637296675858659;0.380415113853661;-8.957668832760477;-2425.9504627847136;-192.4055160973555;-5.938951225707096
('easy', 667);-1.5832519875976514;0.39811230065824915;0.1132380121494019;-9.418088901742156;-2729.6271408401058;-148.10156307967927;-5.9557442957139655
('easy', 668);-1.7104224224555487;0.1933426440418576;0.0955453934636102;-11.624897039342432;-4650.245619624379;-221.55853941144468;-5.723356468211179
('easy', 669);-1.7007471066938178;0.5504893259913985;0.24675465585761455;-8.246172513532334;-2257.9180950793893;-158.83113445604104;-6.339967590107189
('easy', 670);-1.0331484260191093;0.41532924976842833;0.3071241375043513;-11.488037856625235;-8756.928419590222;-190.13764482511084;-3.9270822705875017
('easy', 671);-1.5824169398819647;0.29327888413563574;0.14129107647849673;-10.766235420304913;-4780.208645246688;-188.7573990232562;-5.314396508514237
('easy', 672);-1.247077026545847;0.5496595394705559;0.33821336705178967;-8.746447926403173;-2520.052597086861;-137.48231606387424;-5.138155890147801
('easy', 673);-1.7651062679439187;0.21789466640414223;0.07220685987626072;-9.472359942592044;-2640.1933441557326;-146.038518667711;-6.831603753221902
('easy', 674);-1.4102452490572768;0.3559462271523368;0.14024727553302546;-9.503833822971776;-4153.047725146682;-194.80488365282295;-5.440959968102717
('easy', 675);-1.3394519808097587;0.4754253549261361;0.10468754110044268;-10.309382860283588;-3137.5952292068423;-163.953482225192;-4.62869761010989
('easy', 676);-2.01305991902422;0.29020620271308106;0.11749167209753966;-13.591009895715265;-23990.813995912533;-207.48612164356254;-7.35263580568867
('easy', 677);-1.5087205484601027;0.466689301443376;0.2817050661438864;-11.43703530217286;-3910.2604722453257;-137.91590396564357;-5.99613824343352
('easy', 678);-1.89104892095014;0.46475956075290126;0.3383088016244021;-11.43703530217286;-10539.630787284066;-201.22987115063893;-7.79409216640985
('easy', 679);-1.4797055494886249;0.45206148619110686;0.2958671658527342;-11.68677244306052;-4110.527710159707;-137.21740349037532;-5.80777467211141
('easy', 680);-1.58434740389619;0.5552932229458787;0.3676272366056074;-10.435023159395998;-3221.868179195337;-150.0646932282312;-5.844300887647137
('easy', 681);-1.675673683920174;0.5536507312803147;0.3170487118313595;-8.967906241853697;-3156.5155995238806;-144.28398391382075;-6.675696026948062
('easy', 682);-1.6524302295759474;0.3486357422990647;0.0653505574419442;-8.12879359992631;-1598.9994563641496;-149.49719106302075;-6.332178514846695
('easy', 683);-1.7315872403962365;0.15874309781974755;0.07488814724835241;-11.631586027493228;-4110.322334177813;-139.87870237923835;-7.376263258504264
('easy', 684);-1.9593937470351204;0.5928403459963149;0.37705696589325455;-10.132742287523063;-3012.424950444844;-222.7915183964989;-7.059057647334652
('easy', 685);-1.6870086917678537;0.19348445042526952;0.21355064948489785;-13.691093354272247;-6137.4883757102325;-204.79310252580498;-7.302980472945203
('easy', 686);-1.1244382271167503;0.42901785561289324;0.2606104845892339;-8.108784929217638;-1917.4446097646246;-174.38241604612688;-4.383366713337168
('easy', 687);-1.414893140192839;0.5234565965603573;0.36213389511531024;-8.967906241853697;-2781.2323064731863;-180.45675620910882;-6.189136125497735
('easy', 688);-1.8124780776919465;0.554300197809333;0.35945632798451266;-8.12879359992631;-2188.363495737617;-153.78961280483273;-6.676789078541767
('easy', 689);-1.705769632582263;0.5216706846670071;0.20785054055855057;-10.32561405521217;-4828.016570845997;-200.3614574050573;-6.39296827732141
('easy', 691);-1.5807931987730637;0.41638580625928;0.2592645334008888;-8.715449134385453;-2740.7811461149367;-168.17048095335082;-6.347285639829134
('easy', 692);-1.758526122313285;0.20186767956335466;0.057276769314137305;-10.997177664104942;-5997.665855921749;-164.81633243154508;-7.114245594368729
('easy', 693);-1.2434173541976097;0.5580222777782177;0.18746928439871768;-8.71763174711077;-2280.410016756337;-144.93281422454882;-5.0960135988104405
('easy', 694);-1.2271009462691647;0.29837761326401446;0.1220009867612962;-8.61526186061945;-2305.4807982826073;-159.6400692454252;-4.935236982261911
('easy', 695);-1.5812635264193435;0.36750776505501953;0.11609503328034532;-9.758236261941258;-4809.304854201613;-174.1769345115402;-6.137043231767531
('easy', 696);-1.725805754270784;0.5169783602047439;0.2666855191330385;-11.935051967646272;-4349.092196410786;-154.86171634314627;-6.1836118667939335
('easy', 697);-1.6884891515388583;0.5271845368955141;0.3382140766483984;-11.541782132631925;-5317.052159865822;-146.11716650096616;-7.203422815254766
('easy', 698);-1.3075126057477833;0.5723989364776527;0.3825762832538519;-8.108784929217638;-1938.3981451769744;-144.3207496305632;-5.061087881440969
('easy', 699);-1.4401270873997525;0.5198795283202611;0.2424740973624645;-8.12879359992631;-1588.013829893435;-137.25849096347855;-5.444191557940264
('easy', 700);-1.49377417026708;0.346385394268133;0.3753929374621203;-8.714722654150087;-2891.81182936558;-180.60490170169427;-6.314869940244786
('easy', 701);-1.3367102683945646;0.5227361865374293;0.31543696743967237;-9.086449622626402;-2475.2428324633747;-131.7400416515273;-5.190087314524529
('easy', 702);-1.0725445597514625;0.40629152839624927;0.17103808889620647;-8.780763149939554;-2820.750629287234;-166.58694817977016;-4.5468141533186
('easy', 703);-1.1729224700179839;0.5327330569231328;0.25385903216097416;-8.746447926403173;-2293.5905021777116;-141.19646233917723;-4.5641921417305795
('easy', 704);-1.5576498558858323;0.4632401026007904;0.37229473861015383;-10.674526993815414;-4249.263330855395;-143.63019487319556;-6.1601660452021365
('easy', 705);-1.2768864701751201;0.5543879602105125;0.36594428251365674;-14.556090791758852;-8856.378139482025;-154.20921353092893;-5.88566477798745
('easy', 706);-1.6306712994548889;0.2352467677191917;0.1153837794436274;-8.12879359992631;-1588.013829893435;-157.99556991694365;-6.709745912900038
('easy', 707);-1.7200678373794598;0.5320601279778088;0.4492909908395101;-9.579357049338277;-3850.9269033151527;-145.6700636990701;-7.781048035220219
('easy', 708);-1.5800080039944517;0.5280774060160663;0.2803431446637227;-11.651925711730351;-4081.9796155423655;-186.96882179343805;-5.834898142990721
('easy', 709);-2.0324627463829197;0.48329509899487255;0.19875693893002006;-13.591009895715265;-16281.094283246846;-167.83640233397486;-8.36880767336992
('easy', 710);-1.8278910634388577;0.5344617299491442;0.252988574224258;-8.12879359992631;-1578.369307623359;-157.99296404198353;-6.147288442555614
('easy', 711);-1.9570923366896182;0.3804894744089037;0.20174484594277092;-11.78350206951907;-9685.438001664474;-166.75808027358667;-7.836103684211779
('easy', 712);-1.1609024076121899;0.5367883305302829;0.4028833026803689;-9.854474707502508;-3385.99018110538;-173.63325654601485;-4.648652959753596
('easy', 713);-1.696896202801506;0.3379377696234927;0.08907107747712159;-9.066636670031691;-3560.032838123825;-192.849346857328;-5.594976649904323
('easy', 714);-1.4151564761653823;0.16596454563528157;0.0815189580215319;-11.658798591018114;-4109.657953625001;-131.5816530193149;-5.780106107747298
('easy', 715);-1.5291624575715397;0.4928932854935923;0.32665833409497;-8.108784929217638;-2083.2767537388995;-138.44159534050254;-6.493699307393384
('easy', 716);-1.6097265862517207;0.15815673424158566;0.05467762695406223;-11.97209323932662;-5392.829565783905;-207.55727258696885;-7.085762416017084
('easy', 717);-1.1190340378948698;0.29004095099419314;0.35294523602860406;-9.15510402736448;-2630.492916075326;-173.54838880803374;-3.880045139901593
('easy', 718);-1.3703935884428022;0.5213911149883209;0.19685536511369212;-11.206186704484246;-6148.50989566367;-147.96025332697383;-5.701383488500842
('easy', 719);-1.5801052125017452;0.4012952579350525;0.3575839237802337;-8.313867526303687;-2298.551709403439;-191.18408924004132;-6.638670879181144
('easy', 720);-1.6450876307449294;0.46746848717900663;0.21063608120213678;-9.772774420387286;-4641.118526170234;-138.9860787190922;-6.712147111187529
('easy', 721);-2.0450032936297116;0.5191534019579964;0.26150161921206383;-11.881942142332322;-6866.425692357813;-180.65196501224278;-6.201351941468065
('easy', 722);-1.701192421547506;0.5892278935297159;0.48713038298983685;-8.108784929217638;-1558.7057733148733;-150.33601024236626;-6.871515967214765
('easy', 723);-1.8273065167372766;0.4951194549358857;0.332343963820218;-13.139024771972208;-9220.098052628751;-220.58474023997334;-6.588591944262902
('easy', 724);-1.7322372151656171;0.4257188521667885;0.330971160641231;-8.108784929217638;-1837.824291210395;-224.11371545878987;-7.9655579807508285
('easy', 725);-1.7439785117008204;0.4775865058439861;0.40353559016084406;-8.526608177463348;-2184.787486816119;-164.1646169150285;-5.000095581636625
('easy', 726);-1.3476120935573508;0.4861671995454458;0.29381865498787696;-10.0275317081426;-3705.7880641235283;-178.70075982386064;-4.86186764559116
('easy', 727);-1.6737613417821886;0.2315999009916827;0.10071818591694706;-8.647328736416112;-2457.3792289000266;-275.4397385048229;-4.658853970681567
('easy', 728);-1.238649394983359;0.21343939790904698;0.07106526831675024;-9.184290648451011;-5045.757690564528;-205.61209507025123;-4.436841360135529
('easy', 729);-1.3564433512068934;0.48828500369573286;0.47741258893452526;-8.997334089152908;-3415.810467541307;-205.34899065126865;-4.38123596334734
('easy', 730);-1.4887949159788638;0.5165956308947383;0.459843048658461;-8.12879359992631;-1830.4969437316477;-155.44747290017614;-6.2263718702005075
('easy', 731);-1.2256127612693444;0.5631282484524641;0.36660877673053427;-8.108784929217638;-1729.4443918173415;-170.00539548653907;-5.382870260022004
('easy', 732);-1.536674394137521;0.5298022712992931;0.47474704545360397;-9.269087185111088;-3259.0068161880304;-178.7069804064859;-4.326726774000367
('easy', 733);-1.4517905016520916;0.5134203602510661;0.3746155015837011;-10.562487799338282;-5657.532077503437;-192.4912919914886;-5.9436699405293245
('easy', 734);-1.9359479293995143;0.5693755860211396;0.47745580553655514;-11.193114622916895;-3772.2494906741167;-148.375998463414;-6.245133061059993
('easy', 735);-1.5605550252926677;0.5533046514754587;0.40201469042458027;-8.923088499163697;-2781.681071423151;-194.96588618237652;-4.586746667833403
('easy', 736);-1.5267440263073517;0.09946328435574267;0.040866820320536026;-14.843772864210633;-7770.501121653166;-132.06130918744367;-5.95726978476063
('easy', 737);-1.6750163512154446;0.4429163792523707;0.3731946262297395;-13.377435795417206;-9505.699093985308;-184.42544033788064;-6.828454295067132
('easy', 738);-1.470193698360067;0.46225771047595166;0.34242863036053967;-10.248653014076043;-3103.986776387255;-134.1698712879207;-5.4649381337325265
('easy', 739);-1.3596648039913917;0.1427133111727207;0.18114120669100345;-12.828869843668368;-23476.506209963125;-288.0060697045476;-4.161071537770822
('easy', 740);-1.4323064506685173;0.38945712508758007;0.21322237685577133;-9.684717564996104;-2754.2369670509765;-162.25793543152366;-5.947995282722419
('easy', 741);-0.7585549293030256;0.4058486032607589;0.37347880130456945;-14.438307756102468;-9549.212823679725;-188.74901539848523;-3.35324852821753
('easy', 742);-1.5504025240979753;0.4369291776825164;0.23774702619970345;-14.689622184383374;-28145.634155318363;-180.50195244213864;-4.052118948309144
('easy', 743);-1.3519469870860001;0.5741281122250087;0.44749098035442486;-9.269087185111088;-2753.4300681766413;-188.97642962922535;-5.848205466659076
('easy', 744);-1.2476680974758685;0.3207891505307707;0.10060014672625105;-11.154893410096696;-3720.787804739897;-135.54484840501556;-4.926581182357447
('easy', 745);-1.5211767508771097;0.43428134015298747;0.30619985904311603;-8.957668832760477;-2453.647626453538;-169.62669872617664;-5.362725124413779
('easy', 746);-1.8383244082264247;0.40921861305810525;0.1833002473725024;-8.12879359992631;-2002.744455705859;-141.49467309032562;-7.336652820275234
('easy', 747);-0.6322657249281068;0.5498036623792397;0.37232071510581205;-8.108784929217638;-1953.7827984286457;-155.8001045282019;-2.7148009038196705
('easy', 748);-1.6716617355458552;0.4123065051511988;0.3437547805266685;-9.738838001815976;-6239.339413442618;-232.43562858911;-6.146626214923117
('easy', 749);-1.1588745555297444;0.17267631775238396;0.12343560691251236;-9.808987109882093;-2823.548282635788;-162.25482274912233;-4.90734742424861
('easy', 750);-1.3116896030638525;0.1975730192825239;0.0988213557330394;-11.752730410852317;-8581.54570039992;-231.0020324925211;-5.333073809585249
('easy', 751);-1.424679018741427;0.2717833633339606;0.43048485864416247;-10.250337934440962;-3113.706077612991;-203.48244575671708;-4.842268457236867
('easy', 752);-1.3530389979968076;0.5598518805875418;0.4289123408039205;-8.12879359992631;-1588.013829893435;-131.30472837211556;-5.058378762469086
('easy', 754);-1.6846972134240514;0.5258919318476292;0.34238197748805094;-8.108784929217638;-1721.5357781817859;-172.12961760218613;-6.241160512796577
('easy', 755);-1.595938927269142;0.5199239271912863;0.20240004361361466;-12.524658469265376;-4883.9197868530055;-166.662511927352;-6.37131374728466
('easy', 756);-1.5807768078086226;0.47969753191201364;0.33674441976623837;-10.416932213746959;-3189.1888489305816;-143.1010727755359;-6.572595792833532
('easy', 757);-1.3379465000807067;0.5340338633355373;0.3300698539284943;-11.052036024656989;-3782.0783632794673;-148.8873324158714;-4.793376542729504
('easy', 758);-1.5535618811623837;0.40318436973718685;0.27860265561964376;-10.49996744235695;-6043.126008427422;-219.5147601228206;-5.872499330653681
('easy', 759);-1.6030569351589177;0.5602536898975923;0.48223471790045414;-13.234334951776532;-11270.917514608956;-183.77366737434252;-6.4000107525356125
('easy', 760);-1.5559719574921203;0.476315798110411;0.2770870553889542;-9.756176528978248;-5394.606081390645;-161.79469253465675;-6.421868439783137
('easy', 761);-1.7057655563861398;0.4009063577980778;0.10276272278187124;-13.139024771972208;-5496.904506377642;-143.4227268362568;-6.60047187429743
('easy', 762);-1.6872038470312796;0.3869587778809572;0.12130033183241265;-8.199983131062961;-2073.100280832046;-146.86593289369068;-6.27029975408497
('easy', 763);-1.778949657435371;0.5403130631038277;0.45240712670216426;-9.227608010879088;-3125.127659815424;-202.2130721341726;-6.737375731978803
('easy', 764);-1.3665895253672926;0.5560658136851624;0.36900041928078625;-12.401425828841427;-4742.109571869248;-193.34680487648723;-5.220205629880714
('easy', 765);-1.355718578693758;0.6249679064972461;0.29739398027354647;-8.108784929217638;-1567.6774437966749;-121.32726074326386;-5.152889254282631
('easy', 766);-1.637476197997461;0.4580348076896065;0.30385950727579925;-15.249237972318797;-11317.85420235801;-205.60622474764352;-5.628164688881162
('easy', 767);-1.4528286883055994;0.5029803710872863;0.4002470890572799;-8.684677475718699;-3110.6979333044474;-200.48362537774133;-4.972232841096732
('easy', 768);-1.4149071384634926;0.32576006505917776;0.11126106532496441;-10.37786474555605;-3871.826137561414;-152.82331511982034;-5.172010302591245
('easy', 769);-1.544716655236407;0.3863009557481052;0.26115101278218017;-10.842518725054545;-9668.136932664025;-214.6904406191944;-6.3647799562120415
('easy', 770);-1.4115744377658899;0.3661237746115196;0.11853121039040278;-9.220357223825392;-5873.254818213338;-183.15889841364893;-5.628900533611406
('easy', 771);-1.6999241778160699;0.27907823263882486;0.2405984280000953;-8.278507894175272;-2079.0239049900542;-172.26136439014795;-6.639137272890806
('easy', 772);-1.9724578534303119;0.20747466701098405;0.24888412287138423;-9.664802255295163;-4402.877147254433;-202.39556121396075;-6.872835608925281
('easy', 773);-1.182057238923361;0.34100829309171127;0.1333556757595466;-9.910498691271846;-4817.152077156257;-173.05795157881414;-4.688723084494198
('easy', 774);-1.3847539537469604;0.5026060250450937;0.36701611379961707;-10.669385594314996;-3678.397711088386;-183.43188837290015;-5.069747672098853
('easy', 775);-1.2432753335048268;0.2780506672581188;0.12987294580947256;-9.269719496229216;-2612.677648019241;-145.3360130156956;-4.853690152883961
('easy', 776);-1.2993711474220588;0.5470251436506282;0.2730019559183644;-10.23693739890348;-3197.563389751797;-139.72519409814737;-5.07695442557748
('easy', 777);-1.4376594484453422;0.5209126480347872;0.3146325155763603;-8.108784929217638;-2027.3672070478747;-161.7941560525166;-5.5913145811314315
('easy', 778);-1.9218067812107251;0.5541256581355732;0.28112566810377865;-9.50543382331311;-3242.2380128897366;-170.18083675952929;-6.916246056109629
('easy', 779);-1.4565029372110658;0.5286119870908889;0.36208653257582607;-10.749428301988532;-3609.088278631057;-150.12245008388658;-5.615582951892046
('easy', 780);-1.3179149598695736;0.5446168955540474;0.3514054110528075;-9.677083940141033;-2847.6112473482594;-141.7156466399693;-4.915092809862923
('easy', 781);-1.636497420606014;0.36604290738033074;0.253553470816993;-8.750955822842363;-2297.384377085979;-140.8332754197612;-6.5389526383101115
('easy', 782);-1.6311710201059277;0.308189067167511;0.10504977370357962;-13.591009895715265;-15456.865009987605;-225.18759361169688;-5.889261797765183
('easy', 783);-1.52035376897442;0.5301871464235721;0.4133816925632911;-8.627832320554662;-2241.502831860405;-138.13226871381974;-6.466611716499143
('easy', 784);-1.5257809305856487;0.5614675039923278;0.3235560897488372;-10.23693739890348;-3848.7969393939716;-187.40802868741284;-5.329652134221251
('easy', 785);-1.9135481883253582;0.47948644685714975;0.18303868918677096;-8.108784929217638;-2203.4668349112494;-169.01228680840165;-6.8250124706941735
('easy', 786);-1.6615099861173244;0.3341480414299172;0.25006357341035035;-9.48718658953862;-3413.370725075475;-157.12457894827236;-6.7947713806696655
('easy', 787);-1.443027517749601;0.4594373835522275;0.23722490249205555;-9.596748792050146;-3804.301922696978;-154.18122808091326;-5.248081952856389
('easy', 788);-1.4375323971911975;0.36992373499099823;0.2528903957998538;-9.309724830842914;-2572.5604975627816;-150.87476534610155;-5.900264847824198
('easy', 789);-1.757688746368047;0.404726141603794;0.3595257863943363;-10.562487799338282;-6436.959867939453;-218.3654361608991;-5.988737513795473
('easy', 790);-1.6073474319382226;0.315447992401962;0.17612078149202193;-14.438307756102468;-19404.52500954015;-192.56768998382734;-6.258734448176914
('easy', 791);-1.6515865531166563;0.3831188659533558;0.134867207075361;-8.108784929217638;-1847.8604009336261;-146.01497787778672;-6.661191776722044
('easy', 792);-1.5468313977242414;0.5092380721752722;0.28782642126841773;-8.735266296670986;-3856.9424793144303;-215.8925465046938;-6.044232757684421
('easy', 793);-0.9726217275165161;0.3943945856510927;0.30295961885758504;-9.811158663395602;-2830.2436449939923;-189.82749511135134;-4.1673252340953555
('easy', 794);-1.5025631544642775;0.474156337215405;0.18129207206557918;-8.853976374203347;-2348.4417289610537;-171.1114657423045;-6.056749824442532
('easy', 795);-1.1678889313940055;0.5254160315592574;0.393037200176075;-8.996371161779514;-3524.6208222127766;-178.61253903645178;-4.9984205538538955
('easy', 796);-1.543373074766273;0.410876989591933;0.216045484991021;-11.848040590656641;-7353.809955490897;-214.95797595204738;-5.740956423465721
('easy', 797);-1.744209831550292;0.44858448585171246;0.17916929950903146;-8.108784929217638;-1629.3735529484368;-213.58431006126247;-6.205940159394893
('easy', 798);-1.4214310089085445;0.3733397344184658;0.16818772675131086;-12.703706700714362;-14538.729660706575;-233.78567439280397;-4.752026518887271
('easy', 799);-1.7698285071092075;0.5497888930883963;0.44482614224259287;-10.410973904163328;-5632.392146968819;-210.620798012254;-6.145355139462033
('easy', 800);-1.56608233066002;0.40768647188258655;0.1987610076038175;-10.818421173475484;-6694.9566942716565;-173.51688867296227;-4.581736023849328
('easy', 801);-2.1940125231823093;0.3693074112791788;0.2614756430443352;-8.108784929217638;-1988.1167172702687;-191.00825546667747;-8.551957240621292
('easy', 802);-1.7207285733222277;0.3887993695275269;0.20183550195418104;-8.437993593717504;-2612.4287519333866;-174.78584491764173;-7.1269679957887115
('easy', 803);-1.6183593527852929;0.41171538518771966;0.1645967877234796;-9.150040725407933;-2486.4029169901105;-154.94918370886066;-5.703055387634442
('easy', 804);-1.1842981284011482;0.46828114085923644;0.20568669899996342;-8.12879359992631;-1578.369307623359;-131.85189776487195;-4.71712166682772
('easy', 805);-1.8964633695542288;0.5125692125073859;0.33419181129516395;-9.097037334025222;-4092.5598348363683;-223.40469239271633;-6.749320379671893
('easy', 806);-1.2613654648372614;0.3737173539589222;0.13870742613609935;-12.372852456397371;-7115.19910456031;-170.16905815761731;-4.336097019746475
('easy', 807);-1.3937960090360637;0.5087713095052322;0.4261280291459216;-12.401425828841427;-4776.882345729693;-144.15644146347037;-5.800855366728479
('easy', 808);-1.203519991028164;0.4823815460385148;0.46746452190057475;-8.108784929217638;-2578.5075596914576;-203.93122488811488;-4.2474582444063405
('easy', 809);-1.6743169127680033;0.4730125464478929;0.3090652908037049;-8.784649668628836;-2737.906602623729;-143.0676075091097;-5.979548681921586
('easy', 810);-0.8900450111616858;0.5396769025479574;0.2107781691761855;-8.108784929217638;-1558.7057733148733;-145.22934031307597;-3.423820802862164
('easy', 811);-0.9153252392487954;0.5677257115392453;0.4214865019706288;-11.78350206951907;-4254.255619320005;-152.08500844936765;-3.2810520847519835
('easy', 812);-1.1709627491842336;0.40488112266326615;0.1921322910363781;-12.74371203532806;-6009.154625513291;-200.35134088651506;-3.8368045499507066
('easy', 813);-1.7196610506359562;0.42348096139878577;0.2526276069864567;-15.249237972318797;-8490.060915540776;-161.6940894813462;-7.015497005534825
('easy', 814);-1.817866780048575;0.5859188928430731;0.4051307282083144;-11.022404227050616;-7696.631212396659;-185.75801879042564;-6.070712086242572
('easy', 815);-1.2440660269202473;0.3751627045471282;0.1980011730469174;-8.965103811247994;-3473.093171121013;-201.78030731606944;-4.837551241736331
('easy', 816);-1.2029498829620104;0.3851326035406707;0.11377371461879951;-11.210582315957284;-3737.1130122306513;-144.61905106591328;-4.899927168249977
('easy', 817);-1.5862628163038173;0.5452323199240643;0.21723811219817668;-12.000803345209052;-4734.194566423641;-192.7729285533615;-5.506642660496686
('easy', 818);-1.208566380304047;0.0724242228772705;0.05215338254661619;-8.718360344592911;-2775.545185112368;-195.22060263321526;-5.0198166553191
('easy', 819);-1.471242962107631;0.10079445512015706;0.06663162456319331;-8.271956630688049;-2517.6304604904685;-254.3930588465933;-4.351323749075026
('easy', 820);-1.7450310817486665;0.5641491542317831;0.3430696096422498;-8.258981471824915;-2163.6999363871305;-169.72122941896453;-6.591569196431344
('easy', 821);-1.5325661472766565;0.3545302527757952;0.14220286076450442;-8.108784929217638;-1558.7057733148733;-145.1363795609894;-6.585617116188132
('easy', 822);-1.5970781997261838;0.5502699808843936;0.46917151247494027;-8.161664266760823;-2031.0030445532254;-168.29522552556224;-5.668940984110305
('easy', 823);-1.4853574209361182;0.534832267289328;0.19021517360966114;-9.690481269712853;-4736.435770681944;-190.2657638307408;-4.9474483803777565
('easy', 824);-1.4688400849685244;0.09100728316913063;0.05293680954669463;-11.807218596136387;-22129.104235850773;-196.13309955806147;-6.592253107672797
('easy', 825);-1.4945533636322434;0.45320217636109544;0.13798314915953566;-8.108784929217638;-2320.030173041956;-164.38785377064917;-5.8568465706293305
('easy', 826);-1.55055399125219;0.362321034429099;0.24145625247007357;-8.871661045618465;-2384.733522474387;-142.42865674807842;-6.06718286368905
('easy', 827);-1.5590522431061098;0.5021428870701099;0.38861729813030277;-9.301855937781003;-2773.5601504408223;-152.16521927305863;-6.396003906660723
('easy', 828);-1.458031099543516;0.501868988582128;0.4069305021313913;-9.707974427160371;-4162.276961864778;-157.34462965825082;-5.429666631663795
('easy', 829);-1.305735445943118;0.40593724953108185;0.18621197728906727;-8.52962113545218;-2200.932130698501;-154.32797632013447;-5.0759059123594055
('easy', 830);-1.3478103249342457;0.17163817475382456;0.07866780680367483;-10.457588219388088;-3313.315530351789;-201.48330645210393;-5.360340792584104
('easy', 831);-1.3109733324520458;0.47926525256887026;0.3626545548295683;-11.228360561978569;-3775.8625690324343;-180.18461706919027;-5.069716193694165
('easy', 832);-1.1748149366998546;0.3721742487687339;0.29392530303426473;-9.686635111125375;-2753.7820378314036;-180.14766913081309;-4.085334725428681
('easy', 833);-1.3645751593989062;0.5654999021838533;0.2569697466488044;-9.717826723603382;-2961.9690206643595;-159.24022168875388;-5.16369170292546
('easy', 834);-1.2809151302680135;0.30539944398579105;0.09653623259900386;-10.695361080718255;-4555.239900134809;-170.54391737076008;-5.698734056390994
('easy', 835);-1.6162373259279197;0.6345822687636123;0.4592890025008437;-15.026094421004586;-14614.982912545729;-162.83381716660205;-6.362263981761478
('easy', 836);-1.0111156691352736;0.3599588446621038;0.08826221316590388;-8.108784929217638;-1954.9996907714833;-151.75849313402946;-4.130108484865248
('easy', 837);-1.2581891597733692;0.5530103840160255;0.43078493095081305;-10.664270493648225;-5346.650306747662;-162.5341010914774;-4.567702259336563
('easy', 838);-1.6877723711764248;0.5313786336804923;0.3579887998923971;-10.955359724421621;-4637.959195412991;-175.34044528328104;-5.486740812034402
('easy', 839);-0.8077546976850579;0.37473646463764604;0.10013325257901512;-8.718360344592911;-2776.078247086297;-153.55659845525548;-3.092848885889788
('easy', 840);-1.5610519008809178;0.5117892391532163;0.2595811427063335;-10.530739101023702;-3285.9334250134348;-147.0928073097378;-6.01234420526235
('easy', 841);-1.4889848888795567;0.34812995513816547;0.12618988433929842;-8.9036016114902;-3064.9289159282034;-194.31221573642864;-5.945774970396053
('easy', 842);-1.5838997067556302;0.4720828855021222;0.20656290541449557;-8.108784929217638;-2074.2591604416766;-151.65649500475615;-5.495917598711295
('easy', 843);-1.429000131591936;0.33694144969663165;0.4430211082620026;-9.2173515107119;-2680.587403099239;-246.45506992817766;-4.190744124600556
('easy', 844);-1.1071669755676723;0.5000524855995937;0.43447035932612976;-8.108784929217638;-1820.619951219003;-192.31703852166774;-3.8020294491421387
('easy', 845);-1.779902184112645;0.5416756889816604;0.2786752847448189;-8.329060173338103;-2111.4863241855837;-144.6266731377162;-7.059784322806955
('easy', 846);-1.3418127156488844;0.4984412711422953;0.19667909165465977;-8.108784929217638;-1681.6365507880132;-159.61262489038404;-4.383706830965761
('easy', 847);-0.8241377378961392;0.5332037864828963;0.4294907675570797;-9.796055895209845;-4097.515291800884;-133.540299773534;-3.330311235455251
('easy', 848);-1.5844349541046847;0.4370392662189226;0.12520896934393236;-8.142631834591494;-1734.2228887754302;-131.96244498822014;-6.587525504731633
('easy', 849);-1.3364192407559257;0.17168234986105618;0.06097826598441528;-8.208701582102842;-2059.718299649325;-151.24286701504332;-5.470434553594788
('easy', 850);-1.3210974980836268;0.4666260956552878;0.21456063939314263;-9.808987109882093;-3666.1794870704753;-156.5069342523926;-5.105306888705098
('easy', 851);-1.4884996559616028;0.4239891541281992;0.2251763713641905;-10.305811427915991;-3241.0703739952;-148.9794329582561;-6.152277590323062
('easy', 852);-1.4964683581556946;0.40867437373465104;0.27534022493692656;-9.496665333493164;-3809.6930103889895;-162.74738843600062;-5.175381284000448
('easy', 853);-1.3085462058588035;0.47873458221425413;0.4969043691107777;-9.267192647127306;-4801.582129121291;-211.34184589135384;-4.2109978217942
('easy', 854);-1.22865157900421;0.22863344762835808;0.10320690572318195;-14.070582975977151;-6822.925924925015;-226.51629447748658;-4.527222559110708
('easy', 855);-1.3343728980316003;0.47837426187026877;0.3085227506692032;-10.435023159395998;-3200.1624052728653;-170.54592622933245;-5.59954936254263
('easy', 856);-1.3088533321485036;0.3538499787253345;0.28570774169747215;-8.967906241853697;-2541.4015784725225;-149.49422859333848;-4.670086595134833
('easy', 857);-1.7467939998841373;0.45693404452696884;0.19706378756620924;-9.422500673603817;-3394.520447192306;-230.39805371599607;-7.165043513496814
('easy', 858);-1.626450468540624;0.42320900237136844;0.2537902837129595;-10.592899499756307;-3345.5412218979145;-156.33994171757286;-7.0586179282448835
('easy', 859);-1.1623782924156225;0.4831604527497851;0.3244322961695244;-10.626719147996093;-3340.674520639511;-137.23256535067662;-4.756256788439678
('easy', 860);-1.8468722653386107;0.17392556224168715;0.11013304611235376;-9.421027919287544;-4147.599767074919;-218.84947858194087;-7.731649503948812
('easy', 861);-1.5797290655142873;0.3314436478661525;0.2068233992025701;-10.311173371057377;-3477.601138938704;-172.4170538791387;-5.086428833954924
('easy', 862);-1.5521077108710175;0.5607377090152723;0.2719988738310566;-8.753217414458419;-3746.8879711374357;-161.09968198280148;-5.653385928124948
('easy', 863);-1.5897082360015322;0.5287720855360281;0.32282480912285666;-8.942050692603512;-2390.175699873732;-144.58934282155016;-5.479704038991898
('easy', 864);-1.6355299826706426;0.5368148582125949;0.4276809134501077;-8.747948301778408;-2493.2418504986376;-148.17734651372976;-6.525141338832055
('easy', 865);-1.527106337005136;0.5085633507673694;0.4795458858462316;-9.269719496229216;-3254.9050412226684;-169.90236216627324;-5.204572138963541
('easy', 866);-2.197526212311458;0.491237897802757;0.35365425441593634;-9.943448590932059;-5072.6169494431015;-232.58050048680428;-9.161889049988451
('easy', 867);-1.74733958901141;0.5400425581037681;0.3483037112692047;-12.806890936949593;-6077.704214318579;-153.53656700901178;-7.344717811267008
('easy', 868);-1.1127349350743105;0.43239329017701633;0.2745564486908567;-11.715551407610562;-4134.255276382814;-160.07233353064314;-3.9746389339210713
('easy', 869);-1.5625033645883173;0.4821330910225082;0.36774793853385024;-8.282270833704814;-2080.5891421524434;-143.77772728701095;-6.317377667264099
('easy', 870);-1.429921981719778;0.4874261553715185;0.31865619878475965;-8.496383654554622;-2409.9018010755135;-151.8202624185584;-4.862054410781398
('easy', 871);-1.203776024928123;0.4503782160300328;0.2967663440734221;-8.12879359992631;-1578.369307623359;-147.67260284967114;-4.732475613243434
('easy', 872);-1.4062080142163769;0.433721703837436;0.18059545112660289;-8.108784929217638;-1851.4189335769013;-144.39154027899463;-4.974627271708945
('easy', 873);-0.8468737005247943;0.5335905314257746;0.3270317693579496;-16.635532333438686;-38888.62813408339;-224.05551410895566;-2.48629779019857
('easy', 874);-1.337459259563721;0.3598819573516124;0.15044968574102396;-10.797801886272747;-3547.0709327055138;-162.72309595095004;-5.174111511789533
('easy', 875);-1.704101131230884;0.503553912913673;0.3272022933475443;-10.248653014076043;-3096.8087892798712;-135.80684047670488;-6.594303153474223
('easy', 876);-1.5884966390787933;0.4037459632038669;0.08610904035988516;-10.357010909272843;-3150.6195314215797;-144.97668244728212;-6.571972776084561
('easy', 877);-1.556334381665849;0.5448626089614672;0.32358048061334027;-11.026060538253727;-3764.5532019855154;-148.65849758851112;-6.266951884933631
('easy', 878);-1.4844508990206267;0.5949316716493205;0.5134518765689013;-8.108784929217638;-2000.414251970993;-164.3316860078367;-4.579499374425882
('easy', 879);-1.1352079198048648;0.5484769739270428;0.25194314548923563;-8.108784929217638;-1558.7057733148733;-133.37899395706623;-4.132677357958369
('easy', 880);-1.6569689374477077;0.5820366300492358;0.5096133195884374;-9.313682619650331;-3760.4591755594197;-147.66057702989576;-6.805082990568199
('easy', 881);-1.3853453845866186;0.2907288333082061;0.1893811964681914;-12.97197068730904;-12661.539772903106;-214.68951630386593;-5.570674436887365
('easy', 882);-1.5715227157781229;0.40061028130699305;0.33343614147201467;-12.492397607047154;-4977.417769533482;-211.88551107655195;-5.845736501087048
('easy', 883);-1.1895707193697378;0.5824739170288167;0.5008055042791778;-8.108784929217638;-2222.3834430688466;-181.79486343722579;-4.667550593523544
('easy', 884);-0.9492082510886025;0.430475363158416;0.3649023068766447;-10.902191056540943;-7236.750947658998;-175.3704431614843;-3.596913898715661
('easy', 885);-1.5285941339019717;0.20087874667130567;0.05697890868629044;-12.081655441838146;-8889.707653756612;-140.88120813224504;-6.087085130437244
('easy', 886);-1.3098160903333378;0.3490912880790192;0.12727176909407165;-10.98655809527748;-4012.239234477953;-176.76491257748177;-4.846506557622834
('easy', 887);-1.3271883772609372;0.4180879208561177;0.11720749649015039;-8.718360344592911;-2280.7423411681143;-145.13948832170337;-5.203400568289996
('easy', 888);-1.1817764530715906;0.4181828655242521;0.2930190759416585;-8.340982818295009;-2199.1572108503497;-175.95366587363142;-4.442124538407185
('easy', 889);-1.5582729048586619;0.4880645331746287;0.24129003460638393;-10.49996744235695;-4119.776577701391;-176.78005614004502;-6.07315429844382
('easy', 890);-1.4644989221958506;0.3406778964626586;0.13726563801494562;-15.536920044770577;-11522.655091646884;-147.03053914214615;-6.431103012182571
('easy', 891);-1.573854163888967;0.20947576122119;0.07136013654338708;-8.108784929217638;-1558.7057733148733;-175.21984888468677;-6.204077636728781
('easy', 892);-0.8929624178703575;0.4572983929229534;0.32874228444038733;-8.124759709825373;-1827.0495224796266;-159.6873720576592;-3.4483181005915045
('easy', 893);-1.8390128062856823;0.5173011133580216;0.19080614063197454;-11.57293730041172;-8292.634311456883;-183.35401672884308;-6.621007807487825
('easy', 894);-1.7106262541886808;0.5089766798929743;0.3289812260263119;-8.12879359992631;-1578.369307623359;-163.63751854431678;-6.856158345923637
('easy', 895);-1.6312152292052806;0.4856687097332372;0.21248877895436075;-14.237637060640317;-7115.452048765087;-160.46071146054157;-7.076914054228733
('easy', 896);-1.2071698635096548;0.2515483628782379;0.26524325743641497;-8.108784929217638;-2333.792882439281;-204.97428586966424;-4.0711823659131605
('easy', 897);-1.5408179944277984;0.5063576773498784;0.33414302961543524;-9.774868661990402;-3022.8529262475226;-138.93260346363718;-6.88688923029986
('easy', 898);-1.4328287439429934;0.31021795021231574;0.32582949018362545;-8.719819134056571;-2287.5165790781966;-141.3754071209792;-5.607417813333243
('easy', 899);-1.2859612589561116;0.5256065816883735;0.25681273088056983;-8.86826833668138;-2356.8806939191177;-137.65822614738588;-5.148927324707784
('easy', 900);-1.0620578156045948;0.13269304890496608;0.10927400343110087;-8.199983131062961;-2046.6279870953772;-161.32023920402597;-3.9701562963517643
('easy', 901);-1.6064463522483472;0.5755944494845053;0.4635467004797474;-8.995409160743323;-3231.4567805223755;-207.0634337563714;-6.683651900608659
('easy', 902);-1.694124418666278;0.5403077951008912;0.35834418482807356;-8.702452561558273;-2275.2059964428418;-139.6665142346778;-6.438014530061483
('easy', 903);-1.5639601689963492;0.4877841825309688;0.2007660370556197;-8.902724803016666;-2373.178742794247;-155.43873399268213;-6.362752832219436
('easy', 904);-1.3002774622785869;0.5769341477798156;0.43818001589266486;-13.80231898938247;-8406.029509863043;-188.49222161028192;-5.301939821296301
('easy', 905);-1.6485491322294;0.49839815564574375;0.38578314193322505;-9.231862043426315;-3243.847953421077;-154.04696206238515;-6.8591739962612746
('easy', 906);-1.668006045663272;0.45085208112988745;0.468648591140859;-8.970716548152952;-5352.868827179174;-281.1274759003378;-5.92563480966669
('easy', 907);-1.454613643306986;0.5541513267267945;0.5140026097002436;-10.375950869373764;-3184.0275264510274;-146.240010597239;-6.36706986938183
('easy', 908);-1.5445989527547797;0.5296749136334344;0.2974294191962111;-8.765366386968843;-3232.6025690212778;-155.06734809240456;-6.198589351820164
('easy', 909);-1.6292887569121497;0.4161814718054039;0.33172967031418477;-10.311173371057377;-4521.495065254174;-203.23355461252152;-5.76620067537511
('easy', 910);-1.4504253383681918;0.586644430771495;0.47367147258535136;-11.048283675038437;-3745.361807989044;-163.14168447564836;-6.126878376086159
('easy', 911);-1.7499037505278083;0.5416671274649848;0.22524767625121422;-11.154893410096696;-3784.136242514511;-147.01001175452535;-6.919491331561099
('easy', 912);-1.5006303825188851;0.5024006713953229;0.4271747818469259;-10.49996744235695;-5611.786592629201;-184.01885070514285;-5.327588212321313
('easy', 913);-1.1277884799163074;0.5122634272520783;0.2371221338410628;-8.108784929217638;-1565.942415899244;-133.14076274082126;-4.1854787947287635
('easy', 914);-1.929304243852285;0.4845668148730142;0.2944817295264245;-11.511568354035429;-3995.9062922332296;-158.607073715885;-7.446055859846434
('easy', 915);-1.8246165932212057;0.4782911819008417;0.21220912212092038;-14.843772864210633;-11760.270377858149;-160.03185345935478;-7.03999858388
('easy', 916);-1.0487788757820276;0.36400116089861223;0.20351810149630814;-8.268232231597066;-2484.8631967631236;-147.49022781531966;-4.246022344036482
('easy', 917);-1.4526199024828377;0.504714006922166;0.24341559899265158;-8.520609359234095;-2349.2880912255787;-180.172155432159;-5.144502587237464
('easy', 918);-1.5246604510050592;0.5567372245068536;0.40160451483098786;-8.996371161779514;-2855.1662331468297;-159.71432601568725;-6.270128511927925
('easy', 919);-1.3447873958723706;0.42394934832978065;0.18428972679990363;-10.410973904163328;-5246.912257053917;-145.83683079999116;-5.345662110212589
('easy', 920);-1.2758440649225784;0.26948940405852134;0.14364954593934895;-8.599605963546896;-2709.924777311689;-179.49115307606388;-5.810793794090081
('easy', 921);-1.0154855693515668;0.46539424119733636;0.3579414372724574;-10.088746922678164;-2986.0346787246986;-173.1291674119987;-3.4139379039122235
('easy', 922);-1.6985777297519014;0.507839871445698;0.3306360752557291;-13.109171808822525;-7274.659295521897;-145.47788982443046;-7.141461377010832
('easy', 923);-0.6130355137600738;0.4750056164416191;0.45637038730453766;-8.09306133483818;-1563.0827510475788;-177.93915864567003;-2.490562294021863
('easy', 924);-1.4889576890513443;0.4734857632305013;0.1707810486356401;-10.052123111279922;-5894.3935153554385;-184.76907611583735;-4.986267422791255
('easy', 925);-1.6721715200665321;0.532916266091148;0.2447180679593724;-8.869963252341371;-2392.894966249644;-137.24433423388757;-7.103824821132481
('easy', 926);-1.316490016495949;0.44120330399202523;0.3480174064651067;-8.108784929217638;-1558.7057733148733;-160.32861277910456;-5.312644407392021
('easy', 927);-1.4172878630214423;0.25200369756237373;0.14413029158395438;-9.276064695183067;-2891.6455110876464;-177.10605865129585;-5.774925368847987
('easy', 928);-1.8322545136803885;0.10615649606208477;0.056030307637791904;-8.108784929217638;-1598.8322579648589;-182.94734797868557;-7.635041016885338
('easy', 929);-1.5103561176837401;0.4701073254746033;0.3408197246481664;-9.716837114418215;-3015.654982885291;-134.84531320984806;-6.185661561026632
('easy', 930);-0.9868394024487244;0.16769817352731592;0.08758675282093967;-10.557890090089654;-3274.9908847733805;-175.62693409797123;-3.6036543364909344
('easy', 931);-1.6765843788411057;0.5255086710102431;0.3690053392946065;-8.206078056330457;-2130.2028513137407;-155.2106770292807;-6.078605519300868
('easy', 932);-1.5817225604053176;0.4195604700416161;0.19691183539454366;-9.780123534828759;-2819.800852030897;-128.3849057171959;-5.948408415113556
('easy', 933);-1.4085736984665305;0.5319548148828322;0.3853706712658797;-8.58228117988959;-2760.8279510295847;-206.02231848727808;-5.64787849643143
('easy', 934);-1.0009962875136444;0.5899798273082802;0.46577272651933016;-8.108784929217638;-1978.348847153495;-162.98601852721166;-3.645668788066375
('easy', 935);-1.7350699621957275;0.47449558877987674;0.4153288547719552;-10.183483379001462;-4114.694602844519;-251.53045539022457;-6.444251921062771
('easy', 936);-1.7567177632053508;0.501292397827413;0.16551938654330628;-9.684717564996104;-5699.2574680793205;-181.87025742170977;-7.54421193421396
('easy', 937);-1.4209567155671272;0.39821340031978847;0.2092086758814052;-12.304798993152357;-12858.432428619391;-254.3762389960729;-5.513629294711743
('easy', 938);-1.6031722322055242;0.43205120869022706;0.18584358180623664;-11.293198081473877;-4439.713550082651;-153.79342785884748;-6.837470465397027
('easy', 939);-1.6679833469373226;0.32060271623359;0.24443204707984878;-8.108784929217638;-2126.265505507146;-168.96740325310557;-6.82153232617876
('easy', 940);-1.330830442850919;0.4967735118038386;0.28442895374992516;-8.154173595031667;-2507.1281597573156;-185.28282755738633;-4.027331374231267
('easy', 941);-1.7980694263618715;0.4208347476875922;0.07196515632026694;-10.78046041123626;-3693.5550096653305;-144.48316308913033;-6.693214494371116
('easy', 942);-1.5326718922970997;0.5079322087034964;0.3047351693164473;-8.746447926403173;-2300.1513447800085;-152.68903297049064;-6.157843179164982
('easy', 943);-1.346509185985691;0.5378275909187701;0.44344042271177286;-8.570895857664464;-2627.5933980112018;-132.8501709961795;-5.262610189713799
('easy', 944);-1.6254069297680127;0.4092140150831974;0.3572523861336585;-8.108784929217638;-1929.440284134046;-180.05365135216758;-5.743643140399877
('easy', 945);-1.7153509700562604;0.5680853916443606;0.42355508573148865;-9.926227993180389;-3460.4621302785517;-170.55133544848556;-6.515542649502013
('easy', 946);-0.9776189545555916;0.3304015139259841;0.19631396123193295;-8.848150306953986;-2329.9038244770863;-151.70169577916295;-3.971350945150479
('easy', 947);-1.2567935733427542;0.4193074793487871;0.1985521114112996;-9.981379813255469;-2953.969161168159;-152.44452528570113;-4.814311499088848
('easy', 948);-1.4073126469454345;0.43988136618598717;0.40518958695578483;-10.557890090089654;-6170.666314894387;-207.67036233491834;-4.765637402572005
('easy', 949);-1.8447173998959745;0.3785910407074259;0.21230384700642027;-15.942385152878742;-12115.486554831927;-160.77494653899475;-8.068651102545951
('easy', 950);-1.7435602653073712;0.2416837581978697;0.10239920003954922;-9.745941025084221;-3530.9012338660923;-170.9806234369658;-7.137014290251297
('easy', 951);-1.7747385732490342;0.19719611714576382;0.10183747420067628;-8.268232231597066;-2373.0111520895157;-228.88775395646607;-6.429366741623538
('easy', 952);-1.3245645758569093;0.5589232488342721;0.44897052857720415;-11.465048338400535;-3932.229610659956;-169.34945378636615;-5.017099314105516
('easy', 953);-1.926955105935676;0.2545697969869122;0.06266331436296352;-9.528106859327982;-3922.3682333005004;-145.32886698887347;-7.526698398431412
('easy', 954);-1.3549500549196545;0.3965109937321058;0.3596931405342394;-8.250728330068196;-2323.8473714087495;-202.11441119068348;-4.372293382455943
('easy', 955);-1.5592500009515;0.421641611644067;0.127025305415309;-9.424713879966466;-2614.6747319158135;-158.00129668343467;-5.676177242874054
('easy', 956);-2.421716940652948;0.5340871221864351;0.2552799074112565;-9.879763411454432;-3407.177026818466;-234.46619823543284;-10.190414334301074
('easy', 957);-1.3201717367255066;0.535555960715119;0.3527301421776127;-8.108784929217638;-1719.4902539864925;-138.29860175728496;-5.888839779719814
('easy', 958);-1.3056380270527066;0.5078144013193715;0.4319583950732986;-11.839741787841946;-4238.228120764282;-152.93940424347863;-4.919066585951598
('easy', 959);-1.1952996580299355;0.36210561411565173;0.14884321598422817;-9.57763439602683;-3271.619464183779;-168.54151256272084;-4.121904161115565
('easy', 960);-1.0050893444357591;0.5431410678673838;0.42647513126314285;-9.276064695183067;-3052.776745169147;-207.32011188261885;-3.842927679884411
('easy', 961);-1.2506461566403817;0.18993109006677622;0.09520082067616475;-8.206078056330457;-2058.2521811555725;-120.87487405121655;-5.359215996935034
('easy', 962);-1.1320551097549045;0.4960459710375673;0.26493310619410704;-11.040820953836848;-4638.015707159473;-175.38436384251634;-3.853995841937463
('easy', 963);-1.1811536151167095;0.4969176075852191;0.34505883490010125;-10.997177664104942;-3580.965515462353;-145.55886642578184;-4.704401590101275
('easy', 964);-1.8440154251308456;0.520343794421923;0.3294562701653008;-8.853141997851228;-2820.5675226778444;-195.93278380717678;-7.383989834312754
('easy', 965);-1.6263286935599868;0.5460367732366402;0.47092444875068495;-9.745941025084221;-2788.1690705753326;-137.9165271220284;-5.996186770017294
('easy', 966);-1.2601782285084566;0.5001061696808059;0.3613776803582618;-8.279447302417207;-2093.518618245176;-133.92634405248708;-4.833660497842102
('easy', 967);-1.3577600788153652;0.524003454154631;0.2225427132290238;-9.316329874670839;-2559.0756966909094;-126.97674644778151;-5.316135681657139
('easy', 968);-1.4228221519248132;0.4038191988854952;0.27644219574816187;-11.269556318416836;-5914.256919002605;-195.94745828893298;-5.262318349035242
('easy', 969);-0.8171128298917099;0.2789354734131813;0.3177103677698654;-10.030234412490486;-3030.059939606811;-183.05906800866723;-3.3345441178976394
('easy', 970);-1.6181478797537259;0.5620334466312832;0.44344042721196936;-9.716837114418215;-4677.177870216519;-132.84148009721056;-7.053692072013905
('easy', 971);-1.347259788406959;0.3152013592183729;0.3088765503329866;-9.617130534369487;-2752.403934109486;-140.44737946418172;-5.786873964624553
('easy', 972);-1.155262588599437;0.23721113854102502;0.23258886441004076;-12.628199148206216;-4962.1383060567905;-193.08466846274922;-3.932969788158567
('easy', 973);-1.7581024169932193;0.3317345331949808;0.26523223245352195;-10.163186038937788;-4579.206605407091;-247.51073705417915;-7.243365137671669
('easy', 974);-1.5473265623441446;0.11408352931977508;0.06951981475030306;-10.983043153170037;-4967.894789115057;-181.88734038289513;-5.8468117259959955
('easy', 975);-1.9884470939895018;0.1832947649279491;0.08424224273215691;-9.185452763631188;-3676.0471102260713;-170.43936403266272;-7.606780708509545
('easy', 976);-1.4282992836174457;0.4772840196499204;0.18469637698570843;-10.360770312196749;-7356.530011534771;-187.22471003078246;-5.242800703673576
('easy', 977);-1.2437343829983565;0.5239137249163438;0.27810693462345715;-8.12879359992631;-1579.231647952795;-131.20142666936556;-4.953118600018266
('easy', 978);-1.4082284851904552;0.47563782154538947;0.33366727577657884;-12.345072892290297;-4688.963269504945;-155.5821386753711;-5.233755738774209
('easy', 979);-1.4028628104012824;0.47745964026476295;0.3183691854868291;-8.108784929217638;-1566.23610354479;-151.80575999651157;-5.401791547634903
('easy', 980);-1.236860548105192;0.3315496950521851;0.2100490887458438;-8.968842133358603;-2403.017323841078;-141.03742841397138;-5.255440699440504
('easy', 981);-2.1421781934051385;0.32334721785839166;0.20141534312099366;-10.449323709538193;-3663.5772532173223;-155.42759392414408;-8.407676203005108
('easy', 982);-0.8899763610201351;0.3331032200480141;0.14050996984735808;-8.107992849968305;-1915.4987286560151;-186.58899299866968;-2.922240260067475
('easy', 983);-1.8963365057362165;0.5310977940219274;0.39382258427450634;-10.879790119851775;-7939.7251284910435;-164.4051270537787;-8.229769764543008
('easy', 984);-1.5290529558463408;0.5177583285704961;0.21945435686843712;-10.870341230653843;-14593.350607731534;-182.97059838116135;-5.908627532917178
('easy', 985);-1.5022882165044844;0.44986514819198425;0.2887035032684805;-9.34319515726481;-2620.4043971432434;-224.4226968593609;-5.853898498471217
('easy', 986);-1.550531533555352;0.5113704677257151;0.46093238336801845;-8.126371313719714;-2028.1428985688863;-129.91326074145468;-6.5718861748389585
('easy', 987);-1.2679763391910737;0.1494247499225673;0.08101037846973494;-8.864043573321071;-2337.321563860661;-165.61513695122557;-4.992385995941299
('easy', 988);-1.2732152622269308;0.4380028598746726;0.27503854411786255;-8.921301188589602;-3372.2352554363342;-197.25713427844076;-5.321049878564542
('easy', 989);-1.094274760725201;0.5216755738901658;0.3324393996093065;-8.71763174711077;-3075.148911076289;-177.41482694672607;-4.441005872791247
('easy', 990);-1.6679672424057848;0.5020087848382799;0.3201746378048065;-8.999262730059314;-2401.3941734513755;-171.95468766550897;-5.781364167966618
('easy', 991);-1.45606873203593;0.2874858590319213;0.13203196178597057;-8.905357538192465;-3612.8911304240014;-209.87513013862412;-5.666123556120012
('easy', 992);-1.5912759318614549;0.4536498784074184;0.12570663045082314;-8.108784929217638;-2153.947353874278;-193.5429735589641;-5.629734392817769
('easy', 993);-1.6960203616295007;0.17123085585797798;0.05027708920292688;-8.12879359992631;-1963.801684416091;-158.1924682840092;-6.161401285880395
('easy', 994);-1.438810473053067;0.5220055880074563;0.48072397025609537;-8.125565187114189;-2027.2762053340236;-135.26040715431452;-6.07068892533152
('easy', 995);-1.3148720835645427;0.5438750602723008;0.3438267001086969;-8.108784929217638;-1558.7057733148733;-167.58610915279385;-5.946667320504031
('easy', 996);-1.609420971052153;0.09736066519630338;0.05395694988831329;-8.651410374735761;-2339.368872495148;-159.01743494421245;-6.220103886082685
('easy', 997);-1.745151294275287;0.54962736505612;0.34607554360460296;-9.271618832032868;-2667.856869233143;-151.6034994187628;-7.162625586852039
('easy', 998);-1.218922302247855;0.14489502773624358;0.17224133725992052;-8.834959678768037;-2336.3082664394146;-206.2020480165221;-4.455849552941604
('easy', 999);-1.439726889997742;0.3459871491248507;0.2807903682590666;-8.109577636353878;-1568.271715382101;-212.32784514420774;-4.995533840653587
('easy', 1000);-1.1800089344198337;0.3049260410096932;0.11643267421866832;-9.404245329111072;-2621.655019393734;-143.86827079686708;-4.546705253236148
('easy', 1001);-1.5546861813897241;0.5486259253541368;0.3422886714749565;-8.108784929217638;-1888.3058953558407;-184.27726120481321;-5.6886031638719965
('easy', 1002);-1.320730725696879;0.4927508728562361;0.2981998524438108;-8.108784929217638;-2390.7391501166835;-183.70770780835554;-4.3996006377097645
('easy', 1003);-1.3211050233273995;0.45645402289732784;0.2693764290107238;-8.526608177463348;-2181.600328840307;-123.05852714395782;-5.396406389151657
('easy', 1004);-2.121958761773472;0.43304354488493463;0.3720081067291403;-13.862943611198906;-6868.8241852360115;-218.5864994682857;-8.34947801691084
('easy', 1005);-1.5757258139756831;0.2520039518436909;0.05559713013368298;-10.915220556831276;-6772.994742996646;-239.83966239606144;-5.83297364429828
('easy', 1006);-1.3423849312498997;0.35076586870484844;0.3397784585424952;-8.330048315710997;-2965.477542493266;-219.360030326439;-4.738614985855445
('easy', 1007);-0.9998288345911762;0.12159908482726664;0.048853105855660474;-8.108784929217638;-1917.6849814168784;-129.68199806689765;-3.705874163163644
('easy', 1008);-1.3799081807054292;0.5674917060714513;0.3155324019220708;-8.53871486286637;-2186.8891189994883;-135.1478113240853;-6.368346636293098
('easy', 1009);-1.5252114276604567;0.28513120434732103;0.14731010963463903;-12.345072892290297;-8322.145653624642;-238.7676035606502;-5.787174314221521
('easy', 1010);-1.3090640707341692;0.5641301279601297;0.38113402167568194;-9.056875482843925;-3425.643392222775;-135.01719112000205;-5.523868160599926
('easy', 1011);-1.7825737813874012;0.5316422768257185;0.2915217388593699;-9.271618832032868;-2641.6022679106923;-157.5784372467599;-7.7405536108770345
('easy', 1012);-1.3964969313142255;0.4918679717135664;0.3280548185146329;-8.12879359992631;-1712.6177745973487;-135.28837822281395;-5.103774992431763
('easy', 1013);-1.8232404696387468;0.17551697214827633;0.08664713208765361;-10.71663847916554;-9458.801670234148;-229.5119776177865;-6.880367600490356
('easy', 1014);-1.7464345473332008;0.5288152426318943;0.3541524366004403;-8.526608177463348;-2181.600328840307;-144.94708521980664;-7.2832450379229465
('easy', 1015);-1.9736071359341125;0.32770267254690155;0.13371388712955196;-10.163186038937788;-4578.370778522267;-173.83431642696823;-8.55146550143957
('easy', 1016);-1.778942402121383;0.539086056090545;0.3131858290497742;-11.260253925754522;-4901.330230435912;-142.30859712943172;-6.199503411767519
('easy', 1017);-1.467169797190693;0.39475430789883714;0.20630745056981814;-8.483046257658447;-2280.383465631451;-164.8297763460917;-5.884743689143438
('easy', 1018);-1.5553300228724776;0.5040747844631417;0.357396934635663;-8.96230921231698;-3370.951781291107;-192.1641196280521;-6.345411285659464
('easy', 1019);-1.838627913014509;0.5521597199559618;0.3701609645899946;-10.331083531016706;-4551.013136979041;-199.1496503959345;-6.3216373211411865
('easy', 1020);-1.860579262285174;0.47915785007084033;0.22550268139362012;-11.188794961772377;-4505.778367884538;-154.12434389945227;-6.70443788331956
('easy', 1021);-1.7506105625019572;0.4553706616256119;0.11131456595488998;-8.746447926403173;-3371.619709843884;-148.2703961171541;-7.416105110083101
('easy', 1022);-1.7752654149227995;0.5121965571185053;0.32774909087853166;-12.358866214422632;-11198.04210905057;-223.71149719822336;-7.642623112781123
('easy', 1023);-1.0227676636219225;0.5554324946422535;0.38736448653387656;-8.967906241853697;-2386.381439700051;-149.5278904561902;-4.0985796054912145
('easy', 1024);-1.6073511471792101;0.414461667716852;0.20401621168949124;-8.108784929217638;-1569.6409035414044;-141.1236250413365;-6.733371702218628
('easy', 1025);-1.1139039186338555;0.10655255533724169;0.10481296116284337;-10.18664293929183;-3526.419091183326;-194.36015449225303;-3.591914067753994
('easy', 1026);-1.6460973041141773;0.48790803845538094;0.23139931376920367;-10.49996744235695;-9180.994530083759;-162.1751936778406;-7.226438137501885
('easy', 1027);-1.2315680971027245;0.4502545274386289;0.239682004232261;-8.639888729151416;-2234.8512568741653;-175.38625857145723;-4.78721459086778
('easy', 1028);-1.118818490127397;0.18949969893109414;0.11999944815521386;-8.43909552220366;-2151.037262230775;-191.60305436590357;-4.223332333466169
('easy', 1029);-1.0114029225358605;0.5402991918280814;0.48375499473825156;-8.108784929217638;-1636.3377248501527;-154.08927383964536;-3.818687316125129
('easy', 1030);-1.739200559775312;0.3590698088580203;0.19885573268912357;-8.912412241172357;-2584.942770902539;-205.23263435052556;-5.0329434650905815
('easy', 1031);-1.3088870239415105;0.5848094778354056;0.44023197789336277;-9.76651788277298;-4148.546957734419;-169.17909829706605;-5.168153755284331
('easy', 1032);-1.876575219761187;0.3818176931574425;0.26896767237453756;-10.39136543277495;-5646.670274448102;-231.2704321092117;-6.555126501618971
('easy', 1033);-1.3754060872999878;0.38382660849760036;0.20786033546401195;-10.541962563393552;-6312.901643145528;-204.0478256388808;-4.340415012866795
('easy', 1034);-1.6323093426609567;0.5653938239250768;0.4292385762642714;-11.12614399681071;-3694.3657295119765;-142.55877777806126;-6.691136256287773
('easy', 1035);-1.5087206681087977;0.39124436191715734;0.209230159686632;-9.967304085021285;-2935.7523449477526;-132.63980788515698;-5.040768913986878
('easy', 1036);-1.4649611471326398;0.5746374070140194;0.46295959588212476;-8.12879359992631;-1696.7105989942065;-149.16763164872506;-5.905033593793927
('easy', 1037);-1.5568953710407367;0.5384615636757427;0.3201474082698076;-9.969848615656279;-3084.2914378873597;-172.0892308103629;-6.767302541126231
('easy', 1038);-1.35830435145458;0.560714442061783;0.3893116503505605;-8.108784929217638;-1575.3333137551938;-133.16889915472075;-6.047105442554818
('easy', 1039);-1.75126472902819;0.4197407947287847;0.367158201389583;-8.108784929217638;-1749.213156852271;-187.29203821735013;-6.1618022208845105
('easy', 1040);-1.431105029320809;0.3538544496487196;0.2336333951497875;-9.411507525152857;-3935.2099252856;-162.13516321078964;-5.61163522947967
('easy', 1041);-1.512839363079921;0.47515156532142744;0.3403439704335483;-12.921960266734379;-5835.736994946058;-165.42347303349896;-7.1658526760059456
('easy', 1042);-0.9991049616210737;0.5148715676153748;0.28859614513209314;-8.108784929217638;-1558.7057733148733;-140.39547552052957;-3.9607215988326496
('easy', 1043);-1.3645244008277662;0.5606828353388483;0.3924536613414114;-13.139024771972208;-5521.413319626121;-161.5455123288332;-5.680552616653453
('easy', 1044);-1.8388238812941162;0.29750187077040813;0.11735701215885225;-8.108784929217638;-1642.8181131306503;-187.23329246043764;-7.487696518084619
('easy', 1045);-1.5838706421562032;0.5337622810370127;0.2761887530727957;-10.342113054592206;-4267.718549817956;-138.95055247355316;-6.888606289358189
('easy', 1046);-1.671636427784432;0.5430617654020028;0.1700348645998167;-10.741129499173837;-4127.62748279175;-156.87705868993746;-6.197536319344318
('easy', 1047);-1.458310023382828;0.5747843031415569;0.4701300711143966;-8.12879359992631;-1943.0297777023852;-151.5862648887654;-5.949860787474833
('easy', 1048);-1.5700215190315001;0.45381191211992233;0.3908433360258938;-8.12879359992631;-1929.4838890023987;-171.7339744532914;-6.096568347382384
('easy', 1049);-1.863572628468976;0.3524368411295943;0.1637450192737984;-12.997946173712302;-6667.881339552833;-145.60980621589155;-8.250609254144702
('easy', 1050);-1.620196577774911;0.3154783406516013;0.16409498575861303;-10.343963193880368;-4080.5560787209506;-160.5630843290262;-7.259132275107082
('easy', 1051);-1.64914837521501;0.5082892451314962;0.38110416522114454;-12.345072892290297;-13642.650647425537;-170.79838177120905;-6.964951904847592
('easy', 1052);-1.310721418517344;0.47011833500820094;0.41044521700224856;-11.775719929077015;-6871.920878692588;-190.06264235444058;-4.414366754895538
('easy', 1053);-1.6039539326077927;0.2469743788414958;0.17923083276777857;-10.478553347853133;-3793.8005302152837;-194.23124609754433;-4.215423121414848
('easy', 1054);-1.152033235684556;0.5331005607726073;0.39551083819447497;-8.108784929217638;-1558.7057733148733;-156.87850564538962;-4.274122234210992
('easy', 1055);-1.0588697760644998;0.4952326803723258;0.37947174398630923;-8.108784929217638;-1574.719319605692;-199.1359819238009;-3.8754684417765706
('easy', 1056);-1.1492137978153631;0.49086414542398266;0.19063426856559393;-8.12879359992631;-1704.8259662868593;-133.82244172900644;-4.919093700387643
('easy', 1057);-1.3935188030403607;0.5483314965187964;0.41431375496273637;-11.730257555000257;-7155.651499988699;-180.46995860168906;-4.803303872166452
('easy', 1058);-1.6870081929647247;0.5878481505044051;0.3156730703025153;-9.39416605011637;-3192.443253913659;-214.35443865172937;-6.057503816756243
('easy', 1059);-1.2140805817960874;0.4715782280298973;0.46426861693911126;-9.715848483591277;-4233.682427253905;-197.46025118541718;-4.567312735647299
('easy', 1060);-1.2874154420649322;0.16897426843639252;0.05254830757755689;-14.332947240444641;-18141.953894599766;-164.11499444630752;-5.247371143535088
('easy', 1061);-1.6348172500727187;0.5120758313638755;0.30901863785098727;-8.108784929217638;-1710.4145826014892;-162.04608479272196;-6.176442915606663
('easy', 1062);-1.5056765817786117;0.5609314104331699;0.4441909821739558;-8.37400588504222;-2119.1140603821405;-144.69796634260567;-6.548227275705723
('easy', 1063);-1.616402152395288;0.08781156626461181;0.058648232263685096;-10.18664293929183;-7262.983317143545;-211.3676845910436;-6.283831249314916
('easy', 1064);-1.9285105119654238;0.24269797518391636;0.3478322176249993;-9.006042417044693;-2404.652522175498;-194.28849400241003;-6.594896275358368
('easy', 1065);-0.8787737945563913;0.0747732005258801;0.04595408692982842;-8.108784929217638;-1767.2059136958935;-160.6961664853296;-3.5442414000231013
('easy', 1066);-1.1848120837247225;0.5085977329230095;0.520603473881306;-8.108784929217638;-1939.3535778574828;-204.10222871573995;-4.342114136228667
('easy', 1067);-1.5113249690952413;0.41288013691922765;0.24632839325879577;-10.084451998395283;-5552.67983505849;-236.6268612211864;-5.486834632542708
('easy', 1068);-1.4577838643971213;0.5013882115371114;0.35455589370063284;-8.108784929217638;-1762.8116450175326;-169.42488280631372;-6.182810449591238
('easy', 1069);-1.4700549077161171;0.5493065925812265;0.2919480015102862;-8.108784929217638;-1991.3556975658428;-171.4789885301039;-6.198110941879049
('easy', 1070);-1.2629726557568066;0.37229703633964484;0.1482504279835984;-9.216151750519995;-2588.5493804795206;-157.36964096565242;-4.8244484127571425
('easy', 1071);-1.5472029613194345;0.5017248070996962;0.3949951519458432;-8.108784929217638;-1781.4015307635834;-141.51424294103566;-6.436787063130641
('easy', 1072);-1.2793893068075473;0.3127884132720199;0.12817203634677712;-8.108784929217638;-1812.970016876132;-149.31585490558322;-4.66150664549613
('easy', 1073);-1.8101158539019093;0.5508772153726312;0.19724256907935023;-9.537983482823895;-3007.767742073843;-138.9304498591476;-6.886683238442193
('easy', 1074);-1.9721829723790838;0.5052146001279293;0.3543159106678472;-11.665719033862686;-6060.4564208057245;-165.94535923646902;-7.044860500573205
('easy', 1075);-1.4102000417675138;0.4540613050952697;0.09434584682498887;-8.682565542515556;-2283.1628333952194;-143.45272638344204;-5.631332547019787
('easy', 1076);-1.416669020919079;0.5036547850205649;0.2924563555948498;-10.979540522618835;-7361.5371292061745;-166.54417759290124;-5.118114220165548
('easy', 1077);-1.2421124326078037;0.5143713143362286;0.26195473379939155;-8.12879359992631;-1881.0626091209185;-137.28725641944214;-5.228180549968484
('easy', 1078);-1.4317211342206702;0.5825658728416906;0.41089286596114505;-8.12879359992631;-1798.169808759842;-139.52693302459403;-4.971680197368249
('easy', 1079);-1.6080355852344548;0.2703623632103173;0.09554539347210039;-10.426942307342058;-5345.427734189033;-197.06079317136536;-4.7192967212036425
('easy', 1080);-1.050273071849188;0.47394760757193133;0.25400958985848576;-8.108784929217638;-1558.7057733148733;-145.30691462175923;-4.543118606555075
('easy', 1081);-2.403087577500103;0.1937970032854111;0.06788882191213616;-10.107574415816137;-4248.463189945823;-221.21418450784012;-8.56522609693999
('easy', 1082);-1.6545790828298044;0.4535068280829044;0.27186525559637953;-8.663066317464121;-2537.8988481279926;-210.31547902027725;-7.861020722971405
('easy', 1083);-1.152101152190909;0.5497506916467032;0.45551062220067684;-9.247823094357647;-2523.789513434128;-152.37686023552496;-4.520767518967292
('easy', 1084);-1.432975026672005;0.2012167950666071;0.1787022036749465;-11.592107216519441;-5090.875728526792;-159.4567260789941;-5.006184263179558
('easy', 1085);-0.9922651546687804;0.4536823745637802;0.3092791316565065;-9.145561434603886;-2704.479031607723;-167.3828456603476;-3.856891925771073
('easy', 1086);-0.9225859189525144;0.37620423963794714;0.33949428345397353;-8.271024229688098;-2130.351729852246;-202.0075963217663;-3.479750066103563
('easy', 1087);-1.234877861461974;0.506497690110153;0.3004251807995938;-8.108784929217638;-2249.2727624151116;-156.79637643470946;-4.873448425843402
('easy', 1088);-1.6843661150642841;0.5358315441866905;0.29379372004932525;-8.108784929217638;-1851.9293371097567;-153.18602235768122;-7.311356774369487
('easy', 1089);-1.329232035121934;0.5542714394592677;0.4264122030105023;-8.108784929217638;-2043.024412535553;-184.87364260102822;-5.210404663171551
('easy', 1090);-1.6361785190401157;0.3978497434307888;0.27959797796594765;-8.8374197046089;-2629.807453124167;-160.52280672836636;-6.759749237924905
('easy', 1091);-1.0461365502075557;0.25779769239780403;0.12998886866994047;-9.189530835114567;-3027.7685675028706;-138.8456747252966;-4.312567429929919
('easy', 1092);-1.0670044778279573;0.40315145510449035;0.18055322201342147;-8.108784929217638;-1667.1485429327756;-140.04725458593816;-4.436493936175751
('easy', 1093);-1.728339685222751;0.5527975635659202;0.3532313288266256;-10.674526993815414;-3607.530500457702;-129.9406813825666;-6.3999837309439025
('easy', 1095);-1.5102550503420895;0.5764202889407838;0.4054461774694976;-8.85064303778359;-3139.064975124905;-170.44163494003385;-5.7957811046037815
('easy', 1096);-1.6819110169349751;0.3687167129738863;0.21189296155921664;-8.698157637275392;-3587.601221350955;-189.12552976165563;-6.386407223398877
('easy', 1097);-1.6224856187950332;0.4497842690150292;0.1613045723616057;-8.745698582044392;-2282.6490777011663;-138.1556989972794;-6.014840650811282
('easy', 1098);-1.3894305038265402;0.11440676985252318;0.04385636122184673;-8.12879359992631;-1588.013829893435;-135.68334311962298;-5.45232317775589
('easy', 1099);-1.0168394093793205;0.350634699886885;0.23935621517862535;-9.02765426016018;-3154.755931746938;-185.02192203304693;-4.19661591242107
('easy', 1100);-1.9913036681679102;0.29073724336464135;0.1911389801601395;-8.108784929217638;-2282.670296101033;-249.7481212010319;-8.45365867122973
('easy', 1101);-1.3718011643307713;0.3852273767254202;0.1200408488049193;-10.343963193880368;-3157.5899967763553;-147.15530420721242;-5.129760313803508
('easy', 1102);-1.8571522457406877;0.5342662800280676;0.3530159028476206;-8.875065304225267;-2352.902808378882;-137.4022689408486;-7.77396347018009
('easy', 1103);-2.023739804882077;0.21984991933512754;0.10259588965677412;-9.996964544272167;-4788.419186085072;-214.53640915220524;-8.545151888336088
('easy', 1104);-0.8927852980836565;0.5431883240573947;0.36521175145827256;-8.780763149939554;-2298.713361292595;-144.1153864476724;-3.3916510366876484
('easy', 1105);-1.692354225916628;0.2402725777656381;0.07130344892804051;-9.163600255193565;-3414.2722611695626;-148.87569871167545;-7.091456662341477
('easy', 1106);-1.5521401122334193;0.5730209561800895;0.4224657375736531;-10.053507194545862;-4328.198974797514;-176.73998899113354;-6.688769922529043
('easy', 1107);-1.495907380122686;0.5617755476579328;0.45331639085966885;-9.402799197261073;-3027.6494114005063;-140.37022588723633;-5.9111376128019515
('easy', 1108);-1.4569196754654068;0.4574605364232247;0.4833783258560314;-8.570267124540955;-2490.9733945603207;-197.44432552962945;-5.406264305832393
('easy', 1109);-1.0949100893807826;0.45865557054776934;0.3943633503453174;-8.108784929217638;-1816.423318133028;-155.42604064533268;-3.818583952131993
('easy', 1110);-1.4839070806083139;0.4498317421382729;0.3270860157731534;-12.851342699520426;-7637.641386672142;-204.729916909758;-5.5073449177042155
('easy', 1111);-1.4068537527342646;0.07781255443120062;0.058530336034326766;-9.79927305616162;-3002.702828216202;-215.31211755306902;-4.759928922537423
('easy', 1112);-1.5095151085002092;0.5338398457436464;0.33580355764937714;-12.806890936949593;-6043.817283440761;-178.07838977865177;-6.270522524665574
('easy', 1113);-1.4336056199505594;0.41411377431780527;0.08137054763115345;-8.108784929217638;-1926.8294820444992;-128.4425793602314;-5.672957189154026
('easy', 1114);-2.1302399682408515;0.508929056419974;0.3006139213378486;-8.108784929217638;-1664.462578914821;-191.4636407917957;-7.198350963377409
('easy', 1115);-1.2690087633956844;0.40782238347632327;0.12430908167456006;-8.12879359992631;-1579.5197237924597;-135.19104023732675;-4.9998961673199425
('easy', 1116);-1.5507571766383488;0.5371809179248733;0.33745982486594756;-13.639800059884696;-7739.484413437795;-199.03259661905093;-5.64470665880899
('easy', 1117);-1.3131759560885783;0.5583323387742553;0.4369291409458797;-8.497551878986549;-2892.0396726478784;-138.05211034816833;-5.497794662289323
('easy', 1118);-1.3553734554032457;0.4104830729202317;0.14528695895452243;-8.108784929217638;-1937.705392402399;-139.9389500155732;-6.013994095442191
('easy', 1119);-0.7443618755747893;0.18078648338988534;0.1915145438173786;-15.249237972318797;-8381.647739161195;-159.38013015519152;-2.89369490983915
('easy', 1120);-1.2142869797659899;0.19360732682843157;0.11727133362872771;-8.108784929217638;-1917.6849814168784;-161.6884983834927;-4.880176350945327
('easy', 1121);-1.7395209731612036;0.5435347786108329;0.2731527975580836;-9.441095482338353;-2998.711413644787;-173.14236478973157;-6.7037250488411875
('easy', 1122);-2.1004441118427803;0.5248032353307157;0.3819651605099186;-13.591009895715265;-7996.7114405211605;-152.51882565617203;-8.317128166920961
('easy', 1123);-1.410525502475167;0.4955145272196556;0.33662759881693866;-8.108784929217638;-1965.835646607189;-157.86903358424416;-5.562055623274419
('easy', 1124);-1.0607622007370188;0.5231859333794314;0.48057860377730155;-8.36168540065418;-2547.368215559628;-156.89711059703677;-3.867318211604423
('easy', 1125);-1.241809620673381;0.3446548199905013;0.15261471061859044;-8.108784929217638;-1744.5419271378262;-161.3868936751288;-4.865767427468213
('easy', 1126);-1.815109946642259;0.5536707669142206;0.4608924445762811;-8.57215451107166;-3085.1293076179013;-150.44888947752509;-7.23977878244619
('easy', 1127);-1.4424875757124975;0.5229496751276335;0.24619434932978232;-8.108784929217638;-2074.5378282260594;-134.5093918714365;-5.87003396110652
('easy', 1128);-0.8494431071512345;0.4562590396104016;0.3246691087078542;-8.108784929217638;-1857.4477359363361;-135.49094369425347;-3.5475971026595636
('easy', 1129);-1.5532236809236357;0.5250778749336524;0.4105139658280329;-11.342227508714195;-3831.217238472162;-144.86637778241843;-7.275197267709455
('easy', 1130);-2.391879579358302;0.4965881595872972;0.27960990158985594;-9.399192990684343;-3963.7430664529106;-184.7622102326286;-8.79051291026195
('easy', 1131);-1.700447447577386;0.4888054832498233;0.28212011455423225;-10.78046041123626;-3751.0005433019383;-168.80658854334462;-6.663888959996002
('easy', 1132);-1.7934976220844778;0.482371056750886;0.43866371549014205;-12.74371203532806;-13783.18532249526;-182.86968093136812;-6.854764855525818
('easy', 1133);-1.1967545570649327;0.3952490821093875;0.11916737415158274;-9.340475916976057;-3648.075888323547;-181.49376791761676;-4.983535301587399
('easy', 1134);-1.481641484946897;0.3544687633483301;0.13246719072979762;-9.082245727838268;-3059.9746169123205;-139.12722434711628;-5.138652444028635
('easy', 1135);-1.4057848871728746;0.49582922899322224;0.3991018962471713;-10.22371406572879;-3068.297892783335;-125.980549296943;-5.246907243483664
('easy', 1136);-1.4318120239813712;0.18207608192123023;0.0812518399404362;-10.687497344258041;-4727.710008997673;-261.8183925845747;-4.623267522326647
('easy', 1137);-1.5918365107415613;0.3075207990895099;0.17439221542584776;-8.161664266760823;-2107.513905656346;-148.72948557935828;-6.900209412434674
('easy', 1139);-1.4903597221605207;0.4220980578377386;0.15750731493114783;-8.12879359992631;-1965.7080227077097;-145.75643141975877;-6.183938664064348
('easy', 1140);-1.5535035691656296;0.46425534657290385;0.19992562426363092;-10.528509445696432;-6164.85050020263;-152.13449610513138;-6.117325270164845
('easy', 1141);-1.403014675408574;0.5671560780408931;0.5058500134908301;-9.595871983576611;-2705.728859540049;-175.26274557329882;-4.652443218885438
('easy', 1142);-1.7163259272599025;0.23231752916558063;0.07603211558594027;-11.188794961772377;-3893.732658378102;-202.89532980385263;-5.581468687971213
('easy', 1143);-1.30544535245167;0.59134487412432;0.5138750169546294;-12.401425828841427;-4765.019380554104;-150.16226412808552;-5.304044280838938
('easy', 1144);-1.5771630761599338;0.5239371533001219;0.44027951179920605;-8.676955429624789;-2277.519027454054;-128.99625915523654;-6.665892219789671
('easy', 1145);-1.2292688635227298;0.5412561360176233;0.27415057976003215;-8.747197832700033;-2283.3336329532967;-146.95330655761978;-4.284411629314468
('easy', 1146);-2.0883496395334364;0.48167583189280083;0.15701781623398037;-14.438307756102468;-46346.435467308176;-197.24303284851027;-8.9494247266799
('easy', 1147);-1.7395725242603486;0.39872698746597396;0.1953962350602558;-8.71763174711077;-3593.8584150242314;-189.39963944759646;-5.7759362544807855
('easy', 1148);-1.7909875800194572;0.10015275460657239;0.0494319077857118;-8.844009514287956;-2324.5790541006318;-139.48084038638487;-6.757793582455162
('easy', 1149);-1.589671326262288;0.20154709299767626;0.08554813061707067;-9.56991896984097;-3666.866959944961;-172.65306869562457;-6.401194474746904
('easy', 1150);-1.8126324082685286;0.5251261831366763;0.1790849840574162;-8.132843828225331;-2214.7799702886805;-173.24860977755552;-7.497118287270266
('easy', 1151);-1.315510182663571;0.46331091291650073;0.16362136069094096;-10.360770312196749;-3727.6592734174283;-149.97403732040448;-5.497263506203313
('easy', 1152);-1.7665977081311;0.40153292940243546;0.14465087722456121;-8.115144251125932;-2239.3383040210256;-191.33575725128782;-6.295070687900461
('easy', 1153);-1.5883507389668858;0.5505530599855124;0.3564717804420703;-8.624508954252248;-2606.415102804775;-187.59654940421672;-5.338630669249506
('easy', 1154);-1.6203150774834898;0.3454644729036902;0.23372556467524808;-9.152850505284036;-2680.258842934123;-188.43845396303098;-5.461064474184382
('easy', 1155);-1.3271097592408876;0.4340854030048846;0.13674133825327447;-9.174466819084405;-2503.9014692661754;-139.47791740852705;-5.1598972958710965
('easy', 1156);-1.0214959570665725;0.11754019313588912;0.08100793535168645;-9.264672166901972;-5956.669127722543;-235.07428054199033;-3.6386652544163893
('easy', 1157);-0.9451926221485184;0.38231359858387814;0.33129773120323047;-8.108784929217638;-1695.7623994360863;-132.68815532078693;-3.9271702447265002
('easy', 1158);-1.2057995558678174;0.5842890848552785;0.41846007998738133;-12.492397607047154;-4851.599433546106;-140.19572813021512;-4.919137814571563
('easy', 1159);-2.0984086831027744;0.3567342089952955;0.1433491650913365;-10.551032920363516;-3590.4995625025076;-217.49320522234552;-8.2613211207405
('easy', 1160);-1.7131387521942185;0.2040171093168352;0.10539720963898024;-9.288877170262149;-3895.6479992287327;-156.95154593046146;-7.479749535005186
('easy', 1161);-1.5292017621059588;0.50792969673083;0.4186968924313452;-8.468748044382536;-2234.439939445312;-156.53416078929672;-6.172874793871891
('easy', 1162);-1.4218220481388941;0.5045630617966468;0.4176181542617512;-9.444103003402308;-2661.7028347857245;-138.66580674041353;-6.352684142543995
('easy', 1163);-1.3493262237668018;0.2380221780491706;0.16241886899952276;-8.12879359992631;-1905.6062423549122;-141.57358745391926;-5.394607538447633
('easy', 1164);-1.4517678690201903;0.14701659107053633;0.05296794119493027;-14.689622184383374;-7494.1398752536825;-152.74500677509687;-4.909115684392807
('easy', 1165);-1.5537565446386792;0.4050060799338675;0.26746929530756086;-11.415176508360362;-3921.7510115460436;-149.64193003371375;-5.697471285326337
('easy', 1166);-1.3984142286256271;0.5057579834337194;0.29999678953515285;-8.108784929217638;-1869.0663053510398;-136.23202348924457;-6.149845624872299
('easy', 1167);-1.6379460095694494;0.48071234723219786;0.3808926195255908;-9.050251254799562;-2426.008172539363;-143.26213631639172;-6.427252962051497
('easy', 1168);-1.6831110136775411;0.44742025977848915;0.2005041464921763;-11.219431931234267;-8599.730735450365;-228.56628057853513;-6.825905777235283
('easy', 1169);-1.8852270485933873;0.5124145201764975;0.4071038652195169;-11.201810329884447;-8136.98607296455;-166.89567441724358;-8.054218006901186
('easy', 1170);-1.052078528620814;0.5344322350680611;0.3205973520868147;-9.364523795157696;-2583.3879265139753;-155.2712266202516;-3.9041039849540917
('easy', 1171);-1.3290497531180046;0.4312539237444697;0.24405589101438832;-9.81007229718338;-2837.8050908697537;-149.8435317526407;-5.285293385166362
('easy', 1172);-1.4725833936477923;0.2968396472036158;0.10795437072644526;-8.718360344592911;-2299.5665524708666;-144.02311123285295;-5.918382005393202
('easy', 1173);-1.2166319688810172;0.5874338562511349;0.35311046141473396;-8.297465807919885;-2701.147485586631;-139.98895048328012;-4.17226343366296
('easy', 1174);-1.0157626728696783;0.49331235629793085;0.2974643144473921;-8.108784929217638;-1681.6365507880132;-168.28359962509205;-3.972413193838935
('easy', 1175);-1.8331901402064452;0.5636465997729532;0.270018117968383;-18.420680743952367;-39172.88481423395;-175.93770587470368;-6.912845746942648
('easy', 1176);-1.6875481510238357;0.5206202271261186;0.31490618481914606;-8.342983819462926;-2343.7218019663023;-204.87118094564377;-7.170068450803097
('easy', 1177);-1.0986288623847074;0.47675862257406737;0.3493449757408106;-8.108784929217638;-1846.3243552514216;-194.21064297430814;-3.926233558687417
('easy', 1178);-0.7713360758316445;0.17055169591135388;0.08509862647826678;-9.780123534828759;-5855.325430273131;-204.15994495459137;-2.5846268340114813
('easy', 1179);-1.3220818792090816;0.46738861019224653;0.24230347892872117;-13.80231898938247;-6318.112681326651;-140.18648617083292;-5.203090513071353
('easy', 1180);-1.4765999043724318;0.5382582749249896;0.4067983041648269;-8.966037082430994;-2416.3448294161126;-150.37028022289599;-6.120783573214358
('easy', 1181);-1.4359054315096433;0.5110607771311928;0.42210221466541187;-8.108784929217638;-2005.889223286117;-137.7645822752574;-6.126918133407013
('easy', 1182);-1.3683938471605548;0.46063486659778813;0.2994772210511759;-8.108784929217638;-1632.2841416583428;-164.31996022097533;-5.08823137279919
('easy', 1183);-1.3314943143993339;0.30605152439778316;0.23728835169222942;-15.249237972318797;-8381.647739161195;-152.83119171289098;-4.409661714538484
('easy', 1184);-1.55012382795735;0.5082061129399024;0.3621805482219832;-8.902724803016666;-2371.450278656225;-133.45077171851747;-6.550807562706777
('easy', 1185);-1.2265387596198662;0.0642854260764734;0.054032224094188536;-9.169304777223207;-3724.2161309289227;-140.7666668368846;-4.08640932318439
('easy', 1186);-1.605589978857527;0.5245368469092782;0.3907913836229999;-8.467612970480872;-2159.1605726358944;-175.0001571679508;-6.074655814841055
('easy', 1187);-0.9134454906017233;0.4846158538394843;0.13862431680945134;-9.267192647127306;-2611.3576131665263;-145.37518217308613;-3.540018732847107
('easy', 1188);-1.3599625166342981;0.49348857751439973;0.31539102400845626;-11.347265302744152;-3840.682129963731;-178.00512959217065;-6.037751123342957
('easy', 1189);-1.099381381905069;0.5663066883131955;0.47602228023703397;-8.108784929217638;-1565.942415899244;-130.92537624929298;-4.353898467811454
('easy', 1190);-1.2821130013537392;0.5351250959760636;0.46593761349809554;-9.246586235820251;-3430.195567035375;-174.92906463589796;-4.835272654967196
('easy', 1191);-1.4100049476548009;0.2525731353381136;0.1597125576843741;-15.249237972318797;-9186.687674313205;-195.8350351645088;-5.4899181652159506
('easy', 1192);-1.4308583922204285;0.5254233542245562;0.39630750812410126;-8.253471816013947;-2315.7947304762247;-167.94633516220247;-6.205919800636079
('easy', 1193);-1.588844192287173;0.553499346270802;0.39776815214597583;-11.529586859538107;-4415.16592858477;-145.5054216854163;-5.772338992542714
('easy', 1194);-1.5368686215114111;0.3832654732490789;0.19175135638123436;-8.841533243934691;-2326.822439811378;-168.29535253892865;-5.47369042849193
('easy', 1195);-1.4375972150913825;0.41698293872627457;0.11015657359956763;-10.551032920363516;-6550.47767882655;-186.7940398973064;-5.638254002141198
('easy', 1196);-1.2543079141260822;0.5112809473296027;0.29412525757708385;-12.74371203532806;-12704.625721180191;-168.62812251352827;-4.835399546595646
('easy', 1197);-1.3398502753774855;0.5499067418470536;0.43190041158655756;-8.543598877458795;-2479.2582467558254;-131.76366745090968;-5.535691332793806
('easy', 1198);-1.343197396407408;0.3987209164030768;0.17285681418110938;-10.86098078789428;-3510.29154960316;-144.4380253733191;-5.820809455776781
('easy', 1199);-1.5765506007172092;0.14749569198331092;0.06168433332264302;-11.760335010237537;-4171.450972539922;-143.51430009539868;-6.44833578161543
('easy', 1200);-1.6691396804510685;0.371632009811228;0.2783665526319468;-11.175946819294529;-6801.713893487698;-216.17469021667807;-4.901394620281425
('easy', 1201);-1.245917502905521;0.20020886349432718;0.0825926809929308;-8.894867931521446;-3272.3449626278302;-148.59836428472346;-4.486144193731858
('easy', 1202);-1.3976596065172777;0.36637245405534363;0.22468992439228805;-9.903321626971481;-3104.766816431903;-147.70317552079874;-5.802977437654282
('easy', 1203);-1.387670278765455;0.3136365955965195;0.23425185182657324;-8.108784929217638;-1558.7057733148733;-193.3531058951533;-5.620198687458695
('easy', 1204);-1.3633786283950105;0.31988874437709247;0.22193707845682473;-9.303817363712222;-3271.566010978696;-182.1418292547765;-6.295382682305983
('easy', 1205);-1.2486369671037973;0.5736154431360736;0.2682657049454825;-8.746447926403173;-2298.476068898008;-134.59893362767704;-4.697893325565556
('easy', 1206);-1.6584350234189067;0.5579560038822612;0.24001929037625783;-13.234334951776532;-9672.521302131478;-144.94601279367882;-7.283138042239368
('easy', 1207);-1.3949160016272935;0.5003936294630728;0.2546703701140381;-10.931749858782487;-7706.212925273971;-143.26114478868786;-5.618349227634419
('easy', 1208);-1.6415039026065688;0.4310868752973449;0.17851275376321732;-12.318044219902378;-6864.610366966494;-152.59355699512548;-6.735684664902738
('easy', 1209);-1.2002210760525023;0.5568115058737678;0.4483002119511523;-10.644067786330705;-3663.134805426677;-168.9501946414723;-5.075987576351441
('easy', 1210);-1.4269687416118122;0.5077717972279372;0.4240541552579696;-9.934801223890878;-6268.657028697812;-204.47289715827324;-4.8795900894875315
('easy', 1211);-0.8659577922395554;0.16329409813637127;0.07653741828395019;-11.274240167729262;-3784.996498660387;-147.228612828494;-3.2783082857740315
('easy', 1212);-1.9800901415892749;0.5738596713434853;0.4825662639934518;-13.996475003823429;-20257.765309595106;-206.1481927935427;-6.744852105648524
('easy', 1213);-1.6266600000899913;0.1625615897816437;0.101308135513986;-15.249237972318797;-8381.647739161195;-178.6016909849743;-5.861078166418026
('easy', 1214);-1.7939819998696354;0.44470181031188993;0.40440401421589434;-13.080184271949273;-9152.530814402422;-164.70940958044596;-8.044022227896159
('easy', 1215);-1.5982415988280285;0.549764772111062;0.3684071326486867;-10.749428301988532;-4509.363579194416;-165.2486953675028;-5.493660535843502
('easy', 1216);-1.1334030825497567;0.47964610958494847;0.37214948033951006;-10.331083531016706;-3230.5371417963684;-196.364478320528;-3.670863823956037
('easy', 1217);-1.2958433540035885;0.4019588766526005;0.2074441509023649;-8.12879359992631;-1580.1095205702288;-136.45075220652677;-5.625021169077862
('easy', 1218);-1.2248248806329252;0.22229816219676513;0.06864215129519277;-10.212285369905167;-4475.086481896902;-157.55689535729883;-4.83349086783765
('easy', 1219);-0.9867654150252011;0.5256196890893292;0.3712054008725905;-9.480916976525025;-2644.2310999347815;-139.3050392756655;-3.918604827791302
('easy', 1220);-1.7314704901637266;0.34934499351340925;0.19564762108468348;-15.026094421004586;-24799.116404584576;-219.4458793924506;-4.590228100809365
('easy', 1221);-1.3501865193836746;0.5875404622182381;0.4072995136608107;-8.108784929217638;-1794.7406672953016;-190.2081340211886;-4.9450529897944975
('easy', 1222);-1.4800084930897146;0.3972183799869426;0.2509306000654447;-11.807218596136387;-13212.455483607493;-165.68487217591158;-6.176259819480381
('easy', 1223);-1.6347887639200718;0.48891146995377854;0.39916305083872794;-8.467612970480872;-2845.6556303612965;-187.27180763606316;-5.950891409776957
('easy', 1224);-1.4211604931494086;0.2674220155246607;0.07519426437841048;-8.108784929217638;-1558.991407523778;-138.02575849657765;-6.148009686762059
('easy', 1225);-1.260883014531734;0.47251464438505575;0.23550835498021755;-8.961379412157012;-2383.268370939417;-147.62649031040107;-4.976046818441952
('easy', 1226);-2.110485385290351;0.4981678439931046;0.21339318451208844;-12.102932840285431;-5095.281181090928;-183.59173987128904;-8.250302642210336
('easy', 1227);-1.2009438907995897;0.45889397061672593;0.07703687807330087;-8.108784929217638;-1678.6685329478864;-139.3810605818254;-4.787839818628066
('easy', 1228);-1.3467955282773543;0.4621389440662941;0.38665404892650646;-10.180333770098565;-3064.094494326189;-133.69639024588977;-4.9117175806871565
('easy', 1229);-1.7208528363553746;0.45317909917320776;0.28112550197311514;-9.714860829190004;-4338.551493538754;-172.98894527202515;-6.061565984105022
('easy', 1230);-1.2958520416343455;0.12510044320774674;0.13133049046219983;-8.108784929217638;-1656.3576893111042;-163.55614829221744;-4.546732215233489
('easy', 1231);-1.2813761416046876;0.5555677046341235;0.4581049394833543;-8.469884408141183;-2175.9814859068974;-129.69760188226724;-4.8631096147790345
('easy', 1232);-1.5017966354063805;0.5107541014689828;0.17432528820768184;-9.7368177991087;-5212.236816132437;-209.01085184254475;-5.707363017454882
('easy', 1233);-1.5392189368867164;0.304535754321999;0.12873624686306157;-10.493494927851332;-3279.685607333771;-144.53092397236185;-6.089929770115198
('easy', 1234);-1.405255913459311;0.49121366603286926;0.28496186571222054;-11.523544545082144;-5851.23018869197;-182.28854209575775;-5.324782926737438
('easy', 1235);-1.8027197789860905;0.08481124487444214;0.07314820148487469;-9.625220466131458;-6094.892240701789;-200.8289263027631;-5.257960387834362
('easy', 1236);-1.634884988438545;0.1298477281695288;0.06426140670639727;-11.890600205075437;-4532.510559975661;-182.3291727130191;-5.871946280445336
('easy', 1237);-1.7065382367949;0.3157030714651283;0.21069229099333459;-12.74371203532806;-7592.759052694902;-180.35417541961274;-6.67563949650361
('easy', 1238);-1.2487447471654747;0.2392778951284318;0.2500311391337324;-8.108784929217638;-1836.705532636211;-160.58826858346603;-4.903664865364259
('easy', 1239);-1.3547669015102237;0.4783357615670818;0.30634478491573874;-9.928669996835941;-3996.723478030757;-142.16329943129517;-6.655946456456192
('easy', 1240);-1.337869523085595;0.5524758948540462;0.21866958635517203;-8.746447926403173;-3028.444919602367;-149.05575331373524;-4.966672186366081
('easy', 1241);-1.6573250071110404;0.4019362016826641;0.1425673288235741;-9.890295983954326;-6256.708289053837;-181.56691907156124;-4.916968944954228
('easy', 1242);-1.2873564860068252;0.2715125855305493;0.09839742282126202;-11.560358518204861;-4007.9048838531603;-200.55162609044848;-5.106432528718691
('easy', 1243);-1.5290966174365574;0.0801452081604396;0.05265876157644517;-9.996964544272167;-4738.009813507995;-254.02731498016158;-5.438566054514904
('easy', 1244);-1.5351576360775663;0.473545233427241;0.354699567229722;-8.144272524048954;-1933.838576752578;-127.56966327868902;-6.527502861588572
('easy', 1245);-1.557460644488635;0.5610791148002814;0.4149504757737694;-8.450739679273608;-2166.482046221875;-130.86905670308428;-6.316884645249335
('easy', 1246);-1.2588156920606624;0.4952278661076825;0.26169982244169215;-10.654118122184206;-3368.639528134044;-137.91990337480217;-5.164992299162146
('easy', 1247);-1.5693026789403615;0.5583488244118838;0.4106560533572232;-8.108784929217638;-1590.3617783639409;-188.80496169761616;-6.038420628212946
('easy', 1248);-1.2692740474061774;0.44663867836168225;0.21970096267705527;-8.108784929217638;-1681.6365507880132;-134.42312870425295;-5.73022569487936
('easy', 1249);-1.2504511846500785;0.19342440208525186;0.09915522295184095;-10.332913357693782;-3250.5348219023554;-152.4870392113831;-4.895941802778144
('easy', 1250);-1.248906260397327;0.15010014267534905;0.05993303506774157;-10.526284750674321;-3254.3547350372496;-231.01387867233254;-5.399102256963535
('easy', 1251);-1.303653799547832;0.5567441512628373;0.4267462017750011;-11.188794961772377;-3720.8640791020825;-145.7063217570529;-4.9588227856132425
('easy', 1252);-1.1022228915237322;0.3936389044130992;0.30486604322055944;-10.113439535268535;-3701.8642435694833;-178.72336326616667;-4.327307830698678
('easy', 1253);-1.4946037138116912;0.5184224651359426;0.34678527176522167;-10.526284750674321;-4162.946119946523;-140.8415433645377;-6.88493857431788
('easy', 1254);-1.1413622066877016;0.5176082788350289;0.21594068215476625;-8.206951800379054;-2140.965392345964;-133.42826501557295;-4.6351020617471255
('easy', 1255);-1.11822992257483;0.3866967025033925;0.3271828695743585;-12.646548286874413;-7037.78463906714;-173.2490896162943;-4.089935435023606
('easy', 1256);-1.3253948298737654;0.5777916821588636;0.3365556792564735;-10.120819642566158;-3005.250293304708;-129.55109207306168;-5.378888289783887
('easy', 1257);-1.6134747872039497;0.4600169302736239;0.274150579842957;-11.68677244306052;-8596.139657436037;-190.33346247579817;-5.5550969637531615
('easy', 1258);-1.4281511870824122;0.46473300935569206;0.15054441078691289;-14.332947240444641;-11896.088636520919;-159.60035856808213;-4.933277555304376
('easy', 1259);-1.789633187036057;0.42550799869314304;0.16031902029537085;-9.607330901380683;-4022.3374776797527;-156.14808024642969;-7.598091870192749
('easy', 1260);-1.4047978394441119;0.3348066964144122;0.10402328251636021;-12.345072892290297;-4825.564900481857;-178.9489862764664;-5.325041113923802
('easy', 1261);-1.778717947875368;0.40273210176501745;0.19518823700557625;-13.052013394982577;-15125.118079953363;-227.26807036053262;-7.472442061610602
('easy', 1262);-1.2421187539897904;0.33139561484897684;0.08012512333300761;-10.955359724421621;-3567.6276609995725;-146.83973864119562;-4.849724605048943
('easy', 1263);-0.9177478991662019;0.5429264872243971;0.4402445181627054;-12.703706700714362;-9905.733581203967;-217.4009215036166;-3.15904392343659
('easy', 1264);-1.4674945793835719;0.5002338090821943;0.3706172498237198;-9.654526592716957;-2756.225187363949;-127.38685576889833;-6.014547194256087
('easy', 1265);-1.3314816054536152;0.4863450164665489;0.3010763322548622;-11.114071415576442;-3778.193548161264;-183.91431527571973;-4.752144035810242
('easy', 1266);-1.658371924987527;0.5283107978500488;0.28667954868771983;-8.12879359992631;-2175.047790889319;-157.794692404789;-6.543735913136943
('easy', 1267);-1.8021788964652148;0.3010073407313519;0.21518314250299167;-8.12879359992631;-2162.77143103452;-161.16851227502414;-6.971213441443862
('easy', 1268);-1.5124473539837149;0.4096089423362285;0.32867053111155065;-9.407143881865084;-4152.443937529821;-163.20341831425313;-5.199275957298347
('easy', 1269);-2.1793805548599354;0.4832034701316543;0.4249119802102242;-11.839741787841946;-8127.929558693916;-173.4746557962699;-8.085368691698074
('easy', 1270);-1.303501268608556;0.5574823131166746;0.4658393404281638;-8.496967596177054;-2171.87412636524;-125.88731843818101;-5.022561085371172
('easy', 1271);-1.686451361390997;0.3337193201709674;0.09250542748724704;-8.71763174711077;-2830.7223238558495;-179.80623319062423;-7.54054721975594
('easy', 1272);-1.9428444156172446;0.4743428169421552;0.37818978553444044;-12.401425828841427;-5793.783440501806;-270.7352868577034;-6.730076611460297
('easy', 1273);-1.685151688218663;0.3130444241519546;0.16826835223139058;-8.12879359992631;-1917.6507421019091;-161.8557825819936;-6.867873709027724
('easy', 1274);-1.2714933901653884;0.5393667161805187;0.41282746680941873;-8.399641607510192;-2130.006965254388;-130.7264470146329;-5.344030213441355
('easy', 1275);-1.588039585113045;0.48901888748314626;0.3373163176221669;-13.745160575542522;-15174.1015330439;-173.66948623083837;-5.068674332678261
('easy', 1276);-1.5554851021034788;0.17519059792107583;0.1951369942526322;-8.108784929217638;-1558.7057733148733;-186.58898136402945;-6.014208907385519
('easy', 1277);-1.1757933379253689;0.4421125387372667;0.27231290450409773;-8.108784929217638;-1558.7057733148733;-168.0967217751856;-4.674731647109826
('easy', 1278);-1.3129883335382626;0.5575264610800513;0.40883240822203315;-8.108784929217638;-1822.7701219493636;-144.37636909507933;-4.722952228878087
('easy', 1279);-1.4348712510654635;0.5106217012067494;0.17292397773137128;-8.254387986485726;-2230.940592349321;-155.29733081248918;-5.959739612518745
('easy', 1280);-1.6799324731024228;0.5441902395047635;0.4059954611847394;-8.12879359992631;-1711.932178791256;-151.0320147900539;-6.605483813502351
('easy', 1281);-1.0702561197759795;0.25796320370684933;0.06994262372950207;-8.718360344592911;-2339.585523892022;-138.56189747707796;-4.053639526244459
('easy', 1282);-1.7856426505066174;0.4197423463368165;0.203019564705003;-11.026060538253727;-8743.1596987035;-186.3196009261825;-6.964523394967977
('easy', 1283);-1.3140199414597096;0.2866315682549851;0.0871219874778677;-8.9195170667961;-2686.7447559641646;-167.34412559849605;-4.922190116707514
('easy', 1284);-1.8061726539834477;0.5767613568160003;0.3897066357378871;-9.424713879966466;-3166.424183129357;-156.87308965704884;-6.197250300066812
('easy', 1285);-1.2694325482552065;0.2638529699803676;0.08057902330178003;-8.53871486286637;-2201.9053560042557;-128.7438244629642;-5.565486076370358
('easy', 1286);-1.2889343857283375;0.33353294932449373;0.32691882788555315;-9.690481269712853;-3367.2885308626865;-135.66276301441775;-5.450920740845355
('easy', 1287);-1.3933018268845836;0.34751692067913587;0.1944036568750427;-9.029642332385565;-2575.8729861006245;-150.7984517075721;-6.0207971240351945
('easy', 1288);-1.4676937942655237;0.3121701164015118;0.07868635318822306;-8.665828750160031;-3238.123399919422;-204.1416317562827;-5.257670526962522
('easy', 1289);-1.5301278760050723;0.09660859925734112;0.06122037483631936;-8.108784929217638;-2116.931895208744;-175.84155165149122;-6.015271872339889
('easy', 1290);-1.3304648702772124;0.6338740066262193;0.4560920691808731;-8.499306778530228;-2172.8904460083436;-128.87791086231474;-5.218870026754892
('easy', 1291);-1.3227266839796208;0.5038360619077692;0.29962072784214894;-12.703706700714362;-6778.105378645764;-204.39943867976112;-4.445830566834044
('easy', 1292);-1.388795267528383;0.14739250993051112;0.07974604941946209;-8.644616870347363;-2491.787226450543;-173.05323812475467;-5.547783048715628
('easy', 1293);-1.4191183260830549;0.06009253564872635;0.06314522486527316;-13.268236503452213;-8987.354114462309;-238.36355212969625;-4.654476145768538
('easy', 1294);-1.5024979917148218;0.490728202036704;0.3145844422567051;-9.755148251252683;-2793.8199375219788;-134.8870790549727;-5.8992781004250885
('easy', 1295);-1.3365717525298106;0.3152358266137636;0.15889057548613364;-11.332227425379612;-12095.228048867859;-230.07623070907204;-4.733046740918044
('easy', 1296);-1.4880379686564162;0.5165761920174491;0.268523903819239;-8.873361726300482;-2357.564476259492;-158.10363253763737;-6.155113086731411
('easy', 1297);-1.8811081105690832;0.18617052436348316;0.056004596676360666;-9.47158564909614;-4080.9601822949326;-137.07963225647578;-7.736618149610994
('easy', 1298);-1.2946545941063032;0.23458769095874848;0.13453973840092268;-9.947177619491926;-2902.6742062968865;-158.15817722124828;-4.509870118260691
('easy', 1299);-1.546605734549848;0.56555436834936;0.4089036441490368;-8.108784929217638;-1894.2802659061986;-177.1659410640594;-6.097115101580284
('easy', 1300);-2.229902741464129;0.17214714231676426;0.14796918586054347;-8.108784929217638;-1659.1674725410378;-204.473598935723;-7.572256280376357
('easy', 1301);-1.6144362139926651;0.5492912284970917;0.3838336846771386;-8.297465807919885;-2246.996055422257;-148.10687808560542;-6.368321767427201
('easy', 1302);-1.0244914976012163;0.5247510201780862;0.26806449741507377;-11.146594607282001;-3802.8494326474183;-130.2628229492307;-4.120193999244603
('easy', 1303);-1.2954422565657226;0.5139329749656766;0.42522761912266105;-8.17005357770913;-2102.670313249706;-198.25871829581598;-4.390937131296729
('easy', 1304);-1.2400606505506921;0.5509517934119232;0.18304088984967942;-8.746447926403173;-2300.1513447800085;-132.8217851697238;-4.8608422638271405
('easy', 1305);-1.4469340525140637;0.47567630848373094;0.45784994915488053;-8.915958344179106;-2549.216148070337;-167.44969139837644;-5.163753002368897
('easy', 1306);-0.8251940960107745;0.42992051709851387;0.2669395548064103;-8.108784929217638;-1775.5703453005099;-196.09870716783448;-3.0279998934387566
('easy', 1307);-1.7874642882790162;0.5249356884546885;0.3873339204274055;-9.350711420870084;-3122.364154119713;-207.44674884029334;-6.950090367838205
('easy', 1308);-1.504301963384977;0.4523809416686083;0.3563296928310909;-11.899333885044191;-4318.134655597757;-127.87326520563397;-6.055893343694041
('easy', 1309);-1.507099004314406;0.42473491606683933;0.37560694398804106;-8.108784929217638;-1949.357444921899;-177.2788226010412;-6.727636538130676
('easy', 1310);-1.1634034910254045;0.0996698162999872;0.06969175561139798;-11.775719929077015;-9995.241366808621;-206.70272657058717;-4.243861612333995
('easy', 1311);-1.4961691317043284;0.3342500107242644;0.19179871883254154;-8.460829450969227;-2870.7628828534616;-232.48168299367816;-6.062871841713176
('easy', 1312);-1.3193451060920225;0.25659210655554787;0.10419969740355428;-8.41297869504173;-2525.628518559985;-183.58041259125858;-5.745315814322105
('easy', 1313);-1.9590238908824185;0.5344690831246615;0.36355406082432506;-9.34660463891743;-3035.5215868790774;-213.995322716466;-8.149799779066992
('easy', 1314);-1.056260356495862;0.45001995079347723;0.12925723335527067;-8.812286642753165;-2309.877277134308;-188.93925404601129;-3.97139986219568
('easy', 1315);-0.8759380079369619;0.4314588476971515;0.24135092893884819;-8.108784929217638;-1994.384389434056;-163.86522318220312;-3.3663075730373815
('easy', 1316);-1.6412643502474022;0.09476896314317275;0.06786376246584241;-9.318984156255711;-4061.003441860892;-150.4492282608357;-6.557538823803871
('easy', 1317);-1.6921757280606127;0.5833499541062576;0.4808705733722717;-10.842518725054545;-7248.135149232659;-192.75790744704756;-6.381744022501136
('easy', 1318);-1.9339359053411052;0.20248464454000473;0.12125693186560614;-13.996475003823429;-18588.378724068472;-171.20517544149286;-7.676447311579978
('easy', 1319);-1.5287299677300992;0.3378446132878531;0.19606917529157772;-15.026094421004586;-8015.809767706307;-191.15147549939635;-5.684485867049525
('easy', 1320);-1.523094244234024;0.5336311934412771;0.4002438958117883;-8.12879359992631;-1578.369307623359;-188.85457769907248;-5.48157567674692
('easy', 1321);-1.114134452513989;0.5658246537699498;0.35588204402626855;-8.108784929217638;-1558.7057733148733;-153.88453315677825;-4.157262432286358
('easy', 1322);-1.7128201478216618;0.49032685291149614;0.16083492182291023;-8.115942017422729;-1566.7009499254357;-138.81684238136563;-7.477049747370606
('easy', 1323);-1.467552665934331;0.4939813120226001;0.4276116428548445;-10.983043153170037;-12320.184747710433;-207.72319482618897;-5.339793891073207
('easy', 1324);-1.5870820729274704;0.4551873004022348;0.23434127743391187;-12.997946173712302;-6554.349234168269;-219.6980817479052;-5.966516559539909
('easy', 1325);-1.4426671003180964;0.37127490645926503;0.18689979796328626;-10.231958135503872;-6305.495717889307;-209.11771551178646;-5.1892863615512965
('easy', 1326);-1.449694184367293;0.3834989074445855;0.3451282934999491;-8.108784929217638;-1662.822509140143;-137.31972368910235;-5.949891802410689
('easy', 1327);-1.5271869079090987;0.5958193214574505;0.3817458550817753;-8.964171410248044;-2508.0406275268056;-190.86786663478142;-6.053521999099828
('easy', 1328);-1.3632339190396479;0.3911232462009469;0.11916464239752023;-8.461392990009218;-2184.3693913424268;-137.98104500550772;-5.611191370907275
('easy', 1329);-1.4266348099986965;0.3762986184979564;0.3873224234635611;-8.369367896826196;-2144.5337444009306;-150.5113241514983;-6.131193612850641
('easy', 1330);-1.8985210160020818;0.3504379916131869;0.1189224237912298;-11.180211218080986;-3934.6701506961226;-155.9713312178714;-8.22946241292604
('easy', 1331);-1.4667287136745915;0.4590073671822957;0.2985062896598401;-10.19299216697049;-4349.802563860852;-187.41203038441972;-5.859346171264982
('easy', 1332);-1.5933994308192083;0.5058941264620547;0.16848127013838726;-9.683760169039775;-5854.239913607463;-171.64239829596775;-7.191509757267717
('easy', 1333);-2.023899359451223;0.3111600805898026;0.14744006046964458;-10.281162292641337;-5653.800102342487;-179.16701854741643;-7.320983307131249
('easy', 1334);-1.9620658303136018;0.1136703075163363;0.09521974667116705;-13.303327823263484;-20583.399264129243;-229.23520904752556;-6.649261925735748
('easy', 1335);-1.423812919249938;0.5468207899782285;0.2839798857804137;-8.12879359992631;-1579.5197237924597;-140.69077535195655;-5.338208889523678
('easy', 1336);-1.6589525832789718;0.4391676384624429;0.24006665279142986;-8.905357538192465;-2418.4073513321723;-161.22010708122855;-6.246658441282739
('easy', 1337);-1.3013069230277983;0.3144914170462032;0.1532917438905006;-8.524204330151955;-2183.7373601655295;-159.95047782950908;-4.797725442725601
('easy', 1338);-1.5389002021740323;0.43580919537667506;0.24541861962582973;-13.139024771972208;-6289.504861941493;-159.4395650981788;-5.356502329217223
('easy', 1339);-1.2231742205044547;0.550539595329482;0.47750738067914006;-9.807903098935835;-2822.936197539746;-143.97663178640005;-4.7824998405052455
('easy', 1340);-2.1295584429392465;0.22806598766447878;0.1503291732853316;-11.78350206951907;-11529.886303124198;-220.0766835942738;-8.650477701638867
('easy', 1341);-1.5384918180071645;0.4963099651617748;0.3249281833653047;-9.464643854926182;-3592.5701231041567;-163.73047943268185;-5.60398936583489
('easy', 1342);-1.5489724485429635;0.07262221830292875;0.06084499720860149;-8.719819134056571;-2287.5165790781966;-144.21624808921035;-5.805087758594859
('easy', 1343);-1.2991343165018805;0.44640210745424713;0.14440521739320594;-9.177346176098201;-2579.7851159393717;-152.91275394439117;-4.614149402319289
('easy', 1344);-1.2830131797590147;0.22972583120308823;0.11394894595088986;-9.064573750269677;-3937.07416063218;-226.53449985885374;-4.621126527816094
('easy', 1345);-0.8152215030729731;0.37574996350084866;0.17580459815425553;-8.108784929217638;-1848.8243348962458;-132.43786233310362;-3.408514285951884
('easy', 1346);-1.9933783885865664;0.5230411212536563;0.23458338949632315;-9.093318870245284;-4559.824366314909;-173.8208042003661;-8.550039085361306
('easy', 1347);-1.2969401754958199;0.39265242315229776;0.18536524772530089;-8.15500312639404;-2378.6048030750985;-145.79166030668114;-5.145427945380458
('easy', 1348);-1.811854671934268;0.5627048415558284;0.2972880411147487;-10.769064276505391;-3998.8252218133152;-206.78529927827384;-6.907259019734863
('easy', 1349);-1.602019836302965;0.5113892932452382;0.14265280459353724;-10.7006381378191;-6628.715825604835;-163.39536680650104;-6.994911374297476
('easy', 1350);-1.4285724053489435;0.17036289095681087;0.09889691755009203;-12.764331322530797;-14711.980989113465;-275.9966383319821;-4.3750495788007635
('easy', 1351);-1.1769470896535636;0.4133514394714461;0.3729104512661269;-8.108784929217638;-1558.7057733148733;-154.2407114260261;-4.604968165680831
('easy', 1352);-1.2064642980160662;0.49539759738374756;0.19966293016605813;-9.656387058369877;-9051.835876663446;-191.04118166512745;-4.91361462537661
('easy', 1353);-1.6604413572251202;0.5206022557353277;0.2977255178117103;-11.251037270649599;-4484.849468443552;-172.36432184402128;-6.1371550174330585
('easy', 1354);-1.460771552803419;0.5196050814957154;0.2803077059297401;-9.270985319183046;-3191.417484426848;-156.8484194145921;-5.826064859109717
('easy', 1355);-1.2325234682334638;0.4692797981024125;0.38240892914089286;-9.813334942818196;-5688.022631530103;-188.45429997316919;-3.223680123088896
('easy', 1356);-1.0718825927443518;0.5846721300285928;0.5414705321466339;-15.942385152878742;-9841.714611709514;-204.11192640036674;-3.1276755460697583
('easy', 1357);-1.7162418321550794;0.45058507205727416;0.2529977540070608;-10.167833607334334;-5240.478257503029;-155.03167616418338;-7.90178762501367
('easy', 1358);-1.3912244351814738;0.23888302573853692;0.23851447758085825;-12.557994889532967;-6321.943663137051;-172.282122214861;-6.131847083959475
('easy', 1359);-1.9628241983157215;0.41892364829344214;0.3399693277053263;-12.628199148206216;-13966.16203201147;-160.27922011850904;-7.414890821539013
('easy', 1360);-1.3598811883461557;0.5487272195126366;0.3857709577331583;-10.20742706075409;-4911.92939783848;-191.38608399666282;-5.206355206469049
('easy', 1361);-1.7418075039856806;0.1766823616647945;0.068113569340438;-10.360770312196749;-3482.5398676467594;-174.298965179886;-6.935514005869338
('easy', 1362);-1.5710464504365649;0.4080211789033711;0.20804405938084203;-8.108784929217638;-1558.7057733148733;-204.18064436619093;-5.726667151392065
('easy', 1363);-1.582741317110362;0.5245124019920244;0.2518045115164408;-13.544489880080372;-12649.408413666562;-189.20094927745288;-6.760661226026117
('easy', 1364);-1.4940831796271532;0.5450197719440646;0.4716571682565095;-8.108784929217638;-2379.2601536832526;-189.68084637922536;-5.279688361335703
('easy', 1365);-1.3389475380205464;0.4079312181858732;0.351097390148177;-9.333709991300756;-2644.8144452106326;-223.42862422505635;-4.5251596865997525
('easy', 1366);-1.0767796229539053;0.37264852158082107;0.4982990833308603;-9.780123534828759;-3685.3749301033677;-216.3217391668814;-3.326056738868528
('easy', 1367);-1.2814089947953238;0.345421761713829;0.17105268479458544;-9.734801669393514;-4280.511717450951;-169.50103764121238;-5.102944211988145
('easy', 1368);-1.5948147205726282;0.3186570368141567;0.0722810681627322;-11.57293730041172;-4206.802605415687;-177.96504437562788;-6.640884436804806
('easy', 1369);-1.526420744462966;0.45898127498888874;0.4063568529559121;-8.627832320554662;-2712.699285047502;-200.34114799142657;-5.236807028348113
('easy', 1370);-1.334128013405096;0.5253768687325957;0.2815991270008673;-8.108784929217638;-1928.9417850921243;-153.86909624677932;-5.4241933087674665
('easy', 1371);-1.6228451911617143;0.42644779107146563;0.4004204521352753;-10.37978229168532;-3813.464665932848;-186.24729063263882;-5.893109106693748
('easy', 1372);-1.5019354005475947;0.5344653177094097;0.45254727252385724;-8.12879359992631;-1588.013829893435;-140.74059493602718;-5.808122893805084
('easy', 1373);-1.1644019205584997;0.34016711567145586;0.29217289013190867;-11.426046180597266;-12370.489435619438;-194.44632181926255;-3.8228993084019307
('easy', 1374);-1.340756343231035;0.4526877834604668;0.2738316755298383;-8.12879359992631;-1588.013829893435;-131.8417018330661;-5.092023680794477
('easy', 1375);-1.5921001637894612;0.48613733070130993;0.22842351912164172;-8.466479183511344;-2173.312662301906;-149.81587751277655;-5.8272182094065625
('easy', 1376);-1.7691892875567687;0.2628386150694598;0.1054927037378105;-11.935051967646272;-11089.063746676602;-198.6308606166195;-6.630780250154936
('easy', 1377);-0.9408857225064393;0.38710188566312254;0.2386319856037661;-8.116740420658752;-2012.8366834013145;-153.47362868713378;-3.7982988404529423
('easy', 1378);-1.4343241795070154;0.4923407620374409;0.2724455294622577;-12.430839714047721;-18976.700005629984;-216.84298861085298;-5.667476227648999
('easy', 1379);-0.7275555749717869;0.4564293477564367;0.3386641866770673;-8.967906241853697;-2386.381439700051;-159.97906286895068;-2.9914164548650457
('easy', 1380);-1.6827729599332382;0.4211688143132808;0.40890364057308004;-14.556090791758852;-10618.904655153972;-258.1108355938937;-5.069988699173981
('easy', 1381);-1.7212967554924108;0.49047747949520426;0.42484746614597824;-8.12879359992631;-1881.8670839619635;-155.04086520218024;-6.780729930901689
('easy', 1382);-1.1445106671864365;0.46229143435769027;0.33982582113459847;-8.108784929217638;-1990.9930603182618;-170.11652352824473;-4.389758076179962
('easy', 1383);-1.5439020197810314;0.5128102178270597;0.26653467859886254;-8.12879359992631;-2089.3129930025657;-145.0575423297187;-6.272477561029045
('easy', 1384);-1.5480110339803805;0.39137869467242115;0.23061023798843258;-12.372852456397371;-13655.644048553764;-198.0728517790988;-7.39449553321954
('easy', 1385);-1.7688723913619608;0.4678116592924495;0.3074563847041974;-8.108784929217638;-2008.4736435040986;-147.1369954894797;-6.758967024093662
('easy', 1386);-1.5035482986087203;0.5671276791082347;0.3581294681616459;-8.108784929217638;-1679.4582577858034;-182.77750771816952;-5.432417956697585
('easy', 1387);-1.4058204441323234;0.3987623167133398;0.3323418350881596;-8.108784929217638;-1558.7057733148733;-194.65521906512197;-5.5151669356115045
('easy', 1388);-1.4827827306899477;0.5424295553009402;0.34508447974468526;-14.150625683650688;-10263.703229329818;-213.22522760998555;-5.092014321325319
('easy', 1389);-1.3636812796268831;0.5074064452761317;0.42588113738097744;-9.050251254799562;-2442.463082715312;-126.8728712927979;-4.982768760618994
('easy', 1390);-1.5419067102402118;0.1367901204967663;0.059285360151020025;-8.935689926041702;-2397.357166347372;-145.01658875830182;-6.269226753612359
('easy', 1391);-1.8309682940525005;0.5270216240387826;0.2705873436776898;-8.750955822842363;-2402.293957257564;-170.83519312666107;-6.673662518964126
('easy', 1392);-1.4693255095331865;0.21540426214510144;0.1923464866930145;-15.942385152878742;-90017.55449696443;-277.716279357653;-3.981557329691826
('easy', 1393);-1.5205996318125892;0.4883598562362609;0.46132064531595224;-8.967906241853697;-2783.2423536021834;-218.28232904814115;-4.459713139810048
('easy', 1394);-1.3607596855391961;0.493431032333867;0.19631069620440048;-8.12879359992631;-1578.369307623359;-156.29534899742626;-5.182119797995282
('easy', 1395);-1.674854404787704;0.3701852871868091;0.21724871110593186;-8.12879359992631;-1737.4347620032763;-156.29123251053778;-6.726067442305575
('easy', 1396);-1.164408914970404;0.5457159222698428;0.2291259133287111;-10.777599178955228;-5896.775814325928;-159.2101244213427;-4.490581960154346
('easy', 1397);-1.171361132589698;0.44503232139539484;0.24660267910257866;-10.749428301988532;-3407.8533900293924;-144.09127417089704;-4.4859521638635576
('easy', 1398);-1.3432637777742187;0.5216025708986655;0.33158261585510956;-9.079104363998434;-2440.048219222104;-127.35624078902894;-5.118043912989034
('easy', 1399);-1.7264156266167772;0.2456560286110155;0.12774539414861796;-8.117539461851885;-2123.263774720669;-209.98714321431763;-4.8493792198962185
('easy', 1400);-1.4574980571816742;0.4784575652269841;0.32154673109204174;-8.12879359992631;-2304.99219730232;-171.6857910028515;-6.09347698721055
('easy', 1401);-1.3231696017261263;0.4660911364581002;0.13065844897154594;-11.142470890098139;-3798.2337496097102;-175.25943733418856;-4.472483775760535
('easy', 1402);-1.8372083444138334;0.5602038241260314;0.29258597606996517;-12.646548286874413;-5207.180637242315;-171.24452544066102;-7.680044203944926
('easy', 1403);-1.3923209789468813;0.5433544904534385;0.3024979176172463;-8.108784929217638;-2020.0136463167182;-138.87435413844577;-6.071241051477192
('easy', 1404);-1.1320886331988411;0.5531120605363824;0.366229166821222;-8.108784929217638;-1857.2408851833623;-164.96294233449964;-4.885062784069614
('easy', 1405);-1.171776458825045;0.13558340286247086;0.08228396704446571;-9.115839929322147;-3523.0249863283743;-178.42133712122111;-4.423116225246417
('easy', 1406);-1.1742395549397355;0.1185259446341245;0.05916224525976369;-10.004848947796315;-2936.3482510784106;-173.3893559762639;-4.346632128200759
('easy', 1407);-1.5940320776204417;0.5675593600411134;0.42289730027485756;-10.969105645326255;-6101.143068683489;-166.07877850720442;-5.9643096611807955
('easy', 1408);-1.7156928630105435;0.5171053940985876;0.19106769874844487;-13.591009895715265;-22837.22071542939;-202.6798061648821;-7.020569148575447
('easy', 1409);-1.5142261311565541;0.5783656188244454;0.3826931041709228;-11.529586859538107;-5038.487965451786;-186.72418386802903;-5.821447280271528
('easy', 1410);-1.8156272026214355;0.14218736464774284;0.06343338622348543;-12.278823506749095;-7916.819861617198;-190.40747293218686;-7.922021751586862
('easy', 1411);-1.6341206398313957;0.5217331331119952;0.3602134186776738;-9.127842255618784;-2480.66133120395;-143.04483351144574;-6.1146901359892185
('easy', 1412);-1.6841911655559387;0.557281454622717;0.5060698909104515;-8.966037082430994;-2936.5539532207667;-198.11405677365488;-6.369578137094861
('easy', 1413);-1.4587819957472248;0.5604366169745527;0.40984010364522805;-8.108784929217638;-1558.7057733148733;-140.51272172183857;-6.058396434405495
('easy', 1414);-1.802454654790889;0.39992274073079337;0.3085603189268523;-8.23802398496843;-2805.3722403909233;-201.68977325668544;-7.086227690805566
('easy', 1415);-1.2158091950961478;0.5222033322245936;0.3381674239065787;-10.965651410458168;-3577.6650464826416;-175.46789989171668;-5.154586572211954
('easy', 1416);-1.6190938664174457;0.5203980731689465;0.3673216751616998;-9.852207132834728;-3409.610192618158;-197.92349473910193;-4.998481186405368
('easy', 1417);-1.6556623752371589;0.5489433470213059;0.347758497908037;-9.02765426016018;-2446.3067368106267;-151.96327539773378;-6.68282593646617
('easy', 1418);-1.639079911474302;0.12672744254915874;0.06957492535389405;-11.029730267142691;-5191.220734712347;-194.29677683996832;-6.718536587994697
('easy', 1419);-1.3106689780351288;0.5555905128989771;0.4341642771907211;-8.108784929217638;-2084.704559619996;-156.00935045755853;-5.660075477118952
('easy', 1420);-1.3080839023929622;0.07099429877413684;0.06046920921708757;-9.268455273557676;-2611.338331541477;-215.27919182580274;-4.459311525690703
('easy', 1421);-1.3672828599609415;0.5822183076901208;0.4486625042705296;-9.81007229718338;-3175.116589929008;-171.4481440249315;-5.553794791070703
('easy', 1422);-1.8231799920055645;0.5069829291583842;0.35713485547220913;-9.46541278998906;-3137.248804756942;-157.7573133758368;-7.184790902779814
('easy', 1423);-1.7531626689034754;0.5327024937643153;0.3928898131339587;-8.875065304225267;-2976.970602914099;-137.91614433465716;-7.17233047622804
('easy', 1424);-1.6033849602532668;0.5188269671877083;0.3530399610208772;-12.278823506749095;-11400.587622000567;-223.40292674290214;-5.3640605507110735
('easy', 1425);-1.3149195895589039;0.5848855074600731;0.5198882468324993;-8.108784929217638;-1848.8243348962458;-170.58525121747414;-4.4654136498674655
('easy', 1426);-1.3184407069633755;0.13619341403918786;0.1270831352765687;-8.460829450969227;-2166.244015597971;-151.20877969300176;-5.468339758548946
('easy', 1427);-1.260275430444998;0.4577694163913864;0.39074861092609525;-8.108784929217638;-1886.5572585826453;-164.07080510060442;-4.701293971775213
('easy', 1428);-1.8111519294466878;0.5137389914203166;0.17849318849580686;-10.80658671582848;-3447.0344147350643;-201.21617341565673;-6.334557362534842
('easy', 1429);-1.4404324873741008;0.550033592692001;0.38479527446365697;-9.23919703963788;-2611.8957006466258;-168.07036120729992;-5.758821938608733
('easy', 1430);-1.6382216710712134;0.08971140432805205;0.07241056333657206;-10.925105316063817;-5008.1293701769355;-186.3143736102535;-5.998349581485728
('easy', 1431);-1.3932616621492575;0.3450437078640898;0.11764118760767459;-8.871661045618465;-2351.7532607996322;-158.98335666286724;-5.526189170592127
('easy', 1432);-1.0499640302104742;0.5101840534796197;0.30818979395842433;-8.9036016114902;-2355.886878893115;-138.9745761123537;-4.013829451771313
('easy', 1433);-1.6496179205539712;0.35723135813666085;0.31093610989032433;-8.961379412157012;-2455.467176880683;-152.70395600939497;-6.9099435503245665
('easy', 1434);-1.3290668645787072;0.5515906711701083;0.42570654373777156;-8.967906241853697;-2490.1658453457853;-168.0136727120733;-5.553482629405632
('easy', 1435);-1.4219408714405732;0.5745115059846029;0.22335847468180078;-12.18118503718518;-4558.829567217382;-155.89922134481253;-5.880148758978412
('easy', 1436);-0.9862071999893331;0.3827184794883767;0.16544995054117628;-8.124759709825373;-1958.600849863314;-167.7494876794735;-3.6707045731397208
('easy', 1437);-1.453064266943584;0.09622974182693556;0.10231823233626294;-9.812246211083;-3674.272423938893;-252.31322886567133;-3.854605254890819
('easy', 1438);-1.540563764089438;0.4438636139621294;0.17850426114714818;-9.281810003039055;-2838.784047881258;-143.3929892671749;-6.765976002419571
('easy', 1439);-1.80852774854713;0.5571839018493602;0.37563767585259433;-8.47045307463362;-2170.0004123328004;-128.96901569329037;-6.854536405001402
('easy', 1440);-1.287892228206969;0.36706352809455656;0.23098109458143787;-11.184493879872987;-3744.925467825939;-132.8370648618546;-5.052909447628488
('easy', 1441);-1.2253546284481016;0.5754374353075626;0.42599601810849264;-9.780123534828759;-3129.5876471042293;-156.39942600186177;-4.37307438801119
('easy', 1442);-1.4645546940198706;0.49486998570934276;0.11827309339543057;-8.108784929217638;-1831.7374250572077;-205.83611693920548;-5.639048064625317
('easy', 1443);-1.24284877008947;0.23520828787574982;0.12000931311296589;-8.230836173249596;-2122.7852656088176;-172.92692245806785;-5.44861792560375
('easy', 1444);-1.4227084548812645;0.5838468068393889;0.4438440672930266;-8.12879359992631;-1852.9268132890245;-147.9087864475723;-6.502996818099189
('easy', 1445);-1.2039528503870236;0.5202658607308999;0.26049825353400424;-10.800721596376082;-8128.974010508015;-179.33588793011822;-4.692657409745553
('easy', 1446);-1.5212386622442986;0.4128242004480772;0.3249568318306134;-9.326989535899497;-2955.9913317102782;-168.82270168336296;-5.2337316188733745
('easy', 1447);-1.4033202247821779;0.25385666739658347;0.1332369145735797;-8.108784929217638;-2128.677259580518;-173.71221082469413;-5.680970655847142
('easy', 1448);-1.6606884868557548;0.46994006746549966;0.3302578847536472;-8.12879359992631;-1626.929047802503;-148.71201049422515;-6.416675387642099
('easy', 1449);-1.4187105034998022;0.5315453857630089;0.33712473893016837;-8.71763174711077;-2717.04660870563;-173.78574195729504;-5.233615316431284
('easy', 1450);-1.2721639167587897;0.5799466979276375;0.4460202828489336;-8.286047986448558;-2082.1614765697714;-152.75821768071066;-4.1141322682847346
('easy', 1451);-1.3110120474448481;0.339590999866485;0.11218442088967372;-8.12879359992631;-2136.1466812149083;-145.11883540984655;-5.745515880684722
('easy', 1452);-1.3505828168626062;0.47544260826756574;0.4844148516214286;-8.468180346382617;-2187.7691201926523;-163.63174675745037;-4.897171215771034
('easy', 1453);-1.9389902521666045;0.5363998225241807;0.4052222586611128;-12.492397607047154;-10185.835337240484;-178.2421230429961;-8.141432549782726
('easy', 1454);-1.6313465865456227;0.5999126313490737;0.4787945741580065;-8.997334089152908;-2956.928850321987;-188.82081206503733;-5.8397061955249
('easy', 1455);-1.7040601885620286;0.278430696989584;0.20154612164890445;-8.36372830228398;-2921.1508916632465;-171.50554539751357;-6.450713280661406
('easy', 1456);-1.5060150259840377;0.5536623279826693;0.40268306531079506;-8.371426569709731;-2132.387093235245;-140.8822947243471;-5.94957736762892
('easy', 1457);-1.513442045730076;0.33116013266071276;0.1824003596759864;-8.108784929217638;-1724.02457195571;-148.23361823993824;-6.855915972683207
('easy', 1458);-1.6411579693277394;0.5206229895097929;0.37667806552263994;-8.12879359992631;-1966.2667452732758;-149.3194221412;-6.620158204407558
('easy', 1459);-1.3637233545066045;0.3743577426177167;0.13626811509368025;-11.82334797806627;-7675.78745919784;-211.57856881730993;-5.43374482282118
('easy', 1460);-1.5171995268908582;0.5839844494119993;0.4907277965863624;-10.664270493648225;-3935.8864798124464;-143.235427576036;-6.27360804924899
('easy', 1461);-1.7482357414856422;0.5668091603512369;0.4988364308862567;-8.108784929217638;-1556.1551430282086;-142.517744435469;-7.044857154410165
('easy', 1462);-1.5656059015608046;0.4194871755030103;0.21296692229947006;-10.200985814651235;-4464.98460347593;-150.70059094375915;-6.903709378593012
('easy', 1463);-1.223090161549051;0.5237218355747306;0.46154614851738707;-12.345072892290297;-42759.05459449715;-208.36729660247562;-5.226326823855846
('easy', 1464);-1.3755367324702086;0.25660922281731685;0.09714450532442753;-11.679705275837426;-4104.721856879312;-160.28395810253193;-5.132283017740645
('easy', 1465);-1.9338611071788803;0.5444193618206737;0.29107162884414933;-8.992528697877969;-3496.991806156828;-196.23469031740348;-6.481174944649503
('easy', 1466);-1.4621238589366803;0.5558760781538955;0.37917077449926134;-8.108784929217638;-1556.1551430282086;-130.6089588541791;-5.984446298862653
('easy', 1467);-1.5722026739304888;0.5110491086195205;0.39548486179298503;-9.269087185111088;-4050.640322104103;-223.09412122494425;-6.044484110547138
('easy', 1468);-1.5890944707192287;0.3161473897260005;0.2269159622956344;-10.095946377821019;-3805.4105383000856;-151.81471698811956;-6.515967905818351
('easy', 1469);-0.7789215625519073;0.4147519518031993;0.517443698010873;-9.34319515726481;-2611.435341725217;-160.6881764269009;-2.729998617176896
('easy', 1470);-1.3910892670408486;0.38413719173711214;0.149015159941234;-8.190479819800132;-2472.179262531915;-184.06317370646642;-4.41223089361398
('easy', 1471);-1.3457494014115479;0.588805013383935;0.40124380800985354;-8.12879359992631;-1649.1237117959308;-141.96544497218153;-6.031712390898603
('easy', 1472);-1.45473021264578;0.34723759160869355;0.17385563718844188;-15.249237972318797;-10330.500035548486;-243.259299681323;-4.662798576467553
('easy', 1473);-1.4022135885122886;0.5253256786594276;0.34214533106748357;-8.108784929217638;-1565.6490583634973;-123.79230178110092;-5.580830077495952
('easy', 1474);-1.814165320817618;0.4254238720548908;0.24602628545523275;-13.20154512895354;-12496.175288280772;-198.58314873404797;-6.627767915477495
('easy', 1475);-1.3765189910639457;0.5009462224055007;0.25125409420513944;-12.430839714047721;-4802.442689521589;-145.83085804025316;-5.345295130218674
('easy', 1476);-1.1912723727556105;0.26867164397777515;0.07885981988174026;-8.122347163419988;-2411.086869221687;-192.0554975664483;-4.19230198084366
('easy', 1477);-1.8235588053964384;0.467205716036764;0.27637661767344235;-8.12879359992631;-2073.350771354498;-155.715185386199;-6.383727707976536
('easy', 1478);-0.9548541765006001;0.44602282368625;0.33042294392355676;-11.214997334166402;-3740.4143539642378;-123.31156186355034;-3.8770405137058317
('easy', 1479);-1.6995930225796168;0.08132184890368468;0.03855683960716597;-14.843772864210633;-7807.629425661831;-127.08863147962084;-6.859162333404916
('easy', 1480);-1.557423354705973;0.49284060423244136;0.3673651574721513;-8.394883470063775;-2139.467096918948;-135.2809355983552;-6.222182636136023
('easy', 1481);-1.6306729522754524;0.5379736544117983;0.322325374070921;-8.108784929217638;-2224.4614658836713;-162.56917090844865;-6.0880273999920735
('easy', 1482);-2.210138842309875;0.40113104275329275;0.24273688612154698;-11.372842144533802;-15752.109074360746;-167.3621683044015;-8.547756273995985
('easy', 1483);-1.0697846648352365;0.5051160669167303;0.2115359688281886;-9.741875978836052;-4303.567059984027;-149.69562897369218;-4.4680688458423
('easy', 1484);-1.5947481843989935;0.38984936299802053;0.1364582751059426;-8.746447926403173;-2518.6595733323247;-168.02543156153027;-5.863160269037904
('easy', 1485);-1.440988151137988;0.5131191435321794;0.368123667286861;-8.483046257658447;-2265.380103417659;-169.74648084634583;-5.754393903184272
('easy', 1486);-1.949127827976923;0.5817952068042985;0.4323864089648621;-10.451383442501204;-6128.023448810028;-157.0313889604068;-8.85508183921075
('easy', 1487);-1.4977124085599092;0.34081999454105394;0.15457909609545883;-9.745941025084221;-3611.661148418838;-150.00048764886034;-5.607716166459108
('easy', 1488);-0.9194358412344108;0.43457397840817535;0.33302646277380277;-10.886139347530435;-3518.577465445915;-121.00927774512901;-3.8948485918379676
('easy', 1489);-0.9794873485266923;0.19411039580407766;0.175197378048144;-10.077334530626418;-4050.032640632102;-177.81628928423757;-3.8074686845733003
('easy', 1490);-1.4118822771292476;0.42006028218203434;0.08591734847941765;-8.967906241853697;-3225.214054319792;-178.3155637485353;-5.212554458314725
('easy', 1491);-1.548241748323034;0.5382035704889067;0.4732066967964876;-10.827389843458244;-6608.465819302632;-243.66509926121074;-6.423986824477114
('easy', 1492);-1.7315258609367143;0.24201720173324517;0.075573164447541;-11.470746359515173;-8139.767783920568;-181.1848141586391;-7.16637647580999
('easy', 1493);-1.5552606423094228;0.5577923321989725;0.39366370033264475;-9.511054070945264;-2713.0170532074167;-136.2221072393613;-6.632446307662792
('easy', 1494);-1.5136428962121349;0.3394512203561693;0.20662114966286904;-8.108784929217638;-1820.619951219003;-187.75068430686457;-5.5114315716714755
('easy', 1495);-1.3600769582564767;0.5302539566027753;0.31477389225527186;-10.024836288720929;-2948.109702143085;-146.46936654980078;-5.00057786406581
('easy', 1496);-1.135535017918204;0.08023237941489232;0.0606003892970645;-13.234334951776532;-10415.750898821167;-227.02564137016913;-3.5802225078710816
('easy', 1497);-1.144152526292513;0.35734828887337977;0.15601556203458428;-9.278614091082666;-3101.6886952858627;-166.50231358817038;-4.7402808673870025
('easy', 1498);-1.137170819126195;0.5593783849312877;0.2716758055987932;-8.342483193670244;-2682.3255735633784;-171.5547032498317;-4.1280595951087085
('easy', 1499);-1.6638015544119606;0.31131039361228624;0.15151844128810027;-11.917033462143593;-9932.970403894598;-207.64810086912345;-5.9898707548726104
('easy', 1500);-1.4236141918001852;0.4594441680729066;0.34844650729290155;-8.108784929217638;-1784.3657484347216;-192.54801722748314;-5.11288005943675
('easy', 1501);-1.7517331114504644;0.2097486578424579;0.1280303855071972;-10.147848314954077;-4013.7341072516138;-199.7725693928657;-7.22788333294464
('easy', 1502);-1.5106729566181964;0.5119256716444042;0.2535256487238312;-8.499306778530228;-2172.8904460083436;-176.42731959621693;-5.122211567453685
('easy', 1503);-1.6837064796533665;0.5437931548357248;0.3798980065485051;-9.65825099180794;-3327.744107976468;-181.7934090980025;-6.777544258709674
('easy', 1504);-1.320799566872283;0.363147659854836;0.2131175739202588;-16.635532333438686;-11110.997415280766;-200.16158468424592;-4.959439237917564
('easy', 1505);-1.3641541670127915;0.3621806641211652;0.3046765924591475;-10.530739101023702;-5403.858730148767;-198.58760691948714;-4.7183807488711045
('easy', 1506);-1.662234284094774;0.36394898818056465;0.09962568988452031;-9.688556341303268;-3890.2181766758986;-171.13159775182785;-6.695677689472096
('easy', 1507);-1.3370501387933462;0.5775238208027256;0.37044372056579256;-9.313021899441294;-2574.2574386812066;-139.84013517008628;-5.181932523983048
('easy', 1508);-1.138805953364384;0.538705083558329;0.29673161473064086;-11.529586859538107;-3983.3146534742837;-175.79484341760363;-3.991676689211673
('easy', 1509);-1.073918571470041;0.3624287183221986;0.1743542211929069;-11.679705275837426;-8156.341560556214;-168.18268758943776;-4.489005294292075
('easy', 1510);-1.134130086636561;0.5254670637593025;0.42235441342634217;-8.108784929217638;-1558.7057733148733;-161.64597614951717;-4.347099643423184
('easy', 1511);-1.283200874568755;0.5361900208346606;0.42083350513103224;-8.12879359992631;-1640.7258643855046;-129.64240918397684;-4.955626363431517
('easy', 1512);-1.0999111300070008;0.2701968214138894;0.0735007141455104;-8.122347163419988;-1959.1789297215569;-203.69365030452656;-4.57269098204731
('easy', 1513);-1.4597962337114176;0.36279554114077883;0.17253000788580863;-8.12879359992631;-2159.8991266396342;-168.96735182478955;-5.92158235821248
('easy', 1514);-1.8219983012430692;0.4960216604529849;0.2044424742332695;-8.88276752458736;-2921.4035292294125;-182.42918508595784;-7.949101643243898
('easy', 1515);-1.8620370811789497;0.3624884356076217;0.20752307243630935;-10.656646568537566;-3777.4185702940977;-155.21274795215894;-7.920887883368438
('easy', 1516);-1.5507597634847847;0.5229039783870301;0.3337196060550455;-11.269556318416836;-7887.605281287528;-168.48065195690322;-5.783487018743057
('easy', 1517);-1.7082219885848218;0.4419025080262912;0.2608748823945304;-11.4044237165841;-6870.231347334105;-196.63904984432097;-7.59284760390618
('easy', 1518);-0.9706323297766363;0.36341077031764135;0.312734466084828;-8.370396703501301;-3026.9334853291953;-135.2926224806035;-3.7674495463366773
('easy', 1519);-1.374279458090876;0.31547650663823845;0.11411191117501981;-9.167019061942351;-3455.3960027434555;-160.39905796500403;-5.05406315381909
('easy', 1520);-0.9910663624913857;0.5089305128340489;0.3797092661253331;-12.851342699520426;-11502.245287329042;-194.02863497639456;-3.4966229980096077
('easy', 1521);-1.47014158518357;0.507698609222452;0.24271090990313227;-8.778438468536194;-2327.3639484447954;-149.23432934822205;-6.03758421811065
('easy', 1522);-1.4303537906052606;0.5472169450599681;0.36059302826745016;-8.12879359992631;-1579.231647952795;-150.93366343622964;-5.783694111064515
('easy', 1523);-1.2713652628319712;0.49128722290379384;0.12426242873482704;-8.684677475718699;-2783.2646527145553;-150.3427568992779;-5.1251531170672635
('easy', 1524);-1.4865655925578218;0.4922818013710617;0.2990035959850927;-14.332947240444641;-6978.167708551312;-225.73695066454718;-5.91479183715611
('easy', 1525);-1.1296435430213556;0.44614816429628057;0.11841121873993771;-8.108784929217638;-1916.72457778917;-154.58295521394413;-4.62059880907668
('easy', 1526);-1.2415935992379454;0.1341253855659058;0.07247920543366379;-10.331083531016706;-4502.603438398468;-177.84572151636795;-5.189927062807427
('easy', 1527);-1.257526811753428;0.5788406741053307;0.4434651679858671;-10.958778531170406;-3680.614233321403;-140.29080687276837;-4.837031474349066
('easy', 1528);-1.298441349139467;0.3976607760672949;0.20689247815054768;-8.2139693730377;-2053.0624950488127;-209.9139323017081;-4.905009662243455
('easy', 1529);-1.642551701936784;0.19355419298054827;0.05894442848450119;-9.423975600124885;-4171.854691260089;-148.15841189973787;-6.682330602085033
('easy', 1531);-1.4476943606739974;0.5139099344581943;0.46138357405972863;-8.999262730059314;-3750.266132161086;-183.22661933838828;-4.852722180785782
('easy', 1532);-1.2568668226730713;0.5695486740926059;0.323105436345081;-11.97209323932662;-5122.855595076314;-154.72478570091096;-5.186236857309162
('easy', 1533);-1.323033499745911;0.5597332241222231;0.46512890640607474;-8.12879359992631;-1711.932178791256;-130.72786862671268;-5.124835145799826
('easy', 1534);-0.9672079760463971;0.33004079365210853;0.10460281734558119;-9.341155034149866;-3558.3616468235737;-148.48604606748697;-3.5576901672195365
('easy', 1535);-1.6227590518773645;0.8022896239796953;0.4426248363947754;-10.143292498418216;-4181.294423067515;-148.7944617337257;-7.677395006217773
('easy', 1536);-1.1490523740014715;0.5206354055105632;0.3085234602103593;-8.2157314880311;-2067.618427826215;-142.90708745968686;-4.430956585958766
('easy', 1537);-1.6799330105519437;0.3080013197512823;0.15800038607259678;-9.793916856961095;-5186.430530188567;-184.8594515378781;-6.724567032477736
('easy', 1538);-1.3563439124406553;0.26884442176567297;0.08402995931044682;-9.270985319183046;-2972.6805019512267;-153.2502105057846;-5.5952189692491
('easy', 1539);-1.325293910094518;0.20912678230997328;0.09409231968566129;-8.108784929217638;-1632.650165720636;-171.06555775580568;-5.0997717720500955
('easy', 1540);-1.1662394335221207;0.3764843413019698;0.42803260650364816;-12.135722663108423;-7271.851373804375;-227.83236549670977;-3.2361800475856377
('easy', 1541);-1.7790046254665715;0.573153695379708;0.31536379491013605;-15.249237972318797;-13663.565565992252;-170.0887179746673;-6.352131416764952
('easy', 1542);-1.3387340988627334;0.40776225647048403;0.24557059317507543;-12.020411816597427;-4451.0095878866405;-132.41675203203255;-5.128302544650675
('easy', 1543);-1.3618646115678479;0.45683736201162517;0.45396814737309865;-9.808987109882093;-3240.1966226195127;-157.31693398468508;-5.428049901714573
('easy', 1544);-1.6117528294178842;0.4890953717609234;0.18689669928397237;-11.745183205216934;-6853.071035073394;-162.55597358431447;-5.636813186257212
('easy', 1545);-1.127672990310033;0.3060893443456327;0.12816351904782827;-12.146895963706548;-4666.656622936709;-180.77764932407572;-4.455013805087771
('easy', 1546);-1.669716649869392;0.1903800956630355;0.09676378346107822;-8.145915909792684;-2497.7553104611784;-218.64296338077386;-5.593460440399985
('easy', 1547);-1.6401206485536894;0.59689833413447;0.3317239938426539;-10.20581285539955;-3212.7295333224947;-141.3843432828603;-5.855048561489841
('easy', 1548);-1.9068257156581603;0.5363788577720928;0.3089985044354912;-10.979540522618835;-6458.9373770506645;-243.1379884881119;-7.584827756216708
('easy', 1549);-1.4024927023999547;0.5418140882074565;0.3374801239932711;-9.684717564996104;-2754.2369670509765;-164.1981564764448;-6.076174755330172
('easy', 1550);-1.8289732458939876;0.41491401163953645;0.3720365397817209;-12.401425828841427;-6733.000197495927;-245.03257208378767;-6.1414206370559645
('easy', 1551);-1.5588022332621496;0.10790264215094368;0.06527200896041353;-9.124007685047822;-2544.288620269679;-189.85582846956072;-5.447415770231928
('easy', 1552);-1.252329037737101;0.5181994070366591;0.358887268364452;-8.12879359992631;-1912.343768251391;-138.79979009054708;-5.11889557076323
('easy', 1553);-1.32762161637997;0.47619556837899424;0.260661300602426;-10.331083531016706;-3230.5371417963684;-177.53233701936162;-4.445393441463651
('easy', 1554);-1.3944344048794248;0.6049707140069388;0.5262777761298452;-8.654140751858618;-2256.4321918376354;-126.91085997736238;-5.974359533878968
('easy', 1555);-1.4269324074432859;0.5551527636599743;0.4526287483448541;-8.108784929217638;-1569.4642991897551;-136.7639093602599;-5.7741060814563205
('easy', 1556);-1.61007181780914;0.3511456149276486;0.2840146149181289;-12.358866214422632;-5564.548103398882;-213.64375584830174;-5.307345702441445
('easy', 1557);-1.5964153588985575;0.5686148639641938;0.22498692158081976;-8.12879359992631;-1978.6497688936872;-160.04937601896165;-6.721757912931151
('easy', 1558);-1.7936944522109837;0.3295058841604199;0.10392205234551322;-8.431407400864646;-3289.7911916841217;-143.16704404630713;-7.731040711842941
('easy', 1559);-1.5260369913880625;0.5250993428593779;0.32069136757306826;-8.12879359992631;-1856.3989540240734;-159.48725808552956;-6.388522372216651
('easy', 1560);-1.1454858177260563;0.3693371992085658;0.17015738714625223;-10.441126942334016;-3204.071410096749;-137.1163065071584;-4.300297093301519
('easy', 1561);-1.4068908431163658;0.2925663335811914;0.13672085011778534;-11.07485070242316;-5286.4251074161575;-203.60360628947862;-5.78462480776874
('easy', 1562);-1.3182696695707163;0.5354370595272567;0.47369680061149066;-8.71763174711077;-2323.608286596391;-136.82098411150696;-5.304463238926598
('easy', 1563);-2.1164559528102562;0.5411332258740035;0.3620904128883089;-8.81068664241183;-3687.927821322157;-186.6106571754296;-7.952224862196428
('easy', 1564);-2.0228669175888783;0.5585184653235059;0.36722695019124957;-10.524064993936008;-4764.799381942548;-190.87655275277112;-7.962516862353765
('easy', 1565);-1.3084089410669384;0.3323172120576361;0.14161688551989104;-12.557994889532967;-5687.580461730205;-162.64003335595885;-5.347886172047672
('easy', 1566);-1.558692184714644;0.1696783315470693;0.04744242136670073;-9.910498691271846;-5448.242240199198;-167.74087075692012;-5.956465977883136
('easy', 1567);-1.7851988755215729;0.4995428848904778;0.18209723466246316;-9.546289178411174;-4762.029014794536;-195.42383385400228;-7.65734207529655
('easy', 1568);-1.6214631722325448;0.5106098694866554;0.14677939898028533;-12.68428861485726;-5045.202576178466;-144.22832116208986;-6.841755030720297
('easy', 1569);-1.4166055101766206;0.5350809186072641;0.2746131569184843;-10.532973738825119;-4406.528569058447;-135.28487253344903;-5.206019325375405
('easy', 1570);-1.3065842322088161;0.3977428045182359;0.21694537268457995;-10.78046041123626;-5117.183809507661;-175.6876950707819;-5.011893141349121
('easy', 1571);-1.6343981547867634;0.5532214299754845;0.35720573303813574;-9.269087185111088;-2644.360028354591;-216.86373400918245;-6.282878619231346
('easy', 1572);-1.833806492489267;0.11032046977078279;0.05368265493039392;-10.836439678978161;-3977.2775288287125;-142.41564520850946;-7.648497453686569
('easy', 1573);-1.254524244370962;0.5720810231241351;0.4390952784545678;-8.996371161779514;-2400.0058158992842;-149.6385009439169;-4.913069730828491
('easy', 1574);-1.9808632622527034;0.2326127463369833;0.08165472265982848;-12.030362147450596;-6289.148969279864;-189.23385682185923;-8.187416554820372
('easy', 1575);-1.424002203019707;0.1356753922273965;0.10112295532645427;-10.644067786330705;-10710.863546097768;-168.35690461113788;-5.209885550994781
('easy', 1576);-1.2517267080437886;0.5476955962268081;0.3514292586253719;-9.676133821304711;-2833.9131051321206;-167.55051655897847;-4.8581866478309275
('easy', 1577);-1.4326580284018413;0.1758450079333332;0.06722574681408715;-8.108784929217638;-1567.1191539670788;-133.55914100879704;-5.934534231894301
('easy', 1578);-1.1608745056049066;0.5089506555017416;0.35604710315261867;-8.452973069370023;-2756.435801115693;-173.43917321553263;-4.770805096607479
('easy', 1579);-1.569988271873189;0.509245497974611;0.2634820916875735;-8.12879359992631;-1905.110964250031;-152.21162986548654;-5.993796736995712
('easy', 1580);-1.4325584183143076;0.09725057769011738;0.08204909118183842;-11.055802507452466;-7134.802081170174;-229.9140053076058;-5.0486087659122685
('easy', 1581);-2.2401459033839157;0.324626987182547;0.2899696576294106;-9.71881731308508;-4220.048050111322;-277.0075534680463;-7.666193792261648
('easy', 1582);-1.5819420242738036;0.28956079575397753;0.13455205267724224;-10.000898975577002;-2955.544016138641;-169.52940740518514;-7.1798046784388445
('easy', 1583);-1.5051011419077889;0.5125518547994904;0.5317223819362464;-9.240424786876202;-3194.334731578852;-268.4750801736044;-5.039564955890541
('easy', 1584);-1.8034351972771137;0.4962153820021286;0.3359901673869192;-8.736749976468378;-2278.5674260467754;-178.27141984261587;-5.945973087574508
('easy', 1585);-2.101636431062441;0.5291536014439331;0.33182013796007986;-8.99061298847983;-3606.7466563239277;-183.47361425400294;-8.443645268648918
('easy', 1586);-1.26554500130257;0.5424938958952858;0.4379059155410429;-9.607330901380683;-4014.6796200936424;-157.49132014995726;-4.830322335178702
('easy', 1587);-1.5431776797350487;0.20540491780207237;0.1074783094330346;-10.497805279352454;-3438.6445972991805;-200.7481331605663;-5.254450756855482
('easy', 1588);-1.3078044875152848;0.48190398060516554;0.42116504225763784;-13.139024771972208;-11735.571689284337;-218.10357638569877;-4.59606193095892
('easy', 1589);-1.851335814615213;0.41530661203391467;0.20488331025629652;-9.037634382916904;-2419.894162891369;-194.37548330026362;-7.267579547084704
('easy', 1590);-1.0206843997196091;0.13622381749548873;0.07689278460573441;-8.999262730059314;-2401.3941734513755;-164.39989493891264;-3.649124813513646
('easy', 1592);-1.6450808500822962;0.5470333230101305;0.4049564654320364;-9.715848483591277;-3479.5307905441086;-144.24783659856195;-6.355567741668588
('easy', 1593);-1.1594210534335752;0.5446597948146161;0.4383540852194047;-8.108784929217638;-1558.7057733148733;-139.14713448879428;-4.260767539278827
('easy', 1594);-1.359131178198089;0.46918365058773237;0.35329920185150393;-9.714860829190004;-4405.401102181137;-211.18011006642845;-5.140010471871166
('easy', 1595);-1.8875451960302394;0.5590497316980348;0.4516966888712214;-10.64908032815425;-4671.165694186064;-148.860642919684;-6.581824165344587
('easy', 1596);-1.2656468039785338;0.5231274870673244;0.466625248406931;-8.12879359992631;-1978.327617485079;-159.53439525551076;-5.3618519246689935
('easy', 1597);-1.1603279193292897;0.5780906542661719;0.44645307435321147;-8.108784929217638;-1917.4446097646246;-153.2851626181187;-4.246463164131815
('easy', 1598);-1.5173990408975562;0.37309709953389225;0.3737605156126232;-8.108784929217638;-1890.279616790525;-179.34583924866024;-6.476536168236377
('easy', 1599);-1.323659001624865;0.2458924558621481;0.16268205964988858;-8.108784929217638;-1896.5220239756854;-186.82087808463717;-6.357986023323894
('easy', 1600);-1.5935834040740955;0.5135058928963562;0.4133869919427228;-8.468180346382617;-2159.405597673144;-180.71651448905232;-5.329732557469258
('easy', 1601);-1.0569497721021426;0.42570721577719534;0.32216031491478136;-10.71663847916554;-5919.482982389797;-199.07039687401743;-3.2937881132798026
('easy', 1602);-1.6966925840497036;0.5421376507393638;0.5388625809654239;-10.71663847916554;-7613.158353032946;-198.04910113280718;-6.840130477528846
('easy', 1603);-1.7934370321158233;0.4071164660719546;0.28450016379695237;-9.671396721020443;-3338.6427230807417;-153.51259567446218;-7.342431638733227
('easy', 1604);-1.1785012612398806;0.5218627533629644;0.32287004293918015;-8.108784929217638;-1566.23610354479;-138.48641624420617;-4.658707076607205
('easy', 1605);-1.8813432387114308;0.27969179153334733;0.09843196346844643;-9.860166242502295;-4772.7575358323975;-184.55266187086704;-7.599262699406326
('easy', 1606);-1.40828790733204;0.583393527319404;0.4243756154647863;-9.218552712057534;-2541.5118569277633;-140.4860504916305;-5.66550302109114
('easy', 1607);-0.7825882924427614;0.5347440846795245;0.1908421947582098;-8.204332855189426;-2048.4092151947966;-140.99651622154244;-3.2380489370972927
('easy', 1608);-1.7967106658221195;0.48129892846666406;0.35874676617852586;-9.726777554123467;-4836.134465497912;-144.6383360037155;-7.668796262234941
('easy', 1609);-1.1067320612836702;0.5737513313142941;0.42603278196573896;-9.113132102051562;-2532.1231369480283;-152.1195618305442;-4.089875221480821
('easy', 1610);-1.7036363302802466;0.35872354950272567;0.2011686183604765;-9.230644757822562;-3462.862640222241;-159.84554116528898;-7.374803549875684
('easy', 1611);-2.0580611944930958;0.46442514456377626;0.3243906102916021;-8.71763174711077;-4155.408204458835;-215.10146522707234;-7.608447216501522
('easy', 1612);-1.21106214525532;0.5138881960671984;0.39363313419288604;-8.108784929217638;-1671.1214742838604;-151.24700978097894;-4.3423582264462555
('easy', 1613);-1.979004886259169;0.37691171868897033;0.120783105464763;-10.011467105638793;-4142.21022562038;-161.7805928861193;-7.555361253619427
('easy', 1614);-1.2876585545428145;0.5073623085521829;0.2505222702132482;-8.966037082430994;-2397.0141414696695;-148.3417799804646;-5.197833997054593
('easy', 1615);-1.5007995647346135;0.5538411780718845;0.42928594189031066;-8.924879009937486;-2598.041803695523;-145.19171862351436;-6.140440503298958
('easy', 1616);-1.3343847427490072;0.12671420702682526;0.07701756718675157;-9.25154287546018;-3883.1243089397162;-158.12802406362292;-5.1048231835880955
('easy', 1617);-1.4453275463428281;0.21312203125764415;0.11861888443181931;-8.269162031757034;-2149.547897657162;-188.07211613567887;-5.798987471137915
('easy', 1618);-1.462347829823254;0.5625371952132701;0.4871316688590229;-10.085881591204878;-2984.3239731163208;-133.8948973803688;-5.565580257955598
('easy', 1619);-1.0989752418558727;0.5663400703920992;0.2524462003714796;-13.234334951776532;-11130.86261038073;-160.02121315669737;-4.283362369083587
('easy', 1620);-1.8966645988059276;0.5242819926461926;0.27483187111559004;-11.775719929077015;-7108.563098179539;-238.55252987608498;-6.4474947187488585
('easy', 1621);-1.7896182332047486;0.2184148093130511;0.11264071606860504;-13.234334951776532;-34616.06664018743;-198.33700907709087;-7.26719286246348
('easy', 1622);-1.5848942806115687;0.5533538379725607;0.3999843002625136;-10.137250183962253;-4658.832308158348;-173.48800005323372;-5.872530990896739
('easy', 1623);-1.4407418888043833;0.5478394470825777;0.3999682146052917;-8.108784929217638;-1558.991407523778;-128.71526902745154;-5.439145443234183
('easy', 1624);-1.966923355913252;0.524680577826187;0.34616955892058293;-10.646570916548823;-4882.984536722636;-173.09878378831107;-5.9567411475420355
('easy', 1625);-1.566008078796599;0.5114150801402672;0.17515389582918806;-12.331467240234518;-6586.7383809955845;-172.76819468955568;-6.967215664183668
('easy', 1626);-1.4538983075692142;0.5319663576732655;0.36693889474293434;-8.723475445259682;-2864.61487735329;-179.3699255564089;-5.263691801916321
('easy', 1627);-1.4047312816478745;0.10120591699020579;0.07136279982320459;-9.309066719598365;-4079.126401016197;-166.54126819583348;-5.37756157338033
('easy', 1628);-1.7791346965599033;0.49503414970319737;0.35213723505024913;-8.12879359992631;-1859.0403246639692;-154.97195556483481;-7.111195147746698
('easy', 1629);-1.4443972344103504;0.38169529704515026;0.22126922513503916;-8.12879359992631;-1737.6913235564039;-151.72418726756007;-5.837103721187459
('easy', 1630);-1.91167709965365;0.5378661257229868;0.36660877640557177;-8.911527676762622;-3952.157956504385;-216.73165237496866;-6.583872276612384
('easy', 1631);-1.3871650633700412;0.4414482460477389;0.4466858177122931;-10.047982318613892;-4191.087125587436;-239.38589785086538;-5.040333662536138
('easy', 1632);-1.429512497306725;0.401431995268991;0.11470471165666844;-9.542127707569922;-3724.054810822707;-161.4154906373343;-5.7806504015864855
('easy', 1633);-1.0390561794344721;0.5285302161679903;0.21135536619003867;-12.401425828841427;-5253.572085258035;-154.41390013043704;-4.177689466678129
('easy', 1634);-1.1442097275486829;0.4857245003284864;0.3786672913025495;-10.818421173475484;-5343.817769474604;-170.06077385225228;-4.503985180175473
('easy', 1635);-1.4225726944955028;0.5004751812680756;0.3751403693715398;-9.249061484608793;-3629.3560684663858;-167.9834082337499;-4.736990071962617
('easy', 1636);-1.5014894973609327;0.535432861311794;0.18961597459897286;-10.172502876518017;-3143.57932628847;-161.63110830749966;-6.024901938138691
('easy', 1637);-1.6420004654777616;0.2712824548146718;0.15787194927992532;-9.678034962561735;-4678.157682085385;-174.32241936646085;-7.966672458040423
('easy', 1638);-1.3689068762955512;0.4555499477736829;0.26070908999270126;-8.108784929217638;-1656.1580800393012;-129.4959197698248;-5.375035570804418
('easy', 1639);-1.812361768439437;0.4905957205702653;0.3740731275485789;-11.78350206951907;-16976.123533690967;-191.32636197178232;-6.648028972107322
('easy', 1640);-1.8898389264611888;0.20671626805146953;0.08667320844151384;-8.371426569709731;-2630.4184120327805;-175.1977750637315;-7.855000181920586
('easy', 1641);-1.33809418495932;0.09634553927153505;0.05838845565765334;-9.96857554100948;-2915.123064236979;-164.11556975952095;-4.997691841317916
('easy', 1642);-1.99147402173738;0.41580954314638985;0.3048988091673532;-8.108784929217638;-1695.8881330118495;-180.70981536453016;-7.795297202767128
('easy', 1643);-1.0094815517482272;0.26441248221843267;0.08008153441252788;-11.592107216519441;-4033.435005492909;-154.6162968293051;-4.077983795267141
('easy', 1644);-1.4955995149102108;0.18703144159629104;0.13616778299882318;-8.12879359992631;-1624.6761052248128;-146.74348330062858;-6.407777243063469
('easy', 1645);-1.3854419086346081;0.22825842109900668;0.08683781250630737;-9.39416605011637;-2714.7495305164116;-161.257279605457;-5.4599795726585905
('easy', 1646);-1.855288211173486;0.20070638523822798;0.1637674227539483;-11.415176508360362;-9441.332492467984;-281.4166901498138;-8.041117573288235
('easy', 1647);-1.4399565291359464;0.44757509790601585;0.3109583720262894;-12.146895963706548;-4531.0752647730405;-135.65787375290716;-6.102946272331993
('easy', 1648);-1.5329071083826324;0.33260562342275574;0.19509921348310322;-10.749428301988532;-7019.456825989139;-172.02149960397503;-5.400466238116464
('easy', 1649);-1.5441796389628653;0.4538463369779806;0.17562752097203782;-8.115942017422729;-1652.9869951991773;-130.42451561824055;-6.620761352581588
('easy', 1650);-1.3254870683980047;0.5658483234759819;0.4019673279096675;-11.693889910829384;-4116.383186485364;-157.95466907705094;-5.367535260285158
('easy', 1651);-1.6581649664383695;0.547097968026003;0.36641790720536205;-9.300550454566872;-2628.837690920386;-184.15237592978588;-5.976810981004963
('easy', 1652);-1.4717848183303965;0.5461706197714953;0.33707808609557777;-13.996475003823429;-31118.136673059318;-188.66442496778333;-5.5574042407348285
('easy', 1653);-1.3629194651875862;0.5430467353192143;0.3372668264245482;-10.393309067983523;-3928.8561398050533;-173.1673387578677;-5.0449429399898555
('easy', 1654);-1.294551439862112;0.555713761818812;0.4341862603794426;-8.12879359992631;-1588.013829893435;-128.13551460000596;-4.961429637140592
('easy', 1655);-1.4140117520291016;0.5577107210282222;0.3565679244914097;-10.562487799338282;-3282.792683896609;-163.37676383818305;-4.961623366420805
('easy', 1656);-1.3547908789455396;0.47033264115685847;0.34896891526742574;-8.738979631795647;-2778.064765932408;-188.29820290463482;-5.292844308913287
('easy', 1657);-1.5091947816698343;0.40631592541430794;0.10570583503016297;-8.67346502468502;-2329.740064171072;-149.93013504479552;-5.494521663180972
('easy', 1658);-1.445058688782393;0.3948906294400542;0.20137848462204566;-8.667212833425971;-2375.5708141850923;-149.3587188812661;-6.468757086844132
('easy', 1659);-1.017997256937551;0.518260867388382;0.18975425378656255;-10.654118122184206;-3343.507991681284;-135.29843602344317;-4.3519985404013255
('easy', 1660);-1.501435128387142;0.2726126679366834;0.13290166293413447;-9.686635111125375;-2768.085515239485;-156.48653579175965;-5.919524285823644
('easy', 1661);-1.3846204449897603;0.43695876713611276;0.4078982404750914;-8.750955822842363;-2297.384377085979;-126.5957109338891;-5.4083432767245325
('easy', 1662);-1.9179723687347616;0.5305579733211505;0.1570893090918509;-10.05767097571764;-3005.9172899112127;-161.48371324206408;-6.997737667989709
('easy', 1663);-1.6883234099576776;0.5590470538494674;0.25949517173794184;-12.000803345209052;-8257.03297372101;-155.57201866153852;-6.23550171288123
('easy', 1664);-1.1383744622109204;0.47275630890984277;0.31917647689155354;-10.04385860143003;-2959.3470375308048;-144.33335970082723;-4.361383766750298
('easy', 1665);-1.5537452843508703;0.5249917432993533;0.3959263132056526;-8.159161136542705;-2040.9437250172684;-137.46316256716545;-6.408404326769048
('easy', 1666);-1.5069674221829037;0.3158175325177446;0.09021165797269039;-12.21669172564209;-15260.574868570033;-193.38054707652913;-5.8951705178663465
('easy', 1667);-1.4973776016556661;0.5440194206207787;0.3483977309994881;-9.96857554100948;-3815.093880044457;-148.91564245198327;-5.649557580825625
('easy', 1668);-0.9532247673516403;0.39738077253730003;0.10581928463145868;-8.469316064846545;-2159.896148745503;-156.06111064043512;-3.7115066694453267
('easy', 1669);-1.152646212492052;0.451234011258448;0.36057130994286857;-8.813889207198706;-2318.4733037808037;-197.5118916303173;-4.4151941879499965
('easy', 1670);-1.7816531271682394;0.3584046823811532;0.09952706208618255;-10.908684585851491;-4212.972963410039;-215.40038169956574;-7.086455515011796
('easy', 1671);-1.5230368200558113;0.4483975814594462;0.15883346523585878;-12.24108317876625;-6883.356106301788;-168.60860041079505;-5.791200368410985
('easy', 1672);-1.164974966672819;0.426273626872132;0.25068574407289446;-9.71881731308508;-4408.650618829043;-183.76689382090896;-3.8242569557531914
('easy', 1673);-1.5037742483505332;0.5385965287357088;0.3603790214613785;-9.27225274647565;-3315.2957829877428;-184.3102051614129;-5.109306917790553
('easy', 1674);-1.6220592780886396;0.5454679990050242;0.4037777021178291;-11.511568354035429;-8301.930722165485;-168.6685605710481;-5.902987226324816
('easy', 1675);-1.9179254018807457;0.400467904786588;0.2875075167734333;-14.556090791758852;-8470.650145363334;-221.25749169909187;-9.139218851519482
('easy', 1676);-1.3615026143249918;0.37194303707332066;0.2199794114397941;-9.269087185111088;-2612.3472638852504;-209.97333420530387;-5.437575820759743
('easy', 1677);-1.5785977935171156;0.5715619140660528;0.4476443764512986;-8.12879359992631;-2056.7162544395987;-154.054316400392;-6.545063985886517
('easy', 1678);-1.4877232135726384;0.5665295672043584;0.35401034907591683;-12.020411816597427;-8904.000925563598;-147.837183329154;-6.346889127066619
('easy', 1679);-1.8293903282167736;0.37890401539026447;0.26994477912043346;-12.89786271515532;-9164.912293951827;-160.06341333427483;-7.99443462503983
('easy', 1680);-1.4405553517332759;0.5205557851473623;0.43005859589448053;-8.108784929217638;-2116.804466639551;-200.89066743956127;-5.736649729093415
('easy', 1681);-1.9074695120149354;0.5376258974624657;0.4004204521272904;-9.45774991724349;-3929.1387264343894;-209.42436371121943;-6.7117374501885285
('easy', 1682);-1.698613564577461;0.35500447038209915;0.41908128069945005;-10.85788001021603;-7630.8966031282425;-174.97224356919133;-6.432780342866066
('easy', 1683);-1.4631038444141096;0.48742058044573955;0.2637016809930547;-8.28038759397685;-2079.805640087916;-176.36777884285826;-4.634984521375196
('easy', 1684);-1.349444336431181;0.48796570142074897;0.26736581731631853;-13.416656508570487;-9213.711094015209;-135.03567456809284;-5.910823676573045
('easy', 1685);-1.8534419092455718;0.37572718394189425;0.3143469204401781;-10.243615220046085;-4412.809724098432;-141.76424995675293;-8.296919718870138
('easy', 1686);-1.378848132745595;0.17811717828339618;0.08513592044221499;-12.646548286874413;-14392.546789156913;-233.61154966448578;-5.369091054928025
('easy', 1687);-1.3926127561126198;0.3979180044022323;0.08638894531489774;-10.49996744235695;-5309.738064432935;-158.20148865859025;-5.02437417891371
('easy', 1688);-1.5200804209323997;0.52938829965336;0.20749151327628876;-9.986547783413911;-3029.4262727298365;-161.00474882829064;-6.2313899789720075
('easy', 1689);-1.8046759947308497;0.20518307725380253;0.1775504341027836;-9.967304085021285;-5748.847443492292;-208.64459613666608;-7.434995984086335
('easy', 1690);-0.9586185138160956;0.5166124536936394;0.3421934031447522;-8.108784929217638;-1562.0554584615052;-129.55366282460872;-3.8022947703025007
('easy', 1691);-1.3361292354344103;0.49305879708128486;0.3951793008144568;-12.020411816597427;-4394.1727651218625;-180.31225842224995;-4.8631504925636895
('easy', 1692);-1.8169459895063558;0.39856044206932867;0.22727120344510465;-9.010913347279288;-2832.525951258521;-221.10448945712173;-6.617925558987673
('easy', 1693);-1.439881516330631;0.13740659441432324;0.0682706669823246;-8.108784929217638;-2046.9351799493786;-179.93890631044212;-5.460480840939204
('easy', 1694);-1.4429166301342284;0.2925413656003754;0.4364122244941522;-12.146895963706548;-6625.4521433242935;-231.08740522203266;-3.862784647413585
('easy', 1695);-1.1667891639763175;0.4330126841258135;0.40028986169144287;-10.267345147088195;-6130.119995146504;-191.64476220203335;-4.009755074939086
('easy', 1696);-1.032156691629352;0.26687569432006303;0.2505822660302022;-10.656646568537566;-3345.1991953748216;-231.16392744413534;-3.746929588688693
('easy', 1697);-1.5397037640985796;0.4047996883235317;0.18990014964249433;-8.12879359992631;-1837.0809175837308;-142.09831258666992;-6.041865473880176
('easy', 1698);-1.202556653904153;0.5539829467686544;0.41607179892102075;-8.12879359992631;-1765.9722619371703;-128.47235409823847;-4.790984993113304
('easy', 1699);-1.4052432466947662;0.4778868739947054;0.20505234406722184;-8.12879359992631;-1588.013829893435;-136.68876745816476;-5.406033516100563
('easy', 1700);-1.8985264750090718;0.5721823457759856;0.398247077242712;-12.46114506354305;-7117.390987684299;-168.75807253961196;-6.956997309616756
('easy', 1701);-1.4943577986466392;0.32041317009723835;0.13128362463161689;-10.969105645326255;-4649.299920988839;-196.57790256744687;-5.009290475144017
('easy', 1702);-1.6419218449520323;0.5388312307721739;0.3377425802518083;-10.228652347369373;-4587.924152372974;-164.51666404998875;-6.773273265345407
('easy', 1703);-1.1471672758739817;0.548904510545819;0.3905552814195599;-9.513472451809545;-3511.091041324756;-169.93447000475226;-4.170436707483101
('easy', 1704);-2.3792960821994695;0.5397853311764416;0.31051410481669556;-10.05767097571764;-6125.36421835122;-187.20310943685973;-8.599980007819378
('easy', 1705);-1.4177627626255782;0.36990355113706014;0.25884931877547834;-8.683973002283436;-2271.5897982750735;-146.0553439238148;-5.690249490307099
('easy', 1706);-1.7355255151181115;0.4640479676223281;0.29439963757059534;-10.671952989820241;-7051.147805823024;-173.63564847024367;-7.193172908094241
('easy', 1707);-1.1580913590022794;0.5668501634891244;0.5153969538928644;-8.108784929217638;-1597.4972873280412;-162.39706669916717;-4.104764639082189
('easy', 1708);-1.3335161688566703;0.5062170653582646;0.3028392496048281;-9.38206195075416;-3200.832141138215;-197.26725238160833;-4.220303106656971
('easy', 1709);-1.5178221320063714;0.4547382298698128;0.15974160955806735;-8.108784929217638;-1778.9828486913805;-160.55819369939672;-6.199848947217482
('easy', 1710);-0.718774461450766;0.4509834654978068;0.26249940264278887;-8.108784929217638;-1846.8994745682617;-126.92790708244779;-3.2042440982184157
('easy', 1711);-1.2020048304744206;0.3462686009080442;0.21951681206065973;-8.12879359992631;-1893.7694932656782;-122.88851782789581;-4.559177321991363
('easy', 1712);-1.6656855999917268;0.3835709715023184;0.34067976536300265;-8.719819134056571;-2685.1290686912025;-203.2285748776962;-6.564957694801086
('easy', 1713);-1.2358111310455917;0.5427123940155285;0.4503368086023569;-8.108784929217638;-1558.7057733148733;-140.81929069027083;-4.270561275470081
('easy', 1714);-1.84686553391526;0.43313348651965966;0.29476465144813924;-9.655456392876925;-4221.415903299706;-208.85268612541233;-6.454361643822157
('easy', 1715);-1.6260728116591106;0.4206928155447506;0.14615975889379673;-12.874332217745126;-16603.25351692043;-226.98109281453864;-5.809783780734604
('easy', 1716);-1.7759183342135183;0.4709129127206021;0.1647862377284189;-13.377435795417206;-5803.399684868614;-164.71907449514927;-6.641399406983092
('easy', 1717);-1.5050640360976006;0.5160176370708076;0.29702738117717176;-9.269087185111088;-4422.7881953664155;-159.1992700182409;-5.342970595895897
('easy', 1718);-2.1310553947171664;0.4555786916390178;0.12672736071900134;-11.278946058766675;-17175.252697748063;-278.8530375767524;-7.225967373528736
('easy', 1719);-2.1916360791850016;0.509449707752411;0.3206927866700925;-15.026094421004586;-16873.243940615364;-159.96229496748597;-7.574892628227993
('easy', 1720);-1.9147964411727119;0.5428684194716918;0.34406351268789587;-8.968842133358603;-2458.3008518674396;-147.2734455793424;-8.198132344145217
('easy', 1721);-1.301546311981757;0.1595707851959069;0.08781154735731299;-8.997334089152908;-2760.3657915580134;-182.22479108265847;-5.490588423146898
('easy', 1722);-1.4723583222762364;0.426365984006742;0.15971920602635864;-8.436892878141318;-2665.128574676328;-139.7379912398971;-5.9985196165125085
('easy', 1723);-1.4565507724805669;0.08044646413728727;0.05624201509172444;-12.703706700714362;-7739.287519520579;-194.86244564471886;-5.525201396738784
('easy', 1724);-1.613590551184079;0.3657812847230668;0.27629135526614873;-9.611773378700244;-2798.032445172762;-196.97032670785345;-6.89696620437978
('easy', 1725);-1.3923341420436555;0.5301732412984986;0.3761090059053869;-8.753217414458419;-2298.423761183712;-127.44762121535977;-5.597192605317248
('easy', 1726);-1.7409426428853714;0.550557199308139;0.3191298240279594;-8.611324847660109;-3424.301398787727;-177.9276645176499;-6.774737995304343
('easy', 1727);-1.390977042409032;0.33414690272405095;0.06569119965449927;-9.27225274647565;-4769.107820660866;-187.29789596123967;-5.246197372066954
('easy', 1728);-1.4732932364481663;0.5252472464054918;0.48783234080554816;-11.839741787841946;-4238.228120764282;-207.78518223318636;-4.660624714339492
('easy', 1729);-1.3031063907835765;0.5238089684543555;0.4235384672534505;-8.108784929217638;-1786.6839623401004;-155.03229189772148;-4.787377402957918
('easy', 1730);-1.3397920276175648;0.5629237634479213;0.37305253869825944;-8.330048315710997;-2661.67371378367;-155.7281145912953;-5.753187773219213
('easy', 1731);-2.207107962964037;0.4980224118030764;0.23345198847929974;-10.347673773276902;-9682.134446278722;-209.855107363982;-8.701145773500395
('easy', 1733);-1.378441990461983;0.5393630267599759;0.20646165113809936;-10.230303875407847;-3071.781551956888;-171.17114024423108;-4.488422170075574
('easy', 1734);-1.675954864366066;0.530170378694853;0.3194606519167104;-10.177194050093897;-3810.9600962795967;-128.13040472759934;-5.7846683150803
('easy', 1735);-2.0542602882606342;0.19350013013068634;0.2275072122587396;-8.68326902478164;-2930.500920544834;-166.52081261130115;-8.016566056188134
('easy', 1736);-1.0909100941113656;0.36109199071562303;0.23381480165991136;-8.108784929217638;-1558.7057733148733;-154.61546251122877;-3.8817108102884053
('easy', 1737);-1.0334806492120803;0.27300641327548886;0.07655504022233185;-9.34319515726481;-2572.3913682255;-152.01971234367042;-3.794323934605698
('easy', 1738);-1.4580622864807895;0.5709373466711131;0.30164539398629747;-9.176769641057728;-2488.1783502652975;-177.03970035125806;-4.267998939004656
('easy', 1739);-1.7581572294498522;0.46202938031740576;0.25658812487374855;-8.840709181259298;-3269.500296897274;-167.48961098128726;-6.856300032105366
('easy', 1740);-1.2397675774227606;0.37558741877579216;0.32301354961588047;-8.108784929217638;-1940.348937996706;-143.58477246188355;-4.606634649110166
('easy', 1741);-1.168830704545127;0.4745527127197385;0.24990655761491984;-8.746447926403173;-3014.961186957042;-161.2068781814413;-4.272991715468349
('easy', 1742);-1.344314144187419;0.32220780446840885;0.11727909613774179;-8.108784929217638;-1558.991407523778;-122.8537571218953;-5.035419322516908
('easy', 1743);-1.7751633490170589;0.557734095912932;0.5023210202849969;-8.11913946219322;-2432.649603535372;-158.91212296353177;-7.875792422440882
('easy', 1744);-1.4360589007649374;0.5432357948172497;0.3542945241111643;-8.12879359992631;-1579.231647952795;-147.7080734549031;-5.570783664493643
('easy', 1745);-1.0653980218480203;0.45785263757184735;0.1329087241704358;-8.37607413810628;-2910.1048004188565;-155.29948928637495;-3.81442030141902
('easy', 1746);-1.6190247565794944;0.37575841404711974;0.2137332865519935;-12.97197068730904;-8304.887875059629;-186.66613941137248;-6.4666706547424
('easy', 1747);-1.0771851929016232;0.5426716631881832;0.2878951703597288;-8.604147002813153;-2769.632994395671;-172.3930351954672;-4.31008629253607
('easy', 1748);-1.6471805267222843;0.497208389559826;0.3457447154479255;-12.266084480971665;-8784.318019862676;-259.9565005251466;-6.958569241860752
('easy', 1749);-1.8293922928363253;0.48177196801092514;0.21094897661148593;-8.857320858926196;-2503.87411633611;-161.80822998359523;-7.194170874546674
('easy', 1750);-1.6440613969430815;0.4031201973482991;0.27895875021158023;-8.747948301778408;-2391.075876950101;-155.77689850064556;-6.250549589018254
('easy', 1751);-1.125564161367824;0.4015508806625205;0.18554890216800798;-8.108784929217638;-1567.1191539670788;-160.00667521333756;-4.461073749098724
('easy', 1752);-1.6122933123680563;0.4700354974433435;0.2762945259754883;-8.12879359992631;-2070.6124749191695;-156.48883844673242;-6.303122579829976
('easy', 1753);-1.720012905651125;0.41442404680987166;0.18473243108053125;-9.936031993277009;-6181.8416782513095;-223.79900850908285;-7.509788356834922
('easy', 1754);-1.8305252434052257;0.528559561383572;0.36772655139872223;-11.197453024515491;-6247.272486554845;-174.55810242628834;-6.668338167246753
('easy', 1755);-1.0006369223636082;0.17350230305304493;0.06985712248830185;-8.966037082430994;-2385.4895009571733;-142.29476891630412;-4.209403276688954
('easy', 1756);-1.5479710388412444;0.5160569119036267;0.3191786055548982;-13.862943611198906;-7567.456702470256;-164.9695228877605;-5.121060839222478
('easy', 1757);-1.2632209599540385;0.5641112808651327;0.4369208606523083;-8.108784929217638;-2195.9766884471705;-170.9682932231817;-4.258358855529497
('easy', 1758);-1.4409015507781338;0.3384566555729697;0.09462167073198945;-8.348003910326925;-3170.24831642491;-190.26829123560032;-5.822579853749663
('easy', 1759);-1.1683282044496668;0.15069099224606247;0.07240547410171501;-9.269087185111088;-2612.3472638852504;-186.5338707165602;-4.343891631287623
('easy', 1760);-1.4174144726802569;0.3145953512034703;0.18969030673170428;-9.704060527839234;-4458.569724179018;-179.74738567856483;-5.6312995807546695
('easy', 1761);-1.6823021232174133;0.5698379460297408;0.38465247351186477;-11.899333885044191;-11565.395753890276;-197.6474890719198;-7.672196732102633
('easy', 1762);-2.135874268552418;0.46555935540407306;0.27311018995915126;-8.804312118834394;-2735.4158903406;-169.51612627487026;-7.347112419522272
('easy', 1763);-1.105773840196948;0.1394581064202777;0.08866407249926025;-8.108784929217638;-1558.7057733148733;-183.81506574412134;-4.403411416514717
('easy', 1764);-1.7709413119906976;0.22416003962274272;0.10941630432160299;-10.703287145990677;-6156.427386502395;-154.83800314490048;-7.670195827296743
('easy', 1765);-1.929088784266722;0.4551766460785397;0.1779293339799378;-11.962703498976781;-16498.654397679133;-173.60806878122534;-8.098375445603121
('easy', 1766);-1.283949336247023;0.4888768003627977;0.30402260275030146;-8.57404546656736;-2645.4619815147817;-177.09097820409158;-5.4009817618806215
('easy', 1767);-1.681298648550268;0.5387680989631483;0.26861821172657924;-10.87348095065851;-4990.296979148238;-221.06088690611733;-6.9527035705796525
('easy', 1768);-2.1156445796510432;0.5083012003512223;0.2823923658673863;-12.785384731728628;-15855.610071709085;-191.20348761644914;-7.990863115720698
('easy', 1769);-1.4026382902541303;0.5587042383851708;0.4195967800025769;-8.108784929217638;-1701.8047373765905;-161.1300663107612;-5.5519523551575665
('easy', 1770);-1.266975142871055;0.4930852595232902;0.31723816189428117;-9.183710096910758;-2491.6345668811227;-150.8202224608866;-4.9752242835329294
('easy', 1771);-1.6666671721648438;0.47461193631267073;0.31043951310459383;-11.935051967646272;-4339.847906080426;-163.37900117129502;-6.269641113210443
('easy', 1772);-2.0637447343367943;0.4958872929660006;0.20807850569909045;-8.82436894841341;-3535.296784766726;-183.33253724255124;-7.84531194385933
('easy', 1773);-1.9011611677001814;0.5049132665610926;0.2621474713031481;-10.562487799338282;-4567.13044325338;-191.1168585112961;-6.1728494660616535
('easy', 1774);-1.891257705743652;0.42265448178336473;0.4914186520773346;-11.493868776936027;-7983.839778399245;-225.1253090418471;-7.082389728104426
('easy', 1775);-1.607884740321151;0.3778849570787166;0.18163867917589005;-9.238583730817673;-2813.107978753168;-193.08343762320106;-5.694440961470165
('easy', 1776);-0.9688649111617272;0.16295998610367798;0.06445779645720069;-9.323646169361522;-2573.7675276982095;-178.6782645763373;-3.7203240285613433
('easy', 1777);-1.1888043557963106;0.5298990921786937;0.3508584473159353;-11.383258905392058;-3868.429881587345;-160.29292674251798;-4.889346627830207
('easy', 1778);-1.1491309593868289;0.43347319312058985;0.447258236934963;-8.466479183511344;-2834.5636385190396;-208.49017185829317;-4.090705206917402
('easy', 1779);-1.450961601252659;0.4853160289139854;0.378192956254694;-8.594441329730055;-2230.8690207418504;-146.1921100134957;-5.946665307478406
('easy', 1780);-1.4233018208136936;0.3244815025866799;0.3006514895978067;-9.708955300215962;-5918.004738952769;-236.52535059771657;-4.020175634100405
('easy', 1781);-1.53375603281839;0.3336712928703377;0.2673653906552982;-8.108784929217638;-2077.1961942941603;-210.7876352846918;-6.154200070020734
('easy', 1782);-1.134056746378293;0.4886871085388754;0.388630923791223;-8.747948301778408;-2903.4843217073485;-215.23515788525162;-4.4579481156981045
('easy', 1783);-1.3254201268139185;0.5292474587736091;0.26378765295135603;-10.77190115784059;-6880.687670798735;-145.10018125718778;-5.404389047257516
('easy', 1784);-1.5555078307521342;0.45347605600262697;0.2697079666377367;-8.108784929217638;-1929.440284134046;-185.08932705102902;-5.2204482885584005
('easy', 1785);-2.1736526504350406;0.5597706317931795;0.46553609645533195;-13.416656508570487;-21924.754374257373;-271.9837228178129;-10.43001039514937
('easy', 1786);-1.318648099488548;0.34333402900979004;0.3644774634664135;-8.108784929217638;-1596.8424332325544;-192.5840046846559;-3.7741136089336473
('easy', 1787);-1.3411331969291065;0.4100259576765411;0.42570654359687676;-10.997177664104942;-4403.19083974117;-308.94806969062887;-4.916101425223909
('easy', 1788);-1.3941973060309936;0.5265132407048052;0.30096701138550364;-9.940970274917593;-3341.062995491755;-162.6826161066403;-5.08770152138063
('easy', 1789);-1.3269972285788976;0.3378504544921169;0.21483270210399558;-8.12879359992631;-1578.369307623359;-134.9925553836445;-5.522145839799226
('easy', 1790);-0.8386662561716712;0.47734798775019494;0.15702223988231445;-13.591009895715265;-6015.857547510768;-132.6807230252186;-3.340726810128453
('easy', 1791);-1.9890287975780776;0.46962676952391524;0.27519326452734894;-10.26563135061046;-8636.419950691543;-227.29158720746858;-7.609436877956716
('easy', 1792);-1.2277450122458717;0.47537824585746585;0.3949737636077897;-8.684677475718699;-2284.1274145731836;-130.5926324315754;-5.0141038993863205
('easy', 1793);-1.0825619592996971;0.5438315229725832;0.3209783808618257;-8.108784929217638;-1558.7057733148733;-143.9466669796022;-4.158749901021617
('easy', 1794);-1.7805767463467597;0.5465556019239974;0.3472848728655201;-11.106103245927264;-4668.512576875604;-169.04004514008048;-7.664712855750782
('easy', 1795);-1.2628956363979806;0.4264224415659542;0.3351842951799569;-13.745160575542522;-12063.020860704393;-193.82386122635248;-4.546005411564018
('easy', 1796);-1.6207792944885586;0.2806280728508777;0.08976701359592391;-9.202456984540108;-4498.403693288608;-173.5330565855323;-6.335041385939466
('easy', 1797);-1.594763405661905;0.5330558428406398;0.4702155009986415;-11.83151128870543;-6036.582213823996;-164.4165501252686;-6.618345430490344
('easy', 1798);-1.200259602075817;0.5870239581603585;0.4817310978606296;-8.71763174711077;-2283.5652216266894;-160.2314389031045;-4.59980404575641
('easy', 1799);-1.421820207783579;0.5600973129870966;0.19999039857728765;-12.524658469265376;-4860.438315107979;-160.77422750455563;-5.851802613258966
('easy', 1800);-1.6719117830485588;0.5504597409648712;0.19263179785808754;-9.217951931024142;-2653.003433697638;-126.3480814246255;-6.411286936786044
('easy', 1801);-1.0514414749747731;0.49431785664304706;0.33518145698423696;-9.596748792050146;-2706.20338234362;-133.67119025031514;-4.0245303940340795
('easy', 1802);-1.5732449797328016;0.15984772329948133;0.08833089624920384;-9.116925116623435;-4165.721408336709;-191.29403495478772;-6.772974461199393
('easy', 1803);-1.381654377251895;0.45912894162357965;0.23724098923999207;-9.15510402736448;-2496.0416649115764;-144.74440546245648;-5.6021344901669385
('easy', 1804);-1.3252957239886671;0.30197708940917345;0.13001899593470054;-9.436601092750514;-2620.8983661306515;-202.90787438517833;-5.42435475514986
('easy', 1805);-1.3282593333139299;0.29134439248548655;0.10054255249438518;-8.108784929217638;-1912.438158622113;-132.65712898291082;-5.477958104509031
('easy', 1806);-1.1093606351600944;0.40732591171632515;0.23250473827590867;-8.896608575999231;-3292.4187214953345;-155.17500448176685;-4.647763717666604
('easy', 1807);-0.8708185418270333;0.5505297183224446;0.42012306710428143;-9.268455273557676;-3659.0669261061216;-180.3647131975282;-3.4396672873986267
('easy', 1808);-1.9991736882296758;0.18076328602833153;0.08050066407312384;-8.496383654554622;-2839.042049086919;-149.4860971566375;-8.210698410541188
('easy', 1809);-1.3128421336582468;0.43238442763639107;0.4083628742901352;-9.780123534828759;-4102.242884616703;-245.94772487560613;-4.213487917873335
('easy', 1810);-1.5176133971629637;0.5502228716170128;0.38564105436983254;-13.16979643063896;-9301.486285386833;-146.0323444004815;-5.463286415504622
('easy', 1811);-1.3590609654163601;0.5243195309114017;0.40804032794709916;-8.688207306422225;-2472.443863887053;-140.61418794320534;-5.555604122140965
('easy', 1812);-1.5334595786959895;0.35076388587805657;0.13628467588233464;-8.967906241853697;-2397.460752964133;-152.9264358340475;-5.684825359497194
('easy', 1813);-1.7227861115661518;0.5190649805802213;0.211375239018767;-8.844009514287956;-3982.4401529512566;-182.4532619216573;-7.768185811353854
('easy', 1814);-1.3359737363659372;0.40078093491428757;0.2660515908182127;-8.12879359992631;-1692.602624088118;-135.65478911883906;-5.568630925334528
('easy', 1815);-1.200355948824301;0.5504056616081442;0.3716332488681331;-9.153413409886571;-2674.8206948675206;-140.71471059293535;-4.7754909450554965
('easy', 1816);-1.6509479144932577;0.3706125876504227;0.252950391588007;-8.660999489308459;-2674.203155303373;-149.86180231360294;-7.184068168695461
('easy', 1817);-1.4257389332035304;0.47014979091892845;0.3457447155157793;-9.007014706863632;-2405.12017147617;-163.98219548736657;-5.24033701971228
('easy', 1818);-1.4973550927595884;0.513202393706392;0.316478942560972;-12.997946173712302;-13559.830403036452;-167.16187944522216;-5.3207740689536225
('easy', 1819);-1.4495208825181907;0.44004293982741977;0.3888853862251028;-10.777599178955228;-3471.436261723943;-142.29806029722874;-5.793671357196555
('easy', 1820);-1.2391490617140453;0.46913585304514627;0.18599274269433674;-8.108784929217638;-1765.4439900381064;-148.50358539893128;-5.113619813738178
('easy', 1821);-1.9442883778784092;0.3082859603908189;0.24261618486294426;-10.948556977098868;-4940.422753661137;-150.66836457376218;-7.260716251731673
('easy', 1822);-1.7608149145050973;0.434605858859998;0.1812219983302005;-9.294696779315412;-2558.9087843531393;-142.07671157046303;-7.19429003503143
('easy', 1823);-1.7789921949183274;0.5603929036650254;0.39053777456372485;-8.497551878986549;-2172.127938938068;-152.25813989812673;-7.042952240368207
('easy', 1824);-1.646929579949167;0.24580311040305236;0.14452998744557266;-11.029730267142691;-5546.236827691912;-181.47357574614816;-6.893438069878729
('easy', 1825);-1.543923374022791;0.4222549607805659;0.2198430501405108;-10.081598929412877;-4159.668843380152;-176.07241171724883;-6.381440193560254
('easy', 1826);-1.33184999457766;0.3202728232234099;0.19948398429077915;-9.183710096910758;-2491.6345668811227;-131.7109425475088;-5.411908631185527
('easy', 1827);-1.3239989202156;0.48486750890520136;0.3639778631932151;-12.291726911585004;-4639.201730530188;-191.75453090478692;-5.078614039509667
('easy', 1828);-1.9777123897454847;0.5176558357660126;0.34342324300400634;-15.026094421004586;-8119.4909799471125;-160.64089164820663;-7.448488646744795
('easy', 1829);-1.4840710727320812;0.5957119728627868;0.49153508874864343;-8.12879359992631;-1903.9955589393023;-139.50863882811507;-5.847020042797341
('easy', 1830);-1.6849426263489327;0.5176037029509956;0.2230478743820155;-8.241637358366944;-2507.686920050033;-167.8871550283462;-7.0440002157287
('easy', 1831);-1.4862319198768987;0.5166773219012212;0.24389497256920056;-8.183624608721079;-2053.7793086326474;-152.6869732057811;-5.783578915082456
('easy', 1832);-0.8811022803348642;0.366174842945598;0.3226360686624538;-10.624265159034525;-3886.596763804614;-168.755394623816;-2.8711746059205376
('easy', 1833);-1.3689606943633263;0.45088550370661806;0.2438655428413553;-8.529017817183503;-2185.840650711958;-151.51139923458393;-5.1906713075318
('easy', 1834);-1.5245723421475679;0.502345435524113;0.4246698679442731;-9.99827430215423;-3881.2300102327235;-194.59564435783108;-5.8652863963410296
('easy', 1835);-1.1805254385913073;0.4533948238272073;0.25352749534309804;-8.886209868778332;-2347.706518521992;-154.55935165264938;-4.550730462564595
('easy', 1836);-1.258625370699921;0.5257471732029293;0.30776636964153314;-8.108784929217638;-1855.0888084116264;-145.65452193618157;-5.1375055607401965
('easy', 1837);-1.7738294739098586;0.448675204506463;0.3445608190028136;-8.33401067849796;-2102.2307944681206;-154.996582810435;-7.294609692065782
('easy', 1838);-1.8865598721734305;0.5463187365686559;0.41397125015327785;-8.718360344592911;-2760.538471839628;-143.17058234564686;-7.7314315036659345
('easy', 1839);-1.5298678548347924;0.5451719486960377;0.45119656456908047;-8.229941318603752;-2121.302404174033;-138.2932175348704;-5.88843329601692
('easy', 1840);-1.7479997257439972;0.4974691560945014;0.2682958444033283;-10.000898975577002;-4444.675397725265;-180.0053915213185;-6.786606066190154
('easy', 1841);-1.1690099117508026;0.5097338620283836;0.2745301895548781;-8.108784929217638;-1892.9428108660557;-153.04304148665838;-4.550684396578248
('easy', 1842);-1.4736117705933527;0.3886387706923702;0.10273560038370869;-10.510848942544483;-3793.8037133353223;-163.04238777053757;-5.772723355480761
('easy', 1843);-2.248348130950519;0.5250051028743646;0.3898662295176256;-9.432126812355593;-4362.480122720688;-173.46533197490177;-8.986861666048332
('easy', 1844);-1.3972363435390338;0.41238717740657693;0.25674814516416944;-8.108784929217638;-1556.1551430282086;-131.26110855213986;-6.038148211423953
('easy', 1845);-1.5113359225402594;0.33395153693172286;0.20458659618551897;-8.108784929217638;-1933.2003282492522;-191.30641321585674;-4.457470056816339
('easy', 1846);-1.4046170110155087;0.3709919428095853;0.24230347836106672;-9.584542886370642;-7020.134925606107;-212.24796544939372;-5.6958476204058455
('easy', 1847);-2.153614682350742;0.3073415993301231;0.1862367228738255;-10.132742287523063;-5464.005221385658;-191.29651432906854;-8.791840069394938
('easy', 1848);-1.3358284442263764;0.5414785161821498;0.4621618625628821;-8.12879359992631;-1588.013829893435;-135.4281222657142;-5.434956562285347
('easy', 1849);-1.188134028748964;0.435840322113481;0.28774361982220553;-9.781177831183665;-3472.9946028629797;-170.58466884674863;-4.465390838292514
('easy', 1850);-1.757457319034188;0.5353022227752565;0.45249797081401444;-8.108784929217638;-1869.8699458955011;-149.7292784587662;-7.563761563974877
('easy', 1851);-0.8632486042952461;0.4909985011742214;0.21729077414498954;-8.805901944288495;-2945.0302664680717;-153.31775556868436;-3.4433110143637395
('easy', 1852);-1.580037364893527;0.25119927016585175;0.06478188257854758;-10.309382860283588;-4722.280715155955;-215.48784908985974;-5.765741303959643
('easy', 1853);-1.6202377395575254;0.5230617939560908;0.3725536490763085;-10.37978229168532;-3165.581036937641;-141.22424270978752;-6.412272420365524
('easy', 1854);-1.493336757239688;0.20960935805177283;0.07982387267419308;-8.108784929217638;-1954.4099221352312;-134.65985816952758;-5.881667081992383
('easy', 1855);-1.4623811521153327;0.5179017740305182;0.3068169907634666;-8.12879359992631;-1578.369307623359;-146.81470933392504;-5.625061461483609
('easy', 1856);-1.254302740860546;0.4080353879074185;0.2651059260043715;-9.456224363934654;-2643.9164228938635;-144.66870088540256;-4.9899705594579995
('easy', 1857);-1.4243390831186353;0.5610484252803605;0.4859777979743707;-13.303327823263484;-8203.806541439042;-159.15876910722872;-4.619898706610453
('easy', 1858);-1.4450011670447187;0.49901082001326114;0.25595102605713504;-10.020806733234927;-3036.1584896778777;-160.91984770139933;-5.165692981270361
('easy', 1859);-1.5310217773882009;0.561055967590789;0.3345678734818561;-8.113550625290653;-1972.3483510124704;-122.82995611111681;-6.254385683538681
('easy', 1860);-1.2214018978891772;0.5516958474891481;0.5303813351519748;-8.108784929217638;-1691.4271051282585;-147.24474834125562;-4.635756785179438
('easy', 1861);-1.759395276137524;0.3878345028654577;0.1456524218483865;-10.769064276505391;-4320.484333303836;-165.96836159729511;-7.04676721059239
('easy', 1862);-1.4315476438059835;0.47975599153188225;0.3513363307712944;-8.108784929217638;-1731.4837067226279;-168.70323905535972;-4.281649222442401
('easy', 1863);-1.1730255314399243;0.5458496554240664;0.43361130432116046;-8.108784929217638;-1567.900199638717;-130.20985854851205;-4.391441282220391
('easy', 1864);-1.5425653894592395;0.4118297427816417;0.28275896508082865;-8.12879359992631;-1588.013829893435;-145.80886755321825;-6.050309791664795
('easy', 1865);-1.490219816746191;0.5807316554993129;0.3996465649893809;-12.158195518960481;-7956.171955700531;-167.3534963503142;-6.046623159467373
('easy', 1866);-1.303105646206108;0.26757674198569426;0.29546441829422443;-13.052013394982577;-9625.007801058491;-188.91013570354806;-4.532533640256057
('easy', 1867);-1.4125822811583832;0.47480216551647775;0.24706826066124304;-9.39416605011637;-2929.3075131370233;-202.87595387197638;-5.422912045478722
('easy', 1868);-1.3166974521639314;0.4126945639058549;0.15779974669120111;-10.965651410458168;-6321.660487341371;-177.89261281497747;-5.272727513002811
('easy', 1869);-1.7374591741269176;0.35180889097153867;0.2581037252457249;-8.71763174711077;-3296.7646000394247;-209.62775253872326;-7.505615447489677
('easy', 1870);-1.2174086056035092;0.10443669471319528;0.17187350997755574;-9.617130534369487;-2717.2573248984377;-141.89789790207575;-4.675651238805907
('easy', 1871);-1.3122399343018278;0.1337375300544313;0.04534029013353648;-10.631645266332148;-3344.594604842756;-153.91912863028872;-5.53013672984701
('easy', 1872);-1.7985800304380148;0.11899013070871806;0.05503904287348005;-12.030362147450596;-11033.453518416378;-173.06035068248775;-5.743589425410765
('easy', 1873);-1.3185793286286014;0.39438348994641576;0.4739192635874052;-8.113550625290653;-1557.748599634924;-219.59204086032204;-3.9450051327606857
('easy', 1874);-0.7509924651073697;0.3802752219691785;0.32509962890029476;-11.251037270649599;-8560.377750754858;-178.94682023444906;-2.73277947726327
('easy', 1875);-1.6164102113548997;0.39643639936022435;0.2368567898571492;-11.499733896388426;-11697.985462901355;-210.91685834422321;-6.066053270086018
('easy', 1876);-1.1239616446001848;0.2233007303069789;0.1365763261759233;-9.514279880194145;-2751.3503852764834;-182.89273586525684;-4.039527601024239
('easy', 1877);-1.0055756547705588;0.3270094947868485;0.28793377942112164;-13.591009895715265;-6200.52331489991;-173.74835552985016;-3.9278699741353127
('easy', 1878);-1.49743623243748;0.4956762926626154;0.3266583340878505;-9.111510918232563;-2565.618141424583;-150.32487252925114;-6.1174359267808995
('easy', 1879);-1.665198481077923;0.4411923716298091;0.10635746030091772;-13.639800059884696;-6425.914102099532;-151.5157483078474;-6.806791506079689
('easy', 1880);-1.6267389184994665;0.5139283480467843;0.31671788482496543;-8.206078056330457;-2571.9772752733106;-149.70144288753292;-5.819378364036317
('easy', 1881);-0.7081169192317326;0.5393567362605174;0.22177713010505365;-8.966037082430994;-2385.4895009571733;-134.25875964328316;-2.5740594952640827
('easy', 1882);-1.4365117762025936;0.5283977351257921;0.33764572649367564;-9.24411709876333;-2621.0231891878075;-146.72560516387736;-5.985480670641147
('easy', 1883);-1.4377276740709366;0.5197986204126417;0.4170664115503291;-8.865731337434791;-2338.1106665266243;-140.49539991595117;-6.057051168823702
('easy', 1884);-0.9498809708316748;0.4498657207732066;0.19070531229844429;-8.207826308523986;-2059.357767805132;-120.04189538339068;-3.6355960349300247
('easy', 1885);-1.90373172169908;0.27978806836193937;0.3197476652065385;-10.016793349921468;-8227.90066354315;-210.05933628091722;-7.3932328895434
('easy', 1886);-1.3534999396309748;0.5330120747254914;0.3189432125786546;-9.310383375483113;-2572.899349062629;-145.48208300052852;-5.32390922682898
('easy', 1887);-1.5684591205754546;0.3047819606976045;0.2187824326402132;-8.497551878986549;-2172.127938938068;-182.5649527303393;-6.095640169988426
('easy', 1888);-1.4221706084632568;0.480590643931936;0.32083558380845323;-8.683973002283436;-3180.13810376107;-177.53931354738748;-4.950325218857494
('easy', 1889);-1.6310717979490752;0.5382990260095596;0.4716649434025936;-8.996371161779514;-2431.0489069391833;-157.0361857415264;-7.120317533058146
('easy', 1890);-1.427127892132343;0.06532458349664774;0.06973624127764853;-10.250337934440962;-3949.0131738039127;-208.2712427873036;-4.573268007907456
('easy', 1891);-1.9922062554436615;0.1268041133064461;0.08654134178747645;-14.150625683650688;-18692.938228658673;-274.2517615382717;-7.512415637149783
('easy', 1892);-1.1287482869314274;0.5031713536643879;0.34728487285921134;-8.108784929217638;-2124.124158046412;-150.64162654539166;-4.96578054776323
('easy', 1893);-1.2183320257038217;0.5562283840156345;0.3937285711831843;-8.108784929217638;-1558.7057733148733;-182.6738438047818;-4.582671072385113
('easy', 1894);-1.5211236807415445;0.0972214021058587;0.05831823489418829;-10.526284750674321;-3265.751873212385;-136.7026300161388;-6.505440113134083
('easy', 1895);-1.466279898365648;0.5473665933475933;0.3635816223425785;-8.929369363239113;-2368.4933484251146;-138.60201647137498;-6.194803175359432
('easy', 1896);-1.4159054370843795;0.5013889747062032;0.37023288410792365;-8.108784929217638;-1558.991407523778;-133.89250132427276;-5.8225798602162415
('easy', 1897);-1.4112680929904728;0.48476351095638387;0.31950943350963534;-10.355136494478492;-3149.4386392113815;-166.60013749332396;-5.380760234129433
('easy', 1898);-1.3419677589495052;0.5405639352222207;0.40010500129833704;-9.15510402736448;-2477.4200933348507;-154.70185132716747;-4.36383372189327
('easy', 1899);-1.3394257196257906;0.5501315907320478;0.2851270905084714;-10.510848942544483;-3249.0632265072704;-135.59141216176985;-5.817830527615204
('easy', 1900);-2.107846790560507;0.5508040618255876;0.3776908938047169;-12.806890936949593;-5337.007655879833;-218.2387309828055;-7.1428702654831655
('easy', 1901);-1.0888650755122444;0.5532683257598985;0.4759054588867491;-8.15500312639404;-2028.2990868243216;-136.74835428088775;-4.095041486456712
('easy', 1902);-0.8900002085507236;0.12612951456369215;0.05059844221129657;-8.746447926403173;-2985.7828072559787;-172.29061571653182;-3.8022240367091817
('easy', 1903);-1.3893790581519343;0.32074961374971367;0.09624391978454012;-8.53688948967927;-3157.792617476456;-212.4806067929347;-4.882591725107219
('easy', 1904);-1.8693923963733021;0.5245133392698021;0.15818983628290245;-9.494287211088196;-3984.728746946171;-182.85986222881144;-7.627622875271225
('easy', 1905);-1.4756675719799783;0.5306095529266827;0.40819320473823123;-13.234334951776532;-5601.665244587287;-132.00974025293993;-5.553410319763366
('easy', 1906);-1.4217059575338635;0.49148723994099347;0.20243583720293495;-15.026094421004586;-21970.733615542355;-173.97698263406022;-3.8522553428015933
('easy', 1907);-1.1600348408867343;0.48844142990548384;0.23826687746535458;-9.269087185111088;-2647.6803635923893;-142.45618625518816;-4.479622603938503
('easy', 1908);-1.5859785947742904;0.4968784478096032;0.42726295448771234;-8.569010842968694;-2203.798210301327;-144.0367495264616;-6.654014711409997
('easy', 1909);-1.9123161183432102;0.39339742761336943;0.0856312332272084;-8.108784929217638;-2429.402700230385;-199.7692517272776;-7.522294638902212
('easy', 1910);-1.6594617625696457;0.526035444446636;0.43403756691029416;-9.195973024305369;-3183.9842147564354;-185.51588576230648;-6.639384360996685
('easy', 1911);-1.4276144214035629;0.1975259665051391;0.1342082007518831;-9.466182316768087;-3137.5258542842153;-176.15406926603362;-5.821399476168807
('easy', 1912);-1.7538606606407525;0.5198446679312427;0.3475918534159602;-13.591009895715265;-6493.259516929351;-170.32908858853298;-7.981960094495356
('easy', 1913);-1.1862981165126845;0.11827675251418686;0.06103975863136182;-9.717826723603382;-3655.9563925834573;-184.67088446948537;-4.60068707638404
('easy', 1914);-1.2397123306440416;0.5486659510414045;0.409622193565872;-12.050564854768115;-7000.85086062324;-180.37646059204047;-4.2334263827681315
('easy', 1915);-1.8904840133505343;0.558226678681038;0.4218180396471846;-13.16979643063896;-10430.881333537724;-184.05302946287705;-7.085220195232455
('easy', 1916);-1.1800691782013635;0.5033829675851176;0.3226834312013249;-8.217496713555668;-2481.158110592822;-185.18339176941805;-4.2018721196745625
('easy', 1917);-1.4886627731197968;0.56639109826699;0.43544836499413775;-8.937503163165882;-2819.9435746303247;-155.3611247308478;-6.22004995463087
('easy', 1918);-1.4612171219255;0.41289919923686486;0.3258093567765487;-9.714860829190004;-3128.211635535272;-161.67570585160527;-5.3877180932392
('easy', 1919);-1.3297324981751821;0.09477469330737603;0.06890655083901671;-10.602446111639885;-4039.2008838798133;-203.00535322483373;-4.263277528360332
('easy', 1920);-1.7019899866110577;0.4980004514573403;0.33722372664971073;-9.096505277614693;-3903.064319459526;-206.18921830806784;-6.1023708132400065
('easy', 1921);-1.7041242929700084;0.4681799546756428;0.18808956204110544;-9.269087185111088;-2647.6803635923893;-167.29062498372008;-6.840636254275422
('easy', 1922);-1.3462159582866744;0.20719254017158142;0.11022146694250384;-8.95212865238486;-4152.075655333373;-187.8930923317081;-5.352784516151009
('easy', 1923);-1.6081253759244605;0.5764953518010277;0.39841745696821995;-9.814424861182223;-4457.342685511942;-158.4376521689699;-6.178789872126109
('easy', 1924);-1.7173547715944357;0.20550033491615244;0.18778927648249413;-10.304030483544997;-3635.284065427717;-215.5557551271985;-6.624931003527235
('easy', 1925);-1.296108292452631;0.37935265316218114;0.2106769136862669;-8.50341356048288;-3027.6506430461172;-172.93224498131096;-4.95910108062816
('easy', 1926);-2.0709323592288085;0.5160774335769049;0.24547816304170986;-9.498253896178301;-3858.0353400473336;-165.5100316083595;-6.42157411241973
('easy', 1927);-1.182305560944786;0.4994438023795389;0.2854481234471568;-10.235274888129867;-3169.223776987098;-154.3926061246637;-4.412953925752767
('easy', 1928);-1.7371700391477185;0.5718435210367634;0.3383582931964008;-10.528509445696432;-5042.109505635158;-179.3493870564341;-6.476775521673384
('easy', 1929);-1.0935546967654228;0.29773924297999366;0.2641840596363363;-8.41029700933702;-2552.6174986360693;-173.3102161194928;-4.513375662933307
('easy', 1930);-1.303254253235816;0.45891728206540533;0.1649764444566178;-9.267192647127306;-2987.7597627169935;-172.37157476887432;-5.703768050161111
('easy', 1931);-1.821794848732873;0.5481031067466791;0.46187769123455324;-8.52962113545218;-2200.932130698501;-146.94066364342353;-7.921549351465056
('easy', 1932);-1.4935895583194017;0.14115457563093597;0.07737293975963348;-9.267192647127306;-3790.2996340116933;-184.1174098963515;-6.4222711519887286
('easy', 1933);-1.4458983172013737;0.5164122210048347;0.4602505672677698;-9.363133940868641;-3210.69877410578;-141.61274077649642;-6.291040658883073
('easy', 1934);-1.8065183427756242;0.21574551153756372;0.07850015880102987;-9.806820261797004;-4051.3770715033124;-176.9507538588033;-6.19804906665127
('easy', 1935);-1.7667598818872792;0.44935467447315103;0.19291597289559864;-9.683760169039775;-2996.477973750603;-142.79466313682775;-7.472222202802968
('easy', 1936);-1.5436657896353903;0.4495626120779769;0.3133035257607657;-11.68677244306052;-5769.835569392173;-152.59552597342307;-5.663488628956047
('easy', 1937);-1.8141252930876202;0.5319159167855569;0.3788749571902525;-10.077334530626418;-4038.274061186584;-157.19337028404752;-8.366492441838822
('easy', 1938);-0.9278230938900939;0.36504312857392374;0.145742013670969;-13.745160575542522;-6394.663600210592;-150.4509735227141;-3.742468355299841
('easy', 1939);-1.5481265748086488;0.17328787492107106;0.17452777284739593;-10.329257046490673;-4212.368863582022;-252.06542128046294;-5.3678966251269875
('easy', 1940);-1.349188365187052;0.5226388988259093;0.3420497303353368;-8.591868981044744;-2229.7216013249194;-138.40069709734604;-5.407643302762305
('easy', 1942);-1.2955026581995903;0.1557273495030116;0.0626984439148347;-8.108784929217638;-1577.4386813668402;-167.67151717579992;-4.409753252454541
('easy', 1943);-1.5710983603269424;0.5139946937304342;0.30283924962748154;-8.108784929217638;-1566.5002865131798;-164.7617268585716;-5.880439309369739
('easy', 1944);-1.0771660280261057;0.4702148638696711;0.1161141371167332;-8.12879359992631;-1929.4838890023987;-157.2522186139306;-4.123435413664644
('easy', 1945);-1.3702268128731;0.5146028062676113;0.39794151472008354;-8.12879359992631;-1708.8893487300538;-136.5831683854359;-5.634457477874532
('easy', 1946);-1.3440029656711665;0.5011821583762779;0.10001490586247294;-8.12879359992631;-1672.0506080713747;-145.00777428278613;-5.294963184975478
('easy', 1947);-1.806127406719514;0.5474756331292003;0.3676532128795137;-8.706766011811993;-2578.959724913151;-166.17928662068965;-7.780309595149958
('easy', 1948);-1.7077963514540992;0.49688511043195965;0.361444843916505;-8.429221607644667;-2142.6454342483858;-159.29676525057664;-7.70805758367018
('easy', 1949);-1.593742851266412;0.42323640564967513;0.24640518554346297;-8.12879359992631;-1986.779721386529;-162.25068890358338;-7.233094391131612
('easy', 1950);-1.312935630626991;0.4370709370622229;0.1904272405881048;-8.21661371129079;-2067.3745761354703;-138.94853280352777;-5.127861041285561
('easy', 1951);-1.2863261450929095;0.5242356868118887;0.3997153138587781;-8.875918182741785;-2534.8379570321254;-139.94305121652886;-4.905033612241022
('easy', 1952);-1.319375834318569;0.598000857625783;0.38219350286558784;-9.271618832032868;-2890.350627127961;-160.62910340602804;-4.365189051572995
('easy', 1953);-1.774165011019499;0.4643910232458681;0.32062032379333405;-8.778438468536194;-2811.181368567653;-194.11374811744548;-6.966670922408167
('easy', 1954);-1.1765468340232053;0.5509177090871497;0.350220638798444;-8.12879359992631;-1878.3431491255303;-128.87160160395476;-4.554594435145984
('easy', 1955);-1.328177391110743;0.5488152510630534;0.2712377855022242;-8.108784929217638;-1565.942415899244;-153.42430053285625;-5.205541137724373
('easy', 1956);-1.2186494209523917;0.2698380110991401;0.15006503716505193;-8.12879359992631;-1978.327617485079;-128.7236419905367;-5.100880591133932
('easy', 1957);-1.5051728440617889;0.21629593241467648;0.15528707262785774;-8.74869933448363;-2288.441311467021;-208.04000644580208;-4.778900861554773
('easy', 1958);-1.6348444390509984;0.3663004958183602;0.17527703339135323;-9.82538988332355;-6508.129781848926;-193.74197193940702;-7.524358373620142
('easy', 1959);-1.9183904225383595;0.3400174507684506;0.2955584336588425;-9.81007229718338;-3335.0630850668376;-182.9536673252103;-7.63557712981687
('easy', 1960);-1.1626829364117828;0.5279444820610835;0.31662315882793285;-10.532973738825119;-3353.678183205635;-181.14420220429926;-4.210798926464201
('easy', 1961);-1.3306336663835636;0.43867427614659116;0.09425121357364132;-8.108784929217638;-1843.2750828558244;-206.49005314290503;-5.5887209066722825
('easy', 1962);-1.222357086268583;0.3737851842605969;0.1006135962373358;-8.12879359992631;-1941.2738739237695;-128.52061571645854;-4.985370364571606
('easy', 1963);-1.5872346042531134;0.5363360511098592;0.44527625289572753;-8.108784929217638;-1558.991407523778;-137.24746076712137;-6.0853706804837016
('easy', 1964);-1.3254825126117078;0.2644883287428943;0.1424248393092456;-8.530224817933536;-2404.9308502437343;-151.9607562437352;-4.43625847654761
('easy', 1965);-1.6135110446366092;0.397020856450517;0.1648288689546718;-8.12879359992631;-1781.6516093025862;-151.637077193469;-5.831194266447246
('easy', 1966);-1.5163256276241799;0.4303431353626312;0.25500377590795315;-9.563110432901317;-4058.48754711121;-154.23732196146506;-6.138354619449781
('easy', 1967);-1.458553179615105;0.5232220328669823;0.30828807021616533;-8.12879359992631;-1919.0433730126363;-150.78580849101826;-5.894093148416492
('easy', 1968);-1.81156394061351;0.453937442722332;0.20305611486540126;-10.104654705712802;-5208.728181891627;-189.61908348270507;-5.056506992348034
('easy', 1969);-1.3613822219984606;0.5450009198124943;0.4312177240161888;-10.777599178955228;-3471.436261723943;-138.07862253924807;-5.499594445491797
('easy', 1970);-1.0639471888388383;0.42302544814345;0.24607364801833562;-8.971655074735217;-2380.394595363863;-175.92962343822188;-3.911009522340254
('easy', 1971);-1.8715573271199812;0.46086000013926803;0.19965162126262487;-11.899333885044191;-6613.060572036519;-174.23249745558525;-7.408828906771572
('easy', 1972);-1.3438308673561616;0.4844040486996413;0.3557367857964472;-9.092788788070138;-3331.0467923074225;-161.64937727617826;-4.662341915259446
('easy', 1973);-1.2822416763966504;0.46832944550992306;0.38075512158363956;-9.449388028916362;-2884.0776971632376;-150.96882933023062;-4.666915021723125
('easy', 1974);-1.7482436009340183;0.514549715388963;0.27508590624759965;-8.12879359992631;-1968.3804428454703;-162.52880930624997;-6.618507396061272
('easy', 1975);-1.3161327880975975;0.3296967073511901;0.12436820176608865;-8.12879359992631;-1868.0737893867267;-151.51911662688826;-5.823201482086107
('easy', 1976);-1.292386708894429;0.5477708746988222;0.4617942695580356;-8.685382445786669;-2270.575284020497;-130.4967470410865;-5.216661080475479
('easy', 1977);-1.587058646518257;0.17117116333095653;0.07816862746286522;-8.93659613362524;-2371.4845584453574;-191.90140712713725;-6.219145070489839
('easy', 1978);-1.4726710847025557;0.19062704169253297;0.15798063227428708;-9.258398620604734;-2989.3544843884943;-165.52528667575592;-5.817713441398765
('easy', 1979);-1.313438150088341;0.4938841334057314;0.30726622548695204;-8.12879359992631;-1988.2162953547959;-137.3577344823779;-5.339298743762094
('easy', 1980);-1.5223334700081723;0.42063587165686067;0.20775581553427688;-8.587383231773487;-2842.667831052247;-186.5130035429607;-5.209883806376533
('easy', 1981);-1.7246346451045753;0.5611487365996877;0.46315647402385873;-8.12879359992631;-1912.1152376798243;-142.9243318824641;-6.105370282184552
('easy', 1982);-1.3771266739900248;0.504046741657642;0.328555672784557;-10.870341230653843;-3488.0802513496333;-164.5818917308689;-4.2908159713791605
('easy', 1983);-1.9169528271304006;0.5522472059185912;0.3007093558792402;-9.260903318219743;-4490.28555915189;-194.2786739467435;-7.260403809521789
('easy', 1984);-1.6412839755410893;0.3508702597075998;0.3010394743073389;-9.093318870245284;-3333.7712909710144;-145.8478418638204;-6.814485389416319
('easy', 1985);-1.5114808731118903;0.28136553209480253;0.15289772703873045;-8.12879359992631;-1827.8462764187486;-151.2928242833958;-6.1891955079716325
('easy', 1986);-1.2832326311313325;0.45083809557462806;0.40623525791252985;-8.12879359992631;-1683.1633494655543;-133.3854548752548;-5.086814952966449
('easy', 1987);-1.636522936410686;0.24560888212998927;0.1330640252711933;-8.39014786531794;-2915.0001167620803;-153.28832760504855;-6.635595990209217
('easy', 1988);-1.4195591982017115;0.2733942421479735;0.2671499643223921;-9.268455273557676;-2953.95873150725;-164.82940743097868;-5.469965129531722
('easy', 1989);-1.507437819254232;0.5320298532008466;0.46259953751751004;-13.745160575542522;-6204.215891048586;-142.0067040903616;-6.175555082576648
('easy', 1990);-1.8053467513637234;0.44781938876475685;0.11271752104144599;-14.332947240444641;-22752.517784068874;-191.7427670886512;-7.859713722853006
('easy', 1991);-1.0892887636077688;0.42530906158690784;0.33646450215027823;-9.780123534828759;-3978.335094634235;-151.2270135825121;-4.056214403697665
('easy', 1992);-1.3304725602459613;0.4269502210303412;0.23204393513431998;-8.217496713555668;-2391.3378162275803;-164.81157518645318;-4.804889519773179
('easy', 1993);-1.2242473754314929;0.467816651844723;0.2671117821494782;-8.330542753298326;-2100.773224171514;-188.18692378134162;-4.400802019302154
('easy', 1994);-1.0862629037651945;0.3438523854057075;0.21026602845963172;-10.170944029748727;-3137.4948726946045;-183.8899390833015;-4.070394782884924
('easy', 1995);-1.6004205934153826;0.4775900979375341;0.4194243227104963;-11.737692533487776;-4934.217124764863;-171.27031290531437;-7.002404259604053
('easy', 1996);-1.1784584730398937;0.4420670909966226;0.2964821688236572;-14.237637060640317;-8073.003456948204;-209.47417900471822;-4.198614755288352
('easy', 1997);-1.5457828934202993;0.5582172560981035;0.4763237727785119;-12.68428861485726;-5083.023713855528;-143.01369447156495;-5.845085170404338
('easy', 1998);-1.7934911985861461;0.527821533061412;0.35000679794595135;-10.609666359613373;-4872.336604549769;-142.30008121098865;-7.023882873245341
('easy', 1999);-1.6384647976075537;0.5267286943328778;0.31278466686070483;-10.407021329847504;-5040.438057533082;-169.13433916478527;-6.548725399169052
('easy', 2000);-1.5947260920480772;0.5419337595035388;0.2186977854992695;-10.277690066930587;-4470.707953878172;-160.2423814195963;-5.707408201357223
('easy', 2001);-1.378346275887495;0.5645028490041969;0.46321072185385953;-8.108784929217638;-1697.687581477239;-129.7568299016384;-5.514200694672746
('easy', 2002);-1.8209718763525067;0.5166987117544128;0.35322870216832236;-9.002162683759103;-3170.340582948499;-216.5319646786771;-6.572449863570036
('easy', 2003);-1.379896559065769;0.2633447159496485;0.15078122338294636;-8.12879359992631;-1870.4022339747928;-140.88139072157958;-5.350336271144212
('easy', 2004);-1.4777334979824213;0.176702355094168;0.13399471472539906;-8.473871881382406;-2162.2612274101766;-145.46907076004672;-6.780607641163527
('easy', 2005);-1.2013475822267246;0.3808671511494946;0.20929128858154095;-9.269087185111088;-2998.1654007182883;-153.38703639144708;-4.4335230020967815
('easy', 2006);-1.4631263624109254;0.4332083047574089;0.19919510267266394;-8.12879359992631;-1941.516624196952;-145.16421451342933;-5.748658021016594
('easy', 2007);-1.6627059697944122;0.10735449203744865;0.05605343003316364;-8.95397197087915;-3339.3731592641325;-162.34875473396363;-6.604665001987443
('easy', 2008);-1.361350571861863;0.42090888805108034;0.22400238654581456;-9.000228447179273;-3061.7840993794057;-146.38522020764728;-5.596710762110113
('easy', 2009);-1.7080261866720268;0.49465660083068935;0.32822413538089357;-9.061487328066487;-2449.2954325028295;-151.71753764952325;-6.36117986667515
('easy', 2010);-1.8615764457457837;0.3616879484642782;0.15159279691369681;-15.249237972318797;-8927.489956694106;-197.07440832913136;-7.4705106005592885
('easy', 2011);-1.6775817303537817;0.4243451118207451;0.2595979391516624;-10.830397364522199;-6163.278230273489;-167.85888312323513;-7.041684929971275
('easy', 2012);-1.643996358404703;0.5610707054780271;0.21109106394816254;-8.71182199946945;-2489.57474067263;-163.6709517331389;-6.561867926239502
('easy', 2013);-1.6283743060131004;0.5517331090766904;0.4585264474447703;-9.24411709876333;-3049.0938886855597;-148.5039677836159;-6.11670771898831
('easy', 2014);-1.5156681552007205;0.5121929361601837;0.3507896987238714;-10.088746922678164;-3504.01297398302;-135.38785963518407;-5.802471174409615
('easy', 2015);-1.8899825437396667;0.1988833457143639;0.35884061539707246;-8.485930597702533;-3260.3908777088977;-272.46745962683445;-6.149985541533884
('easy', 2016);-1.177556472789936;0.44576450888174723;0.5149400029620077;-8.982986640744766;-2813.280282998389;-228.06244116808216;-4.159480793797289
('easy', 2017);-1.354143106426017;0.32292090785395516;0.13510103810816718;-8.108784929217638;-1747.280624970112;-193.92252427291794;-5.033024197783145
('easy', 2018);-1.822556775597799;0.4705518431606567;0.26550763158207447;-8.996371161779514;-3732.156454176794;-193.58429179984006;-8.016897685042446
('easy', 2019);-1.3022370709730973;0.39363406948623725;0.3503402982827711;-8.718360344592911;-3235.4256413783764;-224.16158966253832;-4.958752573735081
('easy', 2020);-1.1456484841484558;0.3400272077629717;0.19812471260586084;-8.747197832700033;-3290.352897689128;-204.042839522568;-4.804535194458612
('easy', 2021);-1.6483452166762758;0.5492123353361972;0.4365069498431185;-9.729779057127223;-2794.172212015342;-137.68743096560974;-6.2703514949538945
('easy', 2022);-1.6104256435095416;0.22355995849170396;0.18554483327596058;-8.181065971930755;-2038.8993392574332;-138.36431557041118;-6.031158790982119
('easy', 2023);-1.6477411322630384;0.5283624784908608;0.3870329493730664;-9.15962636407129;-4033.7102497364576;-166.15749848360426;-5.2676007057642344
('easy', 2024);-1.655054485261198;0.3488007641600537;0.1843279815306717;-10.117861060526412;-3317.0257051860676;-166.14306298915653;-7.978802099622966
('easy', 2025);-1.407025600945859;0.5602150693208124;0.4085980818812692;-9.68280368881382;-2753.182915090018;-128.66028731289578;-5.317019075958465
('easy', 2026);-1.1687151405722833;0.11192092601386737;0.07704140217974899;-13.639800059884696;-6103.051678601854;-208.1845821730379;-3.9339161636800513
('easy', 2027);-1.469783957789597;0.47496685086810686;0.26033894333361574;-8.108784929217638;-1900.05065954511;-195.48742516479305;-5.169373348431564
('easy', 2028);-1.4391235057706735;0.537224616966297;0.2900882301584632;-8.966037082430994;-2397.0141414696695;-161.36307769677748;-6.00698576133479
('easy', 2029);-1.5405638326367233;0.5660202016887815;0.5134022634668841;-9.915312178303392;-4176.263285462387;-152.33539338400925;-6.409291278254965
('easy', 2030);-1.3411902408258154;0.5503376507754598;0.4191183766071536;-10.457588219388088;-3332.605784081756;-164.84212182099748;-5.568387059627622
('easy', 2031);-1.5567468558285087;0.5221127241744002;0.09478585419173619;-10.300478081940629;-3642.727407729806;-148.5965908683514;-5.62863710554592
('easy', 2032);-1.4227493111462282;0.532595988075845;0.3741671430556272;-10.590527019402675;-5011.090387900684;-140.7823484109884;-5.942055059639083
('easy', 2033);-1.7903171300738505;0.531501895508741;0.38475495872805304;-13.996475003823429;-9305.706225649763;-157.57213958847424;-7.739920554147573
('easy', 2034);-1.5659309441259066;0.46554294026493115;0.26638312836164324;-9.400633913123857;-2635.770010581797;-144.34165694144662;-6.075539013350397
('easy', 2035);-1.4356060471275356;0.38266892221139703;0.19876304204520898;-11.493868776936027;-4415.8317297472295;-178.9777528557933;-5.781619602783639
('easy', 2036);-1.3709130266101195;0.5056615973354021;0.3468828348143165;-8.746447926403173;-2893.688844447977;-169.83142700922178;-4.6182361936806355
('easy', 2037);-1.5245015510639162;0.47647542924272746;0.2443391679284337;-8.494633872830834;-2306.8534113589712;-150.69746873559845;-6.144959507182425
('easy', 2038);-1.9079292543076047;0.580307779078765;0.3965878668334022;-9.48640073488128;-3123.8961753870553;-208.55814380122902;-5.944986370952101
('easy', 2039);-1.4719368873801681;0.4998483915482849;0.3916163277420336;-8.108784929217638;-1686.0445707871945;-137.2751081044581;-5.9464452957878855
('easy', 2040);-1.6386681196470312;0.4091039902512094;0.17054026150616747;-10.578748320210062;-3395.026139264221;-174.43486842000218;-5.82388967692222
('easy', 2041);-1.41349284824794;0.16751312172912045;0.04379902130895484;-9.594995943222733;-4500.92489560042;-146.61412901802197;-5.099007321684868
('easy', 2042);-0.8038252679293524;0.35746800518777583;0.17005005335404122;-10.355136494478492;-3260.9994316922516;-147.97330756361362;-2.9684473139694507
('easy', 2043);-1.2148563554176448;0.38156177848885686;0.3427608774377753;-8.847320775591612;-3281.572974571114;-193.5049500778364;-3.729820855965764
('easy', 2044);-1.259813434428746;0.4867033089190911;0.15310177331769081;-11.488037856625235;-3950.3512523754357;-159.5284378442949;-3.778789229640347
('easy', 2045);-1.3344147706534337;0.09891362432569732;0.06601330785625141;-8.746447926403173;-3153.5636899595493;-129.10376013400884;-5.021843019452804
('easy', 2046);-1.4086680228520785;0.500210748903936;0.14802844930896936;-14.332947240444641;-7025.498597266627;-149.0934692459355;-5.549556625720416
('easy', 2047);-1.941598186669008;0.5687776617276954;0.33490153934313177;-8.932976220170104;-3462.1624905947824;-188.01315844968383;-8.268948861114936
('easy', 2048);-1.2046502115998885;0.5469015729400761;0.35585765312078643;-11.598579731025058;-5872.786503176182;-150.99824246183354;-4.984655439212389
('easy', 2049);-1.627516269587741;0.15108791320741585;0.07156556989450745;-8.505767887644517;-3064.1520307066285;-183.7129198164218;-5.850168023810645
('easy', 2050);-1.4618465866045531;0.4566288138998719;0.34427860682750455;-8.867421954912698;-3825.0751595184643;-185.89516877846359;-5.1814761628118
('easy', 2052);-1.2679121039379313;0.32382238083647913;0.2827010980108361;-8.8742131524907;-2352.4274726617937;-189.3355029426368;-4.720573762157604
('easy', 2053);-1.7060881962971643;0.5396877146066368;0.25705829638844796;-8.18277100218184;-2582.4785684855315;-189.7207906753909;-5.7005217892145845
('easy', 2054);-1.6186498875307433;0.36395098734777837;0.14630577386389595;-8.769193410392145;-2880.09657945677;-217.69303624357917;-5.627821992650624
('easy', 2055);-1.5305975482406027;0.2649610664928821;0.20328334688885896;-10.955359724421621;-6687.286877548064;-230.07499217259928;-5.0543356714685075
('easy', 2056);-1.8544399024690008;0.4953230168950604;0.338216915382513;-8.873361726300482;-2341.681529260053;-221.93378742530822;-5.740292327709987
('easy', 2057);-1.6109736500820178;0.3564555424530354;0.3553614337063101;-9.82870297304651;-4041.2665517828855;-167.46388420114982;-5.003960284288421
('easy', 2058);-1.6256135749939262;0.5588717797304751;0.4675064208454911;-8.108784929217638;-1556.1551430282086;-138.47355934787734;-6.665187419955175
('easy', 2059);-0.9886148002212038;0.5059404959097061;0.39527932484873246;-9.686635111125375;-2775.950289974478;-194.23413179395834;-4.004371565288788
('easy', 2060);-1.479048438765189;0.4979012063308301;0.18195514709533886;-8.108784929217638;-1737.176023022985;-152.9002209744785;-5.683132124231177
('easy', 2061);-1.2784037374599961;0.23935725125647178;0.15651698435787142;-8.12879359992631;-1578.369307623359;-126.9587970909626;-4.988191308834007
('easy', 2062);-1.5249077059674736;0.4943557383499938;0.40234783575208005;-9.34660463891743;-2757.472928045114;-190.7236062665065;-5.176706377268983
('easy', 2063);-1.6794446006241708;0.4107455033961326;0.27926256030731433;-13.862943611198906;-24963.4652989749;-205.20079653367065;-5.69159087889618
('easy', 2064);-1.7736172813645994;0.5521096768598756;0.375329819530241;-12.524658469265376;-8428.181447047029;-160.89526626293713;-6.638496356078557
('easy', 2065);-2.000973003945717;0.4740970248673134;0.14412988960191592;-9.27225274647565;-5797.9944515486495;-238.73543734725;-8.270566318707187
('easy', 2066);-1.4060594374601176;0.527496142756833;0.3194613614383775;-10.674526993815414;-4801.421927582642;-136.24700891390034;-6.005788784330972
('easy', 2067);-1.4880035473734219;0.520969055233735;0.4420596692997772;-8.12879359992631;-1578.369307623359;-156.27990174091562;-6.2876480338820535
('easy', 2068);-1.1830840833045977;0.5316144433330131;0.27348821422768804;-8.693170095764353;-2274.114528656838;-155.54376379539926;-4.060455540154325
('easy', 2069);-1.2191925233952665;0.4206196660729472;0.15765368461490648;-11.926002132126353;-6135.204716180463;-150.14490310532707;-4.421960717900797
('easy', 2070);-1.461900601671468;0.1476597849148935;0.11246815973345249;-8.878481191406674;-2344.080388513878;-189.0260426234545;-5.030941793682564
('easy', 2071);-1.4213133262007704;0.42021812421649635;0.23456455835259207;-8.108784929217638;-2079.9962066361068;-210.63866737204307;-5.251806874860291
('easy', 2072);-2.2211211816479044;0.43791705079060655;0.14088224563570032;-12.874332217745126;-10218.647110283891;-221.46535011664199;-7.7726028364657935
('easy', 2073);-1.685476534831637;0.32931670470911034;0.2916992650417249;-14.556090791758852;-8798.130680334178;-220.22713979450535;-5.237494087396962
('easy', 2074);-1.4790856971951039;0.5634566388671962;0.47725373068408955;-8.161664266760823;-2040.432433584066;-159.63495835276441;-6.01136123221961
('easy', 2075);-1.584906791110386;0.5097081856799307;0.3483991453845624;-8.468180346382617;-2648.5715310882388;-192.69569564555826;-4.9818308483928995
('easy', 2076);-1.353108533508255;0.30622781228289075;0.16309578320757895;-8.710374821213984;-2342.27930592509;-169.77973027358132;-5.370856690354706
('easy', 2077);-1.585964980478932;0.4303407171495413;0.17465682535449656;-10.030234412490486;-3541.761058076795;-190.8128447461953;-5.255326471229295
('easy', 2078);-1.641603095863346;0.5908013326641729;0.3790416012574795;-13.639800059884696;-6119.393259417096;-158.67162179933516;-6.328219127667222
('easy', 2079);-1.7241588879656915;0.5042598031427755;0.155194808709744;-10.854788817646359;-6076.73387320922;-201.98348409812434;-6.169828414647242
('easy', 2080);-1.573787660926513;0.35320655984579746;0.22387894145194118;-10.845572162541433;-3474.0163034362;-222.893122721814;-4.46347226610972
('easy', 2081);-1.3348829192958387;0.28440553205075775;0.16091680018274046;-8.530224817933536;-2726.214293420946;-159.16028519485013;-5.3407784692400515
('easy', 2082);-1.259832464675592;0.5098631178447321;0.4007260137165522;-8.218380496202677;-2393.193589240363;-147.2212253743344;-4.788337378997822
('easy', 2083);-2.0905829158097555;0.49479780348979;0.25419861313894354;-9.121823085598983;-3627.637881865526;-166.25574329245083;-7.787656970590272
('easy', 2084);-1.0722918930407448;0.5696100545575485;0.44916811480831886;-8.200851563596915;-2046.9834896332602;-136.73048630717128;-4.035818147827023
('easy', 2085);-1.549826008227792;0.4919850021283209;0.3835922825841582;-8.12879359992631;-1996.1446888957914;-142.79639299849347;-5.959311250966949
('easy', 2086);-1.6241521451247523;0.5255247688366756;0.3519004224774972;-9.742890692266599;-3126.833769344899;-153.99409246806368;-5.754216376482569
('easy', 2087);-2.040208027276882;0.42483755490021025;0.16895316842563168;-12.764331322530797;-5779.756798952914;-172.65585413018363;-7.623574412418259
('easy', 2088);-1.657854893971572;0.3239615965243416;0.22927348881598697;-8.497551878986549;-2311.7258674475784;-142.4390600084066;-6.680464137381507
('easy', 2089);-1.4935663108897215;0.5289447582905841;0.27705232610647135;-8.719089473316428;-2789.6505825922823;-197.86883770118084;-6.466837199591724
('easy', 2090);-1.500470867470637;0.522737233313228;0.19054784746211584;-8.746447926403173;-2893.688844447977;-126.1622923252328;-5.911701517014574
('easy', 2091);-1.9694221181001772;0.383454850601227;0.07217025627307483;-8.108784929217638;-1921.6644886267468;-155.7047999317611;-7.75817687282108
('easy', 2092);-1.3043014518089624;0.10400106241123991;0.07266860486560646;-12.508397948393595;-8519.56103063684;-180.59900934385416;-4.7440348680040465
('easy', 2093);-1.3867643073400973;0.3446675971467723;0.16544302000856012;-10.797801886272747;-6521.424794778601;-198.4012415716778;-5.699404913059077
('easy', 2094);-1.5277512482316942;0.34156408471603183;0.22867466741188536;-8.108784929217638;-1829.9393402259257;-218.93246904231808;-6.393999082465151
('easy', 2095);-1.5503157657437692;0.4497062518342035;0.30975488556265585;-11.791345246980097;-9947.678179093218;-164.87412847124017;-6.653246459607781
('easy', 2096);-1.3827925589043277;0.38068238262248266;0.09449690067684355;-9.686635111125375;-2768.085515239485;-150.4526083451313;-5.422075878029143
('easy', 2097);-1.4547518589525066;0.5006171635174079;0.3817046667311842;-10.555599138343098;-3910.3925259795933;-150.25893342122995;-6.392008643856
('easy', 2098);-1.7823792322395264;0.5032253642693175;0.2557233932169363;-9.249061484608793;-3221.0067164014513;-193.7899738569715;-7.224288219593745
('easy', 2099);-0.9327187457529654;0.15229684980414104;0.05053982459198884;-10.334746538775443;-3248.3224530357193;-159.23879236100322;-2.998759094728202
('easy', 2100);-1.4233910559300755;0.23620410488867982;0.063012006369669;-13.234334951776532;-14052.055077243185;-237.65234890222212;-5.460371227733854
('easy', 2101);-1.114585598612916;0.3344742032375759;0.20112913320733591;-9.10505233819315;-2464.1314117150037;-176.45937841718424;-4.298826035353047
('easy', 2102);-1.4735185414203864;0.2996109900282753;0.15147801051197562;-9.646197067464128;-2753.1407544307644;-152.88997954913654;-5.916768627215684
('easy', 2103);-1.3864801317103324;0.5038672621729205;0.3753038434090716;-8.108784929217638;-1621.3943584572266;-160.00325455601222;-5.587126447955835
('easy', 2104);-1.192456818906386;0.30221451157065976;0.08532328887510364;-8.255304997095607;-2336.539032495114;-139.45485537453771;-5.1584975125162345
('easy', 2105);-1.3025802207596413;0.5195570507202969;0.3213077897333816;-8.637196937485704;-2250.0272483292615;-142.84930149459115;-5.264774893872425
('easy', 2106);-1.4182866797521305;0.49006391608798217;0.2033472937704502;-8.967906241853697;-2400.9413129924496;-137.05194778706888;-6.0697359449010415
('easy', 2107);-1.1334211194136503;0.5272893652599856;0.36317270013405767;-8.269162031757034;-2138.8410594382412;-177.92988358311828;-4.762574829133944
('easy', 2108);-1.361116350710264;0.24898314786524195;0.23217275167685852;-8.701018869556425;-2262.3423219277606;-180.90250927650575;-5.791174041135517
('easy', 2109);-1.9783612556786994;0.40005801525872486;0.14656596005103872;-11.881942142332322;-19049.53680224918;-190.5057882610971;-9.163091158085079
('easy', 2110);-1.479345354232041;0.5641450950616551;0.470261371094664;-9.583676710482793;-2798.188417236411;-156.14575801337315;-4.765762666054417
('easy', 2111);-1.7236699241200613;0.5625275906879346;0.3991156880618127;-10.331083531016706;-3274.231520609139;-160.02798775784353;-6.292775051870846
('easy', 2112);-1.6321104381941207;0.5018013779768888;0.33480610469683514;-9.319648828928901;-3415.291105325461;-165.61858567882004;-6.5668179357653536
('easy', 2113);-1.3713064535079276;0.5621941802932675;0.29316821252275305;-11.523544545082144;-11414.509277380026;-183.57778915766602;-5.306269215371657
('easy', 2114);-1.1673020997849046;0.43846502379605806;0.21489217700771057;-10.370231120700977;-4191.4788022724015;-186.9040905543073;-4.120358111935915
('easy', 2115);-1.4637874470982277;0.3298820822784901;0.10618190888140794;-8.12879359992631;-1579.5197237924597;-144.29177580322985;-5.5720288621163565
('easy', 2116);-1.1984473882944653;0.46635415309971107;0.410461303960707;-9.811158663395602;-4025.251234668778;-204.2802637450371;-4.592752787707941
('easy', 2117);-1.2611095634364085;0.426940129003003;0.4513787771299208;-8.995409160743323;-3164.0785230790525;-199.40384253255786;-4.286636960582339
('easy', 2118);-1.5214347516421045;0.49175626882213874;0.35782073624343413;-8.627832320554662;-2241.502831860405;-134.41434400703963;-6.149741535265533
('easy', 2119);-1.1958193270004154;0.3194311812280042;0.09500892187387461;-8.996371161779514;-2427.5733777828414;-201.38447185545363;-4.0102694219866315
('easy', 2120);-1.6854725391444085;0.5681746823307412;0.39276381438811664;-11.026060538253727;-3648.297748222261;-147.45582190123162;-6.316705393669072
('easy', 2121);-1.6172482371931676;0.4644450350368176;0.25472878049305536;-8.108784929217638;-1892.6036335442693;-148.23302893164768;-7.217007445531345
('easy', 2122);-2.5133347927737515;0.48080628791066976;0.39486455929018405;-11.448146527597933;-10380.112909446922;-244.58469677200907;-7.424553858542177
('easy', 2123);-0.7747376020251099;0.1048364687658028;0.07209982268300574;-8.295553761448259;-2467.324308497082;-164.36133453913328;-2.7410792936671124
('easy', 2124);-1.4016787549547247;0.4137073772679535;0.21700129989062794;-8.183624608721079;-2514.9483792888814;-165.04592453668974;-5.68212635775985
('easy', 2125);-1.9072400949334138;0.19511624055572033;0.09908454639289091;-14.556090791758852;-17266.229098105385;-188.11854439847633;-7.559310991105871
('easy', 2126);-1.2600187158305047;0.5582618714819608;0.2813496812297058;-8.108784929217638;-1616.7986884934141;-138.04634617325303;-4.716573305189632
('easy', 2127);-1.530310016270559;0.34366664582828776;0.05520503174218448;-10.49996744235695;-4583.442116258965;-170.7059258776573;-6.394889746619926
('easy', 2128);-1.2485063509521561;0.5308593516495608;0.37330898649593003;-11.645099746659952;-6959.371899451295;-192.20252732944624;-4.10930484783212
('easy', 2129);-1.4405982479419537;0.5187659153125289;0.3655180195765166;-8.468180346382617;-2159.405597673144;-174.97416288807312;-4.7696327556218
('easy', 2130);-1.8922400926432388;0.5170969523906424;0.2939601983772336;-8.12879359992631;-1650.821315003653;-163.75381036216012;-6.865544943397259
('easy', 2131);-1.5497100561480084;0.47039660593293925;0.1690251822623033;-13.80231898938247;-6322.717724615105;-149.94844520367673;-5.96017914278027
('easy', 2132);-1.2192794753630714;0.5500831767631031;0.4512078776402405;-11.184493879872987;-3742.8805491682997;-128.51108239223888;-5.087174467183507
('easy', 2133);-1.56164697674283;0.5795222217996461;0.42620737548993193;-9.269087185111088;-3133.150712473603;-182.3809468670107;-5.49860723699333
('easy', 2134);-1.5464736292962284;0.6019837444993971;0.37812032716736144;-8.966037082430994;-2478.3776803990004;-154.12845665324977;-5.543014061614771
('easy', 2135);-1.8331624943835558;0.5477126470354798;0.34659866001784445;-11.535665905614488;-5217.629182006964;-212.46551272132731;-6.780858512577913
('easy', 2136);-2.12154123378898;0.5544902626197682;0.34967438464581035;-9.882094414840907;-4100.713412252684;-170.64957606154357;-9.172668622297863
('easy', 2137);-1.370650677744719;0.5863575947831593;0.46564352698387057;-8.12879359992631;-1588.013829893435;-134.90320999083352;-5.399412357078811
('easy', 2138);-1.4159391577658558;0.4069485081681558;0.18925368242426646;-9.183710096910758;-2503.2025414919044;-148.93639693957206;-4.9603020385850645
('easy', 2139);-1.4182648195832084;0.4693989153380656;0.32665975321185686;-8.108784929217638;-1743.997268296964;-182.61566390570923;-5.600127034014919
('easy', 2140);-1.9147850873109893;0.3892569164651817;0.21806546498666204;-9.269087185111088;-2733.885059657441;-234.7935100553799;-6.642550816527498
('easy', 2141);-1.9187006938769537;0.5338556555255086;0.4723448006960426;-10.639080244819667;-9615.134225110745;-189.3474194646563;-7.18768361877274
('easy', 2142);-1.4856173859840238;0.5259577536488074;0.17482805967035037;-10.37786474555605;-3164.3672401707886;-133.80209618674837;-5.815657778964635
('easy', 2143);-1.8128714881442216;0.5760678771647828;0.3611859353541694;-9.152287917364838;-2494.1812586089013;-163.08588868146367;-7.307142547693673
('easy', 2144);-1.3214158273839407;0.5640623440092539;0.3807574166884707;-10.528509445696432;-3282.6749660378464;-141.6497825365935;-5.293438474223979
('easy', 2145);-1.0769815432488423;0.37760363256236534;0.30582521640446503;-8.998297944649215;-2926.1631995103767;-184.73592190029512;-3.969444985711224
('easy', 2146);-1.3277003308084963;0.23121021398675737;0.09421047781440443;-10.331083531016706;-3415.6067147861786;-168.0482824860657;-5.194145787213978
('easy', 2147);-1.280318413099787;0.5388121246596547;0.35472007734004674;-12.372852456397371;-4749.661870210364;-133.7342685775134;-4.735321555223181
('easy', 2148);-1.2807250361457732;0.31358112986069014;0.14309166590060002;-8.108784929217638;-1558.7057733148733;-177.55764501768198;-4.747049190284315
('easy', 2149);-1.1017715182908427;0.48058924449432683;0.39807371293138666;-10.113439535268535;-4602.252991627487;-166.84543470781924;-4.112143238989107
('easy', 2150);-2.132132746555287;0.5200139701986592;0.34100846463163387;-9.644355446317478;-3932.8922448143194;-192.4527536864339;-7.9199464801067645
('easy', 2151);-1.3490230078072452;0.5069200180911626;0.22188493747506205;-9.16987702330463;-2813.5861168242045;-151.16164482851264;-4.828811962750087
('easy', 2152);-1.6314402869676068;0.21145911899313552;0.17263327261117817;-9.34183461283725;-4133.558464954817;-168.42492436221752;-5.676526002926267
('easy', 2153);-1.6392772642270432;0.528806542921104;0.22870769424239906;-8.967906241853697;-2413.980071118849;-131.97402026061428;-6.964281307347879
('easy', 2154);-1.1101464950110558;0.11955610823536655;0.09652452224876415;-8.113550625290653;-1702.674100445445;-233.16412031002906;-3.368260570576188
('easy', 2155);-0.9876715025503284;0.30277347828464074;0.17314669057319104;-8.108784929217638;-1998.9549643296366;-154.96682973591885;-3.525044021948455
('easy', 2156);-1.547141761413406;0.34458598209273444;0.12749503778915017;-13.268236503452213;-5639.775326428483;-159.5674516580248;-5.011786513175993
('easy', 2157);-1.2690461309361176;0.5542651107162911;0.29481272355522614;-11.499733896388426;-3959.602761824336;-140.8577983617696;-4.701529560070766
('easy', 2158);-1.2188392107599586;0.5035484969523804;0.3406281454027923;-11.693889910829384;-4485.8760328872395;-176.61303733269534;-5.054622114067551
('easy', 2159);-1.3301049661443805;0.24652762507115195;0.12041112492696701;-12.997946173712302;-8336.731032056321;-216.6124867061703;-5.035491282127489
('easy', 2160);-1.2825666136860516;0.260311923490825;0.14575060038353446;-10.387489458930258;-3402.4355361817557;-191.39056549026134;-4.084844125376357
('easy', 2161);-1.6214684788707998;0.3697577606626;0.16194448720832513;-10.777599178955228;-5792.172480984703;-190.08316197287422;-5.629545694538019
('easy', 2162);-1.7593913831457761;0.46865129874329003;0.27424601437578794;-11.122103587273704;-3696.46684532306;-146.5033534894081;-7.872908120524005
('easy', 2163);-1.3212360159784224;0.44221938890126866;0.2502293421838162;-9.267192647127306;-3027.09250830345;-149.64015085455543;-4.997980246662295
('easy', 2164);-1.3354149812882805;0.2705344668238489;0.2333519641541109;-10.979540522618835;-11355.625016573902;-215.1049935227787;-4.59775127151636
('easy', 2165);-1.2874939104970038;0.4942776160877058;0.36641861688125477;-8.108784929217638;-1558.7057733148733;-145.5950887520225;-4.486084608169101
('easy', 2166);-1.4566198807773012;0.5089699948585713;0.3104639040922589;-8.108784929217638;-1989.9449402468958;-153.97846892979024;-5.331747310723831
('easy', 2167);-1.6598690558604308;0.2649597590751102;0.33466472689806925;-15.026094421004586;-10339.556835978676;-266.66970275460886;-6.212136094616004
('easy', 2168);-2.0258738252828725;0.5270749130523316;0.31775844005325615;-9.28501616160469;-3310.2711461655595;-155.69685090261993;-7.757365468228332
('easy', 2169);-1.2267074901085384;0.35043130224836544;0.15007057236371524;-8.108784929217638;-1975.8859656561153;-171.1141929621267;-4.949062006888783
('easy', 2170);-1.3333308234996526;0.4606910817400436;0.25502170861822654;-8.12879359992631;-2021.0303188886019;-145.0944857750883;-5.300243219932751
('easy', 2171);-1.6004198912879861;0.43404656593622104;0.10880120703745899;-9.838708615163831;-2853.034825199489;-139.19901481605962;-6.912419009301372
('easy', 2172);-1.4708002937994125;0.3505764431578045;0.22073517759048517;-11.554127968454225;-9831.238422199114;-204.49897617959417;-5.657839870308928
('easy', 2173);-1.5547948700770733;0.5257019357158117;0.12338428216429886;-10.530739101023702;-3677.784681150056;-153.29446929298197;-5.708650212407364
('easy', 2174);-1.5838781458190176;0.47297095200870326;0.3792356410687843;-12.430839714047721;-4795.835929360169;-142.97835936380721;-6.904269521000728
('easy', 2175);-1.6102003751243774;0.24429314659168583;0.13413680219472796;-10.671952989820241;-3355.4554917161518;-182.6738740116978;-6.32930633601101
('easy', 2176);-0.951909910284974;0.5767029148312478;0.5076934653393516;-8.271024229688098;-2149.571547210295;-182.73756725372334;-3.301454683962842
('easy', 2177);-1.680056092699341;0.3209985429899168;0.164951485621779;-9.493495758731886;-3844.8616287149216;-159.86505196437557;-6.7070243022594624
('easy', 2178);-1.8059647227165518;0.34655067471087647;0.38866078056866366;-15.536920044770577;-19385.833040214442;-276.78583631749734;-5.579876732513708
('easy', 2179);-1.0337867326312162;0.0771701558494664;0.05424505912665792;-9.183129882215049;-2491.345447058197;-187.4772580145062;-3.77962932768927
('easy', 2180);-1.5536108300470086;0.4080357603930038;0.20099781068059014;-11.935051967646272;-6933.883706361287;-166.54453713771633;-7.2621291788477835
('easy', 2181);-0.7488751564011337;0.1551813249525249;0.05314254532523753;-8.74869933448363;-2293.971724361054;-154.17124611029413;-2.4506283330119443
('easy', 2182);-1.9617569817698752;0.14668753238021132;0.07954275547126428;-10.876630559561407;-7548.880145471495;-192.38977462952738;-7.121803298430965
('easy', 2183);-1.426190757945805;0.5253346153894334;0.3327903597861521;-12.092237551168683;-4457.751266394121;-202.0414965951779;-4.107758894183352
('easy', 2184);-1.8291968936048666;0.4175137893425236;0.15897555262478685;-8.33500372723895;-2528.9565523188116;-186.92400968976378;-6.2500429160441655
('easy', 2185);-1.0476913552556546;0.48107195309279105;0.2978918299068448;-8.551586631143065;-2195.729317669329;-167.2391823307676;-4.077040184143012
('easy', 2186);-1.264879626672552;0.3674387834495173;0.1818638757556547;-9.092788788070138;-2446.7354971199375;-191.94558413964845;-4.701813376964117
('easy', 2187);-0.9994597552612681;0.4757949882585156;0.3086153469648787;-9.98266930408534;-3369.4263016382215;-160.53013324977243;-3.6881428347892142
('easy', 2188);-1.3118739857113164;0.13681602088182915;0.09037785790551552;-8.108784929217638;-2142.1985461238073;-172.01787103287862;-4.8459611517697425
('easy', 2189);-1.867894732673207;0.5107962876382411;0.30510214552749365;-13.544489880080372;-10296.349012372357;-170.03007233127204;-7.3916707513403335
('easy', 2190);-1.8155073501080492;0.4846691190962933;0.17108448135410134;-8.473871881382406;-3151.839290533359;-157.16624414273423;-7.500366214751897
('easy', 2191);-2.235557759520578;0.12195158180056512;0.04328075336335689;-9.902130441601328;-4998.698407322312;-182.11313649861353;-7.086600651531946
('easy', 2192);-2.0599996912141174;0.545346858667951;0.3964580881404856;-13.500038117509538;-12600.542616592737;-212.54555031592685;-7.028400655811166
('easy', 2193);-1.4829708200721543;0.5041646612316777;0.4101985162635609;-9.761333837985394;-2832.9408689883885;-146.23835110381012;-5.823537206831016
('easy', 2194);-1.3183867756786287;0.4544554618913739;0.2104703123993423;-8.80114003052825;-2499.170628103578;-158.67184572244062;-5.221745465027671
('easy', 2195);-1.4141276483319607;0.4815264607848646;0.2809834143628226;-8.108784929217638;-2364.7452219566517;-188.43152802359472;-5.915972667565384
('easy', 2196);-1.6060901145560773;0.4661520128557714;0.25186980683650034;-8.718360344592911;-2855.9579193524323;-151.77978986633062;-6.513158832427369
('easy', 2197);-1.4527619961901375;0.4468151467000029;0.3806779026612771;-8.15500312639404;-2392.468690903848;-160.90790267560428;-5.165063383560628
('easy', 2198);-1.2696316973716646;0.5213140529519401;0.35652143780901363;-8.617236194923168;-2253.52536699269;-131.8841881798101;-5.199447407996692
('easy', 2199);-1.1629440503055921;0.3693328281786749;0.09630065057852238;-8.42323519520892;-2205.7746315200666;-162.48442236479252;-4.107883862307794
('easy', 2200);-1.4422641178853894;0.4800197576591772;0.2674219328273128;-8.108784929217638;-1562.3417065031686;-135.9524538780611;-5.982557052637656
('easy', 2201);-1.7080611959822765;0.4338385054575697;0.40428969915975094;-8.468180346382617;-2515.898325623068;-189.5091963297525;-6.2958778517491
('easy', 2202);-1.1388775105889384;0.5756600742441914;0.44005913680178205;-9.237358240468222;-2530.6801148077197;-137.35057071504323;-4.600281293514178
('easy', 2203);-1.4195142934690725;0.311213085102487;0.23691129750007872;-8.12879359992631;-1588.013829893435;-140.77642051218237;-5.810724468142864
('easy', 2204);-1.583755355955942;0.540967016720778;0.32017179907382953;-11.592107216519441;-4052.1611358644973;-165.07227669515567;-6.52617703914321
('easy', 2205);-1.7079099099684785;0.3931609968850288;0.20445527387772647;-8.592511448140405;-2213.7750327829067;-151.0438220810136;-6.9341553939713405
('easy', 2206);-1.9314357574819097;0.5876937953517691;0.5212151143867813;-8.954894905877751;-3206.267455925569;-184.9323290788249;-6.129186602015654
('easy', 2207);-1.420763601122565;0.48488335755983547;0.40785617877579317;-9.745941025084221;-3844.8800133897043;-138.8045285029272;-6.065737985136728
('easy', 2208);-1.3203952285056324;0.4924580125292722;0.2745736716025222;-11.745183205216934;-4216.040722011933;-143.78013728637322;-5.220771856352579
('easy', 2209);-1.2318326709763798;0.458669716561212;0.23859037163099892;-8.108784929217638;-1567.735810083434;-141.16592229210755;-4.638598155019988
('easy', 2210);-1.5280179009307076;0.43843255660497876;0.20808214822604096;-10.04248779929625;-2978.6027036817823;-160.57807063646555;-6.613769556606632
('easy', 2211);-1.3948947839335244;0.4003860327006187;0.27790168073336485;-8.12879359992631;-1647.8105641873467;-155.55499987371306;-5.977416817361279
('easy', 2212);-1.5376251359443007;0.1720975869345997;0.0698513522088526;-12.628199148206216;-4988.922295140854;-182.55427625743062;-5.507521653789417
('easy', 2213);-1.6515654272617266;0.43458478854538674;0.199057721731967;-9.363828626551319;-3977.049113237494;-176.4356922950472;-6.533713403930497
('easy', 2214);-0.9160111546014491;0.5022297842020963;0.22923142592340762;-8.42323519520892;-2205.7746315200666;-143.3161840718672;-3.477201096565381
('easy', 2215);-2.075105993492686;0.5160052225478826;0.42223848165336236;-8.881908786878942;-3136.638408546884;-186.53055077151097;-7.431330001913215
('easy', 2216);-1.3285209017462036;0.5125529154423851;0.3350895702101264;-8.108784929217638;-1858.433719105591;-164.75713422090664;-4.950971536823203
('easy', 2217);-1.547692824066206;0.3929273285693966;0.1632504097434156;-8.136910527607885;-2219.161927868243;-167.54112538826644;-5.833346174260288
('easy', 2218);-1.308851969663223;0.2934837151213555;0.1058679840716487;-8.74869933448363;-2284.019421823947;-147.9865025582959;-4.598058030122942
('easy', 2219);-1.2732265364975346;0.37718689778699305;0.17842761029472848;-8.108784929217638;-1565.942415899244;-138.77857789858396;-4.840554567864787
('easy', 2220);-1.328439047779552;0.495373979160043;0.24428191617058068;-11.618252496623763;-4082.0823521162188;-138.88725660776402;-4.935259466812852
('easy', 2221);-1.577614388849014;0.437228061016582;0.3889916082245328;-11.04454535292783;-4051.003353147657;-216.4741595271912;-5.286655643863243
('easy', 2222);-2.1004077489795763;0.5126538882348303;0.2678783347734097;-12.646548286874413;-8533.201984373149;-188.3276334611684;-7.5763254787923575
('easy', 2223);-1.5238964197304812;0.3449635292521399;0.19359645974503698;-9.411507525152857;-2700.151624532998;-229.04393779791957;-5.387850985644512
('easy', 2224);-1.432390661440093;0.5606972160975424;0.33011579720300704;-10.49996744235695;-3945.9070058933735;-174.36932020963994;-4.8801484440711675
('easy', 2225);-1.8785671755014604;0.4291825679357918;0.27424601445561414;-10.329257046490673;-10102.022226469788;-196.9216451334164;-6.893675272385457
('easy', 2226);-1.9410684314941373;0.4600063563971635;0.3980996890863558;-14.332947240444641;-14798.759499513217;-214.25232187654495;-8.520910648577646
('easy', 2227);-1.7740494877306652;0.3914455433901879;0.08166846125520907;-10.631645266332148;-9131.665791265164;-229.7257001631642;-8.228265431859915
('easy', 2228);-1.324740749251543;0.42357614573132535;0.1986168857222434;-8.108784929217638;-1875.3957833006605;-168.59880720133242;-4.446089040700912
('easy', 2229);-1.7620821249168301;0.5593792249842833;0.3829078208568657;-9.207199139247882;-2703.7602740466155;-157.89069745607097;-6.4079385306845476
('easy', 2230);-1.4563587710111148;0.5722697662689579;0.3323183225407463;-11.086456248543467;-4778.771466052784;-157.5922109630332;-5.874958520028652
('easy', 2231);-1.5963324117577626;0.32723106429213955;0.22116920042325405;-14.843772864210633;-7781.205790870583;-134.43681976593786;-6.642419865892691
('easy', 2232);-1.370705048319601;0.4197787681710008;0.17596475983487186;-8.108784929217638;-1979.081215896732;-247.51800224555393;-5.7149441396298055
('easy', 2233);-1.2299116618370713;0.4477724170493603;0.14360218342061154;-8.108784929217638;-1933.4563257318407;-180.38756156375987;-5.232722815726979
('easy', 2234);-1.0696055172755554;0.5349296421410039;0.32576270393740664;-12.192881076948371;-4548.389178949339;-164.07903074662576;-4.016859026611838
('easy', 2235);-1.5665601047949782;0.30040189468166906;0.12182131942389882;-8.108784929217638;-1803.0731550317348;-157.50883664838733;-5.988692714984546
('easy', 2236);-1.4848764646489405;0.5707408343439793;0.36855698070959253;-12.492397607047154;-5028.966773725226;-162.47007000902877;-5.73730736500994
('easy', 2237);-1.286043452081231;0.2377484040339473;0.08561401628431844;-9.271618832032868;-3579.1261014163997;-199.54999419849412;-4.43345442981667
('easy', 2238);-1.2420576326821653;0.3084793817337347;0.08073609221787847;-8.160829193643401;-2030.6638656691498;-175.60190991361668;-4.935139792414753
('easy', 2239);-1.8428428582952974;0.5700146208709302;0.4519656737329901;-9.387028261068076;-2686.9643873228524;-145.73847900180567;-7.569640238563913
('easy', 2240);-1.3662572487135265;0.37975260438640435;0.19780968857971143;-14.556090791758852;-8899.03198687268;-158.56180372755705;-4.882307894526672
('easy', 2241);-1.4101900243423773;0.5098150639371904;0.35756182784697965;-13.500038117509538;-5983.802313680277;-143.16441597387563;-5.855971592287267
('easy', 2242);-1.3970848404897194;0.2714722739062194;0.11681910937858211;-8.108784929217638;-1565.6490583634973;-204.6470601134409;-4.5030628336447895
('easy', 2243);-1.8191348791171447;0.56762411892733;0.407382741171733;-8.881050785968304;-2361.192756136246;-146.0255585836565;-7.820105208354678
('easy', 2244);-1.4975296788378263;0.5698434091652348;0.4023202518259668;-8.12879359992631;-2009.4468231072533;-147.40951076287703;-5.443173162136366
('easy', 2245);-1.6621079904231821;0.5561148087859178;0.3595731498823981;-12.785384731728628;-6178.344110691707;-152.11893109031183;-7.400628157582245
('easy', 2246);-1.1419459490431934;0.5928328356714848;0.3193206932008259;-8.108784929217638;-1558.7057733148733;-149.84152311167486;-4.224005616529123
('easy', 2247);-1.2193173421854226;0.3679673161165132;0.11012428085053538;-8.71763174711077;-2916.9179634566876;-174.36222314399924;-4.32853334794112
('easy', 2248);-1.723146072499993;0.4898659732776924;0.2819899507578753;-12.557994889532967;-6604.992610285689;-156.36628198918305;-6.892596922165702
('easy', 2249);-1.247163804553844;0.5667689142412999;0.5271636179589139;-8.12879359992631;-1953.7696412877328;-164.69817708759015;-4.409526707555307
('easy', 2250);-1.3203439869115732;0.49159717059264174;0.3420052059930738;-8.108784929217638;-1972.1199754624015;-202.32840288877475;-5.398224072809059
('challenge', 0);-1.3025146430432022;0.1542475350653223;0.08701880463583155;-12.278823506749095;-6692.702502797736;-151.64495013201034;-5.1068912933967185
('challenge', 1);-1.2987529802731008;0.34030054769272594;0.2088343420082558;-8.108784929217638;-2183.2532334894304;-160.19888177279054;-3.8869222229662186
('challenge', 2);-1.6238520478951208;0.46585673366628444;0.14190425370927706;-11.488037856625235;-5547.012076304348;-182.08928539860207;-5.960706847002193
('challenge', 3);-1.574158796797038;0.4473684381450136;0.1601268974526249;-8.472730979946613;-2717.283974720944;-220.96054829189418;-6.6097887539818885
('challenge', 4);-1.2871221514526463;0.28250634315188794;0.06310562288814242;-10.277690066930587;-5887.878295678961;-168.72939897050765;-4.9875592251485426
('challenge', 5);-1.521995280716199;0.5442904234219643;0.367391133546344;-9.28053041233343;-2758.9623926885242;-200.27365667479322;-5.538593874855064
('challenge', 6);-0.8034167295968471;0.0819149384653613;0.09043307488807856;-9.388451748852932;-3247.744659143608;-178.9757425994503;-2.8480705630295007
('challenge', 7);-0.6839052035916873;0.11256312352891287;0.06280915912972829;-9.09067126478023;-2436.350440804369;-171.64944957723952;-2.8851142586575826
('challenge', 8);-1.2973914764094616;0.1662763088464648;0.055548687755280254;-8.108784929217638;-1558.7057733148733;-150.97623464022175;-4.983488539566199
('challenge', 9);-1.4290204139577598;0.1667794474303339;0.12855055689585204;-8.859836583523442;-3996.2553173914143;-291.47445853433663;-5.049567254377372
('challenge', 10);-0.54765928856941;0.14470673265905654;0.1778524944954314;-11.493868776936027;-6717.830722544795;-186.1837631826765;-2.2791942035088546
('challenge', 11);-1.2787279273444467;0.45301147758904037;0.21067691376362152;-8.12879359992631;-1700.2037747937957;-135.9387583754296;-5.2476992176311965
('challenge', 12);-1.8047481401152028;0.3964250521522751;0.21425427412313772;-8.658250346683538;-3850.962340824408;-188.81787591502237;-6.607324187692301
('challenge', 13);-1.6290309402042142;0.5493010191435761;0.41056032385826036;-10.435023159395998;-6604.258553752111;-222.29051527535088;-6.278378185998598
('challenge', 14);-1.991737650302709;0.4417224636541818;0.3017262306477315;-11.760335010237537;-6450.678261163935;-172.58537650974458;-6.151452137017603
('challenge', 15);-1.3731449396005921;0.09920145230323271;0.053628314807317425;-10.484929564992408;-4692.748441261933;-203.51338650196968;-5.230884467716677
('challenge', 16);-1.4622807170447925;0.5427900903478001;0.2322281576303415;-10.39720770839918;-3292.6029215176136;-166.52581698100505;-5.287038027184227
('challenge', 17);-1.243149824499215;0.21324110632852353;0.14915724753835885;-8.309015503199157;-2581.2251570689086;-212.62426998602476;-4.668116072124623
('challenge', 18);-1.6060356989316198;0.4981688119965279;0.29872084003416277;-9.640682347605617;-3669.361286724546;-200.76010790684288;-4.983242897049967
('challenge', 19);-1.5625064716470223;0.4093560502024022;0.15199386479741284;-8.108784929217638;-1894.8351237988504;-135.3132846695811;-6.382798511245231
('challenge', 20);-0.9943098270157033;0.3611150769605666;0.11846016662731426;-13.862943611198906;-9923.530404664461;-161.3782891723822;-3.7136625918426156
('challenge', 21);-1.7828819543231609;0.5832090513509586;0.40387772663679145;-11.708278648281484;-7202.9789476828255;-159.33286249432086;-6.114119142808538
('challenge', 22);-1.6208389105927075;0.4950426388021927;0.2849973039220841;-12.851342699520426;-9573.05353102003;-258.23923149091206;-6.4098521027747815
('challenge', 23);-1.1912946409991005;0.5116987213926686;0.3250716902483396;-8.108784929217638;-1559.5391577370285;-121.13104172567301;-4.725446592479137
('challenge', 24);-1.7176919057189983;0.4741085895300633;0.258263745407599;-10.502134290442038;-6552.036666826063;-259.71441530704664;-5.584321925865247
('challenge', 25);-1.72161695698858;0.22600158366845052;0.10885467282902336;-12.557994889532967;-15537.994341487862;-236.43068368145606;-6.530176666208245
('challenge', 26);-1.4991520066408959;0.09450445615687053;0.051260801550254635;-9.781177831183665;-3886.809635863885;-176.87551187298698;-5.969250242819795
('challenge', 27);-1.63981558557933;0.3867013251782412;0.3282255545385321;-13.691093354272247;-17880.12772942168;-190.17333555100436;-5.381407042981315
('challenge', 28);-1.7225309280340972;0.4577808182479053;0.29512900330655;-8.64936747310596;-2630.50120927707;-248.03688345299662;-6.279624889972044
('challenge', 29);-1.9511735258434262;0.5164688779644889;0.3752824569667022;-11.890600205075437;-4835.174045579002;-185.85039154771266;-7.221999293113568
('challenge', 30);-1.663513228460006;0.5505780974586206;0.3805893529169357;-10.713953913794873;-6071.3744805742945;-137.21570306159097;-6.551323990844822
('challenge', 31);-1.483795508538878;0.27298501802847;0.08261368941503243;-10.250337934440962;-3832.361609473529;-169.95901843132094;-6.21842293527145
('challenge', 32);-1.8808742276861188;0.2188417866363377;0.08634309646631533;-8.12879359992631;-1579.231647952795;-149.75275176711406;-6.2105724293137925
('challenge', 33);-0.9512050263246937;0.2804857606458152;0.3998098993560179;-8.972594482977152;-4658.175749605813;-231.03338457368147;-3.2118120377827966
('challenge', 34);-1.4765692188282906;0.3061820596763025;0.26113535245688096;-8.999262730059314;-2401.3941734513755;-160.26804491085335;-5.709000510614107
('challenge', 35);-1.4456401558509078;0.2260227231525434;0.08831069958754553;-8.12879359992631;-1598.091621113861;-138.35163372727797;-5.63724472152674
('challenge', 36);-1.4277195162233305;0.26574386249668713;0.30364654095481375;-9.155668202273661;-3540.577655138013;-226.63187405226688;-4.878502363730976
('challenge', 37);-1.5444062091438038;0.11927476452778811;0.05693582207697089;-8.108784929217638;-1565.6490583634973;-135.37785480508074;-6.555130224157412
('challenge', 38);-1.5799817489306687;0.5083674072338858;0.4550329354908318;-10.928422068689812;-4186.656566884376;-157.61437466827428;-6.250898958969533
('challenge', 39);-1.2462291554463862;0.13310486787339298;0.12987488597403957;-8.108784929217638;-1926.3467781877807;-214.1127708779793;-4.052888654973466
('challenge', 40);-1.7408979465768555;0.07637445381289329;0.04978955774335393;-10.836439678978161;-5356.825218612342;-165.4624670349048;-6.5551782328675845
('challenge', 41);-1.2774413270241023;0.23007424594526787;0.12949800814915036;-9.441095482338353;-2623.2552929321882;-150.8533412282088;-4.661418534923086
('challenge', 42);-1.434982407024306;0.2906691866206039;0.05824806173506116;-8.527210043265447;-2783.788510657801;-158.30486969752144;-5.4860192419479885
('challenge', 43);-1.4559200817642743;0.5251614139170574;0.1908421949311119;-10.090182673104268;-3003.0145030195285;-126.10285121956342;-5.372919071664067
('challenge', 44);-1.3988823200728076;0.2846785924751214;0.13592465384443142;-9.590627216309317;-4357.478929339307;-183.11584654233457;-5.62661482138509
('challenge', 45);-1.2252044101683124;0.42598609575482527;0.1752770334137839;-8.108784929217638;-1558.9832712447494;-121.14371047152811;-4.822511937587533
('challenge', 46);-1.4358170537566064;0.10648273305447027;0.07967018766585288;-8.108784929217638;-1950.29072359606;-122.2671343923433;-5.4638553265036975
('challenge', 47);-1.6843682975576424;0.4881576902367573;0.3329317377604534;-8.12879359992631;-1578.369307623359;-132.83035019459814;-6.493813813585791
('challenge', 48);-1.291581345314652;0.10521073174562628;0.06231506327632546;-8.108784929217638;-1565.942415899244;-139.18548777857382;-4.862989003745369
('challenge', 49);-0.9219026974371309;0.3196731395894683;0.25614965578629634;-11.890600205075437;-5742.416173266213;-173.5389554110144;-3.582359748741509
('challenge', 50);-1.6682176628976142;0.38960817163884515;0.1402230261569989;-8.108784929217638;-1929.440284134046;-175.6165033546889;-6.113377580990182
('challenge', 51);-1.1739542967560919;0.45323392212165786;0.1615665572268346;-9.125101777060681;-2479.3020639046495;-138.28547868317406;-5.088016070321293
('challenge', 52);-1.4160564729768987;0.21408324444892662;0.07804670223138664;-9.27225274647565;-3817.935704600391;-177.6881950242868;-4.8184962731836425
('challenge', 53);-1.014969242581237;0.1998524545382287;0.11296103970623275;-10.327433891929157;-3210.0824655145134;-174.64454802646526;-3.8321254620977148
('challenge', 54);-1.1341842951195777;0.35546434204465016;0.11004627026168824;-10.470114479207268;-3222.7009881036224;-154.21422709181812;-4.603760804026043
('challenge', 55);-1.6159458894090029;0.3673669738082016;0.16238993541946176;-11.278946058766675;-4569.983907595859;-198.2443386762085;-6.063100244064964
('challenge', 56);-1.685540599162485;0.429750201204643;0.2832322576838818;-9.528106859327982;-2688.8788191629583;-159.71029671972818;-6.405112332749422
('challenge', 57);-1.5847337648835802;0.41601940214635275;0.2221744119641986;-8.367313453371182;-2197.7793688606857;-179.57331405959846;-7.041941042799174
('challenge', 58);-2.1676058705571313;0.22191749437536304;0.1074782026153745;-12.785384731728628;-5918.426155457552;-213.44311727318686;-7.350699571816832
('challenge', 59);-1.5328450200421253;0.4562532526499843;0.2581515144269433;-8.553439055260306;-2284.8485014319835;-162.0854080340148;-5.410760559675919
('challenge', 60);-1.3902293011279652;0.36588837926848655;0.0758529568604629;-8.30515076408927;-2099.8356129230137;-152.40653611321278;-5.6513387038762755
('challenge', 61);-0.8708152675149006;0.4612022062556343;0.25304398013227275;-12.092237551168683;-4457.751266394121;-176.57127952713427;-3.323987667511042
('challenge', 62);-1.1840106188907016;0.14308548686629757;0.10223378617848125;-9.717826723603382;-2784.6165240088394;-222.58690666035653;-3.7037089817710145
('challenge', 63);-1.5793544924747283;0.5650325166045669;0.47105080634270413;-9.144444739903811;-2488.9120500196286;-132.48669514671641;-6.462458323241016
('challenge', 64);-1.6210391532479116;0.16104272264250086;0.08590724479793434;-13.052013394982577;-5401.083638763111;-198.399291814513;-5.084637319701316
('challenge', 65);-1.2443596393028513;0.1921584966223604;0.1956202009884011;-8.108784929217638;-1975.2208832020478;-181.25371918325527;-4.166992861093023
('challenge', 66);-1.0036474823230397;0.21690659730944542;0.08075707659407147;-8.124759709825373;-2007.7074370170978;-160.56479696489674;-3.4718526228629516
('challenge', 67);-1.4701151332971507;0.49292645301355137;0.18929054030747422;-11.547935998206304;-5122.057346124994;-192.94406381098568;-5.687295394906176
('challenge', 68);-1.3822652890280964;0.31036943528160776;0.19611074160836145;-9.788589193853309;-4769.837497558906;-220.0814544221479;-5.365615542318624
('challenge', 69);-1.3451575086853929;0.4128610373933914;0.07703020041924877;-10.311173371057377;-3136.3621693599407;-141.43162372767594;-4.899432429663132
('challenge', 70);-1.0310937345431088;0.2704866130792351;0.11145919642522305;-12.18118503718518;-4537.76198526414;-158.31206619665596;-3.2306455302313135
('challenge', 71);-1.539596702248452;0.08886622293270852;0.06400946661974377;-10.951952566100006;-7091.170549046419;-232.4389453374078;-5.817677348298639
('challenge', 72);-1.468768443631246;0.3124675656583471;0.20821406330688333;-8.12879359992631;-2241.321375231143;-197.40154603508108;-5.920330686976137
('challenge', 73);-1.6324098531124813;0.5672620696955522;0.3017881904090956;-13.80231898938247;-6847.725290034542;-213.21601860815494;-5.660224557624036
('challenge', 74);-1.3716734606009515;0.5514119159585141;0.27745403171140787;-10.163186038937788;-3044.8940842964134;-144.4110954303955;-5.160508779677341
('challenge', 75);-1.6132884302285149;0.46638860263479365;0.34044082411276144;-8.108784929217638;-1568.8860732145267;-141.17320906641288;-6.407968054866801
('challenge', 76);-1.1733173483470507;0.08302843143788674;0.08725713687806669;-15.249237972318797;-12230.380594381531;-178.1522351526216;-3.8959623670643
('challenge', 77);-1.2745503115595422;0.47686406953288146;0.39443439411388825;-14.843772864210633;-11766.400007741575;-163.11174974697522;-4.528061754361766
('challenge', 78);-1.3571126984134974;0.18520073037909612;0.09466199473790035;-10.49996744235695;-5142.834360967229;-148.1348531561493;-6.22656830774285
('challenge', 79);-1.809359953083119;0.5023533183824208;0.24332662248164122;-8.654824512569018;-4758.909042560857;-223.48525490962675;-6.5405898476984135
('challenge', 80);-1.6656725202300513;0.5384619680488374;0.41730289178138086;-8.108784929217638;-1916.484927296834;-165.0993562221669;-5.583327700001893
('challenge', 81);-0.7888343869317567;0.2369162267259899;0.06499665103687635;-8.39277598772421;-2202.5568575937145;-160.5285403253218;-2.8553834602694783
('challenge', 82);-1.379199257380505;0.06497220788893145;0.0374535095020585;-8.108784929217638;-1627.031453901279;-137.21631827265358;-5.807693868827394
('challenge', 83);-1.6546107475326752;0.44561808279686427;0.33187033881999883;-8.51227101431694;-2332.6890331663367;-200.12815069793623;-5.786398595574995
('challenge', 84);-1.751083614954414;0.5691723250944623;0.39153238725636;-8.12879359992631;-1588.013829893435;-154.41624361660274;-6.890909265645863
('challenge', 85);-1.1080345243930352;0.3232980443771027;0.250125437429839;-9.780123534828759;-2807.2956989818067;-171.15071507704792;-4.066874278045091
('challenge', 86);-1.5116691068224584;0.5686397287133139;0.2162349352450329;-8.71763174711077;-2884.86220850882;-171.70024998269673;-5.766373464117835
('challenge', 87);-1.382804416017301;0.4055051883000969;0.18208013060880718;-8.12879359992631;-2069.1508487249694;-146.43517001731962;-5.716037574088867
('challenge', 88);-1.5841386489330151;0.31908394476679364;0.18311079726764723;-8.734525281446267;-2991.062250968184;-227.94113687276132;-5.550250902430614
('challenge', 89);-1.690772273049613;0.5375182299000896;0.3401085769431888;-11.856408840327157;-7658.479655609991;-187.73851605250047;-6.927151010644144
('challenge', 90);-1.7303606163066592;0.47808796393594405;0.18325288486057315;-9.260903318219743;-2862.3049928454725;-180.49801923173217;-6.428905602509977
('challenge', 91);-1.4218071373265406;0.41207394461739005;0.23090200749597892;-12.557994889532967;-5043.149021777921;-245.3021430293056;-4.344345471762741
('challenge', 92);-1.1005180539250323;0.18065241109033225;0.07255016733628226;-8.108784929217638;-1743.9501823011774;-205.72454695410022;-4.0149734017735215
('challenge', 93);-1.4729984867258885;0.23295551086165409;0.10814208163004743;-9.780123534828759;-5395.485780360844;-221.14312914195835;-6.126653011964331
('challenge', 94);-1.1494539930341592;0.4610652955550697;0.40973639171781484;-10.497805279352454;-3344.8717091154635;-171.2234643638667;-4.32083388846905
('challenge', 95);-1.0981829081410568;0.5213698724149822;0.3505269097255924;-13.927482132336477;-7834.746278124986;-187.77298823328854;-4.438257353167923
('challenge', 96);-1.0848574711113712;0.5395168573051603;0.31950872400781044;-12.476649250079015;-4993.691496504436;-194.42957300225515;-4.4620669483815085
('challenge', 97);-1.5752367172738306;0.3784745707129739;0.24632839324622516;-11.499733896388426;-5388.616218593092;-211.26053237824732;-6.179340101152029
('challenge', 98);-1.3418131587066218;0.5510429555226943;0.37698750729690056;-9.584542886370642;-2853.2508482811913;-210.10390332591103;-4.258821320765017
('challenge', 99);-1.6678242348774466;0.15301231766506906;0.11972380098816279;-9.281810003039055;-4148.284429690327;-187.12044566460688;-6.262091114504997
('challenge', 100);-1.4965916674496467;0.4880251073871493;0.26278916043222716;-10.49996744235695;-3241.9999787465395;-200.04757503735578;-5.15379956168077
('challenge', 101);-1.7327463953660043;0.4740152680822518;0.23296227651741974;-10.349534238929822;-4482.168957410718;-152.28461085226158;-7.41677910189294
('challenge', 102);-0.9273204829659616;0.14423948510785384;0.04416687033325003;-8.108784929217638;-1558.7057733148733;-141.40414801731595;-3.894850396213554
('challenge', 103);-1.256466403874904;0.43572864429247243;0.3142069612763718;-10.12230222252638;-3022.367692588081;-159.66284296019285;-4.446761606736386
('challenge', 104);-1.9105067986454334;0.44295811594162343;0.34943757199228576;-10.705943190048792;-3482.0470478442057;-229.63927336804994;-7.2402005648788705
('challenge', 105);-1.511126640744463;0.3105173902859493;0.31533315771551124;-10.000898975577002;-8103.04135985562;-234.04044484926487;-5.81070899100446
('challenge', 106);-1.4385677676562922;0.11330025118322931;0.05385250334959969;-9.701135123510129;-3288.4788629789987;-172.4966270565348;-5.252065427536773
('challenge', 107);-1.2484171219436977;0.540249243097117;0.25579214211517787;-12.253505698764807;-6249.255004754576;-213.1415389405845;-4.965767968441737
('challenge', 108);-1.3373680751677515;0.4459176592850274;0.45684401256777846;-10.738378465801947;-4757.282473126416;-182.3979300358267;-4.952942490126807
('challenge', 109);-1.2393893677196628;0.1728186637138538;0.06908000525557212;-8.999262730059314;-2616.4975691940062;-177.50005895023563;-4.500721817104056
('challenge', 110);-1.3195425484698444;0.4423803264336637;0.14080779564509383;-16.635532333438686;-11202.702540999815;-146.8473617795842;-5.866424432716007
('challenge', 111);-1.9803298185023057;0.21742163467321216;0.06415257744866011;-12.081655441838146;-7620.299963777927;-167.641407494507;-6.7195151004185805
('challenge', 112);-0.6337254350267357;0.2209732193638742;0.17717101299941063;-9.477796849188781;-4174.518850160263;-165.49143239218915;-2.5607296297413096
('challenge', 113);-1.4649189016786544;0.49670205981862625;0.38718795267207173;-12.401425828841427;-4742.109571869248;-168.23461020178254;-5.47033302676668
('challenge', 114);-1.4534679933033756;0.2818275121276156;0.25029695471148894;-9.644355446317478;-2830.055217022651;-178.36671542937248;-5.296142094846303
('challenge', 115);-1.426968137406718;0.5026091639332226;0.49502259593147035;-8.86151725618796;-3250.1169727071047;-196.9347152948238;-4.772994715755156
('challenge', 116);-1.3672126410878025;0.5424582451923582;0.4474075643431197;-8.108784929217638;-1977.4803881500727;-154.78595387572574;-5.014600143871279
('challenge', 117);-1.8368926996388588;0.4010745645460405;0.16864973573115283;-14.438307756102468;-11251.797513220636;-190.82650527870373;-7.009099528644067
('challenge', 118);-1.5066869149648119;0.4609783421411933;0.38149153542691316;-12.646548286874413;-6263.076590421656;-295.177109456048;-5.795064481980512
('challenge', 119);-1.6954240633126854;0.4527207218901435;0.2855775776598374;-8.108784929217638;-1868.1452015396683;-195.92162393487996;-7.093765071873418
('challenge', 120);-1.7091989105833998;0.09386490610051738;0.05844401385163601;-8.967906241853697;-5380.32806970968;-268.0282310160176;-7.502601726568767
('challenge', 121);-1.5873594677366556;0.09420634357642657;0.06612077759862246;-8.108784929217638;-1558.991407523778;-145.31465752867038;-6.766845106715505
('challenge', 122);-1.2108557007468372;0.1744249142532572;0.07682374679163301;-10.614508984089161;-3438.8553491326124;-155.2433227792951;-5.038548001410192
('challenge', 123);-1.125894953246618;0.3162599012983779;0.06251317721524763;-8.108784929217638;-1892.9428108660557;-138.80113911126813;-3.5729977380546982
('challenge', 124);-1.5577620630824573;0.49442451173703617;0.2578634590419093;-9.11475591837589;-2457.5086969172444;-185.7735801597682;-5.413255829352902
('challenge', 125);-1.2650060500305749;0.27336420777443793;0.19733085837047445;-11.962703498976781;-6846.062255250917;-190.17402908342598;-4.27041129952275
('challenge', 126);-0.9820152299093236;0.4352848523322139;0.2569162088709082;-8.108784929217638;-1558.7057733148733;-137.18065615010917;-3.7398472587054017
('challenge', 127);-1.237909248056544;0.36767623255442206;0.13894445163655178;-10.160099616734598;-5801.078457671394;-191.63267507844975;-4.810300863715723
('challenge', 128);-1.2659373273190058;0.3996094740241528;0.3378574386482887;-9.890295983954326;-3393.372168921399;-225.6339886135553;-4.791783588065774
('challenge', 129);-1.1189656473899778;0.452024743234828;0.3933749352738568;-8.109577636353878;-1683.746858606698;-208.10618725433028;-4.838293251998661
('challenge', 130);-1.6879757427895095;0.522378251558231;0.5258085580146772;-11.523544545082144;-4214.914053289785;-225.52179779625962;-6.07495378852231
('challenge', 131);-2.0215980952624553;0.3738106455370334;0.2346675185985851;-14.070582975977151;-17879.93670742161;-233.63822191349246;-7.905785903008922
('challenge', 132);-1.3940262532507448;0.3926531952460589;0.15839575262029285;-10.199381965069259;-3067.0166145016715;-162.08201703772022;-6.178937053438483
('challenge', 133);-1.4330311009228738;0.2968630328750038;0.13559311633169635;-10.212285369905167;-3077.252513658155;-184.08191452933494;-5.586716489829087
('challenge', 134);-1.5920081826201682;0.09456806208231489;0.0954033059378745;-12.24108317876625;-6148.293986054992;-259.40574734277584;-5.111447783613137
('challenge', 135);-0.9159573825927322;0.3146546102105949;0.1671814979690155;-10.948556977098868;-3556.5963449324513;-165.09391042562865;-3.4282300502352108
('challenge', 136);-1.7006453818712761;0.1741439845449845;0.054656086845180606;-10.727449395269756;-4952.263912440056;-152.20754723616878;-7.4092623369737005
('challenge', 137);-1.7791268226534727;0.4037103353305234;0.20063606180580096;-8.963239877809933;-2589.419493198902;-158.14076434175593;-6.879499530274948
('challenge', 138);-1.0907759280925253;0.469647927926914;0.25614965573936727;-9.269087185111088;-3106.028595329323;-187.75531097521804;-3.860349150622604
('challenge', 139);-1.9553119920968984;0.5013275313771485;0.2782718277222611;-9.39416605011637;-4060.1034213418625;-196.76793862573905;-8.902306755575134
('challenge', 140);-0.9958787597963817;0.18656851374106614;0.0668757709735718;-10.87348095065851;-3500.2250241372767;-173.60758453246882;-3.688870023474001
('challenge', 141);-1.522774891463794;0.4531758215970749;0.20917669081070506;-8.8742131524907;-2670.9211598200536;-202.50577147809202;-6.098770816241439
('challenge', 142);-1.6014709383309624;0.4831066789622039;0.34692894445063377;-8.368853890132792;-2116.931651980615;-170.7021499235007;-5.811367879903756
('challenge', 143);-1.4921963557889795;0.11773372467595601;0.06175537705111778;-13.639800059884696;-17777.92891235038;-182.89021518858272;-5.614650760001446
('challenge', 144);-1.4991739404597901;0.5641767534439805;0.4775566219411537;-8.108784929217638;-2333.093753895842;-188.51064955315513;-5.151165705231688
('challenge', 145);-1.4231703026718283;0.5459587964000613;0.2531745709955956;-8.746447926403173;-2305.3029111730298;-156.7033431749435;-6.459267945078493
('challenge', 146);-1.5903602663288556;0.5055173568150491;0.30042447123914345;-9.180233847755398;-3276.0447124279926;-158.41877371614976;-7.069482847853224
('challenge', 147);-2.2581820773242423;0.4795543896100238;0.12953551836905278;-12.253505698764807;-7356.947338413697;-227.62570497210288;-8.392538498587315
('challenge', 148);-0.8329658751616555;0.43497172459208167;0.10097659800927263;-8.243448953065295;-2412.6837082754796;-150.31029359638265;-3.1779394900258358
('challenge', 149);-1.110078821448442;0.3049710434130939;0.22798940163865733;-14.332947240444641;-41787.06224158141;-234.09791136323162;-4.204618253246804
('challenge', 150);-1.366533513449057;0.4793208691938019;0.22685800086687435;-10.408995664151222;-4582.785950340467;-198.12502560377803;-4.5376296654997965
('challenge', 151);-1.3523661557743556;0.4742954775158851;0.2950627127351777;-10.677107640408906;-4280.133897441212;-160.73299469161165;-4.910696519245887
('challenge', 152);-1.3947220936007299;0.39575312376595073;0.18753812754266;-8.108784929217638;-1785.4590794137373;-130.46455316174678;-5.694651354747057
('challenge', 153);-1.404894462892045;0.46002397542328743;0.18637164274956736;-8.455771839738787;-2165.680112458859;-136.11109711687067;-6.139937900758606
('challenge', 154);-1.8444396320634033;0.5353899385133706;0.35202112379945666;-12.401425828841427;-4742.109571869248;-186.20797010145196;-6.956429607001621
('challenge', 155);-1.165101103511707;0.32339324956912385;0.08944275034538741;-11.409785659725486;-12970.325712730257;-195.27106602308706;-4.389986964632468
('challenge', 156);-1.4504645458793681;0.43178150019358263;0.09357969558614451;-9.46541278998906;-4007.5534367775576;-191.42060067226;-5.609771096651913
('challenge', 157);-1.6220206421793415;0.16366435180365918;0.06815646105652667;-13.052013394982577;-11200.72864844923;-174.43870228485386;-6.659689427266001
('challenge', 158);-0.9754924476523971;0.5463793183037096;0.2264896997227838;-8.308047917250422;-2091.343143040051;-143.68379076162392;-3.73668896278159
('challenge', 159);-1.5155136418044342;0.5081068478060227;0.21743764008219635;-11.926002132126353;-11658.552324337485;-212.02709879118686;-5.528386263301438
('challenge', 160);-1.2972576075980988;0.2840619003992463;0.22484483384180903;-10.687497344258041;-3506.486823759226;-191.8524966657152;-5.303052402102002
('challenge', 161);-1.9044858782282523;0.5183074790427681;0.2836230816562852;-10.965651410458168;-3582.5936502230866;-155.285058530976;-7.139435076556717
('challenge', 162);-0.9674276053342115;0.5174452123375585;0.13118840297209353;-8.122347163419988;-1563.2258290669226;-165.13039043235494;-3.4291634747142026
('challenge', 163);-1.260083780001058;0.3262826820796419;0.06451792750051964;-8.309984026277288;-2092.153113516548;-151.46463899434585;-4.5478126901802005
('challenge', 164);-1.5466743843711037;0.1508361620827522;0.057435910684819375;-10.528509445696432;-3285.0675888166775;-152.82772351358173;-6.168018655853192
('challenge', 165);-1.7222529188051598;0.5462796824782008;0.19454167551242915;-8.108784929217638;-1951.0818242193827;-144.44318256032366;-6.861383520691395
('challenge', 166);-1.949284101093071;0.5223515234213424;0.4634045953563589;-8.108784929217638;-1558.7057733148733;-168.3561296351004;-8.65737811281835
('challenge', 167);-1.4968105667549925;0.30595802679843653;0.17321579422368427;-12.723509328010541;-8570.024162678486;-164.55413443319262;-6.776225037936175
('challenge', 168);-1.6887167771754663;0.3944381405988948;0.25001391595191075;-8.570895857664464;-4087.5086936169755;-224.26500720741205;-7.4065603094530195
('challenge', 169);-1.9099659249446483;0.5430392386645218;0.25985656477575186;-10.05767097571764;-3582.1734300979724;-195.6957603488988;-8.390732557846974
('challenge', 170);-0.8129000777199028;0.5466805274198815;0.4434404215569319;-13.927482132336477;-11909.340081657769;-205.45604373135956;-2.9827667114096506
('challenge', 171);-1.7430401271602616;0.13442187759061677;0.05410927686382412;-10.867211337644916;-5952.1908706204285;-265.8726610866599;-6.4189167839734855
('challenge', 172);-1.1436000947489058;0.35564430008028824;0.1902163099134547;-9.790716854230425;-3445.731340973244;-151.18390492796502;-4.339698615263164
('challenge', 173);-1.71547360677599;0.40003396689819803;0.3888203738459043;-9.034129998854954;-3423.3856002246575;-218.85217568732415;-6.290835635623529
('challenge', 174);-1.4569290346352117;0.4521031295196263;0.11448796067309097;-10.769064276505391;-3688.0614893627;-197.09069899943023;-5.239491026876086
('challenge', 175);-1.6915778134499027;0.38584911899745034;0.43320041919340024;-8.214850042403294;-2053.841430045825;-189.26721844564727;-5.33842751461096
('challenge', 176);-2.008750121442246;0.5481243120179228;0.21582253640211105;-9.529746203957416;-3787.579238611064;-159.0497605307864;-6.956185237220819
('challenge', 177);-1.8128606962725995;0.14335604226840465;0.07234089772495242;-8.967906241853697;-4131.521532649579;-179.05657496189878;-5.503040259243532
('challenge', 178);-1.2407287033746648;0.5827182578192867;0.44315307575372304;-10.14026677750168;-3016.961755573291;-161.2641214366244;-5.364668572423742
('challenge', 179);-1.5789532699334874;0.4884088754870377;0.15245175783294507;-9.719808884807373;-6636.4883828077345;-186.79309604777788;-5.730082162364308
('challenge', 180);-1.7036265492748368;0.14089839399650977;0.04379097166162276;-8.108784929217638;-2148.7572436417413;-146.06610710531595;-7.198454226681686
('challenge', 181);-1.5800797327927942;0.44665872079946795;0.2903257522564307;-10.468015842550345;-5690.218003235163;-245.06947590393892;-6.22688797702842
('challenge', 182);-1.0111377088046014;0.5047851926908493;0.33044804430926006;-9.271618832032868;-2628.183911419032;-195.95108357486913;-4.013742095181232
('challenge', 183);-1.4982612017858463;0.08996816747927348;0.04211903409352237;-9.16416924525159;-2481.915838182802;-141.5831949636488;-6.142115127844797
('challenge', 184);-1.5541121180733102;0.19577737892043223;0.06855465349969035;-9.397035492544322;-3076.8358234515476;-151.4052815466651;-6.197586974511344
('challenge', 185);-1.426658128876706;0.5711165261669031;0.34299769009163333;-8.50165144548948;-2737.9767118782192;-139.35730381675882;-5.708557117112004
('challenge', 186);-0.8606774695929912;0.3923801042798256;0.14463935724460014;-9.076494077995305;-3589.498676239049;-144.7910950755068;-3.376136105025874
('challenge', 187);-1.222400920411735;0.29690968579064314;0.1104107159972566;-8.193062688218387;-2043.797232153301;-154.10775219634183;-4.818815175512124
('challenge', 188);-1.593315539761038;0.15718032344987892;0.055342992467253084;-8.12879359992631;-1711.704012425852;-153.39518995424967;-6.347968362038747
('challenge', 189);-1.53326983243624;0.2750865159399124;0.13728269497776563;-8.108784929217638;-1659.1674725410378;-143.99956640250699;-6.489102548778083
('challenge', 190);-1.6469671112321125;0.5381186000741723;0.3756788630471473;-10.288143123782676;-3107.5217794258574;-167.56080755861035;-6.3049028165649705
('challenge', 191);-1.9524275987614546;0.5793191551939407;0.4338634942186662;-8.71763174711077;-2269.871626538707;-200.7360890902787;-6.644149476930985
('challenge', 192);-1.4171453458772998;0.5427945017373926;0.41738134111674036;-12.946652879324752;-5524.523840740525;-140.30819679755592;-5.906498137168501
('challenge', 193);-1.2284179696467683;0.46587099430496487;0.32211224280683953;-9.81007229718338;-3588.317168358415;-169.84401733218402;-4.890660005293516
('challenge', 194);-1.4704125794226912;0.13451738548923467;0.06261191465141633;-10.410973904163328;-3861.75452518892;-183.5094765960114;-5.469361162638116
('challenge', 195);-1.8382790737804156;0.40196489058780915;0.36045165022254755;-10.797801886272747;-6043.246635996315;-181.90138967390567;-6.39896737265878
('challenge', 196);-1.3747852675907786;0.5389980162743093;0.3852980420887917;-9.269087185111088;-3508.205554264606;-190.86477795243243;-4.780118767981423
('challenge', 197);-0.9582421637829261;0.3940397785850131;0.30748290417155166;-10.49996744235695;-3259.4992273941016;-150.41865532854044;-4.078714337911124
('challenge', 198);-1.5293474844766757;0.463439335008486;0.1401718079758723;-9.207199139247882;-3820.158932062803;-173.85272218645272;-5.894427241685188
('challenge', 199);-1.2836864655904998;0.16286363466263412;0.05230609045639743;-8.108784929217638;-1567.1191539670788;-127.4756803145225;-5.472172683759851
('challenge', 200);-2.2041506377507374;0.5506762049070247;0.3019874340077952;-9.860166242502295;-3135.1104317906256;-181.00957246088072;-7.47240925908119
('challenge', 201);-1.5713727716929151;0.4577067814440249;0.1574208466271627;-8.466479183511344;-2241.692318472813;-152.54033070058136;-6.017020034543288
('challenge', 202);-1.2260869594909323;0.29914445325792777;0.17182302395065666;-8.108784929217638;-2119.1365768519536;-220.38726324167163;-4.478253305682377
('challenge', 203);-1.292665572382542;0.4486108784943948;0.22890518763871273;-11.004320551617322;-4134.472358243006;-151.9490321798061;-5.7347295964598
('challenge', 204);-1.5045480896655754;0.3381691613338253;0.12641742285783697;-14.150625683650688;-24384.65917059009;-162.7206053701639;-6.223431287927109
('challenge', 205);-1.6509263057974186;0.12523647968163582;0.1219342600395015;-10.468015842550345;-4022.4103564738834;-184.62263037329828;-6.110605010318943
('challenge', 206);-1.527128852665521;0.5122721809995402;0.18687505238608962;-8.12879359992631;-1683.0930185814614;-153.6911470083647;-5.850721038787379
('challenge', 207);-1.2593559900050022;0.4635972281993325;0.1629598029668511;-10.497805279352454;-3937.3178849400424;-186.94652077752676;-4.688030547738534
('challenge', 208);-1.1945947775030779;0.39359080620603604;0.315863229975839;-8.108784929217638;-1558.7057733148733;-154.00664662643968;-4.5943086314423764
('challenge', 209);-0.7114077333300264;0.3546658534243858;0.07379748473906719;-9.957190218784355;-2996.6051213559385;-150.0861887767217;-2.7381701191294
('challenge', 210);-1.6464233188834423;0.4393326428890988;0.24900666994755166;-9.521576223872653;-2665.821254170052;-178.8737496942143;-6.204298410296673
('challenge', 211);-1.3733127458323713;0.3513582465674452;0.2599508630505113;-9.067669727974804;-2434.474382477447;-167.7755849169654;-5.54000700090042
('challenge', 212);-1.3878174991196561;0.1674664801272401;0.10383424685893256;-8.95212865238486;-3549.7817275033312;-240.7378311989081;-5.086586452457992
('challenge', 213);-1.652968939618993;0.5532425587384536;0.3628436231866397;-8.656878604355956;-2289.7517915389003;-136.37688204254312;-6.476475553512677
('challenge', 214);-0.9141447490972285;0.09207124621740546;0.05328771348924745;-10.01946714830587;-4366.505920245259;-159.91438848083948;-3.5578691537408313
('challenge', 215);-1.577348304385013;0.472205521501459;0.35114333202015;-9.500641481872803;-3789.1952715114085;-191.25871854730443;-6.770582912269377
('challenge', 216);-1.0831643058320344;0.42023987644476546;0.25115061617059936;-11.442575482548477;-3914.5955831978254;-148.31506463613707;-4.613659154064835
('challenge', 217);-1.5285232735562067;0.15508021388504706;0.048290968817925654;-9.269087185111088;-2816.5691376183477;-188.57025997073546;-5.5526488859348895
('challenge', 218);-1.7903907740692595;0.4516790074399747;0.3620612659476412;-8.7060458101244;-2654.7279493591573;-180.805110677455;-6.5757363853001145
('challenge', 219);-1.7685090705059623;0.26271722306090467;0.18081844694581278;-8.730828419564942;-3047.8668069885352;-162.04983885367287;-8.203356187861324
('challenge', 220);-1.4092264128664385;0.5267834813277403;0.31666697345226746;-8.108784929217638;-1567.1191539670788;-131.10612359776496;-5.880868016932398
('challenge', 221);-1.8564497497868155;0.508571118598929;0.3889274494532546;-8.108784929217638;-1949.357444921899;-191.8270559765852;-7.866840463028394
('challenge', 222);-1.2514100228618925;0.19397267761065554;0.08810071421244883;-8.718360344592911;-2533.812045730215;-129.7398610469814;-4.9615921121950795
('challenge', 223);-1.5796273297399015;0.4272027345212441;0.25438621861900723;-10.169387609201069;-6016.401376917806;-209.44052512525377;-5.899807389027864
('challenge', 224);-1.129810327731737;0.475459963275485;0.3542699670224597;-10.49996744235695;-3241.9999787465395;-222.3891442981767;-3.7873687726252756
('challenge', 225);-1.5325606370651204;0.42548135317771335;0.17589274601272598;-8.561506117314625;-2601.77898082738;-230.67706980227646;-5.52188360886657
('challenge', 226);-2.294335612950754;0.1380581610797914;0.05005359217903676;-10.68488978085096;-10427.217752483572;-184.86029121330876;-8.800662083810753
('challenge', 227);-1.196283495505336;0.0474949138789947;0.05359311127348799;-14.843772864210633;-7781.205790870583;-170.2516344568995;-4.635752366065898
('challenge', 228);-1.772936131864312;0.42898133530454713;0.14896003729058943;-8.108784929217638;-1649.8457168561545;-179.51348488660122;-6.363983281103355
('challenge', 229);-2.189769938941514;0.33414336820093266;0.42209639411095173;-10.921799527929318;-11609.590737105913;-315.79734191987995;-7.77281267405131
('challenge', 230);-1.3958347178053911;0.07168173780165345;0.0627232506573637;-9.803578767872832;-2820.495790866923;-164.0492395681602;-5.3333087934244245
('challenge', 231);-0.9234438134785578;0.09608472863820122;0.06590617374158057;-8.108784929217638;-1859.0832949969551;-132.30553352038706;-3.911709819395291
('challenge', 232);-1.1837660006410096;0.39207438173421777;0.1631083222415478;-10.674526993815414;-4548.222715584127;-180.93020829594397;-5.340288653340817
('challenge', 233);-1.762008817605997;0.16909731873169082;0.12525647328194217;-8.93931969409228;-2873.343761698006;-193.3412412599128;-6.196434054888651
('challenge', 234);-1.2141103009824907;0.30686371306677884;0.3644546580096615;-11.57928652809038;-4143.787922519172;-189.6750893948528;-4.401021336400454
('challenge', 235);-0.932358669106585;0.46578567705701834;0.2893667446278698;-8.124759709825373;-1553.6300670482672;-173.1301561438039;-3.8270498555313974
('challenge', 236);-2.0158836909642526;0.4980561008940882;0.32069562543203467;-9.568212484785212;-3063.9450651250095;-162.4022077278402;-9.25059410559483
('challenge', 237);-1.431597676270261;0.5305243403349411;0.3509531723392745;-8.108784929217638;-1558.7057733148733;-134.6134330627383;-5.744405377954943
('challenge', 238);-1.4466632223349871;0.40107748001434884;0.28494923201503736;-8.108784929217638;-1953.245380440991;-242.21277124959036;-5.026640198415367
('challenge', 239);-1.5297782964154292;0.38039442585268407;0.15026409143273878;-8.47444282059289;-2592.3450255179346;-207.81824622211167;-5.73376175456244
('challenge', 240);-1.5270163691407928;0.556380945763869;0.397962901102271;-10.497805279352454;-5324.803510960562;-173.61977464247033;-7.0342001250359365
('challenge', 241);-1.2725799165252039;0.43563907964844284;0.13413953483694324;-8.108784929217638;-1558.7057733148733;-189.73148089195834;-4.925285253156358
('challenge', 242);-1.3557380770677707;0.47073478376656247;0.4091565406645069;-11.00791121974805;-7061.942244234564;-180.56588990348766;-5.492874965262995
('challenge', 243);-1.643282989868573;0.3521375049135631;0.23217320071894226;-10.052123111279922;-4242.926000081444;-234.05197244311617;-6.408052078566345
('challenge', 244);-1.5142566488902574;0.18910891796511392;0.08691165967922643;-10.526284750674321;-3771.109538075686;-175.99908618196204;-5.026231584866513
('challenge', 245);-2.0825521704740173;0.2678010850030186;0.09851349945823397;-12.318044219902378;-17903.604487256725;-190.43264557358935;-8.7059555379918
('challenge', 246);-1.918150118154392;0.22736575368590478;0.05484768420211898;-8.747197832700033;-2312.8676171514408;-165.60445020783106;-7.353926143959916
('challenge', 247);-1.3022652908822245;0.40111730529137873;0.16006917249415117;-10.340266331999041;-3921.4229929582684;-214.99584171088736;-4.749032352178646
('challenge', 248);-1.4997412118121825;0.16970353117068843;0.08552997902391402;-13.80231898938247;-6890.528987823764;-185.51434265545691;-6.513534540462586
('challenge', 249);-1.5993372816447058;0.26950304393162283;0.07491776752994422;-10.311173371057377;-4963.811208662232;-191.893577354029;-5.015590043380212
('challenge', 250);-1.7442665619336937;0.13463531074460966;0.043301023538629795;-8.108784929217638;-1558.7057733148733;-147.8186745674083;-6.819069641380596
('challenge', 251);-1.270438380413796;0.3271360848078716;0.15770502167568318;-10.12974827331046;-3760.165990668324;-166.591890792931;-4.962179719494108
('challenge', 252);-1.0411497219837271;0.47369000104604914;0.2362410770633286;-8.286047986448558;-2567.0125224754906;-160.22442247339552;-3.933145582177839
('challenge', 253);-1.9640427686356947;0.3539878668737087;0.1527043024285887;-10.928422068689812;-3648.583829084154;-184.73525402056495;-7.448345234368606
('challenge', 254);-1.3993440535847197;0.08860783674165983;0.06168035562233258;-8.12879359992631;-2065.3133144524645;-174.14055048225882;-4.801045890960247
('challenge', 255);-1.7271484111789044;0.15299772606684858;0.11763110935753157;-8.12879359992631;-1645.9454653886396;-178.5801340689459;-6.5521345688837345
('challenge', 256);-1.2440395293740543;0.31463297976733173;0.2819906603253021;-9.594120669643877;-2704.781309365535;-156.34318672345805;-4.701832582058005
('challenge', 257);-1.2691347394396408;0.4681972905846451;0.2650538073795242;-8.750955822842363;-2890.879844635962;-145.26829482210394;-4.541291324852961
('challenge', 258);-1.7574306525838514;0.16879158496129013;0.2365726151450771;-12.092237551168683;-9438.533184704233;-261.3171780541642;-5.988516300102787
('challenge', 259);-1.4800248076551044;0.2747825546944379;0.21045954728613592;-8.108784929217638;-1940.0910157573644;-184.49997815401014;-5.4339176159278475
('challenge', 260);-0.9308707919308854;0.15214906648054238;0.04148574608234335;-8.83250568980647;-2393.9215877307365;-177.53913592005057;-3.7251410262799722
('challenge', 261);-1.4075471473378545;0.39335133053225213;0.29452854846012805;-9.945933064259721;-8648.64480406444;-197.49347318136756;-4.854702318527107
('challenge', 262);-1.4961060637903845;0.5598252891696063;0.4716649306303121;-9.928669996835941;-3252.9638413681228;-179.3841308423183;-4.694609431657195
('challenge', 263);-1.6140656138581537;0.4045328039410258;0.11310661780609664;-11.302813540173318;-6470.699170251022;-153.44822841508255;-6.97535092427326
('challenge', 264);-1.8242816301701335;0.556333084543537;0.35273243751435573;-13.109171808822525;-5518.91440978624;-139.72018881494276;-8.305953591132106
('challenge', 265);-1.1958361694389805;0.16642072738897867;0.2517831252199288;-14.556090791758852;-10019.145364696455;-222.91387946560152;-3.474077359000854
('challenge', 266);-1.4037547491018003;0.2488105006580903;0.06835938304618874;-9.269087185111088;-2612.3472638852504;-190.27203869324143;-4.947709265897243
('challenge', 267);-1.483172471742149;0.5199678708169831;0.324671947364304;-11.150735399948033;-3692.648710502847;-155.79933533524155;-5.067814923144093
('challenge', 268);-1.161257391604147;0.4414342195224114;0.3029361033418527;-8.108784929217638;-1933.7277115634656;-182.12512402049387;-4.5049027973784135
('challenge', 269);-1.2439147873676453;0.47131477054112886;0.1855849562946183;-8.108784929217638;-1710.1473174286543;-153.06667432327475;-3.82933104341184
('challenge', 270);-1.4675439343925074;0.39355306807906704;0.26279304025497036;-8.108784929217638;-1842.5174685090226;-193.24605189539182;-5.290507835847018
('challenge', 271);-1.3794174287237004;0.3119803241820265;0.17617218976771784;-9.309724830842914;-2596.7110179498122;-138.90537539166954;-5.556015294482484
('challenge', 272);-1.8182950740535053;0.5304438510367705;0.3970004621389497;-14.332947240444641;-16288.176886318608;-172.7983042264404;-7.12505249240225
('challenge', 273);-1.7768158136271321;0.5030814530067677;0.4221964195867892;-12.785384731728628;-13568.083119575776;-216.55207987521635;-6.467749907141573
('challenge', 274);-1.3656435840951213;0.5063497663008515;0.20898847125780595;-8.71763174711077;-2409.6234429207507;-143.68656668189374;-4.767444930541541
('challenge', 275);-1.3401174850501363;0.34703068640354373;0.1610637852724475;-8.108784929217638;-1906.114749218837;-164.60620592730726;-5.7611081899472945
('challenge', 276);-2.159898732604106;0.38264201769315775;0.2109489763981918;-12.135722663108423;-6893.830991196965;-180.40874462789196;-8.5653342004518
('challenge', 277);-1.6219042609183476;0.4690325473976891;0.2938298683790024;-9.686635111125375;-3434.3459229779623;-180.27299488912675;-6.177658661449674
('challenge', 278);-1.7403653590674852;0.16565993151464606;0.06047357552283869;-10.644067786330705;-3438.7749043082204;-177.97997706324765;-6.264163903931742
('challenge', 279);-1.4518237576362965;0.5337795033524875;0.40199491215824923;-10.889329142898534;-15185.334170231485;-257.47239458710544;-6.129945611361817
('challenge', 280);-1.3040761651784132;0.5040243909479839;0.20947747361024166;-8.12879359992631;-1589.7646762975319;-137.17056724287843;-5.438285213784925
('challenge', 281);-1.5107870570870368;0.400551608564348;0.24557679077754274;-15.249237972318797;-14701.318984146288;-178.4945208552235;-6.180336141309017
('challenge', 282);-1.3858322202524338;0.5026087222683988;0.3831849454887397;-9.92500922398626;-2978.5409298920927;-179.2571876585307;-4.6894747531896455
('challenge', 283);-1.505427959723587;0.46833785734066713;0.28649009866572944;-11.499733896388426;-3977.9861093771474;-149.4366733323846;-5.360534795083771
('challenge', 284);-0.7932857826712768;0.35158175118466917;0.16601841970518835;-10.309382860283588;-3468.271823195436;-171.72313261830433;-3.4398168210597917
('challenge', 285);-1.3897036068834716;0.07570151993942859;0.06307683230525866;-9.186616230894487;-3458.2469702826725;-168.8800606577427;-4.919506002231417
('challenge', 286);-1.0194646006287802;0.10643021374189789;0.05259784901952392;-8.933879970796461;-2386.272997389124;-152.2698235034821;-3.942441540601963
('challenge', 287);-1.7400583238576555;0.20620955485200587;0.07916833254559223;-9.24103922621965;-2709.4575542228904;-183.37162073201876;-6.257096172730985
('challenge', 288);-1.476351415130374;0.37421162335315705;0.21605404945295287;-8.618554586676424;-2449.757410633713;-210.91116992167403;-5.478857159237218
('challenge', 289);-1.175498433116482;0.21086740608897597;0.09515936051285545;-9.039642415720149;-4816.873310348012;-185.20236254319593;-3.49511861810237
('challenge', 290);-1.2844603394670417;0.5633185278761179;0.28265302587090196;-8.108784929217638;-1774.0592194124015;-167.1845304235922;-4.449176494509049
('challenge', 291);-1.6941416210629818;0.25626604773647355;0.11576267948997354;-15.026094421004586;-19022.72033308676;-180.65199252381996;-6.5652565720085
('challenge', 292);-1.3766593809157508;0.5385141198699186;0.12241472276377044;-8.499892430084302;-2169.974798318824;-124.41740842806134;-5.497800266320525
('challenge', 293);-1.2642384854644444;0.3312577355084493;0.0980351430555534;-10.68488978085096;-3386.9665421827244;-155.39652773886206;-5.133321541133086
('challenge', 294);-2.052198293242875;0.5426611236710349;0.28219903595871154;-9.311042354090155;-3568.620518889468;-172.21136051547253;-7.2386948836965805
('challenge', 295);-1.3175796601165326;0.3520122042886782;0.21067691366527364;-9.769641258555248;-3931.090899936613;-144.21603333740816;-5.3491122908811795
('challenge', 296);-1.2509296408445638;0.47703534801444736;0.1894265245568616;-8.44130302861887;-2147.828934429131;-148.70391786367026;-4.4239775014365526
('challenge', 297);-1.0330071433498837;0.5194402091545104;0.4750843981481805;-9.655456392876925;-5604.937544654048;-207.69492233398796;-3.0009080703520947
('challenge', 298);-1.2221266124948926;0.28059208117489975;0.16842453928691511;-10.46174622953675;-7769.561532220796;-211.77663566646103;-4.308235923497311
('challenge', 299);-1.3745595894981935;0.5959248131511685;0.45530368454333975;-8.108784929217638;-1929.440284134046;-162.19726778344753;-5.233468027300034
('challenge', 300);-1.5039087861175158;0.11731354354374397;0.11685200489976179;-10.867211337644916;-4648.906230802098;-212.40375729651626;-5.703125763346142
('challenge', 301);-1.40731601978909;0.3798982367959851;0.3147272392628654;-9.216751450687893;-4286.42644689604;-250.24065563033872;-5.486647346279608
('challenge', 302);-1.6087385941807288;0.47567102849674275;0.4310327205965149;-10.48706403752104;-4455.040416016005;-221.88230571099666;-6.3535849601790515
('challenge', 303);-1.5272994926847479;0.2669231529711791;0.08863758772591399;-8.497551878986549;-2882.8932041600547;-153.9604055274088;-5.532673610270697
('challenge', 304);-1.0720910678604614;0.5744424525317063;0.36916493267332257;-10.334746538775443;-3266.3865279429106;-182.97696317998694;-4.322421187990674
('challenge', 305);-1.1450207761654099;0.1770451627929356;0.11490117591340701;-11.237369631920934;-6019.11830740081;-273.55682646070204;-3.953722022426124
('challenge', 306);-1.8990998274104103;0.40261168674824116;0.14595003415603852;-9.727777054456551;-2778.0586020991427;-211.98003802598743;-6.637125153645634
('challenge', 307);-1.1108291492127957;0.4343871604524618;0.22074823725407444;-10.497805279352454;-3393.826244977995;-154.85336436274633;-4.632986197940198
('challenge', 308);-1.8742026396102611;0.5418551970544695;0.42736953100067554;-10.178762677866525;-3040.2795361137373;-173.525730137476;-6.593928099252472
('challenge', 309);-0.9656051934334074;0.5487054640820939;0.42682308876811503;-9.052793844524276;-2632.47775633171;-160.2317356484192;-3.248438849148867
('challenge', 310);-1.5875119047682922;0.23779340887945183;0.12427979330827338;-8.595085452135578;-2404.7071271841874;-184.75701720815906;-5.714408134569812
('challenge', 311);-1.3352440403291888;0.44760550225661333;0.19983920309699496;-9.789652458174638;-3332.233823494143;-140.12243005499002;-4.663689736008722
('challenge', 312);-1.196781527759943;0.3966792870208577;0.10297417443806306;-9.29859541973107;-3582.3805860403068;-181.380965240662;-4.124887682547758
('challenge', 313);-1.5039025964957808;0.2191472963849074;0.049564056760600064;-9.216151750519995;-2835.920597199696;-156.95280612551866;-5.611152365971573
('challenge', 314);-1.2176137859646443;0.4074051061334276;0.31226651758326185;-8.865731337434791;-2636.386447713968;-211.4609699742778;-4.21441166234907
('challenge', 315);-1.451910302020938;0.497819920045125;0.4770791216157157;-11.631586027493228;-7907.865745935051;-278.4854540166822;-5.00152321363511
('challenge', 316);-1.2534351960665264;0.22947783466543661;0.11900462212580867;-10.497805279352454;-7503.110280016088;-256.30038708878476;-5.521608690436311
('challenge', 317);-1.485256275215704;0.08769861146704072;0.06752921577381799;-9.2173515107119;-2508.4555133677095;-172.6097225212914;-5.8201364075779125
('challenge', 318);-1.7131233388547484;0.1941282384610462;0.09911233220873315;-10.54648745799184;-5712.963490279481;-231.1765238593649;-6.6518136035947535
('challenge', 319);-1.4785684824705125;0.2515616451484901;0.1564711353199387;-9.269087185111088;-3904.3226458113527;-202.12761708130418;-5.466023594251438
('challenge', 320);-1.4401871020719519;0.25749970246307596;0.21490755470242814;-8.108784929217638;-1689.3965745360708;-269.20399538741947;-4.740262239126291
('challenge', 321);-1.278329861404024;0.412780145617097;0.29857875252226135;-8.108784929217638;-1798.8830818528386;-151.98339533364012;-4.503190260690409
('challenge', 322);-0.9613982594799219;0.09272556640077653;0.0557344449846098;-9.89737983884273;-5081.689184726427;-163.58588998783102;-4.0477857365737835
('challenge', 323);-1.7238016414346438;0.2635114118430271;0.0695436591026052;-9.70308444186618;-3538.593950444079;-141.7656444253979;-6.458114658376933
('challenge', 324);-1.0880837333680582;0.3532526635318916;0.43678705406193036;-10.160099616734598;-4686.534547602569;-263.98657043282685;-4.231470485723367
('challenge', 325);-1.6249240508348348;0.16546473583478588;0.0747519148994556;-8.349514865033925;-2120.017803471277;-200.1773975368278;-6.609222449532068
('challenge', 326);-1.3835703556505494;0.1379300219210531;0.10724259615864574;-8.476157596663262;-3357.3171950972487;-253.5915621687207;-4.2948763729890755
('challenge', 327);-1.529158168672728;0.5348934540752861;0.3040713844493118;-8.108784929217638;-1968.1553692936056;-132.9950684953758;-5.754229282203091
('challenge', 328);-1.1011994455295544;0.34039827508124243;0.19307750656359557;-11.745183205216934;-4152.762223406913;-199.90226516875774;-4.302260669622835
('challenge', 329);-1.5710189211318832;0.37660589481430884;0.23533844545156865;-14.689622184383374;-7544.970453604223;-140.71875687994168;-5.9372738908101175
('challenge', 330);-0.7946201861076916;0.5849634129001078;0.2891883746039194;-9.271618832032868;-2628.183911419032;-128.04409281762062;-3.2372248916667474
('challenge', 331);-1.344497862089034;0.22277970934899172;0.09141109802439487;-10.80364985615517;-4941.7267069111;-187.07046084018037;-4.312371459040331
('challenge', 332);-1.629150030232681;0.47291034270766935;0.15787195032375836;-11.665719033862686;-9899.23519403454;-171.05019710792524;-6.16990195972175
('challenge', 333);-1.2533522257348684;0.6562264010590422;0.3546976494984205;-8.108784929217638;-1690.0546660158163;-166.20588988877347;-4.727166969644602
('challenge', 334);-1.530019759964229;0.20994090376210453;0.07469028046421217;-11.618252496623763;-8657.617615754263;-222.9910272888765;-5.41582901253672
('challenge', 335);-1.759694648908061;0.08523336450964109;0.05130776063994219;-8.243448953065295;-2666.5036457654273;-170.05875445348798;-7.955688834522152
('challenge', 336);-1.4140606714533934;0.5095706197309443;0.4377318426576752;-10.309382860283588;-4717.582957822169;-165.2097216118759;-5.133254266173439
('challenge', 337);-1.253334283469243;0.5099234189497938;0.5143275739031495;-10.842518725054545;-5981.538200607168;-211.4096242589451;-3.9819125738260936
('challenge', 338);-1.6374704923899743;0.14547680085854206;0.09105623398851385;-10.311173371057377;-3121.868193205801;-203.56149805510404;-4.967151025190393
('challenge', 339);-1.602068070567895;0.4385062187716682;0.26704620347796915;-9.214953428027886;-2598.566635282565;-166.6389512571684;-5.887048689000133
('challenge', 340);-0.9309501399761413;0.35526638627052626;0.0806901141351124;-10.080175441628022;-2980.920115982268;-161.53220912751786;-3.842417565037032
('challenge', 341);-1.5210998914284606;0.54480119129382;0.2930008585015779;-8.108784929217638;-2431.2299260164814;-192.70686323637622;-4.08213215808912
('challenge', 342);-1.8193949006502648;0.5073966648269213;0.22054492332222383;-12.665240419886565;-17646.2770438143;-256.8269179666004;-7.322167134819035
('challenge', 343);-1.3265824599501113;0.47165232594102224;0.16476203549995;-8.340982818295009;-2575.060642824464;-146.7638379320286;-5.509953891734716
('challenge', 344);-1.2004542869721178;0.5621399208857193;0.4205072666175786;-8.488244074732064;-2234.640868504674;-155.7377703402891;-4.535871276244467
('challenge', 345);-1.4704181956907403;0.41799780580073664;0.22699478895174696;-8.51227101431694;-2729.922040885601;-164.0243173863363;-5.94691748204874
('challenge', 346);-1.6937461082950704;0.5428092924694409;0.45764193456513347;-10.049360678584012;-4021.3657683393512;-166.83055520898014;-5.132504150184607
('challenge', 347);-1.4198620736935594;0.5131418439698591;0.46889865358170435;-8.108784929217638;-1558.7057733148733;-162.12397330489708;-5.142893670478718
('challenge', 348);-1.6144200416032;0.04967629061344392;0.053290092839218;-8.925775468984522;-2366.357900009887;-182.42574147528674;-5.5901021521495275
('challenge', 349);-1.270523111924884;0.4497261956724511;0.20676323718149522;-9.27225274647565;-2626.467891003664;-176.0665357643621;-4.749840012820333
('challenge', 350);-1.4306878476037286;0.4811651273234652;0.4194493930877501;-10.197780683702286;-3456.1134773596373;-192.61345100449407;-5.7605408782208
('challenge', 351);-1.564622099985592;0.5035212561162171;0.18590130501660618;-8.108784929217638;-1722.5683076139055;-133.26361190170337;-5.774597619215285
('challenge', 352);-1.0685655594964103;0.5269534992145916;0.4104941871762445;-9.780123534828759;-3400.0250760791714;-153.54352494021563;-3.6338101365009927
('challenge', 353);-1.163275224642056;0.4775173981332755;0.3275603503932822;-9.268455273557676;-2611.677598583139;-150.5472881783679;-4.721062587570668
('challenge', 354);-1.4858667104141947;0.41290585133933544;0.39331607583310696;-8.12879359992631;-1588.013829893435;-140.49913456426046;-5.790618928889967
('challenge', 355);-1.7167159102940073;0.4999157471903686;0.3944572224417728;-9.842066200858678;-9340.246093803431;-203.00025888013263;-5.669182614760586
('challenge', 356);-1.5524839418122118;0.36994819215579106;0.08102001916147467;-8.108784929217638;-2234.6001510440074;-137.82361264813042;-5.988955646205135
('challenge', 357);-1.62151830080337;0.23433637709924632;0.10289453172964388;-8.108784929217638;-1567.1191539670788;-148.49297553129588;-7.242064664641368
('challenge', 358);-1.7644391871203717;0.5331774244045067;0.26364556540776635;-15.249237972318797;-32193.16530810924;-183.71739941147118;-6.056614463768747
('challenge', 359);-1.5475550328492567;0.08541713696705719;0.0460406908185204;-9.41735549503528;-5039.423335076572;-217.57177078821982;-6.038247423485574
('challenge', 360);-1.3141666694734624;0.20392291333072687;0.06746571773070922;-10.007490957259154;-3069.0395933254476;-162.3914658017791;-4.318837109463797
('challenge', 361);-1.3797839208238636;0.14870397088213863;0.05321830230843728;-8.142631834591494;-1698.0127458712489;-124.11843206712355;-5.889201726081479
('challenge', 362);-1.2987852193769913;0.43855041387625227;0.24841234369622217;-10.908684585851491;-9432.865727317714;-193.3751033407829;-4.4773520384897205
('challenge', 363);-1.9426568040232437;0.18614775254738875;0.07329090439410783;-8.290789579021142;-3007.7840107310835;-155.84982159175837;-8.215960543022915
('challenge', 364);-1.7444743583411975;0.16950252826591194;0.11921832155465781;-9.147798572002243;-2491.9428154603547;-162.67453881416532;-7.2705783344301995
('challenge', 365);-1.637552717284823;0.4199812782286681;0.22743694985802176;-10.18981251405311;-4280.922982044144;-184.5560267381644;-6.3316462116817345
('challenge', 366);-1.9117442415053687;0.2102275719473396;0.06033766012410213;-9.835362265136489;-3351.34601119613;-229.91804175926825;-6.686891419894246
('challenge', 367);-1.16844432488265;0.490405973915779;0.44573610717000023;-14.843772864210633;-7728.78369153347;-169.5439177489818;-4.2592509611013485
('challenge', 368);-1.1972890656804005;0.32694996268072346;0.19472031343509122;-9.870493356658146;-2858.495963504055;-156.52885004459105;-3.8550602591330305
('challenge', 369);-1.611072667796636;0.4685502370521459;0.2601439105410526;-9.077015590393042;-2452.847026147986;-136.63438245279707;-7.244252829601032
('challenge', 370);-1.3695144877963883;0.4654003831238154;0.3069612071850176;-8.927570801603197;-2439.872723136695;-170.07351378899816;-5.671445470140161
('challenge', 371);-1.7836660188724998;0.349179499543057;0.2829600064312745;-8.999262730059314;-3804.954939092084;-193.45276894146835;-6.541602870893469
('challenge', 372);-1.5394562872106845;0.45176928598869337;0.2203166752315335;-8.858997305253448;-3091.6500101450574;-199.81054997667778;-6.150045900229493
('challenge', 373);-1.36505704977015;0.3948175421523135;0.0796937026541782;-9.054832581214125;-2448.8154460866094;-203.09236395727697;-4.657964335533997
('challenge', 374);-1.6246079083607041;0.3410575286919797;0.23273095260126725;-9.08119750971294;-3500.3982032935287;-152.37390053772137;-7.6266752796654895
('challenge', 375);-1.5973561790318531;0.39276415328262115;0.4199283175653573;-11.332227425379612;-8061.85509249339;-266.8315497745958;-6.725724427496117
('challenge', 376);-1.7148196815870915;0.1562435616832305;0.053604638303590496;-8.12879359992631;-1579.5197237924597;-152.4322202419122;-6.139045589296965
('challenge', 377);-1.489776870908554;0.13697699706865096;0.09426587762840716;-9.583676710482793;-4519.319743168534;-187.56608327183403;-5.967592920529244
('challenge', 378);-1.535426104696186;0.16035508030342838;0.06959824251765806;-8.739723956355505;-2556.005476283521;-177.4407805347459;-6.114238365475852
('challenge', 379);-1.0775995300296308;0.3608543097705563;0.1298034874514092;-8.108784929217638;-1558.7057733148733;-138.86158691730373;-4.124541939058333
('challenge', 380);-1.800959488976406;0.10532038551786427;0.09024392599999606;-8.71763174711077;-3845.2006808717983;-218.17349894942518;-6.558789283142736
('challenge', 381);-2.092648024694576;0.07849561596616855;0.04201233146191635;-14.843772864210633;-10369.715351188881;-143.12350139927705;-7.506910252694186
('challenge', 382);-1.2781367264393069;0.387528114114524;0.10510070888679507;-8.97541801426476;-2518.868572406317;-181.67769928442362;-4.488275665496668
('challenge', 383);-1.356181203076759;0.4813476328877573;0.42580126867864515;-9.269087185111088;-3911.1355661909647;-219.25861552968433;-4.2718364273842875
('challenge', 384);-1.4965529197608611;0.525122189021569;0.27642956361733917;-9.17274317602624;-3479.363547398643;-184.24896360673338;-4.829666736956387
('challenge', 385);-0.7665739223431562;0.5098937137961698;0.39922560254246964;-8.108784929217638;-1558.7057733148733;-131.59787135665067;-3.38210673213033
('challenge', 386);-1.424940198794757;0.4516929527797698;0.2578634593001337;-10.969105645326255;-3560.916862503066;-198.14020703692688;-5.686369478749539
('challenge', 387);-1.1933679826694192;0.20839289459856825;0.08360931364141437;-8.541764575507607;-2659.8577659626803;-166.11442369806306;-4.466148212047346
('challenge', 388);-1.1347329698629334;0.39038902934938285;0.12042606551344412;-9.780123534828759;-2807.2956989818067;-153.65945370222687;-4.261484133513197
('challenge', 389);-1.1954026439614325;0.4286603634253092;0.23499082096541246;-8.12879359992631;-1660.447747986244;-140.64030901151133;-5.035713760949672
('challenge', 390);-1.3410985733060445;0.4927986435433601;0.3916919808287135;-9.268455273557676;-2618.3187926529263;-203.10927596397866;-4.828281036950667
('challenge', 391);-1.7983977516856455;0.09804741669236815;0.05863308165533951;-9.781177831183665;-2807.887705719185;-200.40127749712403;-7.570471328961973
('challenge', 392);-1.767299548177076;0.1269894924744024;0.0643446834290334;-10.342113054592206;-6638.71876938425;-151.10715772967887;-7.116603818660493
('challenge', 393);-0.7153774147744134;0.5324212425162111;0.37945035765377433;-8.108784929217638;-1794.3305355488687;-151.42329939531066;-2.904790478747185
('challenge', 394);-0.850782214986317;0.12893445996341643;0.0715408212202083;-8.28038759397685;-2407.1762551685583;-150.76188383054438;-3.2473108316965322
('challenge', 395);-1.697095752126627;0.4747360250514866;0.35010381787741707;-10.935088760048002;-6767.115728125007;-200.74126160501592;-6.765401023988125
('challenge', 396);-1.1536339155702295;0.10178286389686225;0.07930532770431893;-8.108784929217638;-1858.433719105591;-150.35854612434545;-4.367118429722092
('challenge', 397);-1.8844784548365017;0.5352804345577553;0.3880015857829301;-9.523204888727776;-2679.5729005271555;-163.69475055881264;-6.1646450612570005
('challenge', 398);-2.0582514501028695;0.331636815554443;0.17003486461594522;-10.583443164514271;-6007.396139094191;-177.21770805673904;-8.246052654492956
('challenge', 399);-1.4822636468194028;0.5338991191561078;0.46955236739914086;-14.332947240444641;-8267.249395542782;-167.435150447375;-5.247615415272461
('challenge', 400);-1.371782370048338;0.41316198036415086;0.29127371228520316;-8.432502091723828;-2903.935864013096;-197.84802704392294;-5.50461284618921
('challenge', 401);-1.235044046398078;0.19974119713673127;0.0582173921290753;-10.682288999150904;-4583.080446395999;-178.15550670969586;-5.12665905145922
('challenge', 402);-1.7274736061205165;0.16105453159947972;0.08341976896439461;-8.108784929217638;-1967.233824156816;-187.15162218176218;-6.153407790304955
('challenge', 403);-2.1122079263519895;0.4894827638970508;0.17041376485001247;-11.399090370608738;-12052.656122263592;-188.78974479030106;-9.464017367527381
('challenge', 404);-1.549504487192445;0.11472044901360942;0.060977659970664295;-10.845572162541433;-3468.948424369506;-132.67959471876304;-6.156624735196759
('challenge', 405);-1.2716721352616283;0.3886601454113095;0.1576826181312715;-11.188794961772377;-3740.948078525545;-123.82101957538173;-5.329497847638625
('challenge', 406);-1.3370837638740805;0.4308113299169598;0.34025350296948337;-8.244355982605937;-2315.9173019160608;-186.48487248101097;-4.792727998116713
('challenge', 407);-1.256931768254464;0.23926576544248032;0.08829016423922258;-8.12879359992631;-1777.8003143893782;-131.30241162429053;-4.603294432736289
('challenge', 408);-1.0866321332403428;0.3949318492318814;0.3177103684281528;-8.107992849968305;-1878.7338144895123;-215.90911180318548;-3.615294377574598
('challenge', 409);-1.5087107160620077;0.4160088109050748;0.33850392816909164;-11.737692533487776;-10667.9234308163;-225.28830429282664;-5.372299355112927
('challenge', 410);-1.680541663636305;0.5172883743187673;0.2591548800798162;-8.12879359992631;-1893.7694932656782;-151.89322183932387;-6.522286215198668
('challenge', 411);-0.9929400216086244;0.13825719876767356;0.10651303212451751;-10.965651410458168;-7028.788545385639;-233.4096463734515;-2.9031532446545323
('challenge', 412);-1.2651948142433993;0.48482798711865477;0.22993911940933992;-8.12879359992631;-1622.5918431174698;-126.54547317062388;-4.863792165569306
('challenge', 413);-1.7245363630402788;0.5149011937999175;0.19855211142697937;-8.108784929217638;-1718.386227602922;-185.5862396932768;-6.911522848645992
('challenge', 414);-1.5364719556940243;0.1889814106895774;0.18887007343540815;-8.471022064691645;-2160.6332309836102;-197.79864336198875;-6.823518024815624
('challenge', 415);-1.2247268207242874;0.31077039107076165;0.20055671411625534;-9.396317359658882;-3135.1581023204317;-222.70260458467;-3.8250898428495685
('challenge', 416);-1.2065705406239866;0.1571088557394158;0.053629642758469015;-8.996371161779514;-2400.0058158992842;-151.64053528185647;-5.018831731694826
('challenge', 417);-0.8600567646686826;0.2487699560496512;0.07453888410560061;-10.298706602292247;-3207.5080956826196;-150.61649986640214;-3.24362459020756
('challenge', 418);-0.9277932289025144;0.3717740846942962;0.1161141370921017;-12.874332217745126;-6139.0243065143495;-151.47257440002315;-3.3273070691638154
('challenge', 419);-1.593353207565924;0.6221453047926855;0.3842813387799192;-13.691093354272247;-6323.422831263676;-157.39441416345534;-5.638448544191318
('challenge', 420);-1.5398640670759691;0.36073531948041193;0.16434483352458357;-11.791345246980097;-5075.684423848016;-198.03679956896121;-4.698120319180118
('challenge', 421);-1.0489480563501221;0.1333828411573485;0.06561918581286472;-10.126763196467005;-4323.609042011912;-147.5814850144648;-4.374598963597649
('challenge', 422);-0.7170026139694776;0.08816072197350328;0.08754640416951287;-9.781177831183665;-3481.0676277807947;-205.76626902750235;-2.615681359291098
('challenge', 423);-1.6357854146103612;0.08971529124777625;0.06391065191830883;-10.334746538775443;-5041.577947321088;-208.7314256661423;-5.311378496000209
('challenge', 424);-1.2946701312473392;0.3447969004152187;0.2545515369994425;-9.089614182229365;-3043.322547390144;-199.4965104775709;-4.871031096010274
('challenge', 425);-1.3613339663162494;0.5356174091251669;0.5108536103556466;-8.108784929217638;-1991.8986250102964;-184.32086356324575;-4.83263562198867
('challenge', 426);-1.3853298452796932;0.40446847346548787;0.24441596015568;-8.108784929217638;-2039.4815243594678;-212.70620318659127;-5.26861338111969
('challenge', 427);-0.7858065907812741;0.35006159483984056;0.13198460092047012;-12.331467240234518;-4848.185624178916;-141.8120343664952;-2.9280409852201315
('challenge', 428);-1.6572379793884644;0.11480627050185266;0.07455348045666417;-9.49904912484844;-5556.134277763468;-217.42203588677472;-6.215684973372136
('challenge', 429);-1.6111660162011467;0.4723927964930129;0.3086662572992396;-14.070582975977151;-9812.81233481766;-181.13063068813744;-6.11843476757935
('challenge', 430);-1.6127284695456843;0.5819649836882144;0.4518596416209029;-11.82334797806627;-4247.156412080489;-140.29659611765095;-6.658538043952888
('challenge', 431);-1.4168990768411687;0.10053095712095003;0.060056991984373004;-8.924879009937486;-2916.9946663207415;-212.3564127160642;-4.711690722938564
('challenge', 432);-1.941545595660445;0.47356995862084894;0.3756834528859137;-13.639800059884696;-6116.0517612865815;-192.46068674129046;-7.582947419501023
('challenge', 433);-1.210869001607674;0.39640968054632497;0.24467874900609451;-8.12879359992631;-1789.5072543753988;-130.27458008096062;-4.897448676401814
('challenge', 434);-1.5585743006157975;0.48068234291202716;0.43247938489464083;-14.556090791758852;-8453.748222289647;-187.10561840580314;-5.47920582123626
('challenge', 435);-0.8503348703881525;0.17892556424175549;0.2467840856308652;-9.363133940868641;-3668.5622522717686;-230.83509641366476;-3.286659275132018
('challenge', 436);-1.7566402901660003;0.3486356045521311;0.1310589488762522;-11.184493879872987;-4266.723790845771;-173.1137413286594;-7.664752720370286
('challenge', 437);-1.489419454670224;0.4492229439332643;0.20450441028162913;-11.184493879872987;-5088.376718919514;-181.62117827043735;-4.98915753246326
('challenge', 438);-1.256745311552231;0.3408337881706499;0.19391058557501795;-12.628199148206216;-5509.722931345373;-167.59765046017856;-4.588783719885762
('challenge', 439);-1.6466242148994097;0.5826374884024265;0.4624688415558053;-8.746447926403173;-2298.476068898008;-153.35180519674057;-5.8279448628104085
('challenge', 440);-1.671870527512683;0.35805941944862696;0.12049710928755691;-11.48224073894091;-3963.3503019729965;-133.63027365339596;-6.397939740314548
('challenge', 441);-1.7225537440486305;0.22934057201569602;0.22789997615905133;-10.49996744235695;-6784.576052467599;-199.5665184898394;-6.941646640540218
('challenge', 442);-1.376638846922119;0.32259440988448584;0.2207056532557748;-9.48876015398605;-4140.501405980497;-191.5928922838966;-5.142534688087475
('challenge', 443);-1.5379758417253193;0.11266456235804435;0.0607349922384353;-8.28415762671739;-2081.3744185196138;-170.61752786597654;-5.326641150722033
('challenge', 444);-1.3646397369318135;0.5413799696777706;0.30714923793002474;-10.626719147996093;-3349.619537908137;-143.98020772794345;-5.334464271257415
('challenge', 445);-2.1100723810383926;0.5111075028759751;0.4275335258962003;-12.304798993152357;-6972.261465261124;-179.67823279487516;-8.280153958885922
('challenge', 446);-1.873008971155413;0.48327186895908764;0.3491555256865041;-9.686635111125375;-4768.8144697695;-230.05642485922954;-6.119423619552765
('challenge', 447);-1.1874922357313251;0.5193692341735316;0.3563549594603386;-9.717826723603382;-2793.375391369001;-127.97772415305374;-4.588459446458573
('challenge', 448);-1.1854386259416438;0.4543666247907898;0.1900483404358167;-8.15500312639404;-2332.7796121915776;-166.5841757094117;-4.425391334351653
('challenge', 449);-1.662133207222773;0.5513204507372054;0.3805396954202721;-8.966037082430994;-2498.5024694420895;-168.8160468400766;-6.525606204376344
('challenge', 450);-1.6091275116177581;0.2829620871140996;0.22937351331065278;-12.401425828841427;-4803.446814548193;-155.72871372276424;-6.528972387091713
('challenge', 451);-1.4368993881719931;0.07479475980086187;0.05441632109322558;-14.689622184383374;-7528.933107358775;-161.8457625231449;-5.698921898732371
('challenge', 452);-1.3760564611246546;0.5036940920194592;0.3533955122241113;-8.108784929217638;-2621.5812930645475;-189.72857345477826;-5.1324911749883295
('challenge', 453);-1.6549458659658118;0.3133883359944558;0.24388456237770956;-11.048283675038437;-8013.142456908108;-211.57551703232758;-7.092462249654117
('challenge', 454);-1.5045204309005866;0.45606353199438127;0.40820399076675695;-8.355581617716162;-2111.3198047577775;-179.56426860033858;-4.521950528507653
('challenge', 455);-1.492590792291559;0.5226384545687693;0.4647342706476013;-10.55331342306224;-4818.010442372214;-228.70201620375894;-3.722440134841244
('challenge', 456);-1.4489947390472986;0.17977744600155932;0.0884140024449181;-12.874332217745126;-14101.728220607012;-186.23742117153148;-4.720801099955688
('challenge', 457);-1.6649063377028197;0.2855750337684252;0.08580526503535875;-8.108784929217638;-1754.5646227344291;-168.8332125348138;-6.811138135911404
('challenge', 458);-1.91483439133032;0.26932857692322765;0.11191235813782671;-14.332947240444641;-27144.90856478927;-165.5885094789767;-7.179945406729282
('challenge', 459);-1.6182491637319663;0.5826147255364537;0.4343756344031233;-9.557190753881017;-2684.877435505834;-139.44034460281372;-5.975672989358624
('challenge', 460);-1.430367267960039;0.3779059275706321;0.11450381177472733;-10.551032920363516;-3375.820139323554;-183.9188134249038;-4.690486213159645
('challenge', 462);-1.3292100396292963;0.48112257231457023;0.2282315136374569;-9.185452763631188;-3436.450099061406;-261.7359099529443;-5.861970899766135
('challenge', 463);-1.384437020319026;0.3606695808010756;0.2881937298121407;-8.108784929217638;-1995.1930939642198;-203.88056107200694;-3.824085985701245
('challenge', 464);-1.503492478674625;0.4658108452947998;0.3918807212475284;-9.744923213291521;-8143.025889179452;-211.27175688778354;-4.955725688131649
('challenge', 465);-1.3085817678564087;0.47485599034585846;0.49194403254081537;-8.108784929217638;-1816.0762087405544;-188.7247131727619;-5.088266396774448
('challenge', 466);-1.2543322005532103;0.29628028113185784;0.14446182905891838;-8.999262730059314;-2561.324008507394;-182.7830144473326;-4.645930699371233
('challenge', 467);-1.3775792126659454;0.4517068968546399;0.14125116207867566;-8.57404546656736;-2709.480483541793;-171.76241460449162;-5.1337301516987175
('challenge', 468);-1.8103038372891205;0.22005569368787026;0.1347151359850824;-8.745698582044392;-2974.6770858969267;-152.2327989083373;-7.22140358576761
('challenge', 469);-1.9381641947723465;0.44380682964367646;0.24978585661005087;-8.108784929217638;-1844.9544930766688;-159.76039683310543;-7.9630361139318975
('challenge', 470);-1.5086395662354988;0.49021063181812574;0.20927264644497584;-12.401425828841427;-4776.882345729693;-147.0688992492136;-6.010591491406995
('challenge', 471);-1.6124668708537275;0.5153915615074851;0.23696554481183194;-8.12879359992631;-1878.3431491255303;-146.8608434665356;-5.628115317584028
('challenge', 472);-1.4102866820141746;0.3398767336184544;0.1797291091808691;-9.270985319183046;-2613.3391692201412;-159.9825755185289;-5.116523785888531
('challenge', 473);-1.4684655880145272;0.5458118664529632;0.22856305126277524;-8.28983946018482;-2476.8481896668445;-136.17579361824576;-6.145236619164845
('challenge', 474);-1.4266713133159226;0.36659201198552627;0.1840580475211847;-11.442575482548477;-5725.658310234378;-161.7654928593656;-4.809238548327349
('challenge', 475);-1.041198696630371;0.36474465171650217;0.12499654762181522;-8.12879359992631;-1579.5197237924597;-118.58468365444254;-4.103016457156159
('challenge', 476);-1.7585273726900308;0.1157496460316185;0.14870356510838906;-10.175627879061153;-3593.1159791201862;-194.99737015805277;-6.640440828035725
('challenge', 477);-1.2438090158312236;0.3905077101020797;0.39383706329512946;-11.917033462143593;-8169.418175843543;-219.7311630999185;-4.3697499710890515
('challenge', 478);-1.3802614887275741;0.4802135413667572;0.27595052135142817;-8.12879359992631;-1966.2315833154005;-142.29371048556857;-5.793360237411833
('challenge', 479);-1.632420524307191;0.511281559768;0.32066697674291933;-11.523544545082144;-4143.0984999394395;-170.36590985511265;-6.2456892377357835
('challenge', 480);-1.7534239830539287;0.16778563825141257;0.10313134403132973;-8.373489489471746;-2440.7024283185583;-164.9960158507945;-7.129479881990975
('challenge', 481);-0.6919553616249366;0.08548858347020323;0.061295389661996685;-9.033630373563522;-2417.9570828310725;-156.9275729063438;-2.752297326078017
('challenge', 482);-0.7874342010735755;0.25172785267813114;0.08554069001228787;-8.578471651472922;-2207.56756175908;-140.0093092894989;-3.2431621223799074
('challenge', 483);-1.3907140548717594;0.1888849011385026;0.06410358556741276;-8.108784929217638;-1565.942415899244;-157.5582303303254;-5.442151721373632
('challenge', 484);-1.6824049942178587;0.07779990604875128;0.07570887151284206;-8.337490672067123;-2353.882042386173;-209.61755345106462;-6.188924566451236
('challenge', 485);-1.7477520120048233;0.27480420095324926;0.2156653543416874;-9.416622625819628;-8385.729439979043;-200.933304995424;-5.827411183220648
('challenge', 486);-0.7631507759544832;0.22431967374889644;0.11477498647366763;-9.240424786876202;-2612.127055864603;-161.76683384605397;-2.649839306419734
('challenge', 487);-1.5015495345725518;0.62564276452719;0.44232847009594206;-10.535213381418624;-3282.557224215992;-130.80440732573075;-5.85693908116632
('challenge', 488);-1.19431463036887;0.2746815083212466;0.07817453598904331;-8.108784929217638;-1567.1191539670788;-158.71690188544258;-4.407622954876564
('challenge', 489);-1.8307056629265208;0.368486132848562;0.4082681496289168;-9.341155034149866;-2812.4587684969947;-208.50218793208805;-7.018984706010668
('challenge', 490);-1.3624754087436042;0.21989336055600173;0.10545565042864088;-10.185061911294511;-3279.8998829140437;-162.614011454477;-4.014301444216319
('challenge', 491);-1.135186569229891;0.2853057138672423;0.0938036266899188;-11.799250426487209;-4206.870014562218;-165.36158510143517;-4.377346522909536
('challenge', 492);-1.6955878376577729;0.4555180922863473;0.2970847048244403;-8.115942017422729;-1566.7009499254357;-138.25323512130709;-7.41622430741884
('challenge', 493);-1.760942792710423;0.2348878210027922;0.11472466650762403;-11.517538521021933;-7200.237199353233;-224.0054636577488;-6.272094549872643
('challenge', 494);-1.367451199954044;0.5274802852554081;0.39651819849399256;-8.12879359992631;-1979.3266996532516;-132.78960739666744;-5.15196331939809
('challenge', 495);-1.3371606390733617;0.12373485163104717;0.0454790608633046;-9.548794398928111;-3096.590818396989;-145.15564716938422;-5.629628300143199
('challenge', 496);-0.8261071826728946;0.1784764445937338;0.07041834584999673;-9.159059952274783;-2505.99477674685;-152.80126428546447;-2.955585913329593
('challenge', 497);-1.4117902241996216;0.3742630752143803;0.14023944532271015;-13.639800059884696;-6153.4234949687925;-145.24203445473074;-6.144303735156848
('challenge', 498);-1.5288122013127816;0.4937859868508453;0.18051156066995222;-8.12879359992631;-1601.9374848928462;-137.89977845996017;-5.7291479276827335
('challenge', 499);-1.4935932963118255;0.4229843402426994;0.30649988275402773;-10.921799527929318;-4052.0740703610786;-232.34975536139356;-4.521142128419983
('challenge', 500);-1.137735711554936;0.5039726288241947;0.32109394886383846;-8.396995403266919;-2147.694442217284;-154.09516018709377;-4.530067611136918
('challenge', 501);-1.0010430178438863;0.39181665220285183;0.31021871646881344;-8.495216793278702;-2599.1901190612957;-184.65479499872063;-3.291427160340404
('challenge', 502);-1.4214113932805474;0.14160015758761926;0.06009329877587802;-9.269087185111088;-2612.3472638852504;-169.9378014851991;-4.823492071482194
('challenge', 503);-1.4794655193475565;0.41223553435966265;0.2268159378545899;-8.467612970480872;-2177.9882713028505;-176.67125258975608;-5.3794350426383835
('challenge', 504);-1.3267041175998473;0.5686120176349305;0.4208282052397546;-10.332913357693782;-3250.5348219023554;-167.67692691959707;-5.348249275855475
('challenge', 505);-1.4417008756519736;0.35922187832625396;0.06522602927010104;-9.053303139162226;-3603.3974658658744;-149.4254048125979;-5.683144604684978
('challenge', 506);-1.646951022821347;0.5529738284896962;0.5084781378289384;-11.048283675038437;-6420.941100009333;-242.69463299026728;-5.591449365616868
('challenge', 507);-1.564286712410703;0.18508417714722963;0.0684215168402584;-8.108784929217638;-1917.4446097646246;-199.05842223832423;-5.11218247463622
('challenge', 508);-1.0169203788474483;0.5998376943184149;0.43990073877446145;-12.68428861485726;-14480.28882605209;-164.14725652125983;-4.11674398585167
('challenge', 509);-1.4756525068966213;0.5127290798700161;0.39149032429069175;-8.12879359992631;-1746.0670457897593;-144.62934818571875;-5.9628437614570196
('challenge', 510);-1.3772060114824718;0.07614240660440706;0.05999898189388823;-12.401425828841427;-4742.109571869248;-211.99286125071106;-5.308106222043221
('challenge', 511);-1.0367573932434757;0.46678430438077734;0.28145703975161956;-10.738378465801947;-3504.7087033147136;-135.71898453026972;-4.371937844922728
('challenge', 512);-1.5100787501691215;0.47590908631247486;0.32204119906034967;-10.935088760048002;-4236.446730060892;-170.27605135616594;-6.11929782125635
('challenge', 513);-1.8145101151486112;0.13133087174817976;0.056794527988045476;-9.854474707502508;-5499.621737439492;-151.21840006802188;-8.41349210849407
('challenge', 514);-1.0054552084067487;0.4761971124807823;0.36156483633900155;-9.153413409886571;-3193.2589286153593;-186.41706966210216;-3.095038737441927
('challenge', 515);-0.4909089756403919;0.2653870489908674;0.23463789706645105;-9.02765426016018;-2412.863266117243;-161.98299174515645;-2.1706751279048646
('challenge', 516);-1.4145363544084846;0.21590374321520833;0.11552046077359818;-10.217167397502475;-3062.041071990768;-183.00567949515784;-4.17757891191775
('challenge', 517);-1.373574817676231;0.2979595261577937;0.18642229285002948;-8.878481191406674;-2448.400225001257;-174.5476302846647;-5.936372568976108
('challenge', 518);-1.5263096424253029;0.4694961238236504;0.3243368615955285;-8.108784929217638;-1558.991407523778;-128.42600922041575;-5.418483129060692
('challenge', 519);-1.860866324770263;0.5133140922147552;0.4550329277525014;-11.154893410096696;-11645.104719406978;-269.0747673149922;-7.448559452428088
('challenge', 520);-1.9309033532210114;0.2367914665701854;0.08098970745035644;-8.185334010846729;-2849.599958484782;-207.20678485942014;-8.284240272717886
('challenge', 521);-1.4514442334719422;0.4015627013794837;0.31193427039644206;-9.269087185111088;-2612.3472638852504;-184.73615428645562;-5.055579988302934
('challenge', 522);-0.9300857820113404;0.3611867184323808;0.2501472504585802;-10.453447426722056;-3316.982025145289;-168.2061315197391;-3.5420574390497017
('challenge', 523);-1.5896891821333368;0.30515404979907;0.14692344906219584;-13.591009895715265;-8056.70911240243;-199.2524870714618;-6.118923890049342
('challenge', 524);-1.1454733811972853;0.48631908141861496;0.12204834929572955;-8.108784929217638;-1895.690389553599;-169.99408937393815;-4.501328035943417
('challenge', 525);-1.1542647997969273;0.5712601645535154;0.43205487138158094;-9.269087185111088;-2970.0788608147795;-165.35134634329344;-4.496026729136267
('challenge', 526);-1.3728552126400513;0.07926922985396148;0.06156153966120432;-13.457478503090742;-8957.355587350818;-218.2650654614224;-5.359989638745333
('challenge', 527);-1.3744781937600916;0.09886879105931495;0.055978565491956844;-10.497805279352454;-5531.691743157261;-228.23463101161218;-5.787214037252207
('challenge', 528);-1.6841508267171397;0.13311908932935007;0.085231489052145;-10.39136543277495;-6539.499582446961;-279.5911307295696;-4.85306715459748
('challenge', 529);-1.4582149016100807;0.3215015883016835;0.1856909896529304;-10.050740941052972;-4379.41690232699;-172.30999596502457;-6.377624263635305
('challenge', 530);-1.78143644190186;0.454865020478239;0.3171893801553794;-10.101743495505344;-3628.9006524503397;-200.91892259624012;-6.902700537444795
('challenge', 531);-1.8352213165689732;0.2509312044492396;0.06507789799797822;-12.628199148206216;-18849.386940325592;-252.17154624286266;-7.641863613937618
('challenge', 532);-1.4627296844863276;0.14270397178023664;0.039281143180512075;-8.108784929217638;-1947.7485199237221;-137.88518817902727;-6.136648779858476
('challenge', 533);-1.5086456070693792;0.3382623606249412;0.18207258338845544;-8.108784929217638;-1887.6490169864805;-178.7269839482522;-6.081936023347838
('challenge', 534);-1.414821217411495;0.5262013222654238;0.3803288596314427;-8.108784929217638;-1567.1191539670788;-126.3541726307559;-5.5150946747719605
('challenge', 535);-0.9997405446525831;0.09511960568249651;0.047224178638491786;-8.108784929217638;-1558.7057733148733;-161.7559896706216;-3.573942077607978
('challenge', 536);-0.731955065213935;0.2263005002902407;0.22834965956283998;-9.233080812620443;-2681.6710284455075;-161.38199934513997;-2.795220023365997
('challenge', 537);-1.0297776320220349;0.44640081642798723;0.34100988386049486;-9.178500244316307;-3892.9163992863646;-165.85245297921824;-4.229971448608865
('challenge', 538);-1.6437755939340792;0.26266877576891956;0.12774163297620694;-9.97623841375505;-3302.097332852746;-156.52992586744668;-7.0754006672772585
('challenge', 539);-1.881790261974398;0.07586789379939814;0.06567232117861752;-9.755148251252683;-4085.614254300784;-221.7869071990849;-6.348535946142526
('challenge', 540);-1.1368490078739055;0.4246106913681925;0.41738134099928215;-8.108784929217638;-1558.7057733148733;-155.90271809176798;-4.61106117584755
('challenge', 541);-1.8064306976445952;0.3201718398008767;0.08987664205319869;-16.635532333438686;-28276.601353866252;-221.95923115574047;-3.607450665951102
('challenge', 542);-1.757078110498643;0.10307034674867821;0.05281900249673661;-8.109577636353878;-2140.2963149588654;-247.70845256964157;-6.531124842650133
('challenge', 543);-1.343779030126065;0.5672328878934028;0.379507609505543;-12.946652879324752;-5524.523840740525;-143.83293166440657;-5.22394094887768
('challenge', 544);-1.860630128652935;0.13631238492496592;0.06298210731822856;-13.234334951776532;-5766.862357184247;-160.19119720576737;-7.225880544948786
('challenge', 545);-2.0811207608126527;0.46306025525203776;0.39981235727863573;-10.235274888129867;-5834.909103517634;-211.5189749582518;-7.95432209565167
('challenge', 546);-1.8932123580968514;0.23504743748047327;0.15531437364792253;-10.677107640408906;-6501.040416469177;-194.58973585007365;-7.591099291463036
('challenge', 547);-1.7698220501226727;0.17555702339378446;0.0824033399175135;-14.070582975977151;-8515.70131726193;-212.7893399986797;-6.069641191313299
('challenge', 548);-2.006929912903504;0.4800671114216385;0.3034458769553225;-8.108784929217638;-1760.9744164931492;-190.2785358812672;-8.48212558767125
('challenge', 549);-1.9605655440341283;0.41944998175265996;0.25253378031918305;-13.639800059884696;-24410.518998784493;-246.13668848060763;-6.546339372138512
('challenge', 550);-1.5470992566203163;0.44003783133040364;0.27749122202854654;-8.108784929217638;-2013.3724002514753;-142.7430381204491;-6.541705229941618
('challenge', 551);-1.2929340290818887;0.32419904302543395;0.1829213472351781;-10.302252705298997;-4476.305559152054;-209.1386363175526;-4.654265405129293
('challenge', 552);-0.8594446063995478;0.08317041171502623;0.055500512088813125;-12.997946173712302;-16571.35877667518;-167.88019815180377;-3.4055379188132076
('challenge', 553);-1.5678606062163691;0.12958652719478192;0.04881277114627481;-8.480744760670168;-2164.838754566351;-136.0546849579896;-5.8529391887245446
('challenge', 554);-1.3917059744990958;0.1925546225113885;0.06977506855288079;-12.575089322892268;-4909.709587285898;-154.21480698250681;-4.824082105122997
('challenge', 555);-1.8323993319300949;0.1069487521271101;0.11723487960499435;-8.108784929217638;-2435.8646464769345;-194.23390518101166;-7.563014435978102
('challenge', 556);-1.4312878126743396;0.13740526161122268;0.08334070760776824;-10.152424981981488;-3089.133750570607;-175.57526148422974;-5.787802088934569
('challenge', 557);-1.2577684440593107;0.08857285151800295;0.06133312696002421;-8.108784929217638;-1608.1536786991524;-163.18425208200503;-4.662137697148765
('challenge', 558);-1.3559792078696378;0.4868766945347335;0.28633537796657205;-10.528509445696432;-6611.775653289506;-176.90123283946815;-4.785055558204322
('challenge', 559);-0.9307007125515795;0.5327975060849216;0.3330989256708429;-9.726777554123467;-2777.5033235014826;-150.3017305395943;-3.265713253467232
('challenge', 560);-0.9451112289406323;0.24742896826924396;0.09337383862038498;-12.874332217745126;-5235.738997899264;-167.77415647196074;-3.433683197191064
('challenge', 561);-1.6329934798970658;0.5146437540193773;0.2291201648097586;-11.611651812592411;-7236.395773417778;-212.3738402387142;-5.254950721657944
('challenge', 562);-2.2922027899961566;0.3937850030666286;0.19213229088646683;-9.126197067422096;-3158.6014513399555;-185.10094642354488;-7.819942350598607
('challenge', 563);-1.4896672949277208;0.29995161572083184;0.08782396732564313;-8.552821199201107;-2196.271540063561;-150.46137740186063;-4.571365208227357
('challenge', 564);-1.3607064922520298;0.5182478579392689;0.1657483920328076;-10.484929564992408;-11420.708699577262;-165.19951971957795;-4.8961878884400285
('challenge', 565);-1.965879882213221;0.3550524895138592;0.17454367118626846;-9.67518460433738;-5914.36124694254;-227.31753272217637;-5.988864525415883
('challenge', 566);-1.509784194652218;0.18202575402218873;0.09548427376601747;-16.635532333438686;-17069.903181309248;-171.93884400367543;-5.88593379634223
('challenge', 567);-1.6504470022205686;0.4783985227351274;0.11418617291511837;-10.654118122184206;-4312.49403170757;-159.27954108167162;-6.513500050457071
('challenge', 568);-1.8825220058591217;0.45843507036324477;0.2677748566725792;-9.714860829190004;-6346.261534133447;-259.455206202351;-7.472881503724177
('challenge', 569);-1.8795557870393165;0.41471441414034044;0.21847635064467025;-12.575089322892268;-5274.973910107401;-173.37633590449659;-7.014986001396462
('challenge', 570);-1.824718122256311;0.21905257689156804;0.13243835382370536;-16.635532333438686;-29881.981741580672;-252.02569804771795;-7.509775594081606
('challenge', 571);-1.4221814631626735;0.39006464643650846;0.18966944038922245;-12.060821354935305;-12928.590787016552;-210.7025563499504;-5.624151734797729
('challenge', 572);-1.7671866298562766;0.08584880301934675;0.05426343678087931;-9.686635111125375;-3462.477009489818;-212.9029867472159;-5.8955130184115365
('challenge', 573);-1.5314848881421397;0.5017050997239643;0.39149032416212515;-8.108784929217638;-2142.044727328554;-211.64249818775988;-4.740747575474407
('challenge', 574);-1.083726503316745;0.4384921528303232;0.21595932446321492;-9.826493027395708;-3429.209253510208;-160.34228584933197;-4.185505780632381
('challenge', 575);-1.430889749599761;0.15829199415268203;0.07051274612340286;-9.836476471379891;-3244.0046861804376;-156.07045191441745;-5.8916015025383786
('challenge', 576);-1.5583718235382509;0.5205901112807668;0.32969450359439445;-8.2157314880311;-2738.6052497184837;-226.7917375417318;-6.320733519063536
('challenge', 577);-1.5072346757359822;0.40115199507173144;0.22163303055227176;-8.849811436904064;-3331.5795628184114;-210.90041490468406;-5.7979444962410955
('challenge', 578);-0.9741069857142255;0.49830927763288846;0.40451712058789474;-8.108784929217638;-1876.368819542279;-158.0405274625473;-4.100365590126163
('challenge', 579);-1.801314835879174;0.11983751379924631;0.06521746480057206;-9.246586235820251;-2555.80138468348;-153.5435794044002;-6.816149633481213
('challenge', 580);-1.8889790287880437;0.5203910477880634;0.30388051525563015;-8.473871881382406;-2819.7795048091557;-161.2969378093663;-8.350556046748936
('challenge', 581);-1.6425525116595372;0.4528789584863405;0.3645248260705082;-8.108784929217638;-2123.750027823073;-239.4490592333342;-5.599375660885211
('challenge', 582);-1.990472043259665;0.15169265546049487;0.06260351485471173;-11.83151128870543;-4359.442733022889;-154.82944361251236;-7.278995462934916
('challenge', 583);-1.640095681189418;0.24396081605941797;0.05668453078006804;-8.12879359992631;-1702.6716912379677;-146.27930517148627;-5.3729189331287674
('challenge', 584);-1.6217288838878723;0.5150993763970066;0.28767274222673866;-9.755148251252683;-3588.9356850291792;-169.66206982737543;-6.875594181514345
('challenge', 585);-1.0957846907733895;0.4052441863740931;0.2772780907125135;-11.679705275837426;-4901.311496827268;-175.45828076479634;-4.164058033097799
('challenge', 586);-1.438400400293326;0.509221981634604;0.21743816110540443;-8.108784929217638;-1558.7057733148733;-156.97772683426155;-5.508429963750454
('challenge', 587);-1.9794122995981025;0.4592962009286542;0.1564926172190572;-11.241904787086327;-14606.886038224391;-219.38837603004743;-7.483775381283337
('challenge', 588);-1.4488425624195185;0.49087481716901327;0.41102965402639274;-14.556090791758852;-14320.30869158138;-159.9168018597112;-5.911226585708327
('challenge', 589);-1.8046682135392575;0.2829481299424591;0.27090953530377854;-9.655456392876925;-6846.5377169302155;-231.70997181835153;-6.895826901940299
('challenge', 590);-1.6255909423814736;0.3421460808903084;0.158557546818985;-13.20154512895354;-8284.436786893075;-184.61946919639817;-6.454923178839428
('challenge', 591);-1.3174576427711278;0.45469772007803894;0.26146646465326856;-14.556090791758852;-8763.202934800525;-183.48152193517552;-4.673281627526102
('challenge', 592);-0.5948392363193901;0.4976327030628378;0.37369422805959096;-8.108784929217638;-1755.654558025077;-143.62897945686848;-2.3632877623885564
('challenge', 593);-0.7254273723649273;0.30939530467993304;0.09004420955969061;-8.108784929217638;-1908.5127588864505;-146.65404979867844;-2.8505983714373597
('challenge', 594);-1.244244610040549;0.3663593858114227;0.154665256659216;-8.108784929217638;-1609.663212345546;-154.53839460010775;-5.364296064910248
('challenge', 595);-1.190629355073168;0.526416693812774;0.47990122778035355;-13.268236503452213;-9303.925076706006;-206.56313714889095;-4.959300135469386
('challenge', 596);-1.50607929175694;0.2847965775906284;0.11040530984669507;-13.339695467434359;-10180.577416966995;-242.9024238213604;-5.888553565320579
('challenge', 597);-0.8657147718010003;0.34553259716117884;0.0827718638574632;-10.612084740477655;-3920.8605551372884;-173.82574211020508;-3.624071399028084
('challenge', 598);-1.0875882553301626;0.5135555967524064;0.08599308258098726;-11.592107216519441;-4033.435005492909;-146.2622745934704;-3.6910581040511357
('challenge', 599);-1.3636807006015976;0.5554718592951334;0.3951287448844533;-12.124672826921838;-4486.762943141785;-187.30677532145273;-5.097522146372155
('challenge', 600);-1.5713958546545672;0.5232396680811356;0.3487759169601274;-8.108784929217638;-1864.8209314604514;-175.72462266668106;-7.046251740381121
('challenge', 601);-1.2932599111407699;0.4121663557029836;0.37148569558761213;-9.218552712057534;-2509.518004922646;-202.76331791645293;-4.2559134408609625
('challenge', 602);-1.3069867199191885;0.47169441916028365;0.3725536469787478;-9.781177831183665;-4157.897539724479;-212.17797664359227;-4.551955751140884
('challenge', 603);-1.6571441300874303;0.47940417111978145;0.4113977665815845;-8.108784929217638;-1565.942415899244;-172.2745633660909;-6.375194879116526
('challenge', 604);-1.6610903238715817;0.4149660663090771;0.23145746364948133;-8.28038759397685;-3021.4126125456955;-225.7287836119814;-5.914411483906894
('challenge', 605);-1.021684528430835;0.37019530818048485;0.14064950190394634;-11.36767417437536;-4015.9336614867843;-165.19696551341457;-3.749324626293328
('challenge', 606);-1.4545004845126575;0.18225957320582195;0.048653749974825466;-8.12879359992631;-1764.7254601063637;-145.32239982137264;-5.527166471132054
('challenge', 607);-1.5128362855600077;0.32633984621466144;0.3134929758037635;-8.12879359992631;-1610.457441227928;-145.10658722059804;-5.998079582445566
('challenge', 608);-1.0293040288565176;0.4784670922636156;0.18695846895177587;-8.108784929217638;-1558.7057733148733;-159.50343594336894;-3.82043774095919
('challenge', 609);-1.3026365209687196;0.49226950437182476;0.2563299261713392;-9.82870297304651;-4671.523825716601;-177.58840604902667;-4.814242993900713
('challenge', 610);-1.8004335573559005;0.5386951526143114;0.31165080504372267;-9.47158564909614;-3048.2965395350584;-214.21314882602127;-6.239384962973727
('challenge', 611);-1.6609357194482681;0.08815995474577946;0.049164067151187346;-9.31170176723637;-2556.239624009897;-144.62444793917103;-6.541978113837142
('challenge', 612);-1.1791735586985446;0.4375873181203396;0.23680412843826287;-13.268236503452213;-10352.07428009172;-176.48178467870932;-4.767326688453454
('challenge', 613);-1.828733480676437;0.1289632224636751;0.1203094678469564;-9.764441038828142;-5023.184199648023;-229.5554582288542;-6.183402684237066
('challenge', 614);-2.0945558429637963;0.4826307569427682;0.3440389558578095;-12.401425828841427;-5331.189716508748;-181.7615146289269;-7.535102120191526
('challenge', 615);-1.629096772366451;0.35166774735633544;0.13633203835565783;-8.11275476372855;-2011.2328274328927;-161.91062625442353;-5.811845203818402
('challenge', 616);-1.0637774462053389;0.1442926466792269;0.061615430659242326;-8.558395694900234;-2198.7215268046757;-138.03495165227665;-4.3425291527677095
('challenge', 617);-1.4358891247580838;0.3807508986366351;0.23676206462943722;-12.68428861485726;-19172.01457375824;-204.4195657877708;-5.5723199606174045
('challenge', 618);-1.7308592428205096;0.36910391677823984;0.12275633837391806;-9.539639112341156;-4208.53109063543;-213.3550177860367;-8.098799660597074
('challenge', 619);-1.250851487386261;0.45017736997464985;0.2996680902129578;-9.08277024922454;-2441.8378625482055;-198.46950695836424;-4.349863633497209
('challenge', 620);-1.0240768400760552;0.460485290650092;0.47898705056018553;-11.269556318416836;-5282.944721027929;-190.87665524531758;-3.2725493118285955
('challenge', 621);-1.3698754216945577;0.550747041894551;0.29916865519237823;-11.873358398640931;-6007.843233643878;-160.44105171323022;-5.511405647541432
('challenge', 622);-1.3115739536811806;0.25637806081160935;0.10396288478136897;-8.340483193003577;-2132.1806159926455;-138.78910507890026;-5.668155824858451
('challenge', 623);-1.872204535886545;0.09880316644496423;0.06911718931551622;-8.683973002283436;-3023.162742923641;-200.2010909986032;-7.118918331173856
('challenge', 624);-1.6925823075941773;0.35157350411360033;0.18662693141918887;-10.915220556831276;-3539.765740544164;-170.38047348497625;-6.640029272949069
('challenge', 625);-1.7650924371618772;0.29229063465057437;0.08073809192101389;-8.144272524048954;-1822.350555903922;-137.57086998313216;-7.5617377823277385
('challenge', 627);-1.349973677226897;0.15254111917005375;0.07791780031324165;-8.108784929217638;-1893.610829904614;-209.36186343650607;-5.724082046171721
('challenge', 628);-1.5292821611072298;0.14706642206609216;0.06282908314506587;-8.108784929217638;-1961.8552579530442;-131.49491933684993;-6.057518724850649
('challenge', 629);-1.6331448840383482;0.10654069281904854;0.04109385636279406;-11.04454535292783;-3635.5316318428204;-128.17577561366522;-6.408466049409
('challenge', 630);-1.7165510460030866;0.503898043505623;0.3386403394618867;-9.808987109882093;-2844.7715328172535;-161.76310651369278;-6.860300654885222
('challenge', 631);-1.4951610903100105;0.4985582461631528;0.46705152781741255;-9.141658446655129;-2587.2060000377924;-222.79671349032174;-5.145955820471299
('challenge', 632);-1.5499168158499863;0.5469700592159935;0.49522725152928765;-12.401425828841427;-4803.446814548193;-146.88912963652209;-6.131540631594785
('challenge', 633);-1.4015433265527562;0.19424318085182846;0.06740694316174128;-9.57162837196662;-2692.6412862667044;-138.4973065970332;-5.903860711733193
('challenge', 634);-1.1884267876782284;0.26799187069756136;0.23927757706556482;-9.372903732464446;-3267.3863901478835;-162.22481383680775;-4.312357806209049
('challenge', 635);-1.3631331743351507;0.45496423362635063;0.2639384935269806;-11.899333885044191;-4987.963897907599;-165.55775240749045;-5.236103024692241
('challenge', 636);-1.313231248720969;0.36409849269450373;0.146396571439537;-8.343484696007334;-2193.28627624518;-183.60702907927296;-4.8686622930032994
('challenge', 637);-1.2753074586475943;0.15382355653194624;0.052495441559543006;-8.108784929217638;-1688.7229712219537;-147.06481134327353;-4.945759575737949
('challenge', 638);-1.1971450695031478;0.5606218099565345;0.4005625395963194;-9.269719496229216;-2612.677648019241;-145.9316298597289;-4.885215347982671
('challenge', 639);-1.4551578340263984;0.5691395917756296;0.48288984409748226;-8.108784929217638;-1928.8049654477466;-169.58023398278053;-4.807548811812635
('challenge', 640);-1.718909049113313;0.3090348192947898;0.23518831449572028;-8.701735458623276;-2577.307879368081;-161.08585669937568;-8.101296519286176
('challenge', 641);-2.088448746705444;0.5278392799415238;0.2797639128596608;-11.953401106314468;-9106.428005511638;-151.46907384926413;-6.802771132983136
('challenge', 642);-1.4623768799466363;0.5450801033209871;0.379588564924788;-11.560358518204861;-4035.0893408570755;-153.30622545531944;-5.824892372604293
('challenge', 643);-1.1811233313834781;0.4938934628486875;0.3009928213460076;-10.01946714830587;-3035.3451602041346;-161.788489755871;-4.239901708874713
('challenge', 644);-1.082051830002948;0.3188546482157343;0.1332369147294414;-8.996371161779514;-2416.2843596277835;-155.8781637233118;-4.072706561611758
('challenge', 645);-1.7365672369076388;0.3543657778311525;0.1166690723115314;-11.962703498976781;-9932.02070588502;-193.01539787322656;-6.760139617373916
('challenge', 646);-1.7279215522338875;0.5329933757930567;0.32246746163712453;-8.661687957494001;-3109.9486626927187;-139.2075379160401;-7.305877148547508
('challenge', 647);-0.6512677293303707;0.09363793981955537;0.15633548350319243;-13.862943611198906;-6862.223542617658;-181.98901036531703;-2.4510036359644127
('challenge', 648);-1.2525509396200112;0.09239791929934205;0.04203468629212842;-13.234334951776532;-8802.633251019888;-193.74357719292783;-4.894255195074103
('challenge', 649);-1.6767836404131655;0.48941798768512035;0.20938274869815326;-8.12879359992631;-1895.5968635099164;-161.53406822578754;-7.170157789621503
('challenge', 650);-1.1584468401820653;0.5558373209879909;0.4044363776488849;-9.890295983954326;-2867.218695594816;-161.13492171770488;-4.161904402423139
('challenge', 651);-0.9376183763820576;0.3679224962554811;0.15250784850665905;-9.264672166901972;-3431.017419747537;-205.87532217805602;-3.509021874307183
('challenge', 652);-1.241292125693582;0.38541888776988503;0.09667557606926652;-9.269087185111088;-2647.6803635923893;-154.32221744215752;-5.0755982214458735
('challenge', 653);-1.0554583807666573;0.27941311886465303;0.34532058158321827;-11.3223263543969;-3821.573310314696;-207.1773950355933;-3.621238586316266
('challenge', 654);-1.605447290733728;0.5309196331134347;0.2934865733053978;-10.548757606526381;-5631.093729154231;-188.59129427301121;-5.8271932983991634
('challenge', 655);-1.1412015151804062;0.34927027603042365;0.07770219478812088;-11.08257274851707;-3773.261260008879;-169.8230430765691;-4.889701426788721
('challenge', 656);-1.2922394342114407;0.521911257912477;0.10292742741907207;-10.958778531170406;-3553.5696536737028;-169.5813763922744;-4.158080639755509
('challenge', 657);-0.9647219708398495;0.35805805533864454;0.2396010711596204;-8.746447926403173;-2413.6672230578024;-153.7731876307631;-3.9962004920348817
('challenge', 658);-1.4290564664995848;0.3262841062588724;0.2508179423330174;-10.331083531016706;-4112.717901632445;-217.16220530883334;-5.383980379598689
('challenge', 659);-0.8960044893006309;0.13896788363477985;0.04939670724999654;-8.84483630226395;-2328.3600736930043;-133.20321320819016;-3.893141679280273
('challenge', 660);-1.061239791326011;0.4912357350178079;0.2997613961081384;-8.996371161779514;-2411.148383398179;-170.77513468917314;-3.9204289644161854
('challenge', 661);-1.692854612902865;0.4692080394371373;0.30724396298261164;-11.645099746659952;-4970.478852990162;-155.51884317016206;-7.160594093772951
('challenge', 662);-1.4480472194206702;0.1539275666794465;0.10225741397559213;-9.249681255313478;-2524.7276091635395;-179.9165209935323;-5.83507699323018
('challenge', 663);-1.9905619464665085;0.4256055337031537;0.060929691483419174;-9.092788788070138;-2446.7354971199375;-183.87337997367325;-7.542748160374232
('challenge', 664);-1.3934978720096562;0.36109998905085217;0.09607350156512044;-9.269087185111088;-3032.725444997335;-182.76984271145716;-4.217036456168254
('challenge', 665);-1.635994411678274;0.3631275620726673;0.21278031023452848;-9.81007229718338;-3674.204268510809;-180.56214362886604;-6.083750937646685
('challenge', 666);-1.6820670242871811;0.17794836589732765;0.059242212935039035;-9.026661704247427;-2411.0670494934893;-247.1580868062848;-6.074341731028668
('challenge', 667);-1.5456910910419088;0.4780732864133983;0.2934278304622353;-9.269087185111088;-3507.077562744147;-219.47667421286204;-6.526488242648987
('challenge', 668);-1.3236994492348637;0.32547731697068516;0.12400193491194883;-9.717826723603382;-3694.426351372075;-206.3759922645866;-4.11045691389497
('challenge', 669);-1.4238332412255963;0.49749837994038737;0.1867329649382337;-8.12879359992631;-1953.7696412877328;-155.36769460474173;-5.131763780188064
('challenge', 670);-1.119498147633557;0.4171008279109774;0.10348883940010127;-8.842357986249482;-2338.0108564979737;-169.10047722256573;-4.045174159746592
('challenge', 671);-1.8229062682856645;0.34627100101921643;0.20076277211150123;-10.194585792805766;-3174.6220113706454;-160.69599035842896;-7.6455704977007155
('challenge', 672);-2.057471870987318;0.5522923147951521;0.47879457593839503;-11.154893410096696;-6810.551907365306;-196.31852868219565;-6.9848799709707015
('challenge', 673);-1.6633382137250845;0.5136085086376725;0.22879456437048984;-8.30515076408927;-2117.166702264071;-151.00715966543888;-6.603431880733798
('challenge', 674);-1.2430636775848172;0.3661873751609674;0.30781444180286194;-8.156664256344119;-2497.569631988936;-159.95607892826973;-4.797988906175276
('challenge', 675);-1.1954568216159582;0.29683878403663566;0.07678438679456559;-8.12879359992631;-1615.2159212635806;-124.28966640001326;-4.822473238373024
('challenge', 676);-1.1378566303349162;0.5512379714252882;0.43253573608301543;-10.39136543277495;-3270.146819514869;-154.8980594934622;-4.7808906785518035
('challenge', 677);-1.7427353621456139;0.3345753350109485;0.2756542564155566;-10.497805279352454;-4714.14239210196;-174.6981162832837;-7.624551073505949
('challenge', 678);-1.651685404227544;0.5264711474345483;0.45446457822506064;-8.186189808930624;-2040.9898077711828;-175.64873553679473;-5.413685770814901
('challenge', 679);-1.6425630380870866;0.1381679635566222;0.06882659402079452;-9.545455497662596;-4542.971776584417;-244.53418531056093;-5.5291233011170275
('challenge', 680);-1.6461373819837317;0.4590674417024605;0.2020763833822613;-8.108784929217638;-2062.9748068341864;-186.31870996289635;-6.6939981481913
('challenge', 681);-1.4576503762322948;0.21042509484011615;0.09994633314032625;-10.49996744235695;-4250.688515347276;-189.5702834344642;-6.0825941281997356
('challenge', 682);-1.1500610992968059;0.41736545812021864;0.20799466245028697;-8.83906309035263;-2313.536756452233;-191.3133326974854;-4.356378185514459
('challenge', 683);-1.5128194875432381;0.36637098461325585;0.20807197565539798;-11.347265302744152;-4951.680564894252;-233.1500545248295;-5.55300174337857
('challenge', 684);-1.5507405198898565;0.44504839367970495;0.23102845719624784;-9.594995943222733;-2720.581031322326;-127.42914467744677;-6.339495544841871
('challenge', 685);-1.0329291138789103;0.19226504758639112;0.09577344061701265;-9.580219490098935;-2779.3461548053733;-181.91480047428524;-3.3627710000649835
('challenge', 686);-0.9910194517285899;0.18235887777388832;0.16873222937527102;-8.749450931662942;-3127.9841805419724;-190.9461747869017;-2.923353215901728
('challenge', 687);-0.6782267680779323;0.542661613086095;0.36966382482047216;-8.108784929217638;-1919.614488510092;-132.53386857247924;-2.669076039221703
('challenge', 688);-1.77598271565699;0.42437844916644496;0.132312943710258;-8.179363843860225;-2038.2053638279756;-186.39571085494654;-7.264017817906098
('challenge', 689);-1.7081539208104592;0.3708740787189161;0.38967677939168877;-8.484775863163136;-2166.5847956989323;-200.54501493620003;-6.752768191108649
('challenge', 690);-0.988746671598022;0.2991240369469909;0.11093169118817997;-9.48640073488128;-2728.745400353827;-131.6177068792174;-3.634129755421965
('challenge', 691);-1.4851433468184339;0.36162248017391513;0.13397063152241623;-8.718360344592911;-2915.62748699885;-152.8370212232192;-5.679052083408335
('challenge', 692);-2.3804850923072767;0.5569637839750767;0.3196543592793477;-11.214997334166402;-17811.36174880503;-234.05792208037352;-10.149304379629772
('challenge', 693);-0.5617368622374392;0.49095451683107005;0.45691593212374343;-9.686635111125375;-2754.006610620107;-165.21073945200206;-2.503869765744938
('challenge', 694);-0.9901107279824894;0.08764724054303868;0.042112150299047094;-10.530739101023702;-5032.874832157198;-152.98116817988878;-4.069405645641774
('challenge', 695);-1.3758273203194218;0.4825676408643329;0.4395020950217664;-8.139358509246525;-2407.668153379465;-200.92302405918045;-4.690605710747143
('challenge', 696);-0.6453050358272989;0.06896058932367351;0.11077362345863731;-11.000742730269438;-7065.181509525289;-197.08702135627686;-2.288958082881979
('challenge', 697);-1.3749711953316766;0.45953465569670127;0.38240433935407475;-8.345992848814547;-2107.2746932244518;-194.96389765379385;-6.292019304776855
('challenge', 698);-1.6577577394598775;0.44757566800376897;0.1913479938172054;-9.949671386370328;-7174.487695465234;-226.83753391111492;-6.419396103818782
('challenge', 699);-1.8482425609617854;0.38607765447624004;0.139982357986324;-11.962703498976781;-4373.210637950227;-164.90817700312775;-8.064286818933638
('challenge', 700);-1.0546556054880456;0.2477879537684161;0.15793374363353455;-8.108784929217638;-1567.1191539670788;-192.2181097780989;-4.026449029708792
('challenge', 701);-1.3341596045159247;0.5766868038066296;0.4786051226434424;-8.108784929217638;-1558.7057733148733;-182.24033360255987;-5.866883818507612
('challenge', 702);-0.8206519231694468;0.15018568973389276;0.10486691326984532;-15.536920044770577;-10291.409071851987;-231.90521972763477;-3.1700815467267054
('challenge', 703);-1.1225107029951067;0.293453359454995;0.1186084989287421;-14.843772864210633;-27783.916621723314;-180.2258066057156;-4.087829375369964
('challenge', 704);-1.3622811771633372;0.32249582658028925;0.11587869653792793;-9.276701435096333;-2538.4082600148836;-186.77642725657626;-5.548597561410992
('challenge', 705);-0.9090827821467878;0.33072815164254576;0.07611957247300791;-8.484775863163136;-2246.2592148549506;-157.86420113690082;-3.3066676093152054
('challenge', 706);-1.6672692154886972;0.30401807074197124;0.19237490003010183;-9.68184812256815;-4751.067967068435;-165.4462523518899;-7.33992292279026
('challenge', 707);-1.5183719309746488;0.09602647960962436;0.04177202859329516;-14.843772864210633;-7781.205790870583;-126.75626166509828;-5.961364871064947
('challenge', 708);-1.0295831958720996;0.3852470672046997;0.12733656814052527;-10.401121607720317;-6358.3112299408385;-154.8437543045555;-4.194350353306473
('challenge', 709);-2.142727002474179;0.38503614054363267;0.15528127701431338;-10.833413958061625;-7241.343756592359;-187.9189816553552;-9.622307649627633
('challenge', 710);-1.429013174083533;0.42262502018114567;0.18748669613681948;-8.342483193670244;-2105.796050744177;-176.09657642914397;-5.266091607103806
('challenge', 711);-1.6664965678127615;0.4910649686934458;0.45438116190482836;-8.108784929217638;-1922.7266243410327;-164.20221753773785;-5.082303125837756
('challenge', 712);-1.2369272768931803;0.539986672327228;0.36746376267643466;-9.267823761064315;-2612.0270005902516;-158.66478801160397;-4.737630600273694
('challenge', 713);-1.29911879437566;0.2786977820745242;0.11638246113660217;-12.68428861485726;-12537.684373465027;-186.85374372965825;-5.077480443509166
('challenge', 714);-1.221311383569197;0.4618121077539272;0.13419414831422022;-8.108784929217638;-1917.4446097646246;-163.911185766957;-4.910475280535649
('challenge', 715);-1.1528032323484778;0.3737409234161518;0.1186084988444681;-11.130200797506324;-5750.764534161625;-204.4808203090121;-2.967334092639435
('challenge', 716);-1.4984078103737533;0.445614336039059;0.09366153915652667;-9.456224363934654;-2735.3146420829153;-145.87716803145884;-5.453437478784115
('challenge', 717);-1.3707082782228268;0.4022674734475059;0.20221643635064146;-10.521850153606456;-5605.519944477247;-218.39786058138313;-5.990329375678851
('challenge', 718);-1.2120906582846465;0.40601479818604025;0.2154605269939083;-13.862943611198906;-6506.150258270375;-177.67398467946873;-4.450688016984361
('challenge', 719);-1.597439280742851;0.4482369617691467;0.17472375304869067;-11.342227508714195;-10215.99825919683;-155.7085394820907;-6.836853751265684
('challenge', 720);-1.2618545700129276;0.5308520604442757;0.23788222896820915;-9.517516128973353;-5370.517190933297;-188.47951833983677;-5.224343313075257
('challenge', 721);-1.5285742136255926;0.4096982693168652;0.08251936632665942;-8.453532197145282;-2153.0885963373394;-183.04171699309742;-5.280472640869774
('challenge', 722);-1.2610006296221317;0.14040883877427693;0.09650292246038078;-8.71763174711077;-2995.1135676567606;-163.09764434049774;-4.404848462909929
('challenge', 723);-1.0773312431382527;0.44867397545830934;0.1816956233842103;-9.052284809135326;-2426.995057101672;-145.1510620348774;-4.037732567699712
('challenge', 724);-1.573276176945889;0.08229876335293937;0.05139745193367334;-14.332947240444641;-10312.50099434217;-167.39977943506514;-6.559382045559256
('challenge', 725);-1.5650971503564814;0.377035143609608;0.2869858200369488;-9.358284606807203;-4662.902933998967;-189.93204368751086;-5.215228944225759
('challenge', 726);-1.7660492785767958;0.44976435541275683;0.36907020779280314;-8.674162131719177;-2959.7472018312483;-230.43574921473854;-6.510793744389744
('challenge', 727);-0.699234631008135;0.323691713699934;0.17927819623981076;-9.267192647127306;-2611.6973240682514;-152.67687853000913;-2.551465669594046
('challenge', 728);-1.9025764107511611;0.3207983716132569;0.14478624616382177;-10.046605855905169;-4624.255590286767;-219.56286922496582;-7.228589063802364
('challenge', 729);-1.175857124055789;0.24913820364950912;0.12684632283118158;-9.155668202273661;-2502.233290514172;-185.76135688912424;-4.367961757473091
('challenge', 730);-1.59482755060107;0.44495655859829847;0.21625357738023102;-8.108784929217638;-1737.0081517180981;-164.5427657498014;-5.45382486535455
('challenge', 731);-1.2323310702089987;0.5655051194435078;0.33435261314726716;-8.12879359992631;-1990.6981072922297;-132.52647549146172;-4.9367366907286865
('challenge', 732);-1.3863820202611037;0.3253331636366542;0.15723139658254393;-9.862451957783152;-2966.8239123725575;-154.89044651525023;-6.056013247699517
('challenge', 733);-1.6979061294528874;0.44871378108390303;0.13570974862118038;-8.365775385905705;-2125.849560768985;-179.14236913698142;-7.3189784936594435
('challenge', 734);-1.8978198011991239;0.5180934184122586;0.2330489580923856;-10.120819642566158;-3426.8810501314856;-163.22114575397813;-7.501296509276795
('challenge', 735);-1.2132985708718418;0.4193653678065146;0.3545060701015706;-8.496383654554622;-2430.371122844525;-184.53613269178499;-4.180841978541783
('challenge', 736);-0.9966042135196354;0.22503541328144652;0.0761336637325577;-9.364523795157696;-2583.3879265139753;-161.689649372688;-3.312493093948248
('challenge', 737);-0.9068410277925263;0.2598836755510449;0.07165205056367652;-12.592481065604137;-6326.149005311542;-157.25512694588093;-3.383910494669852
('challenge', 738);-1.3560291353276623;0.22632494955033083;0.09370862259641365;-9.780123534828759;-3659.9192749556705;-195.85637689312082;-5.1854255243989655
('challenge', 739);-1.4718536206768347;0.4895868236111459;0.4227594692513092;-8.301300903703828;-2846.473280234437;-183.13209957697174;-6.0219597183212965
('challenge', 740);-1.8050058566850862;0.536715569787184;0.42201760267304556;-10.137250183962253;-5785.137347548884;-211.9964285816552;-6.527830088531335
('challenge', 741);-1.4085937985072823;0.5943803724571165;0.46896526604859456;-8.811486322582395;-2799.6962362362387;-145.12318413526086;-5.106925575659243
('challenge', 742);-0.784960476006029;0.19036306356952562;0.06891833004442982;-8.607403274006929;-2246.0690882735644;-161.94931185502753;-3.1537009874782864
('challenge', 743);-1.7534379266615256;0.4571237648526154;0.2733233212444424;-9.613555910366527;-2798.6660614776924;-192.49403807385812;-6.480995700579236
('challenge', 744);-1.701579136657108;0.25025077326377826;0.10720451977872608;-10.482799638734583;-5552.77401437301;-231.40455296567907;-6.562278198280192
('challenge', 745);-1.3659787376821293;0.2904091913754398;0.08603987697836989;-12.204715534595374;-6613.959047331252;-195.96287221569264;-4.316347222143886
('challenge', 746);-1.866544314351314;0.4636418553791729;0.20792988810442836;-9.269087185111088;-2725.519129325227;-216.25397710880333;-6.062464956687531
('challenge', 747);-1.1267161511393924;0.5224967523892474;0.21901924521673347;-10.36265532689252;-3267.274656069171;-155.8168796855368;-4.289767434617482
('challenge', 748);-1.1403662014803384;0.3968795100925143;0.27788029425480676;-8.342483193670244;-2115.5726831501825;-133.8151313794798;-4.497585971317082
('challenge', 749);-1.6387632669258911;0.5856853622475342;0.4062621274960059;-12.921960266734379;-11169.279627247384;-200.75167276556283;-5.909513298347679
('challenge', 750);-0.8041822005741239;0.2492472803033573;0.06761004057774318;-11.638320059674573;-4215.0878588751175;-143.46057625212742;-2.8715650028877
('challenge', 751);-1.4363317229658716;0.21159246690267447;0.25948528252870784;-9.235522816275996;-3814.183266183714;-263.6431150079824;-5.195378439655401
('challenge', 752);-1.1402295036111616;0.4224990291506788;0.17305444956704671;-10.340266331999041;-4650.742071007428;-156.16739461589904;-3.9829085415484307
('challenge', 753);-1.5653245101302349;0.43740856159085706;0.2423400532907281;-9.246586235820251;-2523.1652765253307;-165.6420675617893;-5.614980996503931
('challenge', 754);-1.4058717713136675;0.4766443563947166;0.1748429407730295;-11.197453024515491;-3775.524017734151;-136.63225288822855;-5.187084165855987
('challenge', 755);-1.423238815489843;0.4332034368305581;0.42275946940106524;-9.802500600652486;-3729.4173020733915;-215.11797120058623;-4.979641965799313
('challenge', 756);-1.5715354229318166;0.1864572217849314;0.4628878653292878;-8.107992849968305;-1766.639031531605;-293.9949621212802;-5.215615417345825
('challenge', 757);-2.0149214706546674;0.48484090475229724;0.4857963315875227;-11.372842144533802;-8432.46711271177;-278.6671676118876;-5.6454616395574
('challenge', 758);-1.6447738636009108;0.05933799791724524;0.04808746168802776;-8.108784929217638;-2034.4017057265794;-243.17170733926793;-5.824736843204913
('challenge', 759);-1.27042899479613;0.05445646770183786;0.044182200633325744;-11.873358398640931;-9101.08821690836;-165.81097719522975;-4.709752226895846
('challenge', 760);-1.7240290848524067;0.05730073752165979;0.04915213101599836;-8.32560934418037;-2546.659891727152;-207.27146950487432;-6.581654032099745
('challenge', 761);-1.4626958686113305;0.4703609289859829;0.2851481459647008;-9.466952436174653;-2718.505958626175;-203.08801472859855;-5.510316003948914
('challenge', 762);-1.690767780617855;0.14325134820743035;0.06652070291306796;-11.67268770317878;-6341.965804206889;-178.49768458183897;-7.43049116051311
('challenge', 763);-1.1764524080341594;0.3981531944835246;0.1695022608854904;-10.311173371057377;-4132.280397643123;-211.49927787638308;-4.38862483772872
('challenge', 764);-1.1473903193560122;0.14077418696346558;0.08646207063819777;-10.935088760048002;-6187.662489718267;-185.08610883993313;-3.8236432070710302
('challenge', 765);-1.4438892121977835;0.09603411948781897;0.06547627893505158;-8.715449134385453;-2284.270154695195;-136.05572192039796;-5.59696411325411
('challenge', 766);-1.5523084811304904;0.3710297433170521;0.2163009398766593;-9.83202707583035;-3505.6836725763146;-256.3483909765703;-5.28355909367506
('challenge', 767);-1.5308140452726309;0.41612944365768706;0.32935941617715264;-9.28117000301721;-3662.854502849;-217.57351276831963;-5.6224859775494105
('challenge', 768);-1.5370459028865537;0.5634242378486328;0.3251922249961468;-9.859025341066504;-6717.50094972917;-179.91113477113913;-6.155119592633645
('challenge', 769);-1.6154988611097236;0.1551098678948044;0.13330831306528548;-11.206186704484246;-3848.4445584452624;-158.97050398829694;-5.629047589233342
('challenge', 770);-1.6948450540427327;0.5333413603087824;0.2987660738644013;-8.968842133358603;-2598.941272929945;-140.69191098578594;-7.462454956003602
('challenge', 771);-1.1935221698754241;0.2521621410054251;0.2115942129994724;-8.967906241853697;-3691.8033604279153;-187.88481205936228;-3.621478161428374
('challenge', 772);-2.1842506659664838;0.18039235312672208;0.0921991441529902;-10.243615220046085;-5196.3364848939145;-198.90324687335897;-6.8970893150607075
('challenge', 773);-1.397057519252882;0.3799485786356538;0.14600146539162528;-9.269087185111088;-3376.1730944782116;-210.23127040496482;-5.602467549147702
('challenge', 774);-1.7542264394394387;0.43764383025372144;0.18225720779766552;-10.56942424333494;-5587.205766520417;-165.30970315781988;-6.543808621985131
('challenge', 775);-1.525780611515894;0.1546462518054447;0.14003634474738846;-9.206605138636416;-3422.3226154721697;-167.83070435357484;-6.883233698143685
('challenge', 776);-1.773209347045682;0.33831467188924724;0.1191094250858153;-9.34183461283725;-2589.1345308095165;-155.61605464372278;-7.169410807170264
('challenge', 777);-1.16289134198512;0.10362396542907554;0.07018001009748301;-11.745183205216934;-7411.959767757242;-168.75721475349795;-4.913807972930487
('challenge', 778);-1.744752936858702;0.339732991160138;0.14484407599569538;-10.331083531016706;-5286.877467177588;-267.7946259202735;-5.891286199409777
('challenge', 779);-0.9025833607327368;0.1532490284411489;0.09905140256897083;-8.108784929217638;-1558.7057733148733;-157.06772455004136;-3.444413821628653
('challenge', 780);-1.1509105911377977;0.09898999300307827;0.05764506428018353;-15.942385152878742;-9947.471571663282;-196.50335706665945;-4.587255145718996
('challenge', 781);-1.2617499409085973;0.11562805696413725;0.04960219857569617;-8.108784929217638;-1855.944592078451;-162.9811658384954;-4.653214021635337
('challenge', 782);-1.7538793287535075;0.39602729565251155;0.0887180593648206;-8.142631834591494;-1575.3659700801438;-142.35527081324537;-7.641903534716616
('challenge', 783);-1.4065759711234973;0.11247852778517317;0.0600917958608308;-13.544489880080372;-7508.53856799773;-166.17285672728374;-5.97034617237613
('challenge', 784);-2.1136735765864376;0.39787523348319725;0.11295229889576078;-15.026094421004586;-11055.04926818414;-190.71769833689694;-8.32352245370951
('challenge', 785);-1.75587999515287;0.31637748915406994;0.09705222831697329;-8.108784929217638;-1697.9183321230964;-173.71410570034726;-7.199588908951666
('challenge', 786);-0.8267104841451184;0.46714985809982995;0.42654846991517914;-9.780123534828759;-3641.7022642192173;-204.30047140514853;-3.0917333434775225
('challenge', 787);-1.837657725284666;0.31202912817225337;0.11614239578725948;-8.108784929217638;-1629.9260508142863;-151.03581830461184;-7.491813647405859
('challenge', 788);-1.3518901491222006;0.3250564363223371;0.18794553472458583;-11.214997334166402;-3740.4143539642378;-181.61316957111183;-5.374166122373531
('challenge', 789);-0.8021088975315698;0.27809435685118084;0.1317278443025665;-13.234334951776532;-10508.508380399824;-198.15452070883083;-3.06337443880072
('challenge', 790);-1.5341799771659286;0.3831381020128884;0.3626997848842962;-8.557154229812168;-2226.6081682059635;-150.44625861183783;-6.126389117703334
('challenge', 791);-1.950961344799898;0.1976543588372596;0.08044202797255974;-11.554127968454225;-4397.731274552655;-166.71890393110044;-7.109265048581497
('challenge', 792);-1.6048913100726334;0.21519881067840602;0.07402700124615265;-9.940970274917593;-4009.6209188785615;-170.47233275515623;-6.132088876825094
('challenge', 793);-1.0883883274627215;0.5151753473145134;0.2942922793597202;-8.654824512569018;-2241.537088584722;-138.58900318083397;-4.1734899744430125
('challenge', 794);-1.3626419877145775;0.3250989521461534;0.05676586578498785;-9.655456392876925;-3135.8806686390913;-170.34623974029924;-5.312492773272866
('challenge', 795);-1.229348754587151;0.4041288492394054;0.22101731808320108;-8.108784929217638;-1608.9912591944405;-175.53337019508493;-4.793506712581335
('challenge', 796);-1.5001369304353727;0.44654391209214805;0.3132554536799357;-8.12879359992631;-1585.6659006884802;-147.71405785553455;-5.8037292713888755
('challenge', 797);-1.1405672821305535;0.5341881731170023;0.40532017716509217;-12.358866214422632;-4723.74610994631;-231.34954058407945;-4.364763263980759
('challenge', 798);-1.806906811757613;0.2893719266747678;0.06911209081169464;-12.345072892290297;-6034.473246775358;-180.47049868972496;-7.5970378310499465
('challenge', 799);-0.8871802129905118;0.3970630937882699;0.2648208751449226;-9.089086059692663;-2777.876277016226;-174.96085484591268;-3.5861762796816445
('challenge', 800);-1.4269258108866576;0.24348904879695482;0.059912973612169046;-8.966037082430994;-3711.0725019260053;-176.07104090942076;-5.716047858547387
('challenge', 801);-0.8464886995822462;0.4842342321864642;0.45512765271653266;-8.108784929217638;-1824.1594300583515;-181.498020516972;-3.274815632249908
('challenge', 802);-1.322446264810693;0.5147407462452848;0.21640777719545887;-9.399913192371937;-4702.578734629554;-192.53073220241416;-5.11213116293254
('challenge', 803);-1.5887348231663492;0.4895338597548772;0.16681421401176616;-8.324625576270236;-2098.288565265497;-146.09143973734248;-6.667809699807562
('challenge', 804);-0.9832011207982528;0.29488461093332663;0.17794828383352923;-13.339695467434359;-5894.272233027777;-208.31545204273579;-4.047463069144748
('challenge', 805);-1.0118838777647103;0.23137239519503858;0.06594649297312744;-10.614508984089161;-3517.6519118097744;-158.6449943686909;-3.836072684442585
('challenge', 806);-1.3049730425906627;0.5194297728184026;0.3681757857259631;-8.108784929217638;-1834.1208368383527;-149.7945194838942;-5.186679066030544
('challenge', 807);-1.76841034937628;0.13309574739749974;0.07767411846711503;-8.108784929217638;-1942.7280932282476;-210.97146070816308;-6.468887052256009
('challenge', 808);-1.6148460482928284;0.2851869923843698;0.21063608115974555;-8.87933698949057;-3382.6402341435873;-214.56148472247332;-5.642541328664842
('challenge', 809);-1.6347553728381028;0.08948304092251905;0.05245156014975038;-9.065604678196035;-3286.958574514235;-141.33204793737437;-6.7523631485342115
('challenge', 810);-1.5451936007067584;0.3081823742876032;0.08501694600864187;-8.108784929217638;-1558.7057733148733;-137.55822431391735;-5.833207253742022
('challenge', 811);-1.3119236161280348;0.33260075657305765;0.08874168107035876;-8.8742131524907;-2342.080317009555;-181.3087926143738;-4.64836335811181
('challenge', 812);-1.477222477204721;0.5217402508594476;0.32325249103348785;-8.12879359992631;-2004.9287280506499;-159.65615468215077;-6.40108120839461
('challenge', 813);-2.035984707516551;0.515693783408648;0.43241186918948393;-13.16979643063896;-13776.391565496013;-205.14108406123927;-7.188700538837966
('challenge', 814);-1.410295241140554;0.21816706639410774;0.0730083431254279;-10.882959694613055;-9160.16438937885;-186.62925906706855;-4.997175850671751
('challenge', 815);-1.8594691220174913;0.36135138597954475;0.11235283935121787;-11.302813540173318;-6327.58124572577;-255.746367157096;-7.736666710290108
('challenge', 816);-1.2380083215719253;0.47470788910065115;0.34162275812275844;-8.839885797104094;-2326.0559028504367;-147.10137801008221;-4.782236273299777
('challenge', 817);-1.6450604061167098;0.13657228894299456;0.0708741827107352;-9.99827430215423;-4319.98313385803;-227.80802663288617;-5.691606636564788
('challenge', 818);-0.9379204879668427;0.268985179718854;0.07021763448853645;-8.108784929217638;-1681.6365507880132;-156.14525903683807;-3.887572244744948
('challenge', 819);-0.9625871431225466;0.34794357025488476;0.1560652417499993;-9.45774991724349;-3634.1036086049717;-185.2506951224607;-3.652673650581726
('challenge', 820);-1.0188097849135676;0.509282113490014;0.4154396689366977;-12.610180642703538;-13922.768817120816;-227.2781781266388;-3.931989969796823
('challenge', 821);-1.1405793832984366;0.1733352478751565;0.05634779736592866;-10.03294444124935;-2974.5472045546817;-132.15974816525247;-4.649414314221274
('challenge', 822);-0.8346046396424054;0.14053080843453014;0.053803209990420556;-8.999262730059314;-3273.8824666655187;-257.37929812828327;-3.2742201378285722
('challenge', 823);-1.7794177804276572;0.12143566109303594;0.07435853879860094;-9.842066200858678;-3490.860595983249;-148.42172698460158;-6.545357618214936
('challenge', 824);-1.24429939745519;0.4065645351424805;0.19761503342434628;-8.71763174711077;-2269.871626538707;-169.65052084081293;-4.5482238459401465
('challenge', 825);-1.015317215694034;0.22676431214902842;0.08200999482529758;-10.141778493587001;-4354.560729070458;-186.97615948414784;-4.078934431661213
('challenge', 826);-1.8655959346798958;0.2985154681912763;0.22926043030879872;-12.921960266734379;-15208.032333407722;-190.7702666131243;-7.147079269809925
('challenge', 827);-1.7580560015768738;0.3701626482789999;0.07530620635601278;-9.309724830842914;-3427.3570446107883;-141.71771850017979;-7.798098939336193
('challenge', 828);-1.5941445880011342;0.5344633921157892;0.3375985302296879;-8.550353585364151;-2374.0962949201844;-136.19817239911012;-6.809264547021371
('challenge', 829);-1.7012458935479904;0.24952664918324852;0.08170720777665835;-8.35355527457093;-2541.445378267614;-214.11200572508614;-7.130136136720297
('challenge', 830);-1.6298573152125135;0.4175398344276338;0.2765155344195459;-9.752069747025596;-3676.56252738392;-178.5581733315683;-6.184351666668911
('challenge', 831);-1.4384747439843648;0.3111574217368155;0.25606713738088227;-10.455515679786116;-3640.8440976859665;-187.1280175828761;-5.089604636026285
('challenge', 832);-1.909816624961823;0.42050750817636817;0.13676577623922126;-9.223976045627523;-3063.624329074065;-202.8356736482024;-8.271960978884517
('challenge', 833);-1.4797584001120596;0.5274510440312772;0.30317149676538147;-8.318254567217453;-2686.18422677968;-137.3846016946442;-5.954907124261638
('challenge', 834);-1.594497867843889;0.2993058137237063;0.11228258731454713;-15.249237972318797;-9559.886735206337;-181.7340166425098;-6.773308372469822
('challenge', 835);-1.6541202179388967;0.32746534087371426;0.17073368611956855;-10.03566183422585;-8529.647633054936;-239.1384768927984;-5.518642895543123
('challenge', 836);-1.5995629406005158;0.1809528157417366;0.04861604522142696;-12.828869843668368;-11308.691857463311;-204.21798825256175;-6.2952897559041965
('challenge', 837);-2.0123475578489627;0.38292940441771384;0.19587189467705454;-9.900940673465739;-3092.302915599199;-189.80578127665032;-8.437189266340647
('challenge', 838);-1.3658180297809905;0.4133555428966282;0.27489733207827;-8.283213785212684;-2090.642983623418;-151.54473673117963;-5.101391257847725
('challenge', 839);-1.2045180201549957;0.10783794758112694;0.07154082117793045;-8.108784929217638;-1940.0910157573644;-207.2030971826191;-4.347171970403406
('challenge', 840);-0.8767414664887431;0.12903823826067756;0.05931732251422932;-9.064058684587417;-3961.261037317308;-180.2255466831517;-3.0630566831315957
('challenge', 841);-1.2723616125278732;0.40528794255592077;0.1788471071883059;-9.651742368180553;-2762.90062000714;-150.92076847528332;-5.25127016349133
('challenge', 842);-1.2575019135222256;0.28931962642833414;0.2452944615564456;-8.20957762245672;-2050.5590284450673;-218.47467587701698;-4.420365057517846
('challenge', 843);-1.3613679107970713;0.32855794764903173;0.16925321722885117;-8.999262730059314;-2758.4775367430598;-195.7765530675408;-4.976495083777432
('challenge', 844);-1.4386870513792536;0.11900259977227273;0.05299284682766398;-10.541962563393552;-7213.42162081941;-256.14828465726197;-5.996924448282544
('challenge', 845);-1.135531622619113;0.4827960395090919;0.4195967800049413;-14.070582975977151;-10873.35734629469;-177.25718662353114;-3.7539732993360784
('challenge', 846);-1.392392465730024;0.42121551486494546;0.29506271269741047;-9.686635111125375;-3393.245299195595;-171.07796223227533;-5.350740292931251
('challenge', 847);-1.516466889037548;0.1735561178592517;0.06992917412701781;-9.155668202273661;-2647.6326168597975;-200.74409627255378;-5.643771535973555
('challenge', 848);-1.756683275061312;0.288479011846186;0.10213906101605408;-10.435023159395998;-4942.892943520186;-197.73076740553486;-7.223269386711848
('challenge', 849);-1.5446489297126216;0.43693750137450454;0.2533766541428059;-10.958778531170406;-7271.080669458102;-168.2958469631624;-5.292525353569607
('challenge', 850);-1.5150913263023729;0.3847857639349451;0.20091910079068756;-10.49996744235695;-3241.9999787465395;-182.59859982016;-5.599225587265803
('challenge', 851);-1.1057931474886749;0.20504927899296935;0.10642480041960257;-11.554127968454225;-9171.113406071152;-201.290863302766;-4.940895223674716
('challenge', 852);-1.1189522435208956;0.4260961703824357;0.3963525756912925;-8.958595187620608;-3554.6683206645607;-177.22407490007265;-3.2851861647151765
('challenge', 853);-1.4425359804909144;0.2836908596033428;0.41009390287442055;-12.050564854768115;-8774.85202001087;-280.0681713365622;-5.193770005168556
('challenge', 854);-2.0893817221478503;0.5185683886419176;0.47268480949239017;-12.68428861485726;-19791.924639028606;-171.87978125055045;-5.060712938384211
('challenge', 855);-1.3607573994481204;0.5172392238864847;0.337551711073861;-9.374307241466767;-2911.5744438960087;-204.35158734995986;-5.2666528034518265
('challenge', 856);-1.6992712676235373;0.4396835952595175;0.29104811365448213;-10.081598929412877;-3114.866427915568;-160.18868163806127;-7.596630782164775
('challenge', 857);-1.3686848698903074;0.28549062525395297;0.1474521971899318;-8.108784929217638;-1565.942415899244;-161.98710846939179;-5.707589984243784
('challenge', 858);-1.5048227873768825;0.4007884113147393;0.17565593347805164;-11.618252496623763;-10729.461170938057;-184.0504279306312;-5.097574553915045
('challenge', 859);-1.7892366756694575;0.105556417341748;0.06852501162008227;-10.741129499173837;-5685.929307878907;-222.5902882113993;-7.296635033752476
('challenge', 860);-1.6297304519757627;0.06466435434655915;0.05372316929991256;-8.150036228765705;-2038.2745425778353;-176.49147044529877;-5.946139144771917
('challenge', 861);-1.3146258927318795;0.1024214437212939;0.08892072087466864;-9.013847334714077;-2913.0096610019655;-195.18540001992952;-4.29137615192587
('challenge', 862);-1.2227796492135694;0.055088892101866196;0.048684847393665784;-10.555599138343098;-6090.912620095799;-220.19348854903342;-3.375483626395035
('challenge', 863);-1.4914485144665688;0.42423454857837295;0.22833101726262423;-8.942050692603512;-3343.8200385911327;-184.31812934894234;-5.9864369461515885
('challenge', 864);-1.0129419023242747;0.2593494535501899;0.35791617094947314;-13.691093354272247;-6164.23164266734;-213.23354282287073;-3.4546802300642914
('challenge', 865);-0.9872404308568659;0.2682585610154443;0.1805019790344828;-11.059583230292372;-8240.38109901625;-177.3263951983454;-3.793469997740104
('challenge', 866);-1.8527588444630698;0.40884573279747505;0.29856611933667293;-12.575089322892268;-6708.688690831016;-240.99424402324942;-7.577336210555869
('challenge', 867);-1.506687686815071;0.36736718748354846;0.2705131291980037;-8.108784929217638;-1989.551658035962;-158.9546150083305;-5.735953583232448
('challenge', 868);-1.367473040795088;0.5351000870524232;0.4141080294075119;-9.172169287918667;-2485.8901032842996;-138.1096457301043;-6.011244284018655
('challenge', 869);-1.543600142949225;0.3096120610991383;0.1472354460921656;-10.077334530626418;-4583.209594547539;-189.97403491766784;-5.143363266895959
('challenge', 870);-1.7183876016549875;0.47362471935511713;0.369786111037026;-10.735634979856195;-4399.139692854409;-192.23358496796715;-5.833463295640014
('challenge', 871);-1.3267321840288235;0.3940944586734155;0.15044968577291812;-13.109171808822525;-14336.598299401923;-163.6855239657533;-5.405838799044208
('challenge', 872);-1.1539967512094687;0.529626223532553;0.3938446805578534;-12.874332217745126;-6024.4288980162955;-173.59570526679423;-4.466096230643686
('challenge', 873);-1.1235498620201034;0.325618686251523;0.12289996391621037;-11.154893410096696;-3712.8790179928396;-129.04784473371362;-4.2630112788122085
('challenge', 874);-1.1831083499599118;0.31757352098315844;0.3024151157554602;-10.49996744235695;-7874.3794877932;-284.03048110898976;-4.976326576787351
('challenge', 875);-1.9538234584124872;0.1905796178009554;0.19313615486634347;-11.517538521021933;-5915.593452760883;-222.01748168945647;-6.893554173955029
('challenge', 876);-1.4586412330219451;0.4682031815443121;0.15760984759472252;-8.108784929217638;-2299.084761131685;-170.0052774999105;-6.61240564421522
('challenge', 877);-1.336991587116742;0.4472655822978127;0.3105133951444116;-8.665137426247258;-2705.2214686073853;-152.25564176341234;-4.884154884451977
('challenge', 878);-1.2741670824577729;0.531874878532214;0.22101403052549196;-11.624897039342432;-4114.602811567537;-162.0516719191863;-4.5471542908691855
('challenge', 879);-1.6050832854149784;0.4968279429864122;0.4425652795796007;-8.108784929217638;-1689.1274333652123;-131.61221221811041;-6.221104055713295
('challenge', 880);-1.5892616090843414;0.3233936321448047;0.14385264651691418;-10.405050885860206;-3204.9468755374173;-146.9483599700126;-5.751066050652414
('challenge', 881);-1.5649764413566787;0.5493915376352313;0.4910141660907767;-10.389425567957124;-9226.847666634254;-233.16865686478425;-5.92934298155961
('challenge', 882);-0.957598848148079;0.07684370868834184;0.055716191122644386;-8.999262730059314;-2401.3941734513755;-189.0545113098344;-3.1894344978084836
('challenge', 883);-1.417923133276901;0.06468676911881593;0.046939211023879136;-8.297465807919885;-2642.139091293365;-178.94686422305583;-5.8811430008619325
('challenge', 884);-1.84758565880585;0.5089721593752167;0.1775570109708681;-13.745160575542522;-24506.69036269593;-208.1949448843258;-8.368195025063054
('challenge', 885);-1.356237310105534;0.4491494526100185;0.2215481004701297;-10.360770312196749;-3250.19780874851;-173.0121495108894;-5.4531724717409435
('challenge', 886);-1.263511330814745;0.20062254885128544;0.057160694232080686;-10.48706403752104;-3349.5899689616813;-164.82389484531973;-4.666504228670286
('challenge', 887);-1.514546083966837;0.4704999939726714;0.33471067028899176;-8.747197832700033;-3110.0838870727816;-146.68237049776468;-7.069324564902348
('challenge', 888);-0.8075019161825903;0.5139929388447835;0.36956909943526406;-10.49996744235695;-3798.9541277823273;-154.6507482631097;-3.0181624981232353
('challenge', 889);-1.0914846656635009;0.5642922192100223;0.3773625270676397;-8.746447926403173;-2298.476068898008;-141.6840759794526;-4.443362128790413
('challenge', 890);-0.8888949827126719;0.23772936820523433;0.06373751974264291;-8.45745486958908;-2220.9225861300515;-179.39383599042478;-3.1580681228516934
('challenge', 891);-1.3543404483776242;0.08859631896781742;0.0628611021341272;-8.37297336042803;-2118.676498077558;-177.79042330190796;-4.692679216602546
('challenge', 892);-1.7089165969702955;0.2932402852368228;0.14100436600686783;-10.54648745799184;-3389.2188606714744;-190.81732014876962;-6.376346862318804
('challenge', 893);-1.4515862173518197;0.44841387162491153;0.1254721955249442;-9.67518460433738;-4183.82176048634;-215.89173035865733;-6.136264819743977
('challenge', 894);-1.3849140149526373;0.24916042575359526;0.07243176108224456;-8.108784929217638;-1558.991407523778;-139.27102464832663;-6.249575129857538
('challenge', 895);-1.3063911959725905;0.5481568625182782;0.4341222145747974;-10.870341230653843;-4153.25124281615;-171.7772082210125;-3.9519837410410013
('challenge', 896);-1.3802093724824402;0.12698436475987193;0.05851613127975503;-9.135555792486565;-3985.2390005110865;-200.93120161783125;-4.635879655966352
('challenge', 897);-1.115257244340292;0.5303403197355712;0.23801856793778536;-8.277569367593006;-2078.6336977731835;-138.49982530171712;-4.364058167515034
('challenge', 898);-1.1620252446687507;0.23022891388244726;0.16726827385526188;-10.48706403752104;-3332.9057546036447;-167.59541572623684;-4.240953247953082
('challenge', 899);-1.9193750093820057;0.07836017949550148;0.05740165642584017;-10.120819642566158;-4688.851974826568;-192.48202272381224;-6.3648373637715245
('challenge', 900);-1.5763879560449086;0.09042797792888035;0.05294736491855306;-9.2173515107119;-2699.082972386916;-218.84730385614557;-5.527549347676714
('challenge', 901);-1.3469048051889123;0.185164239532908;0.09368264784328133;-8.108784929217638;-1647.5607529779118;-183.5399894955902;-5.074599952114352
('challenge', 902);-1.182207431456664;0.4501590941046588;0.16900053093610853;-8.12879359992631;-1588.013829893435;-125.1324235343133;-4.687243805571664
('challenge', 903);-1.2305504203224273;0.1807960417354434;0.061183969096430146;-8.108784929217638;-1942.6795386639762;-172.08233424180168;-4.2987525091450305
('challenge', 904);-1.5057102268671083;0.09534207614587273;0.05586541008520307;-9.316329874670839;-2885.371841062829;-151.3953766546251;-6.33623713964034
('challenge', 905);-0.9751198009932623;0.4202940917630593;0.08828771545854869;-9.269087185111088;-2991.4563606533316;-152.59882682605027;-4.003872677234925
('challenge', 906);-1.205541429747101;0.10188373641429936;0.07465768299896532;-11.839741787841946;-8868.401812926293;-178.04702856456552;-4.063095440186509
('challenge', 907);-2.00856879828683;0.4845742787816073;0.13845677408574752;-10.395256488267918;-3316.5257786697803;-177.71597552454938;-7.711497232879946
('challenge', 908);-1.3184412437337236;0.39062361163757353;0.18325837319474428;-10.157022691230118;-3027.0891055753964;-152.491575468005;-4.816647263813957
('challenge', 909);-1.772202691769013;0.4971503427514546;0.3765787506685198;-10.870341230653843;-6943.605824536521;-189.60334928726806;-6.535578614622593
('challenge', 910);-1.2512683730383958;0.1390161405710852;0.25158653036508694;-8.901848762662787;-2979.3800336175286;-228.31356816742044;-3.8006308469404044
('challenge', 911);-1.4617081810462993;0.45019159579825246;0.11108071064554381;-8.223699657680276;-2067.458376473912;-178.02673400257527;-5.279340857657876
('challenge', 912);-1.6830151827916962;0.5459688833071972;0.22239284270236653;-9.661989313918546;-4788.480012090641;-157.69994802642228;-5.259307967129781
('challenge', 913);-1.7969783696242905;0.5467130907343074;0.460294235152719;-8.123954880808085;-2612.589948901215;-219.12356757449484;-7.465616099987362
('challenge', 914);-1.3463855371706857;0.44726986359598986;0.31287030701926916;-8.57215451107166;-2624.8654868021176;-171.82973050674266;-5.8793165413357
('challenge', 915);-1.5286565866799042;0.17357104465163972;0.08650627480625094;-10.220435374267092;-5730.426728958906;-233.4831387069793;-6.474459373475671
('challenge', 916);-1.535196868565922;0.42754913377488996;0.400836829532247;-10.49996744235695;-4368.998532534151;-184.9136194254444;-6.128062440837483
('challenge', 917);-1.7204985567636535;0.4959314360208053;0.26240150686096375;-11.48224073894091;-8433.193378773705;-235.661007129224;-6.127439592320492
('challenge', 918);-1.3564764394414877;0.054469703508580075;0.06252891448542983;-8.108784929217638;-1836.8995167765875;-224.0389719344435;-4.790841609967197
('challenge', 919);-1.8959390451263085;0.1974442674929573;0.07011938569661652;-8.108784929217638;-1567.1191539670788;-147.88614745034442;-7.3776964226261175
('challenge', 920);-1.5991868564185712;0.5036078473948711;0.38851798339447147;-9.399913192371937;-2738.3920353873277;-174.177530936831;-5.707466953365301
('challenge', 921);-1.852669746571029;0.169310092487981;0.07785725189633741;-10.68488978085096;-3997.5899917159004;-181.14698992855813;-7.483827302164228
('challenge', 922);-1.757290726045289;0.27161227949266414;0.2683218205125882;-8.108784929217638;-1728.7279449393318;-169.9897048266666;-5.568177079078782
('challenge', 923);-1.7108213681444215;0.18732912712607253;0.07101851180438624;-9.332362282201887;-2753.2400040040807;-200.90114140393277;-6.654503122858302
('challenge', 924);-1.5619216355447434;0.5180898571793232;0.4366052204075469;-9.99958577775204;-3502.5067348645694;-204.1358221348682;-5.640454201020636
('challenge', 925);-1.8175386286959678;0.4637751044178819;0.12089969063605488;-10.827389843458244;-3566.268983449724;-157.655050158449;-7.54751667377526
('challenge', 926);-1.4482988507750112;0.16997206902172302;0.12495120725957316;-9.811158663395602;-4363.600075113771;-211.9549252891265;-5.042875872268556
('challenge', 927);-1.5729783821657486;0.38683816489826284;0.18041113427904895;-8.779987655523025;-2932.5700529117366;-178.47781098721606;-5.472790737863409
('challenge', 928);-1.940751617808076;0.2928362607379037;0.07789952523956424;-10.578748320210062;-5991.131184273561;-197.99134442517533;-7.388410101636021
('challenge', 929);-1.034335619833532;0.2335418448902597;0.08809572239342334;-8.996371161779514;-2411.148383398179;-168.10619067250025;-3.8376090343898697
('challenge', 930);-1.3936961853572374;0.21584599150425;0.07536823660139436;-9.82098943617873;-2830.334253681634;-176.97619598586655;-4.997183776051283
('challenge', 931);-1.40154011853223;0.49886960734968455;0.27893419314750917;-9.785406167293187;-3003.0436358209213;-161.4292686307221;-6.133784954284746
('challenge', 932);-1.5385112322125534;0.5404699692853617;0.4501947121957805;-8.108784929217638;-1565.942415899244;-156.11083537464614;-5.7779810944620795
('challenge', 933);-1.713618247232657;0.1522092323883764;0.06874858048008954;-9.549630869073077;-4049.656957399812;-156.503764466605;-6.904305761093267
('challenge', 934);-1.5496688244777026;0.09806187062714032;0.06131342180147854;-8.958595187620608;-3351.4830397008786;-132.91612661824666;-5.883871841035175
('challenge', 935);-1.4349160746333465;0.49431374686573254;0.2858491193900674;-8.747197832700033;-2283.3336329532967;-159.4044118483739;-4.9236204242662875
('challenge', 936);-1.7491926798165116;0.1640901714273626;0.05241232177060556;-9.438096979342097;-4244.0409980749955;-213.0989411848207;-5.7357162434573405
('challenge', 937);-1.326485055818018;0.5360322554589891;0.4275808884019943;-8.108784929217638;-1950.6561519004492;-140.13468077808247;-4.915726494113887
('challenge', 938);-1.091731686581461;0.3864604705090399;0.1143894272315559;-8.108784929217638;-1737.3520441869944;-135.35547346429516;-4.425674894326192
('challenge', 939);-1.8948155326733849;0.22510582439391108;0.1111725850097276;-10.077334530626418;-4740.5868849317185;-151.73781686178583;-7.175130848506273
('challenge', 940);-1.8706851734530616;0.480051018711222;0.3977421754249981;-10.535213381418624;-8023.408953720329;-198.17031167275738;-6.84818469054367
('challenge', 941);-1.67310277528142;0.5425495720708392;0.3573029192240894;-8.108784929217638;-1913.287334398859;-134.68687258624436;-6.492521708278242
('challenge', 942);-1.3435285514294355;0.15922883791333498;0.06625943997037886;-8.108784929217638;-2019.4720628308667;-174.31940445558396;-5.178537515760749
('challenge', 943);-1.5645013039578453;0.2709406091226547;0.06441491098956405;-10.51743513539734;-4745.388674933617;-167.52403027167173;-6.302355230079368
('challenge', 944);-1.7477761504061629;0.11829460402825927;0.06328635009324086;-13.544489880080372;-15988.829571931552;-209.00381152537298;-6.572650796749265
('challenge', 945);-1.2592511223774574;0.3516675919035066;0.23147558510364583;-9.780123534828759;-4467.845773128314;-178.04936773394283;-4.5217222358273075
('challenge', 946);-1.625902460042596;0.35726794611126045;0.1280507198381283;-8.786208515398126;-3774.2374306921715;-195.10171005718158;-6.300204986140475
('challenge', 947);-0.8347919587344095;0.29116712979422504;0.10189238399368197;-9.090142583826864;-2443.207644236252;-138.21153641707514;-3.3977414848778236
('challenge', 948);-1.5539072025949583;0.38532363575441125;0.1047890318382375;-8.108784929217638;-1645.2047270850728;-181.1475648198908;-5.52309996629138
('challenge', 949);-1.6306354157066807;0.4297142678821686;0.41298493164041983;-9.685675878437914;-5695.637820913382;-264.7736993965095;-5.342976568844276
('challenge', 950);-1.2946045654665985;0.13506208060472777;0.07236982225937921;-9.57419796652825;-3608.3955741100863;-188.38806260322278;-4.62561930168339
('challenge', 951);-0.8205355441591925;0.14248299985637458;0.13601053171801983;-13.303327823263484;-5679.495980334097;-143.5228191994966;-3.242733188255574
('challenge', 952);-1.1169922619542287;0.10481460754634919;0.05750297674208156;-10.309382860283588;-3120.179193445629;-197.29482282948388;-3.7926808875469176
('challenge', 953);-1.4684230126673543;0.5363444340547415;0.28395461907266795;-8.108784929217638;-1929.440284134046;-170.9904071810078;-5.176548547321557
('challenge', 954);-1.4276334050523367;0.17412588488668995;0.09162946924860044;-11.499733896388426;-7948.748937946217;-175.2470929127318;-5.481770246798257
('challenge', 955);-1.6356199930249844;0.5049343448275416;0.2685025175228361;-8.108784929217638;-1745.5839569298444;-136.61409711144367;-6.335295431243916
('challenge', 956);-1.0887679297441222;0.4654886992047651;0.22738428789901421;-8.998297944649215;-2564.921991088597;-163.26833407243527;-3.65384642995728
('challenge', 957);-0.8317052644183747;0.37812052558310105;0.0847549387720541;-8.108784929217638;-1786.9330259759154;-143.24368175337096;-3.0620703241163896
('challenge', 958);-1.1496044617851637;0.27148767264871343;0.11258721556514953;-8.108784929217638;-1565.942415899244;-139.26099395151084;-4.470186107245727
('challenge', 959);-1.5006155481582917;0.44847230485161677;0.2220796869609897;-12.071184141970852;-6212.339658362617;-198.06170315320156;-6.053041892030811
('challenge', 960);-2.295441939450045;0.1831406711586697;0.0751017747084426;-10.274229855865693;-10447.717378594518;-235.9142089020624;-8.375855597192855
('challenge', 961);-1.2813139246277037;0.08330498688965902;0.08750794190977551;-9.861308447081074;-3189.459466146015;-252.8858499201241;-4.387960846063614
('challenge', 962);-1.6230176769454752;0.5279121169086787;0.47217477896163396;-11.246460603622186;-5540.062893835864;-213.23053240154394;-5.36008894998194
('challenge', 963);-1.7140182668015451;0.5404316166764236;0.40453020314706456;-11.48224073894091;-6468.101257395487;-139.93808855566874;-7.177556420602222
('challenge', 964);-1.646141166854703;0.4579129602532461;0.27528410986427376;-10.49996744235695;-5148.356185917577;-189.95574649019397;-6.2120910506921785
('challenge', 965);-1.0180794418488905;0.448438347481539;0.2868216363215246;-8.62849832124528;-3483.2556377859314;-159.44626055872683;-3.8622097596214418
('challenge', 966);-1.7916159114792374;0.47306579515408487;0.21111855367876586;-11.288424802721218;-13561.38501386362;-210.4699269204566;-6.775837477247289
('challenge', 967);-2.2095575064817794;0.17244676479393234;0.058808409325843726;-10.46174622953675;-8136.980808066561;-181.48272530928296;-8.457815168848809
('challenge', 968);-1.2314086780256739;0.3347115850992822;0.2167224240486786;-8.12879359992631;-1873.0660406864508;-134.20904397769317;-4.761535874030467
('challenge', 969);-1.2828749052888198;0.5562057747514497;0.34058149313999914;-11.730257555000257;-5497.308815329984;-166.67008975962483;-4.8906938654068774
('challenge', 970);-1.7489482138109744;0.47677557701072043;0.33811864202487596;-10.690111724832112;-3813.3451961627293;-187.44180893715085;-7.046414057505585
('challenge', 971);-0.824589939741227;0.5421132441590846;0.4169971414900599;-11.873358398640931;-5759.225631452128;-156.4889782908893;-3.332628631642649
('challenge', 972);-1.4990358975642175;0.22168246339876674;0.32704220105714055;-13.80231898938247;-7640.669524189391;-290.4784793146571;-5.753856682233792
('challenge', 973);-1.6325577565060332;0.25599985717072693;0.06812879279012977;-10.36265532689252;-4346.921255337082;-217.62722990362963;-5.548902916199438
('challenge', 974);-1.9681086791600173;0.42617630728372524;0.16609216027749696;-11.415176508360362;-3928.1090848693575;-181.6386551875425;-7.878012310034163
('challenge', 975);-1.3025464174876582;0.4614281984214881;0.32732211880041495;-8.747197832700033;-2312.8676171514408;-142.44120282377756;-5.563119823152636
('challenge', 976);-1.4462183286026573;0.0729594656487336;0.06478219024886225;-8.816297879579617;-3361.8445393032493;-197.80796020903307;-4.866931623125871
('challenge', 977);-1.7841324038463162;0.2173618892914651;0.12750676055941892;-8.643940051370596;-3521.538510420332;-216.64575832822618;-5.581238919779044
('challenge', 978);-1.269901183865097;0.5357715071376259;0.1989772377504122;-10.302252705298997;-4568.698792709604;-172.64907726150332;-5.097574711337651
('challenge', 979);-1.8608838416581737;0.542767617140085;0.18620994283078232;-10.302252705298997;-3833.9498887535538;-226.79369238883584;-8.165692991082679
('challenge', 980);-1.5294023005958637;0.5499537600581399;0.4298525147769162;-11.651925711730351;-9453.103445210892;-172.2276651193676;-6.128333116666478
('challenge', 981);-1.1912946409991005;0.5116987213926686;0.3250716902483396;-8.108784929217638;-1559.5391577370285;-121.13104172567301;-4.725446592479137
('challenge', 982);-1.4261175256332799;0.24042883304242313;0.3730721747353201;-10.687497344258041;-5335.083478492692;-299.75608156510714;-5.387184704232989
('challenge', 983);-1.4601515361471678;0.3891606762465082;0.1598927577097632;-9.652669581969745;-3921.5182627524496;-240.9503115298435;-5.26839776235273
('challenge', 984);-1.2856335433256827;0.15524608008599688;0.07349481185569892;-11.180211218080986;-7018.3714801370115;-227.25727400084088;-5.011592437144279
('challenge', 985);-1.7893947110433064;0.2880360489709936;0.09376384633210635;-12.345072892290297;-9754.0723134078;-167.2283705714828;-7.6857685063950845
('challenge', 986);-1.7773014799677447;0.2798594384642591;0.21713482322006922;-12.646548286874413;-6892.6503027605195;-215.28814387947523;-6.199544338678861
('challenge', 987);-1.5306265377546675;0.37861561205568117;0.2331200018614722;-8.108784929217638;-1645.5062123036128;-146.62453410154046;-6.884484011760714
('challenge', 988);-1.3439048986766737;0.1272111718445392;0.08106664047982323;-13.024614420794464;-7797.782220146494;-155.79330413740294;-5.873075642180992
('challenge', 989);-1.5428429593780673;0.11965787538216266;0.06263881685927085;-11.935051967646272;-9075.603824455193;-247.8971641901054;-5.874929323582346
('challenge', 990);-1.634226649212837;0.3414845375941701;0.1626698284094886;-9.69240991061926;-4029.3960370846767;-147.76169836800887;-6.988268910342288
('challenge', 991);-1.2247365980038734;0.487033608642713;0.3565917719968399;-8.108784929217638;-1565.942415899244;-145.16455479929073;-4.763149891927557
('challenge', 992);-1.4742533170989387;0.46956396794602345;0.2069231631864682;-8.557154229812168;-2632.0506589616825;-150.5788663301436;-6.136184970863216
('challenge', 993);-1.3442592321710756;0.33941299052129054;0.2010469470857391;-8.108784929217638;-1558.7057733148733;-155.47761354945382;-4.524429055830495
('challenge', 994);-1.6179471849677558;0.535818321614283;0.2875794364439703;-11.767997882983105;-4589.347016723538;-168.22846705095958;-5.565667984757873
('challenge', 995);-1.2060355075334612;0.5162438919611604;0.3279859035619082;-8.108784929217638;-1567.1191539670788;-122.38553302092689;-5.2271100535844655
('challenge', 996);-1.3925271430808224;0.48840188529052325;0.29644743965953707;-8.108784929217638;-1558.7057733148733;-173.49374561398233;-5.138357362900457
('challenge', 997);-1.714960712389568;0.12875681530508676;0.07872470274057335;-9.780123534828759;-2844.50869819144;-206.04674507912392;-5.907749973510505
('challenge', 998);-1.7785732089832575;0.48405231185026426;0.2360989899165265;-8.12879359992631;-1580.6818171998455;-164.83249397370756;-6.798193442541674
('challenge', 999);-2.1532259566561716;0.2210373379769434;0.12092600916345543;-11.33721496689065;-6019.635447958724;-226.02641980587916;-9.170073414819871
('challenge', 1000);-2.5913725859271586;0.35232904415440985;0.09117458690279137;-15.249237972318797;-25955.067333792154;-213.5048055998349;-8.834110886213256
('challenge', 1001);-1.8442890595849;0.5039801640059791;0.4107668652967665;-9.780123534828759;-4085.180630317075;-203.99823802397947;-5.6338814498737815
('challenge', 1002);-1.5704392284014135;0.11538411761702363;0.052088730274792196;-10.671952989820241;-6620.481088164797;-195.8546162748856;-5.9328013920754685
('challenge', 1003);-1.432551737772665;0.38733875752610597;0.3735482597021264;-8.550353585364151;-2531.5927841086655;-174.88811885375983;-6.067643430374082
('challenge', 1004);-1.5662921458434493;0.3361317319140658;0.26064909412169246;-8.12879359992631;-1744.6114689385943;-161.62006912414333;-6.848628696586809
('challenge', 1005);-0.7750784288574325;0.3651919865969926;0.13515190309704214;-8.661687957494001;-2244.6161346585163;-138.56535625718908;-3.0033401410210248
('challenge', 1006);-1.7002498861106763;0.5416823570495776;0.39391342997182155;-10.735634979856195;-5958.269553426059;-204.6745034464532;-5.8382749885737715
('challenge', 1007);-1.7218375874963272;0.12821449782560507;0.05819054804981382;-10.432996816250766;-4265.362442906528;-224.15927775746016;-7.269666540649986
('challenge', 1008);-1.5007482639516816;0.11484023930365606;0.04903038715125425;-10.323797524285773;-6487.935346385327;-210.9202934959672;-5.19561392103786
('challenge', 1009);-1.6201911782345717;0.2605284510271818;0.08068505655038138;-13.16979643063896;-12778.335524937676;-250.95989232654728;-6.082810553581736
('challenge', 1010);-1.553828932339125;0.42153414135530787;0.16229031414359354;-10.528509445696432;-4477.716816229224;-168.4425599404727;-5.888960981725476
('challenge', 1011);-1.5154241286565528;0.41594991659312874;0.1671814980042846;-8.12879359992631;-1588.013829893435;-148.5536990428984;-5.988276270951219
('challenge', 1012);-1.701541652753813;0.4491641797909304;0.25093748486765194;-9.323646169361522;-3512.9803949835177;-198.1476299381465;-6.371577019778907
('challenge', 1013);-1.584773677948654;0.12231238120471036;0.05709128456822411;-8.12879359992631;-1789.170305590713;-158.45374452638214;-6.746887310581777
('challenge', 1014);-2.0561653453227047;0.5253202857136647;0.1797991828730077;-8.90447918943156;-2367.2400653635714;-194.24180297307151;-8.868380236800077
('challenge', 1015);-1.5643110979858783;0.1874908731237839;0.16547247309797425;-8.468180346382617;-2259.2874834585655;-166.71483160218924;-5.045973497774392
('challenge', 1016);-1.3963937098083878;0.49791475674717683;0.39285006804312866;-8.12879359992631;-1721.5033256864867;-165.2536559438501;-5.694564753084194
('challenge', 1017);-1.2705453126898778;0.27469460411940344;0.1318803870359199;-9.269087185111088;-3697.594829120466;-171.4260460713136;-4.328321752913751
('challenge', 1018);-0.9082168262200175;0.08041019750358863;0.05490333822008489;-11.752730410852317;-4165.1113520891195;-177.11762753335722;-3.4507265667403524
('challenge', 1019);-1.3358469534903183;0.47980655933621524;0.22079030035237202;-8.108784929217638;-1842.1814874885854;-146.99455211075372;-5.120606050223409
('challenge', 1020);-1.311387564241463;0.06800705770633725;0.06444045070137809;-8.115144251125932;-1977.2274747467006;-232.05747351994904;-4.046841043339245
('challenge', 1021);-1.555910202221564;0.5143272276606511;0.17465658949752963;-13.639800059884696;-9585.949788366997;-211.83513633235674;-5.9306107209957215
('challenge', 1022);-1.51975867969989;0.26329270473855076;0.12182131936446557;-8.12879359992631;-1578.369307623359;-132.49994641208977;-6.463664573130108
('challenge', 1023);-1.5823189244638822;0.23765036684552432;0.07352537487386462;-9.73078156347685;-4186.933829049046;-155.71038190121598;-5.240900970463859
('challenge', 1024);-1.432967715288169;0.33584930800213836;0.1405099698782007;-8.108784929217638;-1680.9812824174905;-137.55506160316529;-5.8329707361358745
('challenge', 1025);-1.3134576160960065;0.15279739858602387;0.09382485921900502;-8.108784929217638;-1558.7057733148733;-169.27544302928;-5.528148558296981
('challenge', 1026);-1.5772904640885705;0.45480477121325363;0.23811674650308828;-9.904514232956604;-2897.5327120084676;-134.50372092154532;-6.648681767250177
('challenge', 1027);-0.9556113053589291;0.5997330727088017;0.49763091447555824;-8.108784929217638;-1558.7057733148733;-144.38526888509207;-3.364642064380298
('challenge', 1028);-1.1390461460531973;0.5288278382369707;0.2638025812057615;-8.108784929217638;-1926.3467781877807;-134.04300175964002;-4.509116080864608
('challenge', 1029);-1.1564583469969054;0.3139127579170903;0.07116341218736597;-8.71763174711077;-2574.0305045176506;-160.26256860830983;-4.292770985940741
('challenge', 1030);-1.5527051200674629;0.4483177585694073;0.37513648927020615;-8.108784929217638;-1673.5421085856822;-135.79013412508445;-5.969793224959659
('challenge', 1031);-1.3509857057139831;0.4521483181916439;0.1498540346391394;-8.144272524048954;-2701.3482800754064;-211.21327706539276;-6.275399773249972
('challenge', 1032);-1.2651983121792558;0.5432198784042331;0.24859190439474005;-8.278507894175272;-2079.0239049900542;-208.17643491664666;-5.925622640584058
('challenge', 1033);-1.5091984957292226;0.5180596178817192;0.23406954697275043;-10.741129499173837;-5253.6679741649905;-225.2429650410709;-6.336039012772475
('challenge', 1034);-1.97644321063369;0.08972865624108436;0.08370483650928982;-11.372842144533802;-4499.8054712376;-161.60938491301448;-7.539209317082258
('challenge', 1035);-1.6740346327008635;0.1357241517305962;0.06637027049932366;-15.026094421004586;-8015.809767706307;-177.08016803841903;-6.853671096411168
('challenge', 1036);-1.6502434113128945;0.48209784482755236;0.14091035062770546;-9.688556341303268;-3785.7984475527983;-184.64428481616238;-6.9840155894168685
('challenge', 1037);-1.6640580863512136;0.42546565635313355;0.21131779860308292;-8.591226926448048;-2241.833294326181;-146.02041171841236;-6.066131773511332
('challenge', 1038);-1.6761473550358936;0.48443109802429585;0.1306263696928392;-12.000803345209052;-12760.974018287781;-174.90666496181058;-5.289785842233817
('challenge', 1039);-1.3968867135526384;0.4003652125259897;0.2921255276175275;-8.51941390182932;-2660.4487164540674;-142.3791579731431;-5.137373957329793
('challenge', 1040);-1.2713613265575536;0.08124240571494722;0.052358289391153084;-9.447119596941734;-2903.7564169282573;-131.82521872435;-5.419843316952941
('challenge', 1041);-1.6965989952243983;0.21693575808550292;0.14942928582227066;-8.108784929217638;-1977.7696203385694;-181.76265754219395;-6.6416539150531735
('challenge', 1042);-1.2786463840959046;0.2917464544594883;0.27833111391781235;-8.255304997095607;-2512.821223770242;-163.3870974931714;-5.583770048236055
('challenge', 1043);-1.2941629076889185;0.4013321776932086;0.12427979330850827;-13.024614420794464;-6623.992616608253;-193.15958105409632;-5.525517032053323
('challenge', 1044);-1.7467953068305362;0.43252085947062435;0.3283202795606805;-11.598579731025058;-11769.58493634533;-240.73839386358998;-7.079637560235446
('challenge', 1045);-1.3400642544631436;0.08834308668072935;0.0553877051661005;-11.071011926115993;-6394.934373680251;-243.04791949782782;-5.109972847442438
('challenge', 1046);-1.8237215063915393;0.485732403907676;0.3402520836376757;-10.951952566100006;-3634.326202017395;-185.91288328286873;-6.666335026211924
('challenge', 1047);-1.434658951846353;0.4008086617460548;0.1501655107294052;-8.108784929217638;-2027.188601074118;-213.70762453555022;-5.527087456807648
('challenge', 1048);-1.6342745353793262;0.4627944851601097;0.19760942643354212;-9.270352207417675;-3752.040737057524;-183.7236801145625;-5.753160375988662
('challenge', 1049);-1.4292859506685425;0.47737959584221895;0.23048097237429022;-9.391304817835337;-5500.556784869083;-187.2522267508312;-5.850519384895704
('challenge', 1050);-1.5197272328751288;0.29862182983842506;0.09475845888964915;-8.718360344592911;-2915.62748699885;-163.9206236362214;-6.441325613261248
('challenge', 1051);-0.6465801710316134;0.27907779205307276;0.1758927460349488;-8.107992849968305;-1871.3558780791893;-172.15678173023537;-2.630497340250219
('challenge', 1052);-1.8095337230870308;0.4962954587518914;0.4524506066501048;-8.468180346382617;-2609.662811945678;-204.54772511704937;-6.015131977006705
('challenge', 1053);-1.7978905549258215;0.36779414383886067;0.19951473899831382;-8.12879359992631;-1965.7096367515414;-174.6300546627739;-7.6185192827161865
('challenge', 1054);-1.3683354152397271;0.09245471969171501;0.0952472480940193;-8.108784929217638;-1910.0814809013261;-157.4680526852568;-4.545400721112391
('challenge', 1055);-1.6961001911875833;0.478354336439568;0.1688034393866655;-8.956743335239533;-2454.1497862629444;-205.85546156673365;-6.283927559513381
('challenge', 1056);-1.4996153192021195;0.5114269193353542;0.23774588988410106;-8.12879359992631;-1769.385343802968;-151.55130817300912;-5.825381632645421
('challenge', 1057);-1.0267086488302941;0.5236651461360701;0.2337835262120365;-8.108784929217638;-1829.4501793174118;-161.575602014001;-3.887546225291497
('challenge', 1058);-2.1227887118168933;0.32736986848896854;0.14371846101373062;-10.98655809527748;-3724.496394177371;-156.99699305104602;-8.344319326633174
('challenge', 1059);-1.5909811284509954;0.42039546541100153;0.42291215564796314;-10.497805279352454;-5282.440299722298;-264.04360247561385;-6.420281661612988
('challenge', 1060);-1.9879435291344394;0.08915527991498454;0.05332026741176617;-10.560186302350003;-3740.1363065161086;-169.45300712677627;-7.702943245525727
('challenge', 1061);-1.269382350260063;0.25056980883848384;0.1550617818162415;-10.18664293929183;-4995.059240536999;-226.52535049773724;-4.4824415377955615
('challenge', 1062);-1.6378189964154533;0.15442874214841296;0.06411760899206918;-9.927448249585618;-3998.0869018174744;-202.8053820233223;-4.594465819147541
('challenge', 1063);-1.208889484491101;0.28015470170048007;0.19861892007028314;-9.4895478657243;-3686.310387340334;-210.25062902002293;-4.489719408605197
('challenge', 1064);-1.5132223406777376;0.47844765373964226;0.2625176182214592;-8.206951800379054;-2049.4824305315797;-167.07273429209027;-5.699286446668726
('challenge', 1065);-1.6036669130585255;0.44608998108803366;0.2914492758430052;-8.847320775591612;-2737.709934534205;-163.67604360886642;-5.405310481758343
('challenge', 1066);-1.3560662511332942;0.33414862833264597;0.11394894594362531;-12.74371203532806;-6381.121784055449;-196.513856901581;-4.941523247401154
('challenge', 1067);-1.8371686403383283;0.08394203008216924;0.05584528899258025;-8.472730979946613;-2490.2182665165196;-150.8801178145442;-7.280974463200783
('challenge', 1068);-1.5317401363102034;0.5744245498943117;0.48945854209872897;-10.199381965069259;-8106.193503771881;-182.6336511093596;-6.83775516394388
('challenge', 1069);-1.211296385693897;0.45280253791663017;0.3107502076997576;-9.454701134394131;-2711.147404702827;-183.29296583544829;-4.922673990308399
('challenge', 1070);-1.3352537136861602;0.3116035820202439;0.17726573770035747;-12.113743756389647;-6732.670328719562;-201.87487293641166;-4.6693952401602985
('challenge', 1071);-1.6071830882862077;0.23428894060748062;0.10916329815889715;-11.134274122893961;-8068.4368615990215;-243.41292392429045;-5.62000634994995
('challenge', 1072);-0.8559688554820604;0.4803825246114508;0.16128141208855537;-8.762315278575945;-2300.449667324898;-162.5019194916993;-3.303118608490883
('challenge', 1073);-1.7048301840357682;0.5659016606715707;0.33712473899165035;-11.372842144533802;-4604.48583194687;-164.9897249403489;-6.810633724252579
('challenge', 1074);-1.3280438626108557;0.1430610747731487;0.12982681391093168;-9.715848483591277;-3854.914830020639;-234.8607969786104;-5.484302020303099
('challenge', 1075);-1.7689752513884072;0.42012612872546806;0.3139213670838622;-8.108784929217638;-2085.3984071858895;-181.37134524424584;-6.364451237730151
('challenge', 1076);-1.7094512699470852;0.4970411286151051;0.2496911314558373;-8.684677475718699;-2655.5401455263172;-164.44198835200294;-7.6152133600482115
('challenge', 1077);-1.5606722017806438;0.19547327647931742;0.051687779923531324;-9.529746203957416;-4041.1411682172607;-166.34294469357172;-6.221085736230616
('challenge', 1078);-1.6885472930564913;0.45481334634304327;0.3594335225126334;-10.821401801613622;-4265.88404862579;-180.64700438371355;-6.438787534679112
('challenge', 1079);-1.6934860939244503;0.11476363309688523;0.09426526861353564;-11.098198066420151;-8945.473092547854;-197.63378208446466;-7.2162672717660685
('challenge', 1080);-1.5128130334642524;0.47078262983124247;0.18980949350603288;-10.567106745194577;-6878.250918522211;-173.97233042975935;-7.06211997183885
('challenge', 1081);-1.391975503067578;0.27346794375011696;0.09866255361764598;-10.309382860283588;-5742.215151505236;-186.19673858939316;-5.698234758670524
('challenge', 1082);-0.966763225065589;0.5072591484428973;0.20854560075128656;-8.108784929217638;-2352.164665974057;-159.0211183594887;-3.8049845048297923
('challenge', 1083);-1.4173604559013704;0.4023231405430489;0.23042708151550312;-11.420596575829702;-4777.006327093043;-164.75512067986477;-6.237705784263354
('challenge', 1084);-1.340772212522465;0.4601662154012627;0.3162894925748039;-10.791987916407328;-3436.984580622169;-166.07715962225026;-5.263370474823761
('challenge', 1085);-1.7668849469736172;0.5264529186073306;0.40258923806554037;-8.108784929217638;-1964.7213845070773;-216.81545603704822;-5.746044713690946
('challenge', 1086);-1.0522282424779847;0.12411319510564517;0.07111670588856168;-10.497805279352454;-3240.5983353436027;-146.53001339652994;-4.26649314310997
('challenge', 1087);-1.4996527533984962;0.28071168217948095;0.23425715111708675;-12.18118503718518;-15294.973964487497;-197.1771891938768;-5.815406086280881
('challenge', 1088);-1.5574550520861274;0.38110477709589086;0.07527951443189061;-8.839885797104094;-3288.5079148024815;-180.84843146688894;-6.452172006053094
('challenge', 1089);-1.6283741691724558;0.10733414475763633;0.07884616274136955;-9.092788788070138;-2761.1228983855376;-203.35488082278133;-6.351434765800897
('challenge', 1090);-1.6325217301791157;0.37740828735137427;0.14772059300101442;-11.618252496623763;-9081.722646096448;-188.80692355282955;-6.366489826942295
('challenge', 1091);-1.4543582450754933;0.31140360568114256;0.08589521164548766;-8.966037082430994;-2385.4895009571733;-162.6012850385709;-5.970479892135345
('challenge', 1092);-1.8197130942081035;0.43909665621746763;0.30133665991751996;-9.943448590932059;-5218.393621722592;-214.39927270637318;-7.558211953825453
('challenge', 1093);-1.3383829921302735;0.18636305453960497;0.0744692595255326;-13.052013394982577;-5592.723484065066;-180.79260743094565;-4.455564571135104
('challenge', 1094);-1.2091767281933576;0.1803635540087032;0.07482034748400009;-9.373605240735937;-3845.9825949147576;-194.41282638870925;-4.857831206286718
('challenge', 1095);-1.1782975989055338;0.4531457742178933;0.45481874617133855;-8.108784929217638;-1944.9310601531529;-214.67195795813225;-3.891066475242995
('challenge', 1096);-1.2727533687503394;0.37402584717961185;0.20381952219606356;-8.468180346382617;-2747.017548578219;-166.94352497996275;-4.69159861024923
('challenge', 1097);-1.2437203641110923;0.3453667690568312;0.34195713393249966;-9.39847330731395;-5180.964895570827;-202.64531146456923;-4.2523276291431165
('challenge', 1098);-1.280602073838036;0.4667658984754347;0.0897380328928093;-9.217951931024142;-2520.404225217513;-140.86516706747412;-4.956701675993174
('challenge', 1099);-1.704296457569803;0.18962774604454108;0.07157122263880386;-11.35741767420817;-14506.690429993461;-228.81780182060066;-7.313485815380342
('challenge', 1100);-1.5681205550832065;0.5171740703723506;0.2677534704164721;-8.398053044825055;-2126.224085480723;-148.93271142825185;-7.691948474753684
('challenge', 1101);-1.6069177576210902;0.5580920253054573;0.45518632368331485;-12.081655441838146;-4584.8748203619325;-218.05656914608693;-5.644082728354923
('challenge', 1102);-1.1992455146875898;0.18469788784508584;0.05433606179050466;-9.207199139247882;-2941.286244144268;-135.4701789410139;-4.43125697376399
('challenge', 1103);-0.9841096491450259;0.11221098107133641;0.07769174063003013;-13.691093354272247;-8023.552011073267;-167.29719401134346;-3.8128523300035773
('challenge', 1104);-1.3932242082719837;0.11594697620868973;0.053260471989008025;-8.12879359992631;-1619.10479743525;-137.90847305099965;-5.375279899392082
('challenge', 1105);-1.4388129397301792;0.15892061718402983;0.0969766356830009;-11.415176508360362;-8908.224569922582;-216.8975171510479;-4.8704851674904885
('challenge', 1106);-1.7965605948942622;0.5635053657734621;0.4063743585009231;-9.847687351129109;-5841.215417242581;-190.27747897022397;-7.110862144909041
('challenge', 1107);-1.2583458928384368;0.532938743930089;0.4614607917296269;-9.156232695655854;-3277.5022484276537;-192.72216462682275;-4.507045824878467
('challenge', 1108);-1.6363319803341037;0.5071995366693541;0.3857831419550993;-11.342227508714195;-5208.2352329521555;-144.87675706255536;-6.9011640078640735
('challenge', 1109);-1.2040143774374588;0.5486701946221124;0.377915666060489;-12.524658469265376;-4896.971884938362;-132.76004072185177;-4.857270600219213
('challenge', 1110);-1.886567339157898;0.4563873435050499;0.34598223777347875;-14.843772864210633;-16166.973802010822;-180.20367211371604;-9.511921450541937
('challenge', 1111);-0.8879442375350503;0.39462967807375027;0.3592675875013221;-11.560358518204861;-21221.11527464027;-223.06871129611093;-3.477083674419473
('challenge', 1112);-1.4638811417129727;0.4787494495645078;0.23797465898428036;-8.108784929217638;-2006.3553874510658;-189.3356759852389;-5.5914207721460505
('challenge', 1113);-1.0348837999993659;0.2800629142019897;0.14692467953123445;-8.966037082430994;-2552.2866138877016;-203.36259734552644;-3.9151343540317542
('challenge', 1114);-1.853021680236914;0.10121580028702239;0.05939910963947311;-8.942962685370782;-2592.589612922577;-149.6564088638658;-7.164679110082095
('challenge', 1115);-1.4004772639567156;0.571806024840427;0.5669222072062877;-9.717826723603382;-2772.535579068481;-159.13397977277202;-4.7594735176758585
('challenge', 1116);-1.6786253661099817;0.27720225600709625;0.08749659911403015;-8.108784929217638;-2002.1287826693135;-148.32759765892132;-6.864288808485795
('challenge', 1117);-1.2913479081736945;0.28043992017522296;0.18386471737188043;-14.332947240444641;-22013.21137268829;-178.25750890787234;-4.7762817099252
('challenge', 1118);-1.800511838450051;0.1715784107683544;0.09104218156797175;-10.360770312196749;-3421.84326131491;-167.0025897742573;-6.670912798944487
