confidence_per_choice;id
[5.815334824920336e-05, 3.4923800161060953e-06, 0.9975759282962553, 3.112724425703091e-05];('easy', 451)
[0.0012355983973888333, 0, 0, 0];('easy', 452)
[0.0006350127246348641, 0.0003398978181157935, 0.0001936678465778467, 0];('easy', 453)
[0.00015358788681624216, 0, 0, 0];('easy', 454)
[0, 0.0003071117722623153, 0, 0];('easy', 455)
[0.0038748238271301473, 0, 0, 0];('easy', 456)
[0.0004163278154877183, 0, 0.00020934277241488414, 0];('easy', 457)
[0.00017905609310983126, 0, 5.460902303122157e-05, 0.00022991257456583014];('easy', 458)
[0.0033290220576965854, 0, 0, 0];('easy', 459)
[2.0140929125605653e-05, 2.560631786316057e-06, 3.3206778261049776e-05, 0.999743884839861];('easy', 460)
[0.00010233335033948294, 0, 0, 0];('easy', 461)
[0.0006653613365349801, 0, 0.001096995388246688, 0];('easy', 462)
[0.0038743693294317617, 0, 0.0005243388705618927, 0];('easy', 463)
[0.0001773226038748348, 0, 0.000701324168615522, 0];('easy', 464)
[0.0016071476835967748, 0, 0, 0];('easy', 465)
[0, 0, 0, 0];('easy', 466)
[6.586100511297984e-05, 5.406200514067541e-06, 0.9970403548980634, 4.8184940678790726e-05];('easy', 467)
[0.000239227934990478, 0, 0, 0];('easy', 468)
[0.000860670874997576, 0, 0, 0];('easy', 469)
[0.0001756197976354035, 0, 0, 0];('easy', 470)
[1.2216603648113603e-05, 2.7258927284734803e-06, 2.405591889655718e-06, 0.9997854693149376];('easy', 471)
[0, 0, 0, 0];('easy', 472)
[0, 0, 0.0002648148225114566, 0];('easy', 473)
[7.401234448716809e-06, 2.257248974049323e-06, 2.4267713484261594e-05, 0.9986370330359218];('easy', 474)
[0, 0, 0.00012731935916437967, 0];('easy', 475)
[0.00043887996155292673, 0, 0.00038731020667690414, 0];('easy', 476)
[0.0023017321246073864, 0, 0, 0];('easy', 477)
[9.017366325230564e-05, 1.890142663881176e-05, 0.9987273935372221, 6.197539198261713e-05];('easy', 478)
[0.00011379348819441995, 0, 0, 0.00022630537376671313];('easy', 479)
[0, 0, 6.974190310511383e-05, 0];('easy', 480)
[0.00026061826590059685, 0, 0.00026061826590059685, 0];('easy', 481)
[0.00016248419709488293, 0, 0.0006037023178675796, 0];('easy', 482)
[0.00019672217395007202, 0, 0.00025259627137795955, 0];('easy', 483)
[0, 0, 0, 0];('easy', 484)
[0, 0, 0.00021609165926406477, 0];('easy', 485)
[0.0005402745031145017, 0, 0, 0];('easy', 486)
[0.9996028332300226, 6.473377317020646e-07, 7.408388029574908e-06, 6.959536489373655e-06];('easy', 487)
[0.00916778986213181, 0, 0, 0];('easy', 488)
[0.0001885615565739152, 0, 0, 0];('easy', 489)
[0.0009084949423450022, 0, 0, 0];('easy', 490)
[0.0001864804868822428, 0, 0.00042024026432559055, 0];('easy', 491)
[0.000129397874876008, 9.466950761176944e-05, 0, 0];('easy', 492)
[9.176558409961846e-05, 0, 5.2286453721363676e-05, 0];('easy', 493)
[0.00015200424122600794, 0, 0, 0];('easy', 494)
[0, 0, 0, 0];('easy', 495)
[3.28791316080852e-06, 0.9997420976256268, 5.770467304558048e-06, 8.395980386466994e-06];('easy', 496)
[0, 0, 0, 0];('easy', 497)
[1.5670072163227146e-05, 2.4030833970493356e-06, 3.116365966206827e-05, 0.9987428514934904];('easy', 498)
[2.5862944760214763e-05, 1.6533627430277543e-06, 2.282396864260602e-05, 0.999800364305984];('easy', 499)
[0.0006305591219995397, 0, 0.0010396162368746383, 0];('easy', 500)
[0.00033437314663832177, 0, 0, 0];('easy', 501)
[0, 0, 8.109065303441568e-05, 0];('easy', 502)
[0.999303349748821, 1.0669599346028004e-06, 2.58500729251383e-05, 1.99334358456383e-06];('easy', 503)
[0.001232650720264639, 0, 0, 0];('easy', 504)
[0.0002049732738974, 0, 0, 0];('easy', 505)
[0, 0, 0, 0];('easy', 506)
[0, 0, 0, 0.00010850217808501909];('easy', 507)
[0.00025853217143115064, 0, 0, 0];('easy', 508)
[2.4038925241341403e-06, 6.077992141601278e-07, 2.427845444226099e-05, 0.9990792415330009];('easy', 509)
[0.0006103966783456934, 0, 0.0014642655112030655, 0];('easy', 510)
[0, 0, 0, 0];('easy', 511)
[9.585544003111727e-05, 9.004785250696533e-05, 0, 0];('easy', 512)
[0.0041060585129103514, 0, 0, 0];('easy', 513)
[0.00013470978316468195, 0, 0, 0];('easy', 514)
[0, 0, 0.00014473173624249112, 0];('easy', 515)
[1.75987799008198e-06, 0.9997341147899055, 2.2822445029174166e-05, 7.88722595327893e-06];('easy', 516)
[0.00027027640326769215, 0, 0.001068963401597152, 0];('easy', 517)
[0.0008321098799173775, 0, 8.239003534383376e-05, 0];('easy', 518)
[4.2631801037505965e-05, 4.783155513690134e-06, 0.9995899690304098, 7.028795717879189e-05];('easy', 519)
[0.0001678891894566549, 0, 0, 0];('easy', 520)
[0, 0, 0, 0];('easy', 521)
[7.833930528468922e-05, 0, 0, 0];('easy', 522)
[0.0003216803738556017, 0, 0.0008744179148235942, 0];('easy', 523)
[0.0017053859455173094, 0, 0.00015862567826793655, 0];('easy', 524)
[0.006693856630774511, 0, 0.0004849013479554187, 0];('easy', 525)
[0.00010062918994384674, 0, 0, 0];('easy', 526)
[0.0001929910128418284, 0, 0.00021868746765751787, 0];('easy', 527)
[0.0005599904713675558, 0, 0, 0];('easy', 528)
[0.000987107563234387, 0.00111853940828961, 0.0004963488536481971, 0];('easy', 529)
[0.00010463460791189659, 0, 8.148951457815448e-05, 0];('easy', 530)
[0, 0, 8.26713353009013e-05, 0];('easy', 531)
[0, 0, 0, 0];('easy', 532)
[5.533061948560762e-05, 0, 0.00017043030640064092, 0];('easy', 533)
[1.3000514038634266e-05, 5.091074447219894e-06, 0.9994787312391035, 2.2816612706382805e-05];('easy', 534)
[0.0003847620467444084, 0, 0.00026444282961310276, 0.0003189789403218029];('easy', 535)
[0, 0, 0, 0.00015014095507071487];('easy', 536)
[0, 0, 0, 0];('easy', 537)
[0.00011628246350682764, 0, 0, 0];('easy', 538)
[0.0014270118151234485, 0, 0, 0];('easy', 539)
[1.4731414028825296e-05, 2.2591355099694174e-06, 2.013545562173835e-05, 0.9994718243352931];('easy', 540)
[3.759926131780545e-05, 2.723681354529156e-06, 0.9989747794379994, 2.0125434324227358e-05];('easy', 541)
[0.00032880293902662095, 0, 0.0006142847616283181, 0];('easy', 542)
[7.844920627147526e-05, 0, 0, 0];('easy', 543)
[0.001432739759700763, 0, 0, 0];('easy', 544)
[0, 0, 0, 0];('easy', 545)
[0.001051308291802548, 0, 0.002521957487547885, 0];('easy', 546)
[7.588533423985123e-05, 0, 5.5518896537714896e-05, 0];('easy', 547)
[0.003867442075125183, 0, 0.0004076253957561218, 0.0001243186625148714];('easy', 548)
[0.00012026314253607171, 1.3493150636752132e-05, 1.963241833262447e-05, 0.9745024825759252];('easy', 549)
[0, 0, 0, 0];('easy', 550)
[0.00012492800562480163, 0, 0, 0.0004096233558476475];('easy', 150)
[6.140334537236941e-06, 1.9934747579196633e-06, 6.536352090790682e-06, 0.999368708742345];('easy', 151)
[0.9999423060344126, 3.4661290734910046e-07, 1.7777850659841523e-05, 2.260200073595224e-06];('easy', 152)
[0.0018238039383883453, 0, 0, 0];('easy', 153)
[0, 0, 0, 0];('easy', 154)
[0, 0, 0, 0];('easy', 155)
[5.4294799169794244e-05, 0, 0, 0];('easy', 156)
[0.00018365083984294095, 0, 0, 0];('easy', 157)
[0.00015786476930089305, 0.00011549633248058939, 0, 0];('easy', 158)
[0, 0, 0, 0];('easy', 159)
[0.003819296857760055, 0, 0.0003135069773134951, 0];('easy', 160)
[0, 0, 0, 0];('easy', 161)
[7.393051269966067e-06, 0.9975334597818063, 3.313335707305587e-05, 2.1392503169827697e-05];('easy', 162)
[0.00014289762251141772, 0, 0, 0];('easy', 163)
[0.0003538430230867319, 0, 0.0002933461694038804, 0];('easy', 164)
[0.0004857805449575319, 0, 0.00262610481486766, 0];('easy', 165)
[0.0003495089061819933, 0, 0.00044877831889641073, 0];('easy', 166)
[0, 0.00014547914296034921, 0, 0];('easy', 167)
[8.750472982870232e-05, 0, 7.254396900650327e-05, 0];('easy', 168)
[0.000126746692903535, 0, 0.0002089699685809551, 0.00014362281899497675];('easy', 169)
[0.9987831635729709, 0, 1.9923059084325787e-06, 6.885224982587678e-07];('easy', 170)
[5.826920718216398e-05, 1.2213889345648105e-05, 0.9995629314452078, 0.00010226564342244137];('easy', 171)
[0.0008213933930779596, 0, 0, 0];('easy', 172)
[0.0045852481145450385, 0, 0.0002753656840411481, 0];('easy', 173)
[0.00020914222548710026, 0, 0, 0];('easy', 174)
[0, 0, 0, 0.00014979055992651877];('easy', 175)
[0, 0, 0.0010151075072427455, 0];('easy', 176)
[3.7628388843553926e-05, 0.999748412508168, 7.409469082419009e-06, 6.960552044536995e-06];('easy', 177)
[0.001453679902093003, 0, 0, 0];('easy', 178)
[0, 0, 0, 0];('easy', 179)
[1.1467258049797803e-05, 1.2865906959816946e-06, 4.535388538847891e-05, 0.99898596217222];('easy', 180)
[0.0007826773079566532, 0, 0.0015565396889251947, 0.004794479775837016];('easy', 181)
[0, 0, 0.0001267418579931257, 0];('easy', 182)
[7.410274675331073e-06, 1.209694086799011e-06, 8.938497469902577e-06, 0.9998572076678064];('easy', 183)
[0, 0, 0, 0];('easy', 184)
[0, 0, 0, 0];('easy', 185)
[0.0008961090674856479, 0, 9.444920083584264e-05, 0];('easy', 186)
[0.00041854062856913404, 0, 0, 0];('easy', 187)
[0.00028328343782753904, 0, 0.00014244385805585441, 0.0006383887773781464];('easy', 188)
[0, 0, 8.676035976000208e-05, 0];('easy', 189)
[7.72420978319003e-05, 6.403594825198452e-05, 0, 0];('easy', 190)
[6.133481130019611e-06, 1.368564626808648e-06, 0.9982533023019292, 5.1355008747017175e-05];('easy', 191)
[0.00032734369198984326, 0.00037092899819947454, 0.00014525788279250246, 0];('easy', 192)
[0, 0, 7.651603910439649e-05, 0];('easy', 193)
[0, 0, 0.0012786967653815736, 0];('easy', 194)
[2.7500469313613373e-05, 3.961818236326374e-06, 0.9986932686591566, 0.0001232485527519884];('easy', 195)
[0, 0, 0, 0];('easy', 196)
[0.0001312709924258512, 3.7238714183082255e-06, 0.9992533540413328, 0.00023038776658079022];('easy', 197)
[7.887015344435935e-06, 1.2875198616346772e-06, 2.752838846284544e-05, 0.9997068311164607];('easy', 198)
[2.7503354378978515e-05, 6.953937004455631e-06, 0.9987977909069383, 6.597711732095335e-05];('easy', 199)
[0.00023315086040659512, 0.0001247966626016658, 0, 0];('easy', 200)
[0.0006011007219480768, 0, 0, 0];('easy', 201)
[0.005397474234643887, 0, 0.00020928268794666077, 0];('easy', 202)
[0.9998562542610705, 4.450211602345653e-07, 7.88818880818261e-06, 2.123077215808762e-06];('easy', 203)
[4.3623685204821524e-05, 0, 0, 0];('easy', 204)
[0.0017231969388189323, 0, 0, 0];('easy', 205)
[0.0004632312165550933, 0.00020555760629190886, 0.00038403216697430306, 0];('easy', 206)
[0.00011571054434178304, 6.527942211644046e-06, 0.0013242364238292867, 0.9980826256686111];('easy', 207)
[9.922121338542296e-05, 0, 0, 0.00011968362896975109];('easy', 208)
[0.000142978594452572, 0, 0, 9.23139188190343e-05];('easy', 209)
[0.0008195413142572813, 0.0017349689758974379, 0, 0];('easy', 210)
[0.00016304517789007835, 0, 0, 0];('easy', 211)
[0.0032915276708083982, 0, 0, 0];('easy', 212)
[0, 0, 9.480204675290749e-05, 0];('easy', 213)
[0, 0, 0, 0.00014185753822987019];('easy', 214)
[0.00025382806833995267, 0, 0, 0];('easy', 215)
[0.003247950545569919, 0, 0.00023528063618977275, 0];('easy', 216)
[0.00013916047247412503, 0, 0, 0];('easy', 217)
[0, 0, 0, 0];('easy', 218)
[0.00019488901215095544, 0.00010431657104657526, 0.00012582980351225192, 0];('easy', 219)
[0.00021110442244385007, 0, 0.00023921264972781453, 0.00032696492565669453];('easy', 220)
[0.0001893277304357252, 0, 0.000228372835505793, 0];('easy', 221)
[0, 0, 0.0002085230427251496, 0];('easy', 222)
[0.003685938887335324, 0, 0.0007258044010054817, 0];('easy', 223)
[0.007462190289227279, 0, 0.00047704186510776254, 0];('easy', 224)
[0.00012505316594136985, 0, 0, 0];('easy', 225)
[0, 0, 0, 0];('easy', 226)
[0.00015084794655374146, 0, 0.00028182106633597943, 0];('easy', 227)
[0.0010807339974049717, 0, 0.00022653426035733427, 0];('easy', 228)
[0, 0, 0, 0];('easy', 229)
[0.0003939555394439992, 0, 0.0006101702758056203, 0];('easy', 230)
[7.140279811784654e-05, 0, 0.0002492202535536953, 0];('easy', 231)
[0.0004104715467319724, 0, 0, 0];('easy', 232)
[0.00044463473760758375, 0, 0.00014435183346983612, 0];('easy', 233)
[0, 0, 0, 0];('easy', 234)
[0.00014949514919011193, 0, 9.067339146211715e-05, 0.0005217895899590204];('easy', 235)
[0.0006576177951086203, 0, 0, 0];('easy', 236)
[0.00011516757521680545, 6.562050632444245e-05, 0, 0];('easy', 237)
[0.00047650306266561567, 0, 0, 0];('easy', 238)
[0.0018429439552406443, 0, 0.0009864568141625452, 0];('easy', 239)
[0.00019963666920713567, 0, 0.0011488291630436897, 0];('easy', 240)
[0, 0, 0, 0.00039552534981990257];('easy', 241)
[0.001002105446124039, 0, 0.00013562022438414894, 0];('easy', 242)
[9.379448248939738e-05, 0, 0.00012043449946145956, 0.0001282018573392696];('easy', 243)
[0.00011109779838412682, 0, 0, 0];('easy', 244)
[0, 0, 0, 0];('easy', 245)
[0.0003320169692519125, 0, 0.001088641730990597, 0];('easy', 246)
[4.515906173604781e-05, 0, 0, 5.117192094815189e-05];('easy', 247)
[0.0008465956106669371, 0, 0, 0];('easy', 248)
[0.00015809422594741525, 1.2190917679864875e-05, 0.997683776504692, 0.0001682904275079316];('easy', 249)
[0.0005350819787863374, 0, 0.00018491938373914706, 0];('easy', 250)
[0, 0, 0.00010287358054122092, 0];('easy', 251)
[0, 0, 0, 0.0003825858623504865];('easy', 252)
[4.749525653095392e-05, 0, 0, 0];('easy', 253)
[0, 0, 0, 4.034077354311651e-05];('easy', 254)
[0.00043263652299114504, 0, 0, 0];('easy', 255)
[0.00031991695485188875, 0, 0.00036251340250026745, 0.0004954970727213733];('easy', 256)
[4.2580116874273127e-05, 0.9983779319729176, 2.2791494184628995e-05, 3.115227898759285e-05];('easy', 257)
[0.00040745380234722897, 0, 0, 0];('easy', 258)
[0.0002099772048607166, 0.0002696160679662089, 0, 0];('easy', 259)
[0, 0, 0, 0];('easy', 260)
[0, 0, 0.00012659979401705924, 0];('easy', 261)
[0.000218546945661768, 0, 8.5584213614177e-05, 0.0001811817816429954];('easy', 262)
[0.0003068096640359594, 0, 0, 0];('easy', 263)
[0.00036049846418623145, 0, 0.0007631752546710957, 0];('easy', 264)
[0, 0, 0, 0];('easy', 265)
[1.4694483505121849e-05, 7.388850328348383e-06, 0.002800271553224113, 0.9969659395950485];('easy', 266)
[0.0002128776487353851, 0.0004233577564766377, 0, 0];('easy', 267)
[6.101612368544402e-05, 0, 0, 0];('easy', 268)
[0.00012777257932329258, 0, 0.00019789804219054872, 0];('easy', 269)
[0.001501905818723593, 0.0010988177701840825, 0.0004580553949375717, 0.00023032471703456176];('easy', 270)
[8.776657283422866e-05, 0, 0, 0];('easy', 271)
[0.00055111149574158, 0, 0.00026032663741939457, 0];('easy', 272)
[0.0011940938562548496, 0, 0, 0];('easy', 273)
[4.537499768465035e-05, 0.9994506279166882, 1.568117959801679e-05, 7.884992281716509e-06];('easy', 274)
[0, 0, 0, 0];('easy', 275)
[0, 0, 0, 0];('easy', 276)
[0.0001197632104406812, 0, 0, 0];('easy', 277)
[0.001635950728273639, 0, 0.00014294778154023936, 0];('easy', 278)
[0.9998057266053867, 1.002819977079793e-06, 2.9306695591671384e-05, 5.092740062466513e-06];('easy', 279)
[0.0011493074958670276, 0, 0.00019971969579396954, 0];('easy', 280)
[0.0034358104398693238, 0, 0.00026494112616961857, 0];('easy', 281)
[0.00027945410001937624, 0, 0.0005916043343834995, 0];('easy', 282)
[4.004379136196928e-05, 4.782548863013217e-06, 7.027904251217075e-05, 0.9994632504325656];('easy', 283)
[1.077702355046992e-05, 2.724858278479049e-06, 0.9994056183459002, 9.605456533143236e-05];('easy', 284)
[0, 0, 0, 0];('easy', 285)
[3.96587441035077e-06, 0.9997156475252866, 4.221651334582527e-06, 1.7598461017125427e-06];('easy', 286)
[6.538459370680605e-06, 2.4053647794081616e-06, 1.14753535678587e-05, 0.9996913432273397];('easy', 287)
[1.5532275897594392e-06, 0.9998247930471621, 2.429656741897175e-05, 2.56083936547468e-06];('easy', 288)
[1.30001173004852e-05, 0.9994481272962475, 7.027797014726706e-05, 2.122210810679277e-06];('easy', 290)
[0.0005040426192594706, 0, 0.0001973859257869202, 0];('easy', 291)
[0.0021480247149464277, 0, 0.0001876923078357143, 0];('easy', 292)
[0.007399566042922789, 0, 0.0008302083012158613, 0];('easy', 293)
[0.00012333815000542168, 0, 2.5853080711286624e-05, 0.9994189540860882];('easy', 294)
[0, 0, 9.306927207897777e-05, 0];('easy', 295)
[0.00012751584871281376, 0.9706692372894419, 0.00017429350012165165, 4.6910459164972106e-05];('easy', 296)
[7.727739085491146e-05, 0, 0, 0];('easy', 297)
[0.0001580930197887935, 0, 0.9976759450646581, 2.9244268116104185e-05];('easy', 298)
[0.00014674590917874015, 0, 0.00024194310185121805, 0.00024194310185121805];('easy', 299)
[0.0001906960371050335, 0, 0.00013106334181021495, 0];('easy', 300)
[0.00020229238987921333, 0, 0.0001306097834330907, 0];('easy', 0)
[0.0002591423755973597, 0, 0, 0];('easy', 1)
[0, 0, 0, 6.744124598909888e-05];('easy', 2)
[0.0003013291304129746, 0, 0, 0];('easy', 3)
[1.3808877185311157e-05, 0, 0.9973050462478881, 4.81977172342063e-05];('easy', 4)
[7.473870001671471e-05, 6.53059482657218e-06, 0.998488449488824, 4.000474333659899e-05];('easy', 5)
[0.0005930385684593961, 0, 0, 0];('easy', 6)
[0, 0, 0.0001987356964075734, 0];('easy', 7)
[0, 0, 0, 0];('easy', 8)
[0, 0, 0, 0];('easy', 9)
[0.0010230090918614421, 0, 0, 0];('easy', 10)
[0.002065551974916175, 0, 0.000490611596966331, 0];('easy', 11)
[5.767683384205484e-06, 0.9992606150538345, 1.1470408058856643e-05, 6.139667003279345e-06];('easy', 12)
[0.00024368841596824543, 5.437423528131179e-05, 6.16140805957101e-05, 0];('easy', 13)
[0.0005688529789633321, 0, 0, 0];('easy', 14)
[0.00034460684023767036, 0, 8.185129895914914e-05, 0];('easy', 15)
[0.00026088434472795524, 1.889839854613298e-05, 0.00014864741886717024, 0.9985672526514061];('easy', 16)
[0.00015727855871403154, 0, 0, 0];('easy', 17)
[5.4749400416468985e-05, 0.9997562764232971, 7.409525612397551e-06, 2.752972740437599e-05];('easy', 18)
[0.0006344349469063934, 0, 0, 0];('easy', 19)
[0, 0, 0.00018354595909200793, 0];('easy', 20)
[0.0005564709829254888, 0, 0.00021791716799599034, 0];('easy', 21)
[0.00018630148630519893, 0, 0, 0];('easy', 22)
[0, 0, 0, 0.00014849439556165233];('easy', 23)
[0.9998941533555177, 9.515334927871978e-06, 2.4058534371099373e-06, 1.067590991166855e-06];('easy', 24)
[0.010178577070170645, 0, 0.0003707546426791224, 0];('easy', 25)
[0.0009550254726943926, 0, 0, 0];('easy', 26)
[7.407787512816746e-06, 0, 1.0125245032671398e-05, 0.9995218418531474];('easy', 27)
[0.00020711450165621797, 0, 0, 0];('easy', 28)
[0, 0, 0, 0];('easy', 29)
[0.002392831602332707, 0, 0.00034472007624564334, 0];('easy', 30)
[0.00020436526426878792, 0, 0, 0];('easy', 31)
[0, 0, 0.00035448442316301826, 0];('easy', 32)
[0.001031454560468212, 0, 0, 0];('easy', 33)
[0.0016670321390704298, 0, 0.0004776127043637817, 0];('easy', 34)
[0, 0, 0.00021761126109436744, 0];('easy', 35)
[3.0889972571094816e-06, 0.9998355182423089, 7.410119203212067e-06, 5.4213590214275846e-06];('easy', 36)
[6.274470134371118e-05, 0, 0, 0];('easy', 37)
[0.00018251279791462512, 0, 0.00020681409462185575, 0.0003409786342923208];('easy', 38)
[0, 0, 0, 0];('easy', 39)
[0.0002714941987907534, 0, 0.0002890040702411008, 0.0004764873851322533];('easy', 40)
[0.0001303669943807832, 0, 8.95998375461152e-05, 0];('easy', 41)
[0.9996913432273397, 1.4589274865039652e-06, 0.00010887512328065765, 6.538459370680605e-06];('easy', 42)
[0.001256177053396046, 0, 0, 0];('easy', 43)
[8.938795829423211e-06, 0.999889862750156, 3.1199463071416584e-05, 2.7533429522827603e-05];('easy', 44)
[0, 0, 0, 0];('easy', 45)
[2.404387761741179e-06, 1.3699788506333504e-06, 5.41837146303345e-06, 0.9992851364546496];('easy', 46)
[0, 0, 0, 0];('easy', 47)
[0, 0, 0, 0];('easy', 48)
[0.00033836190183302755, 0, 0.0002635163884546559, 0];('easy', 49)
[0.018277913805908555, 0, 0.0009686939433770448, 0];('easy', 50)
[0.0006216090406009347, 0, 0, 0];('easy', 51)
[0, 0, 0, 0.00011996737242678915];('easy', 52)
[0.00017929292461572828, 0, 9.015414420355161e-05, 7.474041066937904e-05];('easy', 53)
[0, 0, 9.605007680248317e-05, 0];('easy', 54)
[2.42897097672843e-05, 1.4587104533476763e-06, 5.826798465836962e-05, 0.999541969367451];('easy', 55)
[0, 0, 0, 0];('easy', 56)
[0, 0, 0, 0];('easy', 57)
[0.00030559079380826403, 9.31999263882548e-05, 0.00026968292899416077, 9.31999263882548e-05];('easy', 58)
[0, 0, 0, 0];('easy', 59)
[0.001676346504069594, 8.796663318083523e-06, 9.457304332619015e-05, 0.9839910117554388];('easy', 60)
[0.00013540091611510477, 0, 0, 0];('easy', 61)
[0.0008094203988444128, 0, 0, 0];('easy', 62)
[2.9824017484562776e-05, 0, 0, 0];('easy', 63)
[0, 0, 0, 0];('easy', 64)
[0.00037446694657726536, 0, 0.00015610104765304296, 0];('easy', 65)
[8.951425847957123e-05, 5.375749064885403e-06, 6.549003051722377e-05, 0.9914238834371711];('easy', 66)
[0, 0, 0, 0];('easy', 67)
[0, 0, 0.00016890930506825372, 0];('easy', 68)
[0, 0, 0, 0];('easy', 69)
[0.000605730867653535, 0, 0, 0];('easy', 70)
[0.00010950710323865697, 0, 0.00018054669040232864, 0];('easy', 71)
[8.076919546593243e-05, 0, 0, 0.00036198242053966814];('easy', 72)
[0.0026630118569446965, 0, 0.00026367375473990276, 0];('easy', 73)
[0.0003651984768143571, 0, 0, 0];('easy', 74)
[0.0005782995408699685, 0, 0, 0];('easy', 75)
[0.0005114667411756212, 0, 0, 0];('easy', 76)
[0, 0, 0, 0];('easy', 77)
[0.0015428727583263512, 0.002389648075033071, 0, 0];('easy', 78)
[0.00016535363025249042, 0, 0, 0];('easy', 79)
[0.00021190863263875957, 0, 0, 0.0009497081499511696];('easy', 80)
[0.003562837605775374, 0, 0.00045296397032807095, 0];('easy', 81)
[0, 0, 0, 0];('easy', 82)
[0.000105871440377362, 0, 0, 0];('easy', 83)
[0, 0.00033499458876860036, 0, 0];('easy', 84)
[0, 0, 0, 0.001986268480965934];('easy', 85)
[0.0003489237574169889, 0, 5.696023758689702e-05, 0];('easy', 86)
[0, 0, 0, 0];('easy', 87)
[0.01173232541819347, 0, 0.00035428552908860146, 0];('easy', 88)
[6.016400902588848e-05, 0, 0, 0];('easy', 89)
[0, 0, 0, 0];('easy', 90)
[6.14092600953569e-06, 1.45859777578952e-06, 1.568140392069477e-05, 0.9994647984500703];('easy', 91)
[0, 0, 0, 0];('easy', 92)
[0, 0, 0, 0];('easy', 93)
[1.8724158560284705e-06, 0.9992195503359808, 1.146993769005788e-05, 1.0122184484314388e-05];('easy', 94)
[0.0002720820581686892, 0.0005410997838811408, 0.00032819360888779176, 0];('easy', 95)
[0.0002632466209687219, 0.00014999340329642898, 0, 0];('easy', 96)
[0.00155782350947445, 0, 0, 0];('easy', 97)
[0.0029603034102967636, 0, 0.0009610698062821815, 0.00014738475799951984];('easy', 98)
[0.00022343900927255514, 0, 0, 0.00016347147130015496];('easy', 99)
[0, 0, 0, 4.119279795864628e-05];('easy', 100)
[5.09001611776396e-06, 0, 5.09001611776396e-06, 0.9992710900338662];('easy', 101)
[0, 0, 0.0015910315071809879, 0];('easy', 102)
[0.0003539771852883557, 0, 0, 0];('easy', 103)
[0, 0, 0, 0.0001120649737421275];('easy', 104)
[6.399400728809172e-05, 0, 0.00010550828101321584, 0.00011231298050851666];('easy', 105)
[4.49293027137616e-06, 4.2207173872408595e-06, 4.49293027137616e-06, 0.9994948079723996];('easy', 106)
[0.0018099354591747958, 0, 0.00037938308225158815, 0];('easy', 107)
[3.533538774968618e-05, 2.7247725251256894e-06, 0.0001685757068351194, 0.9993743045673437];('easy', 108)
[0, 0, 0, 0];('easy', 109)
[0.00015224506962114844, 0, 0, 0];('easy', 110)
[0.00019284824243299384, 0, 0, 0.0023493725487722266];('easy', 111)
[0, 0, 0.00034086370162961173, 0];('easy', 112)
[0.002155180808271112, 0, 0.00016618977821393512, 0];('easy', 113)
[0.0013109234729448938, 0, 0.0003528302662064993, 0.9880486349942256];('easy', 114)
[2.9054706602394556e-05, 0, 1.0688629228289126e-05, 0.9912086828445983];('easy', 115)
[0.00021032653063313638, 0, 0, 0];('easy', 116)
[0, 0, 0, 0];('easy', 117)
[0.0006506949724991128, 0, 0.0003482919205100002, 0.00021124982905125465];('easy', 118)
[0.00032505688730563657, 0.0002234081136423293, 0.0004729549802922174, 0];('easy', 119)
[0.00015837400153874333, 0, 7.963544910329854e-05, 0];('easy', 120)
[0.0003819599063913498, 0, 0.00010943329320751791, 0];('easy', 121)
[0.0002000706545446504, 0, 0, 0.0005108983143129689];('easy', 122)
[0.0002166361921339136, 0, 0.000245480965994832, 0];('easy', 123)
[0, 0, 0, 0];('easy', 124)
[0.0009672169608570421, 0, 0, 0.0020475983222024187];('easy', 125)
[6.960837488677355e-06, 1.759975337099709e-06, 1.3004556498564132e-05, 0.9997892823863724];('easy', 126)
[0, 0, 9.53866263762396e-05, 0];('easy', 127)
[0.003068026516105527, 0, 0, 0];('easy', 128)
[0.0002725448405038998, 0, 0, 0];('easy', 129)
[0.0007087967946472213, 4.486482006030964e-06, 5.818158391324104e-05, 0.998060181904401];('easy', 130)
[0.0013511178832361528, 0, 0, 0];('easy', 131)
[0.00015747757460661543, 0, 0, 0];('easy', 132)
[0.0004186418256931965, 0, 0, 0];('easy', 133)
[0, 0, 0, 0];('easy', 134)
[2.1433304188167113e-05, 2.5598431389563117e-06, 1.2999956129070549e-05, 0.9994358624555929];('easy', 135)
[0.0003150048640837431, 0, 0, 0];('easy', 136)
[0.0001773220965515214, 0, 0, 0];('easy', 137)
[0, 0, 0, 0];('easy', 138)
[5.827176345116512e-05, 0, 0, 7.482242534651179e-05];('easy', 139)
[0, 0, 0.0002829494467782369, 0];('easy', 140)
[0.00016001409063893233, 0, 0.0004630161236831471, 0];('easy', 141)
[0.00017657133099082436, 0, 0.00012918234537679762, 0];('easy', 142)
[0, 0, 0, 0];('easy', 143)
[0.0002819751110602574, 0, 9.744799083929034e-05, 0];('easy', 144)
[0.0001367758359992348, 0, 7.321082936382954e-05, 0.00021184255891662802];('easy', 145)
[0, 0, 0, 0];('easy', 146)
[0.0001810584527105503, 0, 0, 0];('easy', 147)
[1.0761792389964939e-05, 2.5561497433997404e-06, 6.948335398303765e-06, 0.9979932131059858];('easy', 148)
[0.0012025976301885078, 0, 0, 0];('easy', 149)
[0.00046040458497663216, 0, 0.0003816888070893906, 0];('easy', 301)
[0, 0, 0, 0];('easy', 302)
[0, 0, 0, 0];('easy', 303)
[0, 0, 0, 0];('easy', 304)
[0.9999426636198856, 5.714680730456747e-07, 2.902154341295772e-06, 8.85107066235205e-07];('easy', 305)
[1.9763483794286178e-05, 0, 0, 0];('easy', 306)
[8.699856691009106e-05, 0, 0, 0];('easy', 307)
[0, 0, 0.0008701271693746079, 0];('easy', 308)
[0.010689838248316465, 0, 0.00026761486412891074, 0];('easy', 309)
[0.0005224697781834068, 0, 0.0008092170225711152, 0.0008614070365889606];('easy', 310)
[9.079323553725067e-05, 0, 6.642575012168623e-05, 0];('easy', 311)
[0.0003057365456011303, 0, 9.324437817358775e-05, 0];('easy', 312)
[0.0004602893419448659, 0, 0, 0];('easy', 313)
[0.00026307019088407684, 0, 0.000204879270663263, 0.000192466263160767];('easy', 314)
[2.1427091209751767e-05, 2.2809019863508328e-05, 0.9991454043248554, 0.00017940683816800436];('easy', 315)
[0.00016416293655215623, 0, 0, 0];('easy', 316)
[0.0009411059442891355, 0, 0.0002696314959627618, 0];('easy', 317)
[0.0002817439411890421, 0, 0.00023357393111662217, 0];('easy', 318)
[0.9990318858224, 3.0865119201075982e-06, 0.0005525489914099512, 7.881684301372324e-06];('easy', 319)
[0.00017018570437653743, 0, 0, 0];('easy', 320)
[0.00026982313380411534, 0, 0, 0];('easy', 321)
[0.0001823306503837683, 0, 0.0005978391866345354, 0];('easy', 322)
[6.936295865598424e-05, 0, 6.516046943682265e-05, 0];('easy', 323)
[0.9997170772236763, 1.4589650532128008e-06, 2.2822053259302848e-05, 1.4735025056927755e-05];('easy', 324)
[5.700485301515609e-05, 0, 0.0003491972265594271, 0];('easy', 325)
[0.00031584021400493396, 0, 0.00027872801057101, 0.0010356006863736856];('easy', 326)
[6.841593551148126e-05, 0, 0.0002880418473295401, 0];('easy', 327)
[0.00016619532548882437, 0, 0, 0];('easy', 328)
[0.03126770729677549, 0, 0.0009442029459775555, 0];('easy', 329)
[0, 0, 0, 0];('easy', 330)
[0.00012495159769695981, 0, 0, 0];('easy', 331)
[1.1460217409094886e-05, 0.9983721097401916, 0.00017926796224323604, 0.00020313721410036514];('easy', 332)
[0.0004436535407463573, 0, 0.0010642695179774618, 0];('easy', 333)
[2.2576235715134674e-06, 1.0018143870347416e-06, 1.2991726646045015e-05, 0.9988025477434996];('easy', 334)
[0.0001841998567121531, 0, 0.00016255580300500143, 0];('easy', 335)
[0.0008017768512206794, 0, 0, 0];('easy', 336)
[0.00017356101945832257, 0, 0.0006057874819562538, 0];('easy', 337)
[0, 0, 0, 8.772506709130681e-05];('easy', 338)
[0, 0, 0, 0];('easy', 339)
[5.7938287305505335e-05, 0, 0, 0];('easy', 340)
[0.0008044690495230193, 0, 0, 0];('easy', 341)
[1.7774731346090157e-05, 9.420262499840452e-07, 5.4750026977218374e-05, 0.9997672384463482];('easy', 342)
[0, 0, 0, 0.0005763246563805611];('easy', 343)
[0.0004968319108132806, 0, 0, 0];('easy', 344)
[9.251662710397558e-05, 0, 0, 0];('easy', 345)
[7.173512371424949e-05, 0, 9.21097221183359e-05, 0.0009902728370600581];('easy', 346)
[0, 0, 0.00020569624977851675, 0];('easy', 347)
[0.0005100261859230037, 0.0001762604174745913, 0.0004500965293140857, 0];('easy', 348)
[0, 0, 0, 0];('easy', 349)
[0.0001395876688933408, 0, 0.0005520799400467969, 0];('easy', 350)
[0.0038577853248844295, 0, 0, 0];('easy', 351)
[0.0005233362330368145, 0, 0, 0];('easy', 352)
[0.0002482810725071488, 0, 0, 0];('easy', 353)
[0.00035111350305814994, 0, 0, 0];('easy', 354)
[8.390689406907105e-06, 2.8997446667726744e-06, 9.020841245392948e-05, 0.9991127978065945];('easy', 355)
[0, 0, 0, 0];('easy', 356)
[6.438849191350871e-05, 0, 0.00018631427905226505, 0];('easy', 357)
[7.618219573432408e-05, 0, 0, 0];('easy', 358)
[0.00026053128968582474, 0, 0, 0];('easy', 359)
[0.00044880785106465843, 0, 0.0033162663891572733, 0];('easy', 360)
[0, 0, 0, 0.00011082139846536132];('easy', 361)
[7.141907468122926e-05, 0, 0, 0];('easy', 362)
[0.00010223443918644562, 2.1218080932037015e-06, 0.9992582343786491, 9.022157591951145e-05];('easy', 363)
[0.0006925720210308132, 0, 0.0005741623718715928, 0.002573217226616297];('easy', 364)
[0.002965703398412542, 0, 0, 0];('easy', 365)
[0.0002811432498441513, 0, 0.00013280266775528757, 0.0005591198486760162];('easy', 366)
[0.0012834572317482137, 0, 0.0002230315307605749, 0.0032774228568668655];('easy', 367)
[0.009634627088826071, 0, 0.0008418643327776402, 0];('easy', 368)
[2.7256301801158305e-06, 9.419525851927445e-07, 7.886872434495314e-06, 0.9996893179370663];('easy', 369)
[0.0001096301957522474, 0, 0, 0];('easy', 370)
[0.00010925872771809403, 0, 0.00020412217637351705, 0];('easy', 371)
[0, 0, 0.00010447875648670757, 0];('easy', 372)
[1.3004829347880062e-05, 4.494348761468996e-06, 5.143509783935482e-05, 0.9998104931453705];('easy', 373)
[0.0010625743529262752, 0, 0, 0];('easy', 374)
[1.2997352867661234e-05, 1.6524279830064055e-06, 4.0034665294303226e-05, 0.9992351425889929];('easy', 375)
[2.013221063254241e-05, 2.5595233543103986e-06, 0.9993110876331589, 2.143062666410861e-05];('easy', 376)
[0.006345653676459119, 0, 0, 0];('easy', 377)
[7.886759612687117e-06, 1.0673568460020887e-06, 4.7835615108780705e-06, 0.9996752601906087];('easy', 378)
[9.181653166499858e-05, 0, 0, 0.00028281482784374456];('easy', 379)
[0, 0, 6.94987644074035e-05, 0];('easy', 380)
[0.00023651391438576057, 0, 0.0007285141440945764, 0];('easy', 381)
[0.0010869626848137423, 0, 0, 0];('easy', 382)
[8.638783385622276e-05, 0, 5.937343202735767e-05, 3.601180689695645e-05];('easy', 383)
[9.624988180422603e-05, 0, 0, 0];('easy', 384)
[0, 0.00010516883144210292, 0, 0];('easy', 385)
[0.00011882961918570714, 0, 0, 0];('easy', 386)
[0, 0, 0, 0.00010209705888741534];('easy', 387)
[0, 0, 5.491642329803193e-05, 0];('easy', 388)
[0.0003038923902076501, 0, 0, 0];('easy', 389)
[0.0005809838814603396, 0, 0, 0];('easy', 390)
[0.00032196242670434706, 5.955706040932297e-05, 0.00014286996079723084, 0];('easy', 391)
[5.8461684913409294e-05, 0, 0, 0];('easy', 392)
[0, 0, 0, 0];('easy', 393)
[0.0002648090139919792, 0, 0, 0];('easy', 394)
[0.00011318835681204053, 0, 0, 0];('easy', 395)
[0, 0, 0, 0];('easy', 396)
[0.0031107734310324656, 0, 0.0005078198028770533, 0];('easy', 397)
[4.714344611035217e-05, 0, 0, 0.00037081175011444395];('easy', 398)
[0, 0, 0, 0.0003136998810280921];('easy', 399)
[0.0010638144028384854, 0, 0, 0];('easy', 400)
[0.0010379321284040204, 0, 0.000460579590026014, 0.00024653037174914526];('easy', 401)
[0, 0, 0, 0];('easy', 402)
[0.00022952327645492913, 0.00027685791900614986, 0.00035549260481517256, 0];('easy', 403)
[0.00040804389669533064, 0, 0, 0];('easy', 404)
[6.943771274600169e-06, 0.997338009194448, 1.7731541126019163e-05, 3.2800053000049633e-06];('easy', 405)
[7.023595972961125e-05, 5.0878758578805085e-06, 0.9988503574763806, 5.822765575919372e-05];('easy', 406)
[0.003617962374160724, 0, 0.0001801277400746993, 0];('easy', 407)
[0, 0, 0, 0];('easy', 408)
[8.394467194011645e-06, 0, 1.0778709236662378e-05, 0.9995628123462101];('easy', 409)
[0.0015178659583412115, 0, 0.00018128323683569986, 0];('easy', 410)
[0.00014974242673653702, 0, 0.0008094995248648673, 0];('easy', 411)
[0.00020763245252879316, 0, 0, 0];('easy', 412)
[0.0003738191570599667, 0, 0, 0];('easy', 413)
[0.0009396262196767932, 0, 0, 0];('easy', 414)
[0, 0, 0, 0];('easy', 415)
[0.0009202828700136735, 0, 0, 0];('easy', 416)
[0.00011681141508692302, 0, 0, 0];('easy', 417)
[0.0002327267804301737, 0.00014115592766711046, 0, 0];('easy', 418)
[0.008458681005982013, 0, 0.0007867798931673581, 0];('easy', 419)
[0, 0, 0.00010370376571682912, 0];('easy', 420)
[0.0006671665033885904, 0, 0.0016004492419413056, 0];('easy', 421)
[8.48603888725999e-05, 0, 0, 9.61594183776359e-05];('easy', 422)
[0.00039104262342043596, 0, 0.00017352411226986714, 0];('easy', 423)
[0.0010138115893692063, 0, 0.0002563317124782777, 0.0013017598484826565];('easy', 424)
[0, 0, 0.0006795528911643521, 0];('easy', 425)
[4.487363493003226e-06, 0.9982563909886973, 1.0764625418415338e-05, 5.4127935854078845e-06];('easy', 426)
[6.02229639377643e-05, 0, 0, 0];('easy', 427)
[0.005432823663706959, 0, 0.0012904087266048647, 0.000347308797133975];('easy', 428)
[0, 0, 0, 0];('easy', 429)
[3.7781102462672695e-05, 0, 0, 0];('easy', 430)
[6.212741718502338e-05, 0, 0, 0];('easy', 431)
[4.511726299897309e-05, 0, 0.9937739621905924, 2.268638454750359e-05];('easy', 432)
[4.6749413533515586e-05, 0, 0, 0];('easy', 433)
[0.00017427421975691666, 0, 0.0005368023880272984, 0];('easy', 434)
[0.00045173062136943937, 0, 0, 0];('easy', 435)
[3.118417319810246e-05, 4.782247846881509e-06, 9.605401570437328e-05, 0.9994006175110212];('easy', 436)
[0, 0, 0, 3.0033803510064903e-05];('easy', 437)
[0.001026686935849174, 0, 0.00040205638091409825, 0.0012384208387066114];('easy', 438)
[0.00015436718850544832, 0, 0, 0];('easy', 439)
[2.753245799675891e-05, 0.9998553008697935, 6.143321762096733e-06, 3.089056175618322e-06];('easy', 440)
[0, 0, 0.00017531891927351136, 0];('easy', 441)
[0.00019522999265867203, 0, 0, 0];('easy', 442)
[0, 0, 0, 0];('easy', 443)
[0.00022345179492101757, 0, 0.001207968414569776, 0];('easy', 444)
[0.00047647352571348977, 0, 0.0003485954781912987, 0];('easy', 445)
[0.0005603777904352477, 0, 0.0014309748181880447, 0];('easy', 446)
[0.00015828174468017256, 8.388625148744837e-06, 0.9988667708592391, 0.00020323778316702127];('easy', 447)
[0.00031109810050200336, 0, 0.0005812074914863164, 0];('easy', 448)
[0.00013856599377019938, 0, 0, 0];('easy', 449)
[3.10657675155199e-05, 0, 6.17816558794468e-05, 0.9956059077706816];('easy', 450)
[1.2214658142632632e-05, 2.90123560700911e-06, 1.6695458187817733e-05, 0.9996265376028781];('easy', 551)
[0, 0, 7.212840352760572e-05, 0];('easy', 552)
[8.59443396853872e-05, 0, 0, 0];('easy', 553)
[0.0003331280001456285, 0, 0.00011512595627479022, 0];('easy', 554)
[0, 0, 0, 0];('easy', 555)
[6.961322106697438e-06, 0.9998587569502351, 4.784442050143733e-06, 5.7711387274851035e-06];('easy', 556)
[3.4988940625827256e-06, 0.9994368150687865, 5.768701064906525e-06, 3.4988940625827256e-06];('easy', 557)
[0, 0, 0, 0];('easy', 558)
[0, 0, 0, 0];('easy', 559)
[6.425966908721712e-05, 0, 5.670895893058018e-05, 0];('easy', 560)
[0.00033259343009654676, 0.0003124426128386366, 0.0003124426128386366, 0];('easy', 561)
[0.0001244325317669955, 0, 0, 0];('easy', 562)
[7.5851689699553e-05, 0, 6.288325942411378e-05, 0.00014170961264559323];('easy', 563)
[7.226059556747994e-05, 0, 0, 0];('easy', 564)
[0, 0, 0, 0];('easy', 565)
[0.00012490894457822279, 0, 0.00016038625961007852, 0.0002644322377471693];('easy', 566)
[0.0002702428971084062, 0, 0, 0];('easy', 567)
[0.00010982263466544691, 0, 0, 0.00013247138400457128];('easy', 568)
[0.00012483368187187708, 0, 9.722056919550451e-05, 0];('easy', 569)
[0, 0, 0, 0];('easy', 570)
[1.891513121659722e-05, 0.9994521759728183, 5.1416657468994656e-05, 3.118577917488783e-05];('easy', 571)
[6.65783416860976e-05, 0, 0, 0];('easy', 572)
[0.9997882099621987, 7.336661739288278e-07, 1.759973658657233e-06, 3.725864264615232e-06];('easy', 573)
[0.00014418123021491013, 0, 0, 0];('easy', 574)
[0.003392278200806546, 0, 0.0004312797753689072, 0];('easy', 575)
[0.0010083962964673686, 0, 0, 0];('easy', 576)
[0.00016749753367224825, 0, 0, 0];('easy', 577)
[0.0003262522637531302, 0, 0.0006095197635014992, 0];('easy', 578)
[0, 0, 0, 0];('easy', 579)
[6.138373130989864e-06, 0.9990497329675299, 4.490929718938316e-06, 6.955688017728136e-06];('easy', 580)
[0.0004506929314745135, 0, 0, 0];('easy', 581)
[0.0005831245842981486, 0, 0, 0.00011482398399454242];('easy', 582)
[1.077966526122664e-05, 0.999651434359985, 1.0126558359152944e-05, 9.513021203931272e-06];('easy', 583)
[0.00018566084289709992, 0, 0, 0.00011260899352518162];('easy', 584)
[0.00013126448271901797, 5.767358864336402e-06, 0.9992039585007569, 4.00334053730711e-05];('easy', 585)
[7.137883269541923e-05, 0, 0, 0];('easy', 586)
[0.00045421498115830373, 0, 0.00013013470885453533, 0.0015853660606595485];('easy', 587)
[0.0005529037437909189, 0, 0, 0];('easy', 588)
[0, 0, 0.00017902399288248188, 0];('easy', 589)
[5.9646413887992494e-05, 0, 0, 0];('easy', 590)
[0.001574832866737178, 0, 0.00027366504802192143, 0];('easy', 591)
[6.584919790105608e-05, 0, 0, 0];('easy', 592)
[0.00023964397751150365, 0, 0, 0];('easy', 593)
[0.0010385336360279828, 0, 0.000124035154795651, 0];('easy', 594)
[0, 0, 8.78794739679954e-05, 0];('easy', 595)
[0, 0, 0, 0];('easy', 596)
[0.00028484873179284044, 0, 0.003062413931814363, 0];('easy', 597)
[0.9992353806507548, 0, 2.1429012135708384e-05, 2.121759529426284e-06];('easy', 598)
[0.00016998375862740405, 0, 7.54298356483821e-05, 5.518564664923289e-05];('easy', 599)
[1.890905309254972e-05, 2.258364337956207e-06, 0.9991310048191836, 1.5676155610942867e-05];('easy', 600)
[0, 0, 0, 0];('easy', 601)
[6.784339230517063e-05, 0, 0, 0.0002089723600661425];('easy', 602)
[0.00024089392426895242, 0, 0.00039716693692464763, 0];('easy', 603)
[8.382315509979781e-06, 3.282561918288284e-06, 0.9981155212427897, 4.531436952136933e-05];('easy', 604)
[0.00011740612912890528, 0, 0.00015075245387643737, 0];('easy', 605)
[7.578278308590866e-05, 8.587314342289625e-05, 0, 0];('easy', 606)
[0.00013141065326462072, 0, 0.0005889416884620358, 0];('easy', 607)
[0.0014769220009893723, 0, 0, 0];('easy', 608)
[0.9999193018268759, 5.043067806348545e-07, 1.9945720092999267e-06, 5.714544483474966e-07];('easy', 609)
[0.00015085744160017186, 0, 0.00011748789365036258, 0];('easy', 610)
[0.0037196267693006295, 0, 0.00023778789723468286, 0];('easy', 611)
[0.00018604865459859982, 0, 0, 0];('easy', 612)
[2.428563316228117e-05, 0.99937454266226, 0.00010884065670963517, 5.090545254988458e-06];('easy', 613)
[0.00031716377971085564, 0, 0.0005566395031742054, 0];('easy', 614)
[0, 0, 0, 0];('easy', 615)
[2.0100728775198172e-05, 2.2777109717131653e-05, 0.9977477369598677, 4.5297691543246634e-05];('easy', 616)
[0.0010485772381861468, 0, 0, 0];('easy', 617)
[0.00024451436554949577, 0, 0, 0];('easy', 618)
[4.3823042275641955e-05, 0, 0, 0];('easy', 619)
[0, 0, 0.00015162910694636173, 0];('easy', 620)
[0, 0, 9.64993253620656e-05, 0];('easy', 621)
[0.0002798995233141675, 0, 0.00018071671477566166, 0];('easy', 622)
[0, 0, 0, 0];('easy', 623)
[5.138337365423368e-05, 4.779398254369209e-06, 0.998804331650258, 3.11655915207631e-05];('easy', 624)
[0.00011801827664683113, 0, 0, 0];('easy', 625)
[0.0004318281815873762, 0, 0, 0];('easy', 626)
[5.1433577239547455e-05, 1.0027951119330073e-06, 3.119604153448341e-05, 0.9997805838566004];('easy', 627)
[0, 0, 0, 0];('easy', 628)
[8.744116325619633e-05, 0, 0, 0.00013543152299901057];('easy', 629)
[9.281683291311542e-05, 5.6296254899229156e-05, 0.00011917917255689949, 0];('easy', 630)
[0.0003207430006318986, 0, 0.0028587498833721817, 0];('easy', 631)
[0, 0, 0, 0];('easy', 632)
[0, 0, 0.00043433229972810367, 0];('easy', 633)
[0, 0, 0, 0];('easy', 634)
[0.0002702225377022545, 0, 0.00022402235214377003, 0.0012891602418509966];('easy', 635)
[0.003836911766660996, 0, 0.00024528556288148733, 0];('easy', 636)
[0.0004459550241394369, 0, 0, 0];('easy', 637)
[0.0002573344756077985, 0, 0, 0];('easy', 638)
[1.4735994705461991e-05, 0.9997828478440363, 8.937832590225734e-06, 5.092623500230922e-06];('easy', 639)
[6.575180642851006e-05, 6.115870689626283e-06, 0.9953871161371486, 3.988048653038157e-05];('easy', 640)
[0.00015791762174946318, 3.7138664944892512e-06, 9.5781879299952e-05, 0.9965684557530957];('easy', 641)
[0.00014827675089811544, 0, 0, 0];('easy', 642)
[3.214661502827052e-05, 0, 3.0198950082793317e-05, 0];('easy', 643)
[0.0007755950503451316, 0, 0, 0];('easy', 644)
[0.0009494233461548555, 0, 0.0007394116454516749, 0.0018881537829943595];('easy', 645)
[0, 0.0003815101215829842, 0, 0];('easy', 646)
[0, 0, 0, 0.0006105393143190716];('easy', 647)
[0.0002967754541054458, 0, 0.00052085714279927, 0.0010358481161844826];('easy', 648)
[0.0009636643822858458, 0, 0.0014021234027992578, 0.00628388112959065];('easy', 649)
[0.0001652683400675275, 0, 0.0006140463760621963, 0];('easy', 650)
[0, 0, 0, 0];('easy', 651)
[0.0005994617333701224, 0, 0, 0];('easy', 652)
[0.0006244747611497797, 0, 0.00022973153570195738, 0.00022973153570195738];('easy', 653)
[0.0006835231931327453, 0, 0.00041457777325968974, 0];('easy', 654)
[5.770891062394321e-06, 7.810051764567722e-07, 5.092793487716113e-06, 0.9998163322194643];('easy', 655)
[0.00036945786591979963, 0, 0, 0];('easy', 656)
[3.724535581947941e-06, 3.4988773785954866e-06, 7.407123468612357e-06, 0.9994313376280417];('easy', 657)
[0.0003224639180518225, 0, 0.0017432234711890592, 0];('easy', 658)
[5.198936208774566e-05, 0, 0, 0.00010339319240358084];('easy', 659)
[6.650491957951586e-05, 0, 0, 0];('easy', 660)
[0.0008031340770453973, 7.396612661863847e-06, 0.9980132790493033, 0.00010869242962249126];('easy', 661)
[0.00011521788942442042, 0, 0.9938337722848347, 0.00010167943053938543];('easy', 662)
[0.0004933234319056738, 0, 0, 0];('easy', 663)
[0.0002131836104138811, 0.0004239664360938214, 0, 0];('easy', 664)
[0.0013309936509242704, 0.0001402856318107649, 0, 0];('easy', 665)
[0, 0, 0, 0];('easy', 666)
[0, 0, 0.00011108709783666962, 0];('easy', 667)
[0.000383995910766055, 0, 0.0007173988079591867, 0];('easy', 668)
[0, 0.0001739146002748669, 0, 0];('easy', 669)
[0, 0, 0, 0];('easy', 670)
[0, 0, 0, 0.0010748259242640667];('easy', 671)
[0, 9.668955234777705e-05, 0, 0];('easy', 672)
[0, 0, 0, 9.419418657005766e-05];('easy', 673)
[6.603282563040198e-05, 4.22133731198706e-06, 2.5858826062233362e-05, 0.9996410704863694];('easy', 674)
[0.00033966305123658825, 0, 0, 0];('easy', 675)
[0, 0, 0, 0.00028801053344702516];('easy', 676)
[2.7496928965199245e-05, 2.5576128025599057e-06, 3.758384577539506e-05, 0.9985643999166018];('easy', 677)
[0, 0, 0, 0];('easy', 678)
[0.0007790242998462053, 0, 0, 0];('easy', 679)
[0.00021942219276624038, 0, 0.000815252348033983, 0];('easy', 680)
[0.0007743294076809796, 0, 0.0022405964335186048, 0.00020840793279096735];('easy', 681)
[0.00011898429473275593, 0, 0.0007288675178894162, 0];('easy', 682)
[0.0003082487997657584, 0, 0.00012071196440464096, 0.0004484993572255435];('easy', 683)
[0.00014368583873815115, 0, 0.0005682885162065814, 0];('easy', 684)
[0.0005205847586945679, 0, 0, 0];('easy', 685)
[0.001641186418709488, 0, 0, 0];('easy', 686)
[0, 0, 0, 0];('easy', 687)
[2.605624652012747e-05, 0, 3.142983273894792e-05, 0];('easy', 688)
[0, 0, 0, 0];('easy', 689)
[0.00027536909798165705, 0, 0, 0.0003321585357412447];('easy', 691)
[0.00015678137105392144, 0, 0, 0.0014875009419172665];('easy', 692)
[2.9265109000721906e-05, 0.9983869625794439, 0.00011574575140248868, 1.5664484049490365e-05];('easy', 693)
[0.0007322231787891166, 0, 0.000503249140464005, 0];('easy', 694)
[0.00036910340336274237, 0, 0.00022387242399306645, 0.000504504535932572];('easy', 695)
[6.202334414344535e-05, 2.560009149791727e-06, 0.9995001669603568, 1.3839278711668139e-05];('easy', 696)
[2.2782540850682297e-05, 2.401262139210911e-06, 0.9979860891018655, 5.465247438049791e-05];('easy', 697)
[0.00030757135886834674, 0, 0.0005746186738281233, 0];('easy', 698)
[4.221590943807717e-06, 0.9997012315965431, 2.0140083996317406e-05, 3.96581767846804e-06];('easy', 699)
[0.001230653908897445, 0, 0.00017729250520327243, 0];('easy', 700)
[0.0010912112128314147, 0, 0, 0];('easy', 701)
[8.342500596270274e-05, 0, 0, 0];('easy', 702)
[0, 0, 7.704346140508097e-05, 0];('easy', 703)
[0.00035688957936785864, 0, 0, 0];('easy', 704)
[0, 0, 0.0001665256424270421, 0];('easy', 705)
[8.473221303087006e-05, 0, 0, 6.199141132862083e-05];('easy', 706)
[0.0008180393318118341, 0, 0.00010400207960917443, 0];('easy', 707)
[0.00020676045412434856, 0, 0.00020676045412434856, 0];('easy', 708)
[0, 0, 0.00017308447872988933, 0.0003664200190692108];('easy', 709)
[0.00026189817388186945, 0, 0.00040563582686519003, 0];('easy', 710)
[9.51518066210344e-06, 5.714310146264784e-07, 8.397117461839124e-06, 0.999878063767645];('easy', 711)
[0, 0, 0.00016687221103950714, 0];('easy', 712)
[0.00014996451101847096, 0.0007615822645067957, 0, 0];('easy', 713)
[8.395440197727718e-05, 0, 0, 0];('easy', 714)
[0.0008896236180762466, 0, 0.0009469994119646226, 0.00034838161446322985];('easy', 715)
[7.452268896967794e-05, 0, 0, 0];('easy', 716)
[0.0017145695588798783, 0, 0, 0];('easy', 717)
[0.00029379468217800327, 0, 0.0005842804928114159, 0];('easy', 718)
[0, 0, 0, 0];('easy', 719)
[0.999926930045521, 8.314676597616055e-07, 1.1478056992494678e-05, 1.8737412957155342e-06];('easy', 720)
[2.2817831277503303e-05, 1.759522215755133e-06, 0.9995323223642104, 2.585599021444271e-05];('easy', 721)
[0, 0, 0.00016842915169195297, 0];('easy', 722)
[0.0004614494525440899, 0, 0, 0];('easy', 723)
[0.0001698753421984852, 0, 0.0003378374581882414, 0];('easy', 724)
[0.002378797653250492, 0, 0, 0];('easy', 725)
[0.0014482100280408636, 0, 0.000184119243354499, 0];('easy', 726)
[0.00022473749063874957, 0, 0.00039442657953910894, 0];('easy', 727)
[0, 0, 0, 0];('easy', 728)
[0, 0, 0, 0];('easy', 729)
[0.0017619899508055994, 0, 0, 0];('easy', 730)
[0.00010222371492948565, 0, 0, 0];('easy', 731)
[0.007757822329939838, 0, 0, 0];('easy', 732)
[0.0017943627477861848, 0, 0.0031492046967782216, 0];('easy', 733)
[0.006471131382977427, 0, 0.0006019089802027398, 0];('easy', 734)
[5.7704067702644814e-06, 0.9997317318809882, 6.5387275052915385e-06, 1.8733767956276899e-06];('easy', 735)
[0.00029581725930607594, 3.9639535421823695e-06, 3.5330333343450535e-05, 0.9992318098466086];('easy', 736)
[0.000368118579108061, 0, 0.0006877360472743288, 0.0005701532088127109];('easy', 737)
[0.00016615095247376558, 0, 0, 0];('easy', 738)
[0.0011389951285724897, 0.004231880290965979, 0.0006489798617127939, 0.00023874634885842256];('easy', 739)
[9.174300814109983e-05, 0, 0, 0.00010395844775478453];('easy', 740)
[0.0009487467704454788, 0, 0, 0];('easy', 741)
[0, 0, 0, 0];('easy', 742)
[0.0034437408654721764, 0, 0.00023434950693620936, 0];('easy', 743)
[0, 0, 0, 0];('easy', 744)
[0.001898119766254145, 0, 0, 0];('easy', 745)
[2.7240632145232526e-06, 1.6522278586037052e-06, 1.668691024686847e-05, 0.9991139877957629];('easy', 746)
[2.9012149485968037e-05, 0, 0.9897566203297646, 4.2212428421703355e-05];('easy', 747)
[0.005914111470828849, 0, 0.0002293149873098889, 0];('easy', 748)
[7.649035748899851e-05, 0, 0, 9.226498299225466e-05];('easy', 749)
[0, 0, 9.074995226918841e-05, 0];('easy', 750)
[0.0022006923386525875, 0, 0, 0];('easy', 751)
[4.830364472348957e-05, 5.7690476674274285e-06, 0.9994969515524988, 9.024308898390169e-05];('easy', 752)
[7.59699818219483e-05, 0, 7.59699818219483e-05, 0];('easy', 754)
[0, 0, 0, 0.00010691275103259363];('easy', 755)
[2.7529176067623636e-05, 1.2095475815902758e-06, 2.2822488559575004e-05, 0.9997355445438014];('easy', 756)
[0.0008829897208485515, 0, 0, 0.005408967803005238];('easy', 757)
[0.0001499084587138378, 0, 0.0004617503401459238, 0];('easy', 758)
[0.00023312973811463479, 0, 0.00015051987188023432, 0];('easy', 759)
[0.001060177953451941, 0, 0, 0];('easy', 760)
[0, 0, 0, 0];('easy', 761)
[2.5858801401346853e-05, 5.420299231801066e-06, 1.0779552178630893e-05, 0.9996408322406742];('easy', 762)
[0.001765889344304901, 0, 0, 0];('easy', 763)
[0.0005380131971368873, 0, 0, 0];('easy', 764)
[4.90332100423843e-05, 0, 0, 0];('easy', 765)
[0.0002624389743815632, 0, 0, 0.0002624389743815632];('easy', 766)
[0, 0, 0, 0];('easy', 767)
[0.002040836426547751, 0, 0, 0];('easy', 768)
[0.00014074607725693083, 0, 0, 0.00040726227830874034];('easy', 769)
[9.570481537631587e-05, 0, 0.00013924968471015962, 0.0004289192250507572];('easy', 770)
[0.9990290303645912, 4.780469501905545e-06, 0.00013124145096372617, 5.088783295804272e-06];('easy', 771)
[0.0010671009744950863, 0, 0, 0];('easy', 772)
[0, 0, 0, 0];('easy', 773)
[9.018768173984231e-05, 5.088040834557217e-06, 0.9988829468246668, 7.476821426351607e-05];('easy', 774)
[0.00014360460322086812, 0, 0, 5.2829181182539666e-05];('easy', 775)
[0, 0, 0.00025893313471573757, 0];('easy', 776)
[0, 0, 0, 0];('easy', 777)
[0, 0, 0.00016147146820204918, 0];('easy', 778)
[0.0003298097858126125, 0, 0, 0];('easy', 779)
[0, 0.00023514447627609323, 0, 0];('easy', 780)
[0.00012212369757259327, 0, 0, 0];('easy', 781)
[0.00016051081434196216, 0, 0.0009832479431079765, 0];('easy', 782)
[2.281870172529149e-05, 2.560187379288908e-06, 0.9995704351179441, 2.929979299109069e-05];('easy', 783)
[0, 0, 0.00012889966956157163, 0];('easy', 784)
[0, 0, 0.00011976286779587781, 0];('easy', 785)
[0, 0, 0, 0];('easy', 786)
[0, 0, 0, 0];('easy', 787)
[6.29457793786249e-05, 0, 0, 0];('easy', 788)
[0.00014813315022635607, 0.9951125812714525, 2.5741681670571094e-05, 2.2716954341597644e-05];('easy', 789)
[0.00010910212740023712, 0, 0.000520497139411568, 0];('easy', 790)
[2.0142350559386063e-05, 1.9943627813438373e-06, 3.119708283208731e-05, 0.9998144255866991];('easy', 791)
[0.00020678490615482363, 0, 0.00046599720169524216, 0];('easy', 792)
[2.4276509606131856e-05, 5.416821476261096e-06, 0.9989990488410952, 7.477691392172778e-05];('easy', 793)
[0, 2.6930473118907422e-05, 0, 0];('easy', 794)
[0.00018845908342961752, 0, 0, 0];('easy', 795)
[0.0001709466480266587, 0, 0.0005265524944379194, 0];('easy', 796)
[0.00012927354398814875, 0, 0.00010717153217655016, 0];('easy', 797)
[0.00016200098630297585, 0, 0.0004687651733934095, 0];('easy', 798)
[0.0004722509724638917, 0, 0.000645490546919869, 0];('easy', 799)
[0.0004349445212801632, 0, 0.0002328089147749607, 0];('easy', 800)
[7.700820177819808e-05, 0, 0, 3.0156845116604645e-05];('easy', 801)
[0.00016108863866512254, 0, 0.00014216022466353973, 5.926119837119368e-05];('easy', 802)
[0.0001561023874848321, 0, 0.0001215726616125031, 0.0001561023874848321];('easy', 803)
[0.0006013782410824903, 0, 0.001971843339294477, 0];('easy', 804)
[0, 0, 0, 0];('easy', 805)
[1.6663390212935545e-05, 0.9977060846221594, 6.590498675612393e-05, 1.7738086548455975e-05];('easy', 806)
[0, 0, 0.000803775031729752, 0];('easy', 807)
[0.0012918247270540721, 0, 0, 0];('easy', 808)
[0.00028392146301443253, 0, 0, 0];('easy', 809)
[8.387201266692045e-06, 0.9986973111387423, 0.00012324902290880232, 1.3828157130038231e-05];('easy', 810)
[0.001984728103559107, 0, 0, 0];('easy', 811)
[5.8184191826953956e-05, 0, 0.9981053079043435, 7.018353221978486e-05];('easy', 812)
[0.0005283268452534286, 0, 0, 0];('easy', 813)
[3.320111009203469e-05, 3.499371258293544e-06, 0.9995731745939177, 3.7621786540890494e-05];('easy', 814)
[0, 0, 0, 0];('easy', 815)
[0.00011773678517922161, 0, 0, 7.601658185732171e-05];('easy', 816)
[0, 0, 0, 0];('easy', 817)
[0, 0, 0, 0];('easy', 818)
[0.0006213248519531428, 0.0002147241231812639, 0.0004838882812428323, 0];('easy', 819)
[4.262480863217231e-05, 1.8914644173247254e-05, 0.99942597935817, 2.752064488263294e-05];('easy', 820)
[2.3325593699143027e-05, 0, 3.3938538573125515e-05, 0];('easy', 821)
[0.00012265207998065727, 0, 0, 0];('easy', 822)
[0.0005780414920521317, 0, 0, 0];('easy', 823)
[8.482786158042146e-05, 0, 0, 0];('easy', 824)
[0, 0, 4.471064938771573e-05, 0];('easy', 825)
[9.369229754126015e-05, 0, 0, 8.801576819526669e-05];('easy', 826)
[0, 0, 0.00014106011305125473, 0];('easy', 827)
[0.0004144998922574417, 0, 0, 0];('easy', 828)
[0, 0, 0, 0.00012421674313235867];('easy', 829)
[5.754774631073488e-05, 0, 0, 0];('easy', 830)
[0, 0, 9.91702237660391e-05, 0];('easy', 831)
[0.0003167813846647773, 0, 0, 0];('easy', 832)
[0.00011013707957648812, 0, 0, 0];('easy', 833)
[0, 0, 0, 0];('easy', 834)
[0.0003048217941343422, 0, 0.0005349789093384707, 0];('easy', 835)
[3.781148869643871e-05, 0, 0, 0];('easy', 836)
[0.0001827043619209426, 0, 0, 0];('easy', 837)
[0.0006340460226711067, 0, 0, 0];('easy', 838)
[0, 0, 0, 0];('easy', 839)
[0.0004652205772456262, 0, 0.002677159578750611, 0];('easy', 840)
[0.00011642638408905075, 0, 0, 0];('easy', 841)
[0.0005310673240307245, 0.00032210861439617823, 0.00032210861439617823, 0.00020796895223462256];('easy', 842)
[0.0006656707457377562, 0, 0.00035630787428689287, 0];('easy', 843)
[0, 0, 0, 0];('easy', 844)
[0.00045125590968484364, 0.0005794240574658872, 0.00045125590968484364, 0];('easy', 845)
[0, 0, 0.00023107936648070483, 0];('easy', 846)
[0, 0, 0, 0];('easy', 847)
[0.00024107870151549713, 0.00037338999726257646, 0, 0];('easy', 848)
[0, 0, 0, 3.3332263489654376e-05];('easy', 849)
[0, 0, 0, 0];('easy', 850)
[1.3005337855062749e-05, 6.892576551979896e-07, 9.514908434495303e-06, 0.9998492229817614];('easy', 851)
[0.0002123401332193251, 0, 0, 0];('easy', 852)
[0.00029114328531355306, 0, 0.0001765873289121328, 0];('easy', 853)
[0.00015939800733449317, 0, 0, 0.00021787124417228435];('easy', 854)
[0.00027701770463113296, 0, 0, 0.0002602340503610914];('easy', 855)
[8.479025227902029e-05, 7.886722005776367e-06, 3.119259062519159e-05, 0.9996696610220903];('easy', 856)
[9.713021236949803e-05, 0, 0.00014132362509766225, 0];('easy', 857)
[5.421048817651145e-06, 6.082248206994444e-07, 4.784058790337019e-06, 0.9997790348116907];('easy', 858)
[0.00042313736886143784, 0, 0, 0];('easy', 859)
[0.0033902309823967292, 0, 0, 0];('easy', 860)
[0.0036318299939682055, 0, 0, 0];('easy', 861)
[0, 0, 0, 0];('easy', 862)
[9.882599812207794e-05, 0, 0.00039086440479202313, 0];('easy', 863)
[0.9994850427418461, 8.311006052542567e-07, 3.499064243796846e-06, 2.559970087450135e-06];('easy', 864)
[0.00046599964595424775, 0, 0, 0];('easy', 865)
[0, 0, 8.423188497557808e-05, 0];('easy', 866)
[0.0031110092898190824, 0, 0.0005078583057655413, 0];('easy', 867)
[0, 0, 0, 0];('easy', 868)
[0.0001253551384711992, 0, 0, 0];('easy', 869)
[0.0009276882781083575, 0.0004116591780043324, 0.0002069952340621389, 0];('easy', 870)
[0.000269387066080061, 0, 0.000269387066080061, 0];('easy', 871)
[7.158846180935284e-05, 0, 0.0002205079862532936, 0];('easy', 872)
[0.9983305238490786, 7.398962003409967e-06, 0.00029555050045274186, 4.2158014703797e-06];('easy', 873)
[0.001025336632144388, 0, 0, 0];('easy', 874)
[0.0006196053100493185, 0, 0, 0];('easy', 875)
[1.2214891120969565e-05, 2.560380271766059e-06, 4.26341592002393e-05, 0.9996457163324132];('easy', 876)
[0.00010430433522797825, 0, 7.631068181967867e-05, 0];('easy', 877)
[0.00020694687523249003, 0, 0.0012677033023548328, 0];('easy', 878)
[0, 0, 0, 0];('easy', 879)
[0.00014582807493160175, 0, 0.0005089902370431342, 0];('easy', 880)
[0.0003236121051185411, 0, 0, 0.00030400543883292517];('easy', 881)
[0.0008398775842438527, 0, 0, 0];('easy', 882)
[0, 0, 0.0004320359965046737, 0];('easy', 883)
[2.7526655811649476e-05, 1.002658364645874e-06, 1.1474817336639352e-05, 0.9996445250989693];('easy', 884)
[0.00017103176952966743, 0, 0.0009842198786174194, 0];('easy', 885)
[0, 0, 0, 0];('easy', 886)
[0.00010295995172354904, 4.863483746603415e-05, 6.647594111139634e-05, 4.292009342148037e-05];('easy', 887)
[0, 0, 0, 0.00042766528038998167];('easy', 888)
[0, 0, 0, 0];('easy', 889)
[0.00011038555692554372, 0, 0, 0.00019373268574333165];('easy', 890)
[7.968650136229002e-05, 0, 6.205990966117203e-05, 0];('easy', 891)
[0, 0, 0.0003812598842395875, 0];('easy', 892)
[0, 0, 0.00010117557124294458, 0];('easy', 893)
[6.624551511624259e-05, 0, 0.0002172106817582327, 0];('easy', 894)
[0.0005317867383178603, 0, 0.0008236474127185231, 0];('easy', 895)
[0.00010586861334264834, 0, 0, 0];('easy', 896)
[0.0005041805968887641, 0, 0.0012874702571750224, 0];('easy', 897)
[0.0004038669800154794, 3.282433570502808e-06, 2.581833993325493e-05, 0.9980766880370635];('easy', 898)
[0.0003727284301219358, 0, 8.316699396208397e-05, 0];('easy', 899)
[0.00036285582664668685, 0, 0, 0];('easy', 900)
[0.0006638617120925314, 0, 0, 0];('easy', 901)
[0.00034670964167395307, 0, 0.00041821165755303127, 0];('easy', 902)
[1.1460895046658517e-05, 0.9984315239340387, 2.0114497224571247e-05, 1.2200059271407134e-05];('easy', 1053)
[0.001832289734361194, 0, 0.00016010369269634663, 0];('easy', 1054)
[0.00021549669945443664, 0, 0, 0.00027670323931181597];('easy', 1055)
[0.001179815944966531, 0, 0.00010973992515557162, 0];('easy', 1056)
[0.0040344892832925635, 0, 0.00022761031023272796, 0];('easy', 1057)
[0.0006039035709261209, 0, 0, 0];('easy', 1058)
[0.00032579769637447903, 0, 0.0001638213697672768, 0];('easy', 1059)
[0.0002945735046633168, 0, 7.447984585386062e-05, 0];('easy', 1060)
[0.0002566000221008095, 0, 0, 0];('easy', 1061)
[0.000418402544951251, 0, 0.0005372395021242416, 0];('easy', 1062)
[0, 0, 0, 0];('easy', 1063)
[0.0010971837161493968, 0, 0, 0];('easy', 1064)
[0.00015162939615620736, 0, 0.0004121712356930287, 0];('easy', 1065)
[0, 0, 0.00031076095103819545, 0];('easy', 1066)
[1.218880190144125e-05, 0.9975103289425765, 0.00020296177347429073, 1.297491208493168e-05];('easy', 1067)
[0, 0, 0, 0];('easy', 1068)
[0, 0, 0, 0];('easy', 1069)
[1.0116374885198159e-05, 0.9986460683112435, 6.59670507798275e-05, 3.758689253249835e-05];('easy', 1070)
[0.0001621136531781784, 0, 0, 0];('easy', 1071)
[6.959231188034955e-06, 6.537592685178981e-06, 1.3001555533882547e-05, 0.9995582863620888];('easy', 1072)
[6.247219414881235e-05, 0, 0.00019242790500605025, 0];('easy', 1073)
[0.0010427305919422849, 0, 0.00017022108983303768, 0];('easy', 1074)
[4.873586904664195e-05, 0, 0, 6.661403490902783e-05];('easy', 1075)
[0, 0, 0, 0];('easy', 1076)
[0.0008038026276292057, 0, 0, 0];('easy', 1077)
[2.7509702588229427e-05, 3.4974662012968644e-06, 0.9990290303645912, 4.002638108457393e-05];('easy', 1078)
[0.0003839581932936665, 0, 0.00043508163277305165, 0];('easy', 1079)
[6.992244788423535e-05, 0, 0.00010173656136065105, 0];('easy', 1080)
[0.00019227564902595207, 0, 0.0002319287040821551, 0];('easy', 1081)
[6.383838864642751e-05, 0, 0, 5.292388304560548e-05];('easy', 1082)
[7.077359694020752e-05, 0, 0, 0];('easy', 1083)
[0.0010391805835747287, 0, 0, 0];('easy', 1084)
[0, 0, 0, 0];('easy', 1085)
[0, 0, 0, 0];('easy', 1086)
[0, 0, 0, 0];('easy', 1087)
[0.0003142172686991678, 0, 0.0005514684807278198, 0.0016986425059850592];('easy', 1088)
[8.620085582623366e-05, 0, 0, 0];('easy', 1089)
[6.202825379359155e-05, 1.0672550597746642e-06, 6.959377200047687e-06, 0.9995792491020479];('easy', 1090)
[0, 0, 0, 0];('easy', 1091)
[7.402243864055061e-06, 0, 2.7502672427123387e-05, 0.9987736501071381];('easy', 1092)
[0.0019252657498108087, 4.2115017278528566e-06, 0.997312397363121, 3.526247223838282e-05];('easy', 1093)
[0, 0, 7.578177128334921e-05, 0];('easy', 1095)
[0.00011971536387481327, 0, 0, 0.00034640789136320625];('easy', 1096)
[0.000215143095347539, 0, 0.0009057862639867132, 0];('easy', 1097)
[6.635743221192306e-05, 0, 0, 0];('easy', 1098)
[0, 0, 0, 0];('easy', 1099)
[0.0003167541962672511, 0, 0.00013204279399760892, 0];('easy', 1100)
[0, 0, 0, 0];('easy', 1101)
[0.9998558967428726, 6.475019674647234e-07, 1.7600928320508376e-06, 1.4591682084707494e-06];('easy', 1102)
[0.0004885022460470606, 0, 0.0006272493000334746, 0.00017970993328678708];('easy', 1103)
[0.0003841981102679595, 0, 0, 0];('easy', 1104)
[0.00020522990121651474, 0, 0.0001410523107934409, 0.0008117000051487269];('easy', 1105)
[0, 0, 0.0001515737334271452, 0];('easy', 1106)
[7.476493432728156e-05, 8.388393151478698e-06, 0.9988388209079511, 3.759416990468076e-05];('easy', 1107)
[0.004143455704155611, 0, 0.0009245299348361667, 0];('easy', 1108)
[0, 0, 0, 0];('easy', 1109)
[0.0007078760579403933, 0, 0, 0];('easy', 1110)
[0.00035344438072662537, 0, 0, 0.00024291853352232415];('easy', 1111)
[0.0002735022403771323, 0, 0, 0];('easy', 1112)
[0.00019068458014870427, 0, 0, 0.0004036792593425878];('easy', 1113)
[0, 0, 0, 0];('easy', 1114)
[0.0003251114516039704, 0, 0, 0];('easy', 1115)
[0, 0, 0, 0];('easy', 1116)
[4.190994007240379e-05, 0.4096355298031499, 0, 0];('easy', 1117)
[0.0002462357204287142, 0, 0.0001318004834690763, 0];('easy', 1118)
[1.1443191267189636e-05, 2.116777540011778e-06, 2.7450788815001263e-05, 0.9968896398014422];('easy', 1119)
[0, 0, 0, 9.777119124676328e-05];('easy', 1120)
[1.777368039626516e-05, 1.2875210895098866e-06, 0.9997086182094591, 6.20362401992817e-05];('easy', 1121)
[0.0006820044229857862, 0.00017243764042008152, 0.0002214143130930461, 0.00011851454152073483];('easy', 1122)
[0, 0, 0, 0];('easy', 1123)
[0, 0, 0.00021305109497439016, 0];('easy', 1124)
[0, 0, 0, 0.00011981793197026952];('easy', 1125)
[0.0019522087600844318, 0, 0.00018158378723771257, 0];('easy', 1126)
[1.3843621589115382e-05, 0.999814306414088, 3.7630865005755674e-05, 2.282427337749804e-05];('easy', 1127)
[0.0002998459410643605, 0, 0, 0];('easy', 1128)
[2.7491422662459524e-05, 4.777292927118527e-06, 0.9983648615762849, 6.19528773198341e-05];('easy', 1129)
[0.9996788341505486, 5.367027744880182e-07, 3.7254556620004943e-06, 9.419427037687092e-07];('easy', 1130)
[0, 0, 4.9695865682640736e-05, 0];('easy', 1131)
[0.00013584934512691886, 0, 0, 0];('easy', 1132)
[0, 0, 0, 0.00024175074543290938];('easy', 1133)
[0.004420754514232983, 0, 0, 0];('easy', 1134)
[0.001222752014800072, 0, 0, 0];('easy', 1135)
[0.0003734747568845418, 0, 0, 0.0005434025648436283];('easy', 1136)
[4.296231485120778e-05, 0, 0, 0.00010306123566819809];('easy', 1137)
[0.0013228996981580396, 0, 0.0001394326688456435, 0];('easy', 1139)
[3.3355667761440925e-05, 0, 0, 0];('easy', 1140)
[0, 0, 0.000189543076749932, 0];('easy', 1141)
[0.0002979270558368396, 0, 0.0004614382308320133, 0];('easy', 1142)
[0.00016117515338153965, 0, 0.0020901501949830543, 0];('easy', 1143)
[0.9998384974941088, 1.5532498090172616e-06, 2.9018526765788703e-06, 6.474908524521931e-07];('easy', 1144)
[3.319860880562796e-05, 2.9008621084784794e-06, 0.9994977851908483, 1.8915997102407593e-05];('easy', 1145)
[0, 0, 0.0006269789757213299, 0];('easy', 1146)
[4.494095886029322e-06, 0.9997537742525157, 1.3842789868800726e-05, 1.892085040437307e-05];('easy', 1147)
[0, 0, 0, 0];('easy', 1148)
[0, 0, 0, 9.194498889903121e-05];('easy', 1149)
[0.00038803410447740957, 0.00013410093424755668, 0.00011117357926641976, 0];('easy', 1150)
[0.000499495235492795, 0, 0.0006413645778871777, 0.0011256298892302673];('easy', 1151)
[0.0004929913919584776, 0, 0.00011709571922498766, 0];('easy', 1152)
[0.0012632421901778075, 0, 0, 0];('easy', 1153)
[0.00010928623925325012, 0, 0.00018018254725165675, 0];('easy', 1154)
[0.0001209304291861263, 0, 0, 0];('easy', 1155)
[0, 0, 0, 0];('easy', 1156)
[5.763746376593291e-06, 0, 3.72135435475156e-06, 0.9985779509445055];('easy', 1157)
[2.7521852212795934e-05, 5.768893619291667e-06, 0.999469799896984, 9.024067926562152e-05];('easy', 1158)
[0.00011058638758076787, 0, 0, 0];('easy', 1159)
[0, 0, 0, 0];('easy', 1160)
[2.5840509504959866e-05, 2.899224815917884e-06, 0.9989332622904077, 1.2206192395929317e-05];('easy', 1161)
[1.568705791165214e-05, 1.2096560168100868e-06, 2.9307282527449267e-05, 0.9998251505542384];('easy', 1162)
[0, 0, 0.00021696576356425523, 0.0007572852859685068];('easy', 1163)
[0, 0, 7.330332848607745e-05, 0];('easy', 1164)
[0.0040597814813263106, 0, 0.00035473975240449425, 0];('easy', 1165)
[0.0007654041787521479, 0, 0, 0];('easy', 1166)
[0, 0, 0.00010151616888198156, 0];('easy', 1167)
[0, 0, 0, 0];('easy', 1168)
[0.004880054290026253, 0, 0.0009027192741927021, 0];('easy', 1169)
[6.820017995430352e-05, 0, 0, 0];('easy', 1170)
[5.450278074030147e-05, 1.8835657013578618e-05, 0.9952523685160459, 0.001695531810522901];('easy', 1171)
[0, 0, 0.0003877779238047361, 0];('easy', 1172)
[0, 0, 0.0009665129571762458, 0];('easy', 1173)
[0.0006239229343921602, 0, 0, 0];('easy', 1174)
[9.418493447509647e-05, 7.808205317376802e-05, 0.00010672551280265596, 0];('easy', 1175)
[0, 0.0002187936487468606, 0, 0];('easy', 1176)
[0.00019413865406608046, 0, 0.00016094659718513248, 0];('easy', 1177)
[0.00037624335234331317, 0, 0, 0];('easy', 1178)
[0.00032286025433528114, 0, 0, 0.0014469592731009972];('easy', 1179)
[0.007205182010128547, 0, 0.0009751153481120933, 0];('easy', 1180)
[0.00035110647132203284, 0, 0.003331205450339438, 0];('easy', 1181)
[0, 0, 0, 0];('easy', 1182)
[0, 0, 0, 4.38333245375558e-05];('easy', 1183)
[0.999755918969945, 6.082108996973958e-07, 1.4590221008055834e-06, 3.725743455697963e-06];('easy', 1184)
[0, 0, 0, 0];('easy', 1185)
[0, 0, 0.00013480205568128093, 0];('easy', 1186)
[0, 0, 0.00019545018839322304, 0];('easy', 1187)
[0.00013073876584664162, 0, 8.441129151588538e-05, 0];('easy', 1188)
[0.00013326752685998786, 0, 6.295112225517304e-05, 0];('easy', 1189)
[5.770962608995486e-06, 0.999828606428617, 1.3843819625127178e-05, 6.539357353089731e-06];('easy', 1190)
[0, 0, 0, 0];('easy', 1191)
[0, 0, 0, 0];('easy', 1192)
[0.0009418103032136505, 0, 0.00016366209037169547, 0];('easy', 1193)
[0.00037933478397134715, 0, 0, 0];('easy', 1194)
[0.00039845626792914946, 0, 0.00015603764210112952, 0];('easy', 1195)
[8.593958596811475e-05, 0, 0, 0];('easy', 1196)
[5.092944052798536e-06, 0.9998458861397349, 2.282499169727045e-05, 8.938395177502327e-06];('easy', 1197)
[0.0006516022295335872, 0, 0.00028914659872248836, 0];('easy', 1198)
[3.4420858026445005e-05, 0, 0, 2.3657086688361832e-05];('easy', 1199)
[0.0007553392854677249, 0, 0, 0];('easy', 1200)
[0.0001670258535077435, 0, 0, 0];('easy', 1201)
[0.00014842360479523889, 0, 0.0003560497185848351, 0];('easy', 1202)
[0.0003463504134384974, 0, 0.0005364380142780035, 0.000305653167068368];('easy', 1203)
[9.364664982463809e-05, 0, 8.264287840766736e-05, 0.00011295942177541243];('easy', 1204)
[0.00021827283355449421, 0, 0.0006723273389849, 0];('easy', 903)
[0.0005017056391822901, 0, 0, 0];('easy', 904)
[8.517270134539897e-05, 0, 0.000180310610163156, 0];('easy', 905)
[9.087206406864264e-05, 0, 0.00018072067875159225, 0];('easy', 906)
[0.0015695760768213408, 0, 0.00024070217244576234, 0];('easy', 907)
[0, 0, 0, 0];('easy', 908)
[0.00033398879471132053, 0, 0.0009664281609465242, 0];('easy', 909)
[0.0006768996922539996, 0, 0, 0];('easy', 910)
[0.00024853005228946666, 0, 0.0009234007258675571, 0];('easy', 911)
[0.00027427670187615794, 0, 0, 0];('easy', 912)
[4.492304735263923e-06, 0, 4.829682744469569e-05, 0.9993556124610534];('easy', 913)
[0.0002447091542998999, 0, 0.0006651884473909985, 0];('easy', 914)
[8.877471889487271e-05, 0, 0, 0];('easy', 915)
[2.013777927849643e-05, 5.420009764321533e-06, 2.7525080768832396e-05, 0.9995873485812236];('easy', 916)
[0, 0, 0, 0];('easy', 917)
[0.00020411049674305616, 0, 0.00021727449278995508, 0];('easy', 918)
[7.931386011081425e-05, 0, 0, 0.00033392382365833166];('easy', 919)
[0, 0, 0, 0.00026916980996680807];('easy', 920)
[0, 0.00033765804773637487, 0, 0];('easy', 921)
[1.0120881377106366e-05, 0, 0.9990906647432801, 1.0120881377106366e-05];('easy', 922)
[0.0004891677312751613, 0, 0.002059473073299599, 0];('easy', 923)
[0, 0.00016836796409100578, 0, 0];('easy', 924)
[0.000250419585848541, 0, 0.0002209945088578546, 0];('easy', 925)
[0, 0, 0, 0];('easy', 926)
[0.0007979863731884348, 0, 0.0002935627810309874, 0.0009625553019656294];('easy', 927)
[0, 0, 0, 0];('easy', 928)
[3.499621561781933e-06, 5.366843485768651e-07, 7.886518931557005e-06, 0.999644644207703];('easy', 929)
[7.182514185527226e-05, 0, 0, 0];('easy', 930)
[0.00028290681501420926, 0, 0, 0];('easy', 931)
[0.0002760361523667064, 0, 0.00020195236322577897, 0.0040563197140919644];('easy', 932)
[0.0004157479440593675, 0.00019638551678837708, 0.00019638551678837708, 0];('easy', 933)
[0, 0, 0.00012872731648106355, 0];('easy', 934)
[0.00025411168983949684, 0.001556622819332729, 0, 0];('easy', 935)
[0.0002974276982476639, 0, 0, 0];('easy', 936)
[0.00011619677279793999, 0, 0, 0];('easy', 937)
[0.001159559508235145, 0, 0.00021449694110916244, 0];('easy', 938)
[0.00034015156158070085, 0, 0.00028199554914493455, 0];('easy', 939)
[0.0005000826891682108, 0, 0, 0];('easy', 940)
[8.516189883714305e-05, 0, 0, 0.9432191298159286];('easy', 941)
[3.964418548899138e-06, 0.9993491835164647, 2.2813653590301736e-05, 8.39267413387907e-06];('easy', 942)
[3.5343880780035796e-05, 0, 0, 7.02897000277066e-05];('easy', 943)
[0, 0, 0, 0];('easy', 944)
[0.0024652520727311412, 0, 0.00024409289380450817, 0];('easy', 945)
[0, 0, 0.0001136801392712006, 0];('easy', 946)
[0.00021722373248993427, 0, 6.624949536453064e-05, 0];('easy', 947)
[0.00010620819450420419, 0, 0.00016449846961133868, 0];('easy', 948)
[0, 0, 0, 1.2036187154816175e-05];('easy', 949)
[0.0003370101303260509, 0.001105013675855682, 0.0001803885237836931, 0.00016945933562404064];('easy', 950)
[0.0013826918439363606, 0, 0, 0];('easy', 951)
[0.9999319361258716, 3.4660927125407035e-07, 2.9021238966448275e-06, 1.4592795384170945e-06];('easy', 952)
[3.965089818124114e-05, 0, 0, 0];('easy', 953)
[0, 0, 0, 0];('easy', 954)
[0, 0, 0, 0];('easy', 955)
[0, 0, 0.00018982636209634996, 0];('easy', 956)
[0.001474339658954121, 0.00024067944792203637, 0.0006964287422695215, 0];('easy', 957)
[0.007140845479439161, 0, 0.00045649897870813185, 0];('easy', 958)
[0.0005738109434365508, 0.002737498908028888, 0.0004757059804394673, 0.00028853039972717823];('easy', 959)
[0, 0, 0, 0];('easy', 960)
[0.000182062891848614, 0, 0.0002488504682585071, 0];('easy', 961)
[0, 0, 0, 0];('easy', 962)
[7.374985395859472e-05, 0, 0, 0];('easy', 963)
[7.188709056001885e-05, 0, 0.00015218497190979676, 0];('easy', 964)
[0.9999487426325072, 2.8735383717671075e-07, 2.4059842215006123e-06, 9.421969588352377e-07];('easy', 965)
[0.00020580593649492023, 0, 0, 0.0001933367851478887];('easy', 966)
[0.0033823641066448164, 0, 0.0006256744474433767, 0];('easy', 967)
[0.00026105383167293383, 1.872410499011399e-06, 1.383534621742196e-05, 0.9992163367033016];('easy', 968)
[0.00022218743910520938, 0, 0, 0.002706797135043384];('easy', 969)
[2.9296998878321323e-05, 2.4048441126113703e-06, 0.9994750396041391, 0.00011587187831507893];('easy', 970)
[0, 0, 0, 8.253961730705434e-05];('easy', 971)
[0, 0, 0, 0.0003132060453994669];('easy', 972)
[0.00017758762487231857, 0, 0, 0];('easy', 973)
[0.00016807181594650171, 0, 0.00019045031824391076, 0];('easy', 974)
[0.000544302955636596, 0, 0, 0];('easy', 975)
[0.000112508841068031, 0, 0, 0];('easy', 976)
[0.004448043988777229, 0, 0.0003429963224693442, 0];('easy', 977)
[0.00016084103026402108, 0, 0, 0];('easy', 978)
[3.2881859691810083e-06, 2.4056882459358864e-06, 2.753164404185098e-05, 0.999825031380349];('easy', 979)
[0.00018182690987831657, 0, 0, 0];('easy', 980)
[0.0003337665441499333, 0, 0.00037820704318895754, 0.0004285647259285456];('easy', 981)
[0.00011686345049514478, 0, 0.0007620454224564916, 0];('easy', 982)
[1.3844426953228526e-05, 0.9998724623283217, 1.568779098564758e-05, 8.39706941328506e-06];('easy', 983)
[0, 0, 0.00011912394751156182, 0.0002225528333718436];('easy', 984)
[0, 0, 0, 0];('easy', 985)
[0.9997023038401339, 0, 3.965821460568307e-06, 6.081784185983585e-07];('easy', 986)
[5.142308142194475e-05, 7.4081972719173236e-06, 0.00010226700882520256, 0.9995763905088108];('easy', 987)
[0.0002046626998076855, 0, 0, 0];('easy', 988)
[0, 0, 0.00014000709699090095, 0.0020573902525903263];('easy', 989)
[0.00042933481577109344, 0, 0, 0];('easy', 990)
[0.00010375698736347595, 0, 0, 0];('easy', 991)
[0, 0, 0, 0];('easy', 992)
[6.603931225139601e-05, 0.9997395955194279, 6.142612896887112e-06, 8.937449028293786e-06];('easy', 993)
[0.00021010059501902842, 0, 0, 0];('easy', 994)
[0.00010295445321572801, 0, 0, 0];('easy', 995)
[4.9111926360530424e-05, 0, 5.565110338256694e-05, 0];('easy', 996)
[3.0891592857129294e-06, 0.9998884325500351, 6.5397502591734695e-06, 3.500476065882628e-06];('easy', 997)
[0, 0, 0, 0.0004378058176747024];('easy', 998)
[0.00037091078075571817, 0, 0.00011312134291918707, 0];('easy', 999)
[0.0004569892297151505, 0, 0, 0];('easy', 1000)
[0, 0, 0, 0];('easy', 1001)
[0.0002109673647213023, 0.0010064690071881783, 0, 0];('easy', 1002)
[2.280536575700205e-05, 0, 0.9989853674281466, 1.7760836709782998e-05];('easy', 1003)
[0.007971922901163905, 0, 0.001385312479418165, 0];('easy', 1004)
[0.00010064310618973301, 0, 0.00010713402886725251, 0];('easy', 1005)
[0.00017085651762780064, 0, 0, 0];('easy', 1006)
[0, 0, 0, 0];('easy', 1007)
[0, 0, 7.55074939985247e-05, 0];('easy', 1008)
[0, 0, 0, 0.00011977668858058459];('easy', 1009)
[0.0006210813650963629, 0.0010239900574698455, 0.0013148292602268227, 0];('easy', 1010)
[0.0002303770008024405, 5.4179477559414025e-06, 0.9992071720354644, 0.00017941778862658233];('easy', 1011)
[0.00029140328723792596, 0, 0.00020027835512307265, 0];('easy', 1012)
[0.0001625316208579615, 0, 0.0005006323983284633, 0];('easy', 1013)
[3.9654281414584215e-06, 0.9996036670439605, 2.4291192338759247e-05, 3.9654281414584215e-06];('easy', 1014)
[0, 0, 0.00026362070225250555, 0];('easy', 1015)
[0.00046989264431859063, 0.0001433092279963935, 0.00046989264431859063, 0];('easy', 1016)
[1.1473383861930269e-05, 1.3001047174588175e-05, 2.1435103018119325e-05, 0.9995198172553478];('easy', 1017)
[5.75693738059247e-05, 0, 0, 0];('easy', 1018)
[0.00037897229103579, 0.9969570532230843, 7.943686973738125e-05, 1.8867910366402004e-05];('easy', 1019)
[0.0001403117226634855, 0, 0.00024625474228667213, 0];('easy', 1020)
[1.1475659996949092e-05, 1.6532255697646584e-06, 2.930412439252364e-05, 0.9997174346340454];('easy', 1021)
[0, 0, 0, 0];('easy', 1022)
[9.24474800639593e-05, 0, 9.24474800639593e-05, 0];('easy', 1023)
[0.0003947925594765084, 0, 0, 0.0003947925594765084];('easy', 1024)
[0.0011796623706001427, 0, 0.0001809070837315946, 0];('easy', 1025)
[0.00012213080221950637, 0, 0.001397713682261498, 0];('easy', 1026)
[0.0003476872558313108, 0, 0.00019810613228611967, 0.0003476872558313108];('easy', 1027)
[0, 0, 0, 0];('easy', 1028)
[0.0005781487227135845, 0, 0, 0];('easy', 1029)
[0.00014065590633631923, 0, 0.0005226000909930521, 0];('easy', 1030)
[4.003535254077892e-05, 4.219695112858963e-06, 0.9992525208395094, 3.117956390929838e-05];('easy', 1031)
[0.003633248608188716, 0, 0, 0];('easy', 1032)
[0, 0, 7.997267910077996e-05, 0];('easy', 1033)
[0.0010303052889731725, 0, 0.0013229381779893618, 0];('easy', 1034)
[0.002528722544026501, 0, 0.00038779216189920723, 0.00020757028552383867];('easy', 1035)
[3.4991743654637954e-06, 0.9995164826035279, 3.724851722823627e-06, 2.900917438559912e-06];('easy', 1036)
[7.975005848975429e-05, 0, 4.2687130231698906e-05, 0];('easy', 1037)
[0.006428584628096611, 0, 0.00043747067411402694, 0];('easy', 1038)
[0.0005070549516665177, 0, 0, 0];('easy', 1039)
[0, 0, 0, 0];('easy', 1040)
[0, 0, 0, 0];('easy', 1041)
[4.442901151512441e-05, 0, 0.9786142555510817, 0.00010012232301082909];('easy', 1042)
[0, 0, 0, 0];('easy', 1043)
[0.00012429590117182406, 0, 0, 0];('easy', 1044)
[0.0006721337301095968, 0, 0.0011081611775867113, 0];('easy', 1045)
[1.6690650427230018e-05, 0.9993388258593972, 0.00012332815233444342, 4.492227620404152e-06];('easy', 1046)
[3.5339735117372616e-05, 2.4048991557548504e-06, 0.9994971897348134, 7.028145539303208e-05];('easy', 1047)
[0, 0, 0, 0];('easy', 1048)
[0.00012724300813010708, 0, 0.0001354494770905391, 0.0008297286403431221];('easy', 1049)
[0.0001477109296482155, 0, 0, 0.00022877916327857106];('easy', 1050)
[0.00031673274928910295, 0, 0.0023403560528657183, 0];('easy', 1051)
[0.003397805062746526, 0, 0, 0];('easy', 1052)
[0.0008690631640381404, 0, 0, 0];('easy', 1355)
[0.0006163200690181463, 0, 0.00039792614436950284, 0];('easy', 1356)
[0.0003032028358946085, 0, 0, 0];('easy', 1357)
[1.8921463921508198e-05, 2.2598466000973686e-06, 1.0127929808297014e-05, 0.9997864225814329];('easy', 1358)
[0.006388440492522853, 0, 0.0004926236342936776, 0];('easy', 1359)
[0.0001067882285528221, 0.00018741917783017114, 0, 0];('easy', 1360)
[0.00016399894575700545, 0, 0, 0.0012899516286634875];('easy', 1361)
[0.0004842012603145964, 0, 0, 0];('easy', 1362)
[0.00025379635924117173, 0, 0.000537286896729797, 0];('easy', 1363)
[0, 0, 0, 0];('easy', 1364)
[0.0006199830112902504, 0.00025844737025281726, 0.0002751157935560164, 0];('easy', 1365)
[0.0010077358375561746, 0.001377411577452333, 0.0006506431585467217, 0];('easy', 1366)
[0, 0, 0, 0];('easy', 1367)
[0, 0, 0, 0];('easy', 1368)
[0, 0, 0, 0];('easy', 1369)
[2.4271092669788942e-05, 7.402265042074927e-06, 0.9987759095180002, 9.599403365813048e-05];('easy', 1370)
[0.000951303995696376, 0, 0, 0];('easy', 1371)
[8.707003195182356e-05, 0, 5.984229946447572e-05, 0];('easy', 1372)
[0.0001010857802760076, 0, 0, 0];('easy', 1373)
[5.770858041185262e-06, 0.9998101356580845, 2.1441338767675137e-05, 8.938079783304158e-06];('easy', 1374)
[7.687949439020637e-05, 0, 0.0001050818098307921, 0];('easy', 1375)
[6.949518542348188e-05, 0, 5.761353228941259e-05, 0];('easy', 1376)
[0.00022380005872325338, 0, 0, 0];('easy', 1377)
[0, 0, 0, 0];('easy', 1378)
[0, 0, 6.207524045441757e-05, 0];('easy', 1379)
[4.002832791063039e-05, 2.5589253910073582e-06, 0.9990768617551579, 2.2807453746174626e-05];('easy', 1380)
[0.0007625281327258538, 0, 0, 0];('easy', 1381)
[0, 0, 0.000356091146762418, 0];('easy', 1382)
[0.00028927402407048764, 0, 0.00015483722735740597, 6.87086031402615e-05];('easy', 1383)
[0.0006677084984378733, 0, 0.0003804488343367745, 0.0016017494204744827];('easy', 1384)
[0.0005413534735356244, 0, 0.0012986394729678804, 0];('easy', 1385)
[0.00011182433962594838, 0, 0, 0];('easy', 1386)
[0.00013196663084987252, 0, 0, 0.00012397117687585406];('easy', 1387)
[0.00017428369346270844, 0, 0.00017428369346270844, 0.0008850860487928919];('easy', 1388)
[0, 0, 4.910232575856152e-05, 0];('easy', 1389)
[0.000782692236483955, 0, 8.24951547960002e-05, 0];('easy', 1390)
[3.9163059948928096e-05, 0, 0, 0];('easy', 1391)
[0, 0, 0, 0.0010445634352283816];('easy', 1392)
[0.0005162845842644417, 0, 0, 0];('easy', 1393)
[0, 0, 0, 0];('easy', 1394)
[1.0773745440320995e-05, 2.1214762628771543e-06, 4.535916254141535e-05, 0.999102207128271];('easy', 1395)
[0.00019461654522463418, 0, 0, 0];('easy', 1396)
[0, 0, 0, 0];('easy', 1397)
[0.0006312239618292712, 0, 0.0003173991894319178, 0];('easy', 1398)
[0, 0, 0, 0];('easy', 1399)
[7.650334313746181e-05, 0, 0, 0];('easy', 1400)
[1.7770121189155717e-05, 1.2092719230499761e-06, 6.602400988555146e-05, 0.9995083842512675];('easy', 1401)
[0.00037448533868364735, 0, 0.00033048230903786946, 0];('easy', 1402)
[6.190562905156801e-05, 0, 0.0002300073151423566, 0];('easy', 1403)
[0, 0, 0.0001836035572965734, 0];('easy', 1404)
[0.00022923627177012484, 0, 9.555989523366568e-05, 0];('easy', 1405)
[0, 0, 0, 0];('easy', 1406)
[0, 0, 0, 0];('easy', 1407)
[0.000168007713864109, 0, 0.0001154699004929835, 0];('easy', 1408)
[0.0005422884794996213, 0.00037270905797194765, 0.00044957293995896117, 0];('easy', 1409)
[0, 0, 0, 0];('easy', 1410)
[0.00016284533774945826, 0, 8.188377814577094e-05, 0];('easy', 1411)
[0, 0, 0, 0];('easy', 1412)
[0, 0, 0, 0];('easy', 1413)
[0.0016110208666082239, 0.0012546643124588582, 0.0018255258028554869, 0.00026299192694347967];('easy', 1414)
[7.408077167763943e-06, 8.935846769801773e-06, 5.8269040472863485e-05, 0.9995609066478143];('easy', 1415)
[0, 0, 0, 0];('easy', 1416)
[1.7752826817050686e-05, 0.9985356348310723, 2.279508085114882e-05, 1.0115255810778021e-05];('easy', 1417)
[0.0012751044132259543, 0, 0.0003028638446616622, 0];('easy', 1418)
[1.6692958616290035e-05, 0.9994762304319942, 2.013555163530164e-05, 7.4074554832734885e-06];('easy', 1419)
[0.000443426393684829, 0, 0.00020945979697928273, 0.00023734904492676574];('easy', 1420)
[0, 0, 0, 0];('easy', 1421)
[0.00030164108807206863, 0.00011812434732593396, 0.00030164108807206863, 0];('easy', 1422)
[0, 0.0002238301547105729, 9.932402906784867e-05, 0];('easy', 1423)
[2.915045914712488e-05, 3.945085645153453e-06, 0.9944753005561773, 1.8820950993037644e-05];('easy', 1424)
[0.00013997772541425645, 0, 0, 0];('easy', 1425)
[0.00016190538138936966, 0, 0.00025076396020777065, 0.00025076396020777065];('easy', 1426)
[0.0004079009124413098, 0, 0, 0];('easy', 1427)
[0.001368290048419544, 0, 0, 0];('easy', 1428)
[0, 0.00010445893026546138, 0, 0];('easy', 1429)
[0, 0, 0.00016063454664121119, 0];('easy', 1430)
[0.00017698825472844813, 0, 0.0005803218689432598, 0.0004245725491384136];('easy', 1431)
[0.0001100401750159856, 0, 0, 0];('easy', 1432)
[4.008486530337682e-05, 0, 0, 4.835157707289864e-05];('easy', 1433)
[0.00010584751393237478, 0, 0.00018576817225468445, 0];('easy', 1434)
[0, 0, 0.00016436266937836682, 0];('easy', 1435)
[0, 0, 0, 0];('easy', 1436)
[0.0007940631024692394, 0, 0.004032585176302062, 0.00045244351753952357];('easy', 1437)
[5.9638905771187316e-05, 0, 5.263114961660736e-05, 0];('easy', 1438)
[7.409412552871756e-06, 0.9997401912653588, 1.7774256715893738e-05, 9.513874040612539e-06];('easy', 1439)
[0, 0, 0, 0];('easy', 1440)
[0, 0, 0, 0];('easy', 1441)
[3.319959030061361e-05, 3.965125614841278e-06, 0.9995274393792057, 3.319959030061361e-05];('easy', 1442)
[0.0008037002975929341, 2.7229801184768403e-06, 6.197474183829187e-05, 0.9987169298954534];('easy', 1443)
[0, 0, 5.432105775209374e-05, 0];('easy', 1444)
[5.470263746367707e-05, 0, 1.4723015139204948e-05, 0.9989017402143695];('easy', 1445)
[0.0007445325243040576, 0, 0.0001466071466047193, 0];('easy', 1446)
[6.345356744936713e-05, 0, 0, 0];('easy', 1447)
[0.0002325792334288857, 0, 0.0011095734663557736, 0];('easy', 1448)
[0.000209442418890923, 0, 0.00044338960427148277, 0];('easy', 1449)
[0.002336324186897659, 0, 0, 0];('easy', 1450)
[0.0002489428037595076, 0.0008162516397449494, 0.0007667974529193248, 0];('easy', 1451)
[0.9998303939575447, 1.4591306365308945e-06, 5.421328000251184e-06, 2.726014913064349e-06];('easy', 1452)
[0.0009497874030815073, 0, 0, 0];('easy', 1453)
[0.9999445707518435, 3.2885779748592002e-06, 2.9021598767211656e-06, 3.726447045001339e-06];('easy', 1454)
[0, 0, 0.0004444109025741205, 0];('easy', 1205)
[6.143556115693922e-06, 9.421448444321989e-07, 2.2826080103637564e-05, 0.9998929615131897];('easy', 1206)
[0.0003042917267405695, 0, 0.0012811166322052527, 0];('easy', 1207)
[2.254159840764957e-06, 1.1334627497305684e-06, 1.2971794251810673e-05, 0.9972700700968444];('easy', 1208)
[0.00025391401749325635, 0, 0.0006091083538019294, 0];('easy', 1209)
[0.0005263496610402682, 0, 0.0001605276534797204, 0];('easy', 1210)
[0.0005676804891838479, 0, 0, 0];('easy', 1211)
[0, 0, 0, 0];('easy', 1212)
[0, 0, 0, 0];('easy', 1213)
[3.5218714564438836e-05, 0, 3.308492051733306e-05, 0.9960748851520912];('easy', 1214)
[0, 0, 0, 0];('easy', 1215)
[0.0002860759793331325, 0, 0, 0];('easy', 1216)
[2.7530515047462157e-05, 1.209606412258564e-06, 1.777503647219485e-05, 0.9997847543583881];('easy', 1217)
[0.00015352447717701743, 0, 0.000570412360025498, 0];('easy', 1218)
[9.086894427746878e-05, 0, 0, 0];('easy', 1219)
[0.00040337139396548174, 0.00024465711769108817, 0, 0];('easy', 1220)
[0.0004777988070389678, 0, 0.00012080639964272864, 0];('easy', 1221)
[0.00011952462463605711, 0, 0, 0];('easy', 1222)
[0.0019490732651666926, 0, 0, 0];('easy', 1223)
[0.00017190072866814915, 0, 0, 0];('easy', 1224)
[0.00011966936241974029, 0, 0, 0];('easy', 1225)
[0.0002632785064453587, 0.0001409228294582889, 0.0001809484948159949, 0];('easy', 1226)
[0.0002711239412043598, 0, 0.00014512218807474433, 0.0012934599827294725];('easy', 1227)
[3.522301398634212e-05, 3.487550667634457e-06, 4.522724521081108e-05, 0.9961964867615192];('easy', 1228)
[0.0017959386336587316, 0, 0.00016704831466346381, 0];('easy', 1229)
[0.00019655302349925826, 0, 0, 0.0001629481797472816];('easy', 1230)
[8.427881063651903e-05, 4.237804734187499e-05, 0, 0];('easy', 1231)
[0, 0, 0, 0];('easy', 1232)
[0, 0, 0, 0];('easy', 1233)
[0, 0, 0, 0];('easy', 1234)
[0.0005843961260118775, 0, 0, 0];('easy', 1235)
[0.0003397469589322341, 0, 8.069697597077523e-05, 0];('easy', 1236)
[7.4059650659239915e-06, 0, 2.7245022897873418e-06, 0.99927585150933];('easy', 1237)
[0.00011507425554067936, 0, 0, 8.961992032644003e-05];('easy', 1238)
[0.9997963128222394, 1.4590805421159826e-06, 3.763018314773352e-05, 4.784140914853835e-06];('easy', 1239)
[0, 0, 0, 0];('easy', 1240)
[0.00017339739667460573, 0.00028588397618145014, 0, 0];('easy', 1241)
[0.0002297275921326306, 0, 0, 0.0002445437488857273];('easy', 1242)
[9.31564730392994e-05, 0, 0, 0];('easy', 1243)
[4.263501304994461e-05, 2.4053028439710427e-06, 6.603439999441587e-05, 0.9996648958081323];('easy', 1244)
[0.00022420894133549506, 0, 0, 0];('easy', 1245)
[6.538808571408346e-06, 0.9997444805883478, 1.669743263623986e-05, 5.7704783108614685e-06];('easy', 1246)
[0.0002957659191370246, 0, 0.0001088062010496866, 0];('easy', 1247)
[0.004159488271103321, 0, 0.00030131217606866716, 0];('easy', 1248)
[9.012302565094352e-05, 3.083840354329298e-06, 4.257110294932623e-05, 0.9981664720225983];('easy', 1249)
[0, 0, 0, 8.989863734557971e-05];('easy', 1250)
[6.170351905137553e-05, 8.350663227513636e-06, 0.9943459859022954, 7.922888676104247e-05];('easy', 1251)
[0.0003889879897354322, 0, 0.00018374491576898333, 0.0011981673600098325];('easy', 1252)
[2.0139046840658344e-05, 2.405266142242328e-06, 0.9996496474855838, 2.0139046840658344e-05];('easy', 1253)
[0.003993441826974246, 0, 0.00034894305800907015, 0];('easy', 1254)
[0.00019727828079000822, 0, 0, 0.00021000163676580534];('easy', 1255)
[0.0003478880857461772, 0.00014502133004624154, 0.0002545203606562327, 0];('easy', 1256)
[0, 0, 0, 5.796227261619714e-05];('easy', 1257)
[0, 0, 0.0002011437318070753, 0];('easy', 1258)
[3.5002757727659613e-06, 0.999831108961281, 4.222138518425701e-06, 5.0928711981705635e-06];('easy', 1259)
[0.0008757147715592303, 0, 0, 0];('easy', 1260)
[0.0003580652306511834, 0, 0, 0.0011029185564634962];('easy', 1261)
[9.655501892889141e-05, 1.5762173545048533e-05, 2.1544336836738212e-05, 0.9437465246825293];('easy', 1262)
[3.31812316524321e-05, 2.723681354529156e-06, 0.9989741845842877, 2.9282334157213268e-05];('easy', 1263)
[0, 0, 0, 0.00015432450176189948];('easy', 1264)
[0, 0, 0, 0];('easy', 1265)
[0.00026611330967910436, 0, 0.001630142431308201, 0];('easy', 1266)
[0.00016014828344438435, 0, 0.00021889675002563987, 0];('easy', 1267)
[6.427382697251571e-05, 0, 0, 0];('easy', 1268)
[7.251228996485408e-05, 0, 0.0003052881437551453, 0];('easy', 1269)
[0.00021349245505378404, 0, 0.00011427427647011476, 0];('easy', 1270)
[8.025697605262852e-05, 0, 0, 0];('easy', 1271)
[0.0014901340475045191, 0, 0.00025894646970463323, 0];('easy', 1272)
[0.9970153510133624, 4.481786515224116e-06, 0.0014989516845862968, 1.7725809523462228e-05];('easy', 1273)
[2.1229942037389745e-06, 0.9998172855444851, 3.966275338787379e-06, 3.725970863971808e-06];('easy', 1274)
[0, 0, 0, 9.48506095057194e-05];('easy', 1275)
[0.0006251370609784244, 0, 0, 0];('easy', 1276)
[0.00025908331648296506, 0, 0, 0];('easy', 1277)
[4.932751953264674e-05, 0, 9.215593895702627e-05, 0];('easy', 1278)
[5.730699090278766e-05, 0, 0.0005437138505251561, 0];('easy', 1279)
[0, 0, 7.5796443742739e-05, 0];('easy', 1280)
[0.0001410603821023251, 0, 0, 0];('easy', 1281)
[7.470748748220468e-05, 0, 0, 0.00017921394599541704];('easy', 1282)
[0.00023542652911868447, 0, 9.814037841431599e-05, 0];('easy', 1283)
[0.00010778282995550565, 0, 0, 0];('easy', 1284)
[3.949352674750841e-05, 0, 0, 0];('easy', 1285)
[3.288082487478656e-06, 6.892195312676333e-07, 2.1440991153573418e-05, 0.9997935721382175];('easy', 1286)
[2.405132033218799e-05, 0, 1.3704029237382355e-05, 0.9897320966052834];('easy', 1287)
[0, 0, 0, 0];('easy', 1288)
[0.0001696169776936977, 0, 0, 0];('easy', 1289)
[0.005798629921462366, 0, 0, 0];('easy', 1290)
[0.00047428200878286893, 0, 0.00036937119983677724, 0.0001446478401884423];('easy', 1291)
[0, 0, 0, 0];('easy', 1292)
[0.0003758307636593946, 0, 0.00017752988224381126, 0];('easy', 1293)
[0.0005566562252885032, 0, 0, 0];('easy', 1294)
[0.001024487243618384, 0, 0.00035405331752758756, 0.0003326023114178631];('easy', 1295)
[0.00012167589266123335, 0, 0, 0];('easy', 1296)
[0, 0, 0, 5.7897965735440515e-05];('easy', 1297)
[0, 0, 6.327246581098745e-05, 0];('easy', 1298)
[7.3864196661445395e-06, 2.3980193695580626e-06, 0.9966378386555016, 2.4219137682307666e-05];('easy', 1299)
[0.004105193202898261, 0, 0.0002175672691242613, 0];('easy', 1300)
[0.0015828642923689628, 0, 0, 0];('easy', 1301)
[0.00036169307486011903, 0, 0, 0];('easy', 1302)
[0.00017988826184488847, 0.00035775052666896023, 0, 0];('easy', 1303)
[2.7230813969721894e-06, 0.998754266962519, 3.759097915920181e-05, 6.953631948755451e-06];('easy', 1304)
[0, 0, 0, 8.342381256695559e-05];('easy', 1305)
[0, 0, 0, 0];('easy', 1306)
[0.0006428979869744685, 0, 0, 0.00018419335715994526];('easy', 1307)
[0, 0, 3.364178222256749e-05, 0.0001249943845844923];('easy', 1308)
[0.0001951566492219105, 0, 0, 0];('easy', 1309)
[0.000297554516449655, 0, 0.00019211563507768372, 0];('easy', 1310)
[5.421539981827727e-06, 5.042817721448958e-07, 5.093065479494501e-06, 0.9998694828589155];('easy', 1311)
[3.912121431108814e-05, 0, 0, 0];('easy', 1312)
[0, 0, 0.00033343153766441925, 0];('easy', 1313)
[0, 0, 0, 0];('easy', 1314)
[0, 0, 0, 0];('easy', 1315)
[2.013847066614876e-05, 7.808532470222893e-07, 3.7252424958163805e-06, 0.9996218919332458];('easy', 1316)
[0.0018736467700766824, 0.0010675717492022623, 0.0002699245382708853, 0];('easy', 1317)
[0.000345193802436767, 0, 0.00022287376360082206, 0.0006864998491735855];('easy', 1318)
[0, 0, 0, 7.166674438016889e-05];('easy', 1319)
[0, 0, 0, 0];('easy', 1320)
[7.008140108417643e-05, 6.93899838425666e-06, 0.9966525215900678, 9.578991797247077e-05];('easy', 1321)
[4.172163344380739e-05, 0, 0.00013679996945445294, 0];('easy', 1322)
[0.00010740020785547569, 5.6920024884570535e-06, 0.0002135908176031109, 0.9861482541292488];('easy', 1323)
[0, 0, 0, 0];('easy', 1324)
[0.00031255168834289673, 0.00022866770004532314, 0.000201798537011141, 0];('easy', 1325)
[8.479292077644459e-05, 1.7598209270921856e-06, 2.9303649304331263e-05, 0.9997017081458754];('easy', 1326)
[0.00013798721347460066, 0, 0.0010853540235286373, 0];('easy', 1327)
[8.905055257032101e-05, 0, 0, 0.0001217176739356065];('easy', 1328)
[8.263720396636493e-05, 0, 0, 0];('easy', 1329)
[0.0001695469503524477, 0, 8.525356058588205e-05, 0.00012404319871809106];('easy', 1330)
[0.00015421474802414844, 0, 9.353597285650429e-05, 0];('easy', 1331)
[8.970243511830577e-05, 0, 0.0002290631926806793, 0];('easy', 1332)
[0.00017147289377057048, 0, 0, 0];('easy', 1333)
[0.00018196620634230616, 0, 0.00043651444487773506, 0];('easy', 1334)
[6.208127910349257e-05, 0, 0, 0];('easy', 1335)
[0, 0, 0, 9.221466601160018e-05];('easy', 1336)
[8.765390034083148e-05, 0, 0, 0];('easy', 1337)
[0.00012128789739850102, 0, 0, 0];('easy', 1338)
[0.0007344604593101033, 0, 0, 0];('easy', 1339)
[0.002210329823864995, 0, 0, 0];('easy', 1340)
[0, 0, 0.00012708801935824195, 0];('easy', 1341)
[0.00041509484687863847, 0.00041509484687863847, 0.00019607692188062178, 0.00030368987747162504];('easy', 1342)
[3.568545129671659e-05, 0, 0, 0];('easy', 1343)
[0, 0, 0, 0];('easy', 1344)
[0.00018603907363483555, 0, 0, 0.0003475667472427171];('easy', 1345)
[0.0005052255473531679, 0, 0.0037331399120055014, 0];('easy', 1346)
[0, 0, 0, 0];('easy', 1347)
[0.0007738488206780877, 0.0010577259288354077, 0.0007738488206780877, 0];('easy', 1348)
[5.419120782287881e-06, 0, 2.013447630954348e-05, 0.9994228834458077];('easy', 1349)
[0.00012298636747925582, 0, 0, 0.00014834987671988315];('easy', 1350)
[6.615226889724879e-05, 0, 0, 0];('easy', 1351)
[0, 0, 0, 0];('easy', 1352)
[0, 0, 0, 0];('easy', 1353)
[0.0005653637820189488, 0.00038856846599833974, 0.0004687030376583052, 0];('easy', 1354)
[3.3174618697015845e-05, 0, 3.0857202128614554e-06, 0.9987755527930554];('easy', 1657)
[0.0002851577686807425, 0, 0.000134698992179042, 0];('easy', 1658)
[0, 0, 0, 0];('easy', 1659)
[0.00012311709678900943, 0, 0.00021607723407098282, 0];('easy', 1660)
[3.762795822328186e-05, 9.419975020630261e-07, 7.887248518845669e-06, 0.9997369742997422];('easy', 1661)
[0.00044164582905712103, 0, 0.0013603649239161168, 0];('easy', 1662)
[0.0007783570582420566, 0, 0.0007311987880456573, 0.003078461883174094];('easy', 1663)
[0.0006163665044883749, 0, 0, 0];('easy', 1664)
[9.502720624572057e-06, 0, 0.998568916866721, 1.4718101622792675e-05];('easy', 1665)
[0, 0, 0, 0];('easy', 1666)
[0.9994596779996514, 0, 1.1472694544732858e-05, 1.0671268229482924e-06];('easy', 1667)
[0, 0, 0, 0];('easy', 1668)
[0, 6.22455540125475e-05, 0, 0];('easy', 1669)
[0, 0, 0, 0];('easy', 1670)
[1.6680434555471732e-05, 1.2203666618404747e-05, 0.9987267989470869, 0.00010877009658473518];('easy', 1671)
[0.000164156830904626, 0, 0, 0.0001278454684550429];('easy', 1672)
[1.3839582272784651e-05, 0.9995219609472634, 1.4732158643117097e-05, 3.499194387957406e-06];('easy', 1673)
[0, 0, 0, 0];('easy', 1674)
[4.8845867333411124e-05, 0, 0, 0];('easy', 1675)
[0.00022192971314466091, 0, 0.00012645173884728836, 0.0003659000641871919];('easy', 1676)
[0, 0, 0, 0];('easy', 1677)
[1.2217174543848003e-05, 0.9998319431547771, 1.4736725497245432e-05, 1.56871626344113e-05];('easy', 1678)
[0.00025878674195132124, 0, 0.0013142281435680628, 0];('easy', 1679)
[0, 0, 0.0002653955590338384, 0];('easy', 1680)
[0.00029219499718581836, 0, 0, 0];('easy', 1681)
[0.00030657859985675157, 0, 0, 0];('easy', 1682)
[0, 0, 0, 0];('easy', 1683)
[0, 0, 0, 0];('easy', 1684)
[0, 0, 7.211836132387691e-05, 0];('easy', 1685)
[0.00019429609115951095, 0, 0, 0];('easy', 1686)
[0, 0, 6.582810092190247e-05, 0];('easy', 1687)
[9.01438274708697e-05, 0, 0, 6.195488616991186e-05];('easy', 1688)
[4.262566229461041e-05, 2.559869992920378e-06, 0.0001022536481675258, 0.9994459838790352];('easy', 1689)
[0.00012959497671284926, 0, 0.0002743525678540211, 0];('easy', 1690)
[0, 0, 0, 0];('easy', 1691)
[5.950778011124712e-05, 0, 0, 0];('easy', 1692)
[5.877148827215031e-05, 0, 0, 0];('easy', 1693)
[0.0002088235422761823, 0.0002518892734847721, 0, 0];('easy', 1694)
[0.005164478463570556, 0, 0, 0];('easy', 1695)
[0.0028182524124370266, 0, 0, 0];('easy', 1696)
[0.00032519455574187743, 0, 0, 0];('easy', 1697)
[0, 0, 0.0003452650821284523, 0];('easy', 1698)
[0.00011603620372030903, 0, 0.00010240159037084781, 0];('easy', 1699)
[0.9994705144246874, 0, 1.07777224615304e-05, 7.807355964958567e-07];('easy', 1700)
[0.0004670944053516531, 0, 0.0001180999043373342, 0];('easy', 1701)
[0.00026926737377123484, 0.9682107543661091, 3.644137629570892e-05, 2.2102812005472653e-05];('easy', 1702)
[0.0003094856502608247, 0, 0.00019981895404147943, 0];('easy', 1703)
[0, 0, 0.0005263586965085773, 0];('easy', 1704)
[7.462410426736611e-05, 2.9223219116816696e-05, 0.9969574086021629, 0.0011673168361215082];('easy', 1705)
[1.0782153378486452e-05, 0.9998814008261862, 6.143485808676075e-06, 3.7262125004715013e-06];('easy', 1706)
[0.00015815394230232822, 0, 0, 0];('easy', 1707)
[0.001542568208976491, 0, 0, 0];('easy', 1708)
[0.0002969509828130287, 0, 0, 0];('easy', 1709)
[7.882390889672537e-06, 0.9991211277605373, 1.07739509351671e-05, 1.0121190246607437e-05];('easy', 1710)
[0, 0, 0, 0];('easy', 1711)
[8.809705806062157e-05, 0, 0, 0.00019852978499075252];('easy', 1712)
[0.00025075893816794444, 0, 0, 0];('easy', 1713)
[0.00025151240976909535, 0, 0, 0];('easy', 1714)
[0.00033316803219861005, 0.00017833199685148894, 0.00020207662636458285, 0];('easy', 1715)
[0.0001637540475117324, 0, 0, 0];('easy', 1716)
[0, 0, 0, 0];('easy', 1717)
[0, 0, 0, 0];('easy', 1718)
[0.00015734171824410853, 0, 0.0004846463804757588, 0];('easy', 1719)
[0, 0, 0.0002951173191937058, 0];('easy', 1720)
[1.567162643142095e-05, 4.4899961472030455e-06, 1.2992234640893565e-05, 0.998841556402056];('easy', 1721)
[0.0001498601447208208, 0, 0, 0.00035949597014210677];('easy', 1722)
[0.00033538777448535023, 0, 0.0002780462309300769, 0.0001398104250474432];('easy', 1723)
[0.002057632583770757, 0.0007110987931522405, 0.0009130689241834557, 0.000203733215279609];('easy', 1724)
[0.00012818119658791736, 0, 0.00013644817350529884, 0];('easy', 1725)
[0.00023641919931260532, 0, 0.0008251840873295193, 0];('easy', 1726)
[0, 0, 0, 0];('easy', 1727)
[0.000541072950832228, 0, 0.0002400996664894336, 0];('easy', 1728)
[0.0009200647997956792, 0, 0, 0];('easy', 1729)
[0.00011976800757086305, 0, 0.0005042419056870391, 0];('easy', 1730)
[0, 0, 0, 0];('easy', 1731)
[0, 0, 0, 0];('easy', 1733)
[0.003920127023419405, 0, 0.0001722382786936732, 0];('easy', 1734)
[0.0008860729105128706, 0, 0.0010040521478520798, 0.0017621663979187827];('easy', 1735)
[7.885262996090072e-06, 3.2870666582463136e-06, 1.6693101893717992e-05, 0.9994852809213228];('easy', 1736)
[0, 0, 0, 0];('easy', 1737)
[0.00043082244627134586, 0, 0.0006268429605496196, 0];('easy', 1738)
[0, 0, 8.911086989835439e-05, 0];('easy', 1739)
[0, 0, 0, 0];('easy', 1740)
[0.0003722231289181052, 0, 0.0003962294582143911, 0.00013693323665747828];('easy', 1741)
[0.00011816423292154799, 0, 4.925818078943819e-05, 0];('easy', 1742)
[0.0004700297904400902, 0.00020857435570973695, 0.0005326135299325127, 0];('easy', 1743)
[0.00032056838820801193, 0, 8.10523817022928e-05, 0];('easy', 1744)
[0.0003872219378333789, 0, 0.0003417221607507617, 0];('easy', 1745)
[0.00019078244108244687, 0, 0.00023012755149202344, 0];('easy', 1746)
[0, 0, 0, 0];('easy', 1747)
[6.0827880649196936e-05, 0, 0, 0];('easy', 1748)
[0.00019273939582779444, 0, 0.001717866716525114, 0];('easy', 1749)
[0.0007755806270101957, 0, 0, 0];('easy', 1750)
[6.131618593112776e-05, 0, 0, 0];('easy', 1751)
[0.00016654406554853532, 0, 0.00013806987979988103, 0];('easy', 1752)
[2.428672173415376e-05, 2.900635266177836e-06, 3.319601273297162e-05, 0.9994196685192676];('easy', 1753)
[0, 0, 0, 0];('easy', 1754)
[0, 0, 0, 0];('easy', 1755)
[0.00018685504136751243, 0.8627092715053991, 0, 2.096455461948509e-05];('easy', 1756)
[0.0002010196589189182, 0.00022778511553999322, 0, 0];('easy', 1757)
[0, 0, 0, 0.0001250896648244604];('easy', 1758)
[0.00021305698731523414, 0, 0, 0];('easy', 1759)
[0.0003706425750196392, 0, 0.0004759144868318097, 0.00041999306052420925];('easy', 1760)
[8.080170761582916e-05, 0, 0, 0];('easy', 1761)
[0, 0, 0, 0];('easy', 1762)
[0, 0, 0, 0];('easy', 1763)
[3.118063439304904e-05, 3.7239957180012123e-06, 0.0002164365016654953, 0.9992866839636182];('easy', 1764)
[0, 0, 0.00010071319652893962, 0];('easy', 1765)
[0.00028441441856049353, 0, 0, 0];('easy', 1766)
[0.0006252795635590531, 0, 0.0028023085859083634, 0];('easy', 1767)
[0.0001811384169420054, 0, 9.10821160221068e-05, 0];('easy', 1768)
[2.9290936570035172e-05, 2.900195463967826e-06, 3.118003967531693e-05, 0.9992679951247885];('easy', 1769)
[0.004808679688764557, 0, 0, 0];('easy', 1770)
[0.00022160380208816136, 0, 0, 0];('easy', 1771)
[0.002031938935742267, 0, 0.00013827517990393158, 0];('easy', 1772)
[0.0005418469990311153, 0, 0.005140901190530837, 0];('easy', 1773)
[0.0002488314831987226, 0, 0, 0];('easy', 1774)
[0.0017112469058226446, 0, 0.004369822058851508, 0];('easy', 1775)
[0, 0, 0, 0];('easy', 1776)
[4.217345625714511e-06, 0.998695884352017, 7.879038916335602e-06, 1.3828143942486222e-05];('easy', 1777)
[0.0005341560869854058, 0, 0, 0];('easy', 1778)
[1.2217174543848003e-05, 3.966335859807875e-06, 9.514745101668858e-06, 0.9998324198246163];('easy', 1779)
[0.0006326049121429056, 0.0011102561970723671, 0.0002477316430585439, 0];('easy', 1780)
[0.0004942131861700026, 0, 0.00019353657219659028, 0];('easy', 1781)
[0, 0, 0.00032564424430579547, 0];('easy', 1782)
[0.00011318252794137499, 0, 0, 0.0010087848907082905];('easy', 1783)
[0.00021269866395714118, 0, 0.0003094747299584023, 0];('easy', 1784)
[0.0004808782719180757, 0, 0, 0];('easy', 1785)
[0.001071613665151648, 0, 0, 0];('easy', 1786)
[2.7601284702408518e-05, 0, 0, 0];('easy', 1787)
[0.00020794178216276731, 0, 0.0005652443678304396, 0];('easy', 1788)
[0.00020824025250389057, 0, 0.0001431212929586489, 0.0003890440099150588];('easy', 1789)
[3.3429549693360235e-05, 0, 0, 0];('easy', 1790)
[0, 0, 0, 0.0001251783322715802];('easy', 1791)
[0.00024102421886872444, 0, 0.00015561693174602565, 0.001014750347847147];('easy', 1792)
[0, 0, 0, 0];('easy', 1793)
[0, 0, 0.0001564605343298902, 0];('easy', 1794)
[0.00010951368278535428, 0, 0, 0.00014968745670869386];('easy', 1795)
[4.9672032383114224e-05, 0, 0, 0];('easy', 1796)
[0.0008427318730138357, 0, 0.0003980783497405241, 0.0007437082676440245];('easy', 1797)
[0.999557690840919, 6.080902643589492e-07, 1.8730498779414548e-06, 8.311608449842156e-07];('easy', 1798)
[0.00012191051771310716, 0, 0.0002424480145122319, 0.00012977307058941012];('easy', 1799)
[0.00018320651476537377, 0, 0.00032153744692443495, 0];('easy', 1800)
[0, 0, 6.265315619782294e-05, 0];('easy', 1801)
[0.0001580220234171206, 0, 0, 0];('easy', 1802)
[0.0007236794073111813, 0, 0, 0];('easy', 1803)
[3.76216071466604e-05, 1.993872132786816e-06, 1.891733208735808e-05, 0.9995684103053505];('easy', 1804)
[3.383702809809475e-05, 0, 5.2407814334063636e-05, 0];('easy', 1805)
[0, 0, 0, 0];('easy', 1806)
[0, 0, 0.00034286125396910803, 0];('easy', 1807)
[0, 0, 0, 0.00012452987767484503];('easy', 1505)
[0, 0, 0, 0];('easy', 1506)
[3.534721788615055e-05, 2.40540836456066e-06, 0.9997093330533721, 1.8920002339912943e-05];('easy', 1507)
[0.0002939785406783017, 0, 0, 0];('easy', 1508)
[6.964539587731995e-05, 0, 0, 0];('easy', 1509)
[0, 0, 0, 0];('easy', 1510)
[0.00048189376863168136, 0, 0.0019059268272356373, 0];('easy', 1511)
[7.84724023480199e-05, 0, 0, 0];('easy', 1512)
[0, 0, 0.00011430381398678929, 0];('easy', 1513)
[0, 0, 0, 0];('easy', 1514)
[0.0003042217977326805, 0, 0.00016283819404100988, 0.0005015769489325023];('easy', 1515)
[1.3002497911002063e-05, 0.9996314215665895, 2.0138662722487015e-05, 1.1474664132321991e-05];('easy', 1516)
[0, 0, 0, 0];('easy', 1517)
[8.457470527638992e-05, 0, 0, 0];('easy', 1518)
[0.0007749122703567891, 0, 0.0005669379280555524, 0];('easy', 1519)
[0.0003838937525940134, 0, 0.0004350086118939252, 0];('easy', 1520)
[0, 0, 0, 0];('easy', 1521)
[0.0002129464822673144, 0, 0.00011398203829649653, 0];('easy', 1522)
[0, 0, 0, 0];('easy', 1523)
[0.0017153407012006922, 0, 0, 0];('easy', 1524)
[0.00011515395680958557, 0, 0, 0.00022901098867788373];('easy', 1525)
[7.142956447423921e-05, 0, 0, 0];('easy', 1526)
[0, 0, 0, 0];('easy', 1527)
[0.00040881726808571163, 0, 0, 0.00036077997280873665];('easy', 1528)
[0.00011224648488782001, 0, 2.5045576149117586e-05, 0];('easy', 1529)
[0.0013637513104846075, 0, 0, 0];('easy', 1531)
[0.0001036469140256478, 0, 0, 0];('easy', 1532)
[2.1435184786704158e-05, 1.6529039667414535e-06, 0.9995235092011516, 2.0136492592450572e-05];('easy', 1533)
[0, 0, 0, 0];('easy', 1534)
[0.006811360502013924, 0, 0, 0];('easy', 1535)
[3.088982527657862e-06, 0.9998314664706156, 1.6698881775171863e-05, 2.5608564609788613e-06];('easy', 1536)
[3.0949582315587566e-05, 0, 0, 0.9918816559982211];('easy', 1537)
[0, 0, 0, 0.00015437454948209495];('easy', 1538)
[0.00016595221179049692, 0, 0.0003739792606120242, 0];('easy', 1539)
[0.00040852087296079035, 0, 0.0011104748655155424, 0];('easy', 1540)
[0.0002956218193634302, 4.216818780003894e-06, 4.533507430711627e-05, 0.9985716508079033];('easy', 1541)
[1.8901480716304505e-05, 2.898635948568932e-06, 2.14181836343529e-05, 0.9987302472027424];('easy', 1542)
[0.0006215702125898714, 0, 0, 0];('easy', 1543)
[3.002395211743787e-05, 0, 0, 2.820489281640745e-05];('easy', 1544)
[0.00010185956449064299, 0, 0.9955945641003373, 2.4193767190524166e-05];('easy', 1545)
[0.0002517627091779044, 0, 0, 0];('easy', 1546)
[0.024734120063213495, 0, 0.0031445904826656137, 0];('easy', 1547)
[0.0030442525555337747, 0, 0, 0];('easy', 1548)
[0.0007995445570881359, 0, 0, 0];('easy', 1549)
[0.0009398811939733168, 0, 0, 0];('easy', 1550)
[0.0006619313292728762, 0, 0.00013874834412765767, 0];('easy', 1551)
[8.539278551254006e-05, 0, 6.247469648026268e-05, 0];('easy', 1552)
[0.0003453681591600257, 0, 0, 0];('easy', 1553)
[0.0012725721075282285, 0, 0.00019515534641507083, 0];('easy', 1554)
[0.0013390439001568395, 0.0003603987765152992, 0.0006325195510859697, 0];('easy', 1555)
[0, 0, 0, 0];('easy', 1556)
[0, 0, 0, 8.481758813715754e-05];('easy', 1557)
[0.00014796527446473497, 0, 0.00016766662186732282, 0.0006229570739450367];('easy', 1558)
[0.0004082217728841301, 0, 0, 0];('easy', 1559)
[0.0008527645349794647, 0, 0, 0];('easy', 1560)
[0, 0, 0, 0];('easy', 1561)
[0.9993465643092847, 1.135822764609054e-06, 2.9004250379335695e-06, 4.492266177668567e-06];('easy', 1562)
[0.0007535305005894232, 0, 0, 0];('easy', 1563)
[0, 0, 0, 0];('easy', 1564)
[9.220261864070793e-05, 0, 0, 0.00036466843077818684];('easy', 1565)
[0, 0, 0.00028240219818546496, 0];('easy', 1566)
[0, 0, 0, 0];('easy', 1567)
[0.0009216336863378086, 0, 0.0005950514314903121, 0.0025052601020677883];('easy', 1568)
[0, 0, 0, 0];('easy', 1569)
[1.299888996850463e-05, 3.7242443298343817e-06, 2.751865027927063e-05, 0.9993539456548902];('easy', 1570)
[0.00010186626742986602, 0, 0.995659793360809, 4.2464177977925006e-05];('easy', 1571)
[0.00041476146431763646, 0, 0.00011883120574288036, 0.0008780500268507337];('easy', 1572)
[0.00032628400141401244, 0, 0.000537951373420433, 0];('easy', 1573)
[0.00010285307803520316, 0, 0, 0];('easy', 1574)
[0, 0, 0.00017063978011365552, 0];('easy', 1575)
[0.004073421144459309, 0, 0, 0];('easy', 1576)
[6.867434178071097e-05, 0, 7.781822415419514e-05, 0.976642268261333];('easy', 1577)
[6.328369029303436e-05, 0, 0, 0];('easy', 1578)
[0.00010444398836437789, 0, 0, 0];('easy', 1579)
[0.0002863623141909901, 0, 0, 0];('easy', 1580)
[0.00023229017968524803, 0, 0, 0.00018090777383866853];('easy', 1581)
[0, 0, 5.833125614417961e-05, 0];('easy', 1582)
[0.002565974608335581, 0, 0.0005378574970477161, 0];('easy', 1583)
[0.00021979372943126534, 0, 0.0006359942440366948, 0];('easy', 1584)
[0.00041650215304209887, 0, 0.0009991367248167941, 0];('easy', 1585)
[7.4100909359045205e-06, 8.31389161481471e-07, 1.892233009721343e-05, 0.9998317048053932];('easy', 1586)
[0.001672325835610933, 0, 0.00018762984816124447, 0];('easy', 1587)
[0, 0.00019958374825748343, 0, 0];('easy', 1588)
[0.0005753309657319759, 0, 0.00032781385912372684, 0.00028929471530099183];('easy', 1589)
[0.00015698514738392928, 0, 0.0003323375596197215, 0.0001385389063181038];('easy', 1590)
[0.0011235685421391868, 0.0006401900577188709, 0.002695300816816325, 0.0013552823628261187];('easy', 1592)
[0, 0, 0.00012549987501515812, 0];('easy', 1593)
[0.0001023038815915734, 0, 0, 0];('easy', 1594)
[0.00012676373743374724, 0, 0, 0];('easy', 1595)
[4.220773740273822e-06, 1.6528787456209069e-06, 0.0001233490895621466, 0.9995083842512675];('easy', 1596)
[0, 0, 0, 0];('easy', 1597)
[7.593847233831907e-05, 0, 0, 0.00014187174395964325];('easy', 1598)
[0.0002735538900017151, 0, 0, 0];('easy', 1599)
[0.00016413882839418252, 0, 0, 0];('easy', 1600)
[0, 0, 0, 0];('easy', 1601)
[0.0011304623242298288, 0, 0.00015299143883796336, 0];('easy', 1602)
[0.00032182919575105565, 0, 0.0003881999259535559, 0];('easy', 1603)
[0, 0, 0, 0];('easy', 1604)
[0, 0, 0, 0];('easy', 1605)
[8.72419207807732e-05, 8.195620000639678e-05, 0, 0];('easy', 1606)
[0, 0, 0, 0];('easy', 1607)
[5.979403766193652e-05, 0, 0, 0];('easy', 1608)
[0.002921610121239953, 0, 0.0012179082958532585, 0];('easy', 1609)
[0.00031477093000503487, 0, 0, 0];('easy', 1610)
[0.0005365370155271633, 0.0003687561384463247, 0.0004178554478393493, 0];('easy', 1611)
[0.0009147183451449469, 0, 0, 0];('easy', 1612)
[0.0010513985301895906, 0, 0, 0];('easy', 1613)
[0.00040614988177249954, 0.0001238687154546463, 0.0001494141915383145, 0];('easy', 1614)
[0.00015430095550818615, 0, 0.0006496315972311471, 0];('easy', 1615)
[0, 0, 0, 0];('easy', 1616)
[0.0011703091578766014, 0, 0, 0.02074422617659337];('easy', 1617)
[0.0004316962123423716, 0, 0, 0];('easy', 1618)
[0.0004007095404161315, 0.0008483021037178077, 0, 0];('easy', 1619)
[0.00036296934758136667, 0, 0.0004378246066652425, 0];('easy', 1620)
[0, 0, 0, 0];('easy', 1621)
[0.004225135736299988, 0.0015543405735435301, 0.003091175339098048, 0.0006086885143716893];('easy', 1622)
[0.000157806667087477, 0, 0.0002948216678420315, 0];('easy', 1623)
[0.9997554423656742, 8.313257339418508e-07, 1.7774527931596916e-05, 2.9016119208207355e-06];('easy', 1624)
[2.931687080927872e-05, 0, 0, 0];('easy', 1625)
[5.825881654744619e-05, 0.9993853772916562, 1.0123864292205772e-05, 0.0002033432500464402];('easy', 1626)
[0, 0, 7.872087994849885e-05, 0];('easy', 1627)
[0.001623235913024829, 0, 0, 0];('easy', 1628)
[3.733463665474238e-05, 0, 1.2902505178700315e-05, 0.991943115773315];('easy', 1629)
[0, 0.0006142876907733024, 0, 0];('easy', 1630)
[0.0006297226008982371, 0.00031664456008148183, 0, 0];('easy', 1631)
[0.0002872764583039756, 0, 0, 0];('easy', 1632)
[0.00010244876993736443, 0, 0.00027848462966871903, 0];('easy', 1633)
[0, 0, 0, 0];('easy', 1634)
[0.00019430109419410452, 0, 0, 0];('easy', 1635)
[0, 0, 0, 0];('easy', 1636)
[4.313030006790311e-05, 0, 0, 0];('easy', 1637)
[2.1427990345144975e-05, 0, 3.318832068540021e-05, 0.9991880101528902];('easy', 1638)
[0, 0, 0, 0];('easy', 1639)
[5.51175339894108e-05, 0, 0, 0];('easy', 1640)
[0, 0, 0, 0];('easy', 1641)
[0.0002787434283106144, 0, 0, 0];('easy', 1642)
[6.0958368853157654e-05, 0, 0, 0];('easy', 1643)
[0.0003002013080555355, 0, 0.0005608498801906195, 0];('easy', 1644)
[0, 0, 0, 0];('easy', 1645)
[0, 0, 0.0001839882999532935, 0];('easy', 1646)
[0, 0, 7.132194704976849e-05, 0];('easy', 1647)
[0, 0, 0, 0];('easy', 1648)
[0, 0, 0, 0];('easy', 1649)
[2.2585000279085634e-06, 0.9991909855269039, 6.956669839245801e-06, 7.405336496398151e-06];('easy', 1650)
[0.0008012425501685494, 0.002046044529461863, 0.00037848018133253714, 0];('easy', 1651)
[0, 0, 0, 0];('easy', 1652)
[0.00012095857255206154, 0, 0, 0];('easy', 1653)
[0.0005824956841489135, 0, 8.932860632997055e-05, 0];('easy', 1654)
[0.00019909062196575501, 0, 0, 0];('easy', 1655)
[0.00020325135120567345, 0, 0, 0.0007094169222753257];('easy', 1656)
[0.000679845234563997, 0, 0, 0];('easy', 1455)
[9.76645807097391e-05, 0, 0.0002826018346309367, 0];('easy', 1456)
[0.00042044851714324026, 0, 0, 0];('easy', 1457)
[5.728611756268181e-05, 0, 4.749185952696884e-05, 0];('easy', 1458)
[8.473269787386924e-05, 5.416780149350598e-06, 0.00015830152026518208, 0.9989917917062996];('easy', 1459)
[0, 0, 0, 0];('easy', 1460)
[0.999743884839861, 0, 4.2217680925301484e-06, 1.5531016866354172e-06];('easy', 1461)
[9.765303200752357e-05, 0, 0, 0.00019420624377168097];('easy', 1462)
[0.0002298904301988766, 0, 0.000130987618697323, 0];('easy', 1463)
[0.00013419291769557997, 0, 0, 0];('easy', 1464)
[0.00044312138756274843, 0, 0.0034854196954968828, 0];('easy', 1465)
[0.003257882304302113, 0, 0.00018379714256639562, 0];('easy', 1466)
[0.0006902072268063082, 0, 0, 0];('easy', 1467)
[0, 0, 0, 0];('easy', 1468)
[0.00023028650027601103, 0, 0.00019091421425267196, 0];('easy', 1469)
[0, 0, 0, 0];('easy', 1470)
[0.0002301523525694411, 0, 0.0001021294873615218, 0];('easy', 1471)
[0.0008845915538549182, 0, 0, 0];('easy', 1472)
[0.00030929710781365204, 0, 0.0013861734675756185, 0];('easy', 1473)
[0.0017632910331103924, 0, 0.0011384662571912402, 0];('easy', 1474)
[0.00018344096329417172, 0, 0.0002212720389083537, 0.0005308040273829762];('easy', 1475)
[0.0003926940665715715, 0, 0.006960668879962597, 0.0002873011164983747];('easy', 1476)
[0, 0, 0, 0];('easy', 1477)
[0, 0, 0.00018535796353713187, 0];('easy', 1478)
[5.82553163765611e-05, 3.498503678130471e-06, 1.6690427584492743e-05, 0.9993252541522004];('easy', 1479)
[0.00023638966499122887, 0, 0.0002678645832057963, 0.0017466956629380182];('easy', 1480)
[0.000631093044305005, 0.00013228428843818134, 0.0003827772805023689, 0];('easy', 1481)
[0.0019429118711151783, 0, 0.00016976974728156641, 0.0001322168121247184];('easy', 1482)
[2.129532788000119e-05, 0.9930016686751806, 0.00011512145486342116, 2.000510918736912e-05];('easy', 1483)
[0, 0, 0.00013235747923280933, 0];('easy', 1484)
[0.00019535328659362605, 0, 0, 0];('easy', 1485)
[2.4282414054389498e-05, 0, 0.999242522355492, 2.929018236136977e-05];('easy', 1486)
[0.00011718218462632606, 0, 0, 0];('easy', 1487)
[0, 0, 0, 0];('easy', 1488)
[2.8927897133119435e-06, 0, 6.124035871138359e-06, 0.9967162314400261];('easy', 1489)
[0, 0, 0, 0.0002339877276426216];('easy', 1490)
[0, 0, 0.00011638597514496364, 0];('easy', 1491)
[0, 0, 0, 0];('easy', 1492)
[3.8305169779559735e-05, 0, 0.7926088941734886, 5.235695939780615e-05];('easy', 1493)
[0.0009591236575005074, 0, 0.0005133818990400803, 0];('easy', 1494)
[0.00012199844418062317, 0, 0, 0];('easy', 1495)
[0.0005898680295261839, 0, 0.0003360966720818926, 0];('easy', 1496)
[0.0001533734539610707, 0, 0.00039165283518168974, 0];('easy', 1497)
[0, 0, 0, 0];('easy', 1498)
[0.00026821939031877837, 0, 0.0004422190140327899, 0];('easy', 1499)
[0.00012288319651043153, 0, 0, 0];('easy', 1500)
[0, 0, 0, 7.334920215520725e-05];('easy', 1501)
[0.00017128101781204984, 0, 0.0003406329779510154, 0];('easy', 1502)
[0.0001229000731082029, 0, 0, 0];('easy', 1503)
[0.0005123362025233786, 0, 0.0005123362025233786, 0];('easy', 1504)
[0.0002283066359368795, 0, 0.0002144742361261051, 0];('easy', 1808)
[4.769001562941462e-05, 0, 0, 0];('easy', 1809)
[0.00010071290838658525, 0, 6.502514089206606e-05, 0];('easy', 1810)
[3.963753190249496e-06, 1.5522280520598152e-06, 1.7764309350258803e-05, 0.9991808692448778];('easy', 1811)
[9.420532622019212e-05, 0, 0, 0];('easy', 1812)
[0.00019890406955891152, 0, 0.00015490664512856947, 0];('easy', 1813)
[0.0017470446784595866, 0, 0.0001265554920355944, 0];('easy', 1814)
[7.279901090002209e-05, 0, 0.00015411550728473304, 0];('easy', 1815)
[0.0016979752169741264, 0, 0, 0];('easy', 1816)
[0, 0, 0, 0];('easy', 1817)
[0.9997696215271885, 1.4590415809822918e-06, 1.473579796001993e-05, 2.4055528894014483e-06];('easy', 1818)
[0.00011583795854225984, 1.369837754426168e-06, 3.532858131805531e-05, 0.9991824164178963];('easy', 1819)
[0.000127383850150849, 0, 6.405262237936529e-05, 0];('easy', 1820)
[0, 0, 5.7433705296577845e-05, 0];('easy', 1821)
[0.00027873811175234826, 0, 0.00014919775987924788, 0.0008065558542483998];('easy', 1822)
[0.00014548025288236094, 0, 6.455647088646294e-05, 0];('easy', 1823)
[0.00010816186380780946, 0, 0, 0];('easy', 1824)
[2.4292814004924975e-05, 0, 5.09205044137594e-06, 0.9996702566681586];('easy', 1825)
[0.00033300507462711063, 0, 0.00010156080965460911, 0.00040168079422591194];('easy', 1826)
[0, 0, 0, 0];('easy', 1827)
[5.80007029565218e-05, 6.927196115653699e-06, 0.9949574922388104, 3.104553911961348e-05];('easy', 1828)
[0, 0, 0, 0];('easy', 1829)
[0, 0, 0, 0];('easy', 1830)
[7.059199889405187e-05, 0, 0, 7.514479166665387e-05];('easy', 1831)
[0, 0, 0.0001586559366005616, 0.002331431969130792];('easy', 1832)
[8.128631190502272e-05, 0, 8.652882860876551e-05, 0.0002503794675162573];('easy', 1833)
[0, 0, 0, 0];('easy', 1834)
[0.0004112330472914471, 0, 0, 0];('easy', 1835)
[0, 0, 0, 0];('easy', 1836)
[9.238543288481915e-05, 0, 5.603459755546658e-05, 0];('easy', 1837)
[0.00043566333286698076, 0.0005594027925200952, 0.00043566333286698076, 0];('easy', 1838)
[4.494494492761061e-06, 0.999842430147431, 1.6699072879801312e-05, 6.96120924743258e-06];('easy', 1839)
[0.00043661644848448395, 0, 0, 0];('easy', 1840)
[0.0008018131721578825, 5.402577233317364e-06, 0.9963718445478396, 0.00013933430327614328];('easy', 1841)
[0.0003017509970219, 0, 0, 0];('easy', 1842)
[4.252480472150488e-05, 7.389703010916011e-06, 0.9970810037116375, 0.0002028744969415759];('easy', 1843)
[0.004611289858194632, 0, 0, 0];('easy', 1844)
[0.00048648848341117956, 0, 0.0008020839105506582, 0];('easy', 1845)
[1.3837906170609886e-05, 2.12211164199711e-06, 1.1472027150083835e-05, 0.9994013319310927];('easy', 1846)
[8.03492585821909e-05, 0, 0, 7.090797182375219e-05];('easy', 1847)
[0.00017400833523246922, 0, 0.0001123482252290144, 0];('easy', 1848)
[0, 0, 0, 0];('easy', 1849)
[0.0035173587784299927, 0, 0.0001864130970760763, 0];('easy', 1850)
[5.13082580045957e-05, 0, 0, 0];('easy', 1851)
[9.300893635829425e-05, 0, 0.0002864876928707628, 0];('easy', 1852)
[3.2881452032731293e-06, 0.9998132339339738, 3.3209090138486986e-05, 6.9610034499541005e-06];('easy', 1853)
[9.68509628142278e-05, 0, 0, 0.00015000570565856377];('easy', 1854)
[0.00012934371210906152, 0, 0, 0];('easy', 1855)
[3.514654258308112e-05, 0, 0, 0];('easy', 1856)
[0.9994393156027488, 1.067105451641985e-06, 4.262537773856477e-05, 2.4047592569000757e-06];('easy', 1857)
[0.0002571526886067525, 0, 0, 0];('easy', 1858)
[0.0001022710076095886, 5.769735432494426e-06, 7.028976706122018e-05, 0.9996155786644622];('easy', 1859)
[0.0002915800876868611, 0, 0, 0];('easy', 1860)
[7.786610642026566e-05, 0, 0, 9.998205974213362e-05];('easy', 1861)
[0.000636160455348821, 0, 0, 0];('easy', 1862)
[1.2206180755202679e-05, 3.962766699198555e-06, 1.4723464456825703e-05, 0.9989329055092624];('easy', 1863)
[0.00023480856381618247, 0, 0.00026607296085515034, 0];('easy', 1864)
[0.00010535665429867896, 0, 0, 0];('easy', 1865)
[0, 0, 0, 0];('easy', 1866)
[0.000275790124642051, 0, 0, 0];('easy', 1867)
[0.0002508048577047918, 0, 0.00014290430027927346, 0];('easy', 1868)
[0.0001760796399875222, 0, 0.0002260907331052057, 0.000155389736897199];('easy', 1869)
[0, 0, 0, 0];('easy', 1870)
[0.0007008818738908879, 0, 0, 0];('easy', 1871)
[0, 0, 0, 0];('easy', 1872)
[0.0004738635800349842, 0.0003928467058942105, 0.00025364101771808176, 0];('easy', 1873)
[0.00024079745516387228, 0, 0, 0];('easy', 1874)
[5.442897016560407e-05, 0, 9.458336783623646e-06, 0.9939045413984703];('easy', 1875)
[0.00020898790538698253, 0, 0, 0];('easy', 1876)
[0.00111121643496429, 0, 0, 0];('easy', 1877)
[0, 0, 0, 0];('easy', 1878)
[6.888207151596441e-05, 0, 5.7105243007319247e-05, 0];('easy', 1879)
[0, 0, 0.0016978456766874133, 0];('easy', 1880)
[0, 0, 0, 0];('easy', 1881)
[0.002094284442642747, 0, 0.00015170952852637653, 0];('easy', 1882)
[0.00017956397278838962, 0, 0.00014886376201772805, 0];('easy', 1883)
[0, 0, 0, 0];('easy', 1884)
[0.0006475542109413866, 0, 0, 0];('easy', 1885)
[0.00025880525248349345, 0, 0.0005832266395850501, 0];('easy', 1886)
[0, 0, 0, 0];('easy', 1887)
[0, 0.00014576147442209571, 0, 0];('easy', 1888)
[0.0018034243089176355, 0, 0.0002765642069774611, 0];('easy', 1889)
[0, 0, 0, 0];('easy', 1890)
[0.00029232906284626896, 0, 0, 0];('easy', 1891)
[0.00012920920530771647, 0, 0.0005110325639788727, 0];('easy', 1892)
[0, 0, 0, 0.00014612028045286364];('easy', 1893)
[0.0008499447565544715, 0, 0, 0];('easy', 1894)
[6.207157019005061e-05, 0, 0, 0];('easy', 1895)
[0.00029640633344426545, 0, 0, 0];('easy', 1896)
[6.157401946457634e-05, 0.9922592120028907, 7.906260600014175e-05, 1.4625111538225856e-05];('easy', 1897)
[0, 0, 0, 0];('easy', 1898)
[0.00013677127068936062, 0, 0.00011338736593201348, 0];('easy', 1899)
[0, 0, 0, 0];('easy', 1900)
[0, 0, 0, 0];('easy', 1901)
[0, 0, 0, 0];('easy', 1902)
[0.0005731191164493843, 0, 0, 0];('easy', 1903)
[0.0001921308425865479, 0.0002045222173205997, 0.0003167702069299795, 0];('easy', 1904)
[0.9998114464648237, 7.336829664070872e-07, 3.763075734314131e-05, 8.93808830732535e-06];('easy', 1905)
[8.045806593552875e-05, 0, 0, 0];('easy', 1906)
[0.0005103027786555067, 0, 0, 0];('easy', 1907)
[0.00167281792051528, 0, 0, 0];('easy', 1959)
[0, 0, 0, 0];('easy', 1960)
[0, 0, 0, 0];('easy', 1961)
[0, 0, 0, 0];('easy', 1962)
[0.008042412486686015, 0, 0.0006201642595430256, 0];('easy', 1963)
[0, 0, 0, 0];('easy', 1964)
[8.987360649666523e-05, 0, 0, 0];('easy', 1965)
[0, 0, 0, 9.943520105377032e-05];('easy', 1966)
[3.5005027724974596e-06, 0.9998955835638214, 1.0129040625060654e-05, 1.5688165016189958e-05];('easy', 1967)
[9.55854158858623e-05, 0, 0, 0.0007518371751417303];('easy', 1968)
[6.03297116890617e-05, 0, 8.777921255397612e-05, 0];('easy', 1969)
[0.00016514198343408828, 0, 0.000255776907519252, 0];('easy', 1970)
[3.534357742237559e-05, 3.0882873774296253e-06, 0.9996062875650183, 2.9300854823812742e-05];('easy', 1971)
[0.9993568030302763, 3.087515826091952e-06, 0.00015835935160624768, 3.118280520903621e-05];('easy', 1972)
[5.535864606582296e-05, 0, 0, 0];('easy', 1973)
[5.9671277050121544e-05, 0, 0, 0.00020827322161464615];('easy', 1974)
[0.0002576134161652012, 0, 0.0002006295302391584, 5.399870551112087e-05];('easy', 1975)
[0.00016290296476885102, 0, 0.0003671073229963191, 0];('easy', 1976)
[0, 0, 0.00044928212978233105, 0];('easy', 1977)
[0, 0, 0, 0.00012932804738212937];('easy', 1978)
[0.9999396837375756, 5.714664380647419e-07, 5.771606568323348e-06, 3.5006563394869287e-06];('easy', 1979)
[0, 0.00012245362541140844, 0, 0];('easy', 1980)
[9.209136482852359e-05, 0, 0, 0];('easy', 1981)
[8.272662169098323e-05, 0, 0, 0];('easy', 1982)
[2.5857913625095645e-05, 4.493431620033865e-06, 0.9996064066982885, 2.1436963330598003e-05];('easy', 1983)
[4.530996179041491e-05, 0, 0, 4.823220325967661e-05];('easy', 1984)
[0, 0, 0, 0];('easy', 1985)
[1.882186641723558e-05, 0, 2.0035772507639418e-05, 0.994524229854088];('easy', 1986)
[2.679341953281917e-05, 0, 0, 0];('easy', 1987)
[0.0002476879396824561, 0, 0, 0.00012454531755490064];('easy', 1988)
[0.00032658317157875535, 0, 0.0006494881902536934, 0.00021085794348597083];('easy', 1989)
[0, 0, 0, 7.757903217036987e-05];('easy', 1990)
[1.3843238727525411e-05, 6.474568910960879e-07, 4.784095289948226e-06, 0.9997861842574495];('easy', 1991)
[0, 0, 0, 0];('easy', 1992)
[0, 0, 0, 0];('easy', 1993)
[0.0002743515212840269, 0, 0, 0];('easy', 1994)
[0.9998896243796895, 7.810625300550556e-07, 7.410514956840209e-06, 1.994513042836548e-06];('easy', 1995)
[0.0001314582846214816, 0, 0, 0];('easy', 1996)
[2.143966209279951e-05, 0.9997322084448597, 2.930454359438397e-05, 8.93738084122916e-06];('easy', 1997)
[5.479426984295329e-05, 0, 0, 0];('easy', 1998)
[0.00115125959955993, 0, 0, 0];('easy', 1999)
[0.000131731243862973, 0.5367372038067534, 0, 1.2252914360999783e-05];('easy', 2000)
[9.511170629856599e-06, 0.9994564628383991, 2.9007431523769753e-06, 3.0878250124492138e-06];('easy', 2001)
[0.0006114057426920576, 0, 0.0001984943829220408, 0.0006508380252462538];('easy', 2002)
[0, 0, 0, 0.00011949977792987097];('easy', 2003)
[0.0005427411891291373, 0, 6.900179887233741e-05, 0];('easy', 2004)
[0.0057912741550445864, 0, 0.0004195184927101698, 0.0003477930460718828];('easy', 2005)
[0, 0, 0, 0];('easy', 2006)
[0.0009633179732796208, 0, 0.00016739964283584119, 0];('easy', 2007)
[0, 0, 0, 0];('easy', 2008)
[0.00016839205104425675, 1.5662900615017513e-05, 0.9982862091959742, 7.019625049611535e-05];('easy', 2009)
[0.0007355823632449206, 0, 0, 0];('easy', 2010)
[0.00019195978172906498, 0, 0.00019195978172906498, 0];('easy', 2011)
[9.499721410275095e-06, 0.9982536587241337, 2.0110910383368157e-05, 1.2984579654145043e-05];('easy', 2012)
[0.0008284007310242675, 0, 0, 0];('easy', 2013)
[0.0007261755048704391, 0, 0.00022147112165117293, 0];('easy', 2014)
[0.0014219622881206572, 0, 0, 0];('easy', 2015)
[0.0010983829718022667, 0, 0, 0];('easy', 2016)
[0, 0, 6.832888683157199e-05, 0];('easy', 2017)
[0, 0, 0, 0];('easy', 2018)
[0, 0, 0, 0];('easy', 2019)
[0.0005503126667309113, 0, 0, 0];('easy', 2020)
[0.000148573721305085, 0, 0, 0];('easy', 2021)
[0.00016569207102180833, 0, 0, 0];('easy', 2022)
[0, 0, 0, 0];('easy', 2023)
[1.9625660517108584e-05, 0, 0, 0.00041961512412628567];('easy', 2024)
[0.0004014154125792509, 0, 0, 0];('easy', 2025)
[7.214450148313419e-05, 0, 0, 0];('easy', 2026)
[0.0014130846804935634, 0, 0.00019124021547191477, 0];('easy', 2027)
[5.268287378127344e-05, 0, 0, 0];('easy', 2028)
[3.764292516795753e-05, 0, 5.477013294049363e-05, 0];('easy', 2029)
[9.605026000364056e-05, 8.392778184935046e-06, 0.9993609700046409, 0.0002033384020233588];('easy', 2030)
[0.001706849504476818, 0, 0, 0];('easy', 2031)
[0.9995536413296469, 7.80800376554516e-07, 1.370347337028358e-06, 1.1360578444174794e-06];('easy', 2032)
[0, 0, 0, 0];('easy', 2033)
[0.00010425988055657443, 0, 8.119767662039131e-05, 0.0002349532677449345];('easy', 2034)
[0.00012656128541886644, 0, 0, 0];('easy', 2035)
[0, 0, 0.0004561799776782644, 0];('easy', 2036)
[0.00018821265705984484, 0.00015603377311271325, 0.00027384780014455404, 0];('easy', 2037)
[0, 0.0003513481423996677, 0.00016596503169897722, 0];('easy', 2038)
[1.3003737984963142e-05, 1.5530750261068393e-06, 1.6697130084640508e-05, 0.999726608666416];('easy', 2039)
[0.0002079727206270825, 0.0008755978588281121, 0, 0];('easy', 2040)
[8.074793867159201e-05, 0, 0, 0];('easy', 2041)
[0.000312837968988793, 0.0003544916915853675, 0.0002760785386434656, 0];('easy', 2042)
[0.9499568244017926, 0, 0, 2.3084731119726116e-05];('easy', 2043)
[0.9979277963549009, 0, 7.872977421242742e-06, 3.958781660053078e-06];('easy', 2044)
[0.00011796291454435311, 0, 0.0002345972681754889, 0.00012557086889026484];('easy', 2045)
[0, 0, 0, 0.00012081365808829314];('easy', 2046)
[5.445898097748947e-05, 1.8820520220585725e-05, 0.9944523112490299, 2.5724601110125197e-05];('easy', 2047)
[0, 0, 0, 0];('easy', 2048)
[0, 0, 0, 0];('easy', 2049)
[0.000362113970719166, 0, 0, 0];('easy', 2050)
[0.9993710899134133, 0, 0.00026109416636279584, 2.4045941408548377e-06];('easy', 2052)
[0, 0, 0.00012812131145481515, 0];('easy', 2053)
[0, 0.0005618311508881796, 0, 0];('easy', 2054)
[0, 0, 0.0001243405979602128, 0];('easy', 2055)
[0.0003837563030468119, 0, 0.002502405438454848, 0];('easy', 2056)
[0.005810445738073947, 0, 0, 0];('easy', 2057)
[0.002739168948629558, 0, 0.00021122202891263097, 0];('easy', 2058)
[5.469559516946803e-05, 0.9987730554894643, 8.3878411837774e-06, 5.4155973002170634e-06];('easy', 2059)
[0, 0, 8.451544335634004e-05, 0];('easy', 2060)
[0.00033581312556946874, 0, 0.0003574712114005868, 0.0013281666761910107];('easy', 2061)
[0.00033064655470576773, 0, 0, 0];('easy', 2062)
[0.002350401180033612, 0, 0, 0];('easy', 2063)
[0.006628969455368331, 0, 0, 0];('easy', 2064)
[8.447901991339687e-05, 5.748869452302501e-06, 0.9960002589907836, 4.521836087872904e-05];('easy', 2065)
[0, 0, 0, 0];('easy', 2066)
[0.9997270852278453, 0, 3.287862991617905e-06, 1.5530765072353094e-06];('easy', 2067)
[0.00018434220168879784, 0, 0.0004154215642571794, 0];('easy', 2068)
[0.0003194547626241171, 0, 0, 0.0006353116562670983];('easy', 2069)
[0, 0, 0, 0];('easy', 2070)
[0.00022403794872520534, 0, 0, 0];('easy', 2071)
[9.681134664448955e-05, 0, 8.543571354880558e-05, 0];('easy', 2072)
[0.0010327710608430878, 0, 0.00027796669264389904, 0];('easy', 2073)
[0.002725503075727759, 0, 0.0003465088311411659, 0];('easy', 2074)
[0, 0, 0, 0];('easy', 2075)
[7.95826080294537e-05, 9.50478709936453e-06, 6.597629935715446e-05, 0.9987860176303911];('easy', 2076)
[0.00041369288761017813, 0, 0, 0];('easy', 2077)
[0.00032364821573782935, 0, 0, 0];('easy', 2078)
[0, 0, 0, 0];('easy', 2079)
[0.0013793386648532121, 0, 0.0011435119169953892, 0.00034875143049934484];('easy', 2080)
[0, 0, 0, 0];('easy', 2081)
[0.00010548121756011135, 0, 0, 0];('easy', 2082)
[0.00025031619868746583, 0, 0, 0];('easy', 2083)
[2.923855132592997e-05, 6.1287333017167515e-06, 0.9974803200136422, 5.1315255667346105e-05];('easy', 2084)
[0.00014012063599999692, 0, 0, 0.00023101987303722506];('easy', 2085)
[1.384131137828753e-05, 2.72551581052147e-06, 0.9996472649816528, 2.9302056417775906e-05];('easy', 2086)
[0.00023120280913635998, 0, 0.0005546267067330044, 0];('easy', 2087)
[0.0007268226206538981, 0, 0, 0];('easy', 2088)
[0.00014471393186248508, 0, 0, 0];('easy', 2089)
[0.0004058943212998521, 0, 0.0020613014483724574, 0];('easy', 2090)
[0, 0, 0, 0];('easy', 2091)
[6.164481961866872e-05, 5.733861409313958e-06, 0.00024380999116243438, 0.9934005468218245];('easy', 2092)
[4.2223358237439095e-06, 2.2600535047040725e-06, 7.410430150712047e-06, 0.9998774678668052];('easy', 2093)
[0, 0, 0, 0];('easy', 2094)
[0, 0, 0, 0];('easy', 2095)
[0, 0, 0, 7.596520023148075e-05];('easy', 2096)
[0, 0, 0, 4.618216691192444e-05];('easy', 2097)
[0.0001538859549221507, 0.00011984650219706187, 0, 0];('easy', 2098)
[0.00011044315566089791, 0, 0, 0];('easy', 2099)
[1.4722060384788038e-05, 2.8989455728259143e-06, 2.4272574104931754e-05, 0.9988367990308746];('easy', 2100)
[0.0003355270983984194, 0, 0, 0];('easy', 2101)
[0.0005694161017483727, 0, 0, 0];('easy', 2102)
[0.999905118410878, 2.8734150555248e-07, 1.994545379068338e-06, 1.5533535030898738e-06];('easy', 2103)
[0, 0, 0.0002135052823822039, 0];('easy', 2104)
[5.557197473354594e-05, 0, 0, 0];('easy', 2105)
[0, 0, 0, 0];('easy', 2106)
[0.0010291342334818041, 0, 0, 0];('easy', 2107)
[0, 0, 0, 0.00012112687724763962];('easy', 2108)
[0.00010923955710752084, 0, 0, 0.9422661198151113];('easy', 2109)
[0.0001088585115226635, 3.088078273863897e-06, 0.999538872775793, 9.024687581406467e-05];('easy', 1908)
[4.1759330505101055e-05, 0, 0, 0];('easy', 1909)
[0, 0, 0, 0];('easy', 1910)
[2.2818331780924275e-05, 2.122435475242121e-06, 0.00012335473616460212, 0.9995534031338797];('easy', 1911)
[0, 0, 4.899997373381233e-05, 0];('easy', 1912)
[0.00012870792124052637, 0, 0, 0];('easy', 1913)
[0.0008997969539192676, 0, 0, 0];('easy', 1914)
[1.6691557746234753e-05, 4.49247182200141e-06, 0.999392997372288, 2.0133861863465448e-05];('easy', 1915)
[0, 0.0004289429505633442, 0, 0];('easy', 1916)
[2.1409341014500148e-05, 2.721892261470366e-06, 0.9983186428825341, 2.5824594751859343e-05];('easy', 1917)
[0, 0, 0, 0];('easy', 1918)
[0, 0, 0, 0];('easy', 1919)
[7.455183352068918e-05, 0, 0.9959917441456952, 8.992667674245235e-05];('easy', 1920)
[0.00027138935763588263, 0, 0, 0.0021346426482707456];('easy', 1921)
[0, 0, 0, 0];('easy', 1922)
[0.00043769435291474016, 0, 9.174572046266084e-05, 0];('easy', 1923)
[0.0007821042678544096, 0, 0.0008325456594270284, 0.0005721997058281567];('easy', 1924)
[0.0020044029973990177, 0, 0.00023939179958207458, 0];('easy', 1925)
[1.4665993175716867e-05, 0.995032906267541, 2.7399682462261596e-05, 9.469076882503116e-06];('easy', 1926)
[0, 0, 0, 0];('easy', 1927)
[3.966468252759799e-06, 0.9998655499973379, 6.143386208444768e-06, 1.300554870533565e-05];('easy', 1928)
[2.7834323338442346e-05, 0, 0, 3.573997862286476e-05];('easy', 1929)
[2.2760693845510478e-05, 3.715581130618015e-06, 0.9970290972572693, 2.9225309399083707e-05];('easy', 1930)
[0.00030759570563306714, 0, 0.00015466883404056023, 0];('easy', 1931)
[0.005425148044402334, 0, 0, 0];('easy', 1932)
[0.002454601390363108, 0, 0, 0];('easy', 1933)
[5.7656844864238965e-05, 0, 0, 0];('easy', 1934)
[0.00037643500761461965, 0, 0, 0];('easy', 1935)
[0.0001605803254576046, 0, 0, 0];('easy', 1936)
[0.002122569274461991, 0.0009418844060032576, 0.0009418844060032576, 0.00030578524218504235];('easy', 1937)
[0, 0, 0, 0.00031196563176464444];('easy', 1938)
[0.003016495840238942, 0, 0, 0];('easy', 1939)
[0.0009708585555458394, 0, 7.032872434300788e-05, 0];('easy', 1940)
[0.00018876631000619925, 0, 0.00011449255453957951, 0];('easy', 1942)
[2.2798407173540043e-05, 5.764340054749898e-06, 0.9986812600218684, 4.001245068119853e-05];('easy', 1943)
[0, 0, 0, 0];('easy', 1944)
[0.0008420534285757186, 0, 0, 0];('easy', 1945)
[0, 0, 0, 0];('easy', 1946)
[2.2825797112989387e-05, 0.9998804473745557, 1.3844545781408176e-05, 3.5004493594715513e-06];('easy', 1947)
[0.0009573626654003347, 0, 0.00017709428606474205, 0];('easy', 1948)
[0.00018480725732365264, 0, 0, 0];('easy', 1949)
[0.00012123944170538369, 6.839861256611008e-06, 3.9360683890801624e-05, 0.982413750257893];('easy', 1950)
[2.4059933996195493e-06, 0.9999521993597025, 1.2098094577183667e-06, 1.2878354640876216e-06];('easy', 1951)
[0.005100407944067486, 0, 0, 0];('easy', 1952)
[0.0034919973538737074, 0, 0.0007319624092734309, 0];('easy', 1953)
[2.7257133610170255e-06, 7.336157988000842e-07, 4.221667438935046e-06, 0.9997195791862302];('easy', 1954)
[0, 0.00018599312735170223, 0, 0];('easy', 1955)
[0.0009536816475461027, 0, 0.0002566800556816251, 0.0012245514748778364];('easy', 1956)
[0.00042351484258067553, 0, 0.00032983369104419287, 0];('easy', 1957)
[0, 0, 0, 0.00014495869226506785];('easy', 1958)
[0.0008000514023141617, 0.0003335110434153043, 0.0003133046307768891, 0];('easy', 2110)
[0.0009695654960962737, 0, 0.00024514454813921033, 0];('easy', 2111)
[0, 0, 6.229674508299662e-05, 0];('easy', 2112)
[8.447861708699946e-05, 0, 0.9959955287184349, 0.00017884123377659366];('easy', 2113)
[4.79304853038995e-05, 0.9917751759988763, 2.9071308871720847e-05, 1.290031511236236e-05];('easy', 2114)
[4.9634102747888986e-05, 0, 0, 0];('easy', 2115)
[0, 0, 0, 0];('easy', 2116)
[0.00022734759491123904, 0, 0, 0];('easy', 2117)
[0.0002045787889430001, 0, 0.00015932612102860814, 0.0006301473331110667];('easy', 2118)
[3.51914858896829e-05, 0, 1.2946224163089244e-05, 0.9953047991251028];('easy', 2119)
[0.0009068307984207674, 0, 0.00021539109131538857, 0];('easy', 2120)
[0, 0, 0.0001120525771033185, 0];('easy', 2121)
[0.0032489310481795585, 0, 0.00017218703743989623, 0];('easy', 2122)
[0, 0, 0, 0.0002826872822516561];('easy', 2123)
[0.9812100430581301, 5.719931803278694e-05, 4.998020708747072e-06, 0];('easy', 2124)
[0, 0, 0, 0];('easy', 2125)
[3.0258682602975186e-05, 0, 0, 0];('easy', 2126)
[0, 0, 0, 0];('easy', 2127)
[0, 0, 0.0005720829396208068, 0];('easy', 2128)
[0, 0, 0.0002517992069668677, 0];('easy', 2129)
[9.273140608983999e-06, 0.974443731496636, 2.6567992664329404e-06, 6.3733301212758896e-06];('easy', 2130)
[4.614338154805554e-05, 0, 0, 0];('easy', 2131)
[9.399524256934594e-05, 0, 0.0007393298516601472, 0];('easy', 2132)
[1.0127060558413417e-05, 0.9997001593541024, 2.2821683260599453e-05, 6.142372721444279e-06];('easy', 2133)
[0, 0, 0.0002452191378754966, 0];('easy', 2134)
[0.0003770535275034282, 0, 0.0004272576214138997, 0.0029657557227046];('easy', 2135)
[0.0006097203392497781, 0, 0.003508698295861895, 0.0016573917186245562];('easy', 2136)
[3.725658181173619e-06, 0.9997333999282724, 2.5606049243605016e-06, 3.0886791165799595e-06];('easy', 2137)
[0.000704948554085232, 0, 0, 0];('easy', 2138)
[0.00019392252504427565, 0, 0, 0];('easy', 2139)
[0.0006595786851029365, 0.000453321358790295, 0.00021413374542869336, 0];('easy', 2140)
[3.5309617835595236e-05, 0.9986457117489307, 3.3170316237709856e-05, 1.2989682477335969e-05];('easy', 2141)
[3.768929943633629e-05, 0, 3.768929943633629e-05, 7.978824753284401e-05];('easy', 2142)
[2.9190045464817536e-05, 0.9958256229939791, 1.5624305434032505e-05, 5.747860751763808e-06];('easy', 2143)
[0.00010724197575987311, 0, 0.00017681212654721033, 0];('easy', 2144)
[0.00020287933390416646, 0, 0, 0];('easy', 2145)
[0.00016493343876197315, 0, 0, 0.00023997673738212778];('easy', 2146)
[0.003693676890660022, 0, 0.0003893106800576445, 0];('easy', 2147)
[2.429072902545279e-05, 6.537761025170626e-06, 5.142347375041754e-05, 0.9995838943698587];('easy', 2148)
[0, 0, 0, 0];('easy', 2149)
[0, 0, 0, 0];('easy', 2150)
[0, 0, 5.291969402311587e-05, 0];('easy', 2151)
[4.831594589696497e-05, 4.221800302187416e-06, 2.2822836805770716e-05, 0.9997506763354627];('easy', 2152)
[0, 0, 0.00039680405376616107, 0];('easy', 2153)
[0, 0, 0, 0];('easy', 2154)
[0.00028218144234056766, 0, 0, 0];('easy', 2155)
[0, 0, 0.00023481259460691743, 0];('easy', 2156)
[0.000188810420446711, 0, 0.0010865284326631566, 0];('easy', 2157)
[9.622106373264755e-05, 0, 0.00014000082163643295, 0];('easy', 2158)
[0, 0, 0, 0];('easy', 2159)
[0.00043432008065899487, 0, 0, 0.0007622554801719414];('easy', 2160)
[0, 0, 0, 0];('easy', 2161)
[0.0051098871992347064, 0, 0.00017485072474268096, 0];('easy', 2162)
[0, 0, 0, 0.0002798848423849328];('easy', 2163)
[0.00022146013893482917, 0, 0.0001954378866559409, 0.0017419180920034457];('easy', 2164)
[0, 0, 0.00012094553812991158, 0];('easy', 2165)
[0.00017211036827818898, 0, 0, 0.00017211036827818898];('easy', 2166)
[0.0002135073185369553, 0, 0, 0];('easy', 2167)
[0.0006543656074994368, 0, 0, 0];('easy', 2168)
[4.0019663353199205e-05, 0, 4.827292850827315e-05, 0.9988610618259152];('easy', 2169)
[0.00027062743648920324, 0, 7.283838639700816e-05, 0];('easy', 2170)
[0.0003629158706440665, 0, 0.00046599320202634194, 0.00014211982918649414];('easy', 2171)
[0.00015833186776064177, 5.417818583540701e-06, 1.0121817666801085e-05, 0.9991832495031047];('easy', 2172)
[0, 0, 0, 0.0003210294362173994];('easy', 2173)
[0.0013137262744943672, 0, 0, 0];('easy', 2174)
[0, 0, 0, 0.0003133452689310338];('easy', 2175)
[0, 0, 0, 0];('easy', 2176)
[0.0005019559381563587, 0.00018465927002164832, 0.0008809601068501929, 0.00022274159733610906];('easy', 2177)
[0.002406200147370018, 0, 0.0002699683032353967, 0];('easy', 2178)
[0, 0, 0, 0];('easy', 2179)
[2.01357244608693e-05, 1.4586269876540058e-06, 5.09110843392194e-06, 0.9994850427418461];('easy', 2180)
[0, 0, 0, 0];('easy', 2181)
[0, 0, 0, 0];('easy', 2182)
[0, 0, 0, 0];('easy', 2183)
[8.458010944956515e-05, 5.407025497739936e-06, 0.997192063975972, 7.011937355257475e-05];('easy', 2184)
[0, 0, 0, 0];('easy', 2185)
[0, 0, 0.00034637931637511026, 0];('easy', 2186)
[0, 0, 0, 0];('easy', 2187)
[0, 0, 0.0004124470715508761, 0];('easy', 2188)
[0.0001277990242532634, 0, 0, 0];('easy', 2189)
[7.4098506681440085e-06, 1.1363374035390955e-06, 1.3843423555936495e-05, 0.9997998876514271];('easy', 2190)
[5.335804911847758e-05, 0, 0, 0];('easy', 2191)
[0.0026781107917251707, 0.0009255303239968188, 0.0005613625179978378, 0];('easy', 2192)
[0.00045740279095079963, 0, 0.0006655171338558174, 0];('easy', 2193)
[0, 0, 0, 0];('easy', 2194)
[3.694460508221441e-05, 0, 0, 0];('easy', 2195)
[0.0028703397106455823, 0, 0.00030253157973117044, 0];('easy', 2196)
[0.00023522006109194283, 0, 0.00013402435084234747, 0.0004128242604798005];('easy', 2197)
[3.725487637980156e-06, 1.0027013949980707e-06, 3.2877313011346882e-06, 0.9996869352222083];('easy', 2198)
[9.50173286334716e-06, 0.9984646802186861, 3.758008247523383e-05, 1.6676060511010144e-05];('easy', 2199)
[0.0003414522661588349, 0, 0, 0.0005992673898517105];('easy', 2200)
[0.00027768954707764937, 0, 0, 0.00014863650365357398];('easy', 2201)
[0.00041042222621764284, 0, 0, 0];('easy', 2202)
[0.000338656158960577, 0, 0, 0];('easy', 2203)
[0.0004463988283994335, 0.0006913960306998217, 0.0002108639762664234, 0];('easy', 2204)
[5.138175658055591e-05, 0, 0, 0];('easy', 2205)
[0.000744455133797987, 0, 0, 0];('easy', 2206)
[0.0025543661895778952, 0, 0.0003679913399556281, 0];('easy', 2207)
[0.0008270800738668216, 0, 0, 0];('easy', 2208)
[0, 0, 0, 0.0004904955755345769];('easy', 2209)
[7.489210144419008e-05, 0, 0, 0];('easy', 2210)
[0.00015013379596276808, 0, 0, 0];('easy', 2211)
[0.0003138399226766033, 0, 0, 0];('easy', 2212)
[0, 0, 9.217307846732125e-05, 0];('easy', 2213)
[0, 0, 0, 0];('easy', 2214)
[7.502678271754437e-05, 0, 0, 0];('easy', 2215)
[0, 0, 8.522429612254693e-05, 0];('easy', 2216)
[4.472834824003116e-05, 0, 0, 0];('easy', 2217)
[0, 0, 0, 0.0001593217146778835];('easy', 2218)
[7.179925435585406e-05, 0, 6.336261957692473e-05, 0.00017223745739951784];('easy', 2219)
[5.7063759711762506e-05, 0, 8.838207999555553e-05, 0];('easy', 2220)
[0.0009754199518344462, 0, 0.0009754199518344462, 0];('easy', 2221)
[0, 0, 0, 0];('easy', 2222)
[0.0030053417601308466, 0, 0, 0];('easy', 2223)
[0, 0, 0.0005535518992903983, 0];('easy', 2224)
[0, 0, 0, 0];('easy', 2225)
[0, 0, 0.00040112170606152706, 0];('easy', 2226)
[0, 0, 0.0001429509170640677, 0];('easy', 2227)
[0.0001298089663138126, 0, 0.00021401880388917922, 0];('easy', 2228)
[0.0013514232985123692, 0, 0.0047169307925124995, 0];('easy', 2229)
[0.0007000148105286788, 0, 0, 0];('easy', 2230)
[0, 0, 0, 0.00022113955710732398];('easy', 2231)
[0.00019415272559968492, 0, 0, 0];('easy', 2232)
[0, 0.0002763820142584561, 0, 0];('easy', 2233)
[0.00033964863674965036, 0.0004941858504575174, 0.00018180090119054987, 0];('easy', 2234)
[3.320044517472752e-05, 1.3703460301639213e-06, 2.5856532700397036e-05, 0.9995528076156194];('easy', 2235)
[6.44030466975782e-05, 0, 0, 0];('easy', 2236)
[0.00018630965934782878, 0, 0, 0];('easy', 2237)
[0.0001483763353654715, 0, 0.0001483763353654715, 0.0002772034887251498];('easy', 2238)
[0.00017941248441474483, 1.5676888175461438e-05, 0.9991775368579904, 0.00011583740618514713];('easy', 2239)
[0.0019908436279893436, 0, 0.00011955939590001385, 0];('easy', 2240)
[0.00562330760131452, 0, 0.000630917627306902, 0];('easy', 2241)
[2.9257602339657652e-05, 0.9981309603166941, 0.00013958021430661771, 2.2785843612917146e-05];('easy', 2242)
[0.00012942243448895403, 8.895065165928507e-05, 0.00022714344636497796, 0];('easy', 2243)
[0.00019356259843740503, 0, 7.58002026622696e-05, 0];('easy', 2244)
[0.0014192716443794569, 0, 0, 0];('easy', 2245)
[0, 0, 0, 0];('easy', 2246)
[0, 0, 0.00012727929647189648, 0];('easy', 2247)
[0, 0, 0.00017404883108026523, 0];('easy', 2248)
[1.0126577674048605e-05, 1.6531183618048788e-06, 1.3002783117541041e-05, 0.999652983018083];('easy', 2249)
[0.0021744012290953684, 0, 0, 0];('easy', 2250)
[3.7824039605293867e-05, 0, 0, 0];('challenge', 0)
[0.0006625764826155251, 0.0010924039403538898, 0.00033316453714519345, 0];('challenge', 1)
[1.3004122431904929e-05, 0.9997554423656742, 1.0780796152432106e-05, 1.2216242482957234e-05];('challenge', 2)
[0.00016512198320343656, 0, 0.00019917513098436827, 0.0004216537556027393];('challenge', 3)
[0, 0, 0, 0];('challenge', 4)
[0, 0, 0, 0];('challenge', 5)
[7.124044018537783e-05, 0, 0.00029993345617735826, 0];('challenge', 6)
[3.4369129877756935e-05, 0, 1.6234827401064256e-05, 0.9720460831359443];('challenge', 7)
[0.00020968324376576306, 0, 0.00030508731946848075, 0];('challenge', 8)
[0.0007632400334570691, 0, 0.0008124647864393317, 0];('challenge', 9)
[0, 0, 0, 0.0001719600842194058];('challenge', 10)
[0.0001893318832921302, 0.00015696164424910914, 0.00020154274066095542, 0];('challenge', 11)
[9.801251883496126e-05, 0, 0.0001043337832043986, 0];('challenge', 12)
[0.00022478486175896983, 0, 0.001465780725579769, 0];('challenge', 13)
[0.00023155012443857922, 0, 0, 0];('challenge', 14)
[9.855249313604047e-05, 0, 0, 0];('challenge', 15)
[0.0005719678336521666, 0.00025380918763605147, 0, 0];('challenge', 16)
[0, 0, 0, 0.0002444882499923551];('challenge', 17)
[0.001353173356280394, 0, 0.0011941712955774487, 0];('challenge', 18)
[0.0009116793623156258, 0, 0.00016864372470774293, 0];('challenge', 19)
[0, 0, 0, 0];('challenge', 20)
[8.416018101428182e-05, 0, 0, 0];('challenge', 21)
[1.3807165299134867e-05, 0.9971809214058758, 2.0089306970455582e-05, 1.665462044257216e-05];('challenge', 22)
[0.0003233051733159138, 0, 0, 0];('challenge', 23)
[0.0009595559466705965, 0, 0.0004258003702073813, 0];('challenge', 24)
[0, 0, 0, 0];('challenge', 25)
[0.00022022700394868928, 0, 0.0005623693556641555, 0];('challenge', 26)
[0.0015166873868426379, 0, 0.00015985775070207178, 0];('challenge', 27)
[0.0005270732401850155, 0, 0, 0];('challenge', 28)
[0, 0, 7.96877172910822e-05, 0];('challenge', 29)
[0.0005479785124037713, 0.00031222874468926995, 0.0009617322401084155, 0];('challenge', 30)
[9.103999736622559e-05, 0, 7.090202123963513e-05, 0.00019273167593671743];('challenge', 31)
[0.00021090942876064755, 0, 0.0021301097724629133, 0];('challenge', 32)
[0.001178044586205698, 0, 0, 0];('challenge', 33)
[0.000358631164347662, 0, 0, 0];('challenge', 34)
[0, 0, 0, 0];('challenge', 35)
[0.00014744577238873046, 0, 0, 0];('challenge', 36)
[0.00032758103423787455, 0, 9.990657079909929e-05, 0.0006514729877598348];('challenge', 37)
[0.0010533696622398326, 0, 0, 0];('challenge', 38)
[0.0009105810457048967, 0, 0, 0];('challenge', 39)
[0, 0, 0, 0];('challenge', 40)
[0.00015012978701142704, 0, 0, 0];('challenge', 41)
[0, 0, 0, 0];('challenge', 42)
[6.653245130737376e-05, 0, 0.0003174085731297318, 0];('challenge', 43)
[0, 0, 0, 0.0001300871848866995];('challenge', 44)
[0.0001106562263933986, 0, 0.00014208540720387668, 0];('challenge', 45)
[0, 0, 0, 0];('challenge', 46)
[0.9998724623283217, 5.042832149086826e-07, 1.3844426953228526e-05, 2.1231116363993946e-06];('challenge', 47)
[0, 0, 0, 0];('challenge', 48)
[0.0002674196940035136, 0, 0, 0];('challenge', 49)
[7.486289526701345e-05, 0, 0, 0];('challenge', 50)
[0, 0, 0, 0];('challenge', 51)
[0.000492504788597332, 0, 0.0004346339504452265, 0];('challenge', 52)
[0.00014169947714672365, 0, 0, 0];('challenge', 53)
[9.511365953007698e-05, 0, 0, 0];('challenge', 54)
[1.3837285932292102e-05, 0.9993569220465575, 5.768238960604298e-06, 6.536271055128558e-06];('challenge', 55)
[0.0011902453125739998, 0, 0.00012545093298369344, 0];('challenge', 56)
[0.00016397877119386778, 0, 0, 0];('challenge', 57)
[0.00032395547320994054, 0, 0, 0];('challenge', 58)
[0.0005286547024973293, 0, 0, 0];('challenge', 59)
[0.9996394027676961, 1.384120577786503e-05, 1.4588523559881704e-06, 4.736200168831011e-07];('challenge', 60)
[2.5610103256522185e-06, 0.9998911737632742, 1.3844691017235042e-05, 2.9020048888009805e-06];('challenge', 61)
[7.412264536696975e-05, 7.339135754726854e-06, 3.967499304473074e-05, 0.9902584424768637];('challenge', 62)
[0.00019904999444251604, 0, 0.0003493436197142593, 0];('challenge', 63)
[0.00010895406375559712, 0, 0, 0];('challenge', 64)
[0.0007058937565072848, 0, 0, 0];('challenge', 65)
[8.23052984008607e-05, 0, 0, 0];('challenge', 66)
[4.354437925984981e-05, 0, 7.642276560444485e-05, 0];('challenge', 67)
[0, 0, 0, 0.0002576215237096302];('challenge', 68)
[7.626761086112737e-05, 0, 0.00013385382561705743, 0.00028336855105498066];('challenge', 69)
[0, 0, 0, 7.610282737419243e-05];('challenge', 70)
[0, 0, 0, 9.85055108476203e-05];('challenge', 71)
[5.4923703541718775e-05, 0, 0, 0];('challenge', 72)
[0.0005773307996138774, 0, 0.00032895317380815753, 0];('challenge', 73)
[6.84641043925539e-05, 0, 0, 7.28796597606475e-05];('challenge', 74)
[0.9999679337281997, 5.714822430763723e-07, 5.09356578801754e-06, 2.4060301124454155e-06];('challenge', 75)
[0.0002132240724922825, 0, 0, 0];('challenge', 76)
[0.00013739145738229778, 0, 0, 0];('challenge', 77)
[8.780449745466813e-05, 0, 0, 0];('challenge', 78)
[0.0005063296394280652, 0, 0.00037043867760449027, 0.0033016839939723794];('challenge', 79)
[0, 0, 0, 0];('challenge', 80)
[9.455708071028296e-05, 0, 0, 0];('challenge', 81)
[0.0004034862387653549, 0, 0.00010859679614316696, 0.0013229804440119627];('challenge', 82)
[0, 0, 0, 0];('challenge', 83)
[0, 0, 0, 0];('challenge', 84)
[0.001088506772101094, 0, 0, 0];('challenge', 85)
[0, 0, 0.00010557672516946862, 0];('challenge', 86)
[0, 0, 0.00019291979841280261, 0];('challenge', 87)
[0.00018976735466595494, 0.00040173749298036995, 0, 0];('challenge', 88)
[5.7299012236276474e-05, 0, 0, 0];('challenge', 89)
[0.0001996153468491207, 0, 0.00037293038696519236, 0];('challenge', 90)
[0.00027106835565623706, 0, 0, 0];('challenge', 91)
[5.046200049372711e-05, 0, 0, 0];('challenge', 92)
[0.00036335118366760715, 0, 9.779459775845434e-05, 0];('challenge', 93)
[0.0001317507177513587, 0, 0, 0];('challenge', 94)
[7.846229998787334e-05, 0, 0, 0];('challenge', 95)
[0, 0, 0, 0];('challenge', 96)
[4.2558437955770006e-05, 1.36803874640235e-06, 7.016700190544968e-05, 0.9978693915425486];('challenge', 97)
[1.4725402296145905e-05, 1.208734627215493e-06, 0.9990641300806925, 1.2207787280425483e-05];('challenge', 98)
[8.850277806255116e-05, 0, 0, 0];('challenge', 99)
[0, 0, 0.0003052002304862232, 0];('challenge', 100)
[0.00015069668192316184, 0, 0.00011736269388802086, 0];('challenge', 101)
[0, 0, 0, 0];('challenge', 102)
[8.428057889488541e-05, 0, 0, 0];('challenge', 103)
[0.00016059609978954327, 0, 0, 0];('challenge', 104)
[0.00010163454377458348, 0, 9.547681805493174e-05, 0];('challenge', 105)
[0, 0, 0, 0];('challenge', 106)
[0, 0, 0, 0];('challenge', 107)
[0.9998363524249342, 8.850125316498365e-07, 2.586385737488399e-05, 2.7260305114914287e-06];('challenge', 108)
[0, 0, 0, 6.930338340034916e-05];('challenge', 109)
[0.0006568606302668569, 0, 0, 0];('challenge', 110)
[0.0033729292914774986, 0, 0.00045647634099917463, 0];('challenge', 111)
[0, 0, 0, 5.4337171371425905e-05];('challenge', 112)
[0.0002387554564825773, 0, 0, 0];('challenge', 113)
[0.0004086369890273575, 0, 0, 0];('challenge', 114)
[1.3836256661966748e-05, 0.9992822795168371, 1.7766105225780392e-05, 5.825281638324951e-05];('challenge', 115)
[0.00039252894580619335, 0, 0, 0];('challenge', 116)
[0, 0, 0, 0];('challenge', 117)
[0.0007507151789539628, 0, 0.0004277446152327692, 0];('challenge', 118)
[0.00011474998268414634, 0, 0.00024292571524864195, 0];('challenge', 119)
[0.0004465063354150307, 0, 0, 0];('challenge', 120)
[0.00026778668058628915, 0, 0, 0.0007748664528477051];('challenge', 121)
[0.0013464582496842692, 0, 0.00019397560978205342, 0];('challenge', 122)
[0, 0, 0, 0];('challenge', 123)
[9.11126099244134e-05, 0, 0, 0];('challenge', 124)
[0.0038974737170646956, 0, 0, 0];('challenge', 125)
[0, 0, 0, 0];('challenge', 126)
[0.001897296309352926, 0, 0.00016578390391542373, 0];('challenge', 127)
[9.705493288799854e-05, 0, 0, 0.0011107348881519725];('challenge', 128)
[0, 0, 0, 0];('challenge', 129)
[0.0004631779861222016, 0, 0.00023290062869887667, 0];('challenge', 130)
[0.00038861942240708006, 0, 0.000932249531168108, 0];('challenge', 131)
[2.7987562488226917e-05, 0, 0, 0];('challenge', 132)
[0.0006626428335658056, 0, 0, 0];('challenge', 133)
[0.0035587948360994858, 0, 0, 0];('challenge', 134)
[0, 0, 0, 0];('challenge', 135)
[0.00022138095277778272, 0, 0.0001619657650033243, 0];('challenge', 136)
[0, 0, 0, 0];('challenge', 137)
[0, 0, 0, 0];('challenge', 138)
[0.00013163868803877865, 0, 0, 0];('challenge', 139)
[0, 0, 0, 0];('challenge', 140)
[0, 0, 0, 0];('challenge', 141)
[0.00028754315306035266, 0, 0, 0];('challenge', 142)
[1.5683752023967264e-05, 1.7596682087812748e-06, 2.7525842028274256e-05, 0.9996152213196003];('challenge', 143)
[1.3834132384552551e-05, 2.2583600304721827e-06, 0.9991285058126356, 3.117569857950199e-05];('challenge', 144)
[0.002068312612435029, 0, 0.00023205813308525199, 0];('challenge', 145)
[0.00012495028690941048, 0, 5.208702896046595e-05, 5.208702896046595e-05];('challenge', 146)
[0, 0, 0, 0];('challenge', 147)
[0, 0, 0, 0];('challenge', 148)
[0.00012041486080841252, 0, 0, 0.00013644791325130985];('challenge', 149)
[0, 0, 0, 0];('challenge', 150)
[0.00042845806558755416, 0, 0.00015762091373374662, 0];('challenge', 151)
[1.7774883908487774e-05, 1.9942867038924223e-06, 1.5686279993041226e-05, 0.9997755792832385];('challenge', 152)
[0.0006472223597491472, 0, 0, 0];('challenge', 153)
[4.003199278126497e-05, 2.724211297088124e-06, 0.9991689679806378, 1.2209067995451329e-05];('challenge', 154)
[0, 0, 0, 0];('challenge', 155)
[0, 0, 0, 0];('challenge', 156)
[0, 0, 0, 0];('challenge', 157)
[0, 0, 0, 0];('challenge', 158)
[0.0005501095992317059, 4.200138620833368e-06, 2.738834422676718e-05, 0.994621276810908];('challenge', 159)
[0, 0, 0, 6.347281383157405e-05];('challenge', 160)
[0.00016602914609809387, 0, 6.921124516794955e-05, 0];('challenge', 161)
[0, 0, 0, 0];('challenge', 162)
[3.69755174546537e-05, 0, 0, 0];('challenge', 163)
[0.0011284932872635076, 0, 0.00015272495866242293, 0];('challenge', 164)
[6.53799795546524e-06, 0.9996207007572852, 4.0050092999090624e-05, 4.263310207667692e-05];('challenge', 165)
[0.00015673413036860166, 0, 0.0007477370730450601, 0];('challenge', 166)
[7.6594231379173e-05, 0, 0, 0.0002216327572657284];('challenge', 167)
[0.00048645461612533786, 0, 0.002048050431864816, 0];('challenge', 168)
[8.006501651371211e-05, 0.7825705007556485, 0, 2.5993305160263652e-05];('challenge', 169)
[0, 0, 0, 0];('challenge', 170)
[0.00024027168972527732, 0, 0, 0.0006952488553677907];('challenge', 171)
[6.535117964192707e-06, 1.5522265717404945e-06, 1.220920771794572e-05, 0.9991805122008168];('challenge', 172)
[0.0006214255921832456, 0, 0.000228609699582005, 0];('challenge', 173)
[0, 0, 0.0002157329640808558, 0];('challenge', 174)
[8.260576516560652e-05, 0, 0, 0];('challenge', 175)
[0.0006606756693383189, 0, 0.002781548463222491, 0];('challenge', 176)
[0.000686068866360001, 0, 0, 0.0004161218021216299];('challenge', 177)
[0, 0, 0, 0];('challenge', 178)
[0.0004967058917864888, 0, 0.0016286359189593036, 0];('challenge', 179)
[5.5938116878382256e-05, 0, 3.844566800626845e-05, 0];('challenge', 180)
[0.0002804421895887673, 0, 0.000462370782701096, 0];('challenge', 181)
[0, 0, 0, 0];('challenge', 182)
[0, 0, 0, 2.7831138135190723e-05];('challenge', 183)
[0.0006841975472715868, 0, 0, 0];('challenge', 184)
[0.0007960986186400934, 0.0001567611873737069, 0.000547150045451639, 0];('challenge', 185)
[0, 0, 0, 0];('challenge', 186)
[0.00012767489023799932, 0, 0, 0];('challenge', 187)
[0.0015183726853287727, 0, 0.005641438914174404, 0.0003839047360394944];('challenge', 188)
[7.960279889688502e-05, 7.960279889688502e-05, 0.9990391435973681, 0.00017938767647366762];('challenge', 189)
[0.00023070481341171296, 0, 0.00024558399552244715, 0];('challenge', 190)
[0.00034128525664201833, 0, 0.00028293541536190405, 0];('challenge', 191)
[0.0004178289485620713, 0.0007333126419866883, 0.0002871693567152162, 0];('challenge', 192)
[0, 0, 0, 0];('challenge', 193)
[7.443063866143349e-05, 0, 0, 0];('challenge', 194)
[0, 0, 0, 0];('challenge', 195)
[0.0002900848461634804, 0.00022591830534926654, 0, 0];('challenge', 196)
[0.00011349793338613562, 0, 0, 0];('challenge', 197)
[0.000714845271097086, 0, 0.0043789581738040125, 0];('challenge', 198)
[0.00032541047766199767, 0, 0, 0.0002534299348228037];('challenge', 199)
[0, 0, 0, 0];('challenge', 200)
[0, 0, 0.00010395715891025318, 0];('challenge', 201)
[0, 0, 0, 0];('challenge', 202)
[0.0001295714964740441, 0, 0.0007937220221910064, 0];('challenge', 203)
[0.0002525399083362904, 0, 0.0007307481060554649, 0.0005022353387887293];('challenge', 204)
[0.0037070144468445334, 0, 0.00018456138170570814, 0.00041591549404994873];('challenge', 205)
[9.923540810911177e-05, 0, 0.0001197007510748467, 5.6542631145735645e-05];('challenge', 206)
[0.00016310303117515247, 0, 8.20133545376455e-05, 0];('challenge', 207)
[0, 0, 0, 0];('challenge', 208)
[0, 0, 0, 0];('challenge', 209)
[0, 0, 0.0006258158788732752, 0];('challenge', 210)
[0.0010705416437583387, 0, 0, 0];('challenge', 211)
[0.0003061458964436611, 0, 0, 0];('challenge', 212)
[2.7510358478468477e-05, 0, 0.9990529454828606, 8.473786970515361e-05];('challenge', 213)
[0, 0, 0, 0];('challenge', 214)
[0, 0, 0, 0];('challenge', 215)
[0, 0, 0, 4.03173509221436e-05];('challenge', 216)
[0.0001291412038359329, 0, 0.00018789934285474148, 0];('challenge', 217)
[0, 0, 0.00014791913846589266, 0];('challenge', 218)
[0.00014097027869718005, 0, 0.0001324293212765872, 0];('challenge', 219)
[2.5860478395205635e-05, 1.4589483567783413e-06, 0.9997055205778066, 3.762677404294368e-05];('challenge', 220)
[0.0007533192551359315, 0, 0, 0];('challenge', 221)
[0.00016259688989959042, 0, 0.000236577078847525, 0.00014349125170627704];('challenge', 222)
[0.00038723412438449736, 0, 0.8989919473009053, 7.163107626415652e-05];('challenge', 223)
[0.0012093810262462363, 0, 0, 0];('challenge', 224)
[0, 0, 0, 0];('challenge', 225)
[0, 0, 0, 0];('challenge', 226)
[0.002430123838067533, 0, 0, 0];('challenge', 227)
[0, 0, 0.00018563941987590466, 0];('challenge', 228)
[0.000936218730149842, 0, 0, 0];('challenge', 229)
[0.00017192696063902317, 0, 0, 0.00022075858727437867];('challenge', 230)
[1.668320272529134e-05, 5.765560585227666e-06, 1.4722874730260487e-05, 0.9988919866506465];('challenge', 231)
[0.0003551772827560227, 0, 0, 0];('challenge', 232)
[0.00016922064575816237, 0, 0, 0];('challenge', 233)
[0.0032009534375150614, 0, 0.0009170885143741799, 0];('challenge', 234)
[0, 0, 0, 0];('challenge', 235)
[0.001043957937410871, 0.0002809776010615147, 0.0012592536432281276, 0.0001503964721260253];('challenge', 236)
[0.0002003368097508638, 0, 0, 0.00031028772087383986];('challenge', 237)
[0.000458666498480454, 0, 0.00019120064291543157, 0.0006269227724684179];('challenge', 238)
[9.936514726113927e-05, 0, 0, 0];('challenge', 239)
[0.0025128393418663167, 0, 0.0003001157182701241, 0];('challenge', 240)
[0.00028045716721746266, 0, 0, 0.0005577556770582743];('challenge', 241)
[0.00014526979675030176, 0, 0, 9.379323020631171e-05];('challenge', 242)
[0.0005368543519092766, 0.0005043279910118371, 0.0002382275609692827, 0];('challenge', 243)
[5.811210112419535e-05, 0, 0.9968681973412827, 7.46174148605951e-05];('challenge', 244)
[0.00032642841562746254, 0, 0, 0];('challenge', 245)
[9.059283453943752e-05, 0, 0.00013181179648080884, 0.00043219424178579527];('challenge', 246)
[0.00033851731132905394, 0.0006732220611423436, 0.00015990425539566205, 0];('challenge', 247)
[1.9718770624160177e-05, 0, 0, 0];('challenge', 248)
[7.404168018171964e-05, 0, 0, 0];('challenge', 249)
[2.3662276323375922e-05, 0, 0, 0];('challenge', 250)
[3.525255310408124e-05, 0, 0, 3.525255310408124e-05];('challenge', 251)
[0, 0.0001601307205374415, 0, 0];('challenge', 252)
[2.975654322842917e-05, 0, 0, 0];('challenge', 253)
[0.00034486048137318497, 0, 0.00012686714166463477, 0];('challenge', 254)
[0.0004770300367474687, 0, 0, 0];('challenge', 255)
[0.00011789599710171475, 0, 0, 0.00030105797534675613];('challenge', 256)
[0.0005962756197665203, 0, 0, 0];('challenge', 257)
[0.9998606637548391, 5.368005447657141e-07, 7.484140851015105e-05, 1.8736180009846902e-06];('challenge', 258)
[0, 0, 0, 0];('challenge', 309)
[0.00019551562427911335, 0, 0, 0];('challenge', 310)
[0, 0, 0, 0];('challenge', 311)
[0.0004301112115954925, 0.0004578510014618487, 0.00024506998109131945, 0];('challenge', 312)
[0, 0, 0, 0];('challenge', 313)
[0, 0, 0, 0];('challenge', 314)
[0, 0, 0, 0];('challenge', 315)
[0, 0, 0, 0];('challenge', 316)
[0.00012333567991721243, 2.281480672960515e-05, 0.9993996649905021, 0.00020334615891577076];('challenge', 317)
[0, 0, 0.0002916351512287322, 0];('challenge', 318)
[0.0009291048986043044, 0, 0, 0];('challenge', 319)
[0, 0, 0, 0];('challenge', 320)
[3.540281520600888e-05, 0, 0, 0];('challenge', 321)
[0, 0, 0, 0];('challenge', 322)
[8.544353578006212e-05, 0, 7.08351791219604e-05, 0.0002472390685888825];('challenge', 323)
[0.0005812939660132155, 0, 0.0006187842058234544, 0.0031424454907601884];('challenge', 324)
[0.00032597640068223377, 0, 0.0001744825938926512, 0];('challenge', 325)
[0, 0, 0, 0];('challenge', 326)
[0, 0, 0, 0];('challenge', 327)
[0, 0, 0, 0];('challenge', 328)
[0.00015624745504538563, 0, 8.902711629277773e-05, 0.0002420007924587679];('challenge', 329)
[0, 0, 0, 0];('challenge', 330)
[0, 0, 0, 0];('challenge', 331)
[0, 0, 0.00012646584910622994, 0];('challenge', 332)
[0, 0, 0, 0];('challenge', 333)
[0.00028681656027803204, 0, 0.00012727407711008462, 0];('challenge', 334)
[0.00012397354146095166, 0, 0.00021758034128090386, 0.0013328411789712748];('challenge', 335)
[0.0006429694188747921, 0.00032330548164390095, 0.0002517905622755478, 0];('challenge', 336)
[0.00017340516898704822, 0.00026857517966691216, 0, 0];('challenge', 337)
[0.0012074178800215787, 0, 0, 0];('challenge', 338)
[0.0001172925373969168, 0, 0.0002643228133044582, 0.00018166623572402188];('challenge', 339)
[0.00012430467327918763, 0, 0, 0];('challenge', 340)
[0.00017889172556510586, 0, 0.0002770729247301783, 0];('challenge', 341)
[0.0003044786698534594, 0, 0, 0];('challenge', 342)
[0.00019406016843485406, 0, 0, 0];('challenge', 343)
[0.001250175758976371, 0, 0, 0];('challenge', 344)
[8.998535624026488e-05, 0, 0.0001309279207709458, 0.00010196676722232344];('challenge', 345)
[5.421788165913096e-06, 0.9999154877575644, 1.3006193680332111e-05, 5.771463460040915e-06];('challenge', 346)
[0, 0, 0.00021052439849657503, 0];('challenge', 347)
[0, 0, 0, 0];('challenge', 348)
[0.0002221620132256253, 0, 0, 0];('challenge', 349)
[0.0006773720708677327, 0, 0, 0];('challenge', 350)
[0.0003263814117461211, 0.0001859665227243713, 0.0008334441323425903, 0];('challenge', 351)
[0.00015032764183991204, 0, 0, 0];('challenge', 352)
[1.8920561697310532e-05, 0.9997388806538758, 8.39594835840466e-06, 9.5138558943552e-06];('challenge', 353)
[0.002272377032581592, 0, 0, 0];('challenge', 354)
[0.000523737657142678, 0, 0, 0];('challenge', 355)
[0.00020476343827728074, 0, 0.00021796954543513446, 0];('challenge', 356)
[0.00012966606125660045, 0, 5.077795917710322e-05, 0.0004817676332569886];('challenge', 357)
[0.0002518013681860718, 0, 0.0003037304271516296, 0];('challenge', 358)
[0.00034962408641058684, 0, 0, 0];('challenge', 359)
[0, 0, 0, 0];('challenge', 360)
[0.00010847051912807365, 0, 0.0007529349978156, 0];('challenge', 361)
[0.000193193206213495, 0, 0, 0];('challenge', 362)
[2.7530751344782298e-05, 2.1229435882162113e-06, 1.147652460885276e-05, 0.9997926188503564];('challenge', 363)
[0, 0, 0.0019486299962840135, 0];('challenge', 364)
[0.0004542589503622419, 0, 0.0005832800380230137, 0];('challenge', 365)
[0, 0, 0, 0];('challenge', 366)
[0.0006768499873564609, 0, 0, 0];('challenge', 367)
[0, 0, 0.0001480214471760114, 0];('challenge', 368)
[0.011842664882197785, 0, 0.0008578797667044697, 0.00017982136790778408];('challenge', 369)
[0.0004567818270015999, 0, 0, 0.00012294110228042653];('challenge', 370)
[0, 0, 0, 7.99324197917593e-05];('challenge', 371)
[0.0013735864350522156, 0, 0.0008331222866245447, 0];('challenge', 372)
[0, 0, 0, 0];('challenge', 373)
[4.7724639037262166e-05, 0, 0.0001144854574999859, 0];('challenge', 374)
[0.0005393123662142793, 0, 0.00027118341743306737, 0.0011417242882350502];('challenge', 375)
[0.00012599479248080845, 0, 0.0022333121987438646, 0];('challenge', 376)
[0, 0, 0, 0];('challenge', 377)
[0.0007851320168721523, 0, 0.00010625611454837734, 0.0022718548196606547];('challenge', 378)
[0, 0, 0, 0];('challenge', 379)
[0.0028301301066589943, 0, 0, 0];('challenge', 380)
[0, 0, 0, 0];('challenge', 381)
[0, 0, 0, 0];('challenge', 382)
[0.0004109527324598352, 0, 0, 0];('challenge', 383)
[0.0010978237494074284, 0, 0, 0];('challenge', 384)
[0.0003920829803657865, 0, 0, 0];('challenge', 385)
[6.891196743516292e-05, 0, 0, 0];('challenge', 386)
[0, 0, 0.0002196711408242253, 0.0005269636725208012];('challenge', 387)
[0, 0, 0, 0];('challenge', 388)
[1.4721063574923832e-05, 3.7220677640997177e-06, 8.471387184190717e-05, 0.9987697257998133];('challenge', 389)
[0.0008333976358352254, 0, 0.001878090563935926, 0];('challenge', 390)
[0.0006291034378836856, 0, 0.00026224932970288624, 0.0007588435967900345];('challenge', 391)
[6.42802021036521e-05, 0, 9.352714219073666e-05, 0];('challenge', 392)
[0, 0, 0, 0];('challenge', 393)
[0, 0, 0, 0];('challenge', 394)
[0.0004059938158764063, 0, 0, 0];('challenge', 395)
[0, 0, 0, 0];('challenge', 396)
[0.0001160098694511775, 0, 0, 0];('challenge', 397)
[0.00011554271320880012, 0, 0, 0];('challenge', 398)
[0.0004880433448281852, 0.0004880433448281852, 0.0006670761606485298, 0];('challenge', 399)
[0, 0, 0, 0];('challenge', 400)
[9.71459608461818e-05, 0, 0, 0];('challenge', 401)
[0.00012161730698721082, 0, 0, 0];('challenge', 402)
[0.00010261910959991337, 0, 0.0002620470764701429, 0];('challenge', 403)
[0.00011066160855433881, 0, 0.0001610116903744031, 0];('challenge', 404)
[0.00011521569183853961, 0, 0.0001899585618526314, 0];('challenge', 405)
[0.00016810403647516623, 0, 0, 0];('challenge', 406)
[0, 0, 0, 0];('challenge', 407)
[0.000462517201657968, 0.00015984174401923826, 0.0002184777603088846, 0];('challenge', 408)
[1.891749445681861e-05, 1.0672520063378136e-06, 6.141611251644066e-06, 0.9995768669404492];('challenge', 409)
[9.60259888942088e-05, 0, 0, 0];('challenge', 410)
[0.0012789211657579516, 0, 0.00032336191061637564, 0.0025434384429847035];('challenge', 411)
[8.296973584115793e-05, 0, 0.00012072025332202487, 0];('challenge', 412)
[0.00010061825024650526, 0, 0.00020010328438903267, 0];('challenge', 413)
[0.00017338284519656944, 0, 0.0005685007340078132, 0];('challenge', 414)
[0.0005476015912203864, 0, 0, 0];('challenge', 415)
[0.00011452717256103811, 0, 0, 0];('challenge', 416)
[0, 0, 0, 0];('challenge', 417)
[0, 0, 0, 0];('challenge', 418)
[0.00012347749598215602, 0, 0.00023068633270251646, 0];('challenge', 419)
[0.0005047783749114245, 0, 0.0003693037482394856, 0];('challenge', 420)
[0, 0, 0.00026846173660204683, 0];('challenge', 421)
[0, 0, 0, 0];('challenge', 422)
[0.005710491990134197, 0, 0.0003886038568316122, 0];('challenge', 423)
[0.0010566894665988075, 0, 0, 0];('challenge', 424)
[0.0002019417706805749, 0, 0.0002938235425930341, 0];('challenge', 425)
[0.0004370278271820978, 0, 0, 0.0009251879174047022];('challenge', 426)
[0, 0, 0, 0];('challenge', 427)
[0.00014901105518496776, 0, 0, 9.620876820163972e-05];('challenge', 428)
[3.2989990074220774e-05, 0.9932164727496039, 2.5692630103321012e-05, 6.496114210484547e-06];('challenge', 429)
[0, 0, 0.0002468371454877984, 0];('challenge', 430)
[0.00038014291511581806, 0, 0.00024543859594226066, 0];('challenge', 431)
[0, 0, 0, 0];('challenge', 432)
[0.00020501804318986893, 0, 0.000247298965372717, 0.0004918124841111328];('challenge', 433)
[0.00044563574130432245, 0, 0, 0];('challenge', 434)
[0.0014515015206828157, 0, 0, 0];('challenge', 435)
[0, 0, 0.00029022569339765155, 0];('challenge', 436)
[5.9157808084878265e-05, 0, 0, 0];('challenge', 437)
[0.0005141925802034802, 0, 0, 0.00035339904760771905];('challenge', 438)
[9.51481769369002e-06, 0.9998395700449714, 2.0142869215608342e-05, 6.9611893312816595e-06];('challenge', 439)
[0.00014249195532156409, 0.9572168326198426, 5.241986089512312e-05, 2.9867936412825303e-05];('challenge', 440)
[0.0001540570219364333, 0, 0, 0.00010588173949937623];('challenge', 441)
[0.0011971354100515769, 0, 0, 0];('challenge', 442)
[0, 0, 0, 0];('challenge', 443)
[0.0002032246036539034, 0, 0, 0];('challenge', 444)
[4.856072949415018e-05, 0, 3.135316344016154e-05, 0];('challenge', 445)
[0.0009294039931599472, 0.0014394890642776767, 0.0012703446405294473, 0.000301733443429763];('challenge', 446)
[0, 0, 0, 0];('challenge', 447)
[0.0003872372634067505, 0, 0.001531553086747503, 0];('challenge', 448)
[0, 0, 0, 0];('challenge', 449)
[0.00019015123108943126, 0, 0.0005857070258441724, 0];('challenge', 450)
[0, 0, 0, 0];('challenge', 451)
[0, 0.0002612488404149046, 0, 0];('challenge', 452)
[1.8911974676911018e-05, 3.723988615049845e-06, 5.472361322138877e-05, 0.9992853745283221];('challenge', 453)
[0, 0, 0, 0];('challenge', 454)
[2.4124440128844846e-05, 0.9927413711510122, 2.4124440128844846e-05, 1.7649817437850427e-05];('challenge', 455)
[5.629099369243349e-05, 0, 0, 0];('challenge', 456)
[0, 0, 0, 0];('challenge', 457)
[0.00022088873427221918, 0, 0.00023513483367015677, 0.0005298845273612899];('challenge', 458)
[7.60330400177368e-05, 0, 0, 0];('challenge', 610)
[7.238564304390102e-05, 0, 0.0003453327538350507, 0];('challenge', 611)
[0, 0, 0, 0];('challenge', 612)
[0.0010391097266425067, 0, 0.0002627282085596145, 0.0009170111152075379];('challenge', 613)
[0.0004283185481796527, 0, 0, 0];('challenge', 614)
[9.508830713473893e-06, 9.415017384956844e-07, 5.417968423811313e-06, 0.9992110997482678];('challenge', 615)
[0, 0, 0, 0];('challenge', 616)
[0.0009596529525829708, 0, 0.0012322187823159705, 0];('challenge', 617)
[0.0003532051414432679, 0.0002012502232010304, 0, 0];('challenge', 618)
[0, 0, 0.0008046328637135449, 0];('challenge', 619)
[0.0015341705302148434, 0.0006395374257566077, 0, 0];('challenge', 620)
[0.00013527455843081145, 0, 0, 0];('challenge', 621)
[8.319769423254624e-05, 0, 8.856348450528783e-05, 0];('challenge', 622)
[0.00031080422330234566, 0, 0.0009573444053307673, 0];('challenge', 623)
[0, 0, 0, 0];('challenge', 624)
[0.0032418557704740844, 0, 0.0001946885716603088, 0];('challenge', 625)
[1.3839516280671173e-05, 1.2092834556207134e-06, 4.830465818491913e-05, 0.9995173162581674];('challenge', 627)
[0.00025270710719263337, 6.801519519881175e-05, 0, 0];('challenge', 628)
[4.324145903449747e-05, 0, 0, 0];('challenge', 629)
[0.0003514892359075739, 0, 0, 0];('challenge', 630)
[0.0003690873875083935, 0, 0, 0];('challenge', 631)
[0.0006863149221055711, 0, 0.00039105045497229567, 0.0001438594228450464];('challenge', 632)
[9.515743290508398e-06, 0.999937061454891, 1.0782749789420624e-05, 1.1478177402735969e-05];('challenge', 633)
[0.0002623996831575224, 0, 0.0006700613842201914, 0];('challenge', 634)
[0.00014387163372152033, 0, 0, 0];('challenge', 635)
[0.00026475573308470295, 0, 0.00021949021193241674, 0.00026475573308470295];('challenge', 636)
[0, 0, 0, 0];('challenge', 637)
[0, 0, 0.000271817001179663, 0];('challenge', 638)
[0.00019462489743988476, 0, 9.19342918812519e-05, 0];('challenge', 639)
[2.1435491421675353e-05, 1.993811285566692e-06, 2.7523715804623207e-05, 0.9995373244981066];('challenge', 640)
[0.0011746801106901994, 0, 0, 0];('challenge', 641)
[3.7605070673426e-05, 3.723406219138477e-06, 1.668714895674169e-05, 0.9991285058126356];('challenge', 642)
[1.077588277831785e-05, 0.9993003736912093, 1.6690013741588448e-05, 7.406148703046133e-06];('challenge', 643)
[0, 0, 0.0003083325923070997, 0];('challenge', 644)
[0.0005560428791722089, 0.00027959591835366703, 0.0016089634199582922, 0];('challenge', 645)
[0.0005180497777686938, 0, 0.0006651890817644389, 0];('challenge', 646)
[0, 0, 0, 0];('challenge', 647)
[0, 0, 0, 0];('challenge', 648)
[0.00029987139217263785, 0, 4.0583179794241304e-05, 9.73539873590302e-05];('challenge', 649)
[0, 0, 0, 0];('challenge', 650)
[5.2557066779536286e-05, 0, 0, 0];('challenge', 651)
[0, 0, 0.00019977760632167212, 0];('challenge', 652)
[0.001490487233341704, 0, 0.0004270317420112716, 0];('challenge', 653)
[0.0003009448747607463, 0.0003009448747607463, 0.00043787200025654566, 0];('challenge', 654)
[0.0001088498951716569, 5.768833101506629e-06, 0.9994595589129566, 8.477238359692672e-05];('challenge', 655)
[9.593427204830158e-05, 3.282690271092339e-06, 0.9981548324976424, 1.8890578218525954e-05];('challenge', 656)
[0, 0, 0, 3.329991888309859e-05];('challenge', 657)
[0.0001680295058285513, 2.2515966660724134e-06, 2.006826263749395e-05, 0.9961362735538544];('challenge', 658)
[0, 0, 0, 0];('challenge', 659)
[0, 0, 0, 0];('challenge', 660)
[5.8152349989388025e-05, 0, 0, 5.8152349989388025e-05];('challenge', 661)
[0, 0, 0.00024331570027860138, 0];('challenge', 662)
[7.881120579541211e-06, 0.9989599090155298, 4.780141264383942e-06, 3.117043655467377e-05];('challenge', 663)
[0.0003368735638939932, 0, 0.00018031542504018212, 0];('challenge', 664)
[0.00014987143565006107, 0, 0, 0];('challenge', 665)
[0.0001772487190701643, 0, 0, 0.0001772487190701643];('challenge', 666)
[0.0003615113385253986, 0, 0, 0];('challenge', 667)
[0, 0, 0, 0];('challenge', 668)
[0, 0, 0, 0.00012758068256760584];('challenge', 669)
[0.00018855184620301913, 0, 0, 0];('challenge', 670)
[0.00108407129005231, 0, 0.0001294739137216377, 0.00048105371889683865];('challenge', 671)
[0.004725116005973262, 0, 0.0003215481795737257, 0];('challenge', 672)
[0, 0, 0, 0];('challenge', 673)
[0.00031287377250179395, 0, 0.0002939177088999169, 0.0010258736053321445];('challenge', 674)
[7.985995840543673e-05, 3.7723173254016966e-05, 0, 0];('challenge', 675)
[1.7761277104641897e-05, 0.9990102321958929, 4.8280156803773754e-05, 3.963076604799386e-06];('challenge', 676)
[3.2043618226164704e-05, 0, 0, 2.8278393832193636e-05];('challenge', 677)
[0.0007973587793454773, 0, 0.00031225018447183313, 0];('challenge', 678)
[0, 0, 0, 0];('challenge', 679)
[0, 0, 0, 0];('challenge', 680)
[0.00018487318505992816, 0, 0, 0.00022299962812608826];('challenge', 681)
[0.000462589766782478, 0, 0.00031793298718801335, 0];('challenge', 682)
[0.0001682708483474282, 0, 0, 0.0001682708483474282];('challenge', 683)
[0.9998728198669931, 0, 7.410394815111752e-06, 1.9944807071290037e-06];('challenge', 684)
[0.00011569410333395639, 0, 9.010265827322927e-05, 0.00020304947483910617];('challenge', 685)
[0.00029251479377822697, 0, 0.00018886174556127097, 0.0029542947628201713];('challenge', 686)
[0, 0, 0, 0];('challenge', 687)
[0.00020496682323325918, 0, 0, 0.00026318261060924827];('challenge', 688)
[0.00011656092254738672, 0, 0, 0.00010949885325460488];('challenge', 689)
[0, 0, 0, 0];('challenge', 690)
[0.0007948760772040302, 0, 1.3676598379067759e-05, 0.9877512644967658];('challenge', 691)
[0.00043564879127708066, 0, 0.0003187274644300256, 0];('challenge', 692)
[0, 0, 0, 0];('challenge', 693)
[4.6050491005650575e-05, 0, 0, 0];('challenge', 694)
[0.00021788849044625708, 0, 0.0005226873165713121, 0];('challenge', 695)
[0.00018407078694896565, 0, 0, 0];('challenge', 696)
[0.00015545569597672822, 0, 0, 9.428864583685153e-05];('challenge', 697)
[0.00021949335178754202, 0, 0, 0.0005265371787931635];('challenge', 698)
[0.00011519360842769876, 0, 0.00010821438050960071, 0.0001016580026349869];('challenge', 699)
[3.7605644485644916e-05, 0, 1.776364864928824e-05, 0.9991436192273488];('challenge', 700)
[0, 0, 0, 0];('challenge', 701)
[0.0002245425382458735, 0.0002245425382458735, 0.00021093819358546806, 0];('challenge', 702)
[0.00010330113780207935, 0, 0, 0.00028080160574653606];('challenge', 703)
[0, 0, 0, 0];('challenge', 704)
[0, 0, 0, 0];('challenge', 705)
[0, 0, 0, 0];('challenge', 706)
[0, 0.37951999718275486, 0, 0];('challenge', 707)
[0.0006804643672855682, 0, 0, 0];('challenge', 708)
[5.087504842591105e-05, 0, 0, 0.00011464869142894714];('challenge', 709)
[0, 0, 0, 0];('challenge', 710)
[0.0004017752327357262, 0, 0, 0];('challenge', 711)
[0.002467118335039163, 0, 0, 0];('challenge', 712)
[0, 0, 0, 0];('challenge', 713)
[0.0002964411045217964, 0.00021688094513035128, 0, 0];('challenge', 714)
[0, 0, 0.00028918217287802995, 0];('challenge', 715)
[0.000590764558263571, 0, 0.8318583766601585, 7.055673109611654e-05];('challenge', 716)
[0, 0, 0, 0];('challenge', 717)
[0.000837524434114199, 0, 0, 0];('challenge', 718)
[1.3840506195414987e-05, 1.0125930645098429e-05, 3.7622396487671396e-05, 0.9995887779215812];('challenge', 719)
[0.00019394971297290224, 0, 0.0010484822423772989, 0];('challenge', 720)
[0.0003210505617819012, 0, 0.0002072858221233314, 0];('challenge', 721)
[5.197518387845897e-05, 0, 0, 0];('challenge', 722)
[0.00020269580367874912, 0, 0, 0];('challenge', 723)
[0, 0, 0, 0];('challenge', 724)
[0, 0, 0.00012948638539283288, 0];('challenge', 725)
[0.0001372697874795981, 0, 0, 0];('challenge', 726)
[0, 0, 0, 0];('challenge', 727)
[0, 0, 0, 0];('challenge', 728)
[0.00026884656179650254, 0, 0, 0.00014390319471961494];('challenge', 729)
[0.0003772634044787041, 0, 0.00035440617028877856, 0];('challenge', 730)
[0.0018715796337307252, 0, 0, 0];('challenge', 731)
[0.0025366400650789485, 0, 0.00017262060509457903, 0];('challenge', 732)
[0.00010089075275664957, 0, 0, 0];('challenge', 733)
[0.00015278512390674948, 0.0002681462432267969, 0.00011177998452072712, 0];('challenge', 734)
[0, 0, 0, 0.00010396756926507733];('challenge', 735)
[0, 0, 0, 0];('challenge', 736)
[0, 0, 0, 0];('challenge', 737)
[0.00011078663272512717, 0, 0.0006786504024505624, 0];('challenge', 738)
[0.002636804269159302, 0, 0, 0];('challenge', 739)
[0.0003262924030763241, 0, 0.0027320115393878338, 0];('challenge', 740)
[2.5598358151968213e-06, 0.9994327665126158, 3.0877513938416213e-06, 4.782402913431679e-06];('challenge', 741)
[0, 0, 0, 0];('challenge', 742)
[0.00041609323028596426, 0, 0.0008808693754278078, 0.00036720098691378223];('challenge', 743)
[0.00018112114306010618, 0, 0.000218473801568805, 0];('challenge', 744)
[0.00020073842952900676, 0, 0, 0];('challenge', 745)
[0.0009372281919423521, 0.00047126793067322483, 0.0005016621008673337, 0.00025225154578733877];('challenge', 746)
[0.0002181302897003537, 0, 0.0004075210319262054, 0];('challenge', 747)
[0, 0, 0, 0];('challenge', 748)
[0.0005612434136988337, 0, 0, 0];('challenge', 749)
[0, 0, 0, 0];('challenge', 750)
[0.0005859802321061667, 0, 0.00040273793111001376, 0];('challenge', 751)
[7.478832484385268e-05, 2.724164533303265e-06, 0.00013125759780346325, 0.999151711629009];('challenge', 752)
[0.0005153226571480868, 0, 0.00024342107103414218, 0];('challenge', 753)
[0.0013890616456609353, 0, 0, 0];('challenge', 754)
[0.0002915255905819264, 0, 0, 0];('challenge', 755)
[0.0006986582564371483, 0, 0, 0];('challenge', 756)
[0.0004606582212209931, 0.0009161282652133174, 0, 0];('challenge', 757)
[0, 0, 0, 0];('challenge', 758)
[8.57090190709236e-05, 0, 0, 0];('challenge', 759)
[0.00015100454725974871, 0, 0.00010378380638030997, 0];('challenge', 760)
[6.533665982339693e-06, 0.9989583625359326, 3.2853335758349255e-06, 5.416599347824355e-06];('challenge', 459)
[0, 0, 0, 0];('challenge', 460)
[0.0002036424996539751, 0, 0, 0];('challenge', 462)
[0.0002724845459629488, 0, 0, 0];('challenge', 463)
[0.0006611985186986871, 0.0002934049241957334, 0.0001671770864982073, 0];('challenge', 464)
[1.2990785049590391e-05, 4.489495181853653e-06, 3.5312614937719e-05, 0.9987302472027424];('challenge', 465)
[0.0001402543291914974, 0, 0.00031606800989029233, 0];('challenge', 466)
[0, 0, 0, 0];('challenge', 467)
[0.0004175391601849124, 0, 0.0005361308941398818, 0];('challenge', 468)
[3.809002617788716e-05, 0, 0, 0];('challenge', 469)
[0.0004340140947652314, 0.0001809239921127739, 0.000491802400092421, 0];('challenge', 470)
[0.0030547425217121206, 0, 0.00019528306283199742, 0];('challenge', 471)
[0.0007636750671350848, 0.0006331088674833575, 0.0006739408813277953, 0.003020393481900783];('challenge', 472)
[0.000485695077975659, 0, 0.0001902009253844947, 0.0012402658309516941];('challenge', 473)
[1.4719561467839155e-05, 3.721687971951573e-06, 1.5668891620215614e-05, 0.998667587378964];('challenge', 474)
[1.8882166872249756e-05, 0, 0.9977095258691837, 0.00010207602970737472];('challenge', 475)
[0.0006116247291733797, 0, 0, 0];('challenge', 476)
[0.0010343841527030535, 0.0006678486039530902, 0.00027840071788335746, 0.0017054111546366537];('challenge', 477)
[0.00022009745674161647, 0, 9.175027034341338e-05, 9.175027034341338e-05];('challenge', 478)
[0.00014828000331155354, 0, 0.0003557050669200116, 0];('challenge', 479)
[0.000639306921168527, 0, 0.00026650264727436584, 0.000412767571587612];('challenge', 480)
[0, 0, 0, 0];('challenge', 481)
[0, 0, 0, 4.7028535040406224e-05];('challenge', 482)
[5.452456383316667e-05, 0, 0, 0];('challenge', 483)
[0, 0, 0.00023733025831418429, 0];('challenge', 484)
[0.00031456356777176506, 0, 0, 0];('challenge', 485)
[0, 0, 0, 0];('challenge', 486)
[2.751941136086484e-05, 0, 0.9993808529253569, 7.48055158321283e-05];('challenge', 487)
[0, 0, 4.02545347760435e-05, 0];('challenge', 488)
[0.002025745470653393, 0, 0.0002272823427929809, 0];('challenge', 489)
[0.0001228495674254585, 0, 0, 0];('challenge', 490)
[0, 0, 0, 0];('challenge', 491)
[0.9998300364485936, 1.4591306365308945e-06, 3.320966021519404e-05, 6.539369825935933e-06];('challenge', 492)
[0.0009731365811069804, 0, 0.0004318267402077212, 0];('challenge', 493)
[0.0023207053407811014, 0, 0.0002771688594862958, 0];('challenge', 494)
[0.00017854454164742338, 0, 0.00021536582700412617, 0];('challenge', 495)
[0, 0, 0, 0];('challenge', 496)
[6.5201089718662344e-06, 0, 4.481200992912491e-06, 0.996885730440061];('challenge', 497)
[4.1347199753715815e-05, 0, 0, 0];('challenge', 498)
[0.0009259810288226707, 0, 0.00038600632185900157, 0];('challenge', 499)
[0, 0, 0.00021533789593082436, 0];('challenge', 500)
[0, 0, 0, 0];('challenge', 501)
[0.0002583874838597531, 8.305852058595805e-06, 0.9890107276631767, 9.505544316802104e-05];('challenge', 502)
[0, 0, 0, 0];('challenge', 503)
[0, 0, 0, 0];('challenge', 504)
[0.0007497961199051382, 0, 0.0003327200113171359, 0];('challenge', 505)
[0.00028043496851787303, 0.0002985214700740802, 0, 0];('challenge', 506)
[0.0001294952768225777, 0, 0, 0];('challenge', 507)
[0.00010748012893652714, 0, 0, 0];('challenge', 508)
[0.00010435398375093009, 0, 9.2092067432559e-05, 0.00019495890828462298];('challenge', 509)
[0.0001540678944167307, 7.747020246422502e-05, 0, 0];('challenge', 510)
[0.010567807045788054, 0, 0, 0];('challenge', 511)
[0, 0, 0, 0];('challenge', 512)
[0.0025039320577602657, 0, 0.0003607256143823753, 0];('challenge', 513)
[0.00033810997707363875, 0, 0, 0];('challenge', 514)
[0, 0, 0, 0];('challenge', 515)
[0, 0, 0, 0];('challenge', 516)
[0.0018968584844093765, 0, 0, 0];('challenge', 517)
[3.509352305812902e-05, 0, 0, 0];('challenge', 518)
[0, 0, 0.00022907411552528282, 0];('challenge', 519)
[0.000783447991807368, 0, 0.00030680264180040406, 0.0009450186665661681];('challenge', 520)
[0.004490307033239602, 0, 0, 0];('challenge', 521)
[2.2695754619858973e-05, 0.9941845368292901, 1.2148162039142185e-05, 8.887785210812728e-06];('challenge', 522)
[1.221641723895767e-05, 5.092560363467241e-06, 4.263948587541133e-05, 0.9997698598326753];('challenge', 523)
[0, 0, 0, 0];('challenge', 524)
[0, 0, 0, 0];('challenge', 525)
[0, 0, 0, 0];('challenge', 526)
[0, 0, 0, 0];('challenge', 527)
[0.0004346548831606847, 0, 0.0015170946103662953, 0];('challenge', 528)
[0.00026547808276403633, 0, 0, 7.145245664356447e-05];('challenge', 529)
[0, 0, 0.00016104286459279744, 0];('challenge', 530)
[0, 0, 0, 0];('challenge', 531)
[9.69088001135701e-05, 0, 0.00015009528582017628, 0];('challenge', 532)
[4.2938189086604624e-05, 0, 0, 0];('challenge', 533)
[7.409977867752639e-06, 0, 4.222078120681721e-06, 0.9998164513923169];('challenge', 534)
[0, 0, 0, 0];('challenge', 535)
[0, 0, 0, 0];('challenge', 536)
[0.00010888903757848413, 0, 0, 0.00016865064059066692];('challenge', 537)
[0.00040944740704994015, 0, 0.0007186025785233164, 0.002079345506686438];('challenge', 538)
[0.0002042232330747848, 0, 0, 0];('challenge', 539)
[2.420572194385714e-05, 0, 0, 0];('challenge', 540)
[0.0003529031227653799, 0.0005465870490216215, 0.00017745083409098866, 0];('challenge', 541)
[0, 0, 0, 0];('challenge', 542)
[0.00013259196201449114, 0, 0.00024771439702157984, 0];('challenge', 543)
[0.00030384080762853565, 8.70518488674497e-05, 0.00032343685611370345, 0];('challenge', 544)
[0.00018149618344857275, 0, 0, 0];('challenge', 545)
[0.00016036714121758433, 0, 0.00016036714121758433, 0];('challenge', 546)
[0, 0, 0, 0];('challenge', 547)
[5.3780028998379236e-05, 0, 0, 0];('challenge', 548)
[0, 0, 0, 0];('challenge', 549)
[3.181545450895702e-05, 0, 6.735331772400182e-05, 0];('challenge', 550)
[0.00043778702949048094, 0, 0, 0];('challenge', 551)
[0, 0, 0, 0];('challenge', 552)
[0.00010190882681038754, 6.120100749698278e-06, 3.308495206958706e-05, 0.9960757130952566];('challenge', 553)
[7.102464995906766e-05, 0, 0, 6.672148395330275e-05];('challenge', 554)
[0.0045732909146786, 0, 0.0006588450233040313, 0];('challenge', 555)
[0, 0, 0, 0];('challenge', 556)
[4.7843918596124765e-06, 1.067542121848176e-06, 1.4736964417804622e-05, 0.999847912081846];('challenge', 557)
[5.826492846109822e-05, 0.9994894490131755, 4.2627532281597464e-05, 3.118696884064421e-05];('challenge', 558)
[0.00013853837783512469, 0, 0.0006609293209582601, 0];('challenge', 559)
[0, 0, 0, 0];('challenge', 560)
[0, 0, 0.00014847811069618457, 0];('challenge', 561)
[0.0007108292769697679, 0.0007566738265709064, 0.0007108292769697679, 0];('challenge', 562)
[0, 0, 0.00014851988850207829, 0];('challenge', 563)
[0, 0, 0, 0];('challenge', 564)
[0.0005196589248386316, 0, 0.000912029816069022, 0.00038019059113355105];('challenge', 565)
[0, 0, 0, 0];('challenge', 566)
[0, 0, 0, 0];('challenge', 567)
[0.0002685674957793054, 0, 0.00020916057602044929, 0.0006442602375947362];('challenge', 568)
[0.9998785404885726, 1.6534920431892741e-06, 4.0060445112674874e-05, 2.9019689106461345e-06];('challenge', 569)
[0.0005331318806448458, 0, 0.0007287048821147152, 0.000500831052880083];('challenge', 570)
[0.00020891875750895484, 0, 0.0006850182336264528, 0];('challenge', 571)
[0.00031352192684753084, 0, 0.00024417112213891276, 0.0006637256078555525];('challenge', 572)
[0, 0, 0, 0];('challenge', 573)
[0.00015814082086698165, 0, 0, 0];('challenge', 574)
[0, 0, 0, 0];('challenge', 575)
[0, 0, 0, 0];('challenge', 576)
[0.00021845463394717257, 0, 0, 0.0005578437163130445];('challenge', 577)
[0, 0, 0, 0];('challenge', 578)
[6.674261264578701e-05, 0, 0.00015040679938677721, 0];('challenge', 579)
[0, 0, 9.231858491986823e-05, 0];('challenge', 580)
[0.0003502139165122117, 0, 0.0002727468724222141, 0];('challenge', 581)
[0.00017971147575613665, 0, 0, 0.0002783425786633579];('challenge', 582)
[0.013234133176340111, 0, 0.001682531221094168, 0.0002580245196264531];('challenge', 583)
[0.00014502326630281656, 0, 0.00013623675077674324, 0];('challenge', 584)
[0, 0, 0, 0];('challenge', 585)
[0.0014448185202113662, 0, 0.0002672646799223984, 0];('challenge', 586)
[7.011181753156284e-05, 0, 0.997084914767405, 0.00020287527084784078];('challenge', 587)
[0, 0, 0.00010445992646820078, 0];('challenge', 588)
[0.0022085072121423403, 0, 0, 0];('challenge', 589)
[0, 0, 8.968874865716782e-05, 0];('challenge', 590)
[0, 0, 0.00035426998727105684, 0];('challenge', 591)
[4.493487328893469e-06, 0.9996185566208589, 4.263302076056551e-05, 8.394939536978138e-06];('challenge', 592)
[0, 0, 0, 0];('challenge', 593)
[0.0002978546126735776, 0, 0, 0];('challenge', 594)
[0.0001964147358622928, 0, 0, 0.0001349937421547145];('challenge', 595)
[6.176015397584522e-05, 0, 0, 7.449696593456195e-05];('challenge', 596)
[0, 0, 0, 0];('challenge', 597)
[0.0003692840258181554, 0, 0.0007817742887918303, 0];('challenge', 598)
[2.5604242239836e-06, 0.9996627514896278, 4.538460530097361e-05, 1.0779788625411322e-05];('challenge', 599)
[9.237618225845835e-05, 0, 0.00011861336591643972, 0];('challenge', 600)
[0.00025156494479767203, 0, 0, 0];('challenge', 601)
[0, 0, 0, 0];('challenge', 602)
[0.0004524937881903916, 0, 0, 0];('challenge', 603)
[0.0004048414469142941, 0, 0.0024799545226609227, 0];('challenge', 604)
[0, 0, 0, 0];('challenge', 605)
[0.00030648213091244805, 0.0002540826107283968, 0, 0];('challenge', 606)
[0.00033851601999045506, 0, 0, 0.0002053203449281057];('challenge', 607)
[0, 0, 0, 0];('challenge', 608)
[0, 0, 0, 0];('challenge', 609)
[3.7256439689426505e-06, 1.2875481030607567e-06, 6.5387087978688485e-06, 0.9997287532382807];('challenge', 259)
[0.0002486796548532004, 0, 0, 0];('challenge', 260)
[0.0008189174637824273, 0, 0, 0];('challenge', 261)
[0.0012045282412494166, 0, 0, 0];('challenge', 262)
[0.0016132617109056839, 0, 0.00017003645226508764, 0.0023472819389000407];('challenge', 263)
[0.001230252588433012, 0, 0.0001074982731516719, 0];('challenge', 264)
[0.006392746288249156, 0, 0, 0];('challenge', 265)
[7.872208114296516e-05, 0, 0, 0];('challenge', 266)
[0, 0, 0, 0];('challenge', 267)
[0, 0, 0, 0];('challenge', 268)
[0.00021942888910232792, 0, 0.00026468176363206975, 0];('challenge', 269)
[0.00018634004488940297, 0, 0, 0];('challenge', 270)
[0.0003746848528543333, 0, 0.00018840337580255421, 0.0007000034616561953];('challenge', 271)
[0.0003798328950173681, 0, 0, 0];('challenge', 272)
[0.0005100429669602253, 0, 0, 0];('challenge', 273)
[2.56094438251738e-06, 0.9998650732971539, 2.901930165439748e-06, 2.1230974631474336e-06];('challenge', 274)
[1.8923358732363745e-05, 2.4058350819749006e-06, 2.14429746744066e-05, 0.999886406453068];('challenge', 275)
[0.00021912274082031883, 0, 0.0002643124783135021, 0];('challenge', 276)
[0.00024070997732260994, 0, 0.0007892576303242187, 0];('challenge', 277)
[0.0008972814851727884, 0, 0, 0];('challenge', 278)
[8.819608440682096e-05, 0.9768250268650991, 6.061622324415169e-05, 9.895326426515088e-06];('challenge', 279)
[0.00016409234408709596, 0, 9.952703771293875e-05, 0];('challenge', 280)
[0.00011698677886127641, 0, 0.0001245317778644777, 0.0009795187739425183];('challenge', 281)
[4.2588117315865396e-05, 2.7225672528236224e-06, 0.9985658262829853, 4.2588117315865396e-05];('challenge', 282)
[0.00013302893141664053, 0, 0, 0];('challenge', 283)
[0, 0, 0, 0];('challenge', 284)
[0.0001295705079257485, 0, 0, 0];('challenge', 285)
[0, 0, 0, 0];('challenge', 286)
[0.00011530120883516016, 0, 0, 0];('challenge', 287)
[0, 0, 0, 0];('challenge', 288)
[0.0011348283853022101, 0, 0, 0];('challenge', 289)
[0, 0, 0, 0];('challenge', 290)
[0.0013182185752149504, 0, 0.000354793716346091, 0.0008511058805974081];('challenge', 291)
[0.00011788171879957792, 0, 0.00019435409721155528, 0];('challenge', 292)
[0, 0, 0, 0];('challenge', 293)
[0.00014735496291522405, 0, 0.00018920751765822726, 0];('challenge', 294)
[0, 0, 0, 0];('challenge', 295)
[0, 0, 0, 0];('challenge', 296)
[0.000276595331486066, 0, 0, 0];('challenge', 297)
[0.0003582414764614114, 0, 0.0007583972116201571, 0];('challenge', 298)
[8.635925069306073e-05, 0, 0, 0];('challenge', 299)
[0.0005757538777726929, 0, 0.002923919453611097, 0.0005757538777726929];('challenge', 300)
[7.816408202959443e-05, 0.00042255123672061486, 0, 0];('challenge', 301)
[0.9996109331039454, 1.5528958199873208e-06, 3.2874804767109116e-06, 1.2873958522701183e-06];('challenge', 302)
[0, 0, 0.0002200023919926732, 0];('challenge', 303)
[0.00035137897034839594, 0, 0.00021312222031912812, 0];('challenge', 304)
[9.602214271542609e-05, 0, 0, 0];('challenge', 305)
[0, 0, 0.00017595659571116113, 0];('challenge', 306)
[7.103054309499133e-05, 0, 0, 0];('challenge', 307)
[0.00025571178706984375, 0, 0.0008925222607268881, 0];('challenge', 308)
[0.00031762386894473036, 0, 0.0002633194359842969, 0];('challenge', 911)
[0, 0, 0, 0];('challenge', 912)
[0.00040415363892969944, 0, 0.0002163279572678429, 0];('challenge', 913)
[0.0001145502206423421, 0, 0, 0];('challenge', 914)
[0.0017358709647494947, 0, 0.00026620443424623275, 0];('challenge', 915)
[0.0018895615418929714, 0, 0.0001991582263113746, 0];('challenge', 916)
[0.0007173403142520634, 0, 0.0002055215390146956, 0.002075693023910667];('challenge', 917)
[0.0003698992621630794, 0.00019799280747353037, 0, 0];('challenge', 918)
[0.0006911010270835039, 0, 0.0010055460610403192, 0.0001448626449485217];('challenge', 919)
[7.699116541028484e-05, 0, 0.00025244431262681034, 0];('challenge', 920)
[0.00025296293789639924, 0, 0.00015342977760514896, 0.0003680590783600613];('challenge', 921)
[0.0003594380345005693, 0, 0.002068423075195216, 0];('challenge', 922)
[0, 0, 0.00010135510254251232, 0];('challenge', 923)
[0.00016674017565699765, 0, 0.0008467760785448524, 0];('challenge', 924)
[0.001453975915216921, 0.0013658839677709543, 0.0008284505040630262, 0.00028630469665116463];('challenge', 925)
[0, 0, 0, 0];('challenge', 926)
[0.00048223489003579507, 0, 0.00014707333193219, 0];('challenge', 927)
[0.00011473553829064093, 0, 0, 0];('challenge', 928)
[0.0006607374190267371, 0, 0, 0];('challenge', 929)
[0, 0, 0, 0.000125137988550331];('challenge', 930)
[5.6560698322101236e-05, 0, 0, 0];('challenge', 931)
[1.873217795746693e-06, 0.9996472649816528, 2.2820464483766362e-05, 6.959848441531459e-06];('challenge', 932)
[0.00016476632125457137, 0, 0, 0.00022520885931837865];('challenge', 933)
[0.00019150503331409724, 0, 0.00019150503331409724, 0.0008062663055954373];('challenge', 934)
[5.768040927235271e-06, 0.9993220398887218, 5.825514970700246e-05, 5.418572993887567e-06];('challenge', 935)
[0.00012503217794411427, 0, 0.00011745686123271991, 0];('challenge', 936)
[0, 0, 0, 0];('challenge', 937)
[5.818868659087529e-05, 1.0111677533098438e-05, 0.9981822690947617, 0.0001792337728536248];('challenge', 938)
[0.00024379325063366225, 0, 0, 0];('challenge', 939)
[0.00039377824645776474, 0, 0.00012784107930455767, 0];('challenge', 940)
[0.00019161884774952266, 0, 0.0005544677850656648, 0];('challenge', 941)
[0.0001802970260246456, 0, 0.0007590791943359177, 0];('challenge', 942)
[0.00011120698165030132, 0, 0, 0];('challenge', 943)
[0.0001507606489175479, 0, 0, 0];('challenge', 944)
[0.0017188450513668464, 0, 0, 0.0009200314575974154];('challenge', 945)
[0.0002450286166830171, 0, 0, 0];('challenge', 946)
[0.0001708340331841628, 0, 0, 0];('challenge', 947)
[0, 0, 0, 0];('challenge', 948)
[0.0003918316001428357, 0.0009399551449782433, 0, 0];('challenge', 949)
[0, 0, 0, 0];('challenge', 950)
[0, 0, 0, 0];('challenge', 951)
[0, 0, 0, 0.00024553294367100356];('challenge', 952)
[0.0006248813532890243, 0, 0.0010967009291375557, 0];('challenge', 953)
[0.00014119685710187177, 0, 0.00014119685710187177, 0];('challenge', 954)
[9.024954390345963e-05, 2.1224658371423e-06, 0.00017948264957352226, 0.9995682912057001];('challenge', 955)
[0.00012201647926490183, 0, 0, 0];('challenge', 956)
[0, 0, 0, 0];('challenge', 957)
[8.998973299957915e-05, 0, 6.18489786918729e-05, 0];('challenge', 958)
[0.00017171050278134758, 0, 0, 0.0001256260874891197];('challenge', 959)
[0.000704115741303534, 0, 0.000704115741303534, 0.0010905557938761467];('challenge', 960)
[0.00012558200647943058, 0, 0, 0.0001945052165986101];('challenge', 961)
[0.0006738875376699592, 0, 0, 0];('challenge', 962)
[9.607068912441677e-05, 2.7253156752789036e-06, 0.9995735318946571, 9.607068912441677e-05];('challenge', 963)
[0.0003483279614155337, 0.0003947072906379332, 0, 0];('challenge', 964)
[0, 0, 0, 0];('challenge', 965)
[0.00016338434723941144, 0, 0.0001354503813163696, 0.0005357166502550897];('challenge', 966)
[0.0024568063283249173, 0, 0.000661240452803404, 0.0002589454819041274];('challenge', 967)
[6.381665781759514e-05, 0, 0, 0];('challenge', 968)
[0.000538007809725497, 0, 0.0003936149220905246, 0];('challenge', 969)
[0.001080461420031047, 0, 0.00035077446589858576, 0];('challenge', 970)
[0, 0, 0, 0];('challenge', 971)
[0.0034166693750572697, 0, 0.00026346537770379185, 0];('challenge', 972)
[0.0002461342953322977, 5.8462019434810746e-05, 7.506671886518971e-05, 0];('challenge', 973)
[7.263888137313877e-05, 0, 2.2153607157254055e-05, 0.97043589433943];('challenge', 974)
[0, 0, 0.000666989328631094, 0];('challenge', 975)
[0.00018884085365574173, 0, 0.00020102004233385547, 0];('challenge', 976)
[0, 0, 0, 0];('challenge', 977)
[7.828038112146973e-05, 0, 0, 0];('challenge', 978)
[0, 0, 0, 0];('challenge', 979)
[0.0001345490356360867, 0, 8.160811534805428e-05, 0];('challenge', 980)
[0.0003233051733159138, 0, 0, 0];('challenge', 981)
[0.001680783931661039, 0, 0, 0];('challenge', 982)
[1.383303738758052e-05, 2.2581812771303478e-06, 2.928454037931171e-05, 0.9990499709269666];('challenge', 983)
[1.0126133440768837e-05, 1.5528928580764264e-06, 1.568366228107508e-05, 0.9996093845982684];('challenge', 984)
[0.00011720990280670232, 0, 0.00010343737617915627, 0];('challenge', 985)
[0.007425998426849949, 0, 0.0012904450306905175, 0];('challenge', 986)
[0, 0, 0, 0];('challenge', 987)
[0.00016911529652111697, 0, 0, 0];('challenge', 988)
[0, 0, 0, 0];('challenge', 989)
[0.001226514405684159, 0, 0.00017669615322350423, 0];('challenge', 990)
[0.00010612446232928365, 0, 6.046789591902967e-05, 0.0003268863569490264];('challenge', 991)
[0.0003333666750149987, 0, 0.0014940457838296614, 0];('challenge', 992)
[0.00024368307084104618, 0, 0, 0];('challenge', 993)
[0.0013544683336630277, 0.0028674094848659716, 0.0014418240359639995, 0.00034246322601368844];('challenge', 994)
[0.00010816794989933041, 0, 0.000333180741792839, 0];('challenge', 995)
[0.0022432112636272283, 0, 0.00018413399348795532, 0];('challenge', 996)
[0.001158975770575049, 0, 0, 0];('challenge', 997)
[0, 0, 0, 0];('challenge', 998)
[0.0006857038717531229, 0, 0.0001845546933918176, 0];('challenge', 999)
[0, 0, 0.0006892708679890366, 0];('challenge', 1000)
[0.0024830748274055794, 0, 0, 0];('challenge', 1001)
[0.0006647955692999616, 0, 0, 0];('challenge', 1002)
[0.0008751942123821551, 0, 0, 0];('challenge', 1003)
[0.003138141938741217, 0, 0.000330757884626002, 0];('challenge', 1004)
[0, 0, 0, 0];('challenge', 1005)
[2.0098409393621146e-05, 0.9976328748692599, 1.0757903322989146e-05, 4.212855472527583e-06];('challenge', 1006)
[0.00020673462487817143, 0, 0.00023426102037605058, 0.0004959303475497272];('challenge', 1007)
[0, 0, 0, 0];('challenge', 1008)
[7.801737002681566e-05, 0, 0, 0];('challenge', 1009)
[8.625266213929539e-05, 0, 0, 0];('challenge', 1010)
[1.6690523088158686e-05, 6.140100306530873e-06, 2.4284567798757756e-05, 0.9993307304298616];('challenge', 761)
[0.0003904469532704345, 0, 0.0001436373384845831, 0];('challenge', 762)
[0.00012727395573212402, 0.00017396287161794126, 0, 0];('challenge', 763)
[0, 0, 0, 0.00013575273069934264];('challenge', 764)
[0.00014837817491197722, 0, 0.001322480908125677, 0.0003559409076860813];('challenge', 765)
[0, 0, 0, 0];('challenge', 766)
[0.00028781613396380303, 0, 0.0001359547150237277, 0];('challenge', 767)
[0.00020425556620110955, 0, 0, 0];('challenge', 768)
[0, 0, 0, 0.0001285202576644482];('challenge', 769)
[8.39722957620114e-06, 0.9998915313159117, 6.143544397801739e-06, 8.938804354127278e-06];('challenge', 770)
[0.0002044873067825764, 0, 0, 0];('challenge', 771)
[0.006687386627833926, 0, 0.00021496569090617696, 0];('challenge', 772)
[0.00040059319373223184, 0, 0, 0.0006604665194040279];('challenge', 773)
[0.0014023059382590214, 0, 0, 0];('challenge', 774)
[0.007183076348757005, 0, 0.0004591987078605216, 0];('challenge', 775)
[5.458882003085504e-05, 0, 0, 0];('challenge', 776)
[0.0004456555038407969, 0, 0.001372715591743477, 0];('challenge', 777)
[0.001387331986670378, 0, 0.002591877375713348, 0.0001998641223882233];('challenge', 778)
[0, 0, 0.00012004118944984196, 0];('challenge', 779)
[0.0002852361003578219, 0, 0, 0];('challenge', 780)
[0, 0, 0, 0];('challenge', 781)
[2.585017153552889e-05, 0.0004304440011323176, 1.1470944084025442e-05, 0.9993070401097957];('challenge', 782)
[0.0004579228344981315, 0, 0, 0];('challenge', 783)
[0.0012573264453749318, 0, 0, 0];('challenge', 784)
[0, 0, 0, 0];('challenge', 785)
[0.00018105724401901193, 0, 0, 0];('challenge', 786)
[0.00010981938792763301, 0, 5.187500569950421e-05, 0];('challenge', 787)
[0.0004786450409298926, 0, 0.00035018419266211447, 0];('challenge', 788)
[0, 0, 0, 0];('challenge', 789)
[7.817354957376354e-05, 0, 4.184328581725277e-05, 5.3727842507082256e-05];('challenge', 790)
[0.001620947978159077, 0, 0.00021937155834045888, 0];('challenge', 791)
[0, 0, 0, 0.00012772640521951397];('challenge', 792)
[0.0008145707785537089, 0, 0, 0];('challenge', 793)
[0.0008432049783543101, 0, 0, 0];('challenge', 794)
[0.00010942692720570144, 0, 0.00014956887589081584, 0];('challenge', 795)
[8.869965530361795e-05, 0, 0, 0];('challenge', 796)
[0, 0, 0.00010716366254669678, 0];('challenge', 797)
[0.00022881603880737638, 0.9924368258595948, 6.555689271686074e-05, 1.6575378256746197e-05];('challenge', 798)
[0.00032558182801926185, 0, 0, 0];('challenge', 799)
[0, 0, 0, 0];('challenge', 800)
[0, 0.0001544988557507594, 0, 0];('challenge', 801)
[0.0005932951079538473, 0, 0.00019261481251473293, 0];('challenge', 802)
[0.0003126449989668643, 0, 0.0007983669734778794, 0];('challenge', 803)
[0, 0, 0, 0];('challenge', 804)
[1.4710075062654614e-05, 0, 1.8888110261833043e-05, 0.9980240839908717];('challenge', 805)
[0.00038853215205423186, 0, 0, 0];('challenge', 806)
[0.00014794580247197607, 0, 0.00020221793605610094, 0];('challenge', 807)
[0.001687724441496852, 0, 0, 0];('challenge', 808)
[0.0015098043247987463, 0, 7.516873114085184e-05, 0];('challenge', 809)
[8.556993139938864e-05, 0, 2.7780489360496246e-05, 0];('challenge', 810)
[1.3836322638537117e-05, 2.900250781333903e-06, 3.319161253694434e-05, 0.9992871601117573];('challenge', 811)
[2.0134149882729757e-05, 0.9994065708720934, 1.221197921112512e-05, 1.8914283408480744e-05];('challenge', 812)
[0.00039822301775585073, 0, 0, 0];('challenge', 813)
[0, 0, 0, 0];('challenge', 814)
[0.00025261554367924483, 0, 0, 0];('challenge', 815)
[0, 0, 0, 0];('challenge', 816)
[0.0004954054078917899, 0.001265062027059839, 0.0003404868254990957, 0.00028227349269555914];('challenge', 817)
[0.00016120774289998127, 0, 0, 0];('challenge', 818)
[0.00014034625032608033, 0, 0, 0];('challenge', 819)
[0.0001185952683339057, 0, 0.00022156513063540897, 0];('challenge', 820)
[0, 0, 0, 0];('challenge', 821)
[0, 0, 0, 0];('challenge', 822)
[0, 0, 0, 0];('challenge', 823)
[0.0001655473913189499, 0, 0.00047902726008872875, 0];('challenge', 824)
[0, 0, 0, 0];('challenge', 825)
[0, 0, 0.00019638177106762967, 0];('challenge', 826)
[3.316633063366411e-05, 0, 3.758237625143938e-05, 0];('challenge', 827)
[0.0003572473029530502, 0, 0, 0];('challenge', 828)
[0.0001967452511963744, 0, 0, 0.00011933202700346473];('challenge', 829)
[0.000688275060692229, 0, 0, 0.0001535748512882142];('challenge', 830)
[2.0141390120164874e-05, 2.122886900263373e-06, 3.762907066906333e-05, 0.9997659277557621];('challenge', 831)
[0, 0, 0, 0];('challenge', 832)
[0.0010215793488292056, 0, 0.0010215793488292056, 0.002956037860421818];('challenge', 833)
[0.00020601428630414247, 0, 0, 0];('challenge', 834)
[0.00041880734668425025, 0.00027040247518177857, 0.00017458495964357, 0];('challenge', 835)
[0.00047576337297613655, 0, 0.0006108922632304491, 0.0006922316230700759];('challenge', 836)
[0.00017760964313555456, 0, 0.00031171463130611176, 0];('challenge', 837)
[2.8348760829479253e-05, 0, 0, 3.640052943665322e-05];('challenge', 838)
[0.0004443820835266534, 0, 0.0002869147742115332, 0];('challenge', 839)
[1.887658539169109e-05, 4.4835820239598275e-06, 0.9974150892239031, 6.189394066907029e-05];('challenge', 840)
[0.000672004581688789, 0, 0, 0];('challenge', 841)
[0.00018873462886668927, 1.1334395456933224e-05, 5.407337650393418e-05, 0.9874117656508206];('challenge', 842)
[0, 0, 0, 0];('challenge', 843)
[0, 0, 0, 0];('challenge', 844)
[0.00014088950356762163, 0.00023228752135031935, 0, 0];('challenge', 845)
[0.9940190175077099, 0, 5.389819770000521e-06, 0];('challenge', 846)
[0, 0, 0, 0];('challenge', 847)
[0.00021980903161324513, 0, 0.00046533572357685586, 0];('challenge', 848)
[0.00017776588179296878, 0, 0.0007484219602500113, 0];('challenge', 849)
[0, 0, 0, 8.653699850626062e-05];('challenge', 850)
[0, 0, 0, 0];('challenge', 851)
[0.00012264506197313412, 0, 0, 0];('challenge', 852)
[0.00029170719448872134, 0, 0.00016620974927011636, 0.00025743069559793874];('challenge', 853)
[0.001064142147303484, 0, 0, 0];('challenge', 854)
[0.0001969012342687986, 0, 0.0005352330471140327, 0];('challenge', 855)
[7.47589452497718e-05, 1.0770047203247333e-05, 0.0001684718837757284, 0.9987593801945651];('challenge', 856)
[0.00010497663798260275, 0, 0, 0];('challenge', 857)
[0.0001562419418028156, 0, 0.00020061862442746217, 0];('challenge', 858)
[0.0009526035883263989, 0, 0.0005098919574999044, 0.000290527541317515];('challenge', 859)
[0, 0, 0, 0];('challenge', 860)
[0.00016376591671209083, 0, 0, 0.00030595501186254573];('challenge', 861)
[0, 0, 0.000248658311423188, 0];('challenge', 862)
[0, 0, 0, 0];('challenge', 863)
[0, 0, 0, 0];('challenge', 864)
[0, 0, 0, 0];('challenge', 865)
[0.00027375901959022196, 0, 0, 0];('challenge', 866)
[7.593057890638339e-05, 0, 0, 4.6054224116450885e-05];('challenge', 867)
[0.0007625990383631533, 0, 0.00015984936604925823, 0];('challenge', 868)
[0, 0, 0, 0];('challenge', 869)
[0.0002989026314488292, 0, 0, 0];('challenge', 870)
[0, 0, 0, 0];('challenge', 871)
[3.318604190250586e-05, 5.089244355673193e-06, 0.999119223776573, 2.928657918800402e-05];('challenge', 872)
[0, 0, 0, 0];('challenge', 873)
[0, 0, 0, 0];('challenge', 874)
[0.0006121738521686406, 0, 0, 0];('challenge', 875)
[0, 0, 0, 0];('challenge', 876)
[0.000529789785095085, 0, 0, 0.0002663949066052268];('challenge', 877)
[0.00018299958928400016, 0, 0, 0];('challenge', 878)
[0.0022515152865138304, 0, 0.00036754976674487126, 0];('challenge', 879)
[0.0002825417402664237, 0, 0, 0.00030076411692661707];('challenge', 880)
[0.0006218313850731799, 0, 0.0019153755094884451, 0];('challenge', 881)
[0, 0, 0, 0];('challenge', 882)
[2.9244770131546283e-05, 3.957849248942447e-06, 3.997286139670366e-05, 0.9976927945604654];('challenge', 883)
[0.00039729460222329475, 0, 0.0015713306333953428, 0];('challenge', 884)
[0, 0, 0.00011069580722097841, 0];('challenge', 885)
[0.001599529143201174, 0, 0, 0];('challenge', 886)
[0.022144547512405695, 0, 0.0008586372875854611, 0];('challenge', 887)
[0, 0, 0.00011640118235957315, 0];('challenge', 888)
[0, 0, 0, 0];('challenge', 889)
[0, 0, 0, 0];('challenge', 890)
[0.00028043389874540586, 0, 0, 0];('challenge', 891)
[0.0002327023676998388, 0, 0.0002186036439648532, 0];('challenge', 892)
[0.000284153606563173, 0, 0.0001260923985622455, 0];('challenge', 893)
[0.0004875737148987744, 2.5585520398885373e-06, 6.598592680455308e-05, 0.9989314780370829];('challenge', 894)
[0, 0, 0, 0];('challenge', 895)
[0.00011897317497032863, 0, 0.00012664628551577978, 0];('challenge', 896)
[6.956019698686735e-06, 0.9990970903382855, 1.7762818572644506e-05, 3.723289040725298e-06];('challenge', 897)
[0.0009118410934652449, 0, 0, 0];('challenge', 898)
[0.0004921955953764609, 0, 0.0002474914878934926, 0.00015979251446188];('challenge', 899)
[0.00018115171895371053, 0, 0, 0];('challenge', 900)
[0.0002790988041354126, 0, 0.0002621890624204263, 0];('challenge', 901)
[0.0005249993502355332, 0, 6.270223073672886e-05, 0];('challenge', 902)
[0.00022862169095243194, 0, 0, 0];('challenge', 903)
[9.213124608846553e-05, 0, 0.00019504184949982795, 0];('challenge', 904)
[6.607225900505751e-05, 0, 0, 7.033355359906937e-05];('challenge', 905)
[0.00023173524841709378, 0, 0.00014055453310109087, 9.07488271794797e-05];('challenge', 906)
[0.00010530863774677717, 0, 0, 0];('challenge', 907)
[0.00011974642199811202, 0, 0, 7.262987633274228e-05];('challenge', 908)
[0.007781344252355976, 0, 0.000770457416078035, 0];('challenge', 909)
[0, 0, 0, 0.00020305412232595095];('challenge', 910)
[1.568792563561553e-05, 0.9998809241038948, 4.7845469956832295e-06, 3.5004493594715513e-06];('challenge', 1011)
[0, 0, 0, 0];('challenge', 1012)
[8.879834278284832e-05, 0, 0, 0];('challenge', 1013)
[0, 0, 0, 0];('challenge', 1014)
[0.000416638218799287, 0, 0, 0];('challenge', 1015)
[0.0013356099566217538, 0, 0, 0];('challenge', 1016)
[0.00019222742919780287, 0, 0.0005562282442549682, 0];('challenge', 1017)
[0, 0, 0, 0];('challenge', 1018)
[0.00011582017396619641, 3.7230333915330068e-06, 0.999029149341837, 5.1394890650622376e-05];('challenge', 1019)
[0, 0, 0, 0];('challenge', 1020)
[0.00020372699793016477, 0, 0, 0];('challenge', 1021)
[0.000608665875659185, 0, 0.00017438560990790604, 0.0011371375616272162];('challenge', 1022)
[0.0005694861578965722, 0, 0, 0];('challenge', 1023)
[0, 0, 0, 0];('challenge', 1024)
[4.836997912504237e-05, 0, 4.268635675593143e-05, 0];('challenge', 1025)
[0.0005178968916203134, 0, 0.0018076377683583394, 0];('challenge', 1026)
[0.00011549589189788604, 0, 0, 0];('challenge', 1027)
[0.0008757953669229638, 0, 0, 0];('challenge', 1028)
[0, 0, 0, 0.00018148181769250024];('challenge', 1029)
[0.00023529522141332087, 0, 0.0012719945558243195, 0];('challenge', 1030)
[0, 0, 0.00041434456929106847, 0];('challenge', 1031)
[0, 0, 0.0001026602212207172, 0];('challenge', 1032)
[0.00010882021031820605, 2.55920605026103e-06, 7.88290959586699e-06, 0.9991872960597923];('challenge', 1033)
[0.0005440592984912026, 0, 0.0001140409698702092, 0.0001140409698702092];('challenge', 1034)
[0, 0, 0, 0];('challenge', 1035)
[1.957496698486926e-05, 0, 0, 0];('challenge', 1036)
[0.0005536453469337338, 0, 0.00010901923273372871, 0];('challenge', 1037)
[0, 0, 0, 0];('challenge', 1038)
[0.00036367705728131036, 0, 0.0009286818996129013, 0];('challenge', 1039)
[0.00010085823667873118, 9.381277367360386e-06, 0.00020058055439899173, 0.9858069595748233];('challenge', 1040)
[0, 0, 4.4132267274816446e-05, 0];('challenge', 1041)
[0, 0, 0, 0];('challenge', 1042)
[8.321594524006751e-05, 0, 0, 0];('challenge', 1043)
[0, 0, 0, 0.001067792703183907];('challenge', 1044)
[0, 0, 0, 0];('challenge', 1045)
[0.0002598144708994942, 0, 0, 0.0008518992593803424];('challenge', 1046)
[0.0001005645286500238, 0, 0.00017649624433224164, 0];('challenge', 1047)
[0.0016313889395567548, 0, 0.00022078448420399062, 0.0003017766098325011];('challenge', 1048)
[0, 0, 0.00013484898724831827, 0];('challenge', 1049)
[0.0001430351929825003, 0, 0.00032233478318181906, 0.0005314399599079983];('challenge', 1050)
[0, 0, 0, 0];('challenge', 1051)
[0.00012621643839815118, 0, 0, 0];('challenge', 1052)
[0, 0, 0, 9.92422222977751e-05];('challenge', 1053)
[0.0006428403567196151, 0, 0.00015268796807565947, 0];('challenge', 1054)
[0.00040747323172177875, 0, 0, 0];('challenge', 1055)
[0.00019393972512764696, 0.0006769161537713679, 0.00010380845431840463, 0];('challenge', 1056)
[0, 0, 0, 0];('challenge', 1057)
[0.0003972470544166554, 0, 0.00030937616953041156, 9.435440075660698e-05];('challenge', 1058)
[0.0002910219749769324, 0.0013883888547394348, 0, 0];('challenge', 1059)
[0.0009942709670136326, 0, 0.0004696603491787047, 0.0008774410487193211];('challenge', 1060)
[0, 0, 0, 0.00012504481802053682];('challenge', 1061)
[6.305001724849517e-05, 0, 0, 0];('challenge', 1062)
[0.00028468089975104954, 0, 0.00023600875528341557, 0];('challenge', 1063)
[0, 0, 0, 0];('challenge', 1064)
[0, 0, 0, 0];('challenge', 1065)
[0, 0, 0, 0];('challenge', 1066)
[8.539197114735976e-05, 0, 0.00019243377752928184, 0];('challenge', 1067)
[9.476520869273796e-06, 0.9958156929981955, 3.989764310077274e-05, 4.765093942371496e-06];('challenge', 1068)
[0.0002195010969555612, 0.0001605904331036207, 0.00015086075062041492, 0];('challenge', 1069)
[0, 0, 0, 0];('challenge', 1070)
[6.46623893754626e-05, 0, 0, 0];('challenge', 1071)
[0, 0, 0, 0];('challenge', 1072)
[2.584553725378567e-05, 2.4040094460360484e-06, 1.2208567336310208e-05, 0.999128148787286];('challenge', 1073)
[0.00019095445595942686, 0, 0.0002451903748816841, 0.00029575604704915753];('challenge', 1074)
[0, 0, 0, 0];('challenge', 1075)
[0.0003186575607915611, 0.00014140343543825342, 0.0003843745723175211, 0];('challenge', 1076)
[0, 0, 0, 0];('challenge', 1077)
[0.0001066822644810732, 0, 0, 0];('challenge', 1078)
[0.00018439969804587452, 0, 0, 0.001643535834746078];('challenge', 1079)
[0.0002515975748133176, 0.00036607248584905993, 0, 0];('challenge', 1080)
[0.00012667865850764148, 0, 7.683449031615118e-05, 0];('challenge', 1081)
[0, 0, 0.00021544861462173242, 0];('challenge', 1082)
[6.202162881512601e-05, 2.259137664449958e-06, 0.00023043830654946918, 0.9994728960710335];('challenge', 1083)
[0.0005700213669941871, 0, 0, 0];('challenge', 1084)
[0, 0, 0.00022956552620061394, 0];('challenge', 1085)
[8.571245215626533e-05, 0, 0.00011715503163822722, 0];('challenge', 1086)
[0.0001064088327851242, 0, 0, 0];('challenge', 1087)
[0, 0, 6.216617832815011e-05, 0.00019148530991921093];('challenge', 1088)
[0.00046847088384100426, 0, 0.0005650837510620018, 0];('challenge', 1089)
[0, 0, 0, 0];('challenge', 1090)
[0, 0, 0, 0];('challenge', 1091)
[0.00015133555454791817, 0, 0, 0.00016109585925352035];('challenge', 1092)
[0, 0, 0, 0];('challenge', 1093)
[0.00012186367275501666, 0, 0, 0];('challenge', 1094)
[8.84885151343106e-05, 0, 0, 0];('challenge', 1095)
[8.934560057428876e-06, 2.9295294600376188e-05, 4.004192015765803e-05, 0.9994169299293895];('challenge', 1096)
[0.00021582844809535845, 0, 0, 0];('challenge', 1097)
[0, 0, 0.00026888322836138355, 0];('challenge', 1098)
[0.00014096221254390656, 0, 0, 0.0001324217438268354];('challenge', 1099)
[0.0013823450857096394, 0, 0.0001550948202426996, 0];('challenge', 1100)
[0.0004128713102981261, 0, 0, 0];('challenge', 1101)
[0, 0, 0, 0];('challenge', 1102)
[0, 0, 0, 0];('challenge', 1103)
[0, 0, 0, 0.0003512533299037423];('challenge', 1104)
[0.00027903439858233006, 0, 0.0006288140238762175, 0];('challenge', 1105)
[0, 0, 0, 0];('challenge', 1106)
[0, 0, 0, 0];('challenge', 1107)
[0.00010608327859559525, 0, 0.00023906235865680427, 0];('challenge', 1108)
[0.00010030639436146537, 0, 0, 6.476267571077514e-05];('challenge', 1109)
[0.00022218743910520938, 0, 0.0001841998567121531, 0.00020872578268850737];('challenge', 1110)
[0, 0, 0.00039147471178698005, 0];('challenge', 1111)
[0.00018442994797481305, 0, 0.00039043838910204144, 0];('challenge', 1112)
[0.00019051662384906475, 0, 0.0001579438286682972, 0.0004570256220415442];('challenge', 1113)
[9.324837987404192e-05, 0, 0, 0];('challenge', 1114)
[0.000801248663187399, 0, 0.0010951770731593212, 0.0002947629104527456];('challenge', 1115)
[2.8820189421700024e-05, 0, 0, 0];('challenge', 1116)
[6.194519702310599e-05, 2.4018759435508792e-06, 1.471327393595767e-05, 0.9982409479990542];('challenge', 1117)
[7.716957305323019e-05, 0, 0, 0];('challenge', 1118)
