id;confidence_per_choice
('easy', 0);[9.349095393578246e-14, 0.9990889988442552, 2.6785606765636743e-14, 4.1899738642947575e-13]
('easy', 1);[5.34595990655893e-13, 0.9927616964776923, 9.289885344907184e-14, 1.2572516624036235e-14]
('easy', 2);[2.5433503092071054e-13, 0, 3.823779829607865e-16, 0.999876633606226]
('easy', 3);[0.999925142169393, 3.628067367914352e-15, 1.1399070560840825e-12, 3.0985886366856072e-12]
('easy', 4);[5.675587803874744e-14, 0, 0.9999833109787883, 3.266075276408309e-13]
('easy', 5);[5.6754254263280127e-14, 0, 0.9999545833252356, 3.628178089433163e-15]
('easy', 6);[0.9999833109787883, 0, 5.982036944430832e-15, 6.30502055243434e-16]
('easy', 7);[5.6755336775096484e-14, 0, 0.9999724634116024, 3.4423851856411955e-14]
('easy', 8);[4.420025766287618e-14, 0.9999545833252356, 1.0394904264856412e-15, 1.20148757218204e-13]
('easy', 9);[1.980974792071053e-13, 0, 0.9999828341569776, 3.978894233004715e-12]
('easy', 10);[0.999876633606226, 0, 2.2894509872711877e-11, 1.9807632124353936e-13]
('easy', 11);[0.9994471746722718, 2.0868133110030614e-14, 6.22070280689957e-11, 3.440573493830909e-14]
('easy', 12);[4.658815056684806e-15, 0.9999833109787883, 1.3347728614246754e-15, 1.406840245603816e-16]
('easy', 13);[5.904594442745032e-10, 0.9998797322918859, 4.658317468125757e-15, 6.223396756176198e-11]
('easy', 14);[0.9999724634116024, 0, 2.6809322782107666e-14, 1.3347575862489266e-15]
('easy', 15);[0.00020320037883722286, 0.000910680916923336, 2.507691894264074e-08, 1.3159159354628746e-10]
('easy', 16);[1.879503722289576e-12, 8.878146941618325e-13, 3.058979445653291e-07, 0.9999858142961154]
('easy', 17);[0.9999833109787883, 0, 3.266075276408309e-13, 1.980974792071053e-13]
('easy', 18);[9.356926913003444e-14, 0.9999250229763097, 3.265888395428674e-13, 8.422837184972173e-12]
('easy', 19);[0.999876633606226, 0, 4.419680128068277e-14, 6.304347139548599e-16]
('easy', 20);[4.658797284749645e-15, 3.92779611981329e-07, 0.9999827149515604, 0]
('easy', 21);[1.196597988761985e-13, 0.9958848526018383, 5.088064120125857e-12, 2.9279787401365e-11]
('easy', 22);[5.6755336775096484e-14, 0.9999724634116024, 2.0879121576319505e-14, 5.384796426256798e-13]
('easy', 23);[1.5427700062381816e-13, 0, 4.658761741082707e-15, 0.9999724634116024]
('easy', 24);[0.9999545833252356, 0, 9.862410570919425e-15, 7.287390497921029e-14]
('easy', 25);[0.999925142169393, 0, 8.095312528320218e-16, 9.862109598626822e-15]
('easy', 26);[0.9999545833252356, 0, 1.463711509196798e-12, 1.2663585842870401e-14]
('easy', 27);[9.356926913003444e-14, 0, 1.6259900882502087e-14, 0.999925142169393]
('easy', 28);[0.999876633606226, 0, 1.542619940923716e-13, 1.1398505282814422e-12]
('easy', 29);[9.862598683266585e-15, 0.9999724634116024, 9.357373096685079e-14, 3.628247292098314e-15]
('easy', 30);[0.9999833109787883, 0, 1.2015219475089526e-13, 3.4424180149411245e-14]
('easy', 31);[0.9959295456399748, 1.9729468688220866e-13, 5.088297038548333e-12, 1.7759901733971116e-11]
('easy', 32);[5.981968485842631e-15, 0, 0.9999724634116024, 9.862598683266585e-15]
('easy', 33);[0.9999724634116024, 0, 1.713862665860402e-15, 1.3347575862489266e-15]
('easy', 34);[0.9996646575567589, 0, 7.285278065816753e-14, 2.824808858358645e-15]
('easy', 35);[1.199355933925163e-13, 0.998179656025353, 5.5926001324833594e-09, 3.575229650540106e-10]
('easy', 36);[7.286820636836835e-14, 0.999876633606226, 2.2004333639918156e-15, 4.90983048903442e-16]
('easy', 37);[0.9999938011552557, 4.03069553946381e-17, 2.2006851980157036e-15, 1.5428023751806278e-13]
('easy', 38);[1.4637254683040895e-12, 0, 9.862523437897165e-15, 0.9999645960934689]
('easy', 39);[7.287390497921029e-14, 0, 1.7138299768360243e-15, 0.9999545833252356]
('easy', 40);[4.19147658099515e-13, 0, 9.35244840775841e-14, 0.9994471746722718]
('easy', 41);[3.978871465654427e-12, 0.9999771123402672, 2.543607428156853e-13, 3.442398317323597e-14]
('easy', 42);[0.9997965511486372, 0, 3.441774617728107e-14, 8.876453730957509e-13]
('easy', 43);[0.9997965511486372, 0, 1.2661605380151385e-14, 1.0954435053126216e-16]
('easy', 44);[2.541347612089391e-13, 0.9990881658957844, 7.281082813528002e-14, 2.4111634811864684e-12]
('easy', 45);[5.384847779922179e-13, 0, 1.039522149699997e-15, 0.9999833109787883]
('easy', 46);[2.680957845695259e-14, 0, 1.0956482849326193e-16, 0.9999833109787883]
('easy', 47);[2.6809885269985083e-14, 0, 0.9999938011552557, 4.193771661356955e-13]
('easy', 48);[9.357194620659337e-14, 0, 0.9999545833252356, 1.626036608865265e-14]
('easy', 49);[7.678626588546446e-15, 0.9996646575567589, 7.678626588546446e-15, 2.824808858358645e-15]
('easy', 50);[0.9999833109787883, 5.675587803874744e-14, 1.3347728614246754e-15, 1.8064186325745243e-16]
('easy', 51);[0.9999545833252356, 6.645239971007532e-17, 5.981854389936609e-15, 3.628178089433163e-15]
('easy', 52);[2.5433503092071054e-13, 0, 2.2004333639918156e-15, 0.999876633606226]
('easy', 53);[3.0987895862205052e-12, 0, 4.3634206399233156e-09, 0.9999898673126559]
('easy', 54);[9.357194620659337e-14, 0, 0.9999545833252356, 9.357194620659337e-14]
('easy', 55);[1.2015265309601827e-13, 0, 1.2664020620050393e-14, 0.9999870063564401]
('easy', 56);[3.266062817343646e-13, 0, 2.5436122797076307e-13, 0.9999785427891018]
('easy', 57);[1.7805589113636426e-11, 0, 3.4372873152390506e-14, 0.9984926092390178]
('easy', 58);[9.357408792298728e-14, 0.9999777083605178, 0, 2.2006516184806662e-15]
('easy', 59);[5.106741067581968e-12, 1.334182348578094e-15, 0.9995413738850931, 5.382465485613667e-13]
('easy', 60);[1.4624445769190384e-12, 0, 5.104433129727628e-12, 0.9990889988442552]
('easy', 61);[4.598976431312031e-10, 0, 0.9999833109787883, 1.039522149699997e-15]
('easy', 62);[0.999876633606226, 0, 2.0877090663135784e-14, 8.094941962803061e-16]
('easy', 63);[4.193723667723709e-13, 0.9999833109787883, 5.675587803874744e-14, 1.7138822795743077e-15]
('easy', 64);[4.4161746926848725e-14, 0.9990828112685483, 5.976631129038598e-15, 3.4393203088430995e-14]
('easy', 65);[2.680456767441935e-14, 0.9997960744958984, 4.657944311583419e-15, 2.8251860362093995e-15]
('easy', 66);[5.1080464393609134e-12, 0, 1.6257792114877495e-14, 0.9997965511486372]
('easy', 67);[7.680618678146588e-15, 0.9999249037905161, 1.0394587042393862e-15, 1.0955814139091159e-16]
('easy', 68);[5.6749816180694e-14, 0, 0.999876633606226, 1.2013936179729542e-13]
('easy', 69);[7.287682395247227e-14, 1.2015356979150962e-13, 0.9999934435319415, 1.7138953555082794e-15]
('easy', 70);[0.999925142169393, 0, 7.680618678146588e-15, 1.6259900882502087e-14]
('easy', 71);[2.5435492102693003e-13, 0, 0.9999545833252356, 2.413252299381347e-12]
('easy', 72);[9.357498031928588e-14, 0, 9.357498031928588e-14, 0.9999870063564401]
('easy', 73);[0.999876633606226, 0, 4.90983048903442e-16, 1.0955312633198936e-16]
('easy', 74);[0.9997965511486372, 0, 1.039327860206076e-15, 4.657944311583419e-15]
('easy', 75);[0.9990889988442552, 1.405579643359162e-16, 5.9766767272893924e-15, 1.7123465516510732e-15]
('easy', 76);[9.357283858246688e-14, 0.9999644768920447, 3.2660129815602694e-13, 1.980937008335775e-13]
('easy', 77);[4.193643679555498e-13, 0, 0.9999645960934689, 4.4200679191391295e-14]
('easy', 78);[1.542496368683903e-13, 0.9997964319781567, 3.627610677364163e-15, 6.558861457760731e-12]
('easy', 79);[0.9996646575567589, 0, 2.6801040236312333e-14, 5.6737802625510175e-14]
('easy', 80);[8.870174740318674e-13, 0, 3.439339988848071e-14, 0.9990889988442552]
('easy', 81);[0.9999724634116024, 0, 3.4423851856411955e-14, 2.8256818322628714e-15]
('easy', 82);[3.7745297509217825e-11, 0, 2.7890212076643787e-10, 0.9998398083816806]
('easy', 83);[4.419680128068277e-14, 0.999876633606226, 4.658317468125757e-15, 4.658317468125757e-15]
('easy', 84);[7.680267095372901e-15, 0.999876633606226, 4.90983048903442e-16, 2.2004333639918156e-15]
('easy', 85);[1.1399070560840825e-12, 0, 1.266319938679698e-14, 0.999925142169393]
('easy', 86);[5.384272646843293e-13, 0.9998765144262002, 2.680671503796068e-14, 9.356462904543251e-14]
('easy', 87);[7.286236922907485e-14, 0, 2.5431465730268574e-13, 0.9997965511486372]
('easy', 88);[0.9999898673126559, 0, 1.7138888175288235e-15, 1.0956524645071078e-16]
('easy', 89);[1.2663972310737704e-14, 0.9999833109787883, 5.982036944430832e-15, 4.420152226048166e-14]
('easy', 90);[0.0452784007346051, 1.6009314741707657e-06, 2.9703544293165035e-13, 6.28824037620857e-13]
('easy', 91);[1.9807632124353936e-13, 0, 4.658317468125757e-15, 0.999876633606226]
('easy', 92);[7.678626588546446e-15, 0.9996646575567589, 6.912079378288633e-13, 1.1396092295752188e-12]
('easy', 93);[7.283666358562026e-14, 0.999443483270214, 1.139357116142311e-12, 5.381941932930874e-13]
('easy', 94);[9.356462904543251e-14, 0.999876633606226, 5.98139802807396e-15, 1.9807632124353936e-13]
('easy', 95);[5.6756527561942324e-14, 0.9999935627400018, 9.862786799201738e-15, 2.0879559642318906e-14]
('easy', 96);[1.6260676233480695e-14, 0.9999724634116024, 1.3347575862489266e-15, 2.8256818322628714e-15]
('easy', 97);[0.999876633606226, 2.319239702647919e-16, 7.286820636836835e-14, 5.6749816180694e-14]
('easy', 98);[0.0015008770428401007, 0.9982959509175902, 3.43661210272439e-14, 5.100384587754752e-12]
('easy', 99);[8.878028406359617e-13, 5.6755336775096484e-14, 1.2663827383905348e-14, 0.9999724634116024]
('easy', 100);[1.2013936179729542e-13, 0, 7.680267095372901e-15, 0.999876633606226]
('easy', 101);[7.285278065816753e-14, 0, 1.0391891042291184e-15, 0.9996646575567589]
('easy', 102);[5.981968485842631e-15, 0, 0.9999724634116024, 3.2660441288357665e-13]
('easy', 103);[1.0767303098283865e-11, 0.9955028792757148, 1.6842895875193325e-10, 4.5783737796165823e-10]
('easy', 104);[2.413183256666908e-12, 0, 2.6808044444456976e-14, 0.999925142169393]
('easy', 105);[3.7049405160614835e-12, 0.7251666898356918, 1.1187950932039119e-13, 0.26677393251386394]
('easy', 106);[5.675263053426874e-14, 0, 1.3346913958406776e-15, 0.999925142169393]
('easy', 107);[0.9990884038643753, 0, 3.77169427487976e-11, 1.6037652154132959e-09]
('easy', 108);[6.912079378288633e-13, 0, 2.0872671123168276e-14, 0.9996646575567589]
('easy', 109);[4.6473662272248744e-15, 2.407395306633013e-12, 2.167068194094439e-10, 0.0024726218455889577]
('easy', 110);[0.9997965511486372, 1.903595377453529e-17, 2.8251860362093995e-15, 2.680456767441935e-14]
('easy', 111);[3.265464838128813e-13, 0, 1.7135619503530068e-15, 0.9997965511486372]
('easy', 112);[9.86165815740934e-15, 0, 0.999876633606226, 7.680267095372901e-15]
('easy', 113);[0.9999417100552707, 1.7138103637206726e-15, 4.419966752970859e-14, 4.419966752970859e-14]
('easy', 114);[9.356462904543251e-14, 0, 4.90983048903442e-16, 0.999876633606226]
('easy', 115);[1.461580121095163e-12, 0, 1.5404941139846596e-13, 0.9984987894978749]
('easy', 116);[0.9997965511486372, 0, 8.876453730957509e-13, 9.860868185003011e-15]
('easy', 117);[0.9999833109787883, 0, 4.420152226048166e-14, 7.681087480214263e-15]
('easy', 118);[3.2659631465373207e-13, 0.9999483850412226, 2.0878603873805978e-14, 4.139724524052017e-08]
('easy', 119);[1.039522149699997e-15, 0.9999833109787883, 9.862711552397113e-15, 1.626083130811306e-14]
('easy', 120);[1.9808614430271875e-13, 0.999925142169393, 2.0878126005956116e-14, 4.1934837077959627e-13]
('easy', 121);[3.266056587829138e-13, 0.9999777083605178, 3.978871465654427e-12, 8.423270958890118e-12]
('easy', 122);[4.192388065299494e-13, 0, 2.1999633509167543e-15, 0.9996646575567589]
('easy', 123);[3.9686393664119774e-12, 0.9974046529163562, 4.834792511352398e-11, 3.3894512261903837e-09]
('easy', 124);[9.862786799201738e-15, 0.9999921322487634, 4.658850600758511e-15, 5.675641930756031e-14]
('easy', 125);[2.6809936405831866e-14, 0, 3.6283303370388294e-15, 0.9999952316511552]
('easy', 126);[7.287682395247227e-14, 0, 1.7138953555082794e-15, 0.9999938011552557]
('easy', 127);[1.6261017399624065e-14, 0, 0.9999938011552557, 1.6261017399624065e-14]
('easy', 128);[0.999925142169393, 0, 2.8255417071675084e-15, 1.7137776756938695e-15]
('easy', 129);[3.927567630324391e-07, 0.999924546211394, 0, 3.4422144783283954e-14]
('easy', 130);[1.0815549598732455e-11, 0, 2.6809067109701032e-14, 0.9999645960934689]
('easy', 131);[0.9999963045256735, 0, 3.824232039781805e-16, 5.982105403802484e-15]
('easy', 132);[1.201453197838599e-13, 0.999925142169393, 2.8255417071675084e-15, 6.30463573626354e-16]
('easy', 133);[0.9999785427891018, 0, 2.0879241047953292e-14, 1.5427788340642246e-13]
('easy', 134);[6.91437373064733e-13, 0, 0.9999952316511552, 6.560175143023867e-12]
('easy', 135);[7.287682395247227e-14, 0, 1.3347830449722919e-15, 0.9999938011552557]
('easy', 136);[0.1823751224091687, 4.6390172091796417e-14, 0.0002741898741680445, 1.8474768398301976e-06]
('easy', 137);[5.675587803874744e-14, 0, 0.9999833109787883, 3.4424180149411245e-14]
('easy', 138);[7.287390497921029e-14, 0, 0.9999545833252356, 3.628178089433163e-15]
('easy', 139);[3.5816181314367855e-10, 0, 1.2663730766938524e-14, 0.9999645960934689]
('easy', 140);[1.2664020620050393e-14, 0, 0.9999898673126559, 2.680978299858412e-14]
('easy', 141);[3.442050344664701e-14, 0, 0.999876633606226, 1.2662619724799594e-14]
('easy', 142);[1.5427405805161866e-13, 0, 0.9999545833252356, 1.1399396695530941e-12]
('easy', 143);[2.680978299858412e-14, 0, 0.9999898673126559, 2.680978299858412e-14]
('easy', 144);[5.6755336775096484e-14, 0.9999724634116024, 3.2660441288357665e-13, 8.423238826722712e-12]
('easy', 145);[3.0981867767083427e-12, 0, 9.35571340102189e-14, 0.9997965511486372]
('easy', 146);[1.4632481424040174e-12, 0.9996371394251146, 4.192276117955135e-13, 5.9799607157623395e-15]
('easy', 147);[7.286223025526705e-14, 0.9997936912938082, 1.6048974224509707e-09, 1.463477016097968e-12]
('easy', 148);[9.356926913003444e-14, 0, 1.0394587042393862e-15, 0.999925142169393]
('easy', 149);[0.999876633606226, 0, 2.2004333639918156e-15, 2.319239702647919e-16]
('easy', 150);[5.6756311053384784e-14, 0, 2.97829218457604e-16, 0.9999898673126559]
('easy', 151);[3.266075276408309e-13, 0, 2.2006684081841367e-15, 0.9999833109787883]
('easy', 152);[0.9997965511486372, 0, 5.980918885589195e-15, 2.2002570973222784e-15]
('easy', 153);[0.9999724634116024, 2.319460893128736e-16, 4.4201100723926446e-14, 1.713862665860402e-15]
('easy', 154);[9.86165815740934e-15, 0.999876633606226, 5.98139802807396e-15, 2.2004333639918156e-15]
('easy', 155);[3.4423851856411955e-14, 0, 0.9999724634116024, 3.628247292098314e-15]
('easy', 156);[1.1399070560840825e-12, 0, 0.999925142169393, 1.4636696326736608e-12]
('easy', 157);[0.9999545833252356, 5.175318093118066e-17, 1.0394904264856412e-15, 4.910205093663095e-16]
('easy', 158);[5.6749816180694e-14, 0.999876633606226, 9.86165815740934e-15, 2.2004333639918156e-15]
('easy', 159);[2.0879559642318906e-14, 0, 0.9999938011552557, 2.2006851980157036e-15]
('easy', 160);[0.999876633606226, 0, 1.2013936179729542e-13, 3.26572644056255e-13]
('easy', 161);[5.384539665275966e-13, 0, 3.442221043837736e-14, 0.999925142169393]
('easy', 162);[1.6260676233480695e-14, 0.9999724634116024, 4.910298749285984e-16, 9.862598683266585e-15]
('easy', 163);[0.999876633606226, 4.90983048903442e-16, 1.1398505282814422e-12, 1.2013936179729542e-13]
('easy', 164);[1.2661605380151385e-14, 0, 0.9997965511486372, 1.406577303366919e-16]
('easy', 165);[3.4424508445541403e-14, 0, 0.9999921322487634, 4.4201943801056973e-14]
('easy', 166);[1.2663827383905348e-14, 0, 0.9999724634116024, 1.2663827383905348e-14]
('easy', 167);[5.675566153266763e-14, 0.9999785427891018, 5.981991305284982e-15, 4.65877951288228e-15]
('easy', 168);[9.356926913003444e-14, 0.999925142169393, 7.680618678146588e-15, 1.201453197838599e-13]
('easy', 169);[3.265035108194458e-13, 0, 4.657322450438044e-15, 0.9996646575567589]
('easy', 170);[0.9999938011552557, 0, 2.8257357283806583e-15, 3.824217451522125e-16]
('easy', 171);[3.4423851856411955e-14, 0, 0.9999724634116024, 0]
('easy', 172);[0.9959296639002696, 7.55170237943243e-10, 1.02201178043909e-10, 2.1635989561679026e-10]
('easy', 173);[0.9999963045256735, 0, 5.982105403802484e-15, 1.626104841508295e-14]
('easy', 174);[0.999925142169393, 3.823954872363769e-16, 3.442221043837736e-14, 2.6808044444456976e-14]
('easy', 175);[1.5427700062381816e-13, 0, 6.304948397613231e-16, 0.9999724634116024]
('easy', 176);[1.6259094556702862e-14, 0, 0.999876633606226, 9.356462904543251e-14]
('easy', 177);[1.5428023751806278e-13, 0.9999938011552557, 9.862786799201738e-15, 7.287682395247227e-14]
('easy', 178);[0.999876633606226, 8.532006057527386e-17, 1.542619940923716e-13, 1.4635970495383212e-12]
('easy', 179);[6.912079378288633e-13, 0, 4.657322450438044e-15, 0.9996646575567589]
('easy', 180);[3.265464838128813e-13, 0, 3.441774617728107e-14, 0.9997965511486372]
('easy', 181);[1.2662619724799594e-14, 0, 1.6259094556702862e-14, 0.999876633606226]
('easy', 182);[9.862786799201738e-15, 0, 0.9999938011552557, 1.5428023751806278e-13]
('easy', 183);[2.1669441970053414e-10, 8.402154465442907e-12, 2.932640066596521e-11, 0.9974694080896955]
('easy', 184);[7.678626588546446e-15, 0.9996646575567589, 1.542293378636202e-13, 2.6801040236312333e-14]
('easy', 185);[2.0878126005956116e-14, 0.999925142169393, 2.0878126005956116e-14, 6.913885787377645e-13]
('easy', 186);[0.999925142169393, 0, 5.981671841013421e-15, 9.356926913003444e-14]
('easy', 187);[0.9999898673126559, 0, 4.42018594926203e-14, 7.681116781293558e-15]
('easy', 188);[7.287654594998146e-14, 0, 5.6756311053384784e-14, 0.9999898673126559]
('easy', 189);[2.5398454131148563e-13, 0, 0.9984984328719069, 9.848049390856128e-15]
('easy', 190);[9.35448220414642e-14, 0.9996646575567589, 2.6801040236312333e-14, 9.859551704947922e-15]
('easy', 191);[4.4201100723926446e-14, 0, 0.9999724634116024, 1.8794786283751106e-12]
('easy', 192);[1.2664020620050393e-14, 0.9999898673126559, 9.862749175727664e-15, 7.681116781293558e-15]
('easy', 193);[1.626083130811306e-14, 0, 0.9999833109787883, 1.626083130811306e-14]
('easy', 194);[1.626095536888377e-14, 0, 0.9999898673126559, 1.9809899057669524e-13]
('easy', 195);[1.626036608865265e-14, 0, 0.9999545833252356, 9.862410570919425e-15]
('easy', 196);[2.6809936405831866e-14, 0, 0.9999963045256735, 1.626104841508295e-14]
('easy', 197);[9.862410570919425e-15, 0, 0.9999545833252356, 3.2659818345818147e-13]
('easy', 198);[5.674527021204132e-14, 0, 4.909437184932394e-16, 0.9997965511486372]
('easy', 199);[5.6749816180694e-14, 0, 0.999876633606226, 6.913542928923369e-13]
('easy', 200);[9.35571340102189e-14, 0.9997965511486372, 1.6257792114877495e-14, 4.419326087673625e-14]
('easy', 201);[0.9999545833252356, 0, 1.7138299768360243e-15, 8.095559581422459e-16]
('easy', 202);[0.9997965511486372, 0, 9.860868185003011e-15, 1.201297379815822e-13]
('easy', 203);[0.9999938011552557, 8.532982524005519e-17, 2.6809885269985083e-14, 1.6261017399624065e-14]
('easy', 204);[4.419326087673625e-14, 0.9997965511486372, 3.627610677364163e-15, 4.657944311583419e-15]
('easy', 205);[0.9999785427891018, 1.7138692037400972e-15, 1.201517364075207e-13, 5.675566153266763e-14]
('easy', 206);[4.658530713857424e-15, 0.999925142169393, 8.095312528320218e-16, 1.201453197838599e-13]
('easy', 207);[1.542619940923716e-13, 0, 1.7136992269732716e-15, 0.999876633606226]
('easy', 208);[1.4636696326736608e-12, 0, 2.0878126005956116e-14, 0.999925142169393]
('easy', 209);[1.1397592200602173e-12, 0, 2.680456767441935e-14, 0.9997965511486372]
('easy', 210);[1.2663585842870401e-14, 0.9999545833252356, 1.7138299768360243e-15, 1.626036608865265e-14]
('easy', 211);[0.9975274099865513, 2.8187701037249154e-15, 1.198571547198126e-13, 2.8187701037249154e-15]
('easy', 212);[0.9999545833252356, 0, 7.680853075603749e-15, 1.463711509196798e-12]
('easy', 213);[3.442319527980583e-14, 0, 0.9999545833252356, 6.914083598066395e-13]
('easy', 214);[1.199738022288143e-13, 0, 1.0379767692431763e-15, 0.9984987894978749]
('easy', 215);[0.9999545833252356, 1.3347321280111435e-15, 4.420025766287618e-14, 2.2006012501388187e-15]
('easy', 216);[0.999925142169393, 0, 4.658530713857424e-15, 1.3346913958406776e-15]
('easy', 217);[0.9999545833252356, 0, 2.6808811439732672e-14, 2.5435492102693003e-13]
('easy', 218);[1.8553913626159784e-07, 3.97896253583724e-12, 1.8795288165390832e-12, 2.3195228302435696e-16]
('easy', 219);[3.4424180149411245e-14, 0.9999833109787883, 2.2006684081841367e-15, 1.626083130811306e-14]
('easy', 220);[8.418805763025449e-12, 0, 1.5419580622996835e-13, 0.9994471746722718]
('easy', 221);[1.3176338345824543e-10, 0, 0.9999868871505255, 2.413330550179034e-12]
('easy', 222);[7.287598994818132e-14, 0, 0.9999833109787883, 1.626083130811306e-14]
('easy', 223);[1.5427405805161866e-13, 0.9999545833252356, 7.287390497921029e-14, 2.413252299381347e-12]
('easy', 224);[0.9999833109787883, 0, 9.357462335974518e-14, 1.5427847193096495e-13]
('easy', 225);[5.381962463449207e-13, 0.9994471746722718, 4.4177838140610315e-14, 4.19147658099515e-13]
('easy', 226);[2.0878126005956116e-14, 0.999925142169393, 6.30463573626354e-16, 3.628067367914352e-15]
('easy', 227);[3.442463976487011e-14, 0, 0.9999963045256735, 1.2664117239228628e-14]
('easy', 228);[0.999925142169393, 0, 2.8255417071675084e-15, 4.910055248382009e-16]
('easy', 229);[1.2015379896647526e-13, 0, 0.9999952316511552, 3.442463976487011e-14]
('easy', 230);[3.44244427860649e-14, 0, 0.9999898673126559, 3.44244427860649e-14]
('easy', 231);[7.287598994818132e-14, 0, 0.9999833109787883, 1.1399722839551978e-12]
('easy', 232);[0.9999645960934689, 0, 6.914149536220301e-13, 1.4637254683040895e-12]
('easy', 233);[4.8457232648770794e-11, 0.9996598923957454, 2.41254355480184e-12, 4.59749422732505e-10]
('easy', 234);[1.20148757218204e-13, 0, 0.9999545833252356, 1.5427405805161866e-13]
('easy', 235);[1.6259900882502087e-14, 0, 6.30463573626354e-16, 0.999925142169393]
('easy', 236);[0.999925142169393, 0, 3.442221043837736e-14, 4.658530713857424e-15]
('easy', 237);[7.286820636836835e-14, 0.9998765144262002, 3.9784692639462915e-12, 8.422419497867314e-12]
('easy', 238);[0.999925142169393, 0, 5.981671841013421e-15, 3.442221043837736e-14]
('easy', 239);[9.356926913003444e-14, 0, 0.999925142169393, 1.6259900882502087e-14]
('easy', 240);[9.862109598626822e-15, 0, 0.999925142169393, 4.419899310145061e-14]
('easy', 241);[7.283694143597163e-14, 0, 3.626337782978822e-15, 0.9994471746722718]
('easy', 242);[0.9999971389852362, 0, 1.2664117239228628e-14, 2.08796392916699e-14]
('easy', 243);[1.9807632124353936e-13, 0, 1.542619940923716e-13, 0.999876633606226]
('easy', 244);[8.877859073021082e-13, 0, 9.862410570919425e-15, 0.9999545833252356]
('easy', 245);[8.877859073021082e-13, 0, 1.2663585842870401e-14, 0.9999545833252356]
('easy', 246);[3.4424180149411245e-14, 0, 0.9999833109787883, 2.543621982836946e-13]
('easy', 247);[4.4187445114498135e-14, 0, 2.318744312511465e-16, 0.9996646575567589]
('easy', 248);[0.9997965511486372, 8.531322597479543e-17, 7.990329009826088e-11, 8.876453730957509e-13]
('easy', 249);[9.35571340102189e-14, 0, 0.9997964319781567, 1.542496368683903e-13]
('easy', 250);[5.109040304225795e-12, 0, 0.9999898673126559, 5.6756311053384784e-14]
('easy', 251);[1.9806045425386765e-13, 0, 0.9997965511486372, 1.2661605380151385e-14]
('easy', 252);[1.5427405805161866e-13, 0, 2.319416653345007e-16, 0.9999545833252356]
('easy', 253);[1.2662619724799594e-14, 0.999876633606226, 5.98139802807396e-15, 3.26572644056255e-13]
('easy', 254);[3.266075276408309e-13, 0, 1.626083130811306e-14, 0.9999833109787883]
('easy', 255);[0.9999833109787883, 0, 4.420152226048166e-14, 1.626083130811306e-14]
('easy', 256);[3.26572644056255e-13, 0, 9.86165815740934e-15, 0.999876633606226]
('easy', 257);[2.413321344071142e-12, 0.9999829533624089, 1.5427847193096495e-13, 9.357462335974518e-14]
('easy', 258);[3.095617287597958e-12, 0.9989658571346958, 9.347954216235314e-14, 1.200301080767948e-13]
('easy', 259);[4.657322450438044e-15, 0.9996646575567589, 1.3343452225751545e-15, 3.627126371417183e-15]
('easy', 260);[3.442463976487011e-14, 4.910411138391444e-16, 2.7894574519129143e-10, 8.423431621565785e-12]
('easy', 261);[1.2663585842870401e-14, 0, 0.9999545833252356, 1.3347321280111435e-15]
('easy', 262);[5.383132832462897e-13, 0, 1.2659914986300087e-14, 0.9996646575567589]
('easy', 263);[8.422837184972173e-12, 0.999925142169393, 8.095312528320218e-16, 2.978099049026618e-16]
('easy', 264);[9.357373096685079e-14, 0, 0.9999724634116024, 7.680999577647024e-15]
('easy', 265);[7.287459996223938e-14, 3.0987068407161526e-12, 0.9999644768920447, 3.0987068407161526e-12]
('easy', 266);[1.201297379815822e-13, 0, 3.627610677364163e-15, 0.9997965511486372]
('easy', 267);[5.982082583924882e-15, 0.9999938011552557, 3.628316496083413e-15, 2.0879559642318906e-14]
('easy', 268);[1.20148757218204e-13, 0.9999545833252356, 2.087872334247744e-14, 1.1399396695530941e-12]
('easy', 269);[2.0879320696088945e-14, 0, 0.9999833109787883, 4.658815056684806e-15]
('easy', 270);[1.542496368683903e-13, 0.9997965511486372, 4.419326087673625e-14, 9.860868185003011e-15]
('easy', 271);[0.9994471746722718, 0, 1.5419580622996835e-13, 4.4177838140610315e-14]
('easy', 272);[2.6801040236312333e-14, 0.9996646575567589, 4.657322450438044e-15, 3.822963069352598e-16]
('easy', 273);[0.9425993226739148, 1.3797559831806263e-12, 1.1783926875832993e-09, 9.177331478554909e-10]
('easy', 274);[2.2006684081841367e-15, 0.9999833109787883, 2.9782808233146573e-16, 9.357462335974518e-14]
('easy', 275);[5.982082583924882e-15, 0.9999938011552557, 1.7138953555082794e-15, 1.039530080654855e-15]
('easy', 276);[5.672546702686076e-14, 0.9994471746722718, 1.2008781463822596e-13, 1.5419580622996835e-13]
('easy', 277);[0.9999833109787883, 8.532917422763657e-17, 3.4424180149411245e-14, 5.384847779922179e-13]
('easy', 278);[0.999876633606226, 0, 4.1932757536315027e-13, 4.1932757536315027e-13]
('easy', 279);[0.999925142169393, 0, 3.442221043837736e-14, 9.356926913003444e-14]
('easy', 280);[0.9999545833252356, 0, 1.3887308139896881e-11, 3.2659818345818147e-13]
('easy', 281);[0.9999724634116024, 0, 2.8256818322628714e-15, 2.8256818322628714e-15]
('easy', 282);[8.878180809125783e-13, 0, 0.9999898673126559, 1.542796489867851e-13]
('easy', 283);[2.4130635873077793e-12, 0, 2.680671503796068e-14, 0.999876633606226]
('easy', 284);[5.6756311053384784e-14, 0, 0.9999898673126559, 1.7138888175288235e-15]
('easy', 285);[0.9464981836957065, 0.04712336925507249, 4.183734832418761e-14, 2.407573166233539e-13]
('easy', 286);[4.910298749285984e-16, 0.9999724634116024, 2.9782467397905466e-16, 1.0395102533811623e-15]
('easy', 287);[1.9807632124353936e-13, 0, 7.286820636836835e-14, 0.999876633606226]
('easy', 288);[2.680671503796068e-14, 0.999876633606226, 6.559386900294933e-12, 3.26572644056255e-13]
('easy', 290);[2.0879559642318906e-14, 0.9999938011552557, 2.2006851980157036e-15, 0]
('easy', 291);[1.12532599022996e-07, 0.999977350747961, 3.442398317323597e-14, 9.862636306166573e-15]
('easy', 292);[0.9997965511486372, 0, 2.8251860362093995e-15, 4.192939849457517e-13]
('easy', 293);[0.999925142169393, 0, 9.862109598626822e-15, 2.6808044444456976e-14]
('easy', 294);[3.2660441288357665e-13, 0, 4.4201100723926446e-14, 0.9999724634116024]
('easy', 295);[1.7138953555082794e-15, 0, 0.9999938011552557, 2.8257357283806583e-15]
('easy', 296);[3.4424180149411245e-14, 0.9999833109787883, 4.658815056684806e-15, 3.824188275169713e-16]
('easy', 297);[8.873322142496094e-13, 0.999443483270214, 2.4120190338010413e-12, 3.976747086361348e-12]
('easy', 298);[9.356926913003444e-14, 0, 0.999925142169393, 7.680618678146588e-15]
('easy', 299);[5.101415882430728e-12, 0, 6.90401563356517e-13, 0.9984979574483079]
('easy', 300);[1.201515072364891e-13, 0, 0.9999771123402672, 2.543607428156853e-13]
('easy', 301);[1.9806045425386765e-13, 0.9997964319781567, 2.680456767441935e-14, 1.0813734396985368e-11]
('easy', 302);[7.287529495189636e-14, 6.304948397613231e-16, 0.9999724634116024, 1.5427700062381816e-13]
('easy', 303);[9.356926913003444e-14, 0, 0.999925142169393, 1.266319938679698e-14]
('easy', 304);[0.9999833109787883, 0, 5.675587803874744e-14, 5.384847779922179e-13]
('easy', 305);[0.9999833109787883, 0, 2.0879320696088945e-14, 5.982036944430832e-15]
('easy', 306);[4.193683673448897e-13, 0.9999724634116024, 5.108952602489194e-12, 3.9788562874932765e-12]
('easy', 307);[3.2643252435044774e-13, 0.9994469365018759, 7.283694143597163e-14, 1.2657162542197917e-14]
('easy', 308);[1.266319938679698e-14, 0, 0.999925142169393, 4.419899310145061e-14]
('easy', 309);[0.999954464125005, 0, 5.6754254263280127e-14, 2.413252299381347e-12]
('easy', 310);[1.9809936842089442e-13, 0, 4.4201943801056973e-14, 0.9999921322487634]
('easy', 311);[1.5426935005283814e-13, 0, 0.9999243078326592, 1.0394587042393862e-15]
('easy', 312);[3.266062817343646e-13, 0.9999780659713836, 7.287571194887197e-14, 1.0261664331157549e-10]
('easy', 313);[0.9999833109787883, 0, 5.982036944430832e-15, 5.384847779922179e-13]
('easy', 314);[1.9780335966141658e-13, 0, 2.197396837731375e-15, 0.9984987894978749]
('easy', 315);[1.2664068929547367e-14, 0, 0.9999938011552557, 5.384909404967106e-13]
('easy', 316);[1.5426964429855265e-13, 0.999925142169393, 5.981671841013421e-15, 2.20053409414297e-15]
('easy', 317);[1.5226842788667504e-08, 0.9997947637384105, 4.657926542969882e-15, 9.860830568847856e-15]
('easy', 318);[5.6756527561942324e-14, 0.9999938011552557, 9.862786799201738e-15, 9.35756942424524e-14]
('easy', 319);[0.9996646575567589, 0, 4.657322450438044e-15, 7.678626588546446e-15]
('easy', 320);[0.9997965511486372, 0, 7.679651864244248e-15, 1.039327860206076e-15]
('easy', 321);[0.999925142169393, 0, 2.543476439783665e-13, 9.356926913003444e-14]
('easy', 322);[9.862598683266585e-15, 0, 0.9999724634116024, 4.658761741082707e-15]
('easy', 323);[4.658761741082707e-15, 0.9999724634116024, 1.713862665860402e-15, 1.0956357463048162e-16]
('easy', 324);[0.9997964319781567, 2.5431465730268574e-13, 1.8791452695898686e-12, 1.125122101748674e-07]
('easy', 325);[3.442319527980583e-14, 2.319416653345007e-16, 0.9999545833252356, 5.108855157880887e-12]
('easy', 326);[1.1393614624530764e-12, 0, 1.6252118407330153e-14, 0.9994471746722718]
('easy', 327);[1.20148757218204e-13, 4.658672883101751e-15, 0.9999545833252356, 5.981854389936609e-15]
('easy', 328);[0.9984987894978749, 8.083771206965127e-16, 5.376852781757776e-13, 4.651889141981959e-15]
('easy', 329);[0.999925142169393, 0, 8.877605079069033e-13, 5.384539665275966e-13]
('easy', 330);[4.420152226048166e-14, 0, 0.9999833109787883, 1.1399722839551978e-12]
('easy', 331);[4.420025766287618e-14, 0.9999545833252356, 2.8256279371730614e-15, 8.095559581422459e-16]
('easy', 332);[1.5426964429855265e-13, 0.999925142169393, 7.680618678146588e-15, 7.680618678146588e-15]
('easy', 333);[1.266319938679698e-14, 0, 0.999925142169393, 2.413183256666908e-12]
('easy', 334);[2.543476439783665e-13, 0, 2.0878126005956116e-14, 0.999925142169393]
('easy', 335);[3.442319527980583e-14, 2.319416653345007e-16, 0.9999545833252356, 1.463711509196798e-12]
('easy', 336);[0.999876633606226, 4.90983048903442e-16, 1.0814600705268036e-11, 2.5433503092071054e-13]
('easy', 337);[2.680456767441935e-14, 0, 0.9997965511486372, 2.9777241745947786e-16]
('easy', 338);[1.20148757218204e-13, 0, 3.2659818345818147e-13, 0.9999545833252356]
('easy', 339);[2.5433503092071054e-13, 0.999876633606226, 5.98139802807396e-15, 1.2662619724799594e-14]
('easy', 340);[0.999876633606226, 0, 2.5433503092071054e-13, 1.542619940923716e-13]
('easy', 341);[0.9999938011552557, 0, 2.8257357283806583e-15, 7.681146082484628e-15]
('easy', 342);[1.201297379815822e-13, 0, 5.980918885589195e-15, 0.9997965511486372]
('easy', 343);[3.265035108194458e-13, 0, 1.6255652615515353e-14, 0.9996646575567589]
('easy', 344);[0.999876633606226, 0, 2.5433503092071054e-13, 1.879295811396392e-12]
('easy', 345);[5.6754254263280127e-14, 0.9999545833252356, 9.357194620659337e-14, 1.463711509196798e-12]
('easy', 346);[1.1397592200602173e-12, 0, 3.441774617728107e-14, 0.9997965511486372]
('easy', 347);[1.266319938679698e-14, 0, 0.999925142169393, 7.680618678146588e-15]
('easy', 348);[9.859551704947922e-15, 0.9996646575567589, 2.977326632064865e-16, 2.824808858358645e-15]
('easy', 349);[3.759041748541219e-10, 0.18237547026244083, 2.777577035819343e-09, 3.962000853919191e-11]
('easy', 350);[2.2006684081841367e-15, 0, 0.9999833109787883, 1.039522149699997e-15]
('easy', 351);[0.9999898673126559, 0, 1.9809899057669524e-13, 5.384888863207103e-13]
('easy', 352);[0.9997965511486372, 2.3190539189450665e-16, 5.383841337346324e-13, 1.201297379815822e-13]
('easy', 353);[1.9798000551503469e-13, 0.999388949168132, 3.264138462659664e-13, 5.8259038787618265e-05]
('easy', 354);[0.00020242651445779265, 5.574112778298527e-09, 0.0003337449001402498, 0.603425150863587]
('easy', 355);[1.4635970495383212e-12, 8.094941962803061e-16, 1.2662619724799594e-14, 0.999876633606226]
('easy', 356);[1.9799095670779663e-13, 0.9994443168057926, 5.672535883172196e-14, 1.8784858952314714e-12]
('easy', 357);[5.6737802625510175e-14, 0, 0.9996646575567589, 2.4125527579426955e-12]
('easy', 358);[0.9990889988442552, 3.221248545030778e-08, 4.65464051537762e-15, 1.0385906836295783e-15]
('easy', 359);[0.9999938011552557, 0, 5.6756527561942324e-14, 2.8257357283806583e-15]
('easy', 360);[9.356926913003444e-14, 0, 0.999925142169393, 1.266319938679698e-14]
('easy', 361);[1.4636919666702374e-12, 0, 1.1399244498181055e-12, 0.9999417100552707]
('easy', 362);[2.412870287801929e-12, 0, 3.265464838128813e-13, 0.9997965511486372]
('easy', 363);[9.862749175727664e-15, 0, 0.9999898673126559, 1.626095536888377e-14]
('easy', 364);[5.6749816180694e-14, 0, 2.2004333639918156e-15, 0.999876633606226]
('easy', 365);[0.9994471746722718, 0, 3.2643252435044774e-13, 3.2643252435044774e-13]
('easy', 366);[1.4601590635212189e-12, 0, 1.6220901981940346e-14, 0.9975274099865513]
('easy', 367);[9.357373096685079e-14, 0, 1.0956357463048162e-16, 0.9999724634116024]
('easy', 368);[0.999876633606226, 0, 2.8254123670931997e-15, 6.304347139548599e-16]
('easy', 369);[2.680456767441935e-14, 0, 1.039327860206076e-15, 0.9997965511486372]
('easy', 370);[1.4637701383420293e-12, 0.9999947548186582, 3.2661126538874626e-13, 2.289721743715156e-11]
('easy', 371);[1.626083130811306e-14, 0, 0.9999833109787883, 3.098765944422369e-12]
('easy', 372);[7.681175383787474e-15, 0, 0.9999963045256735, 1.9810012411145482e-13]
('easy', 373);[1.201453197838599e-13, 0, 1.4067543815099975e-16, 0.999925142169393]
('easy', 374);[0.9996646575567589, 0, 2.6801040236312333e-14, 9.859551704947922e-15]
('easy', 375);[9.356926913003444e-14, 0, 0, 0.999925142169393]
('easy', 376);[4.658761741082707e-15, 0, 0.9999724634116024, 1.9809559001133307e-13]
('easy', 377);[0.999925142169393, 2.319345871446136e-16, 6.559712195339276e-12, 2.9398590450415344e-11]
('easy', 378);[4.42018594926203e-14, 0, 9.862749175727664e-15, 0.9999898673126559]
('easy', 379);[1.20148757218204e-13, 0, 8.095559581422459e-16, 0.9999545833252356]
('easy', 380);[1.039534046154975e-15, 0, 0.9999963045256735, 1.4068563457048555e-16]
('easy', 381);[4.4201690876229367e-14, 0, 0.9999870063564401, 2.8257249490748618e-15]
('easy', 382);[0.9996646575567589, 0, 1.6255652615515353e-14, 3.822963069352598e-16]
('easy', 383);[2.4125481563678795e-12, 0.9996632279915229, 2.0872631311745514e-14, 3.265028880640147e-13]
('easy', 384);[0.9999870063564401, 0, 2.087940034452843e-14, 4.658832828687761e-15]
('easy', 385);[7.678626588546446e-15, 0.9996646575567589, 1.201139291007717e-13, 9.35448220414642e-14]
('easy', 386);[7.681146082484628e-15, 3.775112942847765e-11, 0.9999935627400018, 2.940060916072835e-11]
('easy', 387);[5.371625003096026e-13, 0, 3.4339649765240285e-14, 0.9975274099865513]
('easy', 388);[9.862598683266585e-15, 0, 0.9999724634116024, 3.2660441288357665e-13]
('easy', 389);[0.9994471746722718, 0, 1.31692279455489e-10, 1.2657162542197917e-14]
('easy', 390);[0.9997965511486372, 6.30384212708511e-16, 4.657944311583419e-15, 2.2002570973222784e-15]
('easy', 391);[2.939085334485799e-11, 0.9996632279915229, 2.0604578929622997e-09, 1.5224838960582876e-08]
('easy', 392);[1.5419580622996835e-13, 0.9994471746722718, 7.283694143597163e-14, 3.2643252435044774e-13]
('easy', 393);[2.0879320696088945e-14, 0, 0.9999833109787883, 6.30502055243434e-16]
('easy', 394);[0.9999971389852362, 0, 7.681175383787474e-15, 1.2664117239228628e-14]
('easy', 395);[8.877943739286628e-13, 0, 1.0261507751780698e-10, 0.9999645960934689]
('easy', 396);[2.1691399944571722e-10, 0.9984810808708728, 1.1382602031314216e-12, 3.094112026230245e-12]
('easy', 397);[0.9997965511486372, 0, 9.35571340102189e-14, 1.9806045425386765e-13]
('easy', 398);[1.4629690765842658e-12, 1.7129606776201997e-15, 1.6252118407330153e-14, 0.9994471746722718]
('easy', 399);[1.1399679353143377e-12, 0, 1.5427788340642246e-13, 0.9999785427891018]
('easy', 400);[0.9990889988442552, 0, 3.439339988848071e-14, 9.85387404838045e-15]
('easy', 401);[0.999925142169393, 3.823954872363769e-16, 2.2895645263978995e-11, 6.559712195339276e-12]
('easy', 402);[7.286236922907485e-14, 0, 1.806081008059228e-16, 0.9997965511486372]
('easy', 403);[1.6259094556702862e-14, 0.999876633606226, 3.6279012919715435e-15, 1.6259094556702862e-14]
('easy', 404);[2.0875418294728254e-14, 0.9997965511486372, 5.980918885589195e-15, 1.2661605380151385e-14]
('easy', 405);[5.981854389936609e-15, 0.9999545833252356, 1.7138299768360243e-15, 2.97818993478381e-16]
('easy', 406);[2.6809936405831866e-14, 0, 0.9999963045256735, 1.3347881367752355e-15]
('easy', 407);[0.9999724634116024, 6.645366720110036e-17, 2.8256818322628714e-15, 2.0879121576319505e-14]
('easy', 408);[1.5428023751806278e-13, 0, 0.9999936819476216, 9.35756942424524e-14]
('easy', 409);[3.2661001946802167e-13, 0, 9.862749175727664e-15, 0.9999898673126559]
('easy', 410);[0.999925142169393, 0, 4.419899310145061e-14, 2.6808044444456976e-14]
('easy', 411);[4.658832828687761e-15, 0, 0.9999898673126559, 1.626095536888377e-14]
('easy', 412);[0.9999724634116024, 0, 2.0879121576319505e-14, 3.628247292098314e-15]
('easy', 413);[0.9990889988442552, 1.3335768353154756e-15, 1.1389529817030765e-12, 2.541347612089391e-13]
('easy', 414);[0.9997965511486372, 0, 1.6257792114877495e-14, 3.823473524065222e-16]
('easy', 415);[1.1393614624530764e-12, 0, 2.2884686722958366e-11, 0.9994471746722718]
('easy', 416);[0.999874845907329, 3.442043779480943e-14, 1.9807594344329914e-13, 1.783022820841019e-11]
('easy', 417);[8.864931550707199e-13, 0, 4.651889141981959e-15, 0.9984987894978749]
('easy', 418);[5.675587803874744e-14, 0.9999833109787883, 3.628288814330979e-15, 3.4424180149411245e-14]
('easy', 419);[0.9999921322487634, 1.3347830449722919e-15, 5.675641930756031e-14, 1.3347830449722919e-15]
('easy', 420);[4.658850600758511e-15, 0, 0.9999938011552557, 4.658850600758511e-15]
('easy', 421);[3.26572644056255e-13, 0, 0.999876633606226, 9.356462904543251e-14]
('easy', 422);[1.879496552565541e-12, 0, 2.28969554007927e-11, 0.9999833109787883]
('easy', 423);[0.9999833109787883, 0, 1.5427847193096495e-13, 2.2006684081841367e-15]
('easy', 424);[6.824757206446617e-08, 0, 4.419680128068277e-14, 0.9998765144262002]
('easy', 425);[3.442319527980583e-14, 0, 0.9999545833252356, 1.5427405805161866e-13]
('easy', 426);[2.8256818322628714e-15, 0.9999724634116024, 4.910298749285984e-16, 1.713862665860402e-15]
('easy', 427);[5.384611557116477e-13, 0.9999394453479565, 4.193539697217649e-13, 8.877723608675674e-13]
('easy', 428);[0.9999545833252356, 1.7138299768360243e-15, 3.9787803975560205e-12, 1.0815446454105586e-11]
('easy', 429);[1.542619940923716e-13, 0, 8.094941962803061e-16, 0.999876633606226]
('easy', 430);[2.079630415974074e-13, 2.9664334697723613e-15, 0.18242517661858534, 4.1770493506631394e-12]
('easy', 431);[3.2612260648972523e-13, 0.9984987894978749, 1.2645145722655498e-14, 8.083771206965127e-16]
('easy', 432);[9.862749175727664e-15, 0, 0.9999898673126559, 3.628302655180796e-15]
('easy', 433);[3.266075276408309e-13, 0, 0.9999833109787883, 4.658815056684806e-15]
('easy', 434);[7.286236922907485e-14, 8.094293513964196e-16, 0.9997965511486372, 4.419326087673625e-14]
('easy', 435);[0.999876633606226, 0, 5.98139802807396e-15, 2.4130635873077793e-12]
('easy', 436);[2.4130635873077793e-12, 0, 3.6279012919715435e-15, 0.999876633606226]
('easy', 437);[4.419899310145061e-14, 0, 1.0394587042393862e-15, 0.999925142169393]
('easy', 438);[6.912989116566801e-13, 0, 2.412870287801929e-12, 0.9997965511486372]
('easy', 439);[7.287459996223938e-14, 0.9999645960934689, 7.287459996223938e-14, 2.5435734675605116e-13]
('easy', 440);[1.626036608865265e-14, 0.9999545833252356, 5.981854389936609e-15, 8.095559581422459e-16]
('easy', 441);[3.2660378993569037e-13, 0, 0.9999719866022398, 5.043337142418128e-07]
('easy', 442);[0.9990889988442552, 0, 2.0860651524120617e-14, 1.2652624730960229e-14]
('easy', 443);[3.734200047051846e-11, 2.8708527378832354e-06, 0.0066648925226803464, 0.004042461658695108]
('easy', 444);[4.420025766287618e-14, 0, 0.9999545833252356, 9.862410570919425e-15]
('easy', 445);[9.35756942424524e-14, 0, 0.9999938011552557, 7.287682395247227e-14]
('easy', 446);[1.6260676233480695e-14, 0, 0.9999724634116024, 6.914215475003047e-13]
('easy', 447);[1.2664117239228628e-14, 0, 0.9999971389852362, 5.384929946805469e-13]
('easy', 448);[1.8795108920409615e-12, 2.4133397563220442e-12, 0.9999901057270286, 7.1940644220535355e-09]
('easy', 449);[0.9984971255156747, 5.973143893918565e-15, 1.8526030544277798e-07, 5.376842526234754e-13]
('easy', 450);[4.193771661356955e-13, 0, 1.2015356979150962e-13, 0.9999938011552557]
('easy', 451);[4.658815056684806e-15, 0, 0.9999833109787883, 6.30502055243434e-16]
('easy', 452);[0.9999545833252356, 0, 9.862410570919425e-15, 2.5435492102693003e-13]
('easy', 453);[3.442221043837736e-14, 0.999925142169393, 3.628067367914352e-15, 2.6808044444456976e-14]
('easy', 454);[0.9999898673126559, 0, 5.982059764134332e-15, 1.626095536888377e-14]
('easy', 455);[4.420152226048166e-14, 0.9999833109787883, 5.384847779922179e-13, 9.237291091998765e-09]
('easy', 456);[0.999876633606226, 0, 1.6259094556702862e-14, 2.0877090663135784e-14]
('easy', 457);[9.357373096685079e-14, 0, 0.9999724634116024, 3.628247292098314e-15]
('easy', 458);[3.978939768096121e-12, 1.2664068929547367e-14, 1.879518061819697e-12, 0.9999938011552557]
('easy', 459);[0.9999545833252356, 3.824071571986019e-16, 6.914083598066395e-13, 4.420025766287618e-14]
('easy', 460);[1.8794893828688562e-12, 0, 1.980967235266344e-13, 0.9999785427891018]
('easy', 461);[0.999925142169393, 0, 2.0878126005956116e-14, 6.913885787377645e-13]
('easy', 462);[3.4424311467487606e-14, 0, 0.9999870063564401, 2.413330550179034e-12]
('easy', 463);[0.9999545833252356, 0, 2.087872334247744e-14, 7.680853075603749e-15]
('easy', 464);[7.680267095372901e-15, 0.9998765144262002, 1.7136992269732716e-15, 9.86165815740934e-15]
('easy', 465);[0.9999898673126559, 5.175495776614195e-17, 3.628302655180796e-15, 7.287654594998146e-14]
('easy', 466);[5.675349651729371e-14, 0.9999417100552707, 1.0394785305298478e-15, 2.8255956006125963e-15]
('easy', 467);[1.626083130811306e-14, 0, 0.9999833109787883, 5.982036944430832e-15]
('easy', 468);[0.9984987894978749, 1.6893569257594472e-10, 1.8767060240117366e-12, 2.785278697304178e-10]
('easy', 469);[8.764097772443205e-08, 0.9999831917733143, 2.9782808233146573e-16, 2.9782808233146573e-16]
('easy', 470);[1.1367935129735097e-12, 0.9971936051672268, 8.73965940664096e-08, 6.89500119380865e-13]
('easy', 471);[2.680957845695259e-14, 0, 1.8064186325745243e-16, 0.9999833109787883]
('easy', 472);[9.862598683266585e-15, 0.9999724634116024, 2.543597725083059e-13, 1.201510488957372e-13]
('easy', 473);[7.679651864244248e-15, 0, 0.9997965511486372, 1.039327860206076e-15]
('easy', 474);[5.674527021204132e-14, 0, 8.094293513964196e-16, 0.9997965511486372]
('easy', 475);[2.6809834134235834e-14, 0, 0.9999921322487634, 4.4201943801056973e-14]
('easy', 476);[7.681204685202095e-15, 0, 0.9999985694905718, 1.2664165549094176e-14]
('easy', 477);[0.999876633606226, 1.0394111226851284e-15, 2.5433503092071054e-13, 9.86165815740934e-15]
('easy', 478);[5.6749816180694e-14, 0, 0.999876633606226, 1.2013936179729542e-13]
('easy', 479);[1.201531114428897e-13, 0, 2.087947999327175e-14, 0.9999898673126559]
('easy', 480);[7.680267095372901e-15, 0, 0.999876633606226, 9.86165815740934e-15]
('easy', 481);[5.016591020158123e-12, 1.5966709562902115e-14, 0.9818947883508539, 3.706787247334011e-11]
('easy', 482);[2.8257249490748618e-15, 0, 0.9999898673126559, 1.8795108920409615e-12]
('easy', 483);[4.658815056684806e-15, 0, 0.9999833109787883, 2.825714169810185e-15]
('easy', 484);[5.383841337346324e-13, 0, 0.9997965511486372, 1.201297379815822e-13]
('easy', 485);[1.542790604577525e-13, 0, 0.9999870063564401, 7.681116781293558e-15]
('easy', 486);[0.9999833109787883, 0, 1.2663972310737704e-14, 7.681087480214263e-15]
('easy', 487);[0.999876633606226, 0, 3.442050344664701e-14, 9.356462904543251e-14]
('easy', 488);[0.999925142169393, 0, 2.6808044444456976e-14, 2.0878126005956116e-14]
('easy', 489);[0.9999545833252356, 7.287390497921029e-14, 2.6808811439732672e-14, 2.6808811439732672e-14]
('easy', 490);[0.9999246654044206, 4.910055248382009e-16, 1.388691082650761e-11, 9.356926913003444e-14]
('easy', 491);[7.287626794855114e-14, 0, 0.9999870063564401, 3.4424311467487606e-14]
('easy', 492);[1.7138953555082794e-15, 0.9999938011552557, 2.6809885269985083e-14, 1.2664068929547367e-14]
('easy', 493);[1.2663972310737704e-14, 0.9999833109787883, 7.681087480214263e-15, 9.862711552397113e-15]
('easy', 494);[1.9799133434593734e-13, 0.9994468174748747, 1.2008781463822596e-13, 4.19147658099515e-13]
('easy', 495);[9.334484595250058e-14, 0.997527054172033, 1.976110404321513e-13, 5.371625003096026e-13]
('easy', 496);[9.862711552397113e-15, 0.9999833109787883, 1.039522149699997e-15, 5.982036944430832e-15]
('easy', 497);[4.419899310145061e-14, 0, 0.999925142169393, 2.8255417071675084e-15]
('easy', 498);[5.383841337346324e-13, 0, 3.0981867767083427e-12, 0.9997965511486372]
('easy', 499);[4.193603686043509e-13, 0, 5.981854389936609e-15, 0.9999545833252356]
('easy', 500);[1.20148757218204e-13, 0, 0.9999542257282243, 1.5427405805161866e-13]
('easy', 501);[2.4111634811864684e-12, 0, 4.416199962311456e-14, 0.9990889988442552]
('easy', 502);[3.6279012919715435e-15, 0, 0.999876633606226, 3.6279012919715435e-15]
('easy', 503);[0.9994471746722718, 7.000478772510287e-18, 5.672546702686076e-14, 7.676957146809334e-15]
('easy', 504);[0.9999545833252356, 0, 1.0394904264856412e-15, 2.8256279371730614e-15]
('easy', 505);[5.675263053426874e-14, 0, 0.999925142169393, 5.108708994453272e-12]
('easy', 506);[4.4198908798641946e-14, 0, 0.9999240694467058, 7.991350178061992e-11]
('easy', 507);[1.6260676233480695e-14, 0, 3.824144511058464e-16, 0.9999724634116024]
('easy', 508);[0.997327930365615, 0.0014994220677327832, 1.874505902065395e-12, 2.283615683121469e-11]
('easy', 509);[3.442221043837736e-14, 0, 3.442221043837736e-14, 0.999925142169393]
('easy', 510);[0.4983023373287958, 0, 0.4983023373287958, 5.320393086396097e-07]
('easy', 511);[4.420211241841274e-14, 0.9999952316511552, 1.2664117239228628e-14, 1.5428053178454351e-13]
('easy', 512);[5.674527021204132e-14, 0.9997965511486372, 4.419326087673625e-14, 2.412870287801929e-12]
('easy', 513);[0.9999545833252356, 0, 2.8256279371730614e-15, 3.442319527980583e-14]
('easy', 514);[1.20154028141878e-13, 0, 2.680998754177618e-14, 0.9999971389852362]
('easy', 515);[3.628178089433163e-15, 0, 0.9999545833252356, 1.0956148489106822e-16]
('easy', 516);[7.281082813528002e-14, 0.9990889988442552, 3.439339988848071e-14, 3.439339988848071e-14]
('easy', 517);[4.658761741082707e-15, 0, 0.9999724634116024, 1.6260676233480695e-14]
('easy', 518);[0.9999545833252356, 0, 4.193603686043509e-13, 1.20148757218204e-13]
('easy', 519);[2.087947999327175e-14, 0, 0.9999898673126559, 3.628302655180796e-15]
('easy', 520);[7.680618678146588e-15, 0.999925142169393, 2.20053409414297e-15, 1.879389009986991e-12]
('easy', 521);[1.879295811396392e-12, 0, 1.7830262216904018e-11, 0.999876633606226]
('easy', 522);[5.981671841013421e-15, 0.999925142169393, 2.8255417071675084e-15, 7.680618678146588e-15]
('easy', 523);[7.680267095372901e-15, 0, 0.9998765144262002, 1.6259094556702862e-14]
('easy', 524);[0.9999833109787883, 0, 2.2006684081841367e-15, 2.825714169810185e-15]
('easy', 525);[0.9999833109787883, 0, 1.2663972310737704e-14, 9.862711552397113e-15]
('easy', 526);[9.357176773243991e-14, 0.9999523185560253, 1.3887281651983949e-11, 3.628178089433163e-15]
('easy', 527);[9.860868185003011e-15, 0, 0.9997965511486372, 4.419326087673625e-14]
('easy', 528);[0.9993238255958412, 7.282791184207386e-14, 1.444003545598131e-07, 9.231197020939389e-09]
('easy', 529);[5.6756094545653156e-14, 0.9999870063564401, 1.2664020620050393e-14, 8.095837525174643e-16]
('easy', 530);[4.3716649791366075e-14, 0.9890130589396958, 1.6082456695135403e-14, 2.515719498754006e-13]
('easy', 531);[7.287598994818132e-14, 0, 0.9999833109787883, 1.2663972310737704e-14]
('easy', 532);[2.0879320696088945e-14, 0, 0.9999833109787883, 1.406840245603816e-16]
('easy', 533);[9.862410570919425e-15, 0, 0.9999545833252356, 4.658672883101751e-15]
('easy', 534);[5.982059764134332e-15, 0, 0.9999898673126559, 2.087947999327175e-14]
('easy', 535);[8.422837184972173e-12, 0, 3.0985886366856072e-12, 0.999925142169393]
('easy', 536);[8.87335599159837e-13, 0, 1.3340551171011359e-15, 0.9994469365018759]
('easy', 537);[5.981854389936609e-15, 0, 0.9999545833252356, 6.914083598066395e-13]
('easy', 538);[0.6198595278069831, 0.37596379712533645, 2.599565358618134e-13, 2.0245435369371e-13]
('easy', 539);[0.9997965511486372, 8.876453730957509e-13, 1.2661605380151385e-14, 6.912989116566801e-13]
('easy', 540);[1.877816007261196e-12, 0, 4.65464051537762e-15, 0.9990889988442552]
('easy', 541);[7.287182006988985e-14, 0, 0.999925142169393, 4.419899310145061e-14]
('easy', 542);[3.442050344664701e-14, 0, 0.999876633606226, 3.442050344664701e-14]
('easy', 543);[0.9994471746722718, 1.7129606776201997e-15, 7.987540513719823e-11, 1.388026413539288e-11]
('easy', 544);[0.999925142169393, 0, 4.419899310145061e-14, 4.658530713857424e-15]
('easy', 545);[1.039538011670222e-15, 2.289734845645553e-11, 1.026187963170189e-10, 9.991171568224243e-20]
('easy', 546);[4.4201100723926446e-14, 0, 0.9999724634116024, 5.6755336775096484e-14]
('easy', 547);[1.2664020620050393e-14, 0, 0.9999898673126559, 9.862749175727664e-15]
('easy', 548);[0.9997965511486372, 0, 1.6257792114877495e-14, 2.9394777709107856e-11]
('easy', 549);[1.879389009986991e-12, 0, 2.6808044444456976e-14, 0.999925142169393]
('easy', 550);[1.1371730220791344e-12, 0.9975269357220583, 3.619372456982332e-15, 2.0828050426411968e-14]
('easy', 551);[3.442319527980583e-14, 0, 8.532657022762982e-17, 0.9999545833252356]
('easy', 552);[5.675263053426874e-14, 0, 0.999925142169393, 4.658530713857424e-15]
('easy', 553);[1.4636696326736608e-12, 0, 7.680618678146588e-15, 0.999925142169393]
('easy', 554);[7.661032745679131e-10, 0.10648990513879819, 0.7868599768413963, 1.6218406449872965e-09]
('easy', 555);[3.628344178047045e-15, 1.7362052831002947e-20, 5.9821282237671354e-15, 4.139937718785167e-08]
('easy', 556);[5.982082583924882e-15, 0.9999938011552557, 8.095868408402818e-16, 1.6261017399624065e-14]
('easy', 557);[3.4339649765240285e-14, 0.9975272915365344, 5.967336356412957e-15, 4.6473662272248744e-15]
('easy', 558);[3.4373069836111066e-14, 0.9984987894978749, 1.0799697507854013e-11, 2.6769773704931383e-14]
('easy', 559);[2.543505547728082e-13, 0, 0.9999378958168175, 9.735587511459658e-10]
('easy', 560);[4.658850600758511e-15, 0, 0.9999938011552557, 1.3347830449722919e-15]
('easy', 561);[5.674527021204132e-14, 0.9997965511486372, 3.441774617728107e-14, 7.679651864244248e-15]
('easy', 562);[3.2631549265614774e-13, 0.999088760817368, 1.9792035103518627e-13, 1.1389529817030765e-12]
('easy', 563);[3.0987777652988906e-12, 0, 1.542790604577525e-13, 0.9999870063564401]
('easy', 564);[0.9997690257637202, 1.8790950916675677e-12, 6.558686319603008e-12, 6.558686319603008e-12]
('easy', 565);[3.26572644056255e-13, 0, 1.7136992269732716e-15, 0.999876633606226]
('easy', 566);[2.543621982836946e-13, 1.879496552565541e-12, 1.2501314062746922e-09, 0.9999831917733143]
('easy', 567);[0.9994471746722718, 0, 1.0389631698587793e-15, 1.6252118407330153e-14]
('easy', 568);[4.1934837077959627e-13, 0, 1.7137776756938695e-15, 0.999925142169393]
('easy', 569);[2.5433503092071054e-13, 0.999876633606226, 9.356462904543251e-14, 8.877164840099417e-13]
('easy', 570);[0.999925142169393, 0, 2.8255417071675084e-15, 1.0394587042393862e-15]
('easy', 571);[2.5435152504502464e-13, 0.9999417100552707, 2.5435152504502464e-13, 6.55981228936763e-12]
('easy', 572);[7.287696295411537e-14, 0.9999952316511552, 9.357587272409509e-14, 4.420211241841274e-14]
('easy', 573);[0.999876633606226, 0, 5.6749816180694e-14, 2.680671503796068e-14]
('easy', 574);[1.9809559001133307e-13, 0.9999724634116024, 9.862598683266585e-15, 9.357373096685079e-14]
('easy', 575);[0.999925142169393, 0, 4.658530713857424e-15, 8.877605079069033e-13]
('easy', 576);[0.999998927117538, 0, 2.3195228302435696e-16, 4.910429870159115e-16]
('easy', 577);[1.1399896786845267e-12, 0.9999971389852362, 7.681175383787474e-15, 5.6756744071325776e-14]
('easy', 578);[4.420152226048166e-14, 0, 0.9999833109787883, 9.357462335974518e-14]
('easy', 579);[1.4615578193225468e-12, 1.87667738796886e-12, 0.9984821504980893, 2.785236197648303e-10]
('easy', 580);[5.674527021204132e-14, 0.9997965511486372, 6.30384212708511e-16, 6.30384212708511e-16]
('easy', 581);[0.9999938011552557, 0, 3.628316496083413e-15, 5.982082583924882e-15]
('easy', 582);[0.9999982118638471, 0, 2.680998754177618e-14, 5.9821282237671354e-15]
('easy', 583);[5.982036944430832e-15, 0.9999833109787883, 8.532917422763657e-17, 1.2663972310737704e-14]
('easy', 584);[1.877816007261196e-12, 0, 3.439339988848071e-14, 0.9990889988442552]
('easy', 585);[2.200693592979523e-15, 0, 0.9999963045256735, 2.200693592979523e-15]
('easy', 586);[2.0878126005956116e-14, 0.999925142169393, 1.388691082650761e-11, 8.877605079069033e-13]
('easy', 587);[4.193683673448897e-13, 0, 1.713862665860402e-15, 0.9999724634116024]
('easy', 588);[0.999925142169393, 0, 1.3346913958406776e-15, 1.5426964429855265e-13]
('easy', 589);[1.6261017399624065e-14, 0, 0.9999938011552557, 2.940060916072835e-11]
('easy', 590);[5.384796426256798e-13, 0.9999724634116024, 2.543597725083059e-13, 1.1399614123841512e-12]
('easy', 591);[0.999876633606226, 8.532006057527386e-17, 2.680671503796068e-14, 1.6259094556702862e-14]
('easy', 592);[5.675349651729371e-14, 0.9999415908602124, 5.384621827457764e-13, 1.4636919666702374e-12]
('easy', 593);[6.914386918781189e-13, 3.442470542472232e-14, 0.9999973774024795, 1.9810050195781604e-13]
('easy', 594);[0.9990889988442552, 0, 1.2652624730960229e-14, 6.908099033740379e-13]
('easy', 595);[7.287390497921029e-14, 0, 0.9999545833252356, 3.442319527980583e-14]
('easy', 596);[1.5419580622996835e-13, 0.9994469365018759, 2.412028234941004e-12, 1.4629690765842658e-12]
('easy', 597);[2.680957845695259e-14, 0, 0.9999833109787883, 6.30502055243434e-16]
('easy', 598);[0.9999938011552557, 0, 9.862786799201738e-15, 1.2015356979150962e-13]
('easy', 599);[1.9792035103518627e-13, 0.9990886418330229, 6.908099033740379e-13, 5.380032937011822e-13]
('easy', 600);[3.628178089433163e-15, 0, 0.9999545833252356, 1.0956148489106822e-16]
('easy', 601);[4.420152226048166e-14, 0.9999833109787883, 5.675587803874744e-14, 4.420152226048166e-14]
('easy', 602);[2.412028234941004e-12, 0, 1.4629690765842658e-12, 0.9994471746722718]
('easy', 603);[3.2661001946802167e-13, 0, 0.9999898673126559, 5.6756311053384784e-14]
('easy', 604);[9.862786799201738e-15, 0, 0.9999938011552557, 3.628316496083413e-15]
('easy', 605);[6.305044604224876e-16, 0.9999898673126559, 0, 4.658832828687761e-15]
('easy', 606);[2.08796392916699e-14, 0.9999971389852362, 4.420219672733183e-14, 3.266125113142237e-13]
('easy', 607);[1.713862665860402e-15, 0, 0.9999724634116024, 9.862598683266585e-15]
('easy', 608);[0.9999545833252356, 0, 4.658672883101751e-15, 8.095559581422459e-16]
('easy', 609);[0.9999785427891018, 0, 9.862636306166573e-15, 1.2663875692665183e-14]
('easy', 610);[1.2645145722655498e-14, 0.9984986705837912, 7.276778941407574e-14, 7.669668577324624e-15]
('easy', 611);[0.999876633606226, 0, 2.680671503796068e-14, 5.108455654418009e-12]
('easy', 612);[0.9999833109787883, 0, 1.3347728614246754e-15, 4.658815056684806e-15]
('easy', 613);[1.626036608865265e-14, 0.9999545833252356, 1.0394904264856412e-15, 2.087872334247744e-14]
('easy', 614);[7.987433869260405e-11, 2.0867854492254495e-14, 0.9994341953992328, 3.440527557525521e-14]
('easy', 615);[0.999925142169393, 0, 4.658530713857424e-15, 1.3346913958406776e-15]
('easy', 616);[5.9821282237671354e-15, 0, 0.9999985694905718, 7.681204685202095e-15]
('easy', 617);[0.9999545833252356, 8.095559581422459e-16, 2.6808811439732672e-14, 9.357194620659337e-14]
('easy', 618);[2.6801040236312333e-14, 0.9996646575567589, 1.3343452225751545e-15, 3.627126371417183e-15]
('easy', 619);[2.542811899017473e-13, 0.9996646575567589, 1.4632872158665164e-12, 2.0872671123168276e-14]
('easy', 620);[9.357587272409509e-14, 0, 0.9999963045256735, 3.0988073176874773e-12]
('easy', 621);[2.200693592979523e-15, 0, 0.9999963045256735, 1.0956608237039165e-16]
('easy', 622);[2.680671503796068e-14, 0.999876633606226, 9.86165815740934e-15, 1.2662619724799594e-14]
('easy', 623);[7.287390497921029e-14, 0.9999545833252356, 2.087872334247744e-14, 9.357194620659337e-14]
('easy', 624);[3.4423851856411955e-14, 0, 0.9999724634116024, 4.658761741082707e-15]
('easy', 625);[2.2893418203436894e-11, 0.999828606428617, 1.879206201725457e-12, 1.4635272614564262e-12]
('easy', 626);[0.999925142169393, 0, 5.108708994453272e-12, 3.628067367914352e-15]
('easy', 627);[1.9807632124353936e-13, 0, 2.8254123670931997e-15, 0.999876633606226]
('easy', 628);[3.441321685709587e-14, 0.9996645384165465, 7.678626588546446e-15, 4.4187445114498135e-14]
('easy', 629);[6.913885787377645e-13, 0, 8.095312528320218e-16, 0.999925142169393]
('easy', 630);[2.680093799865243e-14, 0.9996609645659033, 2.8247980825885706e-15, 1.463281633879422e-12]
('easy', 631);[2.680957845695259e-14, 0, 0.9999833109787883, 9.862711552397113e-15]
('easy', 632);[8.877859073021082e-13, 3.824071571986019e-16, 2.087872334247744e-14, 0.9999545833252356]
('easy', 633);[4.4202028109654453e-14, 0, 0.9999938011552557, 9.862786799201738e-15]
('easy', 634);[3.442221043837736e-14, 0.999925142169393, 7.680618678146588e-15, 9.356926913003444e-14]
('easy', 635);[5.108455654418009e-12, 0, 4.419680128068277e-14, 0.999876633606226]
('easy', 636);[0.9999833109787883, 0, 3.628288814330979e-15, 4.658815056684806e-15]
('easy', 637);[0.999876633606226, 1.154681456371964e-17, 2.8254123670931997e-15, 4.419680128068277e-14]
('easy', 638);[0.9999833109787883, 0, 2.2006684081841367e-15, 1.7138822795743077e-15]
('easy', 639);[4.4202028109654453e-14, 0.9999938011552557, 7.681146082484628e-15, 1.9809974626581428e-13]
('easy', 640);[1.626083130811306e-14, 0, 0.9999833109787883, 1.879496552565541e-12]
('easy', 641);[5.384272646843293e-13, 0, 1.7136992269732716e-15, 0.999876633606226]
('easy', 642);[0.9984696716626849, 0, 2.749430677874341e-05, 2.378723620707815e-07]
('easy', 643);[1.9806045425386765e-13, 0.9997965511486372, 9.35571340102189e-14, 2.9394777709107856e-11]
('easy', 644);[0.9999833109787883, 2.9782808233146573e-16, 7.681087480214263e-15, 1.2663972310737704e-14]
('easy', 645);[5.108855157880887e-12, 0, 4.420025766287618e-14, 0.9999545833252356]
('easy', 646);[1.542796489867851e-13, 0.9999898673126559, 1.626095536888377e-14, 5.109040304225795e-12]
('easy', 647);[5.384745073081162e-13, 0, 4.658726197686945e-15, 0.9999645960934689]
('easy', 648);[3.26572644056255e-13, 0, 2.8254123670931997e-15, 0.999876633606226]
('easy', 649);[1.9809181167383847e-13, 0, 2.8256279371730614e-15, 0.9999545833252356]
('easy', 650);[1.2663585842870401e-14, 0, 0.9999545833252356, 1.7138299768360243e-15]
('easy', 651);[2.6801040236312333e-14, 0, 1.71333318042236e-15, 0.9996646575567589]
('easy', 652);[0.9999952316511552, 4.658868372897056e-15, 9.357587272409509e-14, 2.061145759776467e-09]
('easy', 653);[1.8794176874062515e-12, 0.9999413524701386, 2.6808453505873214e-14, 1.3175735194727377e-10]
('easy', 654);[0.9975245632417042, 1.8748777739192462e-12, 3.765792675451892e-11, 8.402619227593646e-12]
('easy', 655);[8.875285603885808e-13, 0, 2.1999633509167543e-15, 0.9996646575567589]
('easy', 656);[0.999876633606226, 0, 2.2004333639918156e-15, 3.6279012919715435e-15]
('easy', 657);[4.192939849457517e-13, 0, 9.860868185003011e-15, 0.9997965511486372]
('easy', 658);[7.287598994818132e-14, 0, 0.9999833109787883, 1.879496552565541e-12]
('easy', 659);[8.877164840099417e-13, 0, 2.680671503796068e-14, 0.999876633606226]
('easy', 660);[4.658815056684806e-15, 0.9999833109787883, 2.825714169810185e-15, 2.2006684081841367e-15]
('easy', 661);[7.287390497921029e-14, 0, 0.9999545833252356, 5.981854389936609e-15]
('easy', 662);[5.6755336775096484e-14, 0, 0.9999724634116024, 1.713862665860402e-15]
('easy', 663);[0.9994471746722718, 0, 1.3340551171011359e-15, 7.676957146809334e-15]
('easy', 664);[3.628067367914352e-15, 0.999925142169393, 2.978099049026618e-16, 3.138893304358311e-17]
('easy', 665);[3.2659818345818147e-13, 0.9999539873315005, 2.2006012501388187e-15, 1.3347321280111435e-15]
('easy', 666);[3.0981867767083427e-12, 0, 2.5431465730268574e-13, 0.9997965511486372]
('easy', 667);[7.681087480214263e-15, 0, 0.9999833109787883, 1.980974792071053e-13]
('easy', 668);[1.8793352410052853e-12, 3.978552736428974e-12, 9.23649828296884e-09, 0.9998976097084851]
('easy', 669);[5.675641930756031e-14, 0.9999921322487634, 3.628316496083413e-15, 3.266106424277899e-13]
('easy', 670);[2.6808811439732672e-14, 0.9999545833252356, 1.2663585842870401e-14, 3.442319527980583e-14]
('easy', 671);[3.9753137715745575e-12, 3.2631362546926346e-13, 1.2490064587338234e-09, 0.9990828112685483]
('easy', 672);[3.4424180149411245e-14, 0.9999833109787883, 5.982036944430832e-15, 4.658815056684806e-15]
('easy', 673);[4.19147658099515e-13, 0, 4.656309882839882e-15, 0.9994471746722718]
('easy', 674);[4.193603686043509e-13, 0, 6.304828141413025e-16, 0.9999545833252356]
('easy', 675);[0.9994471746722718, 8.091453302683664e-16, 2.412028234941004e-12, 2.412028234941004e-12]
('easy', 676);[2.5433503092071054e-13, 0, 1.7136992269732716e-15, 0.999876633606226]
('easy', 677);[1.1399505409167837e-12, 0, 1.201499030515068e-13, 0.9999645960934689]
('easy', 678);[1.2664020620050393e-14, 0, 0.9999898673126559, 2.087947999327175e-14]
('easy', 679);[0.9999785427891018, 0, 1.6260769278082644e-14, 5.675566153266763e-14]
('easy', 680);[1.7138822795743077e-15, 0, 0.9999833109787883, 3.628288814330979e-15]
('easy', 681);[2.6809834134235834e-14, 0, 0.9999921322487634, 1.542799432521433e-13]
('easy', 682);[2.8257249490748618e-15, 0, 0.9999898673126559, 2.8257249490748618e-15]
('easy', 683);[6.914215475003047e-13, 0, 3.628247292098314e-15, 0.9999724634116024]
('easy', 684);[9.357373096685079e-14, 0, 0.9999724634116024, 1.5427700062381816e-13]
('easy', 685);[0.9999898673126559, 0, 1.2664020620050393e-14, 1.2664020620050393e-14]
('easy', 686);[0.9999724634116024, 0, 6.304948397613231e-16, 5.6755336775096484e-14]
('easy', 687);[7.681146082484628e-15, 0.9999938011552557, 1.3347830449722919e-15, 5.982082583924882e-15]
('easy', 688);[4.420152226048166e-14, 0, 0.9999833109787883, 4.420152226048166e-14]
('easy', 689);[7.681087480214263e-15, 0, 0.9999833109787883, 1.7138822795743077e-15]
('easy', 691);[4.193547695767485e-13, 0, 8.877740541605809e-13, 0.9999417100552707]
('easy', 692);[3.2661001946802167e-13, 0, 7.991883676048487e-11, 0.9999898673126559]
('easy', 693);[1.0815838408920834e-11, 0.9999898673126559, 8.532949973322502e-17, 0]
('easy', 694);[6.914386918781189e-13, 0, 0.999998927117538, 1.3887917375838539e-11]
('easy', 695);[6.914215475003047e-13, 0, 1.2663827383905348e-14, 0.9999724634116024]
('easy', 696);[3.4423851856411955e-14, 0, 0.9999724634116024, 2.0879121576319505e-14]
('easy', 697);[2.087872334247744e-14, 0, 0.9999545833252356, 3.2659818345818147e-13]
('easy', 698);[2.679511109667032e-14, 0.999443483270214, 1.265711425904667e-14, 5.978797430195018e-15]
('easy', 699);[5.6754254263280127e-14, 0.9999545833252356, 2.2006012501388187e-15, 4.658672883101751e-15]
('easy', 700);[0.9999545833252356, 4.0305417835639596e-17, 2.6808811439732672e-14, 9.357194620659337e-14]
('easy', 701);[0.9997965511486372, 0, 8.876453730957509e-13, 2.412870287801929e-12]
('easy', 702);[5.6737802625510175e-14, 0.9996646575567589, 1.71333318042236e-15, 7.678626588546446e-15]
('easy', 703);[4.42018594926203e-14, 0, 0.9999898673126559, 4.658832828687761e-15]
('easy', 704);[0.9994471746722718, 2.199485047850993e-15, 1.7822611940183757e-11, 1.7822611940183757e-11]
('easy', 705);[5.982105403802484e-15, 0, 0.9999963045256735, 2.6809936405831866e-14]
('easy', 706);[6.91430779035535e-13, 0, 1.2015265309601827e-13, 0.9999870063564401]
('easy', 707);[0.9999898673126559, 0, 2.200676803083908e-15, 1.2664020620050393e-14]
('easy', 708);[2.680456767441935e-14, 0.9997963128222394, 2.680456767441935e-14, 4.192939849457517e-13]
('easy', 709);[1.5426964429855265e-13, 0, 4.419899310145061e-14, 0.999925142169393]
('easy', 710);[5.384919675876492e-13, 0, 0.9999952316511552, 1.1399875043288452e-12]
('easy', 711);[3.265888395428674e-13, 0, 1.6259900882502087e-14, 0.999925142169393]
('easy', 712);[1.2663972310737704e-14, 0, 0.9999833109787883, 7.681087480214263e-15]
('easy', 713);[5.6754254263280127e-14, 0.9999545833252356, 3.442319527980583e-14, 1.1399396695530941e-12]
('easy', 714);[2.200693592979523e-15, 0, 0.9999953508594287, 8.315247540751075e-07]
('easy', 715);[5.3157548373442334e-08, 4.4202028109654453e-14, 0.999994397195003, 1.4637701383420293e-12]
('easy', 716);[5.675263053426874e-14, 0, 4.910055248382009e-16, 0.999925142169393]
('easy', 717);[0.9999785427891018, 0, 1.201517364075207e-13, 4.65877951288228e-15]
('easy', 718);[3.266075276408309e-13, 0, 0.9999833109787883, 2.413321344071142e-12]
('easy', 719);[2.543597725083059e-13, 0, 4.4201100723926446e-14, 0.9999724634116024]
('easy', 720);[0.999876633606226, 6.559386900294933e-12, 5.98139802807396e-15, 2.5433503092071054e-13]
('easy', 721);[5.6749816180694e-14, 0, 0.999876633606226, 2.8254123670931997e-15]
('easy', 722);[5.674527021204132e-14, 0, 0.9997965511486372, 2.5431465730268574e-13]
('easy', 723);[0.9994471746722718, 4.90771450971069e-16, 7.987540513719823e-11, 1.7129606776201997e-15]
('easy', 724);[3.4423851856411955e-14, 0, 0.9999724634116024, 1.0395102533811623e-15]
('easy', 725);[0.9999833109787883, 0, 1.4637533869180492e-12, 6.914281414414636e-13]
('easy', 726);[0.9999724634116024, 1.2663827383905348e-14, 4.4201100723926446e-14, 3.824144511058464e-16]
('easy', 727);[2.6808811439732672e-14, 0, 0.9999545833252356, 4.910205093663095e-16]
('easy', 728);[3.098523626390797e-12, 0, 1.201427990611777e-13, 0.9999039265409296]
('easy', 729);[1.2008781463822596e-13, 0.9994471746722718, 1.7129606776201997e-15, 8.091453302683664e-16]
('easy', 730);[0.9997965511486372, 0, 5.980918885589195e-15, 1.9806045425386765e-13]
('easy', 731);[1.978003414447029e-13, 0.9984821504980893, 2.084800260634368e-14, 0]
('easy', 732);[0.9999977350285647, 0, 9.35760512060782e-14, 5.982105403802484e-15]
('easy', 733);[1.8794786283751106e-12, 0, 0.9999724634116024, 3.2660441288357665e-13]
('easy', 734);[0.999925142169393, 5.1751601573537586e-17, 2.6808044444456976e-14, 3.628067367914352e-15]
('easy', 735);[1.2652624730960229e-14, 0.9990889988442552, 1.0385906836295783e-15, 2.975612128341783e-16]
('easy', 736);[3.9787803975560205e-12, 0, 4.420025766287618e-14, 0.9999545833252356]
('easy', 737);[3.4423851856411955e-14, 0, 1.2663827383905348e-14, 0.9999724634116024]
('easy', 738);[0.9999898673126559, 0, 5.982059764134332e-15, 1.9809899057669524e-13]
('easy', 739);[5.383841337346324e-13, 0.9997965511486372, 5.980918885589195e-15, 9.35571340102189e-14]
('easy', 740);[1.2015081972601692e-13, 0, 2.172377781963028e-10, 0.9999710329823779]
('easy', 741);[0.8668131800187012, 0.11731041946748953, 6.6581622169031984e-15, 2.4494009955831604e-15]
('easy', 742);[2.200693592979523e-15, 0.9999963045256735, 1.7139018935126759e-15, 1.7139018935126759e-15]
('easy', 743);[0.9999898673126559, 0, 8.095837525174643e-16, 1.806425523527886e-16]
('easy', 744);[5.675641930756031e-14, 0, 0.9999915362117302, 8.878197742927961e-13]
('easy', 745);[0.9999724634116024, 0, 1.2663827383905348e-14, 1.3347575862489266e-15]
('easy', 746);[7.286236922907485e-14, 0, 2.8251860362093995e-15, 0.9997965511486372]
('easy', 747);[7.287182006988985e-14, 0, 0.999925142169393, 1.266319938679698e-14]
('easy', 748);[0.9990889988442552, 1.1537700309091695e-17, 2.0860651524120617e-14, 1.3335768353154756e-15]
('easy', 749);[3.0971055594327204e-12, 0, 2.6795213312102313e-14, 0.9994471746722718]
('easy', 750);[8.875268675638089e-13, 0.9996617984574251, 1.625562161034813e-14, 1.625562161034813e-14]
('easy', 751);[0.9997965511486372, 0, 2.680456767441935e-14, 5.980918885589195e-15]
('easy', 752);[4.4201100723926446e-14, 0, 0.9999724634116024, 1.6260676233480695e-14]
('easy', 754);[2.2897261110169583e-11, 0, 0.9999961853172863, 5.384919675876492e-13]
('easy', 755);[8.875285603885808e-13, 0, 1.6255652615515353e-14, 0.9996646575567589]
('easy', 756);[8.87335599159837e-13, 0, 1.2657162542197917e-14, 0.9994471746722718]
('easy', 757);[1.20148757218204e-13, 0, 2.087872334247744e-14, 0.9999545833252356]
('easy', 758);[9.862410570919425e-15, 0, 0.9999545833252356, 4.193603686043509e-13]
('easy', 759);[5.982105403802484e-15, 0.9999971389852362, 1.2664117239228628e-14, 1.7139018935126759e-15]
('easy', 760);[0.999876633606226, 0, 1.1398505282814422e-12, 2.2004333639918156e-15]
('easy', 761);[5.384868321525461e-13, 0.9999870063564401, 1.4637589707047421e-12, 7.287626794855114e-14]
('easy', 762);[2.2894509872711877e-11, 5.98139802807396e-15, 1.0814600705268036e-11, 0.999876633606226]
('easy', 763);[0.9997965511486372, 0, 3.627610677364163e-15, 5.980918885589195e-15]
('easy', 764);[0.9959294273796941, 0, 2.1635948294343272e-10, 1.2450628595254942e-09]
('easy', 765);[0.9996646575567589, 9.859551704947922e-15, 7.580015439920881e-10, 1.5224867999686346e-08]
('easy', 766);[8.877164840099417e-13, 9.356462904543251e-14, 5.98139802807396e-15, 0.999876633606226]
('easy', 767);[1.2663827383905348e-14, 0, 0.9999724634116024, 5.981968485842631e-15]
('easy', 768);[0.9996646575567589, 0, 9.859551704947922e-15, 5.6737802625510175e-14]
('easy', 769);[1.2008781463822596e-13, 2.9766793192560877e-16, 7.676957146809334e-15, 0.9994471746722718]
('easy', 770);[5.383841337346324e-13, 0, 1.2661605380151385e-14, 0.9997965511486372]
('easy', 771);[0.9999545833252356, 0, 2.2006012501388187e-15, 1.7138299768360243e-15]
('easy', 772);[0.9999833109787883, 1.626083130811306e-14, 1.3347728614246754e-15, 1.4637533869180492e-12]
('easy', 773);[1.5404941139846596e-13, 0.9984984328719069, 8.864931550707199e-13, 1.0799697507854013e-11]
('easy', 774);[1.542619940923716e-13, 0, 0.999876633606226, 4.1932757536315027e-13]
('easy', 775);[2.935650950204388e-11, 0, 2.5398357243919835e-13, 0.9984949862303035]
('easy', 776);[4.4201100723926446e-14, 0, 0.9999724634116024, 2.543597725083059e-13]
('easy', 777);[1.266319938679698e-14, 0.999925142169393, 2.978099049026618e-16, 1.3346913958406776e-15]
('easy', 778);[4.658832828687761e-15, 0, 0.9999898673126559, 3.44244427860649e-14]
('easy', 779);[0.9999724634116024, 0, 2.8256818322628714e-15, 1.2663827383905348e-14]
('easy', 780);[2.0879121576319505e-14, 0.9999724634116024, 3.628247292098314e-15, 1.2663827383905348e-14]
('easy', 781);[0.9999963045256735, 0, 1.5428053178454351e-13, 5.109069538472553e-12]
('easy', 782);[3.266075276408309e-13, 0, 0.9999833109787883, 3.266075276408309e-13]
('easy', 783);[1.2664020620050393e-14, 0, 0.9999898673126559, 7.287654594998146e-14]
('easy', 784);[3.4423851856411955e-14, 0, 0.9999724634116024, 2.2006432236769663e-15]
('easy', 785);[5.982036944430832e-15, 0, 0.9999833109787883, 5.982036944430832e-15]
('easy', 786);[5.383132832462897e-13, 0, 9.859551704947922e-15, 0.9996646575567589]
('easy', 787);[3.258055256856709e-13, 0, 1.6220901981940346e-14, 0.9975274099865513]
('easy', 788);[9.356462904543251e-14, 0.9998765144262002, 9.86165815740934e-15, 9.86165815740934e-15]
('easy', 789);[5.6756311053384784e-14, 0.9999898673126559, 6.645468121132688e-17, 4.030680163609884e-17]
('easy', 790);[4.658868372897056e-15, 0, 0.9999977350285647, 6.305092708081201e-16]
('easy', 791);[1.9792035103518627e-13, 0, 2.0860651524120617e-14, 0.9990889988442552]
('easy', 792);[1.2663827383905348e-14, 0, 0.9999724634116024, 1.201510488957372e-13]
('easy', 793);[1.2015356979150962e-13, 0, 0.9999938011552557, 2.2006851980157036e-15]
('easy', 794);[2.5436559440810405e-13, 0.9999952316511552, 1.9810012411145482e-13, 4.193779660349228e-13]
('easy', 795);[0.9997965511486372, 0, 2.0875418294728254e-14, 1.039327860206076e-15]
('easy', 796);[2.5431465730268574e-13, 0, 0.9997965511486372, 7.286236922907485e-14]
('easy', 797);[1.877816007261196e-12, 0.999088522848692, 1.3875287821122943e-11, 5.380032937011822e-13]
('easy', 798);[5.9821282237671354e-15, 0, 0.9999985694905718, 3.628344178047045e-15]
('easy', 799);[1.6259900882502087e-14, 0, 0.999925142169393, 7.680618678146588e-15]
('easy', 800);[3.978932178878032e-12, 0.9999918938339075, 3.266106424277899e-13, 0]
('easy', 801);[2.172402642996038e-10, 0, 2.680957845695259e-14, 0.9999833109787883]
('easy', 802);[1.8794427805070615e-12, 0, 6.914083598066395e-13, 0.9999545833252356]
('easy', 803);[1.0261116313791214e-10, 0, 1.6259900882502087e-14, 0.999925142169393]
('easy', 804);[2.6809322782107666e-14, 0, 0.9999724634116024, 4.4201100723926446e-14]
('easy', 805);[5.672546702686076e-14, 0.9994471746722718, 4.656309882839882e-15, 2.5422590558410414e-13]
('easy', 806);[4.419326087673625e-14, 0.9997965511486372, 4.419326087673625e-14, 3.441774617728107e-14]
('easy', 807);[9.862711552397113e-15, 0, 0.9999833109787883, 3.4424180149411245e-14]
('easy', 808);[0.9990889988442552, 0, 5.670512996783356e-14, 1.200447610839275e-13]
('easy', 809);[0.999925142169393, 4.030418783067042e-17, 5.675263053426874e-14, 3.628067367914352e-15]
('easy', 810);[1.626036608865265e-14, 0.9999539873315005, 7.680853075603749e-15, 4.193603686043509e-13]
('easy', 811);[0.9999545833252356, 0, 3.824071571986019e-16, 1.2663585842870401e-14]
('easy', 812);[1.9809181167383847e-13, 0, 0.9999545833252356, 4.658672883101751e-15]
('easy', 813);[0.9999545833252356, 3.824071571986019e-16, 2.6808811439732672e-14, 2.087872334247744e-14]
('easy', 814);[2.8256279371730614e-15, 0, 0.9999545833252356, 4.658672883101751e-15]
('easy', 815);[5.370969327173361e-13, 0, 0.9974046529163562, 5.370969327173361e-13]
('easy', 816);[2.2894509872711877e-11, 0, 1.7136992269732716e-15, 0.999876633606226]
('easy', 817);[2.6795213312102313e-14, 0.9994471746722718, 3.626337782978822e-15, 1.5419580622996835e-13]
('easy', 818);[1.763436887753647e-11, 6.4873217680791915e-12, 2.2352168843779135e-06, 0.9888901738005602]
('easy', 819);[3.442050344664701e-14, 0.999876633606226, 1.2662619724799594e-14, 8.094941962803061e-16]
('easy', 820);[7.680999577647024e-15, 0, 0.9999724634116024, 4.4201100723926446e-14]
('easy', 821);[9.357551576115012e-14, 0, 0.9999921322487634, 1.9809936842089442e-13]
('easy', 822);[3.441321685709587e-14, 0.9996646575567589, 4.4187445114498135e-14, 1.3883282556862041e-11]
('easy', 823);[0.999925142169393, 0, 7.680618678146588e-15, 3.628067367914352e-15]
('easy', 824);[1.0855044984443313e-07, 2.1802940683789924e-06, 0.9645912117206833, 7.220142347722634e-05]
('easy', 825);[5.98139802807396e-15, 0, 0.999876633606226, 4.658317468125757e-15]
('easy', 826);[1.8791452695898686e-12, 0, 1.4634798074615157e-12, 0.9997965511486372]
('easy', 827);[3.6283303370388294e-15, 0, 0.9999971389852362, 6.914386918781189e-13]
('easy', 828);[0.9999545833252356, 0, 9.357194620659337e-14, 1.9809181167383847e-13]
('easy', 829);[8.870174740318674e-13, 0, 2.6785606765636743e-14, 0.9990889988442552]
('easy', 830);[0.9994471746722718, 0, 6.910576594728152e-13, 3.9767622564765195e-12]
('easy', 831);[7.681204685202095e-15, 0, 0.9999982118638471, 1.626107943060099e-14]
('easy', 832);[0.999925142169393, 1.4067543815099975e-16, 3.442221043837736e-14, 2.0878126005956116e-14]
('easy', 833);[1.5422904369478405e-13, 0.9996632279915229, 2.824808858358645e-15, 9.859551704947922e-15]
('easy', 834);[2.413252299381347e-12, 0, 2.5435492102693003e-13, 0.9999545833252356]
('easy', 835);[5.981968485842631e-15, 0, 0.9999724634116024, 1.713862665860402e-15]
('easy', 836);[5.106741067581968e-12, 0.9995413738850931, 9.858348219846585e-15, 4.65675396432945e-15]
('easy', 837);[4.658832828687761e-15, 0.9999898673126559, 1.7138888175288235e-15, 1.3347779531887718e-15]
('easy', 838);[0.9990889988442552, 0, 4.1899738642947575e-13, 1.200447610839275e-13]
('easy', 839);[2.6785606765636743e-14, 0.9990888798598818, 1.7123465516510732e-15, 2.1986964944975866e-15]
('easy', 840);[5.6756311053384784e-14, 0, 0.9999898673126559, 9.357533728018829e-14]
('easy', 841);[6.910576594728152e-13, 0, 4.656309882839882e-15, 0.9994471746722718]
('easy', 842);[1.5427405805161866e-13, 0.9999543449247886, 4.420025766287618e-14, 5.108855157880887e-12]
('easy', 843);[1.0815900297821705e-11, 1.7139018935126759e-15, 0.9999958276922101, 8.423431621565785e-12]
('easy', 844);[7.680618678146588e-15, 0.999925142169393, 1.0394587042393862e-15, 1.7137776756938695e-15]
('easy', 845);[9.356462904543251e-14, 0.999876633606226, 4.1932757536315027e-13, 2.4130635873077793e-12]
('easy', 846);[9.862711552397113e-15, 0, 0.9999833109787883, 2.2006684081841367e-15]
('easy', 847);[2.087872334247744e-14, 0, 0.9999545833252356, 1.0394904264856412e-15]
('easy', 848);[5.383841337346324e-13, 0.9997965511486372, 5.980918885589195e-15, 2.412870287801929e-12]
('easy', 849);[8.876453730957509e-13, 0, 2.680456767441935e-14, 0.9997965511486372]
('easy', 850);[1.6260676233480695e-14, 0, 8.53281977183214e-17, 0.9999724634116024]
('easy', 851);[1.5428023751806278e-13, 0, 3.824217451522125e-16, 0.9999938011552557]
('easy', 852);[2.0879320696088945e-14, 0, 0.9999833109787883, 1.5427847193096495e-13]
('easy', 853);[7.286820636836835e-14, 0, 0.999876633606226, 1.334630299915645e-15]
('easy', 854);[2.4125527579426955e-12, 0, 8.420636528190429e-12, 0.9996646575567589]
('easy', 855);[6.913740729802721e-13, 0, 3.265819875082058e-13, 0.9999039265409296]
('easy', 856);[9.357462335974518e-14, 0, 7.681087480214263e-15, 0.9999833109787883]
('easy', 857);[4.419680128068277e-14, 0, 0.999876633606226, 4.419680128068277e-14]
('easy', 858);[1.201531114428897e-13, 0, 4.91037367507047e-16, 0.9999898673126559]
('easy', 859);[0.9996646575567589, 0, 2.0872671123168276e-14, 1.0391891042291184e-15]
('easy', 860);[0.26845494577317425, 0.729736200855178, 9.241509969856235e-15, 2.1454793693560847e-11]
('easy', 861);[0.9999985694905718, 0, 2.2007019879753665e-15, 1.8064461965456932e-16]
('easy', 862);[9.356926913003444e-14, 0, 1.7137776756938695e-15, 0.999925142169393]
('easy', 863);[7.681146082484628e-15, 0, 0.9999938011552557, 1.039530080654855e-15]
('easy', 864);[0.999925142169393, 2.4445725634118422e-17, 1.4067543815099975e-16, 1.0955814139091159e-16]
('easy', 865);[0.9994471746722718, 0, 1.5419580622996835e-13, 3.440573493830909e-14]
('easy', 866);[3.2659818345818147e-13, 0, 0.9999545833252356, 1.9809181167383847e-13]
('easy', 867);[0.999925142169393, 0, 3.978666565364138e-12, 5.108708994453272e-12]
('easy', 868);[2.542811899017473e-13, 0, 3.627126371417183e-15, 0.9996646575567589]
('easy', 869);[0.9999898673126559, 0, 7.681116781293558e-15, 3.628302655180796e-15]
('easy', 870);[7.204691853724151e-13, 0.4921984589650861, 4.546656320374286e-09, 0.4921984589650861]
('easy', 871);[7.287654594998146e-14, 0, 0.9999898673126559, 7.681116781293558e-15]
('easy', 872);[7.287182006988985e-14, 0, 0.999925142169393, 3.265888395428674e-13]
('easy', 873);[0.9959290730627018, 0, 2.670088140234432e-14, 3.6135782396004145e-15]
('easy', 874);[0.9997965511486372, 3.823473524065222e-16, 2.680456767441935e-14, 1.78288339160114e-11]
('easy', 875);[0.9999545833252356, 0, 7.680853075603749e-15, 7.287390497921029e-14]
('easy', 876);[1.9808614430271875e-13, 0, 6.30463573626354e-16, 0.999925142169393]
('easy', 877);[1.6454220229668472e-12, 0.005898700172877854, 0.8754445837591559, 1.0944386914033263e-09]
('easy', 878);[9.862410570919425e-15, 0, 0.9999545833252356, 8.877859073021082e-13]
('easy', 879);[2.0879320696088945e-14, 0, 0.9999833109787883, 3.824188275169713e-16]
('easy', 880);[1.20148757218204e-13, 0, 0.9999545833252356, 1.1399396695530941e-12]
('easy', 881);[2.541347612089391e-13, 0, 1.3335768353154756e-15, 0.9990889988442552]
('easy', 882);[0.9984987894978749, 0, 8.864931550707199e-13, 3.4373069836111066e-14]
('easy', 883);[4.658815056684806e-15, 0, 0.9999833109787883, 1.7138822795743077e-15]
('easy', 884);[3.265888395428674e-13, 0, 2.20053409414297e-15, 0.999925142169393]
('easy', 885);[2.6809322782107666e-14, 0, 0.9999724634116024, 1.4637394275445062e-12]
('easy', 886);[1.266319938679698e-14, 1.0815137026126897e-11, 0.9999246654044206, 5.108708994453272e-12]
('easy', 887);[1.980974792071053e-13, 0.9999827149515604, 7.287598994818132e-14, 6.224037779301199e-11]
('easy', 888);[1.201297379815822e-13, 0, 3.627610677364163e-15, 0.9997965511486372]
('easy', 889);[7.287390497921029e-14, 0, 0.9999545833252356, 1.9809181167383847e-13]
('easy', 890);[2.413183256666908e-12, 0, 3.628067367914352e-15, 0.999925142169393]
('easy', 891);[8.877588146397271e-13, 0.9999228775396172, 9.735457528210686e-10, 2.060996374895401e-09]
('easy', 892);[2.6808811439732672e-14, 0, 0.9999545833252356, 3.442319527980583e-14]
('easy', 893);[3.442050344664701e-14, 0, 0.999876633606226, 2.8254123670931997e-15]
('easy', 894);[7.681175383787474e-15, 0, 0.9999963045256735, 1.626104841508295e-14]
('easy', 895);[1.542619940923716e-13, 0, 0.9998765144262002, 2.8254123670931997e-15]
('easy', 896);[1.626036608865265e-14, 0.9999545833252356, 5.981854389936609e-15, 3.442319527980583e-14]
('easy', 897);[9.35571340102189e-14, 0, 0.9997965511486372, 3.978150566939381e-12]
('easy', 898);[9.356926913003444e-14, 0, 2.978099049026618e-16, 0.999925142169393]
('easy', 899);[0.9990889988442552, 4.027053101914351e-17, 1.200447610839275e-13, 8.088552377013813e-16]
('easy', 900);[0.999925142169393, 0, 1.201453197838599e-13, 4.910055248382009e-16]
('easy', 901);[0.999925142169393, 0, 4.419899310145061e-14, 9.862109598626822e-15]
('easy', 902);[7.287390497921029e-14, 0.9999545833252356, 4.420025766287618e-14, 1.20148757218204e-13]
('easy', 903);[5.982036944430832e-15, 0, 0.9999833109787883, 3.824188275169713e-16]
('easy', 904);[0.9996646575567589, 0, 9.859551704947922e-15, 9.859551704947922e-15]
('easy', 905);[1.20148757218204e-13, 0, 0.9999545833252356, 3.0986772892857843e-12]
('easy', 906);[3.442221043837736e-14, 0, 0.999925142169393, 3.628067367914352e-15]
('easy', 907);[0.9997965511486372, 1.039327860206076e-15, 9.35571340102189e-14, 2.5431465730268574e-13]
('easy', 908);[2.0879121576319505e-14, 0.9999724634116024, 3.628247292098314e-15, 8.878028406359617e-13]
('easy', 909);[2.5433503092071054e-13, 0, 0.999876633606226, 5.98139802807396e-15]
('easy', 910);[0.9999545833252356, 1.1547695549365005e-17, 7.680853075603749e-15, 3.442319527980583e-14]
('easy', 911);[4.658868372897056e-15, 0, 0.9999963045256735, 1.626104841508295e-14]
('easy', 912);[0.9999898673126559, 0, 9.862749175727664e-15, 1.2664020620050393e-14]
('easy', 913);[4.192939849457517e-13, 0, 5.980918885589195e-15, 0.9997965511486372]
('easy', 914);[1.9809559001133307e-13, 0, 0.9999724634116024, 5.981968485842631e-15]
('easy', 915);[1.463488181584104e-12, 0.9998017942419198, 4.657962080264739e-15, 3.397593791474953e-09]
('easy', 916);[2.4132200792021233e-12, 0, 3.44227356836328e-14, 0.9999417100552707]
('easy', 917);[4.42018594926203e-14, 0, 6.305044604224876e-16, 0.9999898673126559]
('easy', 918);[4.658761741082707e-15, 0.9999724634116024, 4.910298749285984e-16, 4.910298749285984e-16]
('easy', 919);[1.9809559001133307e-13, 0, 1.6260676233480695e-14, 0.9999724634116024]
('easy', 920);[1.879295811396392e-12, 0, 4.1932757536315027e-13, 0.999876633606226]
('easy', 921);[1.6259094556702862e-14, 0.999876633606226, 2.2004333639918156e-15, 7.286820636836835e-14]
('easy', 922);[4.4201100723926446e-14, 0, 0.9999724634116024, 6.914215475003047e-13]
('easy', 923);[1.5427552933070278e-13, 1.3887440580219376e-11, 0.9999645960934689, 9.862523437897165e-15]
('easy', 924);[2.0877090663135784e-14, 0.999876633606226, 1.7136992269732716e-15, 1.7136992269732716e-15]
('easy', 925);[4.420025766287618e-14, 0.9999545833252356, 1.626036608865265e-14, 5.384693720395265e-13]
('easy', 926);[5.384539665275966e-13, 0, 3.628067367914352e-15, 0.999925142169393]
('easy', 927);[1.8794427805070615e-12, 0, 1.20148757218204e-13, 0.9999545833252356]
('easy', 928);[4.1934837077959627e-13, 0, 2.6808044444456976e-14, 0.999925142169393]
('easy', 929);[1.2015219475089526e-13, 0, 5.982036944430832e-15, 0.9999833109787883]
('easy', 930);[3.0986772892857843e-12, 0.9999537489348336, 6.559899872895323e-12, 4.193603686043509e-13]
('easy', 931);[0.999925142169393, 2.0878126005956116e-14, 6.913885787377645e-13, 5.384539665275966e-13]
('easy', 932);[2.6809322782107666e-14, 0, 1.0395102533811623e-15, 0.9999724634116024]
('easy', 933);[1.1396070559451857e-12, 0.9996623940988085, 1.5422904369478405e-13, 3.977619461992102e-12]
('easy', 934);[1.7138822795743077e-15, 0, 0.9999833109787883, 9.862711552397113e-15]
('easy', 935);[7.287182006988985e-14, 0.999925142169393, 5.981671841013421e-15, 4.910055248382009e-16]
('easy', 936);[0.9998765144262002, 7.680267095372901e-15, 1.0814600705268036e-11, 9.734993316488287e-10]
('easy', 937);[5.108708994453272e-12, 0.9999247845974613, 7.287182006988985e-14, 4.1934837077959627e-13]
('easy', 938);[0.9990889988442552, 3.625037678291978e-15, 8.415787475848366e-12, 2.541347612089391e-13]
('easy', 939);[2.2006684081841367e-15, 0, 0.9999833109787883, 9.357462335974518e-14]
('easy', 940);[0.9994471746722718, 0, 5.672546702686076e-14, 9.35244840775841e-14]
('easy', 941);[1.1398505282814422e-12, 0, 2.680671503796068e-14, 0.999876633606226]
('easy', 942);[1.6252118407330153e-14, 0.9994471746722718, 4.19147658099515e-13, 3.2643252435044774e-13]
('easy', 943);[9.357462335974518e-14, 0, 2.825714169810185e-15, 0.9999833109787883]
('easy', 944);[0.9999545833252356, 0, 1.0394904264856412e-15, 6.304828141413025e-16]
('easy', 945);[0.9994471746722718, 8.528329036813943e-17, 9.35244840775841e-14, 6.910576594728152e-13]
('easy', 946);[3.0987541235909405e-12, 1.2663924001609302e-14, 0.9999797348316635, 2.172394355953422e-10]
('easy', 947);[2.543631686003276e-13, 0.9999868871505255, 7.287626794855114e-14, 1.2015265309601827e-13]
('easy', 948);[1.9809181167383847e-13, 0, 0.9999545833252356, 7.287390497921029e-14]
('easy', 949);[6.912989116566801e-13, 0, 1.4634798074615157e-12, 0.9997965511486372]
('easy', 950);[9.356926913003444e-14, 0.9999250229763097, 7.680618678146588e-15, 3.628067367914352e-15]
('easy', 951);[0.9990889988442552, 7.281082813528002e-14, 1.877816007261196e-12, 1.6246291742364833e-14]
('easy', 952);[0.999876633606226, 0, 1.334630299915645e-15, 1.2662619724799594e-14]
('easy', 953);[1.542775891449931e-13, 0.9999767547297425, 6.560050018806248e-12, 1.542775891449931e-13]
('easy', 954);[9.356462904543251e-14, 0.999876633606226, 7.286820636836835e-14, 1.2013936179729542e-13]
('easy', 955);[2.0872671123168276e-14, 0, 0.9996646575567589, 5.6737802625510175e-14]
('easy', 956);[1.626111044617819e-14, 0, 0.9999995231630692, 4.420228103641173e-14]
('easy', 957);[1.9792035103518627e-13, 0.9990888798598818, 7.281082813528002e-14, 2.937398454782291e-11]
('easy', 958);[0.9999545833252356, 0, 1.2663585842870401e-14, 3.2659818345818147e-13]
('easy', 959);[7.679651864244248e-15, 0.9997965511486372, 9.35571340102189e-14, 6.558861457760731e-12]
('easy', 960);[2.543597725083059e-13, 0, 0.9999724634116024, 7.680999577647024e-15]
('easy', 961);[9.357587272409509e-14, 2.319513981983048e-16, 0.9999963045256735, 7.287696295411537e-14]
('easy', 962);[1.980974792071053e-13, 0.9999831917733143, 5.675587803874744e-14, 4.847285496385782e-11]
('easy', 963);[0.9999898673126559, 0, 1.7138888175288235e-15, 3.628302655180796e-15]
('easy', 964);[9.862711552397113e-15, 0, 0.9999833109787883, 3.628288814330979e-15]
('easy', 965);[0.9999545833252356, 0, 9.862410570919425e-15, 1.20148757218204e-13]
('easy', 966);[4.42018594926203e-14, 0, 3.824202863318094e-16, 0.9999898673126559]
('easy', 967);[0.9994471746722718, 0, 1.6252118407330153e-14, 2.0868133110030614e-14]
('easy', 968);[5.384693720395265e-13, 0, 5.6754254263280127e-14, 0.9999545833252356]
('easy', 969);[4.1934837077959627e-13, 0, 7.680618678146588e-15, 0.999925142169393]
('easy', 970);[1.6260676233480695e-14, 0, 0.9999724634116024, 1.1399614123841512e-12]
('easy', 971);[3.97762704870638e-12, 0, 2.542811899017473e-13, 0.9996646575567589]
('easy', 972);[1.980343898158094e-13, 0, 2.824808858358645e-15, 0.9996646575567589]
('easy', 973);[2.0878126005956116e-14, 0.999925142169393, 3.265888395428674e-13, 1.266319938679698e-14]
('easy', 974);[1.5427405805161866e-13, 0.9999545833252356, 1.5427405805161866e-13, 7.287390497921029e-14]
('easy', 975);[0.004066444347051194, 3.6102989681744935e-15, 0.9950262966259367, 4.1193481491829305e-08]
('easy', 976);[9.354464361904592e-14, 0.9996632279915229, 1.7826453668773977e-11, 4.8457325073695376e-11]
('easy', 977);[0.999876633606226, 0, 2.0877090663135784e-14, 3.6279012919715435e-15]
('easy', 978);[0.9999833109787883, 0, 2.0879320696088945e-14, 1.626083130811306e-14]
('easy', 979);[1.879389009986991e-12, 0, 3.265888395428674e-13, 0.999925142169393]
('easy', 980);[0.9999898673126559, 4.030680163609884e-17, 1.542796489867851e-13, 5.982059764134332e-15]
('easy', 981);[8.877605079069033e-13, 3.628067367914352e-15, 9.356926913003444e-14, 0.999925142169393]
('easy', 982);[2.0878126005956116e-14, 0, 0.999925142169393, 4.658530713857424e-15]
('easy', 983);[5.6749816180694e-14, 0.999876633606226, 1.3886222176893333e-11, 1.1398505282814422e-12]
('easy', 984);[4.1934837077959627e-13, 0, 1.201453197838599e-13, 0.999925142169393]
('easy', 985);[2.680957845695259e-14, 0, 0.9999833109787883, 4.193723667723709e-13]
('easy', 986);[0.9996646575567589, 1.4063895175724956e-16, 9.35448220414642e-14, 9.859551704947922e-15]
('easy', 987);[2.543621982836946e-13, 0, 2.0879320696088945e-14, 0.9999833109787883]
('easy', 988);[1.4634798074615157e-12, 0, 7.286236922907485e-14, 0.9997965511486372]
('easy', 989);[3.442050344664701e-14, 0, 1.4066899868787743e-16, 0.999876633606226]
('easy', 990);[0.9994471746722718, 0, 1.5419580622996835e-13, 7.283694143597163e-14]
('easy', 991);[8.864931550707199e-13, 0, 5.973143893918565e-15, 0.9984987894978749]
('easy', 992);[0.9985371800750229, 5.594595224407607e-09, 3.0942831759235595e-12, 1.5405528802923742e-13]
('easy', 993);[3.442050344664701e-14, 0.999876633606226, 7.680267095372901e-15, 1.0814600705268036e-11]
('easy', 994);[0.999925142169393, 0, 1.201453197838599e-13, 5.981671841013421e-15]
('easy', 995);[1.626036608865265e-14, 0.9999545833252356, 2.087872334247744e-14, 4.658672883101751e-15]
('easy', 996);[3.442221043837736e-14, 0, 0.999925142169393, 8.877605079069033e-13]
('easy', 997);[3.4424180149411245e-14, 0.9999833109787883, 2.2006684081841367e-15, 6.30502055243434e-16]
('easy', 998);[1.980343898158094e-13, 0, 1.0391891042291184e-15, 0.9996646575567589]
('easy', 999);[3.978666565364138e-12, 0, 1.201453197838599e-13, 0.999925142169393]
('easy', 1000);[0.9984986705837912, 0, 3.972986684009953e-12, 2.0848320724044862e-14]
('easy', 1001);[2.6807993312218818e-14, 0.9999243078326592, 3.628067367914352e-15, 1.0394587042393862e-15]
('easy', 1002);[7.286236922907485e-14, 0.9997965511486372, 2.0875418294728254e-14, 4.192939849457517e-13]
('easy', 1003);[7.287654594998146e-14, 0, 0.9999898673126559, 9.357533728018829e-14]
('easy', 1004);[0.9999545833252356, 0, 1.2663585842870401e-14, 3.824071571986019e-16]
('easy', 1005);[1.9806045425386765e-13, 0, 2.6460335645904135e-09, 0.9997965511486372]
('easy', 1006);[0.9990889988442552, 0, 8.870174740318674e-13, 4.416199962311456e-14]
('easy', 1007);[0.999925142169393, 0, 1.4636696326736608e-12, 2.8255417071675084e-15]
('easy', 1008);[5.9821282237671354e-15, 0, 0.9999982118638471, 9.862862046580453e-15]
('easy', 1009);[1.9809974626581428e-13, 0, 3.628316496083413e-15, 0.9999938011552557]
('easy', 1010);[5.981854389936609e-15, 0.9999545833252356, 4.658672883101751e-15, 1.3347321280111435e-15]
('easy', 1011);[5.384693720395265e-13, 0, 0.9999543449247886, 1.8794427805070615e-12]
('easy', 1012);[3.440573493830909e-14, 0.9994471746722718, 1.6252118407330153e-14, 5.672546702686076e-14]
('easy', 1013);[2.680456767441935e-14, 0, 0.9997965511486372, 9.860868185003011e-15]
('easy', 1014);[3.627610677364163e-15, 0.9997965511486372, 5.980918885589195e-15, 6.30384212708511e-16]
('easy', 1015);[2.0879320696088945e-14, 0, 0.9999833109787883, 2.680957845695259e-14]
('easy', 1016);[9.357194620659337e-14, 0.9999545833252356, 3.628178089433163e-15, 9.862410570919425e-15]
('easy', 1017);[5.384539665275966e-13, 4.658530713857424e-15, 2.0878126005956116e-14, 0.999925142169393]
('easy', 1018);[8.018798783309235e-12, 0.9519601371284372, 5.8490430990605866e-06, 0.00031934693267283683]
('easy', 1019);[1.201453197838599e-13, 0.999925142169393, 4.910055248382009e-16, 1.7137776756938695e-15]
('easy', 1020);[2.5436559440810405e-13, 0.9999963045256735, 1.5428053178454351e-13, 1.5428053178454351e-13]
('easy', 1021);[5.1062638134403455e-12, 0, 6.22070280689957e-11, 0.9994471746722718]
('easy', 1022);[5.384539665275966e-13, 0, 0.9999247845974613, 5.108708994453272e-12]
('easy', 1023);[1.626083130811306e-14, 0.9999833109787883, 1.039522149699997e-15, 4.910354943517166e-16]
('easy', 1024);[5.6756311053384784e-14, 0, 2.8257249490748618e-15, 0.9999898673126559]
('easy', 1025);[0.9999545833252356, 0, 5.384693720395265e-13, 6.914083598066395e-13]
('easy', 1026);[1.2002140870008434e-13, 0, 0.0005524731155634919, 0.9988949602128705]
('easy', 1027);[9.35448220414642e-14, 0, 2.977326632064865e-16, 0.9996646575567589]
('easy', 1028);[1.201297379815822e-13, 0, 6.30384212708511e-16, 0.9997965511486372]
('easy', 1029);[0.9999724634116024, 0, 3.628247292098314e-15, 2.319460893128736e-16]
('easy', 1030);[5.98139802807396e-15, 0, 0.999876633606226, 4.658317468125757e-15]
('easy', 1031);[1.2015265309601827e-13, 0, 0.9999870063564401, 1.9809823489045893e-13]
('easy', 1032);[0.9999545833252356, 0, 2.5435492102693003e-13, 1.9809181167383847e-13]
('easy', 1033);[1.6259094556702862e-14, 0, 0.999876633606226, 1.7136992269732716e-15]
('easy', 1034);[5.674527021204132e-14, 0.9997965511486372, 1.6257792114877495e-14, 3.441774617728107e-14]
('easy', 1035);[0.9975876729080929, 1.1372424317304131e-12, 5.371952871073041e-13, 0.0009096822636882874]
('easy', 1036);[2.0872671123168276e-14, 0.9996646575567589, 2.1999633509167543e-15, 7.678626588546446e-15]
('easy', 1037);[3.0985531763557145e-12, 4.419848728701053e-14, 0.9999141766761902, 1.605090283269087e-09]
('easy', 1038);[0.9999545833252356, 0, 7.680853075603749e-15, 4.658672883101751e-15]
('easy', 1039);[0.9999971389852362, 0, 1.7139018935126759e-15, 4.910411138391444e-16]
('easy', 1040);[2.4097382344820646e-12, 0, 7.276778941407574e-14, 0.9984987894978749]
('easy', 1041);[4.1934837077959627e-13, 0, 5.981671841013421e-15, 0.999925142169393]
('easy', 1042);[1.3347881367752355e-15, 0, 0.9999977350285647, 2.4447497506141543e-17]
('easy', 1043);[7.283694143597163e-14, 0.9994471746722718, 1.6252118407330153e-14, 2.6795213312102313e-14]
('easy', 1044);[1.6912848962550474e-10, 3.264947923515008e-13, 7.579813034374094e-10, 0.9996371394251146]
('easy', 1045);[4.420152226048166e-14, 0, 0.9999833109787883, 6.560087555820946e-12]
('easy', 1046);[5.6755336775096484e-14, 0.9999724634116024, 1.3347575862489266e-15, 3.4423851856411955e-14]
('easy', 1047);[2.825746507727575e-15, 0, 0.9999963045256735, 1.2015379896647526e-13]
('easy', 1048);[2.543646240822174e-13, 0, 6.305068656107163e-16, 0.9999921322487634]
('easy', 1049);[4.1899738642947575e-13, 0, 4.416199962311456e-14, 0.9990889988442552]
('easy', 1050);[6.559849825022025e-12, 4.419992044295848e-14, 4.5988097691551726e-10, 0.9999467162860101]
('easy', 1051);[4.4201100723926446e-14, 0, 0.9999724634116024, 4.4201100723926446e-14]
('easy', 1052);[0.9996646575567589, 2.0872671123168276e-14, 4.657322450438044e-15, 9.859551704947922e-15]
('easy', 1053);[4.192388065299494e-13, 0.9996646575567589, 1.6255652615515353e-14, 0]
('easy', 1054);[0.9999833109787883, 0, 3.628288814330979e-15, 3.824188275169713e-16]
('easy', 1055);[2.680456767441935e-14, 0, 2.2002570973222784e-15, 0.9997965511486372]
('easy', 1056);[0.9999545833252356, 1.0956148489106822e-16, 2.087872334247744e-14, 7.287390497921029e-14]
('easy', 1057);[0.9999833109787883, 0, 5.982036944430832e-15, 1.980974792071053e-13]
('easy', 1058);[0.9999545833252356, 0, 5.981854389936609e-15, 1.3347321280111435e-15]
('easy', 1059);[4.84637952565081e-11, 0.9997964319781567, 5.383841337346324e-13, 3.627610677364163e-15]
('easy', 1060);[2.526331786995941e-13, 0.993185427757088, 8.366061892398138e-12, 9.669852781430083e-10]
('easy', 1061);[0.9994471746722718, 8.091453302683664e-16, 4.844688217267871e-11, 2.5422590558410414e-13]
('easy', 1062);[2.087940034452843e-14, 0, 0.9999870063564401, 7.991853189489829e-11]
('easy', 1063);[1.4538728906014364e-12, 0.9932332894814613, 4.3339340053817965e-09, 7.937877021017832e-11]
('easy', 1064);[0.9999724634116024, 0, 3.2660441288357665e-13, 5.981968485842631e-15]
('easy', 1065);[9.357373096685079e-14, 0, 0.9999724634116024, 1.8794786283751106e-12]
('easy', 1066);[9.35571340102189e-14, 0, 0.9997965511486372, 5.674527021204132e-14]
('easy', 1067);[2.0875418294728254e-14, 0.9997965511486372, 2.2002570973222784e-15, 2.2002570973222784e-15]
('easy', 1068);[1.1661203806801736e-12, 0.3763114570569993, 0.6204327036580326, 4.704465382450914e-10]
('easy', 1069);[1.6260676233480695e-14, 0.9999724634116024, 2.319460893128736e-16, 2.6809322782107666e-14]
('easy', 1070);[1.2015334061698112e-13, 0.9999921322487634, 5.675641930756031e-14, 3.978932178878032e-12]
('easy', 1071);[0.9996646575567589, 0, 2.542811899017473e-13, 1.542293378636202e-13]
('easy', 1072);[1.20148757218204e-13, 0, 4.658672883101751e-15, 0.9999545833252356]
('easy', 1073);[2.6809834134235834e-14, 0, 0.9999921322487634, 5.38489913407731e-13]
('easy', 1074);[0.9996646575567589, 8.093212881329092e-16, 6.912079378288633e-13, 2.0872671123168276e-14]
('easy', 1075);[1.5427700062381816e-13, 0, 1.2663827383905348e-14, 0.9999724634116024]
('easy', 1076);[3.442319527980583e-14, 0.9999545833252356, 3.628178089433163e-15, 1.7138299768360243e-15]
('easy', 1077);[0.9997965511486372, 0, 5.980918885589195e-15, 7.679651864244248e-15]
('easy', 1078);[3.4424180149411245e-14, 0, 0.9999833109787883, 2.680957845695259e-14]
('easy', 1079);[1.200447610839275e-13, 4.1899738642947575e-13, 0.9990884038643753, 5.9766767272893924e-15]
('easy', 1080);[9.73618174269892e-10, 0, 0.9999971389852362, 2.940072131536564e-11]
('easy', 1081);[2.5435492102693003e-13, 0, 0.9999545833252356, 1.463711509196798e-12]
('easy', 1082);[5.383841337346324e-13, 0, 2.0875418294728254e-14, 0.9997965511486372]
('easy', 1083);[7.283694143597163e-14, 0.9994471746722718, 9.35244840775841e-14, 1.9799133434593734e-13]
('easy', 1084);[0.9996646575567589, 0, 1.542293378636202e-13, 1.201139291007717e-13]
('easy', 1085);[1.1389529817030765e-12, 0, 1.6246291742364833e-14, 0.9990889988442552]
('easy', 1086);[6.5563974437329484e-12, 0.9994196685192676, 9.352198673777157e-14, 9.352198673777157e-14]
('easy', 1087);[1.1966527659246347e-13, 0, 1.0771924915137043e-11, 0.9959299004209012]
('easy', 1088);[9.357194620659337e-14, 0, 2.2006012501388187e-15, 0.9999545833252356]
('easy', 1089);[1.542293378636202e-13, 0.9996641810250884, 2.6801040236312333e-14, 3.441321685709587e-14]
('easy', 1090);[3.44244427860649e-14, 0, 1.40684561228369e-16, 0.9999898673126559]
('easy', 1091);[0.9999833109787883, 6.30502055243434e-16, 7.287598994818132e-14, 5.982036944430832e-15]
('easy', 1092);[2.413252299381347e-12, 3.442319527980583e-14, 1.9809181167383847e-13, 0.9999545833252356]
('easy', 1093);[7.287696295411537e-14, 0, 0.9999963045256735, 4.420211241841274e-14]
('easy', 1095);[2.0879121576319505e-14, 0.9999724634116024, 2.6809322782107666e-14, 2.8256818322628714e-15]
('easy', 1096);[5.384868321525461e-13, 0, 3.628302655180796e-15, 0.9999870063564401]
('easy', 1097);[3.44244427860649e-14, 0, 0.9999898673126559, 5.384888863207103e-13]
('easy', 1098);[4.496457176949493e-12, 0.8800902136030795, 5.477806240274898e-11, 3.0296890141943143e-14]
('easy', 1099);[4.192939849457517e-13, 0, 2.1719966150819411e-10, 0.9997965511486372]
('easy', 1100);[0.9999833109787883, 0, 5.982036944430832e-15, 1.7832166796088387e-11]
('easy', 1101);[3.091351333004474e-12, 0.9975905202975822, 2.9329924824921245e-11, 2.167204599087618e-10]
('easy', 1102);[0.999925142169393, 1.8063083808956805e-16, 2.0878126005956116e-14, 1.9808614430271875e-13]
('easy', 1103);[4.4202028109654453e-14, 0.9999938011552557, 1.4637701383420293e-12, 9.23739680501087e-09]
('easy', 1104);[0.9996646575567589, 0, 3.627126371417183e-15, 1.980343898158094e-13]
('easy', 1105);[1.9810012411145482e-13, 0, 8.095899291748804e-16, 0.9999952316511552]
('easy', 1106);[2.2006684081841367e-15, 0, 0.9999833109787883, 7.681087480214263e-15]
('easy', 1107);[1.6260676233480695e-14, 0, 0.9999724634116024, 4.910298749285984e-16]
('easy', 1108);[0.999925142169393, 0, 2.0878126005956116e-14, 2.0878126005956116e-14]
('easy', 1109);[8.877605079069033e-13, 0, 9.356926913003444e-14, 0.999925142169393]
('easy', 1110);[0.9999938011552557, 0, 7.681146082484628e-15, 1.3347830449722919e-15]
('easy', 1111);[1.7822611940183757e-11, 0, 1.2008781463822596e-13, 0.9994471746722718]
('easy', 1112);[9.35756942424524e-14, 0.9999938011552557, 4.4202028109654453e-14, 5.384909404967106e-13]
('easy', 1113);[1.9807632124353936e-13, 0, 5.98139802807396e-15, 0.999876633606226]
('easy', 1114);[9.862598683266585e-15, 8.53281977183214e-17, 0.9999724634116024, 2.6809322782107666e-14]
('easy', 1115);[0.9984973632272478, 0, 3.2612260648972523e-13, 2.4097382344820646e-12]
('easy', 1116);[4.658672883101751e-15, 0, 0.9999545833252356, 2.8256279371730614e-15]
('easy', 1117);[1.542496368683903e-13, 0.9997965511486372, 1.6257792114877495e-14, 2.0875418294728254e-14]
('easy', 1118);[2.4096003520991396e-12, 0.9984406743974169, 5.666836869521763e-14, 1.780467217766359e-11]
('easy', 1119);[6.913542928923369e-13, 0, 1.9807632124353936e-13, 0.999876633606226]
('easy', 1120);[9.35571340102189e-14, 0, 2.2002570973222784e-15, 0.9997965511486372]
('easy', 1121);[2.6808811439732672e-14, 0, 0.9999545833252356, 2.5435492102693003e-13]
('easy', 1122);[7.283694143597163e-14, 0.9994470555870668, 5.381962463449207e-13, 2.0868133110030614e-14]
('easy', 1123);[2.0877090663135784e-14, 0, 0.999876633606226, 4.1932757536315027e-13]
('easy', 1124);[3.581686446032745e-10, 0, 0.9999831917733143, 2.2006684081841367e-15]
('easy', 1125);[5.383841337346324e-13, 0, 1.6257792114877495e-14, 0.9997965511486372]
('easy', 1126);[0.9996646575567589, 0, 7.678626588546446e-15, 2.1999633509167543e-15]
('easy', 1127);[3.4424508445541403e-14, 0.9999921322487634, 1.2664068929547367e-14, 1.139983155629924e-12]
('easy', 1128);[0.999876633606226, 0, 5.98139802807396e-15, 3.823779829607865e-16]
('easy', 1129);[7.287654594998146e-14, 0, 0.9999898673126559, 6.91433416639668e-13]
('easy', 1130);[0.9999545833252356, 0, 8.095559581422459e-16, 1.3347321280111435e-15]
('easy', 1131);[2.087872334247744e-14, 0, 0.9999545833252356, 7.680853075603749e-15]
('easy', 1132);[0.9999833109787883, 2.9782808233146573e-16, 5.675587803874744e-14, 9.862711552397113e-15]
('easy', 1133);[1.9809899057669524e-13, 0, 5.982059764134332e-15, 0.9999898673126559]
('easy', 1134);[0.9999833109787883, 0, 4.910354943517166e-16, 1.5427847193096495e-13]
('easy', 1135);[0.9999938011552557, 0, 8.095868408402818e-16, 5.982082583924882e-15]
('easy', 1136);[5.384929946805469e-13, 0, 1.7139018935126759e-15, 0.9999971389852362]
('easy', 1137);[8.87335599159837e-13, 0, 3.2643252435044774e-13, 0.9994471746722718]
('easy', 1139);[0.999925142169393, 0, 7.287182006988985e-14, 4.658530713857424e-15]
('easy', 1140);[1.542799432521433e-13, 0.9999915362117302, 0, 3.4424508445541403e-14]
('easy', 1141);[2.2006684081841367e-15, 0, 0.9999833109787883, 1.3347728614246754e-15]
('easy', 1142);[2.6769773704931383e-14, 0.9984986705837912, 5.896435048463873e-10, 1.7113343779438233e-15]
('easy', 1143);[7.681116781293558e-15, 0, 0.9999898673126559, 3.44244427860649e-14]
('easy', 1144);[0.999925142169393, 6.645037177471958e-17, 9.862109598626822e-15, 2.8255417071675084e-15]
('easy', 1145);[2.0879599466956423e-14, 0, 0.9999952316511552, 1.626104841508295e-14]
('easy', 1146);[2.6808811439732672e-14, 0, 0.9999545833252356, 1.1399396695530941e-12]
('easy', 1147);[2.6808811439732672e-14, 0.9999545833252356, 2.2006012501388187e-15, 2.2006012501388187e-15]
('easy', 1148);[5.1087674593225064e-12, 1.3887069750499254e-11, 0.9999378958168175, 2.789292522285353e-10]
('easy', 1149);[1.20148757218204e-13, 0, 7.680853075603749e-15, 0.9999545833252356]
('easy', 1150);[2.680671503796068e-14, 0.999876633606226, 2.0877090663135784e-14, 7.286820636836835e-14]
('easy', 1151);[1.0809960577881912e-11, 0, 5.672546702686076e-14, 0.9994471746722718]
('easy', 1152);[0.9997965511486372, 0, 3.978150566939381e-12, 4.1390929004094085e-08]
('easy', 1153);[0.9999963045256735, 0, 1.5428053178454351e-13, 1.7139018935126759e-15]
('easy', 1154);[8.87811307424006e-13, 0, 0.9999833109787883, 2.543621982836946e-13]
('easy', 1155);[2.087872334247744e-14, 0.9999545833252356, 5.981854389936609e-15, 8.095559581422459e-16]
('easy', 1156);[4.067224551426732e-13, 0.9698198397261348, 0.0008843612776897742, 3.0052950377440176e-12]
('easy', 1157);[1.8718798710554655e-12, 0, 4.639926304836678e-15, 0.9959299004209012]
('easy', 1158);[8.095713993440037e-16, 0, 0.9999724634116024, 9.862598683266585e-15]
('easy', 1159);[3.978894233004715e-12, 1.1860916543469677e-08, 1.2663972310737704e-14, 0.9999833109787883]
('easy', 1160);[1.3887864397739149e-11, 1.5428023751806278e-13, 5.109059793705047e-12, 0.9999938011552557]
('easy', 1161);[1.6261017399624065e-14, 0, 0.9999938011552557, 1.7138953555082794e-15]
('easy', 1162);[4.1937076699680144e-13, 0, 7.287571194887197e-14, 0.9999785427891018]
('easy', 1163);[3.2660441288357665e-13, 0, 6.304948397613231e-16, 0.9999724634116024]
('easy', 1164);[7.287390497921029e-14, 0, 0.999954464125005, 2.6808811439732672e-14]
('easy', 1165);[0.9999724634116024, 0, 2.6809322782107666e-14, 2.8256818322628714e-15]
('easy', 1166);[0.999925142169393, 2.978099049026618e-16, 2.0878126005956116e-14, 4.419899310145061e-14]
('easy', 1167);[5.674527021204132e-14, 0, 0.9997965511486372, 5.674527021204132e-14]
('easy', 1168);[7.286820636836835e-14, 0.999876633606226, 2.680671503796068e-14, 9.86165815740934e-15]
('easy', 1169);[0.9999545833252356, 0, 5.981854389936609e-15, 3.2659818345818147e-13]
('easy', 1170);[9.357373096685079e-14, 0.9999724634116024, 3.4423851856411955e-14, 9.357373096685079e-14]
('easy', 1171);[1.4623692652833324e-12, 0.9990374778424019, 7.477976648902653e-05, 5.597402360278587e-09]
('easy', 1172);[1.5424904845384462e-13, 0, 0.9997928571758736, 4.5980993298207465e-10]
('easy', 1173);[1.2663827383905348e-14, 0, 0.9999724634116024, 7.287529495189636e-14]
('easy', 1174);[0.999876633606226, 0, 9.86165815740934e-15, 9.86165815740934e-15]
('easy', 1175);[7.681175383787474e-15, 0.9999971389852362, 2.825746507727575e-15, 1.2664117239228628e-14]
('easy', 1176);[7.680999577647024e-15, 0.9999724634116024, 2.8256818322628714e-15, 2.8256818322628714e-15]
('easy', 1177);[9.85387404838045e-15, 0, 0.9990874519321972, 8.756244683680049e-08]
('easy', 1178);[0.9241398707209936, 7.784459401062506e-12, 1.155316211617438e-09, 3.825881850291567e-08]
('easy', 1179);[3.265464838128813e-13, 0, 3.627610677364163e-15, 0.9997965511486372]
('easy', 1180);[0.9994471746722718, 1.3340551171011359e-15, 4.656309882839882e-15, 8.87335599159837e-13]
('easy', 1181);[9.862749175727664e-15, 0, 0.9999898673126559, 3.44244427860649e-14]
('easy', 1182);[1.2663827383905348e-14, 0, 0.9999724634116024, 2.6809322782107666e-14]
('easy', 1183);[1.1399070560840825e-12, 0, 7.680618678146588e-15, 0.999925142169393]
('easy', 1184);[0.9996646575567589, 0, 5.980120400072883e-15, 6.912079378288633e-13]
('easy', 1185);[5.384929946805469e-13, 0, 0.9999985694905718, 2.4133581687134208e-12]
('easy', 1186);[2.680671503796068e-14, 0, 0.999876633606226, 2.5433503092071054e-13]
('easy', 1187);[5.6754254263280127e-14, 0, 0.9999545833252356, 2.8256279371730614e-15]
('easy', 1188);[7.674204825165689e-15, 0.9990889988442552, 2.82318218251714e-15, 2.1986964944975866e-15]
('easy', 1189);[2.680671503796068e-14, 0.999876633606226, 1.0394111226851284e-15, 6.304347139548599e-16]
('easy', 1190);[1.6255652615515353e-14, 0.9996646575567589, 3.627126371417183e-15, 4.4187445114498135e-14]
('easy', 1191);[7.287182006988985e-14, 0, 0.999925142169393, 1.7137776756938695e-15]
('easy', 1192);[7.287459996223938e-14, 0.9999645960934689, 1.1399505409167837e-12, 7.287459996223938e-14]
('easy', 1193);[0.9999545833252356, 0, 2.087872334247744e-14, 7.680853075603749e-15]
('easy', 1194);[0.9975274099865513, 2.313787400853467e-16, 3.091156761731568e-12, 1.6012588456372145e-09]
('easy', 1195);[4.4202028109654453e-14, 0.9999938011552557, 1.7138953555082794e-15, 0]
('easy', 1196);[7.286778941433989e-14, 0.9998704362928156, 2.6806561649145696e-14, 6.143415502462824e-06]
('easy', 1197);[1.266319938679698e-14, 0.999925142169393, 2.20053409414297e-15, 1.879389009986991e-12]
('easy', 1198);[1.4247772353769371e-11, 0.6222450315954553, 1.5017041578212604e-12, 4.972961189449845e-11]
('easy', 1199);[6.550347654135578e-12, 0, 3.2612260648972523e-13, 0.9984987894978749]
('easy', 1200);[0.9933071486460123, 1.3974478667739136e-16, 4.3906423052717226e-14, 1.9677493631300206e-13]
('easy', 1201);[7.679563978106235e-15, 0.9997864225814329, 4.419283941896735e-14, 1.5424816583623476e-13]
('easy', 1202);[0.9984524394187351, 1.0660516650813763e-06, 2.0579638462887795e-09, 1.780487593713232e-11]
('easy', 1203);[1.1396092295752188e-12, 0, 3.627126371417183e-15, 0.9996646575567589]
('easy', 1204);[1.5427847193096495e-13, 0, 2.172402642996038e-10, 0.9999833109787883]
('easy', 1205);[2.087947999327175e-14, 0, 0.9999898673126559, 6.305044604224876e-16]
('easy', 1206);[1.8784894781623924e-12, 0, 1.6252118407330153e-14, 0.9994471746722718]
('easy', 1207);[5.675263053426874e-14, 0, 0.999925142169393, 2.6808044444456976e-14]
('easy', 1208);[8.87335599159837e-13, 0, 4.656309882839882e-15, 0.9994471746722718]
('easy', 1209);[3.442050344664701e-14, 0, 0.999876633606226, 1.2662619724799594e-14]
('easy', 1210);[7.680267095372901e-15, 0, 0.999876633606226, 1.4635970495383212e-12]
('easy', 1211);[0.9999724634116024, 0, 6.304948397613231e-16, 1.713862665860402e-15]
('easy', 1212);[3.628302655180796e-15, 0, 0.9999898673126559, 3.824202863318094e-16]
('easy', 1213);[2.4132983289550563e-12, 0, 1.7831996736104505e-11, 0.9999724634116024]
('easy', 1214);[3.266075276408309e-13, 0, 1.2015219475089526e-13, 0.9999833109787883]
('easy', 1215);[2.0875418294728254e-14, 0.9997965511486372, 7.679651864244248e-15, 3.627610677364163e-15]
('easy', 1216);[1.4615160044160898e-12, 0.9984535090152693, 1.8766236965661728e-12, 4.187313459531485e-13]
('easy', 1217);[3.26572644056255e-13, 0, 4.658317468125757e-15, 0.999876633606226]
('easy', 1218);[5.675263053426874e-14, 0, 0.999925142169393, 9.862109598626822e-15]
('easy', 1219);[2.543631686003276e-13, 0.9999870063564401, 1.62608933383801e-14, 8.095837525174643e-16]
('easy', 1220);[1.542293378636202e-13, 0.9996646575567589, 2.824808858358645e-15, 4.4187445114498135e-14]
('easy', 1221);[2.087947999327175e-14, 0, 0.9999898673126559, 9.862749175727664e-15]
('easy', 1222);[0.9999963045256735, 0, 1.2664117239228628e-14, 8.095899291748804e-16]
('easy', 1223);[0.9999724634116024, 0, 3.824144511058464e-16, 1.3347575862489266e-15]
('easy', 1224);[1.542619940923716e-13, 0.999876633606226, 2.680671503796068e-14, 1.542619940923716e-13]
('easy', 1225);[0.999925142169393, 1.9038350266600142e-17, 7.680618678146588e-15, 2.319345871446136e-16]
('easy', 1226);[4.4201690876229367e-14, 0.9999870063564401, 2.6809680727573288e-14, 2.6809680727573288e-14]
('easy', 1227);[3.26572644056255e-13, 0, 1.7136992269732716e-15, 0.999876633606226]
('easy', 1228);[1.626104841508295e-14, 0, 4.658868372897056e-15, 0.9999963045256735]
('easy', 1229);[0.999925142169393, 0, 1.5426964429855265e-13, 8.877605079069033e-13]
('easy', 1230);[2.289630032301502e-11, 0, 9.862410570919425e-15, 0.9999545833252356]
('easy', 1231);[6.913885787377645e-13, 0.9999250229763097, 2.0878126005956116e-14, 9.862109598626822e-15]
('easy', 1232);[1.201453197838599e-13, 0, 0.999925142169393, 1.9808614430271875e-13]
('easy', 1233);[2.0879599466956423e-14, 0, 0.9999963045256735, 6.91437373064733e-13]
('easy', 1234);[5.675587803874744e-14, 1.2663972310737704e-14, 0.9999831917733143, 2.413321344071142e-12]
('easy', 1235);[0.9999833109787883, 0, 3.628288814330979e-15, 1.626083130811306e-14]
('easy', 1236);[5.383872144021705e-13, 0.9998017942419198, 2.6804721051824686e-14, 0]
('easy', 1237);[5.6749816180694e-14, 0, 2.319239702647919e-16, 0.999876633606226]
('easy', 1238);[1.1398505282814422e-12, 0, 5.6749816180694e-14, 0.999876633606226]
('easy', 1239);[0.9995413738850931, 0.00033530878066499, 1.7131240460704168e-15, 0]
('easy', 1240);[2.0879121576319505e-14, 0.9999724634116024, 1.6260676233480695e-14, 5.384796426256798e-13]
('easy', 1241);[4.658761741082707e-15, 0.9999724634116024, 1.3347575862489266e-15, 1.2663827383905348e-14]
('easy', 1242);[5.384693720395265e-13, 0, 1.8794427805070615e-12, 0.9999545833252356]
('easy', 1243);[5.109089028063325e-12, 0, 0.9999995231630692, 3.2661313427874473e-13]
('easy', 1244);[3.266075276408309e-13, 0, 5.982036944430832e-15, 0.9999833109787883]
('easy', 1245);[1.626107943060099e-14, 0.9999977350285647, 2.825746507727575e-15, 1.1399896786845267e-12]
('easy', 1246);[2.0879121576319505e-14, 0.9999724634116024, 1.0395102533811623e-15, 3.628247292098314e-15]
('easy', 1247);[7.681116781293558e-15, 0.9999898673126559, 3.628302655180796e-15, 5.982059764134332e-15]
('easy', 1248);[0.9999724634116024, 1.4068241456870264e-16, 3.628247292098314e-15, 4.658761741082707e-15]
('easy', 1249);[3.442050344664701e-14, 0, 6.913542928923369e-13, 0.999876633606226]
('easy', 1250);[5.384693720395265e-13, 0, 2.5435492102693003e-13, 0.9999545833252356]
('easy', 1251);[2.8257249490748618e-15, 0, 0.9999898673126559, 1.0395261151698625e-15]
('easy', 1252);[1.8718798710554655e-12, 0, 4.639926304836678e-15, 0.9959299004209012]
('easy', 1253);[7.681175383787474e-15, 0, 0.9999952316511552, 2.5436559440810405e-13]
('easy', 1254);[0.999925142169393, 4.910055248382009e-16, 9.862109598626822e-15, 1.266319938679698e-14]
('easy', 1255);[4.192939849457517e-13, 0, 9.35571340102189e-14, 0.9997965511486372]
('easy', 1256);[7.681146082484628e-15, 0.9999921322487634, 8.095868408402818e-16, 2.543646240822174e-13]
('easy', 1257);[4.192939849457517e-13, 0, 2.680456767441935e-14, 0.9997965511486372]
('easy', 1258);[3.9776042886069575e-12, 0, 0.9996584628664176, 2.542797348972704e-13]
('easy', 1259);[3.44227356836328e-14, 0.9999417100552707, 1.334716853301549e-15, 1.2663440920460791e-14]
('easy', 1260);[0.9999785427891018, 0, 3.442404883183583e-14, 7.287571194887197e-14]
('easy', 1261);[8.877164840099417e-13, 0, 2.8254123670931997e-15, 0.999876633606226]
('easy', 1262);[1.1397592200602173e-12, 5.980918885589195e-15, 3.627610677364163e-15, 0.9997964319781567]
('easy', 1263);[1.8717941851563667e-12, 0, 0.9958848526018383, 4.402037994126309e-14]
('easy', 1264);[3.266125113142237e-13, 0, 2.825757287115611e-15, 0.9999985694905718]
('easy', 1265);[9.356462904543251e-14, 7.99096912987605e-11, 0.9998765144262002, 1.7830262216904018e-11]
('easy', 1266);[1.6260676233480695e-14, 0, 0.9999724634116024, 1.5427700062381816e-13]
('easy', 1267);[1.5427405805161866e-13, 0, 0.9999545833252356, 2.413252299381347e-12]
('easy', 1268);[0.9994471746722718, 0, 6.910576594728152e-13, 1.388026413539288e-11]
('easy', 1269);[7.680853075603749e-15, 0, 0.9999545833252356, 1.2663585842870401e-14]
('easy', 1270);[5.9766767272893924e-15, 0.9990889988442552, 4.905955009350378e-16, 3.625037678291978e-15]
('easy', 1271);[1.5422904369478405e-13, 0.9996628706005333, 5.38312256496164e-13, 4.418736083371548e-14]
('easy', 1272);[6.560062531120615e-12, 0.9999785427891018, 3.442404883183583e-14, 1.1399679353143377e-12]
('easy', 1273);[0.9999545833252356, 0, 2.5435492102693003e-13, 3.442319527980583e-14]
('easy', 1274);[7.283694143597163e-14, 0.9994471746722718, 4.656309882839882e-15, 3.440573493830909e-14]
('easy', 1275);[4.4201100723926446e-14, 0, 4.658761741082707e-15, 0.9999724634116024]
('easy', 1276);[0.9999898673126559, 1.7138888175288235e-15, 2.680978299858412e-14, 9.862749175727664e-15]
('easy', 1277);[0.9997963128222394, 0, 2.3818835080932303e-07, 9.860868185003011e-15]
('easy', 1278);[5.981968485842631e-15, 0, 0.9999724634116024, 9.862598683266585e-15]
('easy', 1279);[2.6808044444456976e-14, 0, 0.999925142169393, 1.9808614430271875e-13]
('easy', 1280);[5.384036449267562e-13, 0, 0.9998312281358948, 1.980676320203227e-13]
('easy', 1281);[1.8794427805070615e-12, 0.9999543449247886, 1.3347321280111435e-15, 1.0815446454105586e-11]
('easy', 1282);[8.877605079069033e-13, 0, 1.1399070560840825e-12, 0.999925142169393]
('easy', 1283);[3.442404883183583e-14, 0.9999785427891018, 4.420135364537716e-14, 3.266062817343646e-13]
('easy', 1284);[0.9999938011552557, 1.8064324145075346e-16, 3.3982483745062656e-09, 2.289721743715156e-11]
('easy', 1285);[0.9999545833252356, 1.626036608865265e-14, 1.5427405805161866e-13, 3.9787803975560205e-12]
('easy', 1286);[2.5435492102693003e-13, 0, 3.442319527980583e-14, 0.9999545833252356]
('easy', 1287);[5.384796426256798e-13, 2.2006432236769663e-15, 5.981968485842631e-15, 0.9999724634116024]
('easy', 1288);[3.442050344664701e-14, 0.999876633606226, 7.286820636836835e-14, 5.98139802807396e-15]
('easy', 1289);[0.999088760817368, 1.443663439710683e-07, 3.09599519363272e-12, 4.416199962311456e-14]
('easy', 1290);[0.9999952316511552, 0, 1.039534046154975e-15, 4.910411138391444e-16]
('easy', 1291);[4.1874971568926174e-13, 0.9984986705837912, 1.9780335966141658e-13, 5.973143893918565e-15]
('easy', 1292);[1.1399896786845267e-12, 0, 5.384929946805469e-13, 0.9999985694905718]
('easy', 1293);[0.00020312927145915181, 1.8522991931982823e-07, 0.0005521626074355369, 6.465159444091875e-07]
('easy', 1294);[0.9999833109787883, 0, 1.7138822795743077e-15, 1.5427847193096495e-13]
('easy', 1295);[5.383132832462897e-13, 0, 7.678626588546446e-15, 0.9996646575567589]
('easy', 1296);[3.440573493830909e-14, 0.9994469365018759, 1.2657162542197917e-14, 3.9767622564765195e-12]
('easy', 1297);[4.1932757536315027e-13, 0, 9.86165815740934e-15, 0.999876633606226]
('easy', 1298);[9.35244840775841e-14, 0, 0.9994471746722718, 1.1393614624530764e-12]
('easy', 1299);[4.658530713857424e-15, 0, 0.999925142169393, 2.0878126005956116e-14]
('easy', 1300);[0.9999898673126559, 0, 8.878180809125783e-13, 3.2661001946802167e-13]
('easy', 1301);[0.999876633606226, 0, 3.26572644056255e-13, 2.680671503796068e-14]
('easy', 1302);[0.9999833109787883, 0, 2.2006684081841367e-15, 2.680957845695259e-14]
('easy', 1303);[2.542811899017473e-13, 0.9996646575567589, 2.0872671123168276e-14, 1.6255652615515353e-14]
('easy', 1304);[9.862109598626822e-15, 0.999925142169393, 9.862109598626822e-15, 6.30463573626354e-16]
('easy', 1305);[8.877859073021082e-13, 0, 2.087872334247744e-14, 0.9999545833252356]
('easy', 1306);[4.1934837077959627e-13, 0, 2.8255417071675084e-15, 0.999925142169393]
('easy', 1307);[1.4449141016768576e-07, 7.287390497921029e-14, 1.7138299768360243e-15, 0.999954464125005]
('easy', 1308);[4.1934837077959627e-13, 0, 1.201453197838599e-13, 0.999925142169393]
('easy', 1309);[0.9999952316511552, 0, 9.862824422819333e-15, 7.681175383787474e-15]
('easy', 1310);[7.287654594998146e-14, 0, 0.9999898673126559, 7.287654594998146e-14]
('easy', 1311);[3.44244427860649e-14, 0, 1.0395261151698625e-15, 0.9999898673126559]
('easy', 1312);[1.0762149544788268e-11, 0.9950262966259367, 1.9711564472889685e-13, 1.7743784872948117e-11]
('easy', 1313);[2.6808044444456976e-14, 0, 0.999925142169393, 4.910055248382009e-16]
('easy', 1314);[1.8390263419250277e-14, 0.11919981472479128, 5.268908734773973e-15, 1.3588668807895249e-13]
('easy', 1315);[2.543621982836946e-13, 8.095806642064278e-16, 8.87811307424006e-13, 0.9999833109787883]
('easy', 1316);[8.875285603885808e-13, 0, 1.201139291007717e-13, 0.9996646575567589]
('easy', 1317);[5.675566153266763e-14, 0.9999785427891018, 2.0879241047953292e-14, 2.940016054645752e-11]
('easy', 1318);[1.4636696326736608e-12, 0, 7.287182006988985e-14, 0.999925142169393]
('easy', 1319);[8.877605079069033e-13, 0, 2.0878126005956116e-14, 0.999925142169393]
('easy', 1320);[2.6801040236312333e-14, 0.9996645384165465, 3.441321685709587e-14, 9.35448220414642e-14]
('easy', 1321);[2.0877090663135784e-14, 0, 0.999876633606226, 3.823779829607865e-16]
('easy', 1322);[1.2015334061698112e-13, 1.7138953555082794e-15, 0.9999921322487634, 9.357551576115012e-14]
('easy', 1323);[8.856312400829058e-13, 0, 9.334484595250058e-14, 0.9975274099865513]
('easy', 1324);[4.419326087673625e-14, 0, 0.9997965511486372, 1.8791452695898686e-12]
('easy', 1325);[1.9796678936492668e-13, 0.9993239446663632, 3.2220043510978525e-08, 1.3167595356673653e-10]
('easy', 1326);[8.876453730957509e-13, 0, 2.680456767441935e-14, 0.9997965511486372]
('easy', 1327);[5.6756311053384784e-14, 0, 0.9999898673126559, 2.087947999327175e-14]
('easy', 1328);[1.542496368683903e-13, 0, 2.3190539189450665e-16, 0.9997965511486372]
('easy', 1329);[0.9999724634116024, 0, 5.981968485842631e-15, 1.713862665860402e-15]
('easy', 1330);[1.542578749077195e-13, 7.581417969672216e-10, 2.060843070091285e-09, 0.9998491038195524]
('easy', 1331);[2.6809680727573288e-14, 0.9999861719135179, 2.543631686003276e-13, 2.6465383035747236e-09]
('easy', 1332);[7.287529495189636e-14, 0, 0.9999724634116024, 4.4201100723926446e-14]
('easy', 1333);[8.878214676762437e-13, 0, 0.9999938011552557, 1.783237087020986e-11]
('easy', 1334);[1.8546253536593933e-07, 2.509964869040859e-08, 1.3703930780688355e-06, 3.7735795571128476e-11]
('easy', 1335);[7.680999577647024e-15, 0.9999724634116024, 4.658761741082707e-15, 2.2006432236769663e-15]
('easy', 1336);[3.442319527980583e-14, 0, 2.97818993478381e-16, 0.9999545833252356]
('easy', 1337);[0.999876633606226, 8.532006057527386e-17, 9.86165815740934e-15, 4.90983048903442e-16]
('easy', 1338);[0.9999831917733143, 8.095806642064278e-16, 9.357462335974518e-14, 9.357462335974518e-14]
('easy', 1339);[0.9999545833252356, 0, 2.2006012501388187e-15, 1.7138299768360243e-15]
('easy', 1340);[0.9999921322487634, 4.658850600758511e-15, 3.628316496083413e-15, 2.6809834134235834e-14]
('easy', 1341);[1.6259900882502087e-14, 0, 0.999925142169393, 4.658530713857424e-15]
('easy', 1342);[6.914320978363437e-13, 5.043423717781038e-07, 3.978917000485279e-12, 0.9999892712787918]
('easy', 1343);[4.193603686043509e-13, 0.999954464125005, 3.9787803975560205e-12, 2.7893404040758347e-10]
('easy', 1344);[4.1932757536315027e-13, 0, 2.0877090663135784e-14, 0.999876633606226]
('easy', 1345);[1.9807632124353936e-13, 0, 1.0955312633198936e-16, 0.999876633606226]
('easy', 1346);[5.981671841013421e-15, 0, 0.999925142169393, 5.675263053426874e-14]
('easy', 1347);[3.26572644056255e-13, 0, 5.98139802807396e-15, 0.999876633606226]
('easy', 1348);[7.285278065816753e-14, 0.9996646575567589, 9.859551704947922e-15, 1.542293378636202e-13]
('easy', 1349);[5.104433129727628e-12, 0, 2.541347612089391e-13, 0.9990889988442552]
('easy', 1350);[1.4634798074615157e-12, 0, 2.0875418294728254e-14, 0.9997965511486372]
('easy', 1351);[3.978150566939381e-12, 0, 1.201297379815822e-13, 0.9997965511486372]
('easy', 1352);[2.4133121379983694e-12, 0, 3.266062817343646e-13, 0.9999785427891018]
('easy', 1353);[5.674527021204132e-14, 0.9997965511486372, 9.35571340102189e-14, 1.8791452695898686e-12]
('easy', 1354);[6.913859413046741e-13, 0.9999222815829679, 6.913859413046741e-13, 8.877571213757805e-13]
('easy', 1355);[0.9999545833252356, 1.9038931279807287e-17, 1.806363505893949e-16, 1.0956148489106822e-16]
('easy', 1356);[9.35760512060782e-14, 0, 0.9999977350285647, 2.543660795724355e-13]
('easy', 1357);[0.9997965511486372, 0, 3.265464838128813e-13, 8.876453730957509e-13]
('easy', 1358);[1.9809181167383847e-13, 0, 3.628178089433163e-15, 0.9999545833252356]
('easy', 1359);[0.9999545833252356, 0, 2.413252299381347e-12, 4.193603686043509e-13]
('easy', 1360);[1.5419580622996835e-13, 0.9994470555870668, 2.8241947050653285e-15, 2.6795213312102313e-14]
('easy', 1361);[1.9809181167383847e-13, 0, 8.095559581422459e-16, 0.9999545833252356]
('easy', 1362);[0.9997965511486372, 6.912989116566801e-13, 1.2661605380151385e-14, 2.2002570973222784e-15]
('easy', 1363);[2.087872334247744e-14, 0, 0.9999545833252356, 5.981854389936609e-15]
('easy', 1364);[5.6749816180694e-14, 0.999876633606226, 0, 0]
('easy', 1365);[9.35571340102189e-14, 0.9997965511486372, 1.6257792114877495e-14, 9.35571340102189e-14]
('easy', 1366);[3.442050344664701e-14, 0.999876633606226, 4.658317468125757e-15, 2.2004333639918156e-15]
('easy', 1367);[3.0971055594327204e-12, 0, 1.9799133434593734e-13, 0.9994471746722718]
('easy', 1368);[2.6809885269985083e-14, 0, 0.9999938011552557, 2.6809885269985083e-14]
('easy', 1369);[2.2006012501388187e-15, 0, 0.9999545833252356, 9.357194620659337e-14]
('easy', 1370);[2.2006684081841367e-15, 0, 0.9999833109787883, 9.862711552397113e-15]
('easy', 1371);[0.999876633606226, 0, 1.334630299915645e-15, 5.98139802807396e-15]
('easy', 1372);[2.0879121576319505e-14, 0.9999724634116024, 2.0879121576319505e-14, 5.981968485842631e-15]
('easy', 1373);[5.09971338532486e-12, 0.9981642153848129, 8.861973054349203e-13, 1.4423272005103748e-07]
('easy', 1374);[1.626036608865265e-14, 0.9999545833252356, 1.7138299768360243e-15, 3.628178089433163e-15]
('easy', 1375);[4.419326087673625e-14, 0.9997965511486372, 1.6257792114877495e-14, 9.35571340102189e-14]
('easy', 1376);[1.8718798710554655e-12, 0.9959296639002696, 1.0771924915137043e-11, 1.8718798710554655e-12]
('easy', 1377);[0.9999545833252356, 0, 9.862410570919425e-15, 9.357194620659337e-14]
('easy', 1378);[5.981671841013421e-15, 0.999925142169393, 2.20053409414297e-15, 9.862109598626822e-15]
('easy', 1379);[1.2664165549094176e-14, 0, 0.999998927117538, 3.775127343788253e-11]
('easy', 1380);[2.8257249490748618e-15, 0, 0.9999898673126559, 4.91037367507047e-16]
('easy', 1381);[0.999925142169393, 6.645037177471958e-17, 7.287182006988985e-14, 5.981671841013421e-15]
('easy', 1382);[3.442221043837736e-14, 0, 0.999925142169393, 8.877605079069033e-13]
('easy', 1383);[1.3887811419841853e-11, 0.999991059383269, 2.4133397563220442e-12, 3.2661001946802167e-13]
('easy', 1384);[1.879389009986991e-12, 0, 1.4636696326736608e-12, 0.999925142169393]
('easy', 1385);[1.542293378636202e-13, 0, 0.9996646575567589, 6.912079378288633e-13]
('easy', 1386);[1.266319938679698e-14, 0.999925142169393, 2.0878126005956116e-14, 3.628067367914352e-15]
('easy', 1387);[7.286820636836835e-14, 5.108455654418009e-12, 8.094941962803061e-16, 0.999876633606226]
('easy', 1388);[3.442050344664701e-14, 0, 1.8062256965524917e-16, 0.999876633606226]
('easy', 1389);[4.42018594926203e-14, 0, 1.8795108920409615e-12, 0.9999898673126559]
('easy', 1390);[0.9999545833252356, 0, 6.914083598066395e-13, 6.914083598066395e-13]
('easy', 1391);[3.2657949589488106e-13, 0.9998976097084851, 1.8793352410052853e-12, 1.8793352410052853e-12]
('easy', 1392);[1.9807632124353936e-13, 0, 3.6279012919715435e-15, 0.999876633606226]
('easy', 1393);[0.9996646575567589, 8.093212881329092e-16, 3.773867469368052e-11, 1.8788979770868487e-12]
('easy', 1394);[3.4424180149411245e-14, 0.9999829533624089, 2.0879320696088945e-14, 1.7138822795743077e-15]
('easy', 1395);[3.26572644056255e-13, 0, 1.2013936179729542e-13, 0.999876633606226]
('easy', 1396);[0.999925142169393, 1.8063083808956805e-16, 1.266319938679698e-14, 6.913885787377645e-13]
('easy', 1397);[4.4201943801056973e-14, 0.9999917746265009, 5.675641930756031e-14, 1.4637673464247198e-12]
('easy', 1398);[9.35756942424524e-14, 0, 0.9999938011552557, 9.35756942424524e-14]
('easy', 1399);[0.9996646575567589, 2.318744312511465e-16, 9.859551704947922e-15, 2.6801040236312333e-14]
('easy', 1400);[1.9809559001133307e-13, 0, 5.108952602489194e-12, 0.9999724634116024]
('easy', 1401);[2.939040487944796e-11, 2.4125113440853147e-12, 2.939040487944796e-11, 0.9996479797235078]
('easy', 1402);[3.4423851856411955e-14, 0.9999724634116024, 1.2663827383905348e-14, 5.6755336775096484e-14]
('easy', 1403);[4.420025766287618e-14, 0, 0.9999545833252356, 2.6808811439732672e-14]
('easy', 1404);[3.824202863318094e-16, 0, 0.9999898673126559, 3.824202863318094e-16]
('easy', 1405);[3.488360081923292e-11, 0.9240364443518032, 2.7167375634368898e-11, 8.996599226636914e-10]
('easy', 1406);[9.35571340102189e-14, 0, 0.9997957170137678, 9.235564617375802e-09]
('easy', 1407);[3.628302655180796e-15, 0, 0.9999898673126559, 4.1937556634181793e-13]
('easy', 1408);[2.543578319046514e-13, 0.9999662649076229, 3.2660192109916057e-13, 4.13979558774316e-08]
('easy', 1409);[6.913661608771884e-13, 0.9998937958019426, 2.413105010645125e-12, 5.108543347623858e-12]
('easy', 1410);[2.5433503092071054e-13, 0, 3.6279012919715435e-15, 0.999876633606226]
('easy', 1411);[4.4201100723926446e-14, 0, 0.9999724634116024, 9.357373096685079e-14]
('easy', 1412);[2.4125527579426955e-12, 0, 2.6801040236312333e-14, 0.9996646575567589]
('easy', 1413);[1.201297379815822e-13, 0.9997965511486372, 1.6257792114877495e-14, 2.2002570973222784e-15]
('easy', 1414);[9.862711552397113e-15, 0.9999833109787883, 9.862711552397113e-15, 5.109001325490331e-12]
('easy', 1415);[9.343569112385443e-14, 0, 2.9738532341761266e-16, 0.9984987894978749]
('easy', 1416);[4.657944311583419e-15, 0.9997965511486372, 2.9777241745947786e-16, 2.2002570973222784e-15]
('easy', 1417);[3.258055256856709e-13, 0.9975274099865513, 1.6220901981940346e-14, 2.6743746127566917e-14]
('easy', 1418);[0.999876633606226, 0, 9.86165815740934e-15, 5.6749816180694e-14]
('easy', 1419);[4.658886145103398e-15, 0.9999982118638471, 4.910429870159115e-16, 1.2664165549094176e-14]
('easy', 1420);[1.5942952782704963e-09, 0, 0.006692059843767679, 1.6587949994367842e-05]
('easy', 1421);[5.675263053426874e-14, 0.999925142169393, 2.8255417071675084e-15, 3.442221043837736e-14]
('easy', 1422);[8.8780622734149e-13, 0.9999779467683537, 5.384816967664181e-13, 4.65877951288228e-15]
('easy', 1423);[2.6809885269985083e-14, 0.9999938011552557, 3.628316496083413e-15, 2.6809885269985083e-14]
('easy', 1424);[2.20053409414297e-15, 0, 0.999925142169393, 2.978099049026618e-16]
('easy', 1425);[1.6259094556702862e-14, 0.999876633606226, 1.0394111226851284e-15, 3.6279012919715435e-15]
('easy', 1426);[3.266106424277899e-13, 0, 1.3347830449722919e-15, 0.9999921322487634]
('easy', 1427);[0.9999785427891018, 4.910317480624923e-16, 1.4637478031526568e-12, 1.1399679353143377e-12]
('easy', 1428);[0.9999898673126559, 0, 2.8257249490748618e-15, 4.1937556634181793e-13]
('easy', 1429);[2.0878126005956116e-14, 0.999925142169393, 9.356926913003444e-14, 4.419899310145061e-14]
('easy', 1430);[7.286236922907485e-14, 0, 0.9997961936663362, 1.542496368683903e-13]
('easy', 1431);[6.912989116566801e-13, 0, 2.5431465730268574e-13, 0.9997957170137678]
('easy', 1432);[1.2036976895126372e-11, 0.8667205734965517, 6.316425772769685e-14, 0.015874539385755858]
('easy', 1433);[3.0985886366856072e-12, 0, 3.265888395428674e-13, 0.999925142169393]
('easy', 1434);[1.2663585842870401e-14, 0, 0.9999545833252356, 2.087872334247744e-14]
('easy', 1435);[7.285278065816753e-14, 0.9996645384165465, 1.980343898158094e-13, 6.912079378288633e-13]
('easy', 1436);[1.2814083812292045e-10, 0.5898473075792857, 4.714037991990023e-11, 0.3577604552715993]
('easy', 1437);[2.8251860362093995e-15, 2.0607330121362346e-09, 0.9997964319781567, 1.4634798074615157e-12]
('easy', 1438);[3.441321685709587e-14, 0.9996646575567589, 4.657322450438044e-15, 1.6255652615515353e-14]
('easy', 1439);[1.7138822795743077e-15, 0.9999833109787883, 1.3347728614246754e-15, 8.095806642064278e-16]
('easy', 1440);[5.675479551660739e-14, 0.999964238492877, 4.193643679555498e-13, 1.0815549598732455e-11]
('easy', 1441);[9.35760512060782e-14, 0, 0.9999977350285647, 4.910411138391444e-16]
('easy', 1442);[2.680957845695259e-14, 0, 0.9999833109787883, 1.626083130811306e-14]
('easy', 1443);[5.108455654418009e-12, 0, 5.384272646843293e-13, 0.999876633606226]
('easy', 1444);[1.6260676233480695e-14, 0, 0.9999724634116024, 1.0395102533811623e-15]
('easy', 1445);[9.357194620659337e-14, 0, 4.910205093663095e-16, 0.9999545833252356]
('easy', 1446);[0.9999545833252356, 0, 5.981854389936609e-15, 4.420025766287618e-14]
('easy', 1447);[0.9999963045256735, 0, 2.825746507727575e-15, 2.6809936405831866e-14]
('easy', 1448);[5.675263053426874e-14, 0, 0.999925142169393, 2.6808044444456976e-14]
('easy', 1449);[2.680957845695259e-14, 0, 0.9999833109787883, 1.2663972310737704e-14]
('easy', 1450);[0.9999833109787883, 6.30502055243434e-16, 1.7138822795743077e-15, 1.2663972310737704e-14]
('easy', 1451);[7.286236922907485e-14, 0.9997965511486372, 4.419326087673625e-14, 1.201297379815822e-13]
('easy', 1452);[0.9999971389852362, 0, 2.08796392916699e-14, 9.862824422819333e-15]
('easy', 1453);[0.999925142169393, 0, 5.675263053426874e-14, 3.442221043837736e-14]
('easy', 1454);[0.9997965511486372, 0, 2.8251860362093995e-15, 1.039327860206076e-15]
('easy', 1455);[0.999925142169393, 2.319345871446136e-16, 3.265888395428674e-13, 5.675263053426874e-14]
('easy', 1456);[4.416199962311456e-14, 0, 0.9990888798598818, 2.0860651524120617e-14]
('easy', 1457);[0.9999833109787883, 4.030664787814612e-17, 1.3347728614246754e-15, 1.7138822795743077e-15]
('easy', 1458);[7.287682395247227e-14, 0.9999938011552557, 7.681146082484628e-15, 2.8257357283806583e-15]
('easy', 1459);[3.0977790602985295e-12, 0, 5.6737802625510175e-14, 0.9996646575567589]
('easy', 1460);[2.6809322782107666e-14, 0.9999724634116024, 8.095713993440037e-16, 4.658761741082707e-15]
('easy', 1461);[0.9999898673126559, 4.030680163609884e-17, 3.628302655180796e-15, 4.91037367507047e-16]
('easy', 1462);[4.193683673448897e-13, 0, 4.658761741082707e-15, 0.9999724634116024]
('easy', 1463);[1.623668850560994e-14, 0.9984987894978749, 2.821513390196354e-15, 2.197396837731375e-15]
('easy', 1464);[0.999925142169393, 0, 4.419899310145061e-14, 3.628067367914352e-15]
('easy', 1465);[3.441774617728107e-14, 0, 0.9997965511486372, 2.5431465730268574e-13]
('easy', 1466);[0.9999545833252356, 0, 4.658672883101751e-15, 1.7138299768360243e-15]
('easy', 1467);[0.9990889988442552, 0, 3.439339988848071e-14, 1.1389529817030765e-12]
('easy', 1468);[2.543621982836946e-13, 0, 7.681087480214263e-15, 0.9999833109787883]
('easy', 1469);[0.9932973862258533, 7.14591257684166e-09, 9.175533374093285e-09, 3.701674358762779e-06]
('easy', 1470);[1.3296632488551327e-07, 7.65168369004822e-07, 0.0005089455811978649, 0.07553422151687204]
('easy', 1471);[1.2662619724799594e-14, 0.9998761568862077, 1.0394111226851284e-15, 2.0877090663135784e-14]
('easy', 1472);[0.9990888798598818, 0, 3.625037678291978e-15, 8.756261384907303e-08]
('easy', 1473);[9.862786799201738e-15, 0, 0.9999938011552557, 1.1399853299773111e-12]
('easy', 1474);[3.4423851856411955e-14, 0, 0.9999724634116024, 3.2660441288357665e-13]
('easy', 1475);[5.384539665275966e-13, 0, 3.628067367914352e-15, 0.999925142169393]
('easy', 1476);[1.626083130811306e-14, 0, 0.9999833109787883, 3.266075276408309e-13]
('easy', 1477);[9.357373096685079e-14, 0.9999723442092404, 2.8256818322628714e-15, 1.3887573021804925e-11]
('easy', 1478);[1.5426964429855265e-13, 0, 0.999925142169393, 8.877605079069033e-13]
('easy', 1479);[3.266075276408309e-13, 0, 7.681087480214263e-15, 0.9999833109787883]
('easy', 1480);[1.9809181167383847e-13, 0, 2.087872334247744e-14, 0.9999545833252356]
('easy', 1481);[4.420025766287618e-14, 0.9999545833252356, 1.9809181167383847e-13, 3.2659818345818147e-13]
('easy', 1482);[0.9997965511486372, 4.909437184932394e-16, 1.8791452695898686e-12, 4.5981168702111424e-10]
('easy', 1483);[2.0875418294728254e-14, 0.9997964319781567, 3.441774617728107e-14, 2.680456767441935e-14]
('easy', 1484);[2.6808811439732672e-14, 0, 0.9999545833252356, 5.6754254263280127e-14]
('easy', 1485);[0.9959299004209012, 0, 3.428467576134221e-14, 1.9729468688220866e-13]
('easy', 1486);[2.680978299858412e-14, 0, 0.9999898673126559, 4.42018594926203e-14]
('easy', 1487);[0.999876633606226, 1.0955312633198936e-16, 1.2662619724799594e-14, 2.680671503796068e-14]
('easy', 1488);[2.680998754177618e-14, 0, 2.543660795724355e-13, 0.9999985694905718]
('easy', 1489);[3.2661126538874626e-13, 0, 2.8257357283806583e-15, 0.9999938011552557]
('easy', 1490);[7.287529495189636e-14, 0, 5.981968485842631e-15, 0.9999724634116024]
('easy', 1491);[4.1937396655404305e-13, 0, 0.9999870063564401, 0]
('easy', 1492);[1.2014852805285473e-13, 1.3175885979913233e-10, 0.9999523185560253, 3.5815771433046444e-10]
('easy', 1493);[1.2664020620050393e-14, 0, 0.9999898673126559, 1.201531114428897e-13]
('easy', 1494);[1.463711509196798e-12, 0, 1.1860577204779682e-08, 0.9999545833252356]
('easy', 1495);[7.681087480214263e-15, 0.9999833109787883, 2.2006684081841367e-15, 6.30502055243434e-16]
('easy', 1496);[4.1937076699680144e-13, 0, 0.9999785427891018, 5.981991305284982e-15]
('easy', 1497);[9.357194620659337e-14, 0, 0.9999545833252356, 2.8256279371730614e-15]
('easy', 1498);[7.680853075603749e-15, 0, 0.9999545833252356, 2.8256279371730614e-15]
('easy', 1499);[1.879389009986991e-12, 0, 0.9999247845974613, 3.978666565364138e-12]
('easy', 1500);[1.542293378636202e-13, 0.9996646575567589, 1.6255652615515353e-14, 4.657322450438044e-15]
('easy', 1501);[4.193603686043509e-13, 0, 1.7138299768360243e-15, 0.9999545833252356]
('easy', 1502);[1.626083130811306e-14, 0, 0.9999833109787883, 8.095806642064278e-16]
('easy', 1503);[5.674527021204132e-14, 0.9997965511486372, 3.441774617728107e-14, 9.35571340102189e-14]
('easy', 1504);[0.03005824119160354, 0.3661843417860785, 1.1201672000436812e-07, 2.7766168853385347e-10]
('easy', 1505);[3.258055256856709e-13, 0, 6.289526246657465e-16, 0.9975274099865513]
('easy', 1506);[7.285278065816753e-14, 0, 0.9996645384165465, 2.4125527579426955e-12]
('easy', 1507);[2.680998754177618e-14, 0, 0.9999982118638471, 4.420219672733183e-14]
('easy', 1508);[0.9959299004209012, 0, 6.5335027251530235e-12, 3.428467576134221e-14]
('easy', 1509);[1.4538035661925179e-12, 0.9931848399350077, 2.7704592068115704e-10, 1.9675091740106203e-13]
('easy', 1510);[0.999876633606226, 0, 3.442050344664701e-14, 2.8254123670931997e-15]
('easy', 1511);[1.9809559001133307e-13, 0, 0.9999724634116024, 5.6755336775096484e-14]
('easy', 1512);[1.201389035028746e-13, 0, 0.9998729390465786, 2.0877011023507017e-14]
('easy', 1513);[4.1932757536315027e-13, 0, 1.1398505282814422e-12, 0.999876633606226]
('easy', 1514);[5.383132832462897e-13, 0, 3.627126371417183e-15, 0.9996646575567589]
('easy', 1515);[3.978871465654427e-12, 5.384816967664181e-13, 1.4449471735145698e-07, 0.999977350747961]
('easy', 1516);[2.825714169810185e-15, 0.9999833109787883, 4.910354943517166e-16, 8.095806642064278e-16]
('easy', 1517);[1.9806045425386765e-13, 0, 4.657944311583419e-15, 0.9997965511486372]
('easy', 1518);[0.9999724634116024, 0, 8.423238826722712e-12, 1.0956357463048162e-16]
('easy', 1519);[6.91424185069222e-13, 7.681028878390996e-15, 0.9999767547297425, 3.266056587829138e-13]
('easy', 1520);[7.287598994818132e-14, 0, 0.9999833109787883, 3.4424180149411245e-14]
('easy', 1521);[2.087940034452843e-14, 0.9999870063564401, 4.658832828687761e-15, 1.542790604577525e-13]
('easy', 1522);[1.9453771764667558e-13, 0.9820134120527937, 5.288083428288547e-13, 1.6614664239798162e-10]
('easy', 1523);[4.1934837077959627e-13, 0, 1.201453197838599e-13, 0.999925142169393]
('easy', 1524);[0.9997965511486372, 0, 7.679651864244248e-15, 2.680456767441935e-14]
('easy', 1525);[3.9788562874932765e-12, 0, 2.8256818322628714e-15, 0.9999724634116024]
('easy', 1526);[1.7822305997399037e-11, 5.040601164884758e-07, 0.9994295514961096, 5.040601164884758e-07]
('easy', 1527);[7.680999577647024e-15, 0, 0.9999724634116024, 4.658761741082707e-15]
('easy', 1528);[1.879295811396392e-12, 0, 6.913542928923369e-13, 0.999876633606226]
('easy', 1529);[1.2012905059567432e-13, 0.9997903548262453, 5.980873254973425e-15, 1.782873189889729e-11]
('easy', 1531);[0.9999785427891018, 0, 1.980967235266344e-13, 2.82569261140419e-15]
('easy', 1532);[1.2661605380151385e-14, 0.9997965511486372, 3.627610677364163e-15, 9.35571340102189e-14]
('easy', 1533);[7.287668495109431e-14, 0, 0.9999921322487634, 2.6809834134235834e-14]
('easy', 1534);[8.423319157371057e-12, 0, 3.398209484862448e-09, 0.9999828341569776]
('easy', 1535);[0.9999724634116024, 0, 1.6260676233480695e-14, 9.862598683266585e-15]
('easy', 1536);[1.2013936179729542e-13, 0.9998757993463431, 1.713692689741985e-15, 2.977951365586649e-16]
('easy', 1537);[2.5431465730268574e-13, 0, 1.3345233887762855e-15, 0.9997965511486372]
('easy', 1538);[1.8794893828688562e-12, 1.2663875692665183e-14, 3.775055339635162e-11, 0.9999784235841962]
('easy', 1539);[7.287529495189636e-14, 1.0956357463048162e-16, 0.9999723442092404, 4.193683673448897e-13]
('easy', 1540);[9.357462335974518e-14, 0, 0.9999833109787883, 1.3347728614246754e-15]
('easy', 1541);[2.5433503092071054e-13, 0, 5.98139802807396e-15, 0.999876633606226]
('easy', 1542);[3.442457410514314e-14, 0, 6.305068656107163e-16, 0.9999938011552557]
('easy', 1543);[0.9999785427891018, 0, 1.5427788340642246e-13, 1.3347626779547528e-15]
('easy', 1544);[5.380032937011822e-13, 0, 2.82318218251714e-15, 0.9990889988442552]
('easy', 1545);[2.680957845695259e-14, 0, 0.9999833109787883, 1.980974792071053e-13]
('easy', 1546);[1.201297379815822e-13, 0.9997961936663362, 2.0875418294728254e-14, 3.441774617728107e-14]
('easy', 1547);[0.999925142169393, 0, 7.287182006988985e-14, 2.6808044444456976e-14]
('easy', 1548);[0.999876633606226, 0, 1.2013936179729542e-13, 1.2013936179729542e-13]
('easy', 1549);[0.999876633606226, 0, 5.6749816180694e-14, 9.86165815740934e-15]
('easy', 1550);[0.9984987894978749, 1.8037331640133944e-16, 1.2645145722655498e-14, 1.623668850560994e-14]
('easy', 1551);[0.9875319590199639, 1.0133932878424661e-10, 4.309057909066273e-09, 1.2845120590656437e-05]
('easy', 1552);[1.2664020620050393e-14, 0, 0.9999898673126559, 2.97829218457604e-16]
('easy', 1553);[0.9999936819476216, 3.824217451522125e-16, 9.736144602183888e-10, 7.287682395247227e-14]
('easy', 1554);[0.9999545833252356, 1.9038931279807287e-17, 5.981854389936609e-15, 1.0394904264856412e-15]
('easy', 1555);[3.628316496083413e-15, 0.9999938011552557, 1.7138953555082794e-15, 2.6809885269985083e-14]
('easy', 1556);[1.188310015565351e-13, 0.9889861247871677, 1.6082027252944044e-14, 2.6514780407907996e-14]
('easy', 1557);[2.5431465730268574e-13, 0, 5.980918885589195e-15, 0.9997965511486372]
('easy', 1558);[7.287182006988985e-14, 0, 4.658530713857424e-15, 0.999925142169393]
('easy', 1559);[0.999925142169393, 0, 1.266319938679698e-14, 2.6808044444456976e-14]
('easy', 1560);[0.9999833109787883, 0, 2.825714169810185e-15, 1.0956482849326193e-16]
('easy', 1561);[3.437300427474583e-14, 0.9984961747861885, 1.7576991627308243e-06, 1.3156699872248142e-10]
('easy', 1562);[0.9994471746722718, 0, 3.626337782978822e-15, 2.0868133110030614e-14]
('easy', 1563);[0.999925142169393, 2.4445725634118422e-17, 1.7137776756938695e-15, 1.5426964429855265e-13]
('easy', 1564);[5.667161137805728e-14, 0.9984987894978749, 1.9780335966141658e-13, 2.0848320724044862e-14]
('easy', 1565);[1.5427405805161866e-13, 0, 9.862410570919425e-15, 0.9999545833252356]
('easy', 1566);[3.442457410514314e-14, 0, 0.9999938011552557, 8.095868408402818e-16]
('easy', 1567);[1.201297379815822e-13, 0.9997965511486372, 1.4634798074615157e-12, 2.8251860362093995e-15]
('easy', 1568);[2.543476439783665e-13, 0, 2.8255417071675084e-15, 0.999925142169393]
('easy', 1569);[2.087872334247744e-14, 0.9999545833252356, 1.806363505893949e-16, 2.8256279371730614e-15]
('easy', 1570);[5.675263053426874e-14, 0, 1.3346913958406776e-15, 0.999925142169393]
('easy', 1571);[3.442319527980583e-14, 0, 0.9999545833252356, 1.2663585842870401e-14]
('easy', 1572);[1.8794607043556182e-12, 0, 5.675479551660739e-14, 0.9999645960934689]
('easy', 1573);[1.980827439578756e-13, 0, 0.9999084556470166, 3.0985354463429465e-12]
('easy', 1574);[0.9999724634116024, 9.862598683266585e-15, 1.3887573021804925e-11, 1.4637394275445062e-12]
('easy', 1575);[2.680978299858412e-14, 0, 0.9999897481064004, 3.0987895862205052e-12]
('easy', 1576);[0.999876633606226, 0, 5.98139802807396e-15, 3.442050344664701e-14]
('easy', 1577);[3.26572644056255e-13, 0, 4.846767778087009e-11, 0.999876633606226]
('easy', 1578);[7.286820636836835e-14, 0.999876633606226, 1.0394111226851284e-15, 2.2004333639918156e-15]
('easy', 1579);[5.384252107512326e-13, 0.9998718664308202, 1.4635914663693074e-12, 7.990938646806102e-11]
('easy', 1580);[2.4133121379983694e-12, 4.420135364537716e-14, 3.266062817343646e-13, 0.9999785427891018]
('easy', 1581);[1.8791452695898686e-12, 0, 5.674527021204132e-14, 0.9997965511486372]
('easy', 1582);[2.6809936405831866e-14, 5.384919675876492e-13, 0.9999952316511552, 4.193779660349228e-13]
('easy', 1583);[7.164527755525578e-09, 0.9958848526018383, 1.6194192772946433e-14, 9.822274426088762e-15]
('easy', 1584);[1.5427847193096495e-13, 0, 0.9999833109787883, 3.4424180149411245e-14]
('easy', 1585);[3.0988073176874773e-12, 0, 0.9999952316511552, 5.675663581653081e-14]
('easy', 1586);[5.675263053426874e-14, 0, 2.8255417071675084e-15, 0.999925142169393]
('easy', 1587);[0.9999724634116024, 0, 3.628247292098314e-15, 7.287529495189636e-14]
('easy', 1588);[7.26970391234871e-14, 0.9975274099865513, 7.26970391234871e-14, 1.198571547198126e-13]
('easy', 1589);[3.2871226645407376e-10, 2.69823459395413e-11, 8.820584174601854e-05, 0.26293778307799753]
('easy', 1590);[2.0878126005956116e-14, 0, 0.999925142169393, 2.543476439783665e-13]
('easy', 1592);[1.2663875692665183e-14, 0.9999785427891018, 1.201517364075207e-13, 1.6918624255564255e-10]
('easy', 1593);[6.305116760146989e-16, 0, 0.9999995231630692, 1.0956650033262367e-16]
('easy', 1594);[2.6769773704931383e-14, 0.9984985517859623, 2.821513390196354e-15, 1.461580121095163e-12]
('easy', 1595);[1.5426964429855265e-13, 0.999925142169393, 3.442221043837736e-14, 6.913885787377645e-13]
('easy', 1596);[3.265819875082058e-13, 0, 1.2662957857740013e-14, 0.9999039265409296]
('easy', 1597);[1.3347728614246754e-15, 0.9999833109787883, 8.532917422763657e-17, 0]
('easy', 1598);[1.20148757218204e-13, 0, 1.9809181167383847e-13, 0.9999545833252356]
('easy', 1599);[0.9996646575567589, 0, 5.383132832462897e-13, 1.201139291007717e-13]
('easy', 1600);[1.143578222346571e-09, 0.9147506147526603, 1.8121292048655284e-13, 0.07508731078539914]
('easy', 1601);[7.678626588546446e-15, 0.9996646575567589, 3.822963069352598e-16, 1.71333318042236e-15]
('easy', 1602);[0.9999833109787883, 0, 2.413321344071142e-12, 1.626083130811306e-14]
('easy', 1603);[2.2889663258638508e-11, 0, 0.9996635853826402, 1.0812311326885733e-11]
('easy', 1604);[1.6259094556702862e-14, 0.9998763952461884, 9.86165815740934e-15, 5.384272646843293e-13]
('easy', 1605);[0.9145985207836995, 0.00011287047472490612, 5.331623705204574e-05, 1.411053475077738e-13]
('easy', 1606);[7.287654594998146e-14, 0.9999898673126559, 2.8257249490748618e-15, 2.087947999327175e-14]
('easy', 1607);[5.376852781757776e-13, 0.9984983140741062, 4.651889141981959e-15, 0]
('easy', 1608);[2.5431465730268574e-13, 0, 8.876453730957509e-13, 0.9997965511486372]
('easy', 1609);[2.8257357283806583e-15, 0, 0.9999938011552557, 3.824217451522125e-16]
('easy', 1610);[0.9997965511486372, 0, 9.35571340102189e-14, 8.42174481629839e-12]
('easy', 1611);[7.680267095372901e-15, 0.999876633606226, 6.304347139548599e-16, 3.823779829607865e-16]
('easy', 1612);[0.9999545833252356, 0, 8.095559581422459e-16, 5.981854389936609e-15]
('easy', 1613);[0.9999870063564401, 7.681116781293558e-15, 1.2664020620050393e-14, 1.9809823489045893e-13]
('easy', 1614);[1.5389904595272493e-13, 0.997523732932977, 4.647348498963449e-15, 6.897276721817829e-13]
('easy', 1615);[4.420025766287618e-14, 0, 0.9999545833252356, 1.2663585842870401e-14]
('easy', 1616);[4.1934837077959627e-13, 4.658530713857424e-15, 3.0985886366856072e-12, 0.999925142169393]
('easy', 1617);[2.413252299381347e-12, 0, 4.658672883101751e-15, 0.9999545833252356]
('easy', 1618);[0.9999898673126559, 1.90395849408599e-17, 2.3194962855632653e-16, 3.824202863318094e-16]
('easy', 1619);[3.441774617728107e-14, 0.9997964319781567, 3.441774617728107e-14, 1.201297379815822e-13]
('easy', 1620);[9.357373096685079e-14, 0, 0.9999724634116024, 5.981968485842631e-15]
('easy', 1621);[2.9373816469015986e-11, 0, 9.727272081231441e-10, 0.9990828112685483]
('easy', 1622);[2.0879559642318906e-14, 0.9999938011552557, 2.6809885269985083e-14, 2.8257357283806583e-15]
('easy', 1623);[5.982036944430832e-15, 0, 0.9999833109787883, 9.357462335974518e-14]
('easy', 1624);[0.9999833109787883, 0, 4.658815056684806e-15, 2.680957845695259e-14]
('easy', 1625);[2.6809271647431275e-14, 0.9999716289935482, 1.0395102533811623e-15, 2.8256818322628714e-15]
('easy', 1626);[2.543597725083059e-13, 0.9999723442092404, 4.193683673448897e-13, 6.22397842253449e-11]
('easy', 1627);[2.0879121576319505e-14, 8.53281977183214e-17, 0.9999724634116024, 2.0879121576319505e-14]
('easy', 1628);[0.9997965511486372, 0, 5.383841337346324e-13, 1.78288339160114e-11]
('easy', 1629);[1.4635970495383212e-12, 0, 5.98139802807396e-15, 0.999876633606226]
('easy', 1630);[3.4339649765240285e-14, 0.9975274099865513, 2.0828050426411968e-14, 1.1371730220791344e-12]
('easy', 1631);[1.2663585842870401e-14, 0.9999545833252356, 1.2663585842870401e-14, 7.287390497921029e-14]
('easy', 1632);[0.9999898673126559, 0, 4.42018594926203e-14, 9.862749175727664e-15]
('easy', 1633);[9.862749175727664e-15, 0, 0.9999898673126559, 2.200676803083908e-15]
('easy', 1634);[6.910576594728152e-13, 0, 2.199485047850993e-15, 0.9994471746722718]
('easy', 1635);[4.192388065299494e-13, 0.9996640619140268, 7.285278065816753e-14, 4.4187445114498135e-14]
('easy', 1636);[9.357373096685079e-14, 0, 0.9999724634116024, 1.5427700062381816e-13]
('easy', 1637);[3.26572644056255e-13, 0, 4.658317468125757e-15, 0.999876633606226]
('easy', 1638);[1.1399396695530941e-12, 0, 1.626036608865265e-14, 0.9999545833252356]
('easy', 1639);[1.62608933383801e-14, 0.9999870063564401, 9.862749175727664e-15, 7.287626794855114e-14]
('easy', 1640);[1.1668268520703113e-10, 0.6896549686890918, 2.855131170508621e-08, 0.25370986936016454]
('easy', 1641);[1.081822619987498e-12, 1.3179297534550103e-11, 0.9489743776500094, 0.0014267253734748782]
('easy', 1642);[0.9932884476778752, 7.938316101828804e-11, 9.670848796868455e-10, 2.2451597204185737e-06]
('easy', 1643);[0.989009444588401, 6.155739169522769e-11, 3.733644539509544e-11, 5.840402711795706e-10]
('easy', 1644);[2.6809271647431275e-14, 0, 0.9999722250068926, 5.384786155582491e-13]
('easy', 1645);[1.2015379896647526e-13, 0, 0.9999963045256735, 9.357587272409509e-14]
('easy', 1646);[1.4919032302356671e-12, 4.003332645531663e-07, 0.37494775056308294, 3.8476691431336195e-11]
('easy', 1647);[9.357587272409509e-14, 0, 0.9999952316511552, 9.357587272409509e-14]
('easy', 1648);[9.357426640156616e-14, 0, 1.2663875692665183e-14, 0.9999785427891018]
('easy', 1649);[1.980974792071053e-13, 0, 5.384847779922179e-13, 0.9999833109787883]
('easy', 1650);[7.681146082484628e-15, 0.9999938011552557, 2.8257357283806583e-15, 1.5428023751806278e-13]
('easy', 1651);[2.6809834134235834e-14, 0.9999921322487634, 0, 4.4201943801056973e-14]
('easy', 1652);[2.8241947050653285e-15, 0.9994471746722718, 1.7129606776201997e-15, 2.8241947050653285e-15]
('easy', 1653);[3.26572644056255e-13, 0.999876633606226, 2.5433503092071054e-13, 1.542619940923716e-13]
('easy', 1654);[0.999925142169393, 0, 2.6808044444456976e-14, 4.910055248382009e-16]
('easy', 1655);[3.442319527980583e-14, 0.9999545833252356, 7.680853075603749e-15, 3.824071571986019e-16]
('easy', 1656);[6.912989116566801e-13, 0, 2.8251860362093995e-15, 0.9997965511486372]
('easy', 1657);[6.914083598066395e-13, 0, 2.2006012501388187e-15, 0.9999545833252356]
('easy', 1658);[8.4233994887855e-12, 0.9999929667012066, 9.357551576115012e-14, 1.9809936842089442e-13]
('easy', 1659);[6.22337301584689e-11, 0.999876633606226, 2.2004333639918156e-15, 0]
('easy', 1660);[7.681146082484628e-15, 0, 0.9999938011552557, 2.2006851980157036e-15]
('easy', 1661);[8.878248544528286e-13, 0, 2.08796392916699e-14, 0.9999977350285647]
('easy', 1662);[2.0879121576319505e-14, 0, 0.9999724634116024, 1.0395102533811623e-15]
('easy', 1663);[4.598976431312031e-10, 0, 1.980974792071053e-13, 0.9999833109787883]
('easy', 1664);[0.9999724634116024, 0, 2.6809322782107666e-14, 1.713862665860402e-15]
('easy', 1665);[2.0879121576319505e-14, 0, 0.9999724634116024, 2.0879121576319505e-14]
('easy', 1666);[0.030031629642279293, 0, 1.5343419633708684e-13, 0.3658601467471509]
('easy', 1667);[0.9999545833252356, 0, 2.087872334247744e-14, 9.357194620659337e-14]
('easy', 1668);[1.1264436684070502e-09, 6.744484783639103e-05, 0.12194317459824518, 1.5244757291395718e-10]
('easy', 1669);[5.6749816180694e-14, 0.999876633606226, 1.6259094556702862e-14, 5.98139802807396e-15]
('easy', 1670);[0.9984987894978749, 3.6228949065369155e-15, 5.667161137805728e-14, 2.1691772305325962e-10]
('easy', 1671);[2.543660795724355e-13, 0, 0.9999971389852362, 8.878248544528286e-13]
('easy', 1672);[7.286236922907485e-14, 0, 1.3345233887762855e-15, 0.9997965511486372]
('easy', 1673);[7.681116781293558e-15, 0.9999898673126559, 8.095837525174643e-16, 2.97829218457604e-16]
('easy', 1674);[1.2659914986300087e-14, 0.9996646575567589, 7.285278065816753e-14, 5.383132832462897e-13]
('easy', 1675);[3.628178089433163e-15, 0.9999545833252356, 8.095559581422459e-16, 4.910205093663095e-16]
('easy', 1676);[4.1934837077959627e-13, 1.388691082650761e-11, 5.675263053426874e-14, 0.9999250229763097]
('easy', 1677);[3.265464838128813e-13, 0, 0.9997964319781567, 8.876453730957509e-13]
('easy', 1678);[1.2008781463822596e-13, 0.9994468174748747, 2.8241947050653285e-15, 2.412028234941004e-12]
('easy', 1679);[1.2015196557898944e-13, 0, 0.9999810460826691, 1.6918656525309872e-10]
('easy', 1680);[1.9809181167383847e-13, 0, 0.9999545833252356, 3.628178089433163e-15]
('easy', 1681);[0.9999724634116024, 0, 3.4423851856411955e-14, 2.0879121576319505e-14]
('easy', 1682);[0.999925142169393, 2.319345871446136e-16, 4.1934837077959627e-13, 1.879389009986991e-12]
('easy', 1683);[7.2859311866534e-14, 0.9997532976492673, 5.980645107116509e-15, 4.657731092694503e-15]
('easy', 1684);[2.6809936405831866e-14, 0.9999963045256735, 2.200693592979523e-15, 1.2664117239228628e-14]
('easy', 1685);[1.6259900882502087e-14, 0, 0.999925142169393, 7.680618678146588e-15]
('easy', 1686);[0.999876633606226, 0, 2.8254123670931997e-15, 7.286820636836835e-14]
('easy', 1687);[5.675587803874744e-14, 0, 0.9999833109787883, 2.0879320696088945e-14]
('easy', 1688);[2.413330550179034e-12, 4.658832828687761e-15, 3.4424311467487606e-14, 0.9999870063564401]
('easy', 1689);[1.980343898158094e-13, 0, 5.980120400072883e-15, 0.9996646575567589]
('easy', 1690);[3.442457410514314e-14, 0, 0.9999938011552557, 4.658850600758511e-15]
('easy', 1691);[1.266319938679698e-14, 0, 0.999925142169393, 9.862109598626822e-15]
('easy', 1692);[4.658832828687761e-15, 6.645468121132688e-17, 0.9999898673126559, 1.806425523527886e-16]
('easy', 1693);[1.522742365770213e-08, 4.5982835072571486e-10, 0.9998312281358948, 1.3885613015316759e-11]
('easy', 1694);[3.978894233004715e-12, 0.9999833109787883, 1.879496552565541e-12, 1.2663972310737704e-14]
('easy', 1695);[0.9990889988442552, 4.905955009350378e-16, 3.625037678291978e-15, 5.380032937011822e-13]
('easy', 1696);[0.9999963045256735, 2.7894574519129143e-10, 1.6918914685490615e-10, 1.463772930264664e-12]
('easy', 1697);[0.9999870063564401, 0, 2.543631686003276e-13, 4.4201690876229367e-14]
('easy', 1698);[4.420025766287618e-14, 0, 0.9999545833252356, 1.5427405805161866e-13]
('easy', 1699);[8.864931550707199e-13, 0.9984977198528338, 7.276778941407574e-14, 4.4135895319149345e-14]
('easy', 1700);[0.9999898673126559, 0, 1.7138888175288235e-15, 1.7138888175288235e-15]
('easy', 1701);[2.2602625838076723e-06, 0, 0.9999701985655173, 4.420093211042998e-14]
('easy', 1702);[4.658868372897056e-15, 0.9999977350285647, 3.824232039781805e-16, 1.039534046154975e-15]
('easy', 1703);[2.0875418294728254e-14, 0.9997965511486372, 1.7135619503530068e-15, 3.627610677364163e-15]
('easy', 1704);[7.680853075603749e-15, 0, 0.9999545833252356, 7.680853075603749e-15]
('easy', 1705);[8.877198703860449e-13, 0, 0.9998797322918859, 1.463602632728633e-12]
('easy', 1706);[3.442319527980583e-14, 0.9999545833252356, 4.658672883101751e-15, 1.7138299768360243e-15]
('easy', 1707);[3.628316496083413e-15, 0.9999938011552557, 1.4068509789840367e-16, 2.978303545880763e-16]
('easy', 1708);[0.999876633606226, 0, 3.6279012919715435e-15, 3.442050344664701e-14]
('easy', 1709);[0.9996646575567589, 0, 1.542293378636202e-13, 2.0872671123168276e-14]
('easy', 1710);[3.441774617728107e-14, 0.9997964319781567, 2.8251860362093995e-15, 2.9777241745947786e-16]
('easy', 1711);[5.6754254263280127e-14, 0, 2.8256279371730614e-15, 0.9999545833252356]
('easy', 1712);[4.4201100723926446e-14, 0, 1.713862665860402e-15, 0.9999724634116024]
('easy', 1713);[0.9996646575567589, 0, 1.201139291007717e-13, 7.285278065816753e-14]
('easy', 1714);[1.0815652744342992e-11, 0.9999724634116024, 5.981968485842631e-15, 9.357373096685079e-14]
('easy', 1715);[8.855231373988676e-13, 0.9974046529163562, 1.1984252461244964e-13, 3.3894512261903837e-09]
('easy', 1716);[9.862862046580453e-15, 0, 0.9999996423722521, 6.224144622907783e-11]
('easy', 1717);[7.287696295411537e-14, 0.9999952316511552, 9.862824422819333e-15, 5.982105403802484e-15]
('easy', 1718);[4.4187445114498135e-14, 0, 0.9996646575567589, 5.980120400072883e-15]
('easy', 1719);[1.2663827383905348e-14, 0, 0.9999724634116024, 6.304948397613231e-16]
('easy', 1720);[4.658815056684806e-15, 0, 0.9999833109787883, 1.039522149699997e-15]
('easy', 1721);[5.384539665275966e-13, 0, 1.6259900882502087e-14, 0.999925142169393]
('easy', 1722);[7.286820636836835e-14, 0, 5.98139802807396e-15, 0.999876633606226]
('easy', 1723);[2.2862959803538806e-11, 9.848049390856128e-15, 4.840088628390657e-11, 0.9984973632272478]
('easy', 1724);[1.7831180470757202e-11, 0.9999270492388316, 5.108718738551681e-12, 5.108718738551681e-12]
('easy', 1725);[2.680998754177618e-14, 0, 0.9999971389852362, 5.6756744071325776e-14]
('easy', 1726);[2.8257357283806583e-15, 0, 0.9999938011552557, 6.305068656107163e-16]
('easy', 1727);[7.287598994818132e-14, 0, 0.9999833109787883, 3.824188275169713e-16]
('easy', 1728);[1.1396070559451857e-12, 0.9996617984574251, 3.265028880640147e-13, 9.354464361904592e-14]
('easy', 1729);[0.9999724634116024, 0, 1.0395102533811623e-15, 1.4068241456870264e-16]
('easy', 1730);[4.420152226048166e-14, 0, 0.9999833109787883, 3.628288814330979e-15]
('easy', 1731);[2.087872334247744e-14, 0, 0.9999545833252356, 1.463711509196798e-12]
('easy', 1733);[5.219482038302827e-13, 0.9692732163070723, 9.55981481997888e-15, 1.1646238630983627e-13]
('easy', 1734);[0.9999833109787883, 0, 4.420152226048166e-14, 4.420152226048166e-14]
('easy', 1735);[3.098765944422369e-12, 0, 3.978894233004715e-12, 0.9999828341569776]
('easy', 1736);[6.22397842253449e-11, 0, 1.4637394275445062e-12, 0.9999724634116024]
('easy', 1737);[0.9999935627400018, 0, 1.5428023751806278e-13, 4.193771661356955e-13]
('easy', 1738);[7.680853075603749e-15, 0, 0.9999545833252356, 5.981854389936609e-15]
('easy', 1739);[1.5427700062381816e-13, 0, 0.9999724634116024, 1.1399614123841512e-12]
('easy', 1740);[5.384827238397257e-13, 0, 1.2663875692665183e-14, 0.9999785427891018]
('easy', 1741);[1.626036608865265e-14, 0, 0.9999545833252356, 5.981854389936609e-15]
('easy', 1742);[2.940055308357014e-11, 1.6260986384224338e-14, 2.940055308357014e-11, 0.9999921322487634]
('easy', 1743);[2.6809680727573288e-14, 0.9999870063564401, 2.087940034452843e-14, 4.658832828687761e-15]
('easy', 1744);[2.6808044444456976e-14, 0.999925142169393, 1.266319938679698e-14, 2.8255417071675084e-15]
('easy', 1745);[1.3588824318758323e-13, 0.8807840927035053, 2.876754130855809e-13, 8.687061319357876e-15]
('easy', 1746);[8.877164840099417e-13, 0.9998763952461884, 2.6462455432380366e-09, 1.6916881780698968e-10]
('easy', 1747);[1.626095536888377e-14, 0, 0.9999898673126559, 2.8257249490748618e-15]
('easy', 1748);[7.287182006988985e-14, 0.999925142169393, 7.680618678146588e-15, 7.680618678146588e-15]
('easy', 1749);[3.442221043837736e-14, 0, 0.999925142169393, 1.201453197838599e-13]
('easy', 1750);[0.9999724634116024, 0, 3.0987363924283466e-12, 1.1399614123841512e-12]
('easy', 1751);[1.0261840485812384e-10, 0, 3.6283303370388294e-15, 0.9999952316511552]
('easy', 1752);[7.286820636836835e-14, 0.9998763952461884, 2.5433503092071054e-13, 4.1932757536315027e-13]
('easy', 1753);[1.879389009986991e-12, 0, 7.680618678146588e-15, 0.999925142169393]
('easy', 1754);[9.862711552397113e-15, 0.9999833109787883, 5.675587803874744e-14, 4.193723667723709e-13]
('easy', 1755);[1.1398505282814422e-12, 0, 1.1398505282814422e-12, 0.999876633606226]
('easy', 1756);[3.440573493830909e-14, 0.9994471746722718, 4.19147658099515e-13, 2.6795213312102313e-14]
('easy', 1757);[2.6808044444456976e-14, 0.999925142169393, 4.910055248382009e-16, 8.095312528320218e-16]
('easy', 1758);[3.26572644056255e-13, 0, 1.2662619724799594e-14, 0.999876633606226]
('easy', 1759);[0.9999833109787883, 4.030664787814612e-17, 1.7832166796088387e-11, 4.847285496385782e-11]
('easy', 1760);[1.2013936179729542e-13, 0, 5.98139802807396e-15, 0.999876633606226]
('easy', 1761);[1.20148757218204e-13, 0.9999545833252356, 1.20148757218204e-13, 1.9809181167383847e-13]
('easy', 1762);[3.442319527980583e-14, 0.9999545833252356, 1.20148757218204e-13, 8.877859073021082e-13]
('easy', 1763);[1.7406730053099102e-11, 6.74932168749546e-13, 0.048598422870374594, 0.5920500636959154]
('easy', 1764);[5.384272646843293e-13, 0, 3.442050344664701e-14, 0.999876633606226]
('easy', 1765);[5.380022675423142e-13, 0, 0.9990875709164005, 1.4624417875300342e-12]
('easy', 1766);[0.9975274099865513, 0, 9.334484595250058e-14, 2.2840730723023358e-11]
('easy', 1767);[1.266319938679698e-14, 0, 0.999925142169393, 2.20053409414297e-15]
('easy', 1768);[2.0879121576319505e-14, 0.9999724634116024, 5.981968485842631e-15, 1.201510488957372e-13]
('easy', 1769);[6.914149536220301e-13, 0, 4.4200679191391295e-14, 0.9999645960934689]
('easy', 1770);[0.9999724634116024, 0, 1.713862665860402e-15, 5.981968485842631e-15]
('easy', 1771);[0.9999724634116024, 0, 2.8256818322628714e-15, 4.658761741082707e-15]
('easy', 1772);[0.999876633606226, 0, 4.658317468125757e-15, 3.0984349781868876e-12]
('easy', 1773);[2.8256818322628714e-15, 0, 0.9999724634116024, 1.4637394275445062e-12]
('easy', 1774);[0.9999545833252356, 1.3347321280111435e-15, 1.3887308139896881e-11, 5.981854389936609e-15]
('easy', 1775);[1.626036608865265e-14, 0, 0.9999545833252356, 2.5435492102693003e-13]
('easy', 1776);[3.265888395428674e-13, 0, 2.543476439783665e-13, 0.999925142169393]
('easy', 1777);[4.658850600758511e-15, 0.9999921322487634, 2.978303545880763e-16, 2.978303545880763e-16]
('easy', 1778);[0.9997965511486372, 0, 1.201297379815822e-13, 2.412870287801929e-12]
('easy', 1779);[4.1934837077959627e-13, 0, 9.862109598626822e-15, 0.999925142169393]
('easy', 1780);[9.349095393578246e-14, 0.9990889988442552, 9.85387404838045e-15, 4.416199962311456e-14]
('easy', 1781);[0.9959299004209012, 4.890446345539824e-16, 1.3831425377687906e-11, 3.211065561159156e-08]
('easy', 1782);[4.658850600758511e-15, 0, 0.9999938011552557, 3.442457410514314e-14]
('easy', 1783);[3.266075276408309e-13, 0, 3.4424180149411245e-14, 0.9999833109787883]
('easy', 1784);[5.675263053426874e-14, 0.999925142169393, 7.287182006988985e-14, 3.774853735312682e-11]
('easy', 1785);[0.9984987894978749, 1.0379767692431763e-15, 2.0848320724044862e-14, 3.5763686398974866e-10]
('easy', 1786);[0.9997965511486372, 2.8251860362093995e-15, 6.912989116566801e-13, 2.412870287801929e-12]
('easy', 1787);[1.9809181167383847e-13, 0.999954464125005, 1.0394904264856412e-15, 1.20148757218204e-13]
('easy', 1788);[1.626083130811306e-14, 0, 0.9999833109787883, 2.543621982836946e-13]
('easy', 1789);[7.287390497921029e-14, 0, 1.20148757218204e-13, 0.9999545833252356]
('easy', 1790);[4.0307109153763896e-17, 2.2603250957489616e-06, 5.175535262663997e-17, 1.039534046154975e-15]
('easy', 1791);[1.542619940923716e-13, 0, 4.1932757536315027e-13, 0.999876633606226]
('easy', 1792);[2.680978299858412e-14, 0, 1.40684561228369e-16, 0.9999898673126559]
('easy', 1793);[2.680671503796068e-14, 0.999876633606226, 7.680267095372901e-15, 1.0394111226851284e-15]
('easy', 1794);[1.542293378636202e-13, 0, 0.9996646575567589, 1.542293378636202e-13]
('easy', 1795);[5.383132832462897e-13, 0, 1.2659914986300087e-14, 0.9996646575567589]
('easy', 1796);[1.1399396695530941e-12, 0, 3.0986772892857843e-12, 0.9999545833252356]
('easy', 1797);[8.877859073021082e-13, 0, 3.824071571986019e-16, 0.9999545833252356]
('easy', 1798);[0.9997965511486372, 0, 2.2002570973222784e-15, 1.039327860206076e-15]
('easy', 1799);[2.54353950741759e-13, 0.9999510073827051, 1.9809105601498745e-13, 2.413243093571958e-12]
('easy', 1800);[2.0878603873805978e-14, 5.043212091739838e-07, 0.9999479082542545, 1.626027304635776e-14]
('easy', 1801);[3.442319527980583e-14, 0, 0.9999545833252356, 1.20148757218204e-13]
('easy', 1802);[0.9999724634116024, 3.824144511058464e-16, 7.287529495189636e-14, 1.2663827383905348e-14]
('easy', 1803);[0.9999545833252356, 1.806363505893949e-16, 3.2659818345818147e-13, 7.287390497921029e-14]
('easy', 1804);[1.1382797428305117e-12, 0, 3.6228949065369155e-15, 0.9984987894978749]
('easy', 1805);[4.193603686043509e-13, 0, 0.9999545833252356, 6.914083598066395e-13]
('easy', 1806);[5.9821282237671354e-15, 0, 0.9999991655356624, 1.4068617124461467e-16]
('easy', 1807);[2.8256818322628714e-15, 0, 0.9999724634116024, 4.910298749285984e-16]
('easy', 1808);[2.413362771833214e-12, 0, 0.9999996423722521, 5.905303998944039e-10]
('easy', 1809);[3.44244427860649e-14, 0.9999898673126559, 7.681116781293558e-15, 1.626095536888377e-14]
('easy', 1810);[7.681116781293558e-15, 0.9999870063564401, 3.824202863318094e-16, 2.6809680727573288e-14]
('easy', 1811);[5.6756311053384784e-14, 0, 1.0395261151698625e-15, 0.9999898673126559]
('easy', 1812);[0.9997965511486372, 0, 6.558861457760731e-12, 3.978150566939381e-12]
('easy', 1813);[1.2008781463822596e-13, 0.9994470555870668, 1.2008781463822596e-13, 1.8784894781623924e-12]
('easy', 1814);[0.9970006573944592, 2.165923557284887e-10, 3.571004239606081e-10, 2.406123729997527e-12]
('easy', 1815);[4.419680128068277e-14, 0, 0.999876633606226, 1.2013936179729542e-13]
('easy', 1816);[0.999876633606226, 2.680671503796068e-14, 8.422419497867314e-12, 3.442050344664701e-14]
('easy', 1817);[2.680671503796068e-14, 0, 0.999876633606226, 3.442050344664701e-14]
('easy', 1818);[0.999925142169393, 0, 3.628067367914352e-15, 1.3346913958406776e-15]
('easy', 1819);[6.914347354455075e-13, 0, 3.628316496083413e-15, 0.9999921322487634]
('easy', 1820);[6.913345133703065e-13, 0.9998482695971889, 1.879242045081081e-12, 8.314026404570684e-07]
('easy', 1821);[3.442463976487011e-14, 0, 0.9999963045256735, 6.91437373064733e-13]
('easy', 1822);[5.383132832462897e-13, 0, 7.285278065816753e-14, 0.9996646575567589]
('easy', 1823);[3.258055256856709e-13, 0.9975271728542766, 5.661651099634432e-14, 3.091156761731568e-12]
('easy', 1824);[3.258055256856709e-13, 0, 9.334484595250058e-14, 0.9975274099865513]
('easy', 1825);[1.5426964429855265e-13, 0, 7.680618678146588e-15, 0.999925142169393]
('easy', 1826);[1.9808614430271875e-13, 0, 1.9808614430271875e-13, 0.999925142169393]
('easy', 1827);[2.413183256666908e-12, 0, 7.287182006988985e-14, 0.999925142169393]
('easy', 1828);[3.44244427860649e-14, 0, 0.9999898673126559, 2.087947999327175e-14]
('easy', 1829);[2.680671503796068e-14, 0.999876633606226, 2.2004333639918156e-15, 5.6749816180694e-14]
('easy', 1830);[3.2069993446748403e-13, 0, 0.9818947883508539, 3.706787247334011e-11]
('easy', 1831);[1.9810012411145482e-13, 0, 1.2664117239228628e-14, 0.9999952316511552]
('easy', 1832);[3.265035108194458e-13, 0, 4.657322450438044e-15, 0.9996646575567589]
('easy', 1833);[8.876436800481767e-13, 1.5424934266083686e-13, 6.222862620670889e-11, 0.9997936912938082]
('easy', 1834);[1.2008781463822596e-13, 0.9994471746722718, 6.910576594728152e-13, 2.5422590558410414e-13]
('easy', 1835);[1.0805281222439842e-11, 0.9990141583786059, 1.877676328114418e-12, 2.1702987495874184e-10]
('easy', 1836);[1.201531114428897e-13, 0.9999898673126559, 7.287654594998146e-14, 7.287654594998146e-14]
('easy', 1837);[2.08796392916699e-14, 0, 0.999998927117538, 6.914386918781189e-13]
('easy', 1838);[5.675263053426874e-14, 0.999925142169393, 9.862109598626822e-15, 1.266319938679698e-14]
('easy', 1839);[4.4201100723926446e-14, 0.9999724634116024, 7.680999577647024e-15, 5.981968485842631e-15]
('easy', 1840);[0.9999833109787883, 4.910354943517166e-16, 3.266075276408309e-13, 3.266075276408309e-13]
('easy', 1841);[2.6809322782107666e-14, 0, 0.9999724634116024, 1.6260676233480695e-14]
('easy', 1842);[3.2659818345818147e-13, 0.9999545833252356, 9.862410570919425e-15, 9.862410570919425e-15]
('easy', 1843);[1.7138299768360243e-15, 0, 0.9999545833252356, 1.626036608865265e-14]
('easy', 1844);[0.9999952316511552, 1.2664117239228628e-14, 9.357587272409509e-14, 4.420211241841274e-14]
('easy', 1845);[1.2662619724799594e-14, 0, 0.999876633606226, 1.2013936179729542e-13]
('easy', 1846);[2.5433503092071054e-13, 0, 1.334630299915645e-15, 0.999876633606226]
('easy', 1847);[3.4424180149411245e-14, 5.3156940037059986e-08, 2.2006684081841367e-15, 0.9999833109787883]
('easy', 1848);[5.980120400072883e-15, 0.9996646575567589, 2.1999633509167543e-15, 8.093212881329092e-16]
('easy', 1849);[6.897276721817829e-13, 0.9975226652614838, 8.402603200884636e-12, 1.3143882874033958e-10]
('easy', 1850);[0.9999545833252356, 0, 9.357194620659337e-14, 6.914083598066395e-13]
('easy', 1851);[5.5092634615996245e-14, 0.02931193931755855, 7.455991531168755e-15, 2.026744763519516e-14]
('easy', 1852);[0.9705656907136487, 3.341148442449684e-14, 5.963364305784555e-06, 2.7073606243657564e-10]
('easy', 1853);[5.981854389936609e-15, 0.9999545833252356, 7.680853075603749e-15, 2.2006012501388187e-15]
('easy', 1854);[1.201510488957372e-13, 0, 9.862598683266585e-15, 0.9999724634116024]
('easy', 1855);[0.999876633606226, 8.094941962803061e-16, 1.4635970495383212e-12, 1.2013936179729542e-13]
('easy', 1856);[0.9999545833252356, 0, 3.2659818345818147e-13, 9.357194620659337e-14]
('easy', 1857);[0.9999545833252356, 0, 5.981854389936609e-15, 1.3347321280111435e-15]
('easy', 1858);[0.9999977350285647, 0, 6.305092708081201e-16, 4.658868372897056e-15]
('easy', 1859);[3.0987068407161526e-12, 0, 1.201499030515068e-13, 0.9999645960934689]
('easy', 1860);[4.1937556634181793e-13, 0.9999897481064004, 4.42018594926203e-14, 1.8795108920409615e-12]
('easy', 1861);[1.1399396695530941e-12, 0, 5.6754254263280127e-14, 0.9999545833252356]
('easy', 1862);[0.9999971389852362, 3.1391208172295917e-17, 1.7139018935126759e-15, 1.2664117239228628e-14]
('easy', 1863);[5.6756527561942324e-14, 0, 3.824217451522125e-16, 0.9999938011552557]
('easy', 1864);[9.357462335974518e-14, 0, 0.9999833109787883, 2.413321344071142e-12]
('easy', 1865);[7.286236922907485e-14, 0.9997964319781567, 1.2661605380151385e-14, 2.8251860362093995e-15]
('easy', 1866);[1.8794786283751106e-12, 0, 4.658761741082707e-15, 0.9999724634116024]
('easy', 1867);[0.9997965511486372, 1.542496368683903e-13, 2.2002570973222784e-15, 1.806081008059228e-16]
('easy', 1868);[1.855371898888086e-07, 0.9999893904859, 9.862749175727664e-15, 6.914320978363437e-13]
('easy', 1869);[1.542619940923716e-13, 0, 2.2004333639918156e-15, 0.999876633606226]
('easy', 1870);[1.1397592200602173e-12, 0, 1.2661605380151385e-14, 0.9997965511486372]
('easy', 1871);[0.9997965511486372, 4.657944311583419e-15, 8.876453730957509e-13, 3.978150566939381e-12]
('easy', 1872);[6.553734348226968e-12, 2.8229667990264324e-15, 0.9990142773540805, 3.7714137218137585e-11]
('easy', 1873);[1.6259094556702862e-14, 0.999876633606226, 3.6279012919715435e-15, 1.0394111226851284e-15]
('easy', 1874);[0.999954464125005, 0, 1.626036608865265e-14, 5.981854389936609e-15]
('easy', 1875);[2.5435492102693003e-13, 0, 1.2663585842870401e-14, 0.9999545833252356]
('easy', 1876);[9.903855406846045e-09, 3.995500437710401e-06, 0.18631038793619967, 1.7210320094106498e-09]
('easy', 1877);[0.999876633606226, 3.823779829607865e-16, 7.680267095372901e-15, 4.419680128068277e-14]
('easy', 1878);[1.201297379815822e-13, 0, 5.314700486157463e-08, 0.9997965511486372]
('easy', 1879);[7.287598994818132e-14, 0, 0.9999833109787883, 4.420152226048166e-14]
('easy', 1880);[2.6809322782107666e-14, 0, 0.9999724634116024, 6.914215475003047e-13]
('easy', 1881);[8.095899291748804e-16, 0, 0.9999977350285647, 2.825746507727575e-15]
('easy', 1882);[0.9999898673126559, 6.645468121132688e-17, 1.2664020620050393e-14, 9.862749175727664e-15]
('easy', 1883);[1.5427405805161866e-13, 0, 0.9999545833252356, 8.877859073021082e-13]
('easy', 1884);[1.9808916688047124e-13, 0, 0.9999415908602124, 8.422965708248638e-12]
('easy', 1885);[0.9999870063564401, 0, 2.8257249490748618e-15, 2.087940034452843e-14]
('easy', 1886);[2.2006851980157036e-15, 0, 0.9999938011552557, 9.862786799201738e-15]
('easy', 1887);[6.914215475003047e-13, 0, 7.680999577647024e-15, 0.9999724634116024]
('easy', 1888);[2.6808044444456976e-14, 0.999925142169393, 3.823954872363769e-16, 1.3346913958406776e-15]
('easy', 1889);[0.9994471746722718, 0, 5.672546702686076e-14, 7.676957146809334e-15]
('easy', 1890);[1.1399853299773111e-12, 0, 1.2664068929547367e-14, 0.9999938011552557]
('easy', 1891);[0.9984980763623067, 5.035902020806884e-07, 9.343569112385443e-14, 3.972986684009953e-12]
('easy', 1892);[1.6259900882502087e-14, 0, 0.999925142169393, 3.978666565364138e-12]
('easy', 1893);[1.9806045425386765e-13, 0, 7.679651864244248e-15, 0.9997965511486372]
('easy', 1894);[0.9998763952461884, 1.6259094556702862e-14, 1.879295811396392e-12, 7.1932411738246895e-09]
('easy', 1895);[9.862598683266585e-15, 0.9999724634116024, 1.9809559001133307e-13, 4.193683673448897e-13]
('easy', 1896);[0.9999724634116024, 1.8063979598721599e-16, 2.4132983289550563e-12, 7.287529495189636e-14]
('easy', 1897);[7.680999577647024e-15, 0.9999724634116024, 3.824144511058464e-16, 2.0879121576319505e-14]
('easy', 1898);[4.419326087673625e-14, 0.9997965511486372, 1.542496368683903e-13, 2.2002570973222784e-15]
('easy', 1899);[7.286820636836835e-14, 0.999876633606226, 9.86165815740934e-15, 7.680267095372901e-15]
('easy', 1900);[1.9809936842089442e-13, 0.9999921322487634, 2.2006851980157036e-15, 2.0879519817757347e-14]
('easy', 1901);[6.305092708081201e-16, 0, 0.9999963045256735, 1.8064393055134704e-16]
('easy', 1902);[6.91430779035535e-13, 0.9999867679437158, 9.862749175727664e-15, 0]
('easy', 1903);[0.999876633606226, 0, 1.7136992269732716e-15, 1.6259094556702862e-14]
('easy', 1904);[4.419899310145061e-14, 0.999925142169393, 9.356926913003444e-14, 5.675263053426874e-14]
('easy', 1905);[0.9994471746722718, 8.091453302683664e-16, 6.910576594728152e-13, 9.35244840775841e-14]
('easy', 1906);[0.9999898673126559, 2.8257249490748618e-15, 3.2661001946802167e-13, 1.201531114428897e-13]
('easy', 1907);[0.9999977350285647, 1.1399896786845267e-12, 1.6052249934589952e-09, 9.862824422819333e-15]
('easy', 1908);[1.626083130811306e-14, 0, 0.9999833109787883, 1.980974792071053e-13]
('easy', 1909);[2.5422590558410414e-13, 0.9994466983897122, 4.4177838140610315e-14, 1.604340399137769e-09]
('easy', 1910);[1.5427405805161866e-13, 0, 1.3347321280111435e-15, 0.9999545833252356]
('easy', 1911);[3.978894233004715e-12, 0, 1.5427847193096495e-13, 0.9999833109787883]
('easy', 1912);[3.442319527980583e-14, 0, 0.9999545833252356, 1.7138299768360243e-15]
('easy', 1913);[3.264979060633272e-13, 0.9996479797235078, 4.361922835462655e-09, 1.6046617351429545e-09]
('easy', 1914);[0.9999545833252356, 3.138989097241629e-17, 5.981854389936609e-15, 4.910205093663095e-16]
('easy', 1915);[9.862711552397113e-15, 0, 0.9999833109787883, 3.628288814330979e-15]
('easy', 1916);[2.6795213312102313e-14, 0.9994471746722718, 3.626337782978822e-15, 1.2008781463822596e-13]
('easy', 1917);[9.862711552397113e-15, 0, 0.9999833109787883, 2.680957845695259e-14]
('easy', 1918);[2.6809322782107666e-14, 0, 0.9999724634116024, 5.981968485842631e-15]
('easy', 1919);[9.356926913003444e-14, 0, 0.999925142169393, 2.8255417071675084e-15]
('easy', 1920);[9.862824422819333e-15, 0, 0.9999963045256735, 8.095899291748804e-16]
('easy', 1921);[3.265888395428674e-13, 0, 5.675263053426874e-14, 0.999925142169393]
('easy', 1922);[3.0883456898911855e-12, 0.9966209062692237, 4.4052885312457547e-14, 2.1650974805893775e-10]
('easy', 1923);[5.675641930756031e-14, 0.9999927282861518, 2.543646240822174e-13, 9.862786799201738e-15]
('easy', 1924);[1.20148757218204e-13, 0, 0.9999545833252356, 5.6754254263280127e-14]
('easy', 1925);[0.9984987894978749, 0, 1.5404941139846596e-13, 5.101415882430728e-12]
('easy', 1926);[9.357462335974518e-14, 0.9999833109787883, 1.980974792071053e-13, 7.287598994818132e-14]
('easy', 1927);[1.542796489867851e-13, 0.9999898673126559, 9.862749175727664e-15, 1.201531114428897e-13]
('easy', 1928);[9.334484595250058e-14, 0.9975274099865513, 9.838474380240242e-15, 2.6743746127566917e-14]
('easy', 1929);[1.9807632124353936e-13, 0, 2.4130635873077793e-12, 0.999876633606226]
('easy', 1930);[1.980974792071053e-13, 0, 0.9999833109787883, 2.319487437404004e-16]
('easy', 1931);[7.287182006988985e-14, 0.9999250229763097, 7.287182006988985e-14, 5.675263053426874e-14]
('easy', 1932);[0.9999833109787883, 7.681087480214263e-15, 3.4424180149411245e-14, 1.2663972310737704e-14]
('easy', 1933);[0.999925142169393, 0, 9.356926913003444e-14, 2.543476439783665e-13]
('easy', 1934);[0.9984973632272478, 4.592148233073342e-10, 3.3931640908784188e-09, 3.2193444543672066e-08]
('easy', 1935);[0.999876633606226, 0, 2.5433503092071054e-13, 1.542619940923716e-13]
('easy', 1936);[0.999925142169393, 0, 5.981671841013421e-15, 9.356926913003444e-14]
('easy', 1937);[2.6785606765636743e-14, 0.9990889988442552, 3.439339988848071e-14, 4.1899738642947575e-13]
('easy', 1938);[6.865841127327763e-13, 0, 0.9929762794068459, 0.006690620847221798]
('easy', 1939);[0.999876633606226, 0, 2.0877090663135784e-14, 1.334630299915645e-15]
('easy', 1940);[0.9994471746722718, 0, 9.857408099325792e-15, 1.6252118407330153e-14]
('easy', 1942);[2.5435831705417703e-13, 0.99996769532457, 5.675501201938361e-14, 5.108923368911548e-12]
('easy', 1943);[2.2004333639918156e-15, 0, 0.999876633606226, 1.334630299915645e-15]
('easy', 1944);[7.681116781293558e-15, 0, 0.9999898673126559, 1.9809899057669524e-13]
('easy', 1945);[0.999925142169393, 1.9038350266600142e-17, 3.823954872363769e-16, 3.628067367914352e-15]
('easy', 1946);[4.4201100723926446e-14, 0, 0.9999724634116024, 5.981968485842631e-15]
('easy', 1947);[1.9806045425386765e-13, 0.9997951212202002, 7.286236922907485e-14, 9.860830568847856e-15]
('easy', 1948);[0.9999724634116024, 0, 5.6755336775096484e-14, 2.6809322782107666e-14]
('easy', 1949);[9.357194620659337e-14, 0.999954464125005, 2.413252299381347e-12, 1.20148757218204e-13]
('easy', 1950);[3.26572644056255e-13, 0, 1.0394111226851284e-15, 0.999876633606226]
('easy', 1951);[5.981854389936609e-15, 0.9999545833252356, 4.910205093663095e-16, 3.628178089433163e-15]
('easy', 1952);[0.9999545833252356, 0, 3.442319527980583e-14, 7.680853075603749e-15]
('easy', 1953);[0.999876633606226, 0, 2.9779627255912484e-16, 1.4066899868787743e-16]
('easy', 1954);[2.6809885269985083e-14, 0, 6.305068656107163e-16, 0.9999938011552557]
('easy', 1955);[5.670512996783356e-14, 0.9990888798598818, 5.9766767272893924e-15, 4.65464051537762e-15]
('easy', 1956);[5.675587803874744e-14, 0, 2.319487437404004e-16, 0.9999833109787883]
('easy', 1957);[4.419680128068277e-14, 0, 0.999876633606226, 3.26572644056255e-13]
('easy', 1958);[1.4635970495383212e-12, 0, 1.2013936179729542e-13, 0.999876633606226]
('easy', 1959);[0.9999985694905718, 0, 8.095930175212601e-16, 2.3195228302435696e-16]
('easy', 1960);[2.6808044444456976e-14, 0.999925142169393, 5.981671841013421e-15, 3.628067367914352e-15]
('easy', 1961);[1.4635468017839203e-12, 0, 1.2013523721044459e-13, 0.9998415959451853]
('easy', 1962);[1.879295811396392e-12, 0.9998763952461884, 2.0877090663135784e-14, 3.26572644056255e-13]
('easy', 1963);[0.9997965511486372, 0, 7.679651864244248e-15, 3.0981867767083427e-12]
('easy', 1964);[5.384272646843293e-13, 0.9998765144262002, 9.356462904543251e-14, 3.442050344664701e-14]
('easy', 1965);[0.9994471746722718, 6.6418693321613e-17, 1.5419580622996835e-13, 7.676957146809334e-15]
('easy', 1966);[2.543597725083059e-13, 0, 7.287529495189636e-14, 0.9999724634116024]
('easy', 1967);[1.2008781463822596e-13, 0.9994471746722718, 9.857408099325792e-15, 1.4629690765842658e-12]
('easy', 1968);[3.265938229311003e-13, 2.4132200792021233e-12, 5.675349651729371e-14, 0.9999415908602124]
('easy', 1969);[5.982059764134332e-15, 0, 0.9999898673126559, 6.305044604224876e-16]
('easy', 1970);[8.820354798204343e-13, 0, 0.9934773722735678, 1.132555974509805e-12]
('easy', 1971);[2.825746507727575e-15, 0, 0.9999963045256735, 4.658868372897056e-15]
('easy', 1972);[0.9997965511486372, 1.7135619503530068e-15, 1.542496368683903e-13, 8.876453730957509e-13]
('easy', 1973);[0.9984987894978749, 0, 1.461580121095163e-12, 8.864931550707199e-13]
('easy', 1974);[1.542619940923716e-13, 0, 7.680267095372901e-15, 0.999876633606226]
('easy', 1975);[3.098700930407533e-12, 0, 0.9999623312833917, 3.5816113000488543e-10]
('easy', 1976);[3.6283303370388294e-15, 0, 0.9999963045256735, 4.658868372897056e-15]
('easy', 1977);[9.357462335974518e-14, 0, 0.9999833109787883, 4.658815056684806e-15]
('easy', 1978);[9.356462904543251e-14, 0, 1.334630299915645e-15, 0.999876633606226]
('easy', 1979);[0.9999545833252356, 0, 2.6808811439732672e-14, 1.5427405805161866e-13]
('easy', 1980);[4.419680128068277e-14, 0.999876633606226, 4.658317468125757e-15, 3.442050344664701e-14]
('easy', 1981);[3.628178089433163e-15, 0.9999545833252356, 4.658672883101751e-15, 7.287390497921029e-14]
('easy', 1982);[2.680456767441935e-14, 0.9997965511486372, 9.860868185003011e-15, 1.542496368683903e-13]
('easy', 1983);[2.5433503092071054e-13, 0, 0.999876633606226, 1.2013936179729542e-13]
('easy', 1984);[1.1399679353143377e-12, 0, 5.384827238397257e-13, 0.9999785427891018]
('easy', 1985);[6.912079378288633e-13, 0, 2.2889663258638508e-11, 0.9996646575567589]
('easy', 1986);[1.201297379815822e-13, 0, 1.039327860206076e-15, 0.9997965511486372]
('easy', 1987);[1.463711509196798e-12, 0, 1.9809181167383847e-13, 0.9999545833252356]
('easy', 1988);[8.87811307424006e-13, 0, 9.862711552397113e-15, 0.9999833109787883]
('easy', 1989);[1.0259844243445801e-10, 0, 0.9998017942419198, 1.9551802324402222e-08]
('easy', 1990);[1.4430155770916576e-12, 0.006642379059408709, 8.303981301449606e-12, 0.9858163435632881]
('easy', 1991);[2.543597725083059e-13, 0, 2.8256818322628714e-15, 0.9999724634116024]
('easy', 1992);[6.560175143023867e-12, 0.9999966621509202, 9.862824422819333e-15, 8.095899291748804e-16]
('easy', 1993);[6.910682042563212e-13, 0.9994613450985165, 9.352591115884655e-14, 9.857558512584242e-15]
('easy', 1994);[0.9996623940988085, 8.093182008230929e-16, 2.2595664469680934e-06, 1.0812290704058174e-11]
('easy', 1995);[0.9999938011552557, 0, 5.982082583924882e-15, 5.982082583924882e-15]
('easy', 1996);[3.4423851856411955e-14, 0, 0.9999724634116024, 2.2006432236769663e-15]
('easy', 1997);[2.2897086418597283e-11, 0.9999876023871354, 7.287640694913374e-14, 5.384878592356487e-13]
('easy', 1998);[1.6260676233480695e-14, 0.9999724634116024, 1.3347575862489266e-15, 2.8256818322628714e-15]
('easy', 1999);[0.999876633606226, 5.98139802807396e-15, 9.356462904543251e-14, 8.422419497867314e-12]
('easy', 2000);[1.2663827383905348e-14, 0.9999724634116024, 2.2006432236769663e-15, 4.4201100723926446e-14]
('easy', 2001);[1.6260676233480695e-14, 0.9999724634116024, 5.981968485842631e-15, 2.0879121576319505e-14]
('easy', 2002);[6.912079378288633e-13, 0, 4.657322450438044e-15, 0.9996646575567589]
('easy', 2003);[2.0879320696088945e-14, 0, 1.039522149699997e-15, 0.9999833109787883]
('easy', 2004);[0.9999724634116024, 4.4201100723926446e-14, 6.914215475003047e-13, 2.543597725083059e-13]
('easy', 2005);[0.9997965511486372, 6.64420071955184e-17, 2.1719966150819411e-10, 1.542496368683903e-13]
('easy', 2006);[5.38489913407731e-13, 0.9999920130413283, 3.0987954966982225e-12, 2.940055308357014e-11]
('easy', 2007);[0.9990888798598818, 1.200447610839275e-13, 6.55422187635323e-12, 2.541347612089391e-13]
('easy', 2008);[1.2664165549094176e-14, 0, 0.9999982118638471, 1.20154028141878e-13]
('easy', 2009);[7.287529495189636e-14, 0, 0.9999724634116024, 2.0879121576319505e-14]
('easy', 2010);[0.9999833109787883, 1.3347728614246754e-15, 3.098765944422369e-12, 3.978894233004715e-12]
('easy', 2011);[7.680618678146588e-15, 0.999925142169393, 2.319345871446136e-16, 2.20053409414297e-15]
('easy', 2012);[3.264947923515008e-13, 0.9996371394251146, 1.7132874301014062e-15, 1.9802910179769506e-13]
('easy', 2013);[0.9999545833252356, 0, 2.2006012501388187e-15, 2.6808811439732672e-14]
('easy', 2014);[0.9999898673126559, 0, 1.806425523527886e-16, 1.7138888175288235e-15]
('easy', 2015);[0.9997965511486372, 0, 3.627610677364163e-15, 8.531322597479543e-17]
('easy', 2016);[0.9999545833252356, 0, 1.7138299768360243e-15, 1.0394904264856412e-15]
('easy', 2017);[3.265938229311003e-13, 0.9999414716651684, 5.981785933437566e-15, 4.6586195691266916e-15]
('easy', 2018);[3.9787803975560205e-12, 0, 4.658672883101751e-15, 0.9999545833252356]
('easy', 2019);[3.978863876566614e-12, 0.999974847472739, 2.2006432236769663e-15, 2.0879161400121476e-14]
('easy', 2020);[0.00649666622786358, 0.9641908590851924, 0, 6.325281359994499e-12]
('easy', 2021);[0.999925142169393, 0, 2.6808044444456976e-14, 7.287182006988985e-14]
('easy', 2022);[0.9999898673126559, 3.139096867729756e-17, 7.681116781293558e-15, 4.91037367507047e-16]
('easy', 2023);[1.2663585842870401e-14, 0, 0.9999545833252356, 2.8256279371730614e-15]
('easy', 2024);[1.8791452695898686e-12, 0, 1.2661605380151385e-14, 0.9997965511486372]
('easy', 2025);[0.9999938011552557, 8.532982524005519e-17, 5.982082583924882e-15, 8.095868408402818e-16]
('easy', 2026);[2.402216807431749e-12, 0.9953814469227829, 4.399813557736781e-14, 0.0005505299847182483]
('easy', 2027);[0.9994471746722718, 0, 3.626337782978822e-15, 2.0868133110030614e-14]
('easy', 2028);[2.0879121576319505e-14, 0.9999724634116024, 1.0395102533811623e-15, 9.862598683266585e-15]
('easy', 2029);[7.286236922907485e-14, 0, 0.9997965511486372, 1.3345233887762855e-15]
('easy', 2030);[1.201531114428897e-13, 0, 0.9999898673126559, 3.628302655180796e-15]
('easy', 2031);[0.9999645960934689, 0, 9.357283858246688e-14, 5.675479551660739e-14]
('easy', 2032);[0.9999921322487634, 0, 1.039530080654855e-15, 2.8257357283806583e-15]
('easy', 2033);[8.877605079069033e-13, 0.9999247845974613, 2.413183256666908e-12, 7.991365420367365e-11]
('easy', 2034);[6.914281414414636e-13, 0, 1.4637533869180492e-12, 0.9999833109787883]
('easy', 2035);[3.265888395428674e-13, 0, 0.999925142169393, 7.287182006988985e-14]
('easy', 2036);[1.2664068929547367e-14, 0, 0.9999938011552557, 6.305068656107163e-16]
('easy', 2037);[1.8791345170651493e-12, 0.9997903548262453, 8.876402939627161e-13, 5.108017210968359e-12]
('easy', 2038);[4.658832828687761e-15, 0.9999898673126559, 1.7138888175288235e-15, 5.982059764134332e-15]
('easy', 2039);[5.381962463449207e-13, 0, 2.0868133110030614e-14, 0.9994471746722718]
('easy', 2040);[3.442221043837736e-14, 0.999925142169393, 2.543476439783665e-13, 1.266319938679698e-14]
('easy', 2041);[8.877588146397271e-13, 0.9999243078326592, 9.35690906609871e-14, 6.913872600199616e-13]
('easy', 2042);[9.343569112385443e-14, 0.9984987894978749, 3.2612260648972523e-13, 2.6769773704931383e-14]
('easy', 2043);[0.999925142169393, 0, 8.095312528320218e-16, 3.628067367914352e-15]
('easy', 2044);[0.9999724634116024, 0, 7.680999577647024e-15, 2.8256818322628714e-15]
('easy', 2045);[1.20148757218204e-13, 0.9999543449247886, 2.413252299381347e-12, 9.735754635329857e-10]
('easy', 2046);[1.4636696326736608e-12, 0, 7.287182006988985e-14, 0.999925142169393]
('easy', 2047);[3.442319527980583e-14, 0, 0.9999545833252356, 3.628178089433163e-15]
('easy', 2048);[3.442221043837736e-14, 0.999925142169393, 5.981671841013421e-15, 4.658530713857424e-15]
('easy', 2049);[5.3846629090188e-13, 0.9999483850412226, 1.879432026279976e-12, 6.22382409759023e-11]
('easy', 2050);[0.9999898673126559, 2.3194962855632653e-16, 2.8257249490748618e-15, 1.3347779531887718e-15]
('easy', 2052);[0.999925142169393, 0, 5.675263053426874e-14, 9.356926913003444e-14]
('easy', 2053);[5.980120400072883e-15, 0.9996645384165465, 3.441321685709587e-14, 2.824808858358645e-15]
('easy', 2054);[7.287182006988985e-14, 0.999925142169393, 4.910055248382009e-16, 2.6808044444456976e-14]
('easy', 2055);[2.4132292849237195e-12, 2.1723197739924281e-10, 0.9999449283417642, 4.847100590645314e-11]
('easy', 2056);[2.8256818322628714e-15, 0, 0.9999724634116024, 2.319460893128736e-16]
('easy', 2057);[0.9999833109787883, 0, 8.095806642064278e-16, 1.039522149699997e-15]
('easy', 2058);[0.9999938011552557, 8.993697412301217e-18, 4.910392406695229e-16, 3.824217451522125e-16]
('easy', 2059);[4.191988267081433e-13, 0.9995684103053505, 0, 0]
('easy', 2060);[7.287390497921029e-14, 0.9999541065280364, 7.680853075603749e-15, 1.0394904264856412e-15]
('easy', 2061);[5.381962463449207e-13, 0, 5.672546702686076e-14, 0.9994471746722718]
('easy', 2062);[2.5431465730268574e-13, 0.9997965511486372, 1.6257792114877495e-14, 1.7135619503530068e-15]
('easy', 2063);[0.9996646575567589, 0, 4.657322450438044e-15, 5.6737802625510175e-14]
('easy', 2064);[0.999876633606226, 0, 9.86165815740934e-15, 3.442050344664701e-14]
('easy', 2065);[1.5419580622996835e-13, 0, 0.9994471746722718, 3.2643252435044774e-13]
('easy', 2066);[6.912989116566801e-13, 0.9997954787021177, 2.412870287801929e-12, 5.980896070237793e-15]
('easy', 2067);[0.9999833109787883, 0, 5.982036944430832e-15, 1.626083130811306e-14]
('easy', 2068);[4.658815056684806e-15, 0, 0.9999833109787883, 1.8064186325745243e-16]
('easy', 2069);[4.19147658099515e-13, 0, 2.0868133110030614e-14, 0.9994471746722718]
('easy', 2070);[1.266319938679698e-14, 0, 0.999925142169393, 2.0878126005956116e-14]
('easy', 2071);[0.999925142169393, 0, 5.981671841013421e-15, 2.9398590450415344e-11]
('easy', 2072);[3.929404658669583e-12, 0.9875446308767581, 9.614936185778897e-10, 1.8561193329402343e-12]
('easy', 2073);[0.999876633606226, 0, 2.680671503796068e-14, 5.98139802807396e-15]
('easy', 2074);[0.9999724634116024, 5.17541680541835e-17, 4.658761741082707e-15, 2.8256818322628714e-15]
('easy', 2075);[2.8255417071675084e-15, 0.999925142169393, 1.8063083808956805e-16, 2.8255417071675084e-15]
('easy', 2076);[6.560137605507993e-12, 0, 3.44244427860649e-14, 0.9999898673126559]
('easy', 2077);[0.9999938011552557, 0, 7.681146082484628e-15, 9.862786799201738e-15]
('easy', 2078);[1.6260521160327228e-14, 0.9999645960934689, 2.5435734675605116e-13, 1.6918366099815088e-10]
('easy', 2079);[5.981968485842631e-15, 0, 0.9999724634116024, 8.095713993440037e-16]
('easy', 2080);[8.877605079069033e-13, 0.9999250229763097, 0, 5.384539665275966e-13]
('easy', 2081);[6.914215475003047e-13, 4.658761741082707e-15, 0.9999724634116024, 3.0987363924283466e-12]
('easy', 2082);[0.9994471746722718, 0, 1.0809960577881912e-11, 9.35244840775841e-14]
('easy', 2083);[1.8773289660610273e-12, 0.9988294252840438, 1.138657576282631e-12, 4.415054551194759e-14]
('easy', 2084);[6.305092708081201e-16, 0, 0.9999977350285647, 1.0956608237039165e-16]
('easy', 2085);[9.357462335974518e-14, 0, 4.658815056684806e-15, 0.9999833109787883]
('easy', 2086);[5.981968485842631e-15, 0, 0.9999724634116024, 1.2663827383905348e-14]
('easy', 2087);[3.44244427860649e-14, 0, 0.9999898673126559, 4.1937556634181793e-13]
('easy', 2088);[0.9999938011552557, 1.0956566440975402e-16, 5.6756527561942324e-14, 1.6261017399624065e-14]
('easy', 2089);[0.999925142169393, 1.1547343147041174e-17, 3.442221043837736e-14, 2.8255417071675084e-15]
('easy', 2090);[1.2664117239228628e-14, 0, 0.9999977350285647, 7.287710195602358e-14]
('easy', 2091);[1.4629662861948589e-12, 0, 0.999444912230328, 9.352430569395737e-14]
('easy', 2092);[1.4636919666702374e-12, 0, 2.6808453505873214e-14, 0.9999417100552707]
('easy', 2093);[3.4423851856411955e-14, 0, 1.2663827383905348e-14, 0.9999724634116024]
('easy', 2094);[1.1393614624530764e-12, 0, 1.7129606776201997e-15, 0.9994471746722718]
('easy', 2095);[1.20148757218204e-13, 0, 2.8256279371730614e-15, 0.9999545833252356]
('easy', 2096);[6.912989116566801e-13, 0, 5.980918885589195e-15, 0.9997965511486372]
('easy', 2097);[6.913885787377645e-13, 0, 1.0394587042393862e-15, 0.999925142169393]
('easy', 2098);[1.5426640762656031e-13, 0.9999039265409296, 1.625955973978393e-14, 1.9808198833361508e-13]
('easy', 2099);[1.0412651091017903e-10, 4.037422974823351e-12, 0.37328442208578877, 1.083391125601135e-06]
('easy', 2100);[5.36302562203425e-13, 0, 1.7069334960999923e-15, 0.9959299004209012]
('easy', 2101);[0.999925142169393, 8.095312528320218e-16, 6.913885787377645e-13, 2.413183256666908e-12]
('easy', 2102);[5.043284235983514e-07, 0.9999618544824983, 7.582271181703568e-10, 5.602582711891285e-09]
('easy', 2103);[0.9999963045256735, 0, 9.862824422819333e-15, 1.2664117239228628e-14]
('easy', 2104);[5.384539665275966e-13, 0, 0.999925142169393, 9.356926913003444e-14]
('easy', 2105);[1.9780335966141658e-13, 0.9984986705837912, 1.199738022288143e-13, 1.461580121095163e-12]
('easy', 2106);[2.6808811439732672e-14, 0.9999545833252356, 5.384693720395265e-13, 1.0815446454105586e-11]
('easy', 2107);[0.999876633606226, 0, 2.0877090663135784e-14, 7.680267095372901e-15]
('easy', 2108);[4.1934837077959627e-13, 0, 2.543476439783665e-13, 0.999925142169393]
('easy', 2109);[4.420025766287618e-14, 0, 9.862410570919425e-15, 0.9999545833252356]
('easy', 2110);[1.201297379815822e-13, 0.9997965511486372, 1.7135619503530068e-15, 7.679651864244248e-15]
('easy', 2111);[2.6808811439732672e-14, 0.9999545833252356, 1.3347321280111435e-15, 4.910205093663095e-16]
('easy', 2112);[4.193547695767485e-13, 0, 0.9999415908602124, 2.6808453505873214e-14]
('easy', 2113);[9.862711552397113e-15, 0, 0.9999833109787883, 2.543621982836946e-13]
('easy', 2114);[1.542619940923716e-13, 0.999876633606226, 4.658317468125757e-15, 2.8254123670931997e-15]
('easy', 2115);[0.9996646575567589, 0, 3.397127235008719e-09, 1.6913300590371168e-10]
('easy', 2116);[9.86165815740934e-15, 0.999876633606226, 3.823779829607865e-16, 0]
('easy', 2117);[0.9999833109787883, 0, 8.095806642064278e-16, 1.980974792071053e-13]
('easy', 2118);[4.420025766287618e-14, 0, 4.910205093663095e-16, 0.9999545833252356]
('easy', 2119);[1.879389009986991e-12, 0, 3.628067367914352e-15, 0.999925142169393]
('easy', 2120);[0.9999898673126559, 0, 9.862749175727664e-15, 1.3347779531887718e-15]
('easy', 2121);[7.286236922907485e-14, 0, 0.9997965511486372, 1.6257792114877495e-14]
('easy', 2122);[0.9996646575567589, 0, 6.303000529542677e-16, 3.822963069352598e-16]
('easy', 2123);[1.0809156491611273e-11, 1.1392767123836701e-12, 5.105883989980577e-12, 0.9993723995773706]
('easy', 2124);[0.999876633606226, 0, 2.9779627255912484e-16, 1.334630299915645e-15]
('easy', 2125);[1.626036608865265e-14, 0, 0.9999545833252356, 2.087872334247744e-14]
('easy', 2126);[5.6749816180694e-14, 0.999876276066191, 2.8254123670931997e-15, 5.98139802807396e-15]
('easy', 2127);[5.1090792832586454e-12, 0, 2.789462772385846e-10, 0.9999977350285647]
('easy', 2128);[4.4187445114498135e-14, 0, 0.9996646575567589, 5.6737802625510175e-14]
('easy', 2129);[4.420025766287618e-14, 0, 0.9999545833252356, 7.287390497921029e-14]
('easy', 2130);[1.266319938679698e-14, 0.999925142169393, 3.823954872363769e-16, 8.532396630708964e-17]
('easy', 2131);[1.201515072364891e-13, 0.9999771123402672, 1.9809634568747996e-13, 5.675555327993744e-14]
('easy', 2132);[3.4423851856411955e-14, 0, 0.9999724634116024, 9.357373096685079e-14]
('easy', 2133);[1.2662474813446264e-14, 0.9998665034129377, 2.0876891564633494e-14, 1.0955187260312889e-16]
('easy', 2134);[1.2664020620050393e-14, 0, 0.9999898673126559, 7.681116781293558e-15]
('easy', 2135);[7.286820636836835e-14, 0, 7.680267095372901e-15, 0.999876633606226]
('easy', 2136);[4.193547695767485e-13, 0, 3.44227356836328e-14, 0.9999417100552707]
('easy', 2137);[3.628288814330979e-15, 0.9999833109787883, 1.039522149699997e-15, 2.825714169810185e-15]
('easy', 2138);[0.9999833109787883, 0, 2.825714169810185e-15, 9.862711552397113e-15]
('easy', 2139);[0.9999898673126559, 0, 4.658832828687761e-15, 9.862749175727664e-15]
('easy', 2140);[5.667161137805728e-14, 0.9984986705837912, 1.623668850560994e-14, 9.848049390856128e-15]
('easy', 2141);[1.2664117239228628e-14, 0.9999963045256735, 5.982105403802484e-15, 4.910411138391444e-16]
('easy', 2142);[5.384539665275966e-13, 0, 7.680618678146588e-15, 0.999925142169393]
('easy', 2143);[4.658832828687761e-15, 0.9999898673126559, 1.3347779531887718e-15, 1.0395261151698625e-15]
('easy', 2144);[3.441774617728107e-14, 0, 0.9997965511486372, 6.912989116566801e-13]
('easy', 2145);[0.9994471746722718, 0, 5.672546702686076e-14, 2.6795213312102313e-14]
('easy', 2146);[3.9788562874932765e-12, 0, 1.8794786283751106e-12, 0.9999724634116024]
('easy', 2147);[0.999925142169393, 0, 1.7137776756938695e-15, 9.862109598626822e-15]
('easy', 2148);[1.201510488957372e-13, 0, 1.3347575862489266e-15, 0.9999724634116024]
('easy', 2149);[1.542619940923716e-13, 0, 1.542619940923716e-13, 0.999876633606226]
('easy', 2150);[3.9788562874932765e-12, 0, 0.9999724634116024, 1.1399614123841512e-12]
('easy', 2151);[9.862410570919425e-15, 0, 0.9999545833252356, 8.877859073021082e-13]
('easy', 2152);[7.287182006988985e-14, 0, 8.095312528320218e-16, 0.999925142169393]
('easy', 2153);[9.357194620659337e-14, 0, 0.9999545833252356, 1.20148757218204e-13]
('easy', 2154);[1.7712845000111712e-11, 0, 5.637610291790783e-14, 0.9932906821916945]
('easy', 2155);[5.6749816180694e-14, 0.999876633606226, 5.384272646843293e-13, 5.6749816180694e-14]
('easy', 2156);[1.2664117239228628e-14, 0, 0.9999952316511552, 2.5436559440810405e-13]
('easy', 2157);[5.981968485842631e-15, 0, 0.9999724634116024, 9.357373096685079e-14]
('easy', 2158);[9.357373096685079e-14, 0, 0.9999724634116024, 2.0879121576319505e-14]
('easy', 2159);[8.878028406359617e-13, 0, 5.981968485842631e-15, 0.9999724634116024]
('easy', 2160);[1.1399070560840825e-12, 0, 7.287182006988985e-14, 0.999925142169393]
('easy', 2161);[4.193603686043509e-13, 0, 3.442319527980583e-14, 0.9999545833252356]
('easy', 2162);[0.9999724634116024, 1.4068241456870264e-16, 2.6809322782107666e-14, 2.543597725083059e-13]
('easy', 2163);[5.383132832462897e-13, 0, 9.859551704947922e-15, 0.9996646575567589]
('easy', 2164);[4.193603686043509e-13, 0, 5.981854389936609e-15, 0.9999545833252356]
('easy', 2165);[1.2015379896647526e-13, 0, 0.9999963045256735, 2.5436559440810405e-13]
('easy', 2166);[1.201510488957372e-13, 0, 2.9782467397905466e-16, 0.9999724634116024]
('easy', 2167);[0.9984987894978749, 2.5072279820377655e-08, 0, 5.667161137805728e-14]
('easy', 2168);[0.999876633606226, 0, 2.680671503796068e-14, 9.356462904543251e-14]
('easy', 2169);[8.877605079069033e-13, 0, 4.658530713857424e-15, 0.999925142169393]
('easy', 2170);[0.006689166211869923, 1.5936081881861694e-09, 8.255086917101037e-07, 3.5558205024382907e-10]
('easy', 2171);[2.1256822006612585e-12, 0, 0.11920288406495688, 7.719521764271242e-08]
('easy', 2172);[1.1398505282814422e-12, 0, 1.2662619724799594e-14, 0.999876633606226]
('easy', 2173);[4.193723667723709e-13, 0, 7.681087480214263e-15, 0.9999833109787883]
('easy', 2174);[0.9999982118638471, 0, 2.2007019879753665e-15, 2.680998754177618e-14]
('easy', 2175);[1.5419580622996835e-13, 0, 1.388026413539288e-11, 0.9994471746722718]
('easy', 2176);[5.384888863207103e-13, 0, 0.9999898673126559, 4.91037367507047e-16]
('easy', 2177);[1.200447610839275e-13, 0.9990889988442552, 3.439339988848071e-14, 1.200447610839275e-13]
('easy', 2178);[0.9975274099865513, 2.195260364079229e-15, 3.091156761731568e-12, 1.0789197233720329e-11]
('easy', 2179);[1.9780335966141658e-13, 0, 2.0848320724044862e-14, 0.9984986705837912]
('easy', 2180);[5.384272646843293e-13, 0, 2.2004333639918156e-15, 0.999876633606226]
('easy', 2181);[2.9400777392844726e-11, 4.8473687062702556e-11, 1.5428112031918877e-13, 3.581747930283181e-10]
('easy', 2182);[1.648785421705005e-06, 0.0010966758279326038, 1.2182967976077312e-05, 0.7294448815462672]
('easy', 2183);[2.6808811439732672e-14, 0, 0.9999545833252356, 8.095559581422459e-16]
('easy', 2184);[4.658815056684806e-15, 0, 0.9999833109787883, 6.30502055243434e-16]
('easy', 2185);[4.4200173357655553e-14, 0.9999531529452337, 2.2006012501388187e-15, 1.62603350744952e-14]
('easy', 2186);[1.6260676233480695e-14, 0, 0.9999724634116024, 1.713862665860402e-15]
('easy', 2187);[1.20148757218204e-13, 0, 0.9999542257282243, 5.384693720395265e-13]
('easy', 2188);[2.061000305937768e-09, 9.356926913003444e-14, 0.9999246654044206, 3.265888395428674e-13]
('easy', 2189);[1.2664117239228628e-14, 0.9999963045256735, 1.7139018935126759e-15, 6.305092708081201e-16]
('easy', 2190);[1.9807632124353936e-13, 0, 5.98139802807396e-15, 0.999876633606226]
('easy', 2191);[1.4632872158665164e-12, 0.9996640619140268, 1.1396092295752188e-12, 1.542293378636202e-13]
('easy', 2192);[1.201510488957372e-13, 0.9999724634116024, 9.862598683266585e-15, 5.981968485842631e-15]
('easy', 2193);[3.2661126538874626e-13, 0, 0.9999938011552557, 1.2015356979150962e-13]
('easy', 2194);[1.8794176874062515e-12, 0.9999408756865238, 7.287293201410434e-14, 8.877740541605809e-13]
('easy', 2195);[1.201510488957372e-13, 0, 4.910298749285984e-16, 0.9999724634116024]
('easy', 2196);[0.999876633606226, 0, 3.26572644056255e-13, 2.0877090663135784e-14]
('easy', 2197);[1.9809181167383847e-13, 0, 1.3347321280111435e-15, 0.9999545833252356]
('easy', 2198);[3.266118883508909e-13, 0, 2.5436559440810405e-13, 0.9999963045256735]
('easy', 2199);[1.626036608865265e-14, 0.9999545833252356, 1.7138299768360243e-15, 3.2659818345818147e-13]
('easy', 2200);[7.287598994818132e-14, 0, 3.628288814330979e-15, 0.9999833109787883]
('easy', 2201);[1.9809181167383847e-13, 0, 1.806363505893949e-16, 0.9999545833252356]
('easy', 2202);[0.9999833109787883, 0, 6.30502055243434e-16, 5.982036944430832e-15]
('easy', 2203);[0.999088760817368, 2.0860651524120617e-14, 2.78692605851021e-10, 8.415787475848366e-12]
('easy', 2204);[1.2663972310737704e-14, 0.9999833109787883, 1.7138822795743077e-15, 4.420152226048166e-14]
('easy', 2205);[5.101415882430728e-12, 0, 2.4097382344820646e-12, 0.9984987894978749]
('easy', 2206);[0.9999898673126559, 0, 1.3347779531887718e-15, 4.030680163609884e-17]
('easy', 2207);[0.9997965511486372, 8.531322597479543e-17, 3.441774617728107e-14, 1.542496368683903e-13]
('easy', 2208);[0.9999724634116024, 0, 4.4201100723926446e-14, 1.6260676233480695e-14]
('easy', 2209);[6.90401563356517e-13, 0, 2.197396837731375e-15, 0.9984987894978749]
('easy', 2210);[1.9809823489045893e-13, 0.9999870063564401, 9.862749175727664e-15, 9.357498031928588e-14]
('easy', 2211);[3.927676254817348e-07, 0.9999519609634618, 7.287376598339982e-14, 4.4200173357655553e-14]
('easy', 2212);[0.9999531529452337, 0, 1.3708950229059337e-06, 1.9809143384405262e-13]
('easy', 2213);[2.0878126005956116e-14, 0, 0.999925142169393, 4.658530713857424e-15]
('easy', 2214);[2.0879320696088945e-14, 0.9999833109787883, 4.658815056684806e-15, 5.384847779922179e-13]
('easy', 2215);[1.980094618237767e-13, 0.999539110997188, 0.00012335297157356817, 9.353304689180096e-14]
('easy', 2216);[3.442457410514314e-14, 0, 0.9999938011552557, 2.0879559642318906e-14]
('easy', 2217);[7.287459996223938e-14, 0.9999645960934689, 1.5427552933070278e-13, 1.8794607043556182e-12]
('easy', 2218);[1.457821509393597e-12, 0, 1.5365325663969173e-13, 0.9959299004209012]
('easy', 2219);[7.287598994818132e-14, 0, 1.8064186325745243e-16, 0.9999833109787883]
('easy', 2220);[1.2663972310737704e-14, 0, 0.9999833109787883, 4.658815056684806e-15]
('easy', 2221);[7.287529495189636e-14, 0.9999724634116024, 7.680999577647024e-15, 8.095713993440037e-16]
('easy', 2222);[5.982082583924882e-15, 0.9999938011552557, 9.862786799201738e-15, 3.442457410514314e-14]
('easy', 2223);[0.9990889988442552, 3.2631549265614774e-13, 3.77169427487976e-11, 1.7816222226179733e-11]
('easy', 2224);[9.862410570919425e-15, 0, 0.9999545833252356, 1.0394904264856412e-15]
('easy', 2225);[2.680456767441935e-14, 0.9997965511486372, 1.9806045425386765e-13, 1.201297379815822e-13]
('easy', 2226);[1.626036608865265e-14, 0, 0.9999545833252356, 5.6754254263280127e-14]
('easy', 2227);[6.914083598066395e-13, 0, 0.9999541065280364, 5.384693720395265e-13]
('easy', 2228);[1.626083130811306e-14, 0, 0.9999833109787883, 7.681087480214263e-15]
('easy', 2229);[1.542619940923716e-13, 0, 0.999876633606226, 5.98139802807396e-15]
('easy', 2230);[0.9996646575567589, 0, 4.657322450438044e-15, 1.6255652615515353e-14]
('easy', 2231);[7.286236922907485e-14, 0, 2.2002570973222784e-15, 0.9997965511486372]
('easy', 2232);[2.541347612089391e-13, 0, 1.6246291742364833e-14, 0.9990889988442552]
('easy', 2233);[9.356462904543251e-14, 0.9998765144262002, 1.9807632124353936e-13, 1.9807632124353936e-13]
('easy', 2234);[3.441321685709587e-14, 0.9996646575567589, 2.1999633509167543e-15, 7.285278065816753e-14]
('easy', 2235);[5.380032937011822e-13, 0, 9.85387404838045e-15, 0.9990889988442552]
('easy', 2236);[5.380032937011822e-13, 0.9990888798598818, 5.104433129727628e-12, 5.59769062504007e-09]
('easy', 2237);[2.1684533103421615e-10, 9.71833350049886e-10, 0.9981644529009287, 2.408934031793114e-12]
('easy', 2238);[1.0696723857292578e-11, 4.371506554512049e-14, 2.3561124685543556e-07, 0.9889781962905332]
('easy', 2239);[4.420152226048166e-14, 0, 0.9999833109787883, 1.980974792071053e-13]
('easy', 2240);[0.9994471746722718, 0, 4.19147658099515e-13, 1.7822611940183757e-11]
('easy', 2241);[0.9999938011552557, 0, 1.7138953555082794e-15, 3.442457410514314e-14]
('easy', 2242);[9.357069689466778e-14, 0.9999415908602124, 4.419966752970859e-14, 1.0815302053280516e-11]
('easy', 2243);[1.626036608865265e-14, 0.999954464125005, 2.8256279371730614e-15, 2.2006012501388187e-15]
('easy', 2244);[3.442319527980583e-14, 0.9999545833252356, 2.087872334247744e-14, 2.6808811439732672e-14]
('easy', 2245);[0.9999870063564401, 0, 4.4201690876229367e-14, 3.266087735520499e-13]
('easy', 2246);[1.6259900882502087e-14, 0, 0.999925142169393, 8.095312528320218e-16]
('easy', 2247);[5.981854389936609e-15, 0, 0.9999545833252356, 8.877859073021082e-13]
('easy', 2248);[1.5426964429855265e-13, 0, 0.999925142169393, 2.0878126005956116e-14]
('easy', 2249);[3.0981867767083427e-12, 0, 2.0875418294728254e-14, 0.9997965511486372]
('easy', 2250);[0.9984980763623067, 6.90401563356517e-13, 1.1382797428305117e-12, 8.751085529856778e-08]
('challenge', 0);[0.9999723442092404, 6.825421115494573e-08, 4.4201100723926446e-14, 2.2006432236769663e-15]
('challenge', 1);[2.0879559642318906e-14, 0.9999938011552557, 1.2015356979150962e-13, 7.681146082484628e-15]
('challenge', 2);[1.9806045425386765e-13, 0.9997965511486372, 1.542496368683903e-13, 6.912989116566801e-13]
('challenge', 3);[2.5433503092071054e-13, 0, 2.8254123670931997e-15, 0.999876633606226]
('challenge', 4);[1.1177874788537248e-07, 0.9932780975642378, 1.308794579365372e-10, 1.2417497233076624e-09]
('challenge', 5);[5.6737802625510175e-14, 0.9996644193054423, 2.4125527579426955e-12, 7.989277495346198e-11]
('challenge', 6);[1.1399722839551978e-12, 0, 0.9999831917733143, 1.626083130811306e-14]
('challenge', 7);[1.8792886424654725e-12, 0, 4.4196632683587346e-14, 0.9998725815078646]
('challenge', 8);[7.287682395247227e-14, 0, 0.9999938011552557, 9.35756942424524e-14]
('challenge', 9);[5.981968485842631e-15, 0, 0.9999724634116024, 3.824144511058464e-16]
('challenge', 10);[1.1397592200602173e-12, 0, 1.2661605380151385e-14, 0.9997959553400235]
('challenge', 11);[4.1932757536315027e-13, 0.999876633606226, 3.7746665409394154e-11, 1.879295811396392e-12]
('challenge', 12);[5.675663581653081e-14, 0, 0.9999963045256735, 9.357587272409509e-14]
('challenge', 13);[4.42018594926203e-14, 0, 0.9999898673126559, 9.862749175727664e-15]
('challenge', 14);[0.9997965511486372, 0, 7.679651864244248e-15, 2.680456767441935e-14]
('challenge', 15);[3.265888395428674e-13, 0.999925142169393, 1.201453197838599e-13, 2.543476439783665e-13]
('challenge', 16);[1.2008781463822596e-13, 0.9994471746722718, 2.5422590558410414e-13, 3.2643252435044774e-13]
('challenge', 17);[1.9809559001133307e-13, 2.6809322782107666e-14, 9.862598683266585e-15, 0.9999724634116024]
('challenge', 18);[2.5435928735600426e-13, 5.98194566648733e-15, 0.9999710329823779, 2.061094653203967e-09]
('challenge', 19);[0.9990889988442552, 2.1986964944975866e-15, 3.09599519363272e-12, 9.349095393578246e-14]
('challenge', 20);[0.9999545833252356, 0, 8.095559581422459e-16, 8.095559581422459e-16]
('challenge', 21);[1.6261017399624065e-14, 0, 0.9999938011552557, 3.628316496083413e-15]
('challenge', 22);[9.356462904543251e-14, 0.999876633606226, 1.9807632124353936e-13, 5.384272646843293e-13]
('challenge', 23);[0.9999982118638471, 0, 2.680998754177618e-14, 3.442470542472232e-14]
('challenge', 24);[3.5817206038193513e-10, 0.9999921322487634, 4.1937636623799384e-13, 1.3887837908765238e-11]
('challenge', 25);[3.969123849029506e-12, 0, 2.6743746127566917e-14, 0.9975274099865513]
('challenge', 26);[9.862824422819333e-15, 0, 0.9999963045256735, 9.357587272409509e-14]
('challenge', 27);[0.999876633606226, 0, 4.419680128068277e-14, 8.422419497867314e-12]
('challenge', 28);[9.35571340102189e-14, 0.9997965511486372, 5.674527021204132e-14, 1.4634798074615157e-12]
('challenge', 29);[5.980918885589195e-15, 0, 0.9997965511486372, 1.7135619503530068e-15]
('challenge', 30);[1.6259900882502087e-14, 0.999925142169393, 2.0878126005956116e-14, 4.658530713857424e-15]
('challenge', 31);[1.879295811396392e-12, 0, 1.1398505282814422e-12, 0.9998765144262002]
('challenge', 32);[9.862824422819333e-15, 2.319513981983048e-16, 0.9999963045256735, 9.862824422819333e-15]
('challenge', 33);[0.9996646575567589, 1.0391891042291184e-15, 1.2659914986300087e-14, 9.859551704947922e-15]
('challenge', 34);[0.999876633606226, 0, 7.680267095372901e-15, 2.5433503092071054e-13]
('challenge', 35);[1.3885109815039699e-11, 0, 2.0875418294728254e-14, 0.9997965511486372]
('challenge', 36);[2.939634760152224e-11, 0.9998491038195524, 2.939634760152224e-11, 6.559211748106568e-12]
('challenge', 37);[9.73490047680002e-10, 5.108406936620772e-12, 4.3628797067703456e-09, 0.9998665034129377]
('challenge', 38);[0.9999938011552557, 0, 8.42341555516032e-12, 2.5436510924469806e-13]
('challenge', 39);[0.999925142169393, 6.30463573626354e-16, 1.266319938679698e-14, 6.30463573626354e-16]
('challenge', 40);[2.5431465730268574e-13, 0, 0.9997965511486372, 6.912989116566801e-13]
('challenge', 41);[0.9487865460509798, 0, 9.118945462404224e-05, 3.3983114624642045e-10]
('challenge', 42);[5.27938249720451e-05, 0.2594695387263351, 4.111587222956341e-05, 4.3335810501806755e-06]
('challenge', 43);[1.5427405805161866e-13, 0, 0.9999545833252356, 7.287390497921029e-14]
('challenge', 44);[4.192939849457517e-13, 0, 7.679651864244248e-15, 0.9997965511486372]
('challenge', 45);[1.1399353210366477e-12, 0.9999508881865387, 1.7831588598760147e-11, 1.3887255164121537e-11]
('challenge', 46);[4.193643679555498e-13, 0, 0.9999632848858607, 6.1439896934171855e-06]
('challenge', 47);[0.9984987894978749, 4.840088628390657e-11, 7.276778941407574e-14, 1.8767060240117366e-12]
('challenge', 48);[0.8362594408333507, 2.9568031553681877e-05, 7.329189246999064e-08, 0.02525284848056538]
('challenge', 49);[0.9990889988442552, 0, 2.6785606765636743e-14, 1.9792035103518627e-13]
('challenge', 50);[3.4423851856411955e-14, 0, 6.22397842253449e-11, 0.9999724634116024]
('challenge', 51);[1.542496368683903e-13, 0.9997965511486372, 3.441774617728107e-14, 5.980918885589195e-15]
('challenge', 52);[4.4201943801056973e-14, 0, 0.9999921322487634, 9.357551576115012e-14]
('challenge', 53);[5.452286867220357e-08, 0.6221060386960356, 2.4753344081672278e-12, 1.1093679162514806e-11]
('challenge', 54);[0.9990884038643753, 2.4111634811864684e-12, 2.1704601967298556e-10, 2.287648216777183e-11]
('challenge', 55);[1.5419580622996835e-13, 0.9994466983897122, 3.2643252435044774e-13, 5.381962463449207e-13]
('challenge', 56);[0.999876633606226, 0, 4.1932757536315027e-13, 1.4635970495383212e-12]
('challenge', 57);[1.3887546533386771e-11, 0, 8.878011472880424e-13, 0.9999719866022398]
('challenge', 58);[0.9999971389852362, 0, 4.658868372897056e-15, 8.878248544528286e-13]
('challenge', 59);[0.9999898673126559, 8.532949973322502e-17, 1.626095536888377e-14, 2.97829218457604e-16]
('challenge', 60);[0.9999833109787883, 2.319487437404004e-16, 2.825714169810185e-15, 2.825714169810185e-15]
('challenge', 61);[5.982036944430832e-15, 0.9999831917733143, 8.095806642064278e-16, 2.319487437404004e-16]
('challenge', 62);[1.5427405805161866e-13, 0, 9.862410570919425e-15, 0.9999545833252356]
('challenge', 63);[3.44244427860649e-14, 0, 0.9999898673126559, 2.4133397563220442e-12]
('challenge', 64);[2.543597725083059e-13, 1.201510488957372e-13, 3.628247292098314e-15, 0.9999724634116024]
('challenge', 65);[0.9997965511486372, 2.3190539189450665e-16, 9.860868185003011e-15, 9.35571340102189e-14]
('challenge', 66);[0.9999833109787883, 0, 5.384847779922179e-13, 2.0879320696088945e-14]
('challenge', 67);[1.5427847193096495e-13, 0, 0.9999833109787883, 1.5427847193096495e-13]
('challenge', 68);[1.1398505282814422e-12, 0, 2.8254123670931997e-15, 0.999876633606226]
('challenge', 69);[3.442463976487011e-14, 0, 4.363445607687925e-09, 0.9999952316511552]
('challenge', 70);[1.9806045425386765e-13, 0, 1.9806045425386765e-13, 0.9997965511486372]
('challenge', 71);[1.2013936179729542e-13, 0, 2.9779627255912484e-16, 0.999876633606226]
('challenge', 72);[0.9998765144262002, 9.86165815740934e-15, 1.6050290551017823e-09, 3.0984349781868876e-12]
('challenge', 73);[5.675587803874744e-14, 0, 0.9999833109787883, 1.2663972310737704e-14]
('challenge', 74);[1.980974792071053e-13, 0, 2.2006684081841367e-15, 0.9999833109787883]
('challenge', 75);[0.9999724634116024, 0, 9.357373096685079e-14, 3.2660441288357665e-13]
('challenge', 76);[0.9997965511486372, 6.30384212708511e-16, 1.542496368683903e-13, 2.5104867474971958e-08]
('challenge', 77);[7.283694143597163e-14, 0.9994471746722718, 9.857408099325792e-15, 3.8221319032535806e-16]
('challenge', 78);[0.9959299004209012, 2.6700932330282526e-14, 2.5333139253420544e-13, 3.759771226585632e-11]
('challenge', 79);[4.19147658099515e-13, 0, 8.091453302683664e-16, 0.9994471746722718]
('challenge', 80);[4.419899310145061e-14, 0.999925142169393, 4.1934837077959627e-13, 2.413183256666908e-12]
('challenge', 81);[3.0841485809197713e-12, 0.9952648854658361, 0.0003338741484400093, 5.290619043894785e-08]
('challenge', 82);[5.38489913407731e-13, 0, 7.287668495109431e-14, 0.9999921322487634]
('challenge', 83);[3.258055256856709e-13, 0.9975274099865513, 4.183425758777122e-13, 6.543978915938111e-12]
('challenge', 84);[3.4423851856411955e-14, 0.9999724634116024, 9.862598683266585e-15, 2.0879121576319505e-14]
('challenge', 85);[0.9996646575567589, 4.908781748107317e-16, 3.97762704870638e-12, 1.7826487670068434e-11]
('challenge', 86);[1.2664117239228628e-14, 0, 0.9999963045256735, 2.5436559440810405e-13]
('challenge', 87);[1.201510488957372e-13, 0, 0.9999724634116024, 7.287529495189636e-14]
('challenge', 88);[9.862109598626822e-15, 0.999925142169393, 2.8255417071675084e-15, 2.8255417071675084e-15]
('challenge', 89);[9.357551576115012e-14, 0.9999921322487634, 1.7138953555082794e-15, 1.7138953555082794e-15]
('challenge', 90);[7.286820636836835e-14, 0.999876633606226, 1.2013936179729542e-13, 2.680671503796068e-14]
('challenge', 91);[1.4636919666702374e-12, 0.9999417100552707, 7.680765175719042e-15, 0]
('challenge', 92);[5.199835349012303e-10, 0.8805366873797577, 4.268284774681752e-11, 1.8149208690386227e-09]
('challenge', 93);[4.419680128068277e-14, 0.999876633606226, 1.7830262216904018e-11, 3.442050344664701e-14]
('challenge', 94);[1.9803627842792832e-13, 0.9996731158207778, 6.823377523642069e-08, 1.1396200977875722e-12]
('challenge', 95);[8.870174740318674e-13, 0, 2.82318218251714e-15, 0.9990889988442552]
('challenge', 96);[5.376616909677104e-13, 0, 0.9984535090152693, 1.8766236965661728e-12]
('challenge', 97);[4.192388065299494e-13, 0, 7.678626588546446e-15, 0.9996646575567589]
('challenge', 98);[1.6259900882502087e-14, 0, 0.999925142169393, 1.7137776756938695e-15]
('challenge', 99);[1.5426964429855265e-13, 0.999925142169393, 2.6808044444456976e-14, 9.356926913003444e-14]
('challenge', 100);[7.287598994818132e-14, 0, 0.9999833109787883, 9.357462335974518e-14]
('challenge', 101);[1.2014325737045892e-13, 0.999909051580875, 2.9398085794495136e-11, 6.824978502286908e-08]
('challenge', 102);[4.305551517899032e-12, 0.04195678327944391, 2.4776738286582305e-11, 0.11405036156910668]
('challenge', 103);[9.862711552397113e-15, 0, 1.7832166796088387e-11, 0.9999831917733143]
('challenge', 104);[2.680957845695259e-14, 0.9999833109787883, 9.862711552397113e-15, 5.982036944430832e-15]
('challenge', 105);[5.383841337346324e-13, 0.9997960744958984, 1.6257792114877495e-14, 8.42174481629839e-12]
('challenge', 106);[1.6909171870608843e-10, 0, 3.097022858896134e-12, 0.9994196685192676]
('challenge', 107);[0.8834887303258979, 3.515369161206556e-12, 3.292456643571129e-06, 3.335289396880905e-11]
('challenge', 108);[0.9999952316511552, 0, 2.200693592979523e-15, 1.039534046154975e-15]
('challenge', 109);[1.4634798074615157e-12, 0, 2.680456767441935e-14, 0.9997965511486372]
('challenge', 110);[0.999925142169393, 0, 5.384539665275966e-13, 1.9808614430271875e-13]
('challenge', 111);[0.9999545833252356, 6.304828141413025e-16, 5.981854389936609e-15, 9.862410570919425e-15]
('challenge', 112);[6.914083598066395e-13, 0, 1.626036608865265e-14, 0.9999545833252356]
('challenge', 113);[0.9999724634116024, 0, 9.357373096685079e-14, 1.2663827383905348e-14]
('challenge', 114);[0.999925142169393, 4.363137681908982e-09, 4.419899310145061e-14, 5.108708994453272e-12]
('challenge', 115);[1.6260676233480695e-14, 0.9999724634116024, 0, 1.8063979598721599e-16]
('challenge', 116);[0.9999545833252356, 0, 7.680853075603749e-15, 1.7138299768360243e-15]
('challenge', 117);[2.543621982836946e-13, 0.9999833109787883, 2.543621982836946e-13, 3.775069740355911e-11]
('challenge', 118);[5.905146312420269e-10, 0, 0.9999724634116024, 7.287529495189636e-14]
('challenge', 119);[1.5427847193096495e-13, 0, 0.9999828341569776, 1.1399722839551978e-12]
('challenge', 120);[4.362571820926696e-09, 1.201297379815822e-13, 1.9806045425386765e-13, 0.9997965511486372]
('challenge', 121);[1.9809559001133307e-13, 0, 1.6260676233480695e-14, 0.9999724634116024]
('challenge', 122);[0.999925142169393, 6.30463573626354e-16, 5.384539665275966e-13, 8.877605079069033e-13]
('challenge', 123);[3.0988191387218256e-12, 5.109089028063325e-12, 1.4251640827409352e-21, 3.1799709001977496e-22]
('challenge', 124);[3.442463976487011e-14, 0.9999952316511552, 5.982105403802484e-15, 4.420211241841274e-14]
('challenge', 125);[0.9997965511486372, 4.909437184932394e-16, 5.980918885589195e-15, 5.980918885589195e-15]
('challenge', 126);[1.463711509196798e-12, 0, 4.658672883101751e-15, 0.9999545833252356]
('challenge', 127);[0.999876633606226, 0, 5.384272646843293e-13, 1.9807632124353936e-13]
('challenge', 128);[7.287529495189636e-14, 0, 5.981968485842631e-15, 0.9999724634116024]
('challenge', 129);[1.967092665524295e-13, 0, 0.00033310607986922295, 0.9929754563518967]
('challenge', 130);[2.1719966150819411e-10, 0.9997965511486372, 3.627610677364163e-15, 1.3345233887762855e-15]
('challenge', 131);[1.6257792114877495e-14, 0, 0.9997965511486372, 2.0875418294728254e-14]
('challenge', 132);[1.9809181167383847e-13, 0.9999545833252356, 4.193603686043509e-13, 2.413252299381347e-12]
('challenge', 133);[0.9999833109787883, 0, 3.2241313908982893e-08, 3.581686446032745e-10]
('challenge', 134);[0.9999724634116024, 1.4068241456870264e-16, 9.862598683266585e-15, 5.981968485842631e-15]
('challenge', 135);[4.1934517141763416e-13, 0, 0.9999188250646881, 1.3175433629532409e-10]
('challenge', 136);[1.1252079450273942e-07, 9.734956180506733e-10, 3.7261769647093574e-06, 5.6020804887142566e-09]
('challenge', 137);[3.265035108194458e-13, 0.9996646575567589, 7.285278065816753e-14, 9.35448220414642e-14]
('challenge', 138);[1.9808236614538504e-13, 0.999906310274972, 5.981557750765394e-15, 4.658441860282921e-15]
('challenge', 139);[3.442319527980583e-14, 0.999954464125005, 2.413252299381347e-12, 1.1399396695530941e-12]
('challenge', 140);[1.1879474274573524e-13, 0, 0.9886850440483933, 5.0512809974677716e-12]
('challenge', 141);[2.6809476186722024e-14, 7.193982092990988e-09, 0, 0.9999785427891018]
('challenge', 142);[5.852781608375714e-06, 0, 0.9525680902054883, 6.249038393120575e-12]
('challenge', 143);[1.9799133434593734e-13, 0, 1.6252118407330153e-14, 0.9994471746722718]
('challenge', 144);[1.2663827383905348e-14, 0, 0.9999724634116024, 1.1399614123841512e-12]
('challenge', 145);[0.9999898673126559, 0, 1.542796489867851e-13, 2.5436413892066206e-13]
('challenge', 146);[0.999876633606226, 1.1398505282814422e-12, 4.1932757536315027e-13, 2.9397132579170476e-11]
('challenge', 147);[9.862109598626822e-15, 0, 0.999925142169393, 7.680618678146588e-15]
('challenge', 148);[0.3774125791373573, 0.00012660776277599652, 4.302470859399349e-13, 1.829457162154003e-11]
('challenge', 149);[4.419680128068277e-14, 0, 1.0955312633198936e-16, 0.999876633606226]
('challenge', 150);[9.35571340102189e-14, 0.9997965511486372, 1.039327860206076e-15, 2.8251860362093995e-15]
('challenge', 151);[1.137142656688833e-12, 0.9975000096207688, 1.0236231983458287e-10, 2.4073310231012402e-12]
('challenge', 152);[3.265888395428674e-13, 0, 9.862109598626822e-15, 0.999925142169393]
('challenge', 153);[0.9999545833252356, 0, 1.20148757218204e-13, 4.420025766287618e-14]
('challenge', 154);[8.877859073021082e-13, 0, 0.9999545833252356, 3.628178089433163e-15]
('challenge', 155);[7.286820636836835e-14, 0.999876633606226, 2.8254123670931997e-15, 2.9779627255912484e-16]
('challenge', 156);[4.827614191958179e-11, 3.759749713063657e-11, 1.2450581099966674e-09, 0.9959237518302598]
('challenge', 157);[8.42307816772428e-12, 0, 6.914083598066395e-13, 0.9999545833252356]
('challenge', 158);[3.4423129622833994e-14, 0, 0.9999523185560253, 5.384683449916854e-13]
('challenge', 159);[1.0814600705268036e-11, 0, 1.0394111226851284e-15, 0.999876633606226]
('challenge', 160);[4.1934837077959627e-13, 0, 1.6917720727675664e-10, 0.999925142169393]
('challenge', 161);[1.8788119699317045e-12, 0.9996192713421875, 5.107140436956694e-12, 6.557698127646133e-12]
('challenge', 162);[2.6038429092358297e-13, 0.6208799240939982, 4.962046268655353e-11, 2.4704573682204823e-12]
('challenge', 163);[1.972544258473237e-13, 0.9957281042814778, 7.648398691680003e-15, 0]
('challenge', 164);[0.9805660238636799, 1.4934009471890912e-08, 2.595141717456783e-09, 1.7485927347339437e-11]
('challenge', 165);[1.201139291007717e-13, 0.9996646575567589, 1.542293378636202e-13, 3.441321685709587e-14]
('challenge', 166);[7.286236922907485e-14, 0, 0.9997965511486372, 9.860868185003011e-15]
('challenge', 167);[6.913542928923369e-13, 0, 1.4635970495383212e-12, 0.999876633606226]
('challenge', 168);[1.1396092295752188e-12, 0, 0.9996645384165465, 1.8788979770868487e-12]
('challenge', 169);[7.680618678146588e-15, 0.999925142169393, 2.6808044444456976e-14, 0]
('challenge', 170);[2.2006684081841367e-15, 0, 0.9999833109787883, 1.7138822795743077e-15]
('challenge', 171);[1.4634798074615157e-12, 0, 4.192939849457517e-13, 0.9997965511486372]
('challenge', 172);[8.877605079069033e-13, 0, 7.680618678146588e-15, 0.999925142169393]
('challenge', 173);[1.6260676233480695e-14, 0.9999723442092404, 3.3981770771659053e-09, 5.981968485842631e-15]
('challenge', 174);[9.357194620659337e-14, 0, 0.9999542257282243, 3.2659818345818147e-13]
('challenge', 175);[2.2896737039451035e-11, 0, 0.9999724634116024, 3.4423851856411955e-14]
('challenge', 176);[3.26572644056255e-13, 0, 0.999876633606226, 2.2894509872711877e-11]
('challenge', 177);[3.725882030962868e-06, 1.0393238954924918e-15, 2.3818766934795995e-07, 0.9997926188503564]
('challenge', 178);[0.9999545833252356, 0, 5.981854389936609e-15, 3.442319527980583e-14]
('challenge', 179);[7.680999577647024e-15, 0, 0.9999724634116024, 4.910298749285984e-16]
('challenge', 180);[9.357158925862687e-14, 0.9999498154071286, 3.774947335980561e-11, 1.5229224492532522e-08]
('challenge', 181);[9.356462904543251e-14, 0, 0.999876633606226, 2.0877090663135784e-14]
('challenge', 182);[6.914347354455075e-13, 0, 0.9999921322487634, 3.628316496083413e-15]
('challenge', 183);[8.877164840099417e-13, 0, 3.442050344664701e-14, 0.999876633606226]
('challenge', 184);[0.9999898673126559, 0, 1.5229834500999985e-08, 8.423383422441323e-12]
('challenge', 185);[2.5422590558410414e-13, 0.9994471746722718, 1.9799133434593734e-13, 3.440573493830909e-14]
('challenge', 186);[8.420636528190429e-12, 0, 1.3172091744103121e-10, 0.9996643001652582]
('challenge', 187);[0.9999724634116024, 0, 1.0395102533811623e-15, 2.2006432236769663e-15]
('challenge', 188);[8.87811307424006e-13, 2.543621982836946e-13, 0.9999830725678546, 5.109001325490331e-12]
('challenge', 189);[1.2013936179729542e-13, 0, 0.999876633606226, 8.422419497867314e-12]
('challenge', 190);[7.287515595343473e-14, 0, 0.9999722250068926, 2.087908175259349e-14]
('challenge', 191);[9.862786799201738e-15, 0.9999921322487634, 4.658850600758511e-15, 4.658850600758511e-15]
('challenge', 192);[9.356462904543251e-14, 0.999876633606226, 5.98139802807396e-15, 7.286820636836835e-14]
('challenge', 193);[1.201295088525092e-13, 0.9997942870865237, 3.823458938699044e-16, 2.2002487040235547e-15]
('challenge', 194);[2.2889619600112223e-11, 1.5422904369478405e-13, 1.4632844248703075e-12, 0.9996623940988085]
('challenge', 195);[5.675587803874744e-14, 0, 0.9999833109787883, 5.982036944430832e-15]
('challenge', 196);[3.4424180149411245e-14, 0.9999833109787883, 3.628288814330979e-15, 5.982036944430832e-15]
('challenge', 197);[0.9990860240065534, 0, 7.187563328103979e-09, 6.218460716788298e-11]
('challenge', 198);[4.4201943801056973e-14, 0, 0.9999921322487634, 4.658850600758511e-15]
('challenge', 199);[2.413183256666908e-12, 0, 7.287182006988985e-14, 0.999925142169393]
('challenge', 200);[2.543597725083059e-13, 0, 0.9999724634116024, 5.981968485842631e-15]
('challenge', 201);[9.862711552397113e-15, 0, 0.9999833109787883, 3.4424180149411245e-14]
('challenge', 202);[1.1399070560840825e-12, 0, 1.6259900882502087e-14, 0.999925142169393]
('challenge', 203);[1.2663827383905348e-14, 0, 0.9999724634116024, 7.287529495189636e-14]
('challenge', 204);[4.419326087673625e-14, 0, 7.990329009826088e-11, 0.9997965511486372]
('challenge', 205);[0.9999938011552557, 0, 1.2664068929547367e-14, 1.9809974626581428e-13]
('challenge', 206);[5.982036944430832e-15, 0.9999833109787883, 5.675587803874744e-14, 1.0815755890937208e-11]
('challenge', 207);[9.356926913003444e-14, 0.999925142169393, 1.6259900882502087e-14, 1.6259900882502087e-14]
('challenge', 208);[8.878231610629212e-13, 0, 4.420211241841274e-14, 0.9999952316511552]
('challenge', 209);[1.387989349730195e-11, 0, 0, 0.9994196685192676]
('challenge', 210);[5.6756744071325776e-14, 0, 0.9999971389852362, 5.6756744071325776e-14]
('challenge', 211);[0.9999724634116024, 0, 2.543597725083059e-13, 1.6260676233480695e-14]
('challenge', 212);[0.9975274099865513, 1.709670490590521e-15, 3.258055256856709e-13, 1.198571547198126e-13]
('challenge', 213);[7.681175383787474e-15, 0, 0.9999963045256735, 3.9789473573286855e-12]
('challenge', 214);[2.6743746127566917e-14, 0, 4.352672822754947e-09, 0.0024726206665512647]
('challenge', 215);[1.201453197838599e-13, 0.9999250229763097, 2.543476439783665e-13, 5.675263053426874e-14]
('challenge', 216);[1.8767060240117366e-12, 0, 3.2612260648972523e-13, 0.9984987894978749]
('challenge', 217);[1.201453197838599e-13, 0, 0.999925142169393, 7.680618678146588e-15]
('challenge', 218);[3.266062817343646e-13, 0, 0.9999785427891018, 5.384827238397257e-13]
('challenge', 219);[0.99829583214388, 0, 0.0002031217165520537, 5.593250859669326e-09]
('challenge', 220);[5.6749816180694e-14, 0, 0.999876633606226, 6.559386900294933e-12]
('challenge', 221);[0.9999545833252356, 0, 3.628178089433163e-15, 8.532657022762982e-17]
('challenge', 222);[5.6737802625510175e-14, 0, 2.3815700560444983e-07, 0.9996643001652582]
('challenge', 223);[3.4423851856411955e-14, 0, 0.9999724634116024, 1.713862665860402e-15]
('challenge', 224);[0.9999724634116024, 0, 4.4201100723926446e-14, 1.0956357463048162e-16]
('challenge', 225);[7.287654594998146e-14, 0, 2.8257249490748618e-15, 0.9999898673126559]
('challenge', 226);[9.357551576115012e-14, 0, 7.681146082484628e-15, 0.9999921322487634]
('challenge', 227);[0.9999724634116024, 1.0395102533811623e-15, 4.658761741082707e-15, 2.8256818322628714e-15]
('challenge', 228);[5.675587803874744e-14, 0, 0.9999833109787883, 1.039522149699997e-15]
('challenge', 229);[0.999876633606226, 0, 1.0394111226851284e-15, 5.98139802807396e-15]
('challenge', 230);[1.0815900297821705e-11, 2.0879599466956423e-14, 1.3176464005778382e-10, 0.9999952316511552]
('challenge', 231);[3.978150566939381e-12, 0, 1.542496368683903e-13, 0.9997965511486372]
('challenge', 232);[0.9975272915365344, 0, 1.950732621649838e-08, 6.543978915938111e-12]
('challenge', 233);[0.9999724634116024, 0, 1.5427700062381816e-13, 4.658761741082707e-15]
('challenge', 234);[0.021599200435388967, 0, 0.7152673269975431, 4.059634866927799e-14]
('challenge', 235);[9.862749175727664e-15, 0, 0.9999898673126559, 2.680978299858412e-14]
('challenge', 236);[9.862410570919425e-15, 0.9999545833252356, 3.442319527980583e-14, 3.2659818345818147e-13]
('challenge', 237);[1.980974792071053e-13, 0, 4.658815056684806e-15, 0.9999833109787883]
('challenge', 238);[5.384539665275966e-13, 0, 9.862109598626822e-15, 0.999925142169393]
('challenge', 239);[4.192388065299494e-13, 0.9996645384165465, 2.4125527579426955e-12, 7.191718412948828e-09]
('challenge', 240);[0.999876633606226, 5.98139802807396e-15, 2.8254123670931997e-15, 2.0877090663135784e-14]
('challenge', 241);[1.9809181167383847e-13, 0, 4.658672883101751e-15, 0.9999545833252356]
('challenge', 242);[5.383841337346324e-13, 1.3345233887762855e-15, 2.8251860362093995e-15, 0.9997965511486372]
('challenge', 243);[1.9806045425386765e-13, 0.9997965511486372, 2.8251860362093995e-15, 3.441774617728107e-14]
('challenge', 244);[2.0879320696088945e-14, 0, 0.9999833109787883, 5.982036944430832e-15]
('challenge', 245);[0.9999985694905718, 1.713908431542013e-15, 5.9821282237671354e-15, 1.8795252316257836e-12]
('challenge', 246);[2.680957845695259e-14, 0, 9.357462335974518e-14, 0.9999833109787883]
('challenge', 247);[3.0987954966982225e-12, 0.9999921322487634, 9.862786799201738e-15, 7.681146082484628e-15]
('challenge', 248);[1.9807632124353936e-13, 0, 4.658317468125757e-15, 0.999876633606226]
('challenge', 249);[0.9933049136326063, 2.6288543819192267e-09, 3.0780720218168014e-12, 4.814914755029904e-11]
('challenge', 250);[5.074824738023835e-12, 0, 1.1934843845263254e-13, 0.9932943283776975]
('challenge', 251);[6.913885787377645e-13, 0, 1.7137776756938695e-15, 0.999925142169393]
('challenge', 252);[2.0879121576319505e-14, 0.9999724634116024, 3.628247292098314e-15, 1.5427700062381816e-13]
('challenge', 253);[1.4624445769190384e-12, 0.999088760817368, 1.3875287821122943e-11, 4.8429513129212524e-11]
('challenge', 254);[2.5107070223397102e-08, 6.1435033853551055e-06, 6.1435033853551055e-06, 1.522820786604846e-08]
('challenge', 255);[0.999876633606226, 2.9779627255912484e-16, 2.0877090663135784e-14, 2.680671503796068e-14]
('challenge', 256);[3.44244427860649e-14, 5.3157345593874676e-08, 1.0395261151698625e-15, 0.9999898673126559]
('challenge', 257);[0.9999545833252356, 0, 2.289630032301502e-11, 2.6808811439732672e-14]
('challenge', 258);[0.9996646575567589, 0, 4.4187445114498135e-14, 2.542811899017473e-13]
('challenge', 259);[1.3575536303089867e-09, 4.0994567490800894e-11, 0.3994841930507017, 0.054064306415066384]
('challenge', 260);[0.9996646575567589, 0, 5.6737802625510175e-14, 8.093212881329092e-16]
('challenge', 261);[0.9999833109787883, 0, 1.626083130811306e-14, 2.28969554007927e-11]
('challenge', 262);[0.9997965511486372, 0, 1.806081008059228e-16, 1.806081008059228e-16]
('challenge', 263);[5.383132832462897e-13, 0, 1.71333318042236e-15, 0.9996646575567589]
('challenge', 264);[0.9999963045256735, 3.824232039781805e-16, 3.9789473573286855e-12, 2.1724316478941435e-10]
('challenge', 265);[0.9997965511486372, 0, 7.679651864244248e-15, 3.627610677364163e-15]
('challenge', 266);[0.9865938574714018, 3.180964157519647e-08, 7.480910663362119e-10, 1.502581073480282e-08]
('challenge', 267);[4.4201437952849005e-14, 0.9999815229018083, 1.0261683903747647e-10, 3.442411449056092e-14]
('challenge', 268);[1.9806045425386765e-13, 0.9997961936663362, 9.35571340102189e-14, 3.627610677364163e-15]
('challenge', 269);[5.675252228731971e-14, 0.999924546211394, 8.095312528320218e-16, 0]
('challenge', 270);[0.9996646575567589, 1.4063895175724956e-16, 4.4187445114498135e-14, 4.192388065299494e-13]
('challenge', 271);[4.4202028109654453e-14, 0, 2.978303545880763e-16, 0.9999938011552557]
('challenge', 272);[1.542808260515855e-13, 0, 0.9999982118638471, 6.56018765557689e-12]
('challenge', 273);[0.9996646575567589, 4.657322450438044e-15, 1.2659914986300087e-14, 3.97762704870638e-12]
('challenge', 274);[9.862786799201738e-15, 0.9999921322487634, 2.8257357283806583e-15, 8.095868408402818e-16]
('challenge', 275);[6.913885787377645e-13, 0, 4.1934837077959627e-13, 0.999925142169393]
('challenge', 276);[1.1397657418334466e-12, 0.9998017942419198, 2.2892806891380073e-11, 6.222910097526046e-11]
('challenge', 277);[7.287571194887197e-14, 0, 0.9999785427891018, 4.420135364537716e-14]
('challenge', 278);[0.9999810460826691, 9.862673929210083e-15, 4.910336212035317e-16, 2.260286295030162e-06]
('challenge', 279);[9.35571340102189e-14, 0.9997965511486372, 4.419326087673625e-14, 1.201297379815822e-13]
('challenge', 280);[3.265713982828588e-13, 0.9998718664308202, 4.846749289170484e-11, 4.362904671439702e-09]
('challenge', 281);[2.5435492102693003e-13, 0, 2.8256279371730614e-15, 0.9999545833252356]
('challenge', 282);[1.2662619724799594e-14, 0, 0.999876633606226, 1.6259094556702862e-14]
('challenge', 283);[0.999876633606226, 1.8062256965524917e-16, 3.6279012919715435e-15, 1.2662619724799594e-14]
('challenge', 284);[0.9999938011552557, 0, 2.2006851980157036e-15, 6.305068656107163e-16]
('challenge', 285);[0.8637525108373233, 3.3927015951940673e-07, 0.003529958670387707, 2.9352620116760235e-09]
('challenge', 286);[7.867616841543852e-12, 5.515625228621777e-10, 0.727409572165299, 8.976944336297332e-05]
('challenge', 287);[1.8794427805070615e-12, 0, 1.9809181167383847e-13, 0.999954464125005]
('challenge', 288);[2.537375985329912e-13, 0, 2.9709618315077197e-16, 0.9975274099865513]
('challenge', 289);[0.9999545833252356, 0, 1.2663585842870401e-14, 1.7138299768360243e-15]
('challenge', 290);[9.862711552397113e-15, 0, 0.9999833109787883, 1.039522149699997e-15]
('challenge', 291);[1.2501194841493985e-09, 0, 1.3347575862489266e-15, 0.9999724634116024]
('challenge', 292);[1.201531114428897e-13, 0.9999898673126559, 1.8795108920409615e-12, 5.384888863207103e-13]
('challenge', 293);[5.686440091577881e-12, 0, 0.01587615178610018, 0.8668086204981021]
('challenge', 294);[1.201453197838599e-13, 0, 0.999925142169393, 4.419899310145061e-14]
('challenge', 295);[3.441768053070256e-14, 0, 2.2598638414244315e-06, 0.9997938104494132]
('challenge', 296);[1.2664117239228628e-14, 0, 0.9999963045256735, 2.200693592979523e-15]
('challenge', 297);[7.283694143597163e-14, 0.9994469365018759, 5.978820237540728e-15, 5.672546702686076e-14]
('challenge', 298);[1.9807632124353936e-13, 0, 0.999876633606226, 1.2013936179729542e-13]
('challenge', 299);[0.9999545833252356, 0, 2.8256279371730614e-15, 1.3887308139896881e-11]
('challenge', 300);[2.6515336715975642e-14, 3.3609132969855735e-09, 0.9890069963426578, 4.79408534160681e-11]
('challenge', 301);[2.5433503092071054e-13, 0.9998765144262002, 2.0877090663135784e-14, 1.2013936179729542e-13]
('challenge', 302);[0.999876633606226, 0, 2.8254123670931997e-15, 4.658317468125757e-15]
('challenge', 303);[4.420219672733183e-14, 0, 0.999998927117538, 5.6756744071325776e-14]
('challenge', 304);[2.680957845695259e-14, 0, 0.9999830725678546, 1.2663972310737704e-14]
('challenge', 305);[4.1874971568926174e-13, 0.9984984328719069, 5.376852781757776e-13, 5.376852781757776e-13]
('challenge', 306);[9.356462904543251e-14, 0, 0.999876633606226, 9.86165815740934e-15]
('challenge', 307);[2.6808044444456976e-14, 0.999925142169393, 1.7137776756938695e-15, 5.384539665275966e-13]
('challenge', 308);[3.628302655180796e-15, 0, 0.9999898673126559, 6.91433416639668e-13]
('challenge', 309);[4.4201100723926446e-14, 0, 0.9999724634116024, 5.6755336775096484e-14]
('challenge', 310);[0.999876633606226, 0, 6.913542928923369e-13, 5.98139802807396e-15]
('challenge', 311);[4.420025766287618e-14, 0, 0.9999545833252356, 7.680853075603749e-15]
('challenge', 312);[9.35448220414642e-14, 0.9996645384165465, 6.912079378288633e-13, 7.678626588546446e-15]
('challenge', 313);[6.560024994249109e-12, 4.4201100723926446e-14, 0.9999724634116024, 1.5427700062381816e-13]
('challenge', 314);[0.9999703177676235, 1.370918556080649e-06, 3.978841109390026e-12, 2.54358802204628e-13]
('challenge', 315);[1.5426964429855265e-13, 0.999925142169393, 1.3346913958406776e-15, 0]
('challenge', 316);[5.361849397685873e-13, 0.9957115573552022, 5.361849397685873e-13, 0.00020259588922286545]
('challenge', 317);[7.287682395247227e-14, 2.2006851980157036e-15, 0.9999938011552557, 7.287682395247227e-14]
('challenge', 318);[1.1399070560840825e-12, 0, 0.999925142169393, 1.1399070560840825e-12]
('challenge', 319);[0.9996646575567589, 0, 5.980120400072883e-15, 1.201139291007717e-13]
('challenge', 320);[1.626107943060099e-14, 0, 7.991944649514694e-11, 0.9999971389852362]
('challenge', 321);[9.735754635329857e-10, 0, 1.7138299768360243e-15, 0.9999545833252356]
('challenge', 322);[4.182580043624349e-13, 0, 0.0024721219840203607, 0.9973249659962589]
('challenge', 323);[5.384827238397257e-13, 9.862636306166573e-15, 1.980967235266344e-13, 0.9999785427891018]
('challenge', 324);[4.183425758777122e-13, 0, 6.289526246657465e-16, 0.9975274099865513]
('challenge', 325);[4.193699671113052e-13, 0.9999768739326302, 5.384816967664181e-13, 9.862636306166573e-15]
('challenge', 326);[9.35244840775841e-14, 0, 0.9994471746722718, 2.0868133110030614e-14]
('challenge', 327);[4.1937076699680144e-13, 0.9999785427891018, 2.82569261140419e-15, 1.2663875692665183e-14]
('challenge', 328);[5.675587803874744e-14, 0, 0.9999831917733143, 0]
('challenge', 329);[1.388026413539288e-11, 0, 3.2643252435044774e-13, 0.9994471746722718]
('challenge', 330);[1.626095536888377e-14, 0, 0.9999898673126559, 1.542796489867851e-13]
('challenge', 331);[4.658672883101751e-15, 0, 0.9999545833252356, 1.626036608865265e-14]
('challenge', 332);[1.2663827383905348e-14, 0, 0.9999724634116024, 2.0879121576319505e-14]
('challenge', 333);[4.420025766287618e-14, 0, 0.9999545833252356, 1.2663585842870401e-14]
('challenge', 334);[2.543597725083059e-13, 0, 6.914215475003047e-13, 0.9999724634116024]
('challenge', 335);[1.7632336339340454e-07, 2.650917079743042e-10, 2.9070807974809437e-07, 0.9503298338196159]
('challenge', 336);[2.0878922458449008e-14, 0.9999645960934689, 1.7138495901758317e-15, 9.862523437897165e-15]
('challenge', 337);[5.981968485842631e-15, 0.9999724634116024, 3.824144511058464e-16, 1.6260676233480695e-14]
('challenge', 338);[0.9999831917733143, 1.7138822795743077e-15, 7.681087480214263e-15, 9.862711552397113e-15]
('challenge', 339);[3.9767622564765195e-12, 0, 1.7822611940183757e-11, 0.9994471746722718]
('challenge', 340);[0.11570881743911032, 7.897819300878477e-09, 5.3215087857673416e-11, 0.8549788540172626]
('challenge', 341);[2.087947999327175e-14, 0, 0.9999898673126559, 7.287654594998146e-14]
('challenge', 342);[4.419899310145061e-14, 0.999925142169393, 1.201453197838599e-13, 1.5426964429855265e-13]
('challenge', 343);[0.9994470555870668, 0, 3.7730469773450263e-11, 1.1854561211009766e-08]
('challenge', 344);[1.0259785536314092e-10, 0, 1.201297379815822e-13, 0.9997965511486372]
('challenge', 345);[2.2650827911038275e-12, 1.959680591846408e-14, 0.26890139698046656, 1.5879456306972045e-10]
('challenge', 346);[5.6754254263280127e-14, 0.9999545833252356, 2.2006012501388187e-15, 9.357194620659337e-14]
('challenge', 347);[5.384796426256798e-13, 0, 0.9999724634116024, 6.645366720110036e-17]
('challenge', 348);[1.201531114428897e-13, 0, 0.9999897481064004, 1.3887811419841853e-11]
('challenge', 349);[0.999925142169393, 0, 2.6808044444456976e-14, 5.981671841013421e-15]
('challenge', 350);[1.0815549598732455e-11, 0, 3.442352356654349e-14, 0.9999645960934689]
('challenge', 351);[1.2664020620050393e-14, 0.9999898673126559, 4.658832828687761e-15, 5.982059764134332e-15]
('challenge', 352);[0.9999985694905718, 1.2664165549094176e-14, 8.095930175212601e-16, 5.6756744071325776e-14]
('challenge', 353);[4.1900377987099096e-13, 0.9991043490521961, 7.882255580626528e-06, 2.086096983483044e-14]
('challenge', 354);[0.9999724634116024, 0, 4.4201100723926446e-14, 4.658761741082707e-15]
('challenge', 355);[9.356926913003444e-14, 0.9999250229763097, 2.6808044444456976e-14, 1.9808614430271875e-13]
('challenge', 356);[3.095369311831741e-12, 0.9988859204762661, 2.54083385702167e-13, 3.095369311831741e-12]
('challenge', 357);[3.9784692639462915e-12, 0, 7.680267095372901e-15, 0.999876633606226]
('challenge', 358);[1.2664068929547367e-14, 0.9999938011552557, 5.982082583924882e-15, 9.862786799201738e-15]
('challenge', 359);[2.2894509872711877e-11, 0, 8.877164840099417e-13, 0.999876633606226]
('challenge', 360);[5.109089028063325e-12, 1.8795288165390832e-12, 8.201253044288238e-21, 2.7158820118920623e-19]
('challenge', 361);[4.419680128068277e-14, 0, 0.999876633606226, 5.60210185899614e-09]
('challenge', 362);[0.9994471746722718, 0, 7.283694143597163e-14, 9.857408099325792e-15]
('challenge', 363);[3.0984349781868876e-12, 0, 9.356462904543251e-14, 0.999876633606226]
('challenge', 364);[4.420211241841274e-14, 0, 0.9999952316511552, 2.6809936405831866e-14]
('challenge', 365);[2.0878126005956116e-14, 0, 0.999925142169393, 2.6808044444456976e-14]
('challenge', 366);[7.287654594998146e-14, 2.3194962855632653e-16, 0.9999897481064004, 7.287654594998146e-14]
('challenge', 367);[0.9997965511486372, 0, 2.2002570973222784e-15, 2.2002570973222784e-15]
('challenge', 368);[2.0872671123168276e-14, 0, 0.9996646575567589, 1.6255652615515353e-14]
('challenge', 369);[0.9996646575567589, 5.980120400072883e-15, 2.542811899017473e-13, 1.0258435364995897e-10]
('challenge', 370);[2.413183256666908e-12, 0, 9.356926913003444e-14, 0.999925142169393]
('challenge', 371);[5.674527021204132e-14, 0, 3.823473524065222e-16, 0.9997965511486372]
('challenge', 372);[8.873491389298721e-13, 1.2008964704683864e-13, 0.9994613450985165, 9.857558512584242e-15]
('challenge', 373);[2.0879559642318906e-14, 0, 0.9999938011552557, 1.3347830449722919e-15]
('challenge', 374);[9.862824422819333e-15, 0, 0.9999963045256735, 2.4133535656024068e-12]
('challenge', 375);[2.543476439783665e-13, 0, 5.981671841013421e-15, 0.999925142169393]
('challenge', 376);[5.6737802625510175e-14, 2.824808858358645e-15, 0.9996646575567589, 8.420636528190429e-12]
('challenge', 377);[5.384272646843293e-13, 0, 7.680267095372901e-15, 0.999876633606226]
('challenge', 378);[6.91430779035535e-13, 0, 2.200676803083908e-15, 0.9999870063564401]
('challenge', 379);[1.2013936179729542e-13, 0, 4.658317468125757e-15, 0.999876633606226]
('challenge', 380);[0.999925142169393, 0, 1.7137776756938695e-15, 5.1751601573537586e-17]
('challenge', 381);[0.9999545833252356, 1.1399396695530941e-12, 4.658672883101751e-15, 3.442319527980583e-14]
('challenge', 382);[3.0981867767083427e-12, 0, 7.286236922907485e-14, 0.9997963128222394]
('challenge', 383);[0.999925142169393, 0, 2.6808044444456976e-14, 2.20053409414297e-15]
('challenge', 384);[0.9997965511486372, 0, 2.2002570973222784e-15, 1.3345233887762855e-15]
('challenge', 385);[0.999876633606226, 0, 2.0877090663135784e-14, 3.6279012919715435e-15]
('challenge', 386);[1.201139291007717e-13, 0, 1.3343452225751545e-15, 0.9996646575567589]
('challenge', 387);[1.783237087020986e-11, 3.0988014071872133e-12, 0.9999933243243502, 4.139914029939298e-08]
('challenge', 388);[0.9999545833252356, 0, 1.0815446454105586e-11, 8.095559581422459e-16]
('challenge', 389);[2.4111634811864684e-12, 0, 1.877816007261196e-12, 0.9990889988442552]
('challenge', 390);[1.879496552565541e-12, 0, 0.9999833109787883, 1.039522149699997e-15]
('challenge', 391);[4.1932757536315027e-13, 0, 2.0877090663135784e-14, 0.999876633606226]
('challenge', 392);[6.910563413861902e-13, 0.9994443168057926, 1.3880237660915305e-11, 5.902027237601394e-10]
('challenge', 393);[4.419899310145061e-14, 0.999925142169393, 4.419899310145061e-14, 8.095312528320218e-16]
('challenge', 394);[1.4828213355760042e-17, 2.289734845645553e-11, 3.775134544279098e-11, 5.9821282237671354e-15]
('challenge', 395);[0.9996646575567589, 8.530183619061781e-17, 1.2659914986300087e-14, 2.0872671123168276e-14]
('challenge', 396);[1.201510488957372e-13, 2.6809322782107666e-14, 0.9999723442092404, 1.7831996736104505e-11]
('challenge', 397);[0.999876633606226, 0, 1.334630299915645e-15, 2.680671503796068e-14]
('challenge', 398);[0.9999645960934689, 3.8241153352625415e-16, 2.6809067109701032e-14, 3.0987068407161526e-12]
('challenge', 399);[1.5427405805161866e-13, 0.9999545833252356, 5.6754254263280127e-14, 1.3347321280111435e-15]
('challenge', 400);[4.192388065299494e-13, 0, 4.657322450438044e-15, 0.9996646575567589]
('challenge', 401);[3.09599519363272e-12, 7.575650462107294e-10, 1.6246291742364833e-14, 0.9990886418330229]
('challenge', 402);[0.999925142169393, 2.8255417071675084e-15, 1.6917720727675664e-10, 3.265888395428674e-13]
('challenge', 403);[5.981854389936609e-15, 0, 0.9999545833252356, 6.304828141413025e-16]
('challenge', 404);[1.9808614430271875e-13, 0, 0.9999246654044206, 2.6808044444456976e-14]
('challenge', 405);[7.287668495109431e-14, 0, 0.9999921322487634, 1.139983155629924e-12]
('challenge', 406);[3.0985886366856072e-12, 0.999925142169393, 1.7137776756938695e-15, 3.442221043837736e-14]
('challenge', 407);[1.8588473410434127e-12, 0, 1.5875648598165644e-09, 0.9889966185375697]
('challenge', 408);[1.2663585842870401e-14, 0.9999545833252356, 3.442319527980583e-14, 9.357194620659337e-14]
('challenge', 409);[1.8788979770868487e-12, 0, 2.824808858358645e-15, 0.9996646575567589]
('challenge', 410);[2.413335153246149e-12, 0.99998879445232, 0, 1.463761762606076e-12]
('challenge', 411);[5.106195637918344e-12, 0, 5.381890606977676e-13, 0.9994341953992328]
('challenge', 412);[7.680999577647024e-15, 0.9999721058045592, 1.5427670636407259e-13, 1.5427670636407259e-13]
('challenge', 413);[5.982036944430832e-15, 0, 0.9999833109787883, 1.626083130811306e-14]
('challenge', 414);[1.1399853299773111e-12, 0, 0.9999946356109105, 1.3176438873691744e-10]
('challenge', 415);[0.9997965511486372, 0, 3.0981867767083427e-12, 1.6915526646542566e-10]
('challenge', 416);[5.362994934643283e-13, 0.9959237518302598, 2.9280960206864655e-11, 2.9280960206864655e-11]
('challenge', 417);[4.191988267081433e-13, 0.9995694822610254, 1.6254102429595568e-14, 7.284583320687385e-14]
('challenge', 418);[1.858854431996807e-12, 0.9890003498189354, 1.2524886531112025e-14, 0]
('challenge', 419);[2.680978299858412e-14, 0, 0.9999898673126559, 5.6756311053384784e-14]
('challenge', 420);[1.435171722056717e-07, 1.1933865037354839e-13, 0.9932122390110969, 2.1576934155931838e-10]
('challenge', 421);[1.542808260515855e-13, 0, 1.6918946955790182e-10, 0.9999982118638471]
('challenge', 422);[4.1899658725614573e-13, 0, 4.65464051537762e-15, 0.9990875709164005]
('challenge', 423);[0.9999545833252356, 6.559899872895323e-12, 1.3347321280111435e-15, 3.442319527980583e-14]
('challenge', 424);[3.9687983307518235e-12, 6.1285170473570925e-06, 0.9974453314452634, 1.3674569902491703e-06]
('challenge', 425);[1.9809521217434062e-13, 0, 0.9999722250068926, 5.981968485842631e-15]
('challenge', 426);[2.5433503092071054e-13, 0, 6.304347139548599e-16, 0.999876633606226]
('challenge', 427);[9.957733700556077e-11, 0, 2.601543140601476e-14, 0.9703622546100453]
('challenge', 428);[4.19147658099515e-13, 0, 1.0389631698587793e-15, 0.9994471746722718]
('challenge', 429);[2.087872334247744e-14, 0.9999545833252356, 2.087872334247744e-14, 1.3347321280111435e-15]
('challenge', 430);[2.087947999327175e-14, 0, 0.9999898673126559, 2.680978299858412e-14]
('challenge', 431);[1.5846743041283656e-07, 1.1709247331738384e-06, 0.00010540328544913789, 0.665167537566853]
('challenge', 432);[0.9999898673126559, 8.532949973322502e-17, 2.8257249490748618e-15, 1.626095536888377e-14]
('challenge', 433);[1.980974792071053e-13, 0, 1.2015219475089526e-13, 0.9999833109787883]
('challenge', 434);[0.9999545833252356, 6.304828141413025e-16, 1.20148757218204e-13, 6.914083598066395e-13]
('challenge', 435);[0.9997965511486372, 1.78288339160114e-11, 1.6257792114877495e-14, 4.657944311583419e-15]
('challenge', 436);[9.357373096685079e-14, 0, 0.9999724634116024, 3.2660441288357665e-13]
('challenge', 437);[1.5427788340642246e-13, 0.9999783043793048, 9.862636306166573e-15, 8.423287025019788e-12]
('challenge', 438);[1.1399505409167837e-12, 0, 2.2006264341656375e-15, 0.9999645960934689]
('challenge', 439);[4.420025766287618e-14, 0.9999545833252356, 2.8256279371730614e-15, 2.6808811439732672e-14]
('challenge', 440);[5.6756527561942324e-14, 0.9999938011552557, 0, 5.982082583924882e-15]
('challenge', 441);[3.09599519363272e-12, 0, 7.281082813528002e-14, 0.9990889988442552]
('challenge', 442);[0.9984986705837912, 0, 2.0848320724044862e-14, 7.276778941407574e-14]
('challenge', 443);[3.978658976667141e-12, 0.9999237118751575, 3.265882166246849e-13, 7.193584182470548e-09]
('challenge', 444);[0.9997965511486372, 2.2002570973222784e-15, 3.978150566939381e-12, 1.8791452695898686e-12]
('challenge', 445);[2.0879320696088945e-14, 1.7832166796088387e-11, 0.9999831917733143, 2.543621982836946e-13]
('challenge', 446);[1.4636389239848085e-12, 0.9999038073576505, 4.193395725929348e-13, 1.8793495792499912e-12]
('challenge', 447);[1.542790604577525e-13, 0, 7.194036978928e-09, 0.9999870063564401]
('challenge', 448);[1.6260676233480695e-14, 0, 0.9999724634116024, 2.9782467397905466e-16]
('challenge', 449);[1.626036608865265e-14, 0.9999545833252356, 2.2006012501388187e-15, 3.628178089433163e-15]
('challenge', 450);[1.542293378636202e-13, 0, 0.9996646575567589, 1.980343898158094e-13]
('challenge', 451);[1.9807632124353936e-13, 1.542619940923716e-13, 0.999876633606226, 8.877164840099417e-13]
('challenge', 452);[2.6808044444456976e-14, 0.999925142169393, 1.9808614430271875e-13, 5.108708994453272e-12]
('challenge', 453);[2.6808811439732672e-14, 0, 4.910205093663095e-16, 0.9999545833252356]
('challenge', 454);[4.420152226048166e-14, 0.9999833109787883, 2.0879320696088945e-14, 2.413321344071142e-12]
('challenge', 455);[7.276778941407574e-14, 0.9984987894978749, 1.623668850560994e-14, 7.276778941407574e-14]
('challenge', 456);[3.978363028773932e-12, 0.9998491038195524, 3.441958433231591e-14, 6.91335831987503e-13]
('challenge', 457);[0.0015006780986700744, 0.9981636214785692, 1.6022792596949407e-09, 9.718314964266422e-10]
('challenge', 458);[8.877164840099417e-13, 0, 1.9807632124353936e-13, 0.9998761568862077]
('challenge', 459);[7.287710195602358e-14, 0.9999971389852362, 3.6283303370388294e-15, 1.626107943060099e-14]
('challenge', 460);[3.978757630857102e-12, 0, 0.9999479082542545, 3.0986595585628386e-12]
('challenge', 462);[6.222055569550372e-11, 0, 8.875285603885808e-13, 0.9996646575567589]
('challenge', 463);[0.9997965511486372, 2.3190539189450665e-16, 1.6257792114877495e-14, 1.542496368683903e-13]
('challenge', 464);[2.0877090663135784e-14, 0.999876633606226, 1.0394111226851284e-15, 0]
('challenge', 465);[2.537375985329912e-13, 0, 4.6473662272248744e-15, 0.9975274099865513]
('challenge', 466);[2.5334795047720206e-12, 6.279867836993254e-15, 0.18242289322142738, 3.760016968248469e-10]
('challenge', 467);[5.6737802625510175e-14, 0.9996644193054423, 6.912079378288633e-13, 1.8788979770868487e-12]
('challenge', 468);[0.9502625501243611, 1.4660745395326938e-13, 0.002355465733066589, 6.486110099725753e-08]
('challenge', 469);[8.910986695816637e-14, 0.04741072532815184, 1.2710815614930984e-15, 8.910986695816637e-14]
('challenge', 470);[9.356462904543251e-14, 0.9998761568862077, 1.7136992269732716e-15, 5.98139802807396e-15]
('challenge', 471);[0.999876633606226, 0, 4.658317468125757e-15, 5.6749816180694e-14]
('challenge', 472);[4.193723667723709e-13, 1.5427847193096495e-13, 2.0879320696088945e-14, 0.9999833109787883]
('challenge', 473);[2.4132753140584585e-12, 0, 5.675479551660739e-14, 0.9999645960934689]
('challenge', 474);[1.2015219475089526e-13, 0, 1.039522149699997e-15, 0.9999833109787883]
('challenge', 475);[4.419317658486092e-14, 0, 0.9997942870865237, 1.5424934266083686e-13]
('challenge', 476);[0.999876633606226, 9.86165815740934e-15, 2.0877090663135784e-14, 3.442050344664701e-14]
('challenge', 477);[6.91433416639668e-13, 2.200676803083908e-15, 1.7138888175288235e-15, 0.9999898673126559]
('challenge', 478);[1.1010592352663326e-09, 0.8807404541379871, 4.4997774347435355e-12, 3.843074347560165e-09]
('challenge', 479);[5.982059764134332e-15, 0, 0.9999898673126559, 3.44244427860649e-14]
('challenge', 480);[1.1399614123841512e-12, 0, 6.914215475003047e-13, 0.9999724634116024]
('challenge', 481);[0.9984713354828962, 1.8036849997846785e-16, 1.1997059862544005e-13, 1.87665591122345e-12]
('challenge', 482);[3.0985886366856072e-12, 0, 3.0985886366856072e-12, 0.999925142169393]
('challenge', 483);[0.9999723442092404, 8.878028406359617e-13, 9.357373096685079e-14, 8.423238826722712e-12]
('challenge', 484);[1.5427405805161866e-13, 0, 0.9999545833252356, 3.442319527980583e-14]
('challenge', 485);[0.9999545833252356, 1.626036608865265e-14, 4.193603686043509e-13, 8.877859073021082e-13]
('challenge', 486);[6.825486208093125e-08, 0, 1.6701414089010932e-05, 2.543621982836946e-13]
('challenge', 487);[1.5427700062381816e-13, 0, 0.9999724634116024, 3.2660441288357665e-13]
('challenge', 488);[8.877588146397271e-13, 0, 0.9999240694467058, 9.862109598626822e-15]
('challenge', 489);[0.999925142169393, 1.0394587042393862e-15, 1.6259900882502087e-14, 2.20053409414297e-15]
('challenge', 490);[1.4636668409480504e-12, 0.9999240694467058, 2.543471588491982e-13, 4.846998895494611e-11]
('challenge', 491);[9.862749175727664e-15, 0, 0.9999898673126559, 4.599011518851513e-10]
('challenge', 492);[0.9975274099865513, 1.7788378973013687e-11, 7.26970391234871e-14, 5.096455904135363e-12]
('challenge', 493);[5.6749816180694e-14, 0.999876633606226, 1.4635970495383212e-12, 2.5433503092071054e-13]
('challenge', 494);[0.9999833109787883, 0, 1.1399722839551978e-12, 1.626083130811306e-14]
('challenge', 495);[7.287529495189636e-14, 0.9999724634116024, 9.357373096685079e-14, 3.9788562874932765e-12]
('challenge', 496);[8.856295508769819e-13, 0, 2.0828010700096348e-14, 0.9975256306829744]
('challenge', 497);[2.08796392916699e-14, 0, 2.978314907228826e-16, 0.9999977350285647]
('challenge', 498);[8.876504522578489e-13, 0.9998017942419198, 4.419351375332687e-14, 1.1397657418334466e-12]
('challenge', 499);[5.384693720395265e-13, 0, 0.9999545833252356, 2.8256279371730614e-15]
('challenge', 500);[9.862749175727664e-15, 0, 0.9999898673126559, 9.862749175727664e-15]
('challenge', 501);[9.35571340102189e-14, 0, 3.823473524065222e-16, 0.9997965511486372]
('challenge', 502);[9.356926913003444e-14, 0, 0.999925142169393, 4.419899310145061e-14]
('challenge', 503);[1.9808614430271875e-13, 1.879389009986991e-12, 0.9999250229763097, 7.991365420367365e-11]
('challenge', 504);[1.1399875043288452e-12, 0, 0.9999970197767496, 7.681175383787474e-15]
('challenge', 505);[0.9996644193054423, 2.3815700560444983e-07, 7.285278065816753e-14, 3.97762704870638e-12]
('challenge', 506);[2.543476439783665e-13, 0.999925142169393, 2.0878126005956116e-14, 4.658530713857424e-15]
('challenge', 507);[8.420636528190429e-12, 8.761306613282907e-08, 1.3172091744103121e-10, 0.9996644193054423]
('challenge', 508);[0.9999724634116024, 0, 5.981968485842631e-15, 3.2660441288357665e-13]
('challenge', 509);[1.201453197838599e-13, 0, 1.0394587042393862e-15, 0.999925142169393]
('challenge', 510);[2.9397132579170476e-11, 0.9998763952461884, 1.9807632124353936e-13, 0]
('challenge', 511);[0.9999898673126559, 2.3194962855632653e-16, 7.681116781293558e-15, 1.1399809812866844e-12]
('challenge', 512);[1.542293378636202e-13, 0, 4.657322450438044e-15, 0.9996646575567589]
('challenge', 513);[0.999876633606226, 1.6259094556702862e-14, 1.2662619724799594e-14, 1.2013936179729542e-13]
('challenge', 514);[0.9999545833252356, 0, 4.420025766287618e-14, 2.8256279371730614e-15]
('challenge', 515);[5.981854389936609e-15, 4.539785156619626e-05, 1.7138299768360243e-15, 8.095559581422459e-16]
('challenge', 516);[2.4133581687134208e-12, 2.200693592979523e-15, 1.7139018935126759e-15, 0.9999977350285647]
('challenge', 517);[0.9997965511486372, 0, 1.201297379815822e-13, 7.286236922907485e-14]
('challenge', 518);[0.9999963045256735, 1.903973020191925e-17, 2.200693592979523e-15, 3.824232039781805e-16]
('challenge', 519);[1.266319938679698e-14, 0, 0.999925142169393, 5.981671841013421e-15]
('challenge', 520);[2.543476439783665e-13, 0, 7.287182006988985e-14, 0.999925142169393]
('challenge', 521);[0.9999898673126559, 0, 5.982059764134332e-15, 4.91037367507047e-16]
('challenge', 522);[3.265464838128813e-13, 0.9997960744958984, 3.978150566939381e-12, 7.679651864244248e-15]
('challenge', 523);[1.9809559001133307e-13, 0, 1.2663827383905348e-14, 0.9999724634116024]
('challenge', 524);[3.4424180149411245e-14, 0, 0.9999833109787883, 3.628288814330979e-15]
('challenge', 525);[2.543311501057309e-13, 0.9998599487008677, 1.7136665410662135e-15, 0]
('challenge', 526);[7.286820636836835e-14, 4.030234289359667e-17, 0.9998765144262002, 2.319239702647919e-16]
('challenge', 527);[5.101415882430728e-12, 0, 4.4135895319149345e-14, 0.9984987894978749]
('challenge', 528);[9.357515879956688e-14, 0, 0.9999890328655274, 3.4424377126713636e-14]
('challenge', 529);[0.8423325509071236, 0.11399732284989615, 1.5628566558452513e-07, 0.00046588100308432275]
('challenge', 530);[3.4424180149411245e-14, 0, 0.9999833109787883, 4.847285496385782e-11]
('challenge', 531);[1.6871511650771448e-10, 6.206682277803278e-11, 0.9971936051672268, 6.806453589669348e-08]
('challenge', 532);[8.877859073021082e-13, 0, 0.9999545833252356, 3.0986772892857843e-12]
('challenge', 533);[3.978787986484609e-12, 0.9999557753101334, 6.91409678564687e-13, 8.877876006209595e-13]
('challenge', 534);[5.384745073081162e-13, 0, 2.0878922458449008e-14, 0.9999645960934689]
('challenge', 535);[8.533047625744066e-17, 5.602796437537268e-09, 5.675685232632723e-14, 2.2007019879753665e-15]
('challenge', 536);[2.680671503796068e-14, 0.999876633606226, 1.334630299915645e-15, 3.6279012919715435e-15]
('challenge', 537);[1.5427405805161866e-13, 0, 1.9809181167383847e-13, 0.9999545833252356]
('challenge', 538);[4.192939849457517e-13, 0, 7.679651864244248e-15, 0.9997965511486372]
('challenge', 539);[2.2862959803538806e-11, 7.669668577324624e-15, 0.9984977198528338, 1.9780335966141658e-13]
('challenge', 540);[1.2664068929547367e-14, 0, 0.9999938011552557, 4.658850600758511e-15]
('challenge', 541);[2.413183256666908e-12, 0.9999249037905161, 9.356926913003444e-14, 0]
('challenge', 542);[1.200447610839275e-13, 0, 1.0385906836295783e-15, 0.9990889988442552]
('challenge', 543);[2.680957845695259e-14, 0, 0.9999833109787883, 2.319487437404004e-16]
('challenge', 544);[4.193643679555498e-13, 0.999964238492877, 5.905089996825076e-10, 2.2896518680191813e-11]
('challenge', 545);[5.675263053426874e-14, 0.999925142169393, 1.201453197838599e-13, 2.6808044444456976e-14]
('challenge', 546);[6.886234940087861e-13, 3.613564454919677e-15, 0.9959262352849513, 1.07718838235829e-11]
('challenge', 547);[8.807536772697289e-11, 1.2563276468786655e-12, 0.6684273324754847, 0.1491462932979367]
('challenge', 548);[1.9807632124353936e-13, 0, 5.98139802807396e-15, 0.999876633606226]
('challenge', 549);[2.6808044444456976e-14, 0.999925142169393, 1.3346913958406776e-15, 2.8255417071675084e-15]
('challenge', 550);[5.384539665275966e-13, 0, 0.999925142169393, 3.774853735312682e-11]
('challenge', 551);[0.9999898673126559, 1.0395261151698625e-15, 9.862749175727664e-15, 2.200676803083908e-15]
('challenge', 552);[4.192915857331891e-13, 0, 0.9997903548262453, 5.674494551392962e-14]
('challenge', 553);[1.1399722839551978e-12, 0, 7.287598994818132e-14, 0.9999833109787883]
('challenge', 554);[5.108855157880887e-12, 0, 2.5435492102693003e-13, 0.9999545833252356]
('challenge', 555);[0.9999833109787883, 2.28969554007927e-11, 9.357462335974518e-14, 3.978894233004715e-12]
('challenge', 556);[1.8791452695898686e-12, 0, 7.679651864244248e-15, 0.9997965511486372]
('challenge', 557);[2.543597725083059e-13, 0, 1.3347575862489266e-15, 0.9999724634116024]
('challenge', 558);[4.420152226048166e-14, 0.9999833109787883, 6.30502055243434e-16, 1.7138822795743077e-15]
('challenge', 559);[1.139891836784528e-12, 0, 0.9999121504688547, 4.1934277191218106e-13]
('challenge', 560);[9.35760512060782e-14, 2.715871651644138e-19, 2.2603250957489616e-06, 1.6918946955790182e-10]
('challenge', 561);[5.982036944430832e-15, 4.658815056684806e-15, 0.9999833109787883, 5.1754760337022643e-17]
('challenge', 562);[1.201453197838599e-13, 0.999925142169393, 6.559712195339276e-12, 2.413183256666908e-12]
('challenge', 563);[1.201453197838599e-13, 0.999925142169393, 4.419899310145061e-14, 3.628067367914352e-15]
('challenge', 564);[4.1885675539502875e-13, 0.998754266962519, 4.653078245702779e-15, 3.0949560630299406e-12]
('challenge', 565);[4.187433261244287e-13, 2.2862610945119407e-11, 0.9984821504980893, 4.84001477506269e-11]
('challenge', 566);[7.287529495189636e-14, 0, 0.9999724634116024, 3.9788562874932765e-12]
('challenge', 567);[4.4177838140610315e-14, 0.9994468174748747, 4.4177838140610315e-14, 9.35244840775841e-14]
('challenge', 568);[1.4629690765842658e-12, 5.978820237540728e-15, 2.5422590558410414e-13, 0.9994471746722718]
('challenge', 569);[0.9999724634116024, 0, 1.2663827383905348e-14, 1.2663827383905348e-14]
('challenge', 570);[1.1396092295752188e-12, 0, 4.845741749879625e-11, 0.9996646575567589]
('challenge', 571);[1.2008781463822596e-13, 0, 0.9994470555870668, 5.672546702686076e-14]
('challenge', 572);[1.4629690765842658e-12, 8.418805763025449e-12, 3.2643252435044774e-13, 0.9994471746722718]
('challenge', 573);[9.357533728018829e-14, 0.9999898673126559, 5.982059764134332e-15, 4.91037367507047e-16]
('challenge', 574);[2.0878126005956116e-14, 0.999925142169393, 2.6808044444456976e-14, 1.9808614430271875e-13]
('challenge', 575);[3.170374319889361e-13, 0, 0.02931203016834134, 9.083274504906647e-14]
('challenge', 576);[1.5414023037253236e-13, 0.9990867379691202, 2.4111588822614847e-12, 2.170456056909515e-10]
('challenge', 577);[7.287598994818132e-14, 0, 1.980974792071053e-13, 0.9999833109787883]
('challenge', 578);[2.0878126005956116e-14, 0, 0.999925142169393, 5.675263053426874e-14]
('challenge', 579);[1.201139291007717e-13, 4.192388065299494e-13, 0.9996646575567589, 3.441321685709587e-14]
('challenge', 580);[1.2015219475089526e-13, 0, 0.9999833109787883, 2.543621982836946e-13]
('challenge', 581);[3.4373069836111066e-14, 0.9984987894978749, 1.3327885536396652e-15, 2.316039227515797e-16]
('challenge', 582);[1.4636389239848085e-12, 1.201427990611777e-13, 1.9808198833361508e-13, 0.9999039265409296]
('challenge', 583);[0.999925142169393, 2.319345871446136e-16, 3.442221043837736e-14, 3.442221043837736e-14]
('challenge', 584);[9.73618174269892e-10, 4.658886145103398e-15, 1.1399896786845267e-12, 0.9999982118638471]
('challenge', 585);[9.35448220414642e-14, 0, 3.627126371417183e-15, 0.9996646575567589]
('challenge', 586);[0.9999237118751575, 1.5228817833794823e-08, 2.289560159404295e-11, 2.6807993312218818e-14]
('challenge', 587);[4.419680128068277e-14, 0, 0.999876633606226, 2.0877090663135784e-14]
('challenge', 588);[3.6283303370388294e-15, 0, 0.9999963045256735, 4.420211241841274e-14]
('challenge', 589);[0.9997965511486372, 0, 2.5431465730268574e-13, 3.441774617728107e-14]
('challenge', 590);[1.5427552933070278e-13, 0, 0.9999645960934689, 3.9788183423437124e-12]
('challenge', 591);[9.862410570919425e-15, 0, 0.9999545833252356, 1.806363505893949e-16]
('challenge', 592);[1.5414405240896649e-13, 0.9991122028125418, 1.9792488112436028e-13, 3.625120649769423e-15]
('challenge', 593);[2.646573638909117e-09, 0, 2.543665647376923e-13, 4.5990553786523166e-10]
('challenge', 594);[0.999876633606226, 0, 1.542619940923716e-13, 1.2013936179729542e-13]
('challenge', 595);[8.877605079069033e-13, 0.9999247845974613, 4.419899310145061e-14, 1.4448713850067828e-07]
('challenge', 596);[6.5335027251530235e-12, 0, 5.36302562203425e-13, 0.9959296639002696]
('challenge', 597);[2.5431465730268574e-13, 0, 0.9997965511486372, 4.419326087673625e-14]
('challenge', 598);[2.5433357560815373e-13, 3.2657077539794277e-13, 0.9998704362928156, 1.3174805390877905e-10]
('challenge', 599);[2.680456767441935e-14, 0.9997965511486372, 1.7135619503530068e-15, 4.657944311583419e-15]
('challenge', 600);[7.680267095372901e-15, 0, 0.999876633606226, 7.680267095372901e-15]
('challenge', 601);[0.999876633606226, 6.644732998772298e-17, 9.356462904543251e-14, 8.877164840099417e-13]
('challenge', 602);[4.658761741082707e-15, 0.9999724634116024, 1.713862665860402e-15, 2.2006432236769663e-15]
('challenge', 603);[0.999876633606226, 0, 1.2662619724799594e-14, 4.90983048903442e-16]
('challenge', 604);[1.1371686841165905e-12, 0, 0.9975226652614838, 1.6220840104227934e-14]
('challenge', 605);[1.980940786676873e-13, 0, 0.9999662649076229, 3.628219610873861e-15]
('challenge', 606);[3.2612260648972523e-13, 0.9984986705837912, 4.592148233073342e-10, 5.101415882430728e-12]
('challenge', 607);[5.1080464393609134e-12, 0, 5.674527021204132e-14, 0.9997965511486372]
('challenge', 608);[0.6896716992942722, 1.9238162823887562e-10, 6.044451080320928e-08, 3.666144901347792e-08]
('challenge', 609);[3.442319527980583e-14, 0.9999545833252356, 8.095559581422459e-16, 8.095559581422459e-16]
('challenge', 610);[9.357069689466778e-14, 0.9999417100552707, 8.422965708248638e-12, 1.2014715306993816e-13]
('challenge', 611);[1.2015265309601827e-13, 0, 0.9999870063564401, 2.9400384852737274e-11]
('challenge', 612);[2.5331641404719123e-13, 0.9958720839282467, 9.696004474015918e-10, 4.176481600570849e-13]
('challenge', 613);[1.0815797149850326e-11, 0, 1.388775844214665e-11, 0.9999870063564401]
('challenge', 614);[0.9996646575567589, 0, 5.980120400072883e-15, 1.201139291007717e-13]
('challenge', 615);[2.413183256666908e-12, 0, 4.1934837077959627e-13, 0.999925142169393]
('challenge', 616);[2.5433503092071054e-13, 0.999876633606226, 1.2662619724799594e-14, 3.6279012919715435e-15]
('challenge', 617);[5.384745073081162e-13, 0, 0.9999645960934689, 1.201499030515068e-13]
('challenge', 618);[8.869768705236221e-13, 0.9990436648465875, 1.8777300496335662e-12, 7.984311341445082e-11]
('challenge', 619);[1.626036608865265e-14, 0, 0.9999545833252356, 2.2006012501388187e-15]
('challenge', 620);[8.877164840099417e-13, 0.9998765144262002, 4.658317468125757e-15, 2.5433503092071054e-13]
('challenge', 621);[0.999925142169393, 0, 3.628067367914352e-15, 4.910055248382009e-16]
('challenge', 622);[4.420177518434443e-14, 0.9999876023871354, 6.914320978363437e-13, 1.0815817779365906e-11]
('challenge', 623);[7.287654594998146e-14, 0, 0.9999898673126559, 1.2664020620050393e-14]
('challenge', 624);[2.543476439783665e-13, 0, 3.628067367914352e-15, 0.999925142169393]
('challenge', 625);[0.999876633606226, 0, 5.6749816180694e-14, 3.0984349781868876e-12]
('challenge', 627);[6.557998322114383e-12, 0, 9.859551704947922e-15, 0.9996646575567589]
('challenge', 628);[3.44244427860649e-14, 0.9999898673126559, 1.7138888175288235e-15, 9.357533728018829e-14]
('challenge', 629);[1.6051851915443958e-09, 0, 6.914215475003047e-13, 0.9999724634116024]
('challenge', 630);[0.999925142169393, 0, 2.0878126005956116e-14, 6.913885787377645e-13]
('challenge', 631);[0.9990889988442552, 0, 1.6246291742364833e-14, 1.2652624730960229e-14]
('challenge', 632);[4.419899310145061e-14, 0.999925142169393, 5.981671841013421e-15, 1.201453197838599e-13]
('challenge', 633);[6.559574568544082e-12, 0.9999039265409296, 1.8793495792499912e-12, 2.5434230760840644e-13]
('challenge', 634);[1.5426964429855265e-13, 0, 0.999925142169393, 1.201453197838599e-13]
('challenge', 635);[9.356462904543251e-14, 0.9998765144262002, 1.4635970495383212e-12, 2.5433503092071054e-13]
('challenge', 636);[1.542496368683903e-13, 0, 2.8251860362093995e-15, 0.9997965511486372]
('challenge', 637);[0.11919330684829656, 1.938212292361913e-15, 0.8807260177952777, 4.934529844963426e-09]
('challenge', 638);[9.357373096685079e-14, 0, 0.9999724634116024, 6.560024994249109e-12]
('challenge', 639);[3.4423851856411955e-14, 0.9999724634116024, 1.201510488957372e-13, 3.4423851856411955e-14]
('challenge', 640);[3.0981867767083427e-12, 0, 6.912989116566801e-13, 0.9997965511486372]
('challenge', 641);[0.999876633606226, 4.030234289359667e-17, 1.9807632124353936e-13, 1.6259094556702862e-14]
('challenge', 642);[1.980974792071053e-13, 0, 5.982036944430832e-15, 0.9999833109787883]
('challenge', 643);[1.6260676233480695e-14, 0.9999724634116024, 1.3347575862489266e-15, 1.6260676233480695e-14]
('challenge', 644);[3.266075276408309e-13, 0, 0.9999833109787883, 1.626083130811306e-14]
('challenge', 645);[4.420025766287618e-14, 0.9999545833252356, 1.626036608865265e-14, 8.877859073021082e-13]
('challenge', 646);[5.384878592356487e-13, 0, 0.9999892712787918, 5.675620279941573e-14]
('challenge', 647);[9.479359653504757e-19, 1.5428112031918877e-13, 9.991171568224243e-20, 5.602796437537268e-09]
('challenge', 648);[0.9999990463265931, 0, 5.675685232632723e-14, 5.9821282237671354e-15]
('challenge', 649);[3.581741098647678e-10, 1.334793228597603e-15, 2.940072131536564e-11, 0.9999985694905718]
('challenge', 650);[2.2006851980157036e-15, 0, 0.9999938011552557, 6.305068656107163e-16]
('challenge', 651);[3.442050344664701e-14, 0.9998763952461884, 1.317488077793474e-10, 3.6279012919715435e-15]
('challenge', 652);[1.2015265309601827e-13, 0, 0.9999870063564401, 1.9809823489045893e-13]
('challenge', 653);[0.9997965511486372, 0, 1.8791452695898686e-12, 7.286236922907485e-14]
('challenge', 654);[5.667161137805728e-14, 0.9984986705837912, 5.101415882430728e-12, 1.8767060240117366e-12]
('challenge', 655);[3.6283303370388294e-15, 0, 0.9999963045256735, 8.878231610629212e-13]
('challenge', 656);[9.862598683266585e-15, 0, 0.9999724634116024, 3.628247292098314e-15]
('challenge', 657);[8.877164840099417e-13, 3.26572644056255e-13, 5.98139802807396e-15, 0.999876633606226]
('challenge', 658);[1.8748813499682155e-12, 0, 5.661651099634432e-14, 0.9975274099865513]
('challenge', 659);[0.9998665034129377, 0, 8.42233917579875e-12, 2.4130405746498416e-12]
('challenge', 660);[7.287529495189636e-14, 0, 0.9999724634116024, 2.0879121576319505e-14]
('challenge', 661);[4.19147658099515e-13, 0, 2.6795213312102313e-14, 0.9994471746722718]
('challenge', 662);[1.20154028141878e-13, 0, 0.9999977350285647, 3.266125113142237e-13]
('challenge', 663);[5.108952602489194e-12, 0.9999724634116024, 1.0815652744342992e-11, 4.847239269289388e-11]
('challenge', 664);[2.794046045827185e-11, 1.786173878227904e-12, 0.9503302621905082, 1.3198138988670507e-11]
('challenge', 665);[0.9996619175973109, 5.041769423571792e-07, 7.580000982202583e-10, 1.2497308851285262e-09]
('challenge', 666);[1.6050290551017823e-09, 1.2662619724799594e-14, 1.6259094556702862e-14, 0.999876633606226]
('challenge', 667);[3.442319527980583e-14, 0.9999545833252356, 4.658672883101751e-15, 3.9787803975560205e-12]
('challenge', 668);[5.108952602489194e-12, 1.6051851915443958e-09, 0.9999724634116024, 1.5427700062381816e-13]
('challenge', 669);[7.287654594998146e-14, 0, 3.628302655180796e-15, 0.9999898673126559]
('challenge', 670);[1.20148757218204e-13, 0, 0.9999545833252356, 2.319416653345007e-16]
('challenge', 671);[6.91430779035535e-13, 0, 9.357498031928588e-14, 0.9999870063564401]
('challenge', 672);[0.9997965511486372, 0, 2.680456767441935e-14, 2.680456767441935e-14]
('challenge', 673);[5.6754254263280127e-14, 0.9999545833252356, 2.087872334247744e-14, 2.6808811439732672e-14]
('challenge', 674);[8.878028406359617e-13, 0, 2.8256818322628714e-15, 0.9999724634116024]
('challenge', 675);[2.6808811439732672e-14, 0.9999545833252356, 9.862410570919425e-15, 4.658672883101751e-15]
('challenge', 676);[4.193603686043509e-13, 0.9999545833252356, 6.304828141413025e-16, 3.824071571986019e-16]
('challenge', 677);[6.914215475003047e-13, 0, 1.201510488957372e-13, 0.9999724634116024]
('challenge', 678);[8.4233994887855e-12, 0.9999916554191085, 3.4424508445541403e-14, 1.7138953555082794e-15]
('challenge', 679);[5.313342303511605e-08, 1.6044903479316494e-09, 0.9995413738850931, 3.9771339423757385e-12]
('challenge', 680);[9.862410570919425e-15, 0, 0.9999543449247886, 7.287390497921029e-14]
('challenge', 681);[2.287648216777183e-11, 0, 7.281082813528002e-14, 0.9990889988442552]
('challenge', 682);[2.7893936070292776e-10, 0, 0.9999724634116024, 2.0879121576319505e-14]
('challenge', 683);[1.1398505282814422e-12, 0, 1.2662619724799594e-14, 0.999876633606226]
('challenge', 684);[0.9996646575567589, 4.845741749879625e-11, 9.859551704947922e-15, 3.265035108194458e-13]
('challenge', 685);[6.912989116566801e-13, 0, 2.2002570973222784e-15, 0.9997965511486372]
('challenge', 686);[4.419899310145061e-14, 0, 3.442221043837736e-14, 0.999925142169393]
('challenge', 687);[2.5426227549292883e-13, 0.9995898499281906, 5.979664170498116e-15, 1.6254443457813598e-14]
('challenge', 688);[2.413252299381347e-12, 0, 1.463711509196798e-12, 0.9999545833252356]
('challenge', 689);[3.058938604144094e-07, 4.658761741082707e-15, 6.91420228719619e-13, 0.9999721058045592]
('challenge', 690);[8.42166450066406e-12, 0, 1.5424816583623476e-13, 0.9997864225814329]
('challenge', 691);[5.381962463449207e-13, 0, 1.8784894781623924e-12, 0.9994471746722718]
('challenge', 692);[5.674527021204132e-14, 0.9997965511486372, 3.978150566939381e-12, 1.2661605380151385e-14]
('challenge', 693);[5.109059793705047e-12, 0, 0.999995112442896, 7.681175383787474e-15]
('challenge', 694);[6.51048016161359e-11, 1.1313518114394847e-11, 0.8146290850072765, 0.00027327749552992584]
('challenge', 695);[4.658530713857424e-15, 8.532396630708964e-17, 0.999925142169393, 4.419899310145061e-14]
('challenge', 696);[0.9997269660801927, 7.483141677111247e-05, 9.733545118174475e-10, 4.5978011534212095e-10]
('challenge', 697);[5.1062638134403455e-12, 0, 1.5419580622996835e-13, 0.9994471746722718]
('challenge', 698);[4.1932757536315027e-13, 0, 2.8254123670931997e-15, 0.999876633606226]
('challenge', 699);[1.879503722289576e-12, 0, 3.4424311467487606e-14, 0.9999870063564401]
('challenge', 700);[1.542496368683903e-13, 0, 2.3190539189450665e-16, 0.9997965511486372]
('challenge', 701);[1.9780335966141658e-13, 0.9984986705837912, 2.2862959803538806e-11, 3.769464813925645e-11]
('challenge', 702);[3.973683909287574e-12, 0.9986724619488859, 3.0947081402314045e-12, 4.18823202692868e-13]
('challenge', 703);[1.1399070560840825e-12, 0, 1.266319938679698e-14, 0.999925142169393]
('challenge', 704);[5.384272646843293e-13, 0, 1.2662619724799594e-14, 0.999876633606226]
('challenge', 705);[3.628247292098314e-15, 0, 0.9999724634116024, 4.4201100723926446e-14]
('challenge', 706);[8.875285603885808e-13, 0, 1.201139291007717e-13, 0.9996646575567589]
('challenge', 707);[3.265464838128813e-13, 0.9997963128222394, 1.8791452695898686e-12, 5.1080464393609134e-12]
('challenge', 708);[0.999925142169393, 0, 9.862109598626822e-15, 7.287182006988985e-14]
('challenge', 709);[1.9809936842089442e-13, 0, 1.542799432521433e-13, 0.9999921322487634]
('challenge', 710);[1.9806045425386765e-13, 0, 2.8251860362093995e-15, 0.9997965511486372]
('challenge', 711);[0.9999724634116024, 0, 5.981968485842631e-15, 2.8256818322628714e-15]
('challenge', 712);[0.9999542257282243, 0, 3.0588831772537957e-07, 1.9809181167383847e-13]
('challenge', 713);[1.542293378636202e-13, 0, 8.093212881329092e-16, 0.9996646575567589]
('challenge', 714);[0.0014266634660918273, 0.9489334762091324, 4.848189169660442e-12, 4.30815037001888e-05]
('challenge', 715);[9.356926913003444e-14, 0, 0.999925142169393, 2.6808044444456976e-14]
('challenge', 716);[9.862786799201738e-15, 0, 0.9999938011552557, 4.4202028109654453e-14]
('challenge', 717);[8.87811307424006e-13, 3.628288814330979e-15, 2.28969554007927e-11, 0.9999833109787883]
('challenge', 718);[0.999925142169393, 6.645037177471958e-17, 2.0878126005956116e-14, 3.442221043837736e-14]
('challenge', 719);[5.384796426256798e-13, 0, 1.6260676233480695e-14, 0.9999724634116024]
('challenge', 720);[9.862749175727664e-15, 0, 0.9999898673126559, 3.628302655180796e-15]
('challenge', 721);[2.4133581687134208e-12, 0.999997854237364, 3.0988132281990144e-12, 8.423447688001894e-12]
('challenge', 722);[0.9999724634116024, 1.0395102533811623e-15, 4.658761741082707e-15, 3.628247292098314e-15]
('challenge', 723);[0.9999545833252356, 0, 1.2663585842870401e-14, 1.2663585842870401e-14]
('challenge', 724);[6.33650890402749e-09, 0.8807891851040547, 2.993154867408211e-09, 3.646409109565073e-08]
('challenge', 725);[5.6667395926547e-14, 0, 0.0015010702872444175, 0.9984241562011126]
('challenge', 726);[5.661651099634432e-14, 0.9975271728542766, 5.661651099634432e-14, 4.183425758777122e-13]
('challenge', 727);[1.039538011670222e-15, 1.039538011670222e-15, 3.0988191387218256e-12, 3.4872615319944465e-19]
('challenge', 728);[8.095868408402818e-16, 0, 0.9999938011552557, 2.0879559642318906e-14]
('challenge', 729);[6.540372713311781e-12, 0, 1.6003764369484415e-09, 0.9969767220555648]
('challenge', 730);[9.35756942424524e-14, 0, 0.9999938011552557, 3.0988014071872133e-12]
('challenge', 731);[0.9999724634116024, 0, 4.4201100723926446e-14, 1.0395102533811623e-15]
('challenge', 732);[0.9996646575567589, 0, 1.4632872158665164e-12, 2.93909094035154e-11]
('challenge', 733);[9.35448220414642e-14, 0.9996646575567589, 7.285278065816753e-14, 1.3883282556862041e-11]
('challenge', 734);[5.6756527561942324e-14, 0.9999938011552557, 1.2015356979150962e-13, 2.289721743715156e-11]
('challenge', 735);[2.543621982836946e-13, 0, 4.910354943517166e-16, 0.9999833109787883]
('challenge', 736);[4.4777324417183015e-19, 2.825757287115611e-15, 3.775134544279098e-11, 1.282891823608785e-19]
('challenge', 737);[1.1860486716102007e-08, 6.143878366487553e-06, 2.08785640510674e-14, 1.670079291988576e-05]
('challenge', 738);[1.201453197838599e-13, 3.823954872363769e-16, 0.999925142169393, 1.201453197838599e-13]
('challenge', 739);[0.999876633606226, 0, 5.108455654418009e-12, 2.5433503092071054e-13]
('challenge', 740);[1.9809181167383847e-13, 0, 0.9999545833252356, 5.981854389936609e-15]
('challenge', 741);[2.680671503796068e-14, 0.999876633606226, 1.334630299915645e-15, 8.094941962803061e-16]
('challenge', 742);[4.65464051537762e-15, 1.3335768353154756e-15, 0.0009110509701065104, 5.380032937011822e-13]
('challenge', 743);[1.626083130811306e-14, 0, 0.9999833109787883, 1.5427847193096495e-13]
('challenge', 744);[1.201453197838599e-13, 0.999925142169393, 1.266319938679698e-14, 2.543476439783665e-13]
('challenge', 745);[1.4614017164422148e-12, 0.9983754367095594, 2.5395353923141283e-13, 3.9214819712521016e-07]
('challenge', 746);[1.5426964429855265e-13, 0.999925142169393, 9.356926913003444e-14, 0]
('challenge', 747);[2.0879320696088945e-14, 0, 0.9999833109787883, 2.0879320696088945e-14]
('challenge', 748);[2.543476439783665e-13, 0, 3.5814815061537975e-10, 0.999925142169393]
('challenge', 749);[1.626036608865265e-14, 6.559899872895323e-12, 0.9999545833252356, 1.0394904264856412e-15]
('challenge', 750);[5.573492620651462e-14, 3.380494156107225e-14, 0.017985851104890937, 1.2436143010320524e-14]
('challenge', 751);[4.420211241841274e-14, 0, 0.9999963045256735, 5.982105403802484e-15]
('challenge', 752);[2.542811899017473e-13, 0, 3.627126371417183e-15, 0.9996646575567589]
('challenge', 753);[2.6809885269985083e-14, 0, 0.9999938011552557, 2.6809885269985083e-14]
('challenge', 754);[0.9212550918891137, 0.002283562911160276, 1.213893583899059e-10, 1.213893583899059e-10]
('challenge', 755);[0.9996646575567589, 2.318744312511465e-16, 4.657322450438044e-15, 4.4187445114498135e-14]
('challenge', 756);[9.734269190399745e-10, 9.734269190399745e-10, 0.9998017942419198, 2.646048705359237e-09]
('challenge', 757);[5.6756744071325776e-14, 0.9999971389852362, 3.824232039781805e-16, 0]
('challenge', 758);[0.9997965511486372, 0, 9.35571340102189e-14, 8.094293513964196e-16]
('challenge', 759);[1.9808614430271875e-13, 0.9999250229763097, 2.0878126005956116e-14, 7.680618678146588e-15]
('challenge', 760);[6.560075043458847e-12, 3.098760034001018e-12, 4.8472762509312345e-11, 0.9999815229018083]
('challenge', 761);[5.383132832462897e-13, 0, 1.0391891042291184e-15, 0.9996646575567589]
('challenge', 762);[0.9996646575567589, 5.980120400072883e-15, 1.7826487670068434e-11, 1.4632872158665164e-12]
('challenge', 763);[2.6785606765636743e-14, 0.9990889988442552, 5.9766767272893924e-15, 2.6785606765636743e-14]
('challenge', 764);[1.879389009986991e-12, 7.680618678146588e-15, 3.265888395428674e-13, 0.999925142169393]
('challenge', 765);[0.00046645494601179715, 0.8433703896581306, 0.11413776205382925, 1.8086421020796093e-05]
('challenge', 766);[3.441774617728107e-14, 0.9997965511486372, 1.2661605380151385e-14, 2.5431465730268574e-13]
('challenge', 767);[6.914215475003047e-13, 0.9999724634116024, 9.862598683266585e-15, 1.2663827383905348e-14]
('challenge', 768);[1.6259094556702862e-14, 0.9998765144262002, 4.362921314631966e-09, 1.1398505282814422e-12]
('challenge', 769);[2.5435734675605116e-13, 0, 5.675479551660739e-14, 0.9999645960934689]
('challenge', 770);[2.6809936405831866e-14, 0.9999952316511552, 6.305092708081201e-16, 1.7139018935126759e-15]
('challenge', 771);[5.674527021204132e-14, 0.9997965511486372, 9.860868185003011e-15, 1.201297379815822e-13]
('challenge', 772);[0.999876633606226, 0, 4.90983048903442e-16, 1.0394111226851284e-15]
('challenge', 773);[1.0815446454105586e-11, 0, 6.914083598066395e-13, 0.9999545833252356]
('challenge', 774);[0.9990889988442552, 0, 2.0860651524120617e-14, 9.349095393578246e-14]
('challenge', 775);[0.999925142169393, 0, 8.877605079069033e-13, 4.1934837077959627e-13]
('challenge', 776);[0.9999898673126559, 0, 2.5436413892066206e-13, 4.42018594926203e-14]
('challenge', 777);[1.980929451675199e-13, 0, 0.9999594704850789, 3.581604468673953e-10]
('challenge', 778);[1.0257965781839847e-10, 1.2496760618636683e-09, 0.9996192713421875, 1.3882647045167769e-11]
('challenge', 779);[1.9807632124353936e-13, 2.8254123670931997e-15, 0.9998763952461884, 7.99096912987605e-11]
('challenge', 780);[2.4132154763544944e-12, 0.9999394453479565, 5.904943578791023e-10, 0]
('challenge', 781);[2.542811899017473e-13, 0, 5.980120400072883e-15, 0.9996646575567589]
('challenge', 782);[1.4634798074615157e-12, 0, 2.5431465730268574e-13, 0.9997965511486372]
('challenge', 783);[0.9999719866022398, 5.043337142418128e-07, 1.713862665860402e-15, 2.9782467397905466e-16]
('challenge', 784);[0.9997961936663362, 1.3885109815039699e-11, 8.762459738928121e-08, 4.1390929004094085e-08]
('challenge', 785);[3.2661001946802167e-13, 0, 0.9999898673126559, 2.9400497006518893e-11]
('challenge', 786);[0.9975274099865513, 0, 3.258055256856709e-13, 9.334484595250058e-14]
('challenge', 787);[1.2014486146671122e-13, 0.999921447248621, 1.5426905580768485e-13, 5.384519124926406e-13]
('challenge', 788);[5.674527021204132e-14, 0, 0.9997965511486372, 1.4634798074615157e-12]
('challenge', 789);[1.2008781463822596e-13, 0.9994470555870668, 1.9799133434593734e-13, 1.2657162542197917e-14]
('challenge', 790);[1.2015265309601827e-13, 0, 2.8257249490748618e-15, 0.9999870063564401]
('challenge', 791);[0.9959280087211859, 5.022937282161286e-07, 3.3844317463374074e-09, 3.7597640553979625e-11]
('challenge', 792);[1.9809181167383847e-13, 0, 1.0394904264856412e-15, 0.9999545833252356]
('challenge', 793);[0.9999898673126559, 0, 1.626095536888377e-14, 1.626095536888377e-14]
('challenge', 794);[4.053899709486599e-11, 0.8363091377220457, 2.9954492372835146e-10, 0.02525434769138118]
('challenge', 795);[4.193667675845768e-13, 0, 0.9999687681413515, 1.0815611485980737e-11]
('challenge', 796);[5.109040304225795e-12, 0.999991297797926, 5.384888863207103e-13, 1.1399809812866844e-12]
('challenge', 797);[1.201453197838599e-13, 0, 0.999925142169393, 9.862109598626822e-15]
('challenge', 798);[1.7830262216904018e-11, 0.9998763952461884, 3.26572644056255e-13, 2.5433503092071054e-13]
('challenge', 799);[0.9999724634116024, 0, 2.319460893128736e-16, 1.0261605613611244e-10]
('challenge', 800);[0.11902760369601625, 7.028948544232612e-11, 3.992931272880434e-05, 0.0001085391252135673]
('challenge', 801);[7.287598994818132e-14, 0.9999833109787883, 4.658815056684806e-15, 1.626083130811306e-14]
('challenge', 802);[3.442319527980583e-14, 0.9999545833252356, 4.658672883101751e-15, 3.2659818345818147e-13]
('challenge', 803);[6.556459970709603e-12, 2.6794753345728958e-14, 0.999430385020069, 1.1247101451650979e-07]
('challenge', 804);[9.35756942424524e-14, 0, 0.9999938011552557, 8.095868408402818e-16]
('challenge', 805);[1.9807632124353936e-13, 0, 2.2004333639918156e-15, 0.999876633606226]
('challenge', 806);[0.9999545833252356, 0, 7.287390497921029e-14, 8.877859073021082e-13]
('challenge', 807);[5.087811803866502e-12, 0.9958346075599391, 9.695653100826103e-10, 1.3830106373069748e-11]
('challenge', 808);[0.9999724634116024, 0, 4.658761741082707e-15, 2.2006432236769663e-15]
('challenge', 809);[0.9975274099865513, 1.5389963303211448e-13, 2.537375985329912e-13, 7.26970391234871e-14]
('challenge', 810);[8.330601026982405e-12, 0.010986532950872326, 0.9889762141763061, 3.542261693781261e-10]
('challenge', 811);[5.383841337346324e-13, 0, 5.980918885589195e-15, 0.9997965511486372]
('challenge', 812);[2.0879121576319505e-14, 0.9999724634116024, 2.9782467397905466e-16, 3.628247292098314e-15]
('challenge', 813);[0.999925142169393, 0, 2.8255417071675084e-15, 8.095312528320218e-16]
('challenge', 814);[4.192196157396481e-13, 3.97744497155751e-12, 0.9996192713421875, 9.732486955650142e-10]
('challenge', 815);[1.3862669751617692e-11, 0.998179656025353, 4.186163537465762e-13, 3.971721381127129e-12]
('challenge', 816);[4.420025766287618e-14, 0, 0.9999545833252356, 1.2663585842870401e-14]
('challenge', 817);[3.0985886366856072e-12, 0.999925142169393, 2.8255417071675084e-15, 5.981671841013421e-15]
('challenge', 818);[2.2896693367432594e-11, 0.9999706753740273, 1.2663779075329795e-14, 1.626064521873169e-14]
('challenge', 819);[1.201510488957372e-13, 0.9999723442092404, 7.287529495189636e-14, 5.384796426256798e-13]
('challenge', 820);[2.0877090663135784e-14, 0, 0.999876633606226, 1.334630299915645e-15]
('challenge', 821);[7.287696295411537e-14, 6.91437373064733e-13, 0.9999961853172863, 4.420211241841274e-14]
('challenge', 822);[1.3709525491573226e-06, 0, 0.9999955892755635, 0]
('challenge', 823);[9.34315922816936e-14, 2.315933210080263e-16, 0.0015011139496109113, 0.9984535090152693]
('challenge', 824);[1.626083130811306e-14, 0, 0.9999833109787883, 4.420152226048166e-14]
('challenge', 825);[3.0981395024905153e-12, 0.9997798689035446, 4.419258654623529e-14, 1.2661363881497392e-14]
('challenge', 826);[1.980974792071053e-13, 0, 6.825486208093125e-08, 0.9999831917733143]
('challenge', 827);[5.6754254263280127e-14, 0.9999545833252356, 9.862410570919425e-15, 2.5435492102693003e-13]
('challenge', 828);[2.5434230760840644e-13, 0.9999039265409296, 1.201427990611777e-13, 7.287029117429848e-14]
('challenge', 829);[6.913885787377645e-13, 2.413183256666908e-12, 4.419899310145061e-14, 0.999925142169393]
('challenge', 830);[1.3887652487362527e-11, 0, 1.5427788340642246e-13, 0.9999785427891018]
('challenge', 831);[5.383841337346324e-13, 0, 9.860868185003011e-15, 0.9997965511486372]
('challenge', 832);[5.384693720395265e-13, 0.9999545833252356, 4.193603686043509e-13, 1.5427405805161866e-13]
('challenge', 833);[8.876453730957509e-13, 0, 7.679651864244248e-15, 0.9997965511486372]
('challenge', 834);[1.139983155629924e-12, 0.9999921322487634, 4.599020290778212e-10, 5.60275369175583e-09]
('challenge', 835);[4.4177838140610315e-14, 0.9994471746722718, 3.626337782978822e-15, 5.978820237540728e-15]
('challenge', 836);[1.0814600705268036e-11, 0, 1.542619940923716e-13, 0.9998765144262002]
('challenge', 837);[1.2542596258882258e-11, 0.7033569017209281, 0.25875055166053934, 1.0712114239726118e-08]
('challenge', 838);[1.5404941139846596e-13, 0, 7.669668577324624e-15, 0.9984987894978749]
('challenge', 839);[4.847008140420144e-11, 1.7137776756938695e-15, 0.9999250229763097, 7.287182006988985e-14]
('challenge', 840);[5.09971338532486e-12, 0, 0.9981644529009287, 3.575175097281228e-10]
('challenge', 841);[0.9999545833252356, 0, 2.087872334247744e-14, 1.626036608865265e-14]
('challenge', 842);[8.875285603885808e-13, 0, 1.3343452225751545e-15, 0.9996646575567589]
('challenge', 843);[2.6808811439732672e-14, 0.9999545833252356, 2.8256279371730614e-15, 2.6808811439732672e-14]
('challenge', 844);[5.384847779922179e-13, 1.7138822795743077e-15, 3.098765944422369e-12, 0.9999833109787883]
('challenge', 845);[1.6257792114877495e-14, 0.9997965511486372, 5.1080464393609134e-12, 1.0813734396985368e-11]
('challenge', 846);[0.9999545833252356, 0, 2.061059272473023e-09, 3.0986772892857843e-12]
('challenge', 847);[2.5436510924469806e-13, 0, 0.9999938011552557, 1.783237087020986e-11]
('challenge', 848);[8.878180809125783e-13, 0, 0.9999897481064004, 5.6756311053384784e-14]
('challenge', 849);[9.862598683266585e-15, 0, 0.9999724634116024, 9.357373096685079e-14]
('challenge', 850);[3.265888395428674e-13, 0, 4.658530713857424e-15, 0.999925142169393]
('challenge', 851);[8.869768705236221e-13, 0, 0.9990436648465875, 8.869768705236221e-13]
('challenge', 852);[3.265888395428674e-13, 0.9999249037905161, 7.680618678146588e-15, 4.910055248382009e-16]
('challenge', 853);[3.26572644056255e-13, 0, 4.658317468125757e-15, 0.999876633606226]
('challenge', 854);[0.9999833109787883, 0, 8.095806642064278e-16, 2.319487437404004e-16]
('challenge', 855);[9.86165815740934e-15, 0, 0.999876633606226, 4.90983048903442e-16]
('challenge', 856);[9.35571340102189e-14, 0, 3.441774617728107e-14, 0.9997965511486372]
('challenge', 857);[0.9997965511486372, 1.039327860206076e-15, 1.542496368683903e-13, 3.627610677364163e-15]
('challenge', 858);[5.384847779922179e-13, 0, 1.4449554415922725e-07, 0.9999831917733143]
('challenge', 859);[8.410812876051005e-12, 0, 0, 0.9984984328719069]
('challenge', 860);[1.879518061819697e-12, 0, 7.681146082484628e-15, 0.9999938011552557]
('challenge', 861);[1.1399244498181055e-12, 0, 3.628136568467638e-15, 0.9999417100552707]
('challenge', 862);[1.463711509196798e-12, 0, 0.9999542257282243, 4.658672883101751e-15]
('challenge', 863);[2.543597725083059e-13, 0, 0.9999724634116024, 9.357373096685079e-14]
('challenge', 864);[1.6261017399624065e-14, 0.9999938011552557, 1.7138953555082794e-15, 1.7138953555082794e-15]
('challenge', 865);[1.388473904755689e-11, 0, 3.441682713657602e-14, 0.9997689066110691]
('challenge', 866);[0.999925142169393, 0, 5.981671841013421e-15, 3.628067367914352e-15]
('challenge', 867);[8.877859073021082e-13, 0, 1.5427405805161866e-13, 0.9999545833252356]
('challenge', 868);[7.287182006988985e-14, 0.999925142169393, 3.442221043837736e-14, 1.201453197838599e-13]
('challenge', 869);[5.674527021204132e-14, 0, 0.9997964319781567, 5.674527021204132e-14]
('challenge', 870);[0.9999545833252356, 0, 1.0394904264856412e-15, 1.806363505893949e-16]
('challenge', 871);[1.8767060240117366e-12, 0, 1.0799697507854013e-11, 0.9984987894978749]
('challenge', 872);[3.442319527980583e-14, 0, 0.9999545833252356, 4.658672883101751e-15]
('challenge', 873);[3.403967828843127e-14, 0.9888140562431144, 7.113655841426751e-09, 9.627286281472738e-10]
('challenge', 874);[5.383841337346324e-13, 0, 4.909437184932394e-16, 0.9997965511486372]
('challenge', 875);[0.9996646575567589, 0, 9.859551704947922e-15, 1.6255652615515353e-14]
('challenge', 876);[1.5389963303211448e-13, 0.9975271728542766, 1.6877144065298843e-10, 3.969123849029506e-12]
('challenge', 877);[0.9999938011552557, 0, 2.8257357283806583e-15, 1.1399853299773111e-12]
('challenge', 878);[1.5427700062381816e-13, 0, 0.9999723442092404, 2.0879121576319505e-14]
('challenge', 879);[0.999925142169393, 6.30463573626354e-16, 4.1934837077959627e-13, 1.266319938679698e-14]
('challenge', 880);[6.914149536220301e-13, 0, 7.287459996223938e-14, 0.9999645960934689]
('challenge', 881);[1.980967235266344e-13, 0, 0.9999785427891018, 4.910317480624923e-16]
('challenge', 882);[0.48522575865928813, 0.48522575865928813, 7.3899806783793144e-09, 7.011418451225651e-08]
('challenge', 883);[1.1398505282814422e-12, 0, 1.879295811396392e-12, 0.999876633606226]
('challenge', 884);[5.982082583924882e-15, 0, 0.9999938011552557, 4.658850600758511e-15]
('challenge', 885);[1.2015379896647526e-13, 0, 0.9999963045256735, 5.982105403802484e-15]
('challenge', 886);[0.999925142169393, 0, 9.356926913003444e-14, 1.6259900882502087e-14]
('challenge', 887);[0.999925142169393, 0, 3.5814815061537975e-10, 5.904864739814897e-10]
('challenge', 888);[8.878180809125783e-13, 0, 0.9999898673126559, 5.6756311053384784e-14]
('challenge', 889);[9.356462904543251e-14, 0.999876633606226, 1.6259094556702862e-14, 1.879295811396392e-12]
('challenge', 890);[1.2015356979150962e-13, 0, 0.9999933243243502, 1.783237087020986e-11]
('challenge', 891);[0.9997965511486372, 4.419326087673625e-14, 5.980918885589195e-15, 8.42174481629839e-12]
('challenge', 892);[2.6809936405831866e-14, 0, 0.9999963045256735, 5.982105403802484e-15]
('challenge', 893);[5.674970793911292e-14, 0.9998737733040751, 1.2662571420830886e-14, 0]
('challenge', 894);[8.423238826722712e-12, 0, 3.2660441288357665e-13, 0.9999724634116024]
('challenge', 895);[7.287598994818132e-14, 0, 0.9999833109787883, 4.658815056684806e-15]
('challenge', 896);[1.8766952854444525e-12, 0.9984926092390178, 6.550310172852885e-12, 8.864880825307107e-13]
('challenge', 897);[3.26572644056255e-13, 0.9998765144262002, 1.6259094556702862e-14, 2.680671503796068e-14]
('challenge', 898);[5.384940217754036e-13, 0.9999994039539004, 3.97896253583724e-12, 1.5428112031918877e-13]
('challenge', 899);[0.9703689891568913, 1.8238364608104775e-12, 2.816321694922468e-06, 3.475617086154471e-10]
('challenge', 900);[3.0981867767083427e-12, 2.5431465730268574e-13, 7.286236922907485e-14, 0.9997965511486372]
('challenge', 901);[3.266075276408309e-13, 0, 2.0611182406953487e-09, 0.9999833109787883]
('challenge', 902);[0.9999870063564401, 4.4201690876229367e-14, 7.287626794855114e-14, 3.266087735520499e-13]
('challenge', 903);[0.9975274099865513, 1.3853603473753973e-11, 2.6743746127566917e-14, 2.537375985329912e-13]
('challenge', 904);[2.087872334247744e-14, 0, 0.9999545833252356, 3.9787803975560205e-12]
('challenge', 905);[1.3887308139896881e-11, 0, 1.20148757218204e-13, 0.999954464125005]
('challenge', 906);[1.4568038059119046e-05, 0.8722490092194733, 5.648641354047181e-07, 1.3284331179622475e-08]
('challenge', 907);[0.9999938011552557, 2.2006851980157036e-15, 7.991914162723442e-11, 9.862786799201738e-15]
('challenge', 908);[1.9808614430271875e-13, 0, 2.8255417071675084e-15, 0.999925142169393]
('challenge', 909);[0.9999545833252356, 0, 7.287390497921029e-14, 2.2006012501388187e-15]
('challenge', 910);[1.1393614624530764e-12, 0, 3.440573493830909e-14, 0.9994471746722718]
('challenge', 911);[9.356462904543251e-14, 0.999876633606226, 1.334630299915645e-15, 0]
('challenge', 912);[5.981968485842631e-15, 0.9999724634116024, 1.9809559001133307e-13, 2.543597725083059e-13]
('challenge', 913);[6.912989116566801e-13, 0.9997965511486372, 5.674527021204132e-14, 6.912989116566801e-13]
('challenge', 914);[2.087947999327175e-14, 0.9999898673126559, 1.783230284524321e-11, 3.0987895862205052e-12]
('challenge', 915);[0.9996646575567589, 1.2659914986300087e-14, 5.383132832462897e-13, 7.678626588546446e-15]
('challenge', 916);[0.9999724634116024, 0, 5.981968485842631e-15, 4.658761741082707e-15]
('challenge', 917);[9.730816406926608e-10, 4.19147658099515e-13, 1.1854561211009766e-08, 0.9994468174748747]
('challenge', 918);[5.107744420702685e-12, 0.999735901989869, 7.2858061164289e-14, 4.4190647903359606e-14]
('challenge', 919);[5.843065703226784e-10, 1.506946506447115e-08, 0.0040436974365356485, 0.9894600885549227]
('challenge', 920);[1.2663972310737704e-14, 0, 0.9999833109787883, 2.543621982836946e-13]
('challenge', 921);[3.2643252435044774e-13, 0, 9.857408099325792e-15, 0.9994471746722718]
('challenge', 922);[9.862711552397113e-15, 0, 0.9999833109787883, 2.543621982836946e-13]
('challenge', 923);[9.833296492671255e-15, 8.071661290693089e-16, 0.0014989316715557748, 0.9970020794379725]
('challenge', 924);[4.420025766287618e-14, 0, 0.9999545833252356, 2.2006012501388187e-15]
('challenge', 925);[9.35571340102189e-14, 0.9997965511486372, 7.679651864244248e-15, 1.4634798074615157e-12]
('challenge', 926);[9.35244840775841e-14, 0, 3.8221319032535806e-16, 0.9994471746722718]
('challenge', 927);[0.9999545833252356, 0, 1.9809181167383847e-13, 5.384693720395265e-13]
('challenge', 928);[6.913740729802721e-13, 0.9999039265409296, 4.419806577939894e-14, 2.0877687970035287e-14]
('challenge', 929);[0.999876276066191, 3.442050344664701e-14, 5.6749816180694e-14, 1.9807632124353936e-13]
('challenge', 930);[8.402635254333227e-12, 0, 7.662211551559056e-15, 0.9975274099865513]
('challenge', 931);[1.542293378636202e-13, 0.9996635853826402, 7.678626588546446e-15, 6.557998322114383e-12]
('challenge', 932);[3.442319527980583e-14, 0.9999545833252356, 1.3347321280111435e-15, 9.862410570919425e-15]
('challenge', 933);[3.978727275461189e-12, 0, 5.108786947760935e-12, 0.9999417100552707]
('challenge', 934);[5.108280272522308e-12, 5.981169860198922e-15, 2.4129807427662935e-12, 0.9998415959451853]
('challenge', 935);[1.626036608865265e-14, 0.9999545833252356, 7.680853075603749e-15, 4.658672883101751e-15]
('challenge', 936);[1.1399396695530941e-12, 0, 1.2663585842870401e-14, 0.9999545833252356]
('challenge', 937);[1.9809181167383847e-13, 0, 6.559899872895323e-12, 0.9999545833252356]
('challenge', 938);[1.626083130811306e-14, 0, 0.9999833109787883, 3.628288814330979e-15]
('challenge', 939);[0.9999870063564401, 1.806425523527886e-16, 7.287626794855114e-14, 9.862749175727664e-15]
('challenge', 940);[3.440573493830909e-14, 0.9994471746722718, 7.283694143597163e-14, 8.418805763025449e-12]
('challenge', 941);[3.265888395428674e-13, 0, 0.9999249037905161, 6.559712195339276e-12]
('challenge', 942);[5.384734802504803e-13, 8.09562134587607e-16, 0.9999623312833917, 2.4132707111054776e-12]
('challenge', 943);[1.1399722839551978e-12, 0, 0.9999831917733143, 2.413321344071142e-12]
('challenge', 944);[4.193771661356955e-13, 0.999994397195003, 3.5817274354157635e-10, 2.413348962500173e-12]
('challenge', 945);[8.42174481629839e-12, 0, 2.1719966150819411e-10, 0.9997965511486372]
('challenge', 946);[1.2619697199451955e-11, 0.9086805410497009, 1.9740527778094732e-10, 0.07458903429284867]
('challenge', 947);[0.999925142169393, 0, 2.6808044444456976e-14, 1.0394587042393862e-15]
('challenge', 948);[1.4634518940656204e-12, 0.9997770091546289, 1.0813528143337185e-11, 2.9016727997002097e-06]
('challenge', 949);[7.285278065816753e-14, 0.9996646575567589, 1.6255652615515353e-14, 7.285278065816753e-14]
('challenge', 950);[1.3852282354168604e-11, 0.9974318112308489, 1.7786682621887592e-11, 2.537134013837368e-13]
('challenge', 951);[9.23739680501087e-09, 6.144177195963701e-06, 1.0956566440975402e-16, 2.978303545880763e-16]
('challenge', 952);[6.516290950147959e-12, 0, 4.165725434435833e-13, 0.9933066782381785]
('challenge', 953);[4.419326087673625e-14, 0.9997964319781567, 1.4634798074615157e-12, 1.9806045425386765e-13]
('challenge', 954);[5.675587803874744e-14, 0, 0.9999833109787883, 1.980974792071053e-13]
('challenge', 955);[5.109001325490331e-12, 0, 5.109001325490331e-12, 0.9999833109787883]
('challenge', 956);[0.9999724634116024, 0, 2.8256818322628714e-15, 1.0395102533811623e-15]
('challenge', 957);[1.8788728912599007e-12, 0.999651672608207, 4.597450382412475e-10, 1.1395940142520504e-12]
('challenge', 958);[1.5229950695859287e-08, 0, 0.9999983310727032, 4.847359460656998e-11]
('challenge', 959);[1.201453197838599e-13, 0, 6.30463573626354e-16, 0.999925142169393]
('challenge', 960);[1.4636696326736608e-12, 0.9999250229763097, 3.442221043837736e-14, 6.82509566181323e-08]
('challenge', 961);[5.383841337346324e-13, 0.9997961936663362, 1.9806045425386765e-13, 2.9394777709107856e-11]
('challenge', 962);[0.9996646575567589, 0, 6.303000529542677e-16, 5.980120400072883e-15]
('challenge', 963);[4.420211241841274e-14, 0, 0.9999952316511552, 6.91437373064733e-13]
('challenge', 964);[4.1937556634181793e-13, 0.9999898673126559, 9.357533728018829e-14, 1.4637645545127353e-12]
('challenge', 965);[4.1934837077959627e-13, 0, 0.9999250229763097, 2.543476439783665e-13]
('challenge', 966);[4.4201943801056973e-14, 0, 1.3347830449722919e-15, 0.9999921322487634]
('challenge', 967);[0.9997965511486372, 0, 1.8791452695898686e-12, 1.201297379815822e-13]
('challenge', 968);[0.999876633606226, 0, 3.9784692639462915e-12, 2.2894509872711877e-11]
('challenge', 969);[2.413141831986392e-12, 0, 0.9999091707720544, 1.0814951373588987e-11]
('challenge', 970);[1.3875234891201389e-11, 0, 0.9990853101026513, 7.984646383511558e-11]
('challenge', 971);[2.6809834134235834e-14, 0, 0.9999921322487634, 4.658850600758511e-15]
('challenge', 972);[1.9808614430271875e-13, 0.999925142169393, 2.0878126005956116e-14, 0]
('challenge', 973);[1.1399657610001283e-12, 0.9999767547297425, 9.357408792298728e-14, 6.560050018806248e-12]
('challenge', 974);[4.193683673448897e-13, 0, 1.6260676233480695e-14, 0.9999724634116024]
('challenge', 975);[2.6808811439732672e-14, 0, 0.9999545833252356, 2.8256279371730614e-15]
('challenge', 976);[8.422997839374179e-12, 0, 0.9999445707518435, 2.7534926265209245e-05]
('challenge', 977);[1.1389529817030765e-12, 0.9990884038643753, 9.349095393578246e-14, 9.349095393578246e-14]
('challenge', 978);[1.1396918305886392e-12, 0.9997376891930273, 1.1396918305886392e-12, 1.8790341631346562e-12]
('challenge', 979);[8.42174481629839e-12, 0, 1.2498977533425927e-09, 0.9997965511486372]
('challenge', 980);[3.440573493830909e-14, 0.9994465793045639, 6.910576594728152e-13, 1.9799133434593734e-13]
('challenge', 981);[0.9999985694905718, 0, 2.08796392916699e-14, 2.08796392916699e-14]
('challenge', 982);[0.9999938011552557, 0, 2.8257357283806583e-15, 7.681146082484628e-15]
('challenge', 983);[3.265888395428674e-13, 0, 4.419899310145061e-14, 0.999925142169393]
('challenge', 984);[1.201139291007717e-13, 0, 3.627126371417183e-15, 0.9996646575567589]
('challenge', 985);[5.384272646843293e-13, 0.999876276066191, 3.0984349781868876e-12, 5.904571918547718e-10]
('challenge', 986);[0.999876633606226, 4.90983048903442e-16, 1.2662619724799594e-14, 2.8254123670931997e-15]
('challenge', 987);[2.680978299858412e-14, 0, 0.9999898673126559, 1.9809899057669524e-13]
('challenge', 988);[0.9999828341569776, 3.978894233004715e-12, 2.0879320696088945e-14, 1.2663972310737704e-14]
('challenge', 989);[3.265882166246849e-13, 0, 0.9999228775396172, 7.680618678146588e-15]
('challenge', 990);[0.9999938011552557, 0, 1.9809974626581428e-13, 1.1399853299773111e-12]
('challenge', 991);[4.4202028109654453e-14, 0, 1.4449705998576035e-07, 0.9999936819476216]
('challenge', 992);[1.20148757218204e-13, 0, 0.9999545833252356, 4.193603686043509e-13]
('challenge', 993);[5.384539665275966e-13, 0.9999247845974613, 3.978666565364138e-12, 1.1399070560840825e-12]
('challenge', 994);[1.6260676233480695e-14, 0.9999724634116024, 9.862598683266585e-15, 7.287529495189636e-14]
('challenge', 995);[1.626036608865265e-14, 6.645239971007532e-17, 0.9999545833252356, 1.2663585842870401e-14]
('challenge', 996);[0.9999724634116024, 0, 3.824144511058464e-16, 1.4068241456870264e-16]
('challenge', 997);[0.9996646575567589, 3.773867469368052e-11, 1.71333318042236e-15, 4.4187445114498135e-14]
('challenge', 998);[7.287529495189636e-14, 0, 0.9999724634116024, 1.4637394275445062e-12]
('challenge', 999);[0.999876633606226, 3.6279012919715435e-15, 6.913542928923369e-13, 2.680671503796068e-14]
('challenge', 1000);[1.20148757218204e-13, 0, 0.9999545833252356, 2.8256279371730614e-15]
('challenge', 1001);[0.9997965511486372, 0, 4.657944311583419e-15, 7.679651864244248e-15]
('challenge', 1002);[0.9600331051593305, 0.0008754367118672862, 0.00392343514334831, 7.982949495361236e-07]
('challenge', 1003);[0.9994471746722718, 0, 7.283694143597163e-14, 3.626337782978822e-15]
('challenge', 1004);[0.9933071486460123, 5.9420995333906395e-15, 1.3794988049716252e-11, 1.8669486149540363e-12]
('challenge', 1005);[1.1398505282814422e-12, 0, 0.999876633606226, 3.442050344664701e-14]
('challenge', 1006);[3.442050344664701e-14, 0.999876633606226, 5.98139802807396e-15, 7.286820636836835e-14]
('challenge', 1007);[1.4636919666702374e-12, 0, 2.6808453505873214e-14, 0.9999417100552707]
('challenge', 1008);[0.9990888798598818, 1.0385906836295783e-15, 7.1875770373061405e-09, 1.200447610839275e-13]
('challenge', 1009);[4.1932677556003545e-13, 0.999874369188163, 1.6259063544970666e-14, 1.139848354191169e-12]
('challenge', 1010);[2.680957845695259e-14, 0, 0.9999833109787883, 4.193723667723709e-13]
('challenge', 1011);[1.201453197838599e-13, 0.999925142169393, 8.877605079069033e-13, 1.4636696326736608e-12]
('challenge', 1012);[1.7132090038219568e-15, 0, 0.9995931850575193, 0.00020338552970650622]
('challenge', 1013);[1.0809960577881912e-11, 0, 2.0600138495118516e-09, 0.9994470555870668]
('challenge', 1014);[1.6257792114877495e-14, 0.9997965511486372, 1.0813734396985368e-11, 2.0875418294728254e-14]
('challenge', 1015);[0.9974911136112399, 9.334146323167337e-14, 3.526879504102803e-05, 2.9327015964792305e-11]
('challenge', 1016);[0.999925142169393, 0, 4.910055248382009e-16, 9.862109598626822e-15]
('challenge', 1017);[2.5431465730268574e-13, 0, 0.9997961936663362, 4.419326087673625e-14]
('challenge', 1018);[1.0789012026464644e-11, 0.9975106849833801, 1.8748491657730395e-12, 3.0911036989644007e-12]
('challenge', 1019);[4.1934837077959627e-13, 4.910055248382009e-16, 0.999925142169393, 5.675263053426874e-14]
('challenge', 1020);[1.879389009986991e-12, 0, 5.981671841013421e-15, 0.999925142169393]
('challenge', 1021);[0.9999724634116024, 4.658761741082707e-15, 1.6260676233480695e-14, 1.713862665860402e-15]
('challenge', 1022);[5.1082315563976354e-12, 0, 4.8465551598051336e-11, 0.9998312281358948]
('challenge', 1023);[0.9999991655356624, 0, 7.681204685202095e-15, 1.039538011670222e-15]
('challenge', 1024);[9.357373096685079e-14, 0, 0.9999724634116024, 5.108952602489194e-12]
('challenge', 1025);[8.875285603885808e-13, 0, 0.9996646575567589, 5.1073742286436404e-12]
('challenge', 1026);[1.266319938679698e-14, 0, 0.999925142169393, 5.108708994453272e-12]
('challenge', 1027);[0.9999963045256735, 0, 7.681175383787474e-15, 4.658868372897056e-15]
('challenge', 1028);[0.9999545833252356, 0, 5.6754254263280127e-14, 1.9809181167383847e-13]
('challenge', 1029);[1.1393614624530764e-12, 0, 4.656309882839882e-15, 0.9994471746722718]
('challenge', 1030);[1.0815652744342992e-11, 1.5427700062381816e-13, 0.9999737746439785, 2.939999231787076e-11]
('challenge', 1031);[3.4424180149411245e-14, 0, 0.9999833109787883, 5.675587803874744e-14]
('challenge', 1032);[2.680456767441935e-14, 0, 0.9997965511486372, 2.2002570973222784e-15]
('challenge', 1033);[1.2008781463822596e-13, 0, 8.091453302683664e-16, 0.9994471746722718]
('challenge', 1034);[0.999925142169393, 2.6808044444456976e-14, 3.3980150433190693e-09, 2.413183256666908e-12]
('challenge', 1035);[1.879389009986991e-12, 4.847008140420144e-11, 4.5987132832985696e-10, 0.999925142169393]
('challenge', 1036);[1.2015219475089526e-13, 0.9999833109787883, 2.680957845695259e-14, 2.543621982836946e-13]
('challenge', 1037);[1.542293378636202e-13, 0.9996645384165465, 2.6801040236312333e-14, 1.201139291007717e-13]
('challenge', 1038);[1.2717060780377399e-13, 0.4999498144555294, 8.915347898462495e-12, 1.1300509982033695e-06]
('challenge', 1039);[2.087872334247744e-14, 0, 0.9999545833252356, 1.9809181167383847e-13]
('challenge', 1040);[3.265888395428674e-13, 0, 5.675263053426874e-14, 0.999925142169393]
('challenge', 1041);[1.1399875043288452e-12, 0, 0.9999952316511552, 2.5436559440810405e-13]
('challenge', 1042);[4.193603686043509e-13, 0, 4.420025766287618e-14, 0.9999545833252356]
('challenge', 1043);[4.1932757536315027e-13, 0.9998765144262002, 3.26572644056255e-13, 8.763161715800284e-08]
('challenge', 1044);[3.265035108194458e-13, 0, 4.657322450438044e-15, 0.9996646575567589]
('challenge', 1045);[9.357373096685079e-14, 0, 0.9999723442092404, 1.9809559001133307e-13]
('challenge', 1046);[5.384693720395265e-13, 0, 6.914083598066395e-13, 0.9999545833252356]
('challenge', 1047);[2.6808044444456976e-14, 0, 0.999925142169393, 1.266319938679698e-14]
('challenge', 1048);[1.4637645545127353e-12, 0, 7.582488115325394e-10, 0.9999898673126559]
('challenge', 1049);[9.862109598626822e-15, 0, 0.999925142169393, 1.7137776756938695e-15]
('challenge', 1050);[2.5436413892066206e-13, 2.680978299858412e-14, 0.9999897481064004, 3.0987895862205052e-12]
('challenge', 1051);[6.559562057160428e-12, 0.9999024963061419, 1.201425699071927e-13, 2.6807430864035838e-14]
('challenge', 1052);[0.9999833109787883, 8.532917422763657e-17, 1.626083130811306e-14, 2.319487437404004e-16]
('challenge', 1053);[7.99174648745036e-11, 0, 5.602646828729019e-09, 0.9999724634116024]
('challenge', 1054);[0.9996646575567589, 9.859551704947922e-15, 1.8788979770868487e-12, 2.6801040236312333e-14]
('challenge', 1055);[7.287696295411537e-14, 0.9999963045256735, 6.560175143023867e-12, 1.463772930264664e-12]
('challenge', 1056);[4.419680128068277e-14, 0.9998765144262002, 3.442050344664701e-14, 6.22337301584689e-11]
('challenge', 1057);[6.913542928923369e-13, 0, 9.86165815740934e-15, 0.9998763952461884]
('challenge', 1058);[3.0988073176874773e-12, 0.9999970197767496, 1.1399875043288452e-12, 1.3887890886763582e-11]
('challenge', 1059);[9.859551704947922e-15, 0.9996646575567589, 1.71333318042236e-15, 1.3343452225751545e-15]
('challenge', 1060);[3.581017019174275e-10, 2.9394777709107856e-11, 8.094293513964196e-16, 0.9997965511486372]
('challenge', 1061);[6.914215475003047e-13, 0, 2.9782467397905466e-16, 0.9999724634116024]
('challenge', 1062);[1.2015356979150962e-13, 0, 0.9999938011552557, 3.2661126538874626e-13]
('challenge', 1063);[0.9990889988442552, 4.5948642725342536e-10, 2.059275298990363e-09, 8.415787475848366e-12]
('challenge', 1064);[9.356926913003444e-14, 0.999925142169393, 4.847008140420144e-11, 2.9398590450415344e-11]
('challenge', 1065);[0.999876633606226, 0, 1.4635970495383212e-12, 3.442050344664701e-14]
('challenge', 1066);[1.8788657239422905e-12, 0.9996479797235078, 5.6736828664937366e-14, 8.875133250818707e-13]
('challenge', 1067);[1.9809181167383847e-13, 1.626036608865265e-14, 0.9999543449247886, 1.783165662100216e-11]
('challenge', 1068);[1.2663827383905348e-14, 0.9999724634116024, 5.981968485842631e-15, 9.357373096685079e-14]
('challenge', 1069);[4.419899310145061e-14, 0.999925142169393, 5.981671841013421e-15, 9.862109598626822e-15]
('challenge', 1070);[5.383132832462897e-13, 0, 4.361997713473346e-09, 0.9996641810250884]
('challenge', 1071);[1.8794427805070615e-12, 0.9999535105382235, 1.20148757218204e-13, 9.357194620659337e-14]
('challenge', 1072);[3.442319527980583e-14, 0, 0.9999545833252356, 1.626036608865265e-14]
('challenge', 1073);[1.201297379815822e-13, 0, 1.3345233887762855e-15, 0.9997965511486372]
('challenge', 1074);[6.912989116566801e-13, 0, 7.679651864244248e-15, 0.9997965511486372]
('challenge', 1075);[0.9997965511486372, 0, 6.558861457760731e-12, 2.0875418294728254e-14]
('challenge', 1076);[9.862786799201738e-15, 0.9999938011552557, 7.681146082484628e-15, 2.5436510924469806e-13]
('challenge', 1077);[0.999876633606226, 4.1932757536315027e-13, 7.680267095372901e-15, 9.356462904543251e-14]
('challenge', 1078);[2.7467600951235802e-05, 0, 0.9974996535837757, 1.9760538681581035e-13]
('challenge', 1079);[5.6756527561942324e-14, 0, 1.039530080654855e-15, 0.9999938011552557]
('challenge', 1080);[2.087947999327175e-14, 0.9999898673126559, 2.200676803083908e-15, 9.357533728018829e-14]
('challenge', 1081);[0.998424037412149, 0, 1.3866054605648396e-11, 7.473385338012021e-05]
('challenge', 1082);[4.42018594926203e-14, 0, 0.9999898673126559, 6.305044604224876e-16]
('challenge', 1083);[1.4634798074615157e-12, 0, 3.0981867767083427e-12, 0.9997965511486372]
('challenge', 1084);[0.9999724634116024, 0, 9.357373096685079e-14, 7.680999577647024e-15]
('challenge', 1085);[1.2662619724799594e-14, 0, 0.999876633606226, 1.6259094556702862e-14]
('challenge', 1086);[6.913516555900365e-13, 0.9998729390465786, 2.289442253725425e-11, 1.5426140563068693e-13]
('challenge', 1087);[9.356462904543251e-14, 1.0394111226851284e-15, 1.2662619724799594e-14, 0.999876633606226]
('challenge', 1088);[4.192388065299494e-13, 0, 1.4632872158665164e-12, 0.9996646575567589]
('challenge', 1089);[1.463644507334859e-12, 0.999909051580875, 1.783084037122373e-11, 8.763445865283824e-08]
('challenge', 1090);[2.289630032301502e-11, 0.9999545833252356, 2.087872334247744e-14, 5.6754254263280127e-14]
('challenge', 1091);[3.4424180149411245e-14, 0, 0.9999833109787883, 2.680957845695259e-14]
('challenge', 1092);[3.442050344664701e-14, 0, 0, 0.999876633606226]
('challenge', 1093);[3.978666565364138e-12, 0, 4.658530713857424e-15, 0.999925142169393]
('challenge', 1094);[0.9999545833252356, 1.7138299768360243e-15, 4.420025766287618e-14, 1.0815446454105586e-11]
('challenge', 1095);[2.289630032301502e-11, 1.20148757218204e-13, 3.2240391490788186e-08, 0.9999543449247886]
('challenge', 1096);[1.4636696326736608e-12, 4.910055248382009e-16, 2.20053409414297e-15, 0.999925142169393]
('challenge', 1097);[8.423142430955934e-12, 0, 0.9999623312833917, 5.6754687265528996e-14]
('challenge', 1098);[2.3194962855632653e-16, 0, 0.9999898673126559, 8.095837525174643e-16]
('challenge', 1099);[8.418805763025449e-12, 0, 4.656309882839882e-15, 0.9994471746722718]
('challenge', 1100);[0.9999039265409296, 1.2662957857740013e-14, 4.193395725929348e-13, 6.913740729802721e-13]
('challenge', 1101);[1.2013936179729542e-13, 0.9998765144262002, 1.7136992269732716e-15, 1.4635970495383212e-12]
('challenge', 1102);[1.2008529512203708e-13, 1.2656921128283526e-14, 0.000552767192519934, 1.6692114896380467e-05]
('challenge', 1103);[0.9706850756068106, 1.6423008215703656e-10, 2.469099421808155e-13, 1.1663199822543508e-13]
('challenge', 1104);[8.878028406359617e-13, 1.713862665860402e-15, 2.2006432236769663e-15, 0.9999724634116024]
('challenge', 1105);[9.357194620659337e-14, 0, 0.9999545833252356, 2.087872334247744e-14]
('challenge', 1106);[5.675587803874744e-14, 0, 0.9999833109787883, 4.658815056684806e-15]
('challenge', 1107);[2.497913739627548e-13, 0.9820137577607906, 2.497913739627548e-13, 3.207384730375297e-13]
('challenge', 1108);[1.626095536888377e-14, 0, 0.9999898673126559, 1.4637645545127353e-12]
('challenge', 1109);[1.116770261301335e-12, 0.9796292068690171, 1.94065572234517e-13, 3.508787857856936e-10]
('challenge', 1110);[6.914083598066395e-13, 0, 1.2663585842870401e-14, 0.9999545833252356]
('challenge', 1111);[7.681087480214263e-15, 0, 0.9999833109787883, 4.658815056684806e-15]
('challenge', 1112);[1.2664020620050393e-14, 0, 0.9999898673126559, 2.680978299858412e-14]
('challenge', 1113);[8.877418821455948e-13, 0, 9.861921495608122e-15, 0.9999039265409296]
('challenge', 1114);[0.999925142169393, 3.628067367914352e-15, 2.413183256666908e-12, 7.193597903156588e-09]
('challenge', 1115);[2.543471588491982e-13, 0, 0.9999233543037372, 5.981671841013421e-15]
('challenge', 1116);[3.043076100524508e-12, 0.01798615127867028, 6.112181737715495e-11, 1.661463254987126e-10]
('challenge', 1117);[3.2661001946802167e-13, 0, 2.680978299858412e-14, 0.9999898673126559]
('challenge', 1118);[4.1937956583795446e-13, 0, 0.9999994039539004, 1.9810087980489796e-13]
