confidence_per_choice;id
[0.0004685003714999017, 0.8470683787702971, 0.001852954913998904, 0.0006816640182777949];('easy', 0)
[0.0002378822531897978, 0.7091171716882987, 0.002256963978422557, 0.0012080657632063613];('easy', 1)
[0.00014068904280049326, 6.645679815610207e-05, 0.001039559725458287, 0.7835203691495047];('easy', 2)
[0.7803870291501896, 9.047247845216486e-05, 0.0019343859606744326, 0.0006280031749563062];('easy', 3)
[0.0002168819793017524, 0.0001913976749602128, 0.8836827841044028, 0.002482082814893162];('easy', 4)
[0.0010646293844314507, 0.00034563455647787153, 0.9092559394502567, 0.0005028953122706729];('easy', 5)
[0.7113918854255392, 1.728740592370279e-05, 0.0007350795553633, 0.0001640183406999916];('easy', 6)
[0.0003211960291230682, 0.0003211960291230682, 0.8449662729673818, 0.000600073469089714];('easy', 7)
[0.0003930854290552243, 0.7107150435126648, 0.004788760865505804, 0.0005719359244868633];('easy', 8)
[0.007171864291649313, 0.0038388223258925473, 0.7315499587134655, 0.0055854535264183314];('easy', 9)
[0.8425121602508009, 0.000125416840407201, 0.001842987894972362, 0.0023664432997923504];('easy', 10)
[0.6856892036426337, 0.005932374170785107, 0.0019259599118383291, 0.002182398494768324];('easy', 11)
[0.00020657104889926093, 0.7906767985487522, 0.002851625369223541, 0.0013470124453689473];('easy', 12)
[0.004140903816604712, 0.7891167765165373, 0.001186388806793919, 0.0006350281675034534];('easy', 13)
[0.7379677746391068, 0.0006729396251847721, 0.00207279997179872, 0.0008640715826335696];('easy', 14)
[0.855949569193187, 0.04261522035588115, 0.0016523714108735662, 0.001002213921927439];('easy', 15)
[0.003099263351966016, 0.0008879538170712552, 0.007434746284528929, 0.8593399067694144];('easy', 16)
[0.7959521318050515, 0.0009319641858052182, 0.001972968196832065, 0.0013559998890782347];('easy', 17)
[0.0023160689041513342, 0.8245775473933126, 0.0005855939255815654, 0.0010940334841646254];('easy', 18)
[0.7660183604944361, 0, 0.0014787633565134341, 0.0007915249866489176];('easy', 19)
[0.001422331870370216, 0.0012552034700490699, 0.8348878992593797, 0.0005929161361356387];('easy', 20)
[0.0013227987727708614, 0.5336551129326192, 0.0013227987727708614, 0.0040745070676169014];('easy', 21)
[0.0003595230556862226, 0.7365836595509238, 0.0012548587654595683, 0.0005927533092169818];('easy', 22)
[0.0014714636012059263, 0.00019914094324157013, 0.0011459770048802447, 0.7622369255916048];('easy', 23)
[0.6842606026073254, 0.00020257173935031846, 0.0003784538331312463, 0.0007070448438221798];('easy', 24)
[0.8689903416722151, 0.00022703126446522743, 0.0011529593457212876, 0.0006171346664150967];('easy', 25)
[0.566809721998167, 0.0026248491341372077, 0.08692308612441202, 0.002316421230627943];('easy', 26)
[0.0002462237444571565, 0.000149342250162514, 0.0011034982643913511, 0.8317114019595918];('easy', 27)
[0.6846867969338235, 0.0001229425092377373, 0.002798158612785842, 0.030083040142793706];('easy', 28)
[0.0003605852836659129, 0.6940007708594709, 0.0036417823567989564, 0.0007171094646063604];('easy', 29)
[0.7561533389329266, 0.000537000799363424, 0.0027271150824681335, 0.0007813315527168932];('easy', 30)
[0.6206948780309489, 0.00016216189668690425, 0.050949741245872614, 0.0010574278922839302];('easy', 31)
[0.0012590026764078583, 6.67247291910676e-05, 0.8374152459346464, 0.003020190415473264];('easy', 32)
[0.8124295378813234, 6.47338390449582e-05, 0.0005769667021273442, 0.0002405153900493506];('easy', 33)
[0.6970985482382099, 2.9730758757814203e-05, 0.000720310348199999, 0.00020637236998733352];('easy', 34)
[0.0028693092761228095, 0.6195983341020256, 0.07400046155876243, 0.008838094777070277];('easy', 35)
[0.0002657032548931388, 0.6989818208710641, 0.0006373889736897931, 0.00049639903183069];('easy', 36)
[0.8581344171558248, 8.247674724856529e-05, 0.0010047719961413758, 0.00187716121993223];('easy', 37)
[0.00012884202907836065, 0.00018746404615100338, 0.00065431412526167, 0.8130821878552611];('easy', 38)
[0.00017888780170592593, 8.450061421924645e-05, 0.014210818265375498, 0.8791923378447375];('easy', 39)
[0.0001844558050445939, 7.689261943231461e-05, 0.0009367438718568433, 0.9065576295367005];('easy', 40)
[0.01330327459669031, 0.5656694951290875, 0.0007505193955039379, 0.0008504498920119368];('easy', 41)
[0.7227853089503475, 0, 0.0006590948292718987, 0.0012313512503517056];('easy', 42)
[0.57431829849489, 5.519870021802307e-05, 0.00207131495677095, 0.0011086950026739692];('easy', 43)
[0.0008311791560213733, 0.6264633059610951, 0.0010672551621525091, 0.001759606287105356];('easy', 44)
[0.0013451548949752316, 5.910198133372833e-05, 0.00043670785563287075, 0.8947183368886329];('easy', 45)
[0.00010582651965115864, 0.00019770996752739876, 0.0002876663053368086, 0.857521323833292];('easy', 46)
[0.0006449739678153245, 0.0007308512538983079, 0.8014758741618613, 0.0006449739678153245];('easy', 47)
[0.0008704305206954847, 0.0002200791960867979, 0.84238102709528, 0.0003202133408423666];('easy', 48)
[0.00023260784801353685, 0.7857184967955684, 0.005294130218719108, 0.0006322936864121606];('easy', 49)
[0.7092652684542038, 0.00011239109085122107, 0.00034618893170820835, 0.00018530158212359875];('easy', 50)
[0.7971506109410748, 7.66154907007859e-05, 0.0009333673076943366, 0.0007269071901255983];('easy', 51)
[6.912061370828417e-05, 5.38311880823878e-05, 0.0008420614590612897, 0.8149263363878058];('easy', 52)
[0.030704985305032594, 0.01450400806050176, 0.00366718753556605, 0.6988421819094588];('easy', 53)
[0.006337767181504405, 0.00031553884796516415, 0.8300836651064345, 0.0007569383466704726];('easy', 54)
[0.0001017460701124582, 0.00021539643211834834, 0.0009653393753048225, 0.8244567120003001];('easy', 55)
[0.00029634754285308966, 7.492839295270497e-05, 0.00043118313059444495, 0.7795973652788919];('easy', 56)
[0.0007210962942507833, 3.590125338262136e-05, 0.001960142953231061, 0.8960688815011446];('easy', 57)
[0.0007502145474762717, 0.8227103325879492, 0.0014015852955293886, 0.0009632945469284251];('easy', 58)
[0.009680558260133202, 0.0011561778074866192, 0.8714162138158865, 0.0011561778074866192];('easy', 59)
[0.0008247313179108598, 0.00026775092959384133, 0.0053779237469681876, 0.9044276426303384];('easy', 60)
[0.009501294299343105, 0.00019719307212602406, 0.8552791672562938, 0.0004730415888645911];('easy', 61)
[0.8320984159729643, 0.00013185542351619014, 0.0007587755730121368, 0.002062565851997491];('easy', 62)
[0.004225204236713662, 0.7105700746364223, 0.008944757439314766, 0.002261588855527845];('easy', 63)
[0.0002685039840613281, 0.7063494281984263, 0.006111119595420204, 0.0005684226676732867];('easy', 64)
[0.00023754854632355508, 0.7081221942659803, 0.0022537978558288666, 0.0010646187237329722];('easy', 65)
[0.001381549057564622, 0.0001650025047510319, 0.011567568633807415, 0.8109492293421052];('easy', 66)
[0.0003334738323641334, 0.6832146529816396, 0.0013189145920865025, 0.001693519858679414];('easy', 67)
[0.0012702634729538278, 0.006450930203283204, 0.844904994896447, 0.0020943104072523927];('easy', 68)
[0.00110064685334982, 0.00717711904605468, 0.7320859145350632, 0.0016014317221505266];('easy', 69)
[0.7686761387829065, 0.00013802367006634806, 0.00190535799286415, 0.0002275625606984846];('easy', 70)
[0.0016582019802254481, 0.0006912414265116824, 0.8589698020496856, 0.0008875715607084919];('easy', 71)
[0.0001627050057695574, 9.868557448795748e-05, 0.002545133297353481, 0.9061302793129423];('easy', 72)
[0.8033379168894941, 6.40094495995863e-05, 0.00044431364577869853, 0.0003053720051642292];('easy', 73)
[0.601055565871153, 9.524409549807741e-05, 0.0021677445881526673, 0.001160310064918907];('easy', 74)
[0.7416223792699346, 0.00019375522751682465, 0.0030308416996828146, 0.0007663167902959737];('easy', 75)
[0.000982054040892204, 0.7401784440489553, 0.002355825176036862, 0.0007648244560652858];('easy', 76)
[0.0014892731081514946, 0.0004834961891318212, 0.8741816692834896, 0.0004266838893202879];('easy', 77)
[0.0005216169453131219, 0.7344913496011305, 0.0005910694346750074, 0.0006697694155570682];('easy', 78)
[0.8313994054211926, 0.00013174468682016383, 0.0007581379658164123, 0.0004058020105973742];('easy', 79)
[0.0006410649379701212, 4.643858834973306e-05, 0.0004405970588756639, 0.7966183600603904];('easy', 80)
[0.8735919322268376, 5.421015386646967e-05, 0.0011590647494672665, 0.0007966127757333965];('easy', 81)
[0.0010243612148656703, 0.0004838739758276946, 0.004590868460741697, 0.7720655468965125];('easy', 82)
[0.0009139793328093137, 0.7805918834776984, 0.001329832082376023, 0.001173572693654463];('easy', 83)
[0.00020168117660123157, 0.7719600332448509, 0.0011605950385694314, 0.0005482262774973674];('easy', 84)
[0.00014253925320920326, 0.00030175560141184157, 0.00014253925320920326, 0.7938244354263997];('easy', 85)
[0.0015401677597865714, 0.7978265090476446, 0.0022409308675612094, 0.0011994838573831132];('easy', 86)
[9.916927800959526e-05, 0.000269570046354886, 0.006952299811870324, 0.803576635496207];('easy', 87)
[0.8233602974021637, 7.913449484116242e-05, 0.0008507764031925342, 0.000401878316729457];('easy', 88)
[0.0006645188865647064, 0.8257630410099379, 0.0009668692748032942, 0.0005864358591023176];('easy', 89)
[0.530912609067567, 0.006683204237944269, 0.005204884693937128, 0.009724004788348891];('easy', 90)
[0.00017385059091251147, 0.00022322857743784763, 0.00047257512748567423, 0.8544357981185636];('easy', 91)
[0.000973086931411633, 0.8310735566953495, 0.000973086931411633, 0.0005902070584668398];('easy', 92)
[0.0013936075327135704, 0.8180272815848169, 0.024702284576211764, 0.003788218032178943];('easy', 93)
[0.00026272019085332526, 0.7831578396113857, 0.0004331523669022746, 0.0009169835679279346];('easy', 94)
[0.00029819084089966017, 0.7844467142550714, 0.0017159698110015833, 0.00033789449008414605];('easy', 95)
[0.000953045663266255, 0.8139570483157124, 0.004839965239633266, 0.0025906467081483592];('easy', 96)
[0.7465013437065804, 0.00019502994545335479, 0.001850391720305103, 0.000600734237576513];('easy', 97)
[0.11435485237310826, 0.6580666610328652, 0.0064514593044151395, 0.0023733592436485434];('easy', 98)
[0.003408867934910153, 0.0014210275721639526, 0.015277486166112722, 0.8341226434088399];('easy', 99)
[0.00012385784793344753, 0.00018021210537625288, 0.00012385784793344753, 0.7816279685151115];('easy', 100)
[9.257682003538876e-05, 5.6150679730162086e-05, 0.00032312485183473143, 0.8500400981306668];('easy', 101)
[0.00030159650292686476, 0.00014246410040630845, 0.8990467655020487, 0.00038725776000107895];('easy', 102)
[0.0011300559562686281, 0.663326540627938, 0.0014510205701282895, 0.0006048753654587395];('easy', 103)
[0.00022683259169694684, 3.267833316332809e-05, 0.0013053308167541799, 0.8682299746200781];('easy', 104)
[0.0007244970117089274, 0.05755391264432628, 0.000930272577348579, 0.7011502558920754];('easy', 105)
[0.0001176996255211259, 4.906450361014066e-05, 0.0004108120590335578, 0.8416635332161557];('easy', 106)
[0.7438643472366353, 0.00017150527562812738, 0.0018438554797596573, 0.0006783165234948844];('easy', 107)
[0.0002901141721712715, 0.00012093757974867474, 0.0011474238093439684, 0.7631993463410297];('easy', 108)
[0.0011077591286807271, 0.005625665047702223, 0.09971727516135076, 0.44690184885194423];('easy', 109)
[0.7297094732572665, 8.45972114964928e-05, 0.0002773835776166102, 0.0033792253704525155];('easy', 110)
[0.00033453613560452996, 0.0016989138695732474, 0.0014992862276564, 0.880059277357096];('easy', 111)
[0.0003260643902713145, 0.00017452969132579734, 0.8577732420168493, 0.0006091684789869857];('easy', 112)
[0.7983922950383399, 0.00016244763135659079, 0.0006424925391076455, 0.0006424925391076455];('easy', 113)
[0.0005057167612143276, 6.844132111644346e-05, 0.0029101990273849208, 0.9143574697892444];('easy', 114)
[0.00012114928934565876, 0.00010691387259786878, 0.0002906220370929722, 0.7645353567921556];('easy', 115)
[0.8408261476817098, 3.817344804721034e-05, 0.0005971331955526932, 0.0005269681955056932];('easy', 116)
[0.7955337282930683, 8.664063329380334e-05, 0.002532009247007639, 0.0005649676287821198];('easy', 117)
[0.008516624948873525, 0.8687192844208451, 0.005165594148765332, 0.0204303211778365];('easy', 118)
[0.00020556387950793924, 0.786821378668871, 0.0032155585625301335, 0.0010439390212606762];('easy', 119)
[0.005171827205653219, 0.7675671681730756, 0.004564121489691709, 0.0024429981885066058];('easy', 120)
[0.008804393965712445, 0.6994194980808016, 0.03482204533098812, 0.007769850403875735];('easy', 121)
[0.00035376052593490316, 0.019314665665822166, 0.00031219241952926786, 0.8212805437703881];('easy', 122)
[0.004601802865023079, 0.06352591389410726, 0.6829679582871292, 0.00974201674170211];('easy', 123)
[0.00037934636052689585, 0.6858743300428166, 0.004621384746133751, 0.001500343960444563];('easy', 124)
[0.0006382058546885605, 2.324664655772108e-05, 0.0003870914180767176, 0.7930653946204808];('easy', 125)
[0.00011849080879969174, 7.186830843116055e-05, 0.0005310389627330959, 0.8473214684918372];('easy', 126)
[0.000585609283594838, 0.0010940621767108359, 0.8245991853711677, 0.0006635822538070631];('easy', 127)
[0.8189880532808417, 2.895736302338192e-05, 0.0002747398108833839, 0.0004529695861042443];('easy', 128)
[0.01709519574326967, 0.6414925258613167, 0.0014032591190615712, 0.02195066583761034];('easy', 129)
[0.0033132932615854423, 0.00010005273930180459, 0.0006524261265815574, 0.7154719958980047];('easy', 130)
[0.8723397106510777, 8.384198576257149e-05, 0.0003757538904009309, 0.0013115099450997777];('easy', 131)
[0.004179044793319867, 0.702807354822343, 0.0006408772757230391, 0.0003430368861088727];('easy', 132)
[0.886212739344517, 0.00012392944937101002, 0.0011758098779775113, 0.00018031628485318065];('easy', 133)
[0.0006501618273780664, 6.047447027784241e-05, 0.8079225355092932, 0.001071935634195483];('easy', 134)
[0.0014446152962737458, 0.002698896687308178, 0.0007732468471438695, 0.8479680564139735];('easy', 135)
[0.7361140166450347, 3.786930072010828e-05, 0.001824644221033496, 0.0008619009006684066];('easy', 136)
[0.5401561579520735, 0.0002326681941795596, 0.10636306027393627, 0.00081209179297999];('easy', 137)
[0.008157785125777216, 0.0002463437653199813, 0.7343403053632906, 0.002062611093863484];('easy', 138)
[0.0010425361999017342, 0.0002986917645995392, 0.002833907207703631, 0.6934343751721713];('easy', 139)
[0.0036612696338027694, 0.00026522148270955543, 0.6977146582828061, 0.0036612696338027694];('easy', 140)
[0.0009103739563922823, 0.0002955552920932491, 0.8810376591365873, 0.0010315888403982412];('easy', 141)
[0.0028416364245620134, 0.0005595513886817625, 0.8928157043489591, 0.0004357790596740486];('easy', 142)
[0.0004930158405325814, 0.00011000670345374765, 0.8913934709848237, 0.0009210748510250445];('easy', 143)
[0.0008167227307611224, 0.7904042689010056, 0.0013465481384701563, 0.0010486927446839002];('easy', 144)
[0.0005336845806787602, 0.00022247283217302584, 0.000604743857021755, 0.8515426554825394];('easy', 145)
[0.0006408033262178709, 0.6201537841905048, 0.0005655069505531771, 0.0005655069505531771];('easy', 146)
[0.0027521368409748315, 0.763091314701158, 0.012334221600271632, 0.0014731126969799294];('easy', 147)
[0.0001085890289727965, 0.00012304749020055313, 0.00020287101439991754, 0.8799063169478283];('easy', 148)
[0.8601789646359486, 9.368103987348699e-05, 0.0010071660949652033, 0.0003705157001826228];('easy', 149)
[0.00026240293634758845, 0.00020435961230773792, 0.0003817938375028157, 0.7822119191229319];('easy', 150)
[0.0004929234594977833, 0.0003387810089773825, 0.0007171994016331774, 0.8912264089697792];('easy', 151)
[0.819465607970287, 2.402051258215762e-05, 0.0005135809596693705, 0.0005819634699739233];('easy', 152)
[0.8195306951269621, 4.77742748322567e-05, 0.0008468192834970207, 0.00018895092234346884];('easy', 153)
[0.0001862947349317146, 0.6292790484734132, 0.0007368099697310832, 0.0009460827284036365];('easy', 154)
[0.000753300935617431, 0.0002158243315336632, 0.8260949812296244, 0.0015947380932164448];('easy', 155)
[0.0014261254612131285, 7.100263969525839e-05, 0.8371149931669768, 0.0020750003022335247];('easy', 156)
[0.546852555485839, 2.6428285352973443e-05, 0.00018344866094482563, 0.0003427270557814906];('easy', 157)
[8.0590304911183e-05, 0.6530301017532674, 0.002668784370622646, 0.0004092713386730991];('easy', 158)
[0.0003556133179089579, 0.0001482416859281037, 0.8255821306364085, 0.0003138276515724864];('easy', 159)
[0.8775020378484925, 0.0003779775359954532, 0.006699812133904442, 0.0003779775359954532];('easy', 160)
[8.49232941439715e-05, 0.00020372039220427395, 0.0008057297811913745, 0.883589981621251];('easy', 161)
[0.00020787377338978244, 0.7956626787941675, 0.0015359902406561039, 0.001355506629779179];('easy', 162)
[0.6803224103226327, 0.00025861034133743265, 0.003150517419234606, 0.0021653168448841475];('easy', 163)
[0.002655593743572956, 0.00021798451272991116, 0.8343629133724214, 0.0007608403460455616];('easy', 164)
[0.0003157628128546643, 0.00027865970429564053, 0.7330663451187718, 0.0007574756105106106];('easy', 165)
[0.003317661405882093, 0.00034967893953879726, 0.8118051251657746, 0.0005765231055334791];('easy', 166)
[0.0001050668790319812, 0.6630440076573164, 0.0009968463180725954, 0.0006851217870135502];('easy', 167)
[0.0007235268992466417, 0.7002116137684197, 0.0036743727790460195, 0.0009290269282899587];('easy', 168)
[0.00021820311069221292, 0.0016123150258659357, 0.003413270936543051, 0.835199786131341];('easy', 169)
[0.7298591082116792, 2.2773699627136417e-05, 0.0015965603643191355, 0.00066554537800873];('easy', 170)
[0.0006667044209130521, 0.0004043766722497227, 0.731130349159135, 0.00024526684979202365];('easy', 171)
[0.6590224154409261, 0.00025051345919887473, 0.00010442954655829253, 0.00163355295464406];('easy', 172)
[0.8372751619871229, 3.8012223916840596e-05, 0.0009803486432903245, 0.0005247428152542331];('easy', 173)
[0.8792636625095439, 0.0021794762301582124, 0.0006244303945830916, 0.00037873617917110256];('easy', 174)
[9.665276742009581e-05, 0.0002046139102340038, 0.0011774717553805945, 0.7831853345226234];('easy', 175)
[0.0010165955707544892, 0.0013053345513409453, 0.8682324068988284, 0.00048020574528908234];('easy', 176)
[0.0020586777799327734, 0.8305300043313271, 0.002643394594203974, 0.002643394594203974];('easy', 177)
[0.7631813096795811, 2.6984178176673964e-05, 0.0007885932806385267, 0.0008935932560544402];('easy', 178)
[0.0005516041851242365, 9.585443447280794e-05, 0.0007082737936508499, 0.8801350921082114];('easy', 179)
[0.00019756087999079665, 0.00032572282509906174, 0.0006895555549514739, 0.8568748826008833];('easy', 180)
[0.00020702840093346272, 0.00011081431762764752, 0.0028579389193088287, 0.8979375488599066];('easy', 181)
[0.00044298469965603417, 0.00018466349658529185, 0.8009350781937378, 0.0017520384742195437];('easy', 182)
[7.302214194358043e-05, 9.376228623653727e-05, 0.0007850620109109724, 0.7597636293305652];('easy', 183)
[0.00024977226989879314, 0.7445606428963496, 0.0030428491695932455, 0.0006789514225188576];('easy', 184)
[0.00015848293682028513, 0.7789069299637242, 0.0007102712457825499, 0.0003801808016535305];('easy', 185)
[0.8110408077101112, 0.0001134172150149507, 0.00039586516644554454, 0.001381705195807666];('easy', 186)
[0.7691939039835424, 3.2805575533980766e-05, 0.0009006335739750153, 0.0006189957995122239];('easy', 187)
[8.74532556990465e-05, 7.717722727534715e-05, 0.0007322367958133017, 0.8029951740413961];('easy', 188)
[0.0001669656533943317, 5.4205811338568805e-05, 0.8205972605505749, 0.00045385948518148443];('easy', 189)
[0.00029204316756516077, 0.7682742942265287, 0.0019043615790908183, 0.0011550536848973464];('easy', 190)
[0.00031951082421034256, 0.00028196731270787846, 0.8405324498781017, 0.0012636892209813735];('easy', 191)
[0.0001973004824682916, 0.6664551315286252, 0.0005363183162397595, 0.00025333883421404054];('easy', 192)
[0.0002925309741287833, 0.00017742900472471026, 0.8720225048038492, 0.0007017453265576667];('easy', 193)
[0.0004846235023728878, 0.0002594002681739882, 0.773261186029112, 0.001691502228527701];('easy', 194)
[0.00013429585012906845, 9.230009797982794e-05, 0.8474996158657077, 0.0005311506441026124];('easy', 195)
[0.00415852643402284, 0.0001255766172000346, 0.8979915668048218, 0.0007226435373830662];('easy', 196)
[0.00034391803717955937, 0.0001116538393393846, 0.7984307469786885, 0.0010593421327672967];('easy', 197)
[0.000298092462708105, 0.00015955739741988412, 0.0015138391593113244, 0.8886013260662986];('easy', 198)
[0.00023948153900957603, 0.00011312306902706627, 0.8089369264695704, 0.0005069824220617013];('easy', 199)
[0.0023534056109664725, 0.7394181509751208, 0.0030218326202564936, 0.0023534056109664725];('easy', 200)
[0.6780323386163282, 6.121855089946955e-05, 0.001904453296406099, 0.00042494096902229796];('easy', 201)
[0.7976984440703934, 0.00011155145120803037, 0.0022405707920740616, 0.00287694984491128];('easy', 202)
[0.512565548881322, 4.926353637441515e-05, 0.0002834920782497151, 0.001848599682831633];('easy', 203)
[0.00029971185798260714, 0.7884479163564742, 0.0006344900083281949, 0.0005599354670705061];('easy', 204)
[0.7550774218813293, 6.404431531173187e-05, 0.0008841049234906541, 0.00047322726430828007];('easy', 205)
[0.0001435722861806094, 0.7056243881584827, 0.0007291198836795372, 0.0013621752751677475];('easy', 206)
[0.00047242259599219197, 0.00010541172950147476, 0.00738993276287841, 0.7537936796378976];('easy', 207)
[0.0008656865659398823, 0.00010339151615882343, 0.0006741973754483756, 0.8377899330895036];('easy', 208)
[0.0010305067366812612, 0.0008025594534877243, 0.0016990183763661714, 0.8801132951901505];('easy', 209)
[0.00013163642833032902, 0.7331044037192557, 0.0011021777945536039, 0.0006685046248512128];('easy', 210)
[0.6359973566638778, 0.010279939526158313, 0.0005799545023981422, 0.0002417611204719921];('easy', 211)
[0.7988080120609691, 2.06636555678487e-05, 0.0013608651423927683, 0.0007284186201388522];('easy', 212)
[0.00022112458406101595, 0.00013411883984920967, 0.8463820037501172, 0.0009910116315693057];('easy', 213)
[5.30471784831588e-05, 3.8810144849800987e-05, 0.0010654810620944124, 0.8030577563615331];('easy', 214)
[0.8025346320790088, 0.0010647872767970085, 0.001989284525401276, 0.00023758615559572697];('easy', 215)
[0.5686725451198184, 0.00016835255024911255, 0.0018099604876377913, 0.0003564023516741574];('easy', 216)
[0.8437621247703119, 7.15664133244063e-05, 0.003907393772019948, 0.0005992182423581992];('easy', 217)
[0.0014147803324193894, 0.022130893213441367, 0.02841662938006096, 0.02507758740979821];('easy', 218)
[0.00014356174363515446, 0.7055730366096059, 0.0015434349348046115, 0.000826141188029631];('easy', 219)
[0.00022619403720582006, 0.00012107294347726487, 0.004009385243218835, 0.8657860471562089];('easy', 220)
[0.008720316359476267, 0.0004341589867786473, 0.8894966430157172, 0.001945765585834912];('easy', 221)
[0.00030439069939752707, 7.696202140239483e-05, 0.8007564809537752, 0.0008274197069242375];('easy', 222)
[0.002084366612856095, 0.742085827592063, 0.0012642322567785946, 0.0012642322567785946];('easy', 223)
[0.679200294092243, 0.0002010737276437065, 0.09191976965420941, 0.0016835689063279715];('easy', 224)
[0.0024753410221822767, 0.6056960499352632, 0.0019277975264443289, 0.0006258642235274748];('easy', 225)
[0.00018494619131785868, 0.8021612846886494, 0.0005027358711020453, 0.0006455256363756784];('easy', 226)
[0.0003374605488201436, 0.0002978077470724407, 0.6101428763703827, 0.0004333079218144588];('easy', 227)
[0.8359330201542479, 0.00010316232409786821, 0.00028042427097683785, 0.00046234146038008915];('easy', 228)
[0.005280969038789481, 0.003203069635018976, 0.783765461675844, 0.020886642699543614];('easy', 229)
[0.0007843046986194614, 0.0002247070583544614, 0.7590306533318393, 0.0016603730600067985];('easy', 230)
[0.00047408167752086044, 0.00015391178633653285, 0.7564406938357272, 0.001137262823527269];('easy', 231)
[0.6048021313917272, 0.0002605138979263723, 0.0021812572016742023, 0.009775716560339464];('easy', 232)
[0.0010602436746804378, 0.6223474419063073, 0.0019807959591148123, 0.0017480462985709046];('easy', 233)
[0.00016803190952710548, 5.4551974022909786e-05, 0.8258383130744147, 0.0014069146240737406];('easy', 234)
[0.00022574234922585732, 0.0001369196560010389, 0.0011464142438063478, 0.7625279331710793];('easy', 235)
[0.7821237474672083, 0.005269908278632402, 0.011156395913412068, 0.0021968246085511947];('easy', 236)
[0.000589032684178125, 0.7319605380282829, 0.0018143483983688743, 0.0004587391156925753];('easy', 237)
[0.8826111262865743, 0.0001795834958422186, 0.0010334311729615939, 0.0006268076911039961];('easy', 238)
[0.0016522894700482123, 0.00022361295679085522, 0.8559071355494323, 0.0027241647946223296];('easy', 239)
[0.0004884922299007669, 0.0007107520006133165, 0.8832146905341954, 0.0008053875300091316];('easy', 240)
[0.00015916422971855724, 9.653798525384967e-05, 0.0004902603421241601, 0.7822555365891563];('easy', 241)
[0.7348481921097445, 0.00011644503910261797, 0.007204199467352399, 0.0005913567033639141];('easy', 242)
[0.00023762218451777616, 7.714462850277708e-05, 0.002254496515563103, 0.9095286262412385];('easy', 243)
[0.0012957378666404273, 0.00022516547876417402, 0.0018852874715575257, 0.8618490721891023];('easy', 244)
[0.0002907517763489604, 0.004548120838387063, 0.0031258746908692367, 0.8667186103970427];('easy', 245)
[0.0015761250113329158, 0.00011417416731903575, 0.816453005649279, 0.00045156737619820187];('easy', 246)
[9.549375556189338e-05, 3.980771981021667e-05, 0.00020216028211093496, 0.8768230259955224];('easy', 247)
[0.8109631744963101, 0.002581117749231798, 0.010208518729103836, 0.009008986158410967];('easy', 248)
[0.001249221122972358, 0.0002787389092296236, 0.7332744243831479, 0.0006686598828182815];('easy', 249)
[0.07448027917679444, 0.001545788878962675, 0.5503389939041097, 0.014666036542378642];('easy', 250)
[0.00031817442962016107, 0.00021867787426336946, 0.8370169284377585, 0.0016158230805269399];('easy', 251)
[0.00020324262879113363, 1.2205668574220882e-05, 0.002476002097805483, 0.7779368962685351];('easy', 252)
[0.0002750226676634404, 0.8198311277367702, 0.0008471294547713133, 0.001087735751151195];('easy', 253)
[7.335346930558863e-05, 5.712773933619668e-05, 0.001012613891686209, 0.7632112876187543];('easy', 254)
[0.8472567749595847, 0, 0.0008754684379394475, 0.0008754684379394475];('easy', 255)
[0.0004262273688602168, 6.536411518799114e-05, 0.0009023233469578556, 0.8732464501139632];('easy', 256)
[0.04923040688869475, 0.5997491346044984, 0.006662611060135192, 0.0005469004197027702];('easy', 257)
[0.0005136745178834008, 0.7233075143620922, 0.0007473920134284919, 0.00035304298892938285];('easy', 258)
[0.0001840063737273254, 0.7980852694389625, 0.011384076658963543, 0.0005001814205286628];('easy', 259)
[0.014541590070076632, 0.0011936464008915407, 0.008819920218474258, 0.044791261422976805];('easy', 260)
[0.00026126428794276564, 9.611376024643942e-05, 0.7788179819246713, 0.0008047506617418788];('easy', 261)
[0.000430400695203426, 4.2615419473631195e-05, 0.0009111582788957596, 0.8817964444853069];('easy', 262)
[0.006744835770371649, 0.687991891054024, 0.0017053615499501636, 0.004090949689456884];('easy', 263)
[0.0005979657719749492, 0.0001713200620290296, 0.841998339470585, 0.0007678032495251412];('easy', 264)
[0.00031002831329143745, 0.0013894505031735805, 0.8155871173051482, 0.005495383342752112];('easy', 265)
[0.00023504672305651, 0.0007239948766416324, 0.0004975939166153864, 0.8996707120269058];('easy', 266)
[0.00020453938222840762, 0.7828998942674609, 0.0017125864630582798, 0.00020453938222840762];('easy', 267)
[0.0013511236816175015, 0.7930898456020363, 0.0009286128206962956, 0.0077751799538507875];('easy', 268)
[0.0004280341388356584, 0.00037773880172293323, 0.8769481518862758, 0.0007996730495227015];('easy', 269)
[0.00048282805924096796, 0.7703964379817873, 0.0016852355162366812, 0.00666523576290674];('easy', 270)
[0.6833919829170504, 0.0007061472590844269, 0.0007061472590844269, 0.00591249861183595];('easy', 271)
[0.0010836087404617546, 0.720753265731754, 0.0003517962512419823, 0.0001466504958080607];('easy', 272)
[0.6204710168160084, 0.002237768029596177, 0.006892810788732247, 0.005368126439827702];('easy', 273)
[0.0003427523875918874, 0.7022244797489322, 0.0011963233821845757, 0.0007256068102260596];('easy', 274)
[0.00015140888932502512, 0.5795366089190758, 0.0011187687770993927, 0.00036321104388880145];('easy', 275)
[0.00020281065984219845, 0.6850674199164802, 0.0010299570247637765, 0.00048651724925905703];('easy', 276)
[0.7289438141040812, 9.576068966952959e-05, 0.0006647106189344273, 0.0008535053294540445];('easy', 277)
[0.8465637632596276, 0.0001722489558740777, 0.0008747523766453081, 0.0006012079300652426];('easy', 278)
[0.8476721797476076, 9.231893708799339e-05, 0.0006019950901319401, 0.0018542754195903306];('easy', 279)
[0.8375969520167708, 6.26956533559584e-05, 0.002352637035492648, 0.00028098242440310276];('easy', 280)
[0.82837072838132, 0.00014874242923907085, 0.0010990661539387171, 0.0002452348069420648];('easy', 281)
[0.002895706110197732, 0.00026934262474423925, 0.8028989527691036, 0.000940098133420343];('easy', 282)
[4.581281192018902e-05, 3.1486654464013165e-05, 0.00020531877846416456, 0.6120468349565462];('easy', 283)
[0.00028756125231626844, 4.409894631484746e-05, 0.8572083184174313, 0.00022395292848490373];('easy', 284)
[0.7829642005481169, 0.008697945038142772, 0.011168382501928347, 0.003199795159971883];('easy', 285)
[0.00016221154681934688, 0.7972322796038234, 0.00223926133190437, 0.0011985902193424698];('easy', 286)
[8.439865382373487e-05, 2.4180619169042666e-05, 0.0008007517505955867, 0.8781310914799874];('easy', 287)
[0.0001581714392430468, 0.7302774440774557, 0.001810177127762203, 0.0002775995210416222];('easy', 288)
[0.0001969510021645445, 0.7538549211764751, 0.00652212145039628, 0.0006066517952785217];('easy', 290)
[0.09737126721470839, 0.0005109575162607894, 0.7194817344312202, 0.00018797067591294305];('easy', 291)
[0.880877886844425, 0.00013958513961393642, 0.000910209013286922, 0.00048719977670281844];('easy', 292)
[0.7707917200416093, 9.512327500622925e-05, 0.001022671583894738, 0.0013131363066451534];('easy', 293)
[0.00025293712607789574, 6.395252072154936e-05, 0.0011335855534260265, 0.8543882832964516];('easy', 294)
[0.0002416046199768938, 0.00012932163402561993, 0.8161087533444105, 0.0017852309420343354];('easy', 295)
[0.0011574614144729304, 0.769875844240623, 0.001486209875018587, 0.0010214561131335455];('easy', 296)
[0.004077212449284735, 0.6856818061652223, 0.01827279847140569, 0.02346274326525106];('easy', 297)
[0.000529548079601415, 0.0001338907224056015, 0.8449424385809827, 0.0009893260589813404];('easy', 298)
[4.400937394523351e-05, 6.403326125303672e-05, 0.002120490386783331, 0.8554666871412162];('easy', 299)
[0.001562067113425694, 0.0025754132761660917, 0.8091707856895828, 0.004246138649258538];('easy', 300)
[0.0003578580137221295, 0.8307933796632988, 0.0026442329388447093, 0.0004594987851846048];('easy', 301)
[0.0005429609541025427, 0.0006971756653366912, 0.8663439980983262, 0.0003293223086568649];('easy', 302)
[0.00024192995031810702, 0.00039887486491048586, 0.7211827382973495, 0.0001662758610720675];('easy', 303)
[0.6803171185191978, 5.770327160538305e-05, 0.002453606713574961, 0.00048314380826230263];('easy', 304)
[0.8795384816322962, 7.460090740161092e-05, 0.0013223327235394404, 0.0003788546683392493];('easy', 305)
[0.0007255701355462511, 0.7021887566975914, 0.03961477767522289, 0.0011962629158598795];('easy', 306)
[0.0002418612048178952, 0.5614982008661089, 0.0005801948688067648, 0.0005801948688067648];('easy', 307)
[0.00019460615185732871, 0.0001041651668417373, 0.8440589383189768, 0.0004668358897445551];('easy', 308)
[0.6809747120545451, 4.2257459647821146e-05, 0.0031535384571330293, 0.0001779105503624848];('easy', 309)
[0.0007006850538904691, 0.00042498696798696833, 0.01096055836476116, 0.7683944866114597];('easy', 310)
[0.00952945266112329, 0.0010043969209813893, 0.8578138508117836, 0.0010043969209813893];('easy', 311)
[0.0008801631661077206, 0.6633825278680104, 0.0018633054372719086, 0.0027110934140420406];('easy', 312)
[0.890851425409815, 3.149827745003137e-05, 0.0005583203268972773, 0.0013393408383135124];('easy', 313)
[0.0007471814199919394, 0.00014712874509206127, 0.004872234889838843, 0.9284837119411835];('easy', 314)
[0.0005926204801042973, 0.00019239560933155246, 0.7364186436259192, 0.0007609397589036097];('easy', 315)
[0.0012846646635424645, 0.8544840158870384, 0.0008829362500943473, 0.0004726017185167008];('easy', 316)
[0.33829833057765, 0.26346700476562285, 0.00795601511046818, 0.0666148989339416];('easy', 317)
[0.0004713953630396626, 0.7521546574490828, 0.0012813854493705695, 0.0005341609264112687];('easy', 318)
[0.8277089146223866, 0.00013115987096552593, 0.006319636490631387, 0.0008552697944120319];('easy', 319)
[0.8709624762991832, 0.00015639027107435704, 0.0006185352258767791, 0.0002578439664508514];('easy', 320)
[0.31658899404077206, 0.025987210238094964, 0.0065705957326929005, 0.0706405613625584];('easy', 321)
[0.0006877242416039724, 0.00025299960968132334, 0.8545992682684633, 0.0027200021397560782];('easy', 322)
[0.00012604791351085242, 0.7954492347859947, 0.0009313751040848473, 0.0017400377730595314];('easy', 323)
[0.7879006480321012, 3.36034004195882e-05, 0.0004937983644883899, 0.0011845606967725586];('easy', 324)
[0.00021860385244163333, 0.0004084059583462817, 0.8367341492576736, 0.0003604169932376869];('easy', 325)
[0.00020564525262138362, 0.0003841959118750281, 0.0017218466191188798, 0.8919385444244214];('easy', 326)
[0.0011352895203150712, 0.0011352895203150712, 0.7551283930342532, 0.0012864515637280023];('easy', 327)
[0.7544206183331031, 4.9834400543010425e-05, 0.0014563746635366651, 0.0002530799684240815];('easy', 328)
[0.8730524179596384, 4.491407429546312e-05, 0.00037606076053025737, 0.00010774326317878917];('easy', 329)
[0.0020922162976469987, 0.003908774640152817, 0.5801135234101915, 0.10080862662924514];('easy', 330)
[0.0006447261321153492, 0.7070280124408643, 0.008900169720482434, 0.00327418946310207];('easy', 331)
[0.00023361670369659418, 0.47862951000719156, 0.002216494628540876, 0.0005604176059836667];('easy', 332)
[0.0007935854040585436, 0.00033081561432322964, 0.870272145943835, 0.000618044934114831];('easy', 333)
[0.00015178811091550912, 0.00013395253773210383, 0.00046754029670739017, 0.7460033666922408];('easy', 334)
[0.0007262243302242216, 0.00044047732211026244, 0.7964018352564227, 0.0017421216036526883];('easy', 335)
[0.6862979910600827, 0.0019276697555550462, 0.043873561411397165, 0.0007091500724366812];('easy', 336)
[0.0002891609381656532, 0.015787644757555622, 0.8619762485207916, 0.0002551836322796447];('easy', 337)
[0.00026052607203608084, 0.00017905677615592285, 0.003596453203748854, 0.880023083723153];('easy', 338)
[0.00037654882667668684, 0.7714658572299601, 0.0011598520403698462, 0.00048349826407681295];('easy', 339)
[0.6549108699447089, 0.00086892310758097, 0.0005270285056806373, 0.01359224430755395];('easy', 340)
[0.7735186643489502, 9.545979251454085e-05, 0.004059053665219771, 0.0006224760402515633];('easy', 341)
[8.251695023706901e-05, 7.28209529949406e-05, 0.0018780771308334562, 0.757670368398102];('easy', 342)
[0.00015880988954239804, 0.00010914833444846871, 0.002192302901669155, 0.7805138036098237];('easy', 343)
[0.7970635108812102, 0.00018377085205474022, 0.0005660540748390336, 0.00026738501199671864];('easy', 344)
[0.0007695611565528838, 0.7447624406009772, 0.001268791847913331, 0.0009881360847095169];('easy', 345)
[0.00046970066217984647, 0.00010480438397401268, 0.0008775163633207361, 0.8492389217935742];('easy', 346)
[0.0004217241325377836, 8.304240541205052e-05, 0.8640201128713442, 0.0004217241325377836];('easy', 347)
[0.0003466519483845844, 0.8047775888487064, 0.0005715324408313073, 0.00039280811906459317];('easy', 348)
[0.0009332426980330371, 0.48343174373874936, 0.01459837198393738, 0.016542122630892737];('easy', 349)
[0.00045177004164542, 0.0003104967061018482, 0.8168195794488843, 0.005503685803972086];('easy', 350)
[0.8871226691579427, 7.524418316940387e-05, 0.0007138969331338781, 0.0002626280048152976];('easy', 351)
[0.862413661510063, 3.4552875270479986e-05, 0.00047698750256784466, 0.0006940127211163912];('easy', 352)
[0.006902095526950728, 0.2017088464559312, 0.004186332553361041, 0.4838743394965772];('easy', 353)
[0.032505411811946085, 0.0038822178174328097, 0.03683345711100685, 0.7398197848601248];('easy', 354)
[7.868515279553164e-05, 6.128005861325318e-05, 0.00027463816891669276, 0.8186849651722878];('easy', 355)
[0.00031427031316219443, 0.5682139880652473, 0.001808500785112323, 0.0006653102581852361];('easy', 356)
[0.00043964846091775156, 0.00034239856563888284, 0.794902981874777, 0.0006396847360854343];('easy', 357)
[0.0012011419660716144, 0.7050528345767181, 0.0009354503037565001, 0.0003036962492056655];('easy', 358)
[0.8888385008334868, 0.00015960000953069685, 0.006786365092465562, 0.0024965641978016147];('easy', 359)
[0.0006129464339193081, 0.0001756120935362293, 0.8630926395142116, 0.0014703820568542647];('easy', 360)
[0.00017552368807550276, 3.916462863012997e-05, 0.004526815578986583, 0.8626582629055921];('easy', 361)
[0.6568568172456318, 0.0005285944582829966, 0.00013364960917690177, 0.037057323626948066];('easy', 362)
[0.0033156544751502762, 0.00034946741059591437, 0.811313936513589, 0.0005761743532659794];('easy', 363)
[8.28563465565009e-05, 7.312046919558785e-05, 0.0004768055809766623, 0.8620846753169814];('easy', 364)
[0.6513790476212313, 3.147983884267299e-05, 0.0009793086145641217, 0.0009793086145641217];('easy', 365)
[0.00010128582118539001, 0.00013005356875213047, 0.00016699208780868218, 0.8207275586577812];('easy', 366)
[0.0007324340964975512, 0.0002377865366053136, 0.0004442437357446863, 0.9101578332516278];('easy', 367)
[0.6871964159743615, 0.0001584398674582821, 0.002808415187602617, 0.001033158209792642];('easy', 368)
[0.0001064865943827377, 3.680078229208935e-05, 0.0005407835481177686, 0.8628699014493408];('easy', 369)
[0.0032784966742815357, 0.6247710263288634, 0.07461825816150099, 0.0025532957772274566];('easy', 370)
[0.00022323177077110293, 8.212237908298485e-05, 0.8544473716627179, 0.0008828983593942862];('easy', 371)
[0.0023883346237636963, 0.0023883346237636963, 0.662218878922686, 0.015573898080384736];('easy', 372)
[6.891998568956806e-05, 9.420245134565672e-05, 0.00074095967493274, 0.9207521270357297];('easy', 373)
[0.8848467298075415, 0.00018003826325858096, 0.00038114118805157067, 0.00023117370600033674];('easy', 374)
[0.0009401447550434681, 0.001207169760841484, 0.0015500366551773276, 0.9098491441607202];('easy', 375)
[0.0004937084264216488, 0.0001414498324200986, 0.8926458352012672, 0.001184344946566266];('easy', 376)
[0.8490530833432326, 8.160391276783295e-05, 0.0018572964938171844, 0.00041441886410854557];('easy', 377)
[0.00016610057177465497, 0.00021327735588502346, 0.00035163491320631935, 0.8163459753364567];('easy', 378)
[0.0006029891154590532, 3.854780448222172e-05, 0.0002513632605144182, 0.8490719095447111];('easy', 379)
[0.00010957103557028817, 0.00033750254991699854, 0.7835364696409437, 0.001334848479103061];('easy', 380)
[0.0004521467540791038, 0.00014679055931985, 0.6366701883127858, 0.0005123493949439232];('easy', 381)
[0.8554491595811523, 0.0001972321920632925, 0.0021204469086988386, 0.0003684784212019032];('easy', 382)
[0.001845643798261323, 0.7445859395114701, 0.0014373888353568004, 0.03271481910132734];('easy', 383)
[0.8597745598443155, 9.363700501362551e-05, 0.0008884031680770577, 0.0006918890829815294];('easy', 384)
[0.00016478800709195758, 0.7147299875399197, 0.0012176284094437884, 0.0004479404588206531];('easy', 385)
[0.0022132269693207023, 0.023794432330946677, 0.7879634042229589, 0.012736241840260964];('easy', 386)
[0.00014680035897398714, 0.00035215575428819884, 0.00018849539210148385, 0.9264113003472463];('easy', 387)
[0.00022762029549267096, 0.000257927585724134, 0.768871640455078, 0.0016818999346427113];('easy', 388)
[0.8007238470479435, 0.00018461472088107808, 0.0032723757870723683, 0.0015457608698125395];('easy', 389)
[0.8463497300663732, 9.217492445085566e-05, 0.001122920460450848, 9.217492445085566e-05];('easy', 390)
[0.0034024030573815557, 0.8325407273222536, 0.004950467237560883, 0.0012516741353895335];('easy', 391)
[0.00018515620079707012, 0.708708359474346, 0.0013681289023795657, 0.0006462583333223836];('easy', 392)
[0.0003988775276963727, 0.0002135036534723839, 0.8172123527282875, 0.0006576378643172893];('easy', 393)
[0.8321893073118458, 0.002062791087635689, 0.0014177341989175779, 0.011870543112949107];('easy', 394)
[0.0017084967968599718, 0.00026200659457157764, 0.014305068538902335, 0.6082670648702648];('easy', 395)
[0.0008289847649096505, 0.7080018079722517, 0.0025534528403710587, 0.0015487474358153559];('easy', 396)
[0.8650414512292711, 0.00013707565345097908, 0.0007888155460275853, 0.0007888155460275853];('easy', 397)
[0.00036076139369106545, 0.001111223323286371, 0.00036076139369106545, 0.739120807817608];('easy', 398)
[0.00231779128471835, 0.00035544480562144673, 0.0033723664201420907, 0.9350637067280624];('easy', 399)
[0.8195057098397406, 0.0003529960240731547, 0.0006594833949643187, 0.0004532558668996485];('easy', 400)
[0.04424257397462309, 0.4197618545917745, 0.10613241764923503, 0.28849782230634163];('easy', 401)
[0.001007544606397373, 7.298628648859622e-05, 0.001007544606397373, 0.7593904331255178];('easy', 402)
[0.0011444479814691868, 0.6717744317361122, 0.00047707689697223737, 0.0003715478609472544];('easy', 403)
[0.0009606033967700684, 0.8204116260729943, 0.0017946434127113413, 0.001233439176809347];('easy', 404)
[0.00017165205187705978, 0.5116874635381657, 0.0005287255423430715, 0.0003633873966753353];('easy', 405)
[0.001504915288421744, 0.00017973649988617537, 0.7795654194419204, 0.0011720292050789835];('easy', 406)
[0.872156419779541, 4.214955374513601e-05, 0.0007953037340414555, 0.0003315319208303804];('easy', 407)
[0.0012710062890776755, 0.0007709042830131885, 0.845399286908792, 0.004436247849971974];('easy', 408)
[0.000118301682146976, 0.000118301682146976, 0.0008741377659818682, 0.8459689708326346];('easy', 409)
[0.8555780178395537, 0.00011964539844401825, 0.0027231167170090613, 0.0008840665610817608];('easy', 410)
[0.0002956452202252944, 7.47508179833687e-05, 0.7777495199296759, 0.000910650954407717];('easy', 411)
[0.6879065802144364, 0.00017972141643174888, 0.0013279722614198376, 0.0007108123296811762];('easy', 412)
[0.7604661726412709, 4.433111584931292e-05, 0.0012955451099191226, 0.0003711798885405909];('easy', 413)
[0.8156092485736949, 0, 0.0009549803899868992, 0.00045110079475338145];('easy', 414)
[0.0007293111280556856, 0.001982473186686738, 0.00691951132550899, 0.9062770284545618];('easy', 415)
[0.6747224845565074, 0.00047917072807103706, 0.001014404439286693, 0.0018951569928986642];('easy', 416)
[0.0002174878156103525, 8.000929606833417e-05, 0.0008601805868731833, 0.8324616687625507];('easy', 417)
[0.0002916663028871713, 0.7672822636461181, 0.0006174572736308572, 0.0004243717642779918];('easy', 418)
[0.7401112993871721, 5.539867847565616e-05, 0.0018345522756356334, 0.00021910602371962885];('easy', 419)
[0.0007861303740986268, 0.00015479824889266035, 0.8620967250080139, 0.0007861303740986268];('easy', 420)
[0.0007676677981400812, 0.00015116275213207848, 0.8418498742863884, 0.00041090296226048775];('easy', 421)
[0.0001735934645451196, 0.0006865757982583155, 0.0023963850022146534, 0.8531720809704846];('easy', 422)
[0.7646858888517668, 0.00025652343840923777, 0.023091515047835468, 0.0006153680321536848];('easy', 423)
[0.0073328049643337076, 0.008309156601975485, 0.002380613224328494, 0.8475571543053535];('easy', 424)
[0.0007751155258392295, 0.00017295165141404168, 0.8500172732518024, 0.00041488944362795424];('easy', 425)
[0.00022964304076854373, 0.8257321564687752, 0.0012414379574449694, 0.0007529701833214014];('easy', 426)
[0.0010631941970918367, 0.7071746823460564, 0.0012047568597442413, 0.0009382655857794618];('easy', 427)
[0.6880088683735738, 0.00010902276773167602, 0.0015050136027685217, 0.000805575730958391];('easy', 428)
[8.398154845340295e-05, 7.411345638438623e-05, 0.0009028867348096455, 0.8737915789234862];('easy', 429)
[0.04384207683428792, 0.0031759101509486964, 0.32395156522218127, 0.09281367738652167];('easy', 430)
[0.0006848118268920589, 0.7509871999856464, 0.001642778172547833, 0.0005333319870400948];('easy', 431)
[0.0006891196963865322, 0.00013569577853645164, 0.8563334296791131, 0.0005366869591757601];('easy', 432)
[0.0002890765662769662, 0.00019867922475186678, 0.760470025472898, 0.0014680526374054755];('easy', 433)
[0.0007454916977077327, 0.007073028296049412, 0.8175307688535183, 0.0006578941141296056];('easy', 434)
[0.7399602902725009, 0.00010347723666735928, 0.0002482289865293144, 0.0011124851358695232];('easy', 435)
[0.0003452792410477354, 0.00014393380177622154, 0.001986944844502526, 0.9083212161733895];('easy', 436)
[0.00026225608250198175, 2.5966868592666042e-05, 0.0009153636706123237, 0.781774456979329];('easy', 437)
[0.00013416604535535268, 6.337555233940258e-05, 0.0014424209227391152, 0.8466798903021491];('easy', 438)
[0.0006824813402639489, 0.7484318238771711, 0.0007733526749670681, 0.0007733526749670681];('easy', 439)
[0.001441791723108119, 0.6591073263532297, 0.001633764060684519, 0.0006810541860151097];('easy', 440)
[0.00239302557866831, 0.0002522229200790574, 0.6635195306986817, 0.03303469125379773];('easy', 441)
[0.6720734234161709, 3.457472948058162e-05, 0.0006944520055914473, 0.00017558496439953707];('easy', 442)
[0.015221713241998242, 0.011854682192556603, 0.07730223830666, 0.1274498445689206];('easy', 443)
[0.0009295081449696404, 0.0003419469369357353, 0.8995552322605088, 0.0010532707165853633];('easy', 444)
[0.03217136815983192, 0.0002783370043076402, 0.7322169861547668, 0.0029924033765949686];('easy', 445)
[0.0010521322551208549, 0.00012565927823824123, 0.8985829592813603, 0.0006381504708033929];('easy', 446)
[0.0006144218605836654, 0.00010677050965578315, 0.7635101305896836, 0.00047851222615874814];('easy', 447)
[0.012260951808042061, 0.07995144898332673, 0.5907656713038331, 0.010820251993336114];('easy', 448)
[0.796723682440609, 0.0002358658756154356, 0.016535474468532704, 0.0008232527978599064];('easy', 449)
[0.00033529662942102654, 0.0002304457786158212, 0.0008043348004685421, 0.7784154287745084];('easy', 450)
[0.0008679930097085807, 0.00011747007981631068, 0.7413169031952563, 0.0002486841609226219];('easy', 451)
[0.7576989782246957, 0.00015416783962423223, 0.0005380983767141836, 0.003976039092284621];('easy', 452)
[0.00026488882914947175, 0.7896224709312496, 0.0005607696557099437, 0.0002062956275684762];('easy', 453)
[0.7015380866491662, 4.6341170063911666e-05, 0.0005645507552366945, 0.0003424173420149778];('easy', 454)
[0.00017197107216280227, 0.7458845871921026, 0.0009896251920636365, 0.0018488632644459756];('easy', 455)
[0.6237673417281133, 3.636229442816612e-05, 0.0008276024011764754, 0.00044298364349946664];('easy', 456)
[0.003197847330437396, 0.00029744613601431823, 0.8866743621979524, 0.0013330610967896594];('easy', 457)
[0.00942082521291445, 0.002699111613881412, 0.013707219803409216, 0.7483888879712747];('easy', 458)
[0.8092842072760287, 0.0008362314977556054, 0.0042467339576916785, 0.00793394354874762];('easy', 459)
[0.0005131038820392161, 0.0004528125866037398, 0.00035265079703158085, 0.8187043013808948];('easy', 460)
[0.8474321558836708, 0, 0.0004136275983320813, 0.00032213349748096945];('easy', 461)
[0.0003816292966153272, 0.00020427153987525486, 0.6089246424006176, 0.0008079092272745311];('easy', 462)
[0.7322323924841196, 0.015196997116965457, 0.00027834284411165286, 9.036469111238862e-05];('easy', 463)
[9.467916847961507e-05, 0.6770455644944804, 0.002766930887819625, 0.0010178969887710864];('easy', 464)
[0.8775570233072668, 3.984102781440277e-05, 0.000378001147352066, 0.0014950235391294271];('easy', 465)
[0.00024072834273703204, 0.8131487066955003, 0.0012225193985445548, 0.001569745980125019];('easy', 466)
[0.0005928960630398083, 0.00021811427234383292, 0.8348599825727965, 0.0007612936143972113];('easy', 467)
[0.8130920381162169, 0.0004497084441642988, 0.0005774370724060596, 0.0017786313996150463];('easy', 468)
[0.0843683834277505, 0.6234027181237395, 0.0022483407260308194, 0.027390403846854504];('easy', 469)
[0.004613975416652578, 0.005924461706954322, 0.5333030473598208, 0.02655159527969358];('easy', 470)
[0.0004026933801990562, 0.001804746520735601, 0.0004026933801990562, 0.8250303184508274];('easy', 471)
[0.00019303003550779222, 0.6520301611116768, 0.0011108116885587848, 0.00036062775546110424];('easy', 472)
[0.0003409714803509176, 0.0005621669323566687, 0.896988911180305, 0.00030090613179611003];('easy', 473)
[0.00015890199961510413, 6.624020849050587e-05, 0.001036171691433906, 0.8849513674958266];('easy', 474)
[0.0003076511530474538, 9.987970592249716e-05, 0.8093334829714145, 0.0005747680229802676];('easy', 475)
[0.0005421545498926187, 0.0006143415895339625, 0.763410495682841, 0.0016699535792968157];('easy', 476)
[0.8025360910414807, 2.665647873167291e-05, 0.001989288319664014, 0.0013672165345291853];('easy', 477)
[0.00036100592325261755, 7.567091626003066e-05, 0.8381013929344732, 0.000981315841143671];('easy', 478)
[0.00022701437701023192, 7.370077762219041e-05, 0.00017679897458403574, 0.8689259876984017];('easy', 479)
[0.00039953749517938366, 0.00024233174053108465, 0.8185645785738936, 0.0015802014471179725];('easy', 480)
[0.002724857240551169, 0.0012871314214305495, 0.755527347054085, 0.0011358894926317676];('easy', 481)
[0.0010540881758696811, 0.0003877773690843633, 0.9002533034433944, 0.0015336892461409468];('easy', 482)
[0.0003597624571551787, 0.00010307371885453478, 0.7370743162336861, 0.0020702899986715885];('easy', 483)
[0.0011906472080705128, 0.0008183190609292674, 0.8973957695862349, 0.0004963355998808511];('easy', 484)
[0.000275129174795612, 7.882582833512855e-05, 0.8201481322191467, 0.0008474571157352191];('easy', 485)
[0.7761850238896504, 6.583463021688311e-05, 0.0008020299850223248, 0.00037885213921992324];('easy', 486)
[0.6890774157368639, 0, 0.00026193838922462695, 0.0005545233099226502];('easy', 487)
[0.8145730779589604, 0.00011391118679027798, 0.0033289744359946754, 0.00024114998432738795];('easy', 488)
[0.8114824335554404, 8.837752857588698e-05, 0.0012200147313553152, 0.0015665299237936916];('easy', 489)
[0.8130449929889888, 0.000509557026925012, 0.005478254315528668, 0.0009519778556338358];('easy', 490)
[0.0005136698640616328, 0.0012322299461528885, 0.8196074753096069, 0.0012322299461528885];('easy', 491)
[0.00024545240637141835, 0.7316834420466748, 0.0026388620574532905, 0.00141248107453701];('easy', 492)
[0.0002891623169957408, 0.7606954727690218, 0.0006936643381873648, 0.0007860246717646363];('easy', 493)
[0.0009343433984820363, 0.7042186393578546, 0.001540471835215579, 0.002539808681634388];('easy', 494)
[0.0012771045326946029, 0.7496416651170955, 0.0016398346797469906, 0.0001525283123954139];('easy', 495)
[0.000101581635815814, 0.7264050779308483, 0.0007505927635746276, 0.0005158743591429284];('easy', 496)
[0.0009514010747075094, 0.00065388775847668, 0.717074826872005, 0.0017774512117189763];('easy', 497)
[8.267496209079482e-05, 0.0002885639716920304, 0.004513902136613482, 0.8601973966362833];('easy', 498)
[0.00031781688106083123, 4.301183761574444e-05, 0.000672818663310431, 0.8360768288890356];('easy', 499)
[0.001544434701826749, 0.00044248795051070094, 0.9065607635747555, 0.0009367469985820623];('easy', 500)
[0.045676018457636795, 0.000651533255973847, 0.001771051010350464, 0.8096267148906707];('easy', 501)
[0.00042249462234882795, 0.0003728501955814891, 0.865598806234883, 0.00042249462234882795];('easy', 502)
[0.7747000689056264, 3.5171321377997435e-05, 0.0021759726020973316, 0.0002598828667355419];('easy', 503)
[0.8009907562634391, 0, 0.0013645839322979875, 0.0003909598423217143];('easy', 504)
[0.005075653860007043, 0.0004721093511986876, 0.7532939810241864, 0.0034884424808368547];('easy', 505)
[0.0006821797310356963, 0.0004137629223076677, 0.8477095313239867, 0.0021012615015265227];('easy', 506)
[0.00023600042763727153, 0.0005661353252702965, 0.0025372424995961733, 0.9033210682148519];('easy', 507)
[0.6306678855240042, 0.014831890587498035, 0.00424940779982369, 0.0009481710429106469];('easy', 508)
[9.675449022584038e-05, 0.00015952118607109067, 0.0010402088002301056, 0.7840098948616381];('easy', 509)
[0.0022254806507342223, 0.0011912139522533719, 0.792326135185977, 0.0036691972863970752];('easy', 510)
[0.00043688572755386934, 0.6151809844153229, 0.03470613209955234, 0.0013457027790632408];('easy', 511)
[0.00013509561396494074, 0.6639637337636324, 0.0005343135181614012, 0.00019656295847156357];('easy', 512)
[0.8298321382190947, 5.481580349889996e-05, 0.000857463435569286, 0.0018152501073449396];('easy', 513)
[0.014010795073715708, 0.007499438185843901, 0.0031262309486050177, 0.36134316746126216];('easy', 514)
[0.00041472408677679755, 0.0001728827204231008, 0.8496787339735911, 0.001447529295571189];('easy', 515)
[0.0001342187714062461, 0.7474863547198243, 0.0009917500314503016, 0.0012734322473830543];('easy', 516)
[0.00043985437631405587, 0.0004984203060949461, 0.9011649059333855, 0.0003425589327107711];('easy', 517)
[0.7891665058637588, 3.3657378322153613e-05, 0.0010470508484269768, 0.0007196268224728524];('easy', 518)
[0.0008657579818187962, 0.0003184944106712086, 0.8378591349968635, 0.000764028737342978];('easy', 519)
[0.00035110613648096846, 0.8151185153942563, 0.0029397756882075694, 0.0012254808307879846];('easy', 520)
[0.006741208885433171, 0.008655883548097433, 0.252961967031504, 0.3680574902557708];('easy', 521)
[0.0001809131222577522, 0.8352752089433206, 0.002070440057171929, 0.0009780066324632135];('easy', 522)
[0.001681393953572323, 0.00022755192693903837, 0.8709834495689444, 0.0005458686956286653];('easy', 523)
[0.8869506451085104, 2.442348097714813e-05, 0.00020449530252488761, 0.0008087942252995526];('easy', 524)
[0.7629241346168922, 5.710627775296209e-05, 0.0031178971205906313, 0.00019932049438191107];('easy', 525)
[0.00020131702494027834, 0.723879670797285, 0.006262786088827841, 0.0005140807874832059];('easy', 526)
[0.022793398320950602, 0.0008837959636877621, 0.8553159618601855, 0.0005360493489069009];('easy', 527)
[0.5547326228140504, 0.0009450533649443519, 0.007912834945488783, 0.010160281188062557];('easy', 528)
[0.0005935361921131617, 0.6508914302025033, 0.0016133986455539844, 0.00028036651130632046];('easy', 529)
[0.0002567899895570855, 0.7654798281663303, 0.0007909684753039703, 0.001015623626089048];('easy', 530)
[0.00022364601359373996, 0.00010564289647554506, 0.6666794897038739, 0.0016525329407463514];('easy', 531)
[0.00019615697144498938, 3.628539117947125e-05, 0.7508153099499509, 0.0016424022134904031];('easy', 532)
[0.0001874633310337831, 0.00039686006415036624, 0.8130790377354896, 0.0008401527623992325];('easy', 533)
[0.00032816700583173253, 0.0006947292255247209, 0.8633041273401613, 0.0011454148514996338];('easy', 534)
[0.0017606461718322993, 0.002260714434426645, 0.001371192617334666, 0.8048700893902786];('easy', 535)
[0.00010492429166534483, 0.00010492429166534483, 0.0008785199192172567, 0.85020999933948];('easy', 536)
[0.00019315083487889692, 7.105622119704613e-05, 0.8377469266657873, 0.0012595016571860355];('easy', 537)
[0.8706871970464851, 0.0019046203967305123, 0.003558299356634735, 0.001155210665731095];('easy', 538)
[0.8308401146701636, 0.0006686044066329047, 0.001817455208977867, 0.0005900413179079497];('easy', 539)
[5.841704348689556e-05, 9.63134221682591e-05, 0.0009137967427602576, 0.7804359641400117];('easy', 540)
[0.00019217683888418798, 0.00011656114486991501, 0.8335221717994089, 0.0004068381771147908];('easy', 541)
[0.0004179261872229845, 0.0006890437944571386, 0.8562391995871361, 0.0006890437944571386];('easy', 542)
[0.4134161103853062, 0.0021694083871512484, 0.22128569781760354, 0.038453683754911934];('easy', 543)
[0.8593811019644637, 0.00025441528046677824, 0.001292027403671996, 0.0021301930627614808];('easy', 544)
[0.004341180120135187, 0.004919201537615647, 0.004341180120135187, 0.001809673112667744];('easy', 545)
[0.005820819939219182, 0.0004216587821371639, 0.863886378730062, 0.0008926516487892561];('easy', 546)
[0.0005343221807699682, 0.0004715376695117432, 0.8525599032248523, 0.0012817722784676982];('easy', 547)
[0.7688609396165885, 0.0019058159548193127, 0.002447116125517014, 0.015957201620939488];('easy', 548)
[0.0011781867138431295, 0.0004334306698842285, 0.0006306379035137682, 0.6103158640022502];('easy', 549)
[0.00030276363602924934, 0.6202963893916155, 0.000932578097624764, 0.000932578097624764];('easy', 550)
[0.00015844243617965363, 0.00029600944087835077, 0.00043069119512393445, 0.8823918385126964];('easy', 551)
[0.00025982289550126656, 7.444050589521678e-05, 0.7745211586433377, 0.0005500450740925345];('easy', 552)
[0.0005474016122859648, 0.0003320157027101035, 0.00022819083286290486, 0.770798864174934];('easy', 553)
[0.0008640781750017247, 0.5747344026554779, 0.004972426578143073, 0.0016143105573523844];('easy', 554)
[0.00018295282336238105, 0.001531844504736117, 0.5453744850127747, 0.0068652507743332805];('easy', 555)
[0.00011185836423741292, 0.7998934368257696, 0.001544157823759134, 0.0006437007491146028];('easy', 556)
[0.0001862648896859709, 0.7129521101609945, 0.001214599074944349, 0.0010718799215205027];('easy', 557)
[0.0002316941460710794, 0.7826325641717955, 0.0019399522586934336, 0.0006298102873422268];('easy', 558)
[0.0009146546662939237, 0.0007123337703496222, 0.781168820793436, 0.0008071799099389343];('easy', 559)
[0.0004682725605515641, 0.00011839784493631113, 0.8466565626900069, 0.0006012738696856577];('easy', 560)
[0.00020876858420626474, 0.6223305825488883, 0.0003900312494635509, 0.0004419633069773441];('easy', 561)
[0.0015596757374505825, 0.7129974327933981, 0.006989981705803737, 0.0025714705637296838];('easy', 562)
[0.00012724264408546146, 9.909667085383345e-05, 0.001207244594202646, 0.8029884972863806];('easy', 563)
[0.675976596614827, 0.000791487244696235, 0.01238094360981357, 0.006627041563001875];('easy', 564)
[0.00010546391668587385, 3.879800673415082e-05, 0.0004726564827261251, 0.7541667325665343];('easy', 565)
[0.00026632479693395456, 0.00026632479693395456, 0.0011935849315789086, 0.7939031725284752];('easy', 566)
[0.875369029563796, 0.000178109852992851, 0.0007044384695971888, 0.0002936535031505863];('easy', 567)
[0.00022617074113762, 0.003537905646589804, 0.00037289251172360657, 0.7639750529492021];('easy', 568)
[0.00043642120529143217, 0.789068226105419, 0.0004945300136615463, 0.0002647029677781758];('easy', 569)
[0.7188484812471609, 5.727737706170509e-05, 0.002937769003982442, 0.0005784810159371394];('easy', 570)
[0.0002188510371898265, 0.6523855722999098, 0.0005249960958360432, 0.00019313536244744796];('easy', 571)
[0.00019358198195414925, 0.6538944079678685, 0.0012623130892780153, 0.0007656315908036869];('easy', 572)
[0.7583911818548601, 0.00013617686829022483, 0.0016589738755331763, 0.0014640393066267902];('easy', 573)
[0.0002563026237493989, 0.4634059594329887, 0.0006148380318913778, 0.017968201123489604];('easy', 574)
[0.8070890854750558, 5.00833902652171e-05, 0.0005058243231177833, 0.0017655003639070578];('easy', 575)
[0.7685735162970821, 7.863301726878297e-05, 0.001905103617108552, 0.0016812480412010061];('easy', 576)
[0.00045225090105211705, 0.8176889451078514, 0.0026025242454205157, 0.0009574151650404289];('easy', 577)
[0.002341310400657943, 0.0008613199618029298, 0.8335641663927627, 0.002341310400657943];('easy', 578)
[0.011812007417544656, 0.08727958544922242, 0.11206920607477115, 0.5022593359867661];('easy', 579)
[0.00018737414155429305, 0.8126921141323452, 0.003763510238639346, 0.0007410791057386097];('easy', 580)
[0.7729931963259769, 0.00013879876748674737, 0.0010255923684624416, 0.00033296093415704196];('easy', 581)
[0.5785503117309743, 0.00028238765529487754, 0.0014340828445141528, 0.07829827030474197];('easy', 582)
[0.0001636038827612355, 0.8040754448717201, 0.0005710336600090911, 0.0009414753415427335];('easy', 583)
[0.0004891849923276599, 0.0003362116005722446, 0.0009139178843526632, 0.8844671092070708];('easy', 584)
[0.0010281576548070287, 0.00025995896586496523, 0.8781069104133306, 0.0004856672870754824];('easy', 585)
[0.0009141057291475673, 0.7807000543871849, 0.008672793684654016, 0.0017077743331455767];('easy', 586)
[0.0045406254431413495, 0.00013711500748367418, 0.0004223439562907351, 0.8652900471677601];('easy', 587)
[0.7997852165305317, 0.00016273092081988544, 0.0007293097370064292, 0.0008264162002954091];('easy', 588)
[0.00017879945236651634, 8.445888094635259e-05, 0.7755009618421406, 0.0008013231693526937];('easy', 589)
[0.0005652772513881183, 0.6199016667304441, 0.0009319846282064942, 0.000498855423451548];('easy', 590)
[0.5334850291287445, 7.460339751709691e-05, 0.002470525226432648, 0.00029506216097066075];('easy', 591)
[0.00011954924848612225, 0.6657891172956859, 0.0010009736023569552, 0.0006071211793924952];('easy', 592)
[0.00054692780254467, 0.0013120115931081241, 0.8726734946015263, 0.004579370424113232];('easy', 593)
[0.6627231590711375, 3.409370025626526e-05, 0.000415346297469986, 0.0023901529148898535];('easy', 594)
[0.00045158740178393396, 0, 0.8164891640927275, 0.0005798497017465503];('easy', 595)
[0.000912436093518484, 0.7792738551212048, 0.0013275866824571643, 0.016173316741344767];('easy', 596)
[0.0007714981788902803, 0.00028381831891494174, 0.8460506233167445, 0.000467937299409417];('easy', 597)
[0.8024935550029505, 0.00014409586679251196, 0.0017554478640246806, 0.0013671441711434462];('easy', 598)
[0.0005498038276370168, 0.602933072080025, 0.0027921342249863025, 0.0005498038276370168];('easy', 599)
[0.0006380899191987835, 0.00011088345440848719, 0.898497682866897, 0.00018281590985198072];('easy', 600)
[0.00017752497244672197, 0.6794988849783942, 0.0013117413548827776, 0.0009015457697576769];('easy', 601)
[0.0006007923902295525, 0.0003215809930376089, 0.00028379423028576824, 0.8459787782952435];('easy', 602)
[0.00046341436712760066, 0.00046341436712760066, 0.7394203105433297, 0.0005251172732395829];('easy', 603)
[0.00041987011378850664, 0.0002546640971097614, 0.8602215587926474, 0.0007844206427319848];('easy', 604)
[0.00031955409585613206, 0.6546965012907479, 0.0020837554518502587, 0.000597005932438672];('easy', 605)
[0.0006967891456581845, 0.6743354907553554, 0.0031227922984264833, 0.012350883130022233];('easy', 606)
[0.0001966413311364346, 0.0003673741967820252, 0.7526691898759034, 0.0009986266033573164];('easy', 607)
[0.7518734122170632, 0.0002858087373871072, 0.0005339612728347859, 0.0002858087373871072];('easy', 608)
[0.7634431446481631, 4.450466537392868e-05, 0.0002561066664555496, 0.00017601936608179473];('easy', 609)
[0.00023791288155774738, 0.709208072003118, 0.001551386127275864, 0.0005707230615433729];('easy', 610)
[0.6795671330786303, 0.00013827043268386732, 0.0024509020627795602, 0.004040854363307481];('easy', 611)
[0.4531919676446995, 5.592835527581255e-05, 0.0005306332075932271, 0.0004132575575972966];('easy', 612)
[0.00043778222819497957, 0.7915288014875105, 0.001731462300442268, 0.000386341460388652];('easy', 613)
[0.003908541665972124, 0.00024986470914289955, 0.8440098499267291, 0.003449275913843234];('easy', 614)
[0.5970986584938266, 3.944226173248127e-05, 0.0006169807809610065, 0.0004805051153524388];('easy', 615)
[0.000529326928608615, 0.0003210530112126453, 0.8445897355364272, 0.0018475325174639864];('easy', 616)
[0.2709792100501617, 0.0018258435551720372, 0.00028000231138290867, 0.001254882700219334];('easy', 617)
[0.00019272836750662661, 0.737692141947138, 0.00266053304700483, 0.001424080719361787];('easy', 618)
[0.0016001256974939556, 0.7314890467752307, 0.0012461791462209707, 0.00027806028505936327];('easy', 619)
[0.0003117247387940676, 8.931063296449016e-05, 0.638655364970619, 0.0043032252303769145];('easy', 620)
[0.0004252675275694739, 9.489005677959774e-05, 0.8712799067563864, 0.00037529727584986977];('easy', 621)
[0.0006319955720996324, 0.7853480456356935, 0.00151607856380641, 0.0007161448048697823];('easy', 622)
[0.0003235658153465531, 0.8511997923044953, 0.0012797270143884312, 0.0003235658153465531];('easy', 623)
[0.000619300184490946, 0.00017743238894668044, 0.769572216179455, 0.000619300184490946];('easy', 624)
[0.0034141499398897095, 0.574171667165051, 0.0026589426467092956, 0.009280621741236738];('easy', 625)
[0.7311781566270211, 0.0008561217558487221, 0.025019539179088498, 0.003836871516065851];('easy', 626)
[0.0027866117483810295, 6.553482689779426e-05, 0.0016901654621085205, 0.8755275417402187];('easy', 627)
[0.00056410971080842, 0.5459314490674338, 0.004723232780656017, 0.044812784916493424];('easy', 628)
[0.0005509446490736678, 6.580092341320154e-05, 0.00020268111297170834, 0.8790826108275215];('easy', 629)
[0.0005043426606470726, 0.7101672609550588, 0.0013709454897536243, 0.0010676934209683333];('easy', 630)
[0.0003641210964459246, 0.00011821281237839706, 0.8453334301045398, 0.0006802677664508869];('easy', 631)
[0.001672608946192499, 0.00037320950202962875, 0.000543016621307044, 0.8664329493369981];('easy', 632)
[0.00012291320095333226, 6.579069552612234e-05, 0.6040900781265771, 0.00017883765213034015];('easy', 633)
[0.0007694712577422413, 0.8438276579757559, 0.0023701383328558006, 0.003907697483881099];('easy', 634)
[0.0008266294174761989, 9.872680498577178e-05, 0.0003040999681570189, 0.7999916105426842];('easy', 635)
[0.8078555413414845, 5.680579399247291e-05, 0.0013762784052640787, 0.00044681218004099794];('easy', 636)
[0.7285076354490689, 5.453012797540022e-05, 0.0003137992203701731, 0.000852994718516857];('easy', 637)
[0.7588123254195558, 6.436111081669172e-05, 0.00041968716201916856, 0.0006919471510607742];('easy', 638)
[0.0003686703401541806, 0.6665716318160851, 0.0010021498863329243, 0.0007804751162310007];('easy', 639)
[0.00043595489025562763, 0.00020593041046534309, 0.8931758028936037, 0.0006343106224827584];('easy', 640)
[0.0005274981558713574, 8.089446220441293e-05, 0.001433888651650768, 0.7427728213832617];('easy', 641)
[0.7881600413390261, 0.00020591352157119748, 0.012739418474638359, 0.04446495015638224];('easy', 642)
[0.0005924314619161811, 0.21092015991211116, 0.44651800865243385, 0.015279008780457928];('easy', 643)
[0.8125451476705621, 0.0002122844521049877, 0.00044940597433935274, 0.00044940597433935274];('easy', 644)
[0.004310511667226302, 0.0008487900733807547, 0.004884449627643991, 0.8214379399649965];('easy', 645)
[0.00013151421081624334, 0.7324240603522479, 0.0006678842718689247, 0.0016021710790155679];('easy', 646)
[0.00030278731346313734, 0.0003431029758590143, 0.0004992118842048217, 0.9025961864693216];('easy', 647)
[0.0007372679058773732, 0.0005067163273061902, 0.01480842174578123, 0.8085124683735624];('easy', 648)
[0.0002962023122644476, 3.537632136120875e-05, 0.001033847654596128, 0.7792155181881892];('easy', 649)
[0.00032746889981746596, 0.005122475453364715, 0.7602426511742693, 0.003520622459967493];('easy', 650)
[0.00023233958594542618, 0.0002632752424002466, 8.547295703960768e-05, 0.8893092701680142];('easy', 651)
[0.8209631505203734, 0.000312071862206308, 0.0005830269949952806, 0.03183219534612556];('easy', 652)
[0.0019782417440320885, 0.6215449871447378, 0.0022416415720421814, 0.016563615329514773];('easy', 653)
[0.73112869316795, 4.003863621455607e-05, 0.001099207663454927, 0.0005883634641799056];('easy', 654)
[0.0004943258441114462, 0.00012498520621855453, 0.0007192398592060496, 0.8937621992600412];('easy', 655)
[0.8637225349955229, 0, 0.00025570056949076605, 0.00037204195591857806];('easy', 656)
[2.560721003067618e-05, 0.0005828174139360953, 0.0005143345625709681, 0.8206679038924823];('easy', 657)
[0.0003038129914451258, 0.00011897487690742146, 0.7992368792192778, 0.0013615960124457507];('easy', 658)
[0.0009622083740073133, 0.0014000049232543801, 0.0004011081261402622, 0.8217826768797079];('easy', 659)
[0.00035786978807570986, 0.8308207023004288, 0.002333604156672574, 0.0018174127445952863];('easy', 660)
[0.0014302244388377232, 0.00017081595001799268, 0.6538195410026572, 0.0030277851607793133];('easy', 661)
[0.0010041924370782368, 0.0002538994888323051, 0.7568639121471656, 0.00654815724419066];('easy', 662)
[0.7552300980789254, 5.653033798011907e-05, 0.0006886808294278581, 0.0006077586988394749];('easy', 663)
[0.0004660763133119838, 0.7436674914206586, 0.000986683563024244, 0.0011180589531073863];('easy', 664)
[0.007477378100522848, 0.6730919858404664, 0.0005416594528551078, 0.0003285330652797926];('easy', 665)
[0.7863149121169074, 0.0011821766392834693, 0.001043267222475528, 0.008735169506510859];('easy', 666)
[0.00036480965473287275, 0.0001723238790128069, 0.8469321445940653, 0.0011236928451561642];('easy', 667)
[0.023004522604543613, 0.0010107479417328913, 0.6722906367395468, 0.16998168779069353];('easy', 668)
[0.00017777215454160266, 0.7710456415856641, 0.0003763436541178438, 0.0009028014939045944];('easy', 669)
[0.002724062176898221, 0.7553068079122373, 0.0018722187289421442, 0.0003253428315300564];('easy', 670)
[0.0004224611811239422, 0.0010134316900583843, 0.0011483685518785575, 0.763827847752503];('easy', 671)
[0.00020556878059117118, 0.7868403492230113, 0.002837789482010172, 0.0004351891119265566];('easy', 672)
[8.508891630014379e-05, 9.64183738786406e-05, 0.0007124404338387922, 0.7812858147948417];('easy', 673)
[0.001007382232551774, 0.00028861984189781085, 0.0002547061164992737, 0.8603637895894376];('easy', 674)
[0.5453566390427683, 0.0001829467167549902, 0.002861769509216867, 0.0008199106918988645];('easy', 675)
[6.880099081112388e-05, 0.00014565169869011773, 0.000949767928842332, 0.7158441955867759];('easy', 676)
[0.00015970689421910292, 0.000232372159944132, 0.00033809949771499955, 0.6926915842201418];('easy', 677)
[0.0005141817921269886, 0.00021434275814135543, 0.8204242302333615, 0.00108852286247477];('easy', 678)
[0.7285942032238408, 7.002641759759288e-05, 0.0007528545799762864, 0.002318955362028065];('easy', 679)
[0.0003383091466125206, 0.00018108383709685826, 0.8899850077491769, 0.0017180756106091716];('easy', 680)
[0.0004422088925586396, 0.00030392543084158195, 0.7995324337956646, 0.0009361562328929125];('easy', 681)
[0.0006005890237602205, 0.0001949827084320981, 0.8456921271083498, 0.00041277839698993597];('easy', 682)
[0.00010082640416703645, 2.8887248444020205e-05, 0.0002740745822761226, 0.7210045410198744];('easy', 683)
[0.0007127608600161652, 0.0001802141677519307, 0.8857109234551435, 0.0005550987159232374];('easy', 684)
[0.8117594729789653, 4.7321235635676e-05, 0.0012204307523456734, 0.0009504724256112342];('easy', 685)
[0.7434067670617122, 3.5927352299209604e-05, 0.001626195360893724, 0.003038132908984734];('easy', 686)
[0.0001355192493860444, 0.5877833414859538, 0.0011346887827773035, 0.0004730086576950951];('easy', 687)
[0.0004491773813666318, 0.00016524312404400833, 0.8121315998030111, 0.0005089846548482067];('easy', 688)
[0.00029434463796120067, 6.56771662071143e-05, 0.6833421067667977, 0.0010273632442894455];('easy', 689)
[0.0017955104995611307, 0.0005144223709371002, 0.0005144223709371002, 0.8208081080312003];('easy', 691)
[0.0002690178862589878, 0.00011214333939556489, 0.0010639868873405806, 0.8019313034937443];('easy', 692)
[0.0006525820068114407, 0.8109297862821242, 0.021610548095671284, 0.0008379318832189827];('easy', 693)
[0.0018925841529555203, 9.422617168458171e-05, 0.8651848270478736, 0.002753693693992743];('easy', 694)
[0.0007985394451453655, 0.00015724181483892381, 0.0021706552630464154, 0.8757048599575092];('easy', 695)
[0.00038004305052215557, 0.00012338191405441177, 0.8822975413404163, 0.0005529593756950477];('easy', 696)
[0.00028172755145618454, 6.286191367464346e-05, 0.7411367348673807, 0.0038891288843359347];('easy', 697)
[0.00024670041466661163, 0.6489916641263427, 0.0023406294811757636, 0.001419663543360375];('easy', 698)
[0.00017882827196818649, 0.775625890802649, 0.0008014523297849218, 0.00033409519617915443];('easy', 699)
[0.8411166768289148, 5.914460791377536e-05, 0.001432942679585217, 0.0006768741938311414];('easy', 700)
[0.777585292705663, 0.0015010924761572058, 0.0004873333761174916, 0.001169051995893826];('easy', 701)
[0.00029146165288668056, 0.6766494542530009, 0.00033026932109684237, 0.00585416379074873];('easy', 702)
[0.010427365918536194, 0.0015990883547170552, 0.8283483125512878, 0.0006665992011917346];('easy', 703)
[0.8237936183735218, 3.100583149327263e-05, 0.0010929932357760376, 0.0004020897407814552];('easy', 704)
[0.0005986436302407164, 0.00022022868415379833, 0.842952910161967, 0.0008710213424161155];('easy', 705)
[0.007178573678190768, 0.00021677403841974875, 0.0009715143019728401, 0.7322344219539337];('easy', 706)
[0.6576463550852029, 3.6014520138454014e-05, 0.0012695562020207508, 0.00028327614359769895];('easy', 707)
[0.00017651055210663323, 0.7655735272061869, 0.0011509933831169586, 0.0004798054263227345];('easy', 708)
[0.0004968475469818103, 7.619403909437956e-05, 0.0015303981855569653, 0.8983213179872797];('easy', 709)
[0.005435873622978065, 0.002266009257191767, 0.628301694566065, 0.0013744040896794569];('easy', 710)
[0.00017307672079132561, 9.264129281414737e-05, 0.0003664034207905036, 0.8506320996771721];('easy', 711)
[0.00046050624229839436, 0.00014950455908540786, 0.8326149422665632, 0.0001919676537763579];('easy', 712)
[0.0005355498676302424, 0.6655001407110606, 0.0027197466431326954, 0.0006876596419409868];('easy', 713)
[0.0009140133273474959, 0.0009140133273474959, 0.026711384858234006, 0.780621079654652];('easy', 714)
[0.0011907136360687438, 0.0006373430817991968, 0.7919931769780993, 0.0011907136360687438];('easy', 715)
[0.0002830201541159324, 8.631627020330777e-05, 0.00046662134812776616, 0.8436711637623092];('easy', 716)
[0.8741939662179147, 0.00013852595906545457, 0.00029325945764285404, 0.00048350310564975667];('easy', 717)
[0.0029263324726145896, 3.6837089413926045e-05, 0.8113910713160956, 0.0007398927195661772];('easy', 718)
[0.00011308154186345844, 5.3415938108680604e-05, 0.013070442877044739, 0.808639823380559];('easy', 719)
[0.7613515448394943, 8.291784534885631e-05, 0.000694262619042364, 0.00042109156434158573];('easy', 720)
[0.0003153772946008142, 0.0003153772946008142, 0.8296585576486181, 0.0003573692935093134];('easy', 721)
[0.00034315647861922423, 0.00034315647861922423, 0.7966626977558505, 0.0006411007039470426];('easy', 722)
[0.8610136455495594, 0.0014668400003024626, 0.013916990437073824, 0.000175189055208479];('easy', 723)
[0.0002341841803818034, 9.762249041071469e-05, 0.7910429619053481, 0.0009262159590500132];('easy', 724)
[0.8055187671747251, 6.832269657906995e-05, 0.006150213148763853, 0.00027022150688704494];('easy', 725)
[0.7394759105779858, 0.0006743147267219241, 0.03249030303088722, 0.0002810963329174074];('easy', 726)
[0.002136368647089988, 0.0005401585852201656, 0.8618728055518803, 0.0003276228992657648];('easy', 727)
[0.0028852655668221336, 0.00014364898253197355, 0.003704754321693583, 0.8000042705366431];('easy', 728)
[0.001217867063732145, 0.7148701380153605, 0.0017719861218765491, 0.001563772263978944];('easy', 729)
[0.8232560663678855, 0, 0.001237715362260438, 0.00035461138843516333];('easy', 730)
[0.001801800614159402, 0.5661089246659119, 0.0026216044244557323, 0.0007511022430764652];('easy', 731)
[0.8631382075325412, 0.0007870800831311209, 0.0024243773335082836, 0.0003281037931027674];('easy', 732)
[0.08846382212328255, 0.0018360084916839638, 0.6536641443947571, 0.0016202718070301128];('easy', 733)
[0.8077492890301868, 5.01243400962925e-05, 0.0022688019531612435, 0.0003942586623089014];('easy', 734)
[0.00043719728199626023, 0.7904712293341467, 0.001188425427102119, 0.000561372422189996];('easy', 735)
[0.0005189465140598511, 0.0001021865786985327, 0.0002451328590149346, 0.828026731929935];('easy', 736)
[0.00020642374432037092, 7.593905170509475e-05, 0.02703618156089433, 0.7901131129381813];('easy', 737)
[0.8415731871977652, 5.559137522796544e-05, 0.0009853807034110038, 0.0008695954186268407];('easy', 738)
[0.0020423288057416222, 0.727119290023246, 0.0008513693108090487, 0.0004021583864563639];('easy', 739)
[0.00226703381925577, 0.04553459148277692, 0.013045878882884745, 0.6285856836228781];('easy', 740)
[0.12005196258707403, 0.6096741177439113, 0.0002975789216790568, 0.002198828394628674];('easy', 741)
[0.00011925671260547406, 0.45646990930236053, 0.0004716692231684738, 0.0004716692231684738];('easy', 742)
[0.5753980664718001, 0.00021872542825687193, 0.0018313655888415232, 0.003421441357933657];('easy', 743)
[0.0016495743293056388, 0.0138117167583224, 0.6654858409474297, 0.04254308267146819];('easy', 744)
[0.8069390199288017, 0.00021081973988431433, 0.0005057302654890517, 0.00011284367513048002];('easy', 745)
[3.957443637620391e-05, 6.524721502941628e-05, 0.0009007100203078489, 0.8716851510368843];('easy', 746)
[0.0002614776568735406, 0.0001585942157236222, 0.7794539445344433, 0.0013278931104638298];('easy', 747)
[0.6988155653569749, 0.009968068980573048, 0.001732190655340237, 0.0005623599701912847];('easy', 748)
[0.00019591393130851165, 0.00010486517073896528, 0.0006838064843469081, 0.8497310643236782];('easy', 749)
[0.001670934107323431, 0.6741027902945367, 0.0027549046046824715, 0.08051009476236672];('easy', 750)
[0.8481469084580855, 0.00011860623966371839, 0.0006825317841598109, 0.00046909677768711193];('easy', 751)
[0.000765495427479256, 0.0002193180073683483, 0.8394674807634949, 0.00040974017603730167];('easy', 752)
[0.0020708063640534208, 0.0014232430124660308, 0.8354229503534644, 0.0011084227726094501];('easy', 754)
[0.0002277736024917971, 0.00033140863610222373, 0.00048219695018843185, 0.8718323691749353];('easy', 755)
[0.00028448793375472804, 0.00013438258456413503, 0.0016371142442392088, 0.8480462371474966];('easy', 756)
[0.0004780241862491639, 8.306814790920726e-05, 0.0016684683519711968, 0.8642880682688099];('easy', 757)
[0.0012651259709055228, 0.01541238950008565, 0.8414877536685949, 0.03262802104859499];('easy', 758)
[0.00014924059413443837, 0.831145027607479, 0.0026453528271718407, 0.0009731709197612719];('easy', 759)
[0.8671509999881267, 3.2637719930592564e-05, 0.0011505187375127962, 0.0010153292222205817];('easy', 760)
[0.00024338578763914327, 0.5650378654069287, 0.0010907794243379695, 0.0004012753250667598];('easy', 761)
[0.0015577529423999419, 0.010157825171552034, 0.0005057283362848704, 0.9143783980103868];('easy', 762)
[0.8376043908254528, 6.269619147937698e-05, 0.0006740479027225597, 0.0002809848361049463];('easy', 763)
[0.854938685180549, 0.00022335996759189134, 0.0006879974636130063, 0.0018701710033651481];('easy', 764)
[0.5725399644852894, 0.0195912402429147, 0.0251556504163382, 0.02219978357491935];('easy', 765)
[0.0019213332235439263, 0.0013205117255266389, 0.0010284155658951183, 0.8783271161614887];('easy', 766)
[0.00036336296549413635, 0.00028298749700490295, 0.8435735126038022, 0.00028298749700490295];('easy', 767)
[0.5743098090121697, 8.031240943584308e-05, 0.0008634397728503121, 0.0004078600690007867];('easy', 768)
[0.0001990126016683141, 0.0005409723387493364, 0.0006130019688057538, 0.8631710570966563];('easy', 769)
[0.002608569866475191, 0.00024263490939783162, 0.00430080462496504, 0.8195884230902056];('easy', 770)
[0.8720592270390332, 2.896570422430006e-05, 0.0024494346386936864, 0.0005465427432048335];('easy', 771)
[0.7077057300203727, 0.0001439957220439184, 0.0002374088098236316, 0.00039142095460782293];('easy', 772)
[0.00039455806744822055, 0.8083627284030089, 0.0012153244072305458, 0.001560507428404984];('easy', 773)
[0.0011596911109150569, 0.00022835671936969666, 0.8740638932148007, 0.0002932158317421204];('easy', 774)
[0.0008298916622801305, 0.007873792864510341, 0.0010656019874649269, 0.708776140501856];('easy', 775)
[0.001017328292756713, 0.00033027814035692447, 0.8688581298476457, 0.0011527839811983848];('easy', 776)
[0.0006412667208852029, 0.7968688440557352, 0.0025362590809566727, 0.004738355774998068];('easy', 777)
[0.0007839509880027802, 0.00017492310950158015, 0.8597066224053452, 0.0014646132641611908];('easy', 778)
[0.6088970590252553, 2.9426758403787805e-05, 0.0010373289906169501, 0.002819752545327819];('easy', 779)
[0.0006660314286145989, 0.7303921709416287, 0.002984945774123695, 0.00016839911720417303];('easy', 780)
[0.331408825921038, 8.658339173716986e-05, 0.0028672481494928857, 0.37553539842511735];('easy', 781)
[0.000891206038039482, 0.00019885494599299728, 0.8624870821981473, 0.000786486568134532];('easy', 782)
[0.0002857525938010218, 0.00010512250452081006, 0.8518167560562943, 0.0011301739711654165];('easy', 783)
[0.0005435438006162002, 8.335518126910208e-05, 0.8672741770155267, 0.0001764629201314416];('easy', 784)
[0.0003056560820180192, 0.00014438170978717656, 0.804085389709206, 0.0010668445532769721];('easy', 785)
[0.0005608159170929967, 0.000300182985780949, 0.0006354876889091827, 0.8948331490528226];('easy', 786)
[0.00019407256853430708, 0.0004108516308111925, 0.0064268008197978675, 0.7428370195871851];('easy', 787)
[0.0005060503741087292, 0.7125719002731066, 0.0009454265656856973, 0.0015587448887309809];('easy', 788)
[0.0006894230589808184, 0.6672066131790532, 0.0010031046318569085, 0.0005369232182017447];('easy', 789)
[0.0005577663155050109, 0.0002634701516901592, 0.7853936402802892, 0.0006320320375872865];('easy', 790)
[0.00013489940866267717, 9.271491728910002e-05, 0.00025202527489404396, 0.8513078530117288];('easy', 791)
[0.0006843466601399702, 0.0018602470906251192, 0.8504022875888866, 0.0008787185054450894];('easy', 792)
[0.005574916604777036, 0.00035639249494915574, 0.8273910097065436, 0.003831580412617024];('easy', 793)
[0.00040947474152563815, 0.5765835062278195, 0.0018351384736749565, 0.0026701107238326117];('easy', 794)
[0.7789517792257431, 7.48663222968338e-05, 0.0013270379479062725, 0.001171106878639503];('easy', 795)
[0.00044110199149081415, 8.685813208036235e-05, 0.29339536891021895, 0.5481346792244782];('easy', 796)
[0.00028278893655816074, 0.7439286619524524, 0.0018440146252313705, 0.0004662399125015408];('easy', 797)
[0.0004188093437180618, 0.00011999082872899341, 0.8580482996901183, 0.0011384418286176658];('easy', 798)
[0.0010239793154429911, 0.000903658574189134, 0.8745383766832339, 0.00042685808554458174];('easy', 799)
[0.028642119082665646, 0.6518916255777701, 0.008206104509424494, 0.004392411222290683];('easy', 800)
[0.10937438015707966, 0.00023925554219332977, 0.0007369586008515845, 0.8081734066809843];('easy', 801)
[0.004626789044768603, 0.023496767963902414, 0.038739621134791256, 0.5347840057709683];('easy', 802)
[0.007478551239318394, 0.0010121118501726757, 0.0006956136235609748, 0.8644028654904552];('easy', 803)
[0.0009121076646486315, 0.0006268818190160758, 0.778993589792063, 0.0006268818190160758];('easy', 804)
[0.0004370509592071648, 0.7902065184503145, 0.0022195279114554808, 0.0011880276805234316];('easy', 805)
[0.00024057870542638798, 0.632887021460731, 0.0009515072378622734, 0.0005771183127019503];('easy', 806)
[0.0002081451479986509, 9.832080602989105e-05, 0.796702111112366, 0.0004993144911847351];('easy', 807)
[0.790748577765473, 0.0002065897648899393, 0.00251677976320866, 0.00366189294795343];('easy', 808)
[0.7704340008080237, 3.7233512993893994e-05, 0.0019097148995667198, 0.0009020854438264845];('easy', 809)
[0.00022109822552757007, 0.6590846588029233, 0.0012723324402810733, 0.0011228294376059468];('easy', 810)
[0.6234091464385614, 8.717854512218048e-05, 0.0005684755239152759, 0.001984174541387114];('easy', 811)
[0.00043289405848065637, 0.00020448457660070723, 0.8869046921997676, 0.0005558469738222723];('easy', 812)
[0.8451346563090482, 0.005025355185620777, 0.0008732757878444662, 0.0005296685397123737];('easy', 813)
[0.00031741341643714725, 0.00024720181727862017, 0.8350148050549481, 0.0018265872246444597];('easy', 814)
[0.004003264436386552, 0.00847491087833526, 0.7628870061446777, 0.005824715385388806];('easy', 815)
[0.006936567528156285, 7.705830465757215e-05, 0.00034535136176262196, 0.8017583142877567];('easy', 816)
[0.00031432246729482216, 0.8268836384764391, 0.00075402040113233, 0.00045733649133557664];('easy', 817)
[0.07092434530881324, 0.003531115228835875, 0.08036781217145915, 0.4081414516351767];('easy', 818)
[0.00029726634565963977, 0.6901254507123531, 0.002820384560658305, 0.00043251998078970246];('easy', 819)
[0.000219824544501495, 0.0020856372085780238, 0.8414059648029917, 0.0009851852584843936];('easy', 820)
[0.0004413024851726715, 5.270609083986876e-05, 0.5483837896890728, 0.0015402970212328427];('easy', 821)
[0.0010144784489630931, 0.8664242732845053, 0.0007900766104615212, 0.0005430111837937148];('easy', 822)
[0.4239748918804963, 2.181133293266643e-05, 0.0036681021942338056, 0.0003010961635660021];('easy', 823)
[0.003892457246960156, 0.0023608946619019643, 0.6546106174061952, 0.013586010739148687];('easy', 824)
[0.0006456062877933373, 0.0007315677663032365, 0.8022613147554284, 0.0010644248191826237];('easy', 825)
[0.00019934007428767847, 0.00010669905292430441, 0.0027518048437603832, 0.7629992838087162];('easy', 826)
[0.0005649689757715184, 0.00016186632163572856, 0.7955354590338938, 0.0008220250092731979];('easy', 827)
[0.6195571390095339, 0.0001260602956107282, 0.0028691191035591416, 0.00034266741084881797];('easy', 828)
[0.0001916972600953954, 0.00016917223826813999, 0.00045985782116402885, 0.8314423337788016];('easy', 829)
[0.7236091275232114, 0.004875639658695097, 0.005524823536961617, 0.004875639658695097];('easy', 830)
[0.0008330750135898117, 0.0005725635252689211, 0.9135776561340901, 0.00039351677234409336];('easy', 831)
[0.8877385320637459, 0.0002628104041580098, 0.0010394348163854316, 0.0007143924053037698];('easy', 832)
[0.002651984751107487, 0.7353220238602, 0.0009756106682326089, 0.0012527088948023817];('easy', 833)
[0.00011768391197475422, 0.0018408869915153968, 0.0018408869915153968, 0.8415515803354117];('easy', 834)
[0.0037146408189283647, 0.00023746904270522304, 0.9089424432587873, 0.0012059673072151345];('easy', 835)
[0.004003321703953283, 0.7628981240340916, 0.0006956729993967173, 0.001891035272809697];('easy', 836)
[0.0004431344881544772, 0.8012058901970799, 0.0009381157187846774, 0.00030456143754485225];('easy', 837)
[0.8057166036242985, 0.00016393780413840873, 0.0013726344284795819, 0.0010690087677706686];('easy', 838)
[0.0001395846071399016, 0.7773696899498052, 0.0010313989845131724, 0.0008032543367979104];('easy', 839)
[0.00042840454109274923, 8.435785585165725e-05, 0.7745734423367391, 0.0009069324206102955];('easy', 840)
[0.00032741924809202204, 0.00042041463646294564, 0.00042041463646294564, 0.8613373970732221];('easy', 841)
[0.0008882290758200576, 0.6694618964014184, 0.008427282833553575, 0.008427282833553575];('easy', 842)
[0.002161989579986324, 0.00017746691169806097, 0.8722087438223571, 0.0007953515185038503];('easy', 843)
[0.0001400667936782337, 0.780055101149232, 0.0006277361176728718, 0.0007113182106751899];('easy', 844)
[0.0003862338897400868, 0.6983273169857482, 0.0013480887369874055, 0.0010498925640155326];('easy', 845)
[0.0009416746877536626, 0.00016363852393842053, 0.9113294429838265, 0.000444815626057669];('easy', 846)
[0.0002367303227299147, 0.0002367303227299147, 0.7996440158321781, 0.005387959879968449];('easy', 847)
[0.0002716773148670357, 0.8098587823292943, 0.0006517199985658522, 0.0003488405774267523];('easy', 848)
[9.646224483007258e-05, 0.00014035173806255458, 0.0021954705728185427, 0.8857159717509052];('easy', 849)
[0.00010962340011524693, 0.00010962340011524693, 0.0003376638440706664, 0.7839111358931025];('easy', 850)
[0.0011569521038357147, 4.775309361811416e-05, 0.00037560735512569846, 0.7695369199634424];('easy', 851)
[0.001326362309847125, 0.00013979762560665683, 0.8822188585106331, 0.0007099505847025196];('easy', 852)
[0.001012456494190828, 0.001147263510189799, 0.864697263230221, 0.0021433704150215934];('easy', 853)
[0.0012492038485153393, 2.7598494643983694e-05, 0.009230437315679907, 0.8308973144680888];('easy', 854)
[0.002032878989996244, 0.00027512025389690085, 0.0005824295820702223, 0.8201218327055368];('easy', 855)
[0.00026113425824750286, 0.00010885695430030322, 0.001702808452191001, 0.7784299512257878];('easy', 856)
[0.00024419324481520367, 7.447473190427835e-05, 0.8248528134916217, 0.0004562132599976439];('easy', 857)
[9.518425611610451e-05, 5.7732169656357135e-05, 0.0004833853078037183, 0.8739812041506937];('easy', 858)
[0.8281627633858938, 5.823376440377751e-05, 0.002986820892484559, 0.00031480875608552494];('easy', 859)
[0.8489894088347569, 0.0005320842657873238, 0.0005320842657873238, 0.0027021468647583317];('easy', 860)
[0.7499397541425548, 4.953838957967372e-05, 0.00041477985767752, 0.00032303087796149845];('easy', 861)
[0.0001382474900843556, 3.283665708272736e-05, 0.0011575320624671998, 0.8724366096440194];('easy', 862)
[0.00046780544822261924, 0.002096558564343912, 0.8458122811538813, 0.0004128368590686598];('easy', 863)
[0.7931824565404771, 2.985369766595641e-05, 0.0008195936814889735, 0.000497108696329813];('easy', 864)
[0.7573025788498886, 0, 0.001004774391707348, 0.0004188522822483698];('easy', 865)
[0.0010577309724776934, 0.00034339497001622984, 0.9033644525540081, 0.0013581534526792003];('easy', 866)
[0.7257041545667587, 0.0001571809438870577, 0.0043151943823431325, 0.0012363238899254527];('easy', 867)
[0.0006930315429173505, 5.688749324668918e-05, 0.0011426158460739646, 0.861194504845513];('easy', 868)
[0.8308908142927349, 5.1560382673835166e-05, 0.006343929180050733, 0.00035789999362382597];('easy', 869)
[0.0003641099845214722, 0.5809709167055963, 0.0008734544461553021, 0.001631827738030844];('easy', 870)
[0.00017532376805792562, 5.023110055219907e-05, 0.7604261043494712, 0.001295477157655918];('easy', 871)
[0.0009321077364943701, 0.0022360102203919383, 0.9020710869158663, 0.0025337315222787385];('easy', 872)
[0.7655705839647347, 0.00017650987877359704, 0.002761079057578058, 0.005158374787470977];('easy', 873)
[0.8719072153512936, 0.0002581234592765012, 0.0004255738407052383, 0.001907289630510459];('easy', 874)
[0.8601473824881801, 8.267015268642234e-05, 0.001881564899708655, 0.0011412267999124255];('easy', 875)
[0.00010633214203023683, 0.00013653317297767495, 0.0003275260554630806, 0.8616181170005358];('easy', 876)
[0.011017742741176412, 0.014147061714197382, 0.6015483712093357, 0.020583853336231046];('easy', 877)
[0.0006277543769407183, 0.00014007093466066026, 0.8839439750660476, 0.0008060525754288594];('easy', 878)
[0.000441586445783727, 0.0001433621291756911, 0.798407178289389, 0.00038969867062747945];('easy', 879)
[0.0006546024779709208, 0.00018754683940451635, 0.8134406906123225, 0.0005098049224442351];('easy', 880)
[0.00034301823932402354, 0.0002671428733933241, 0.0010565705602520548, 0.9023732578087674];('easy', 881)
[0.8822744419107017, 0.000158421434326695, 0.004629750746155893, 0.000487972138559544];('easy', 882)
[0.0009991934210618197, 0.00015323134702498864, 0.7530963803871761, 0.0006060414448571486];('easy', 883)
[0.0009105693224106533, 0.0002608826031428746, 0.0009105693224106533, 0.881226650805259];('easy', 884)
[0.000138743977612204, 0.0002592078752920669, 0.7726879473512535, 0.0006218073680398439];('easy', 885)
[0.0027133450264150228, 0.0014523489349038024, 0.8525076527288863, 0.0012816934365246417];('easy', 886)
[0.0014000937134609455, 0.640045324740673, 0.005537478056016818, 0.14281340729929748];('easy', 887)
[0.00023476781192973304, 6.318689938002739e-05, 0.0004970034617553661, 0.8986031716072944];('easy', 888)
[0.0003544485903290767, 0.00027604483970684055, 0.8228782045859973, 0.0012371471410373702];('easy', 889)
[0.009248187664043811, 5.499173400384842e-05, 0.0016070940401506533, 0.8324952115997822];('easy', 890)
[0.0011125254526431069, 0.8385150827467336, 0.0020784711794409375, 0.0026688098222551115];('easy', 891)
[0.00033025073842686824, 4.469457722410071e-05, 0.7667009813872788, 0.0004240503420199938];('easy', 892)
[0.0001729978406541175, 9.259907131922358e-05, 0.6621706861933829, 0.0006842194064253081];('easy', 893)
[0.0006012804640454551, 0.00013416387021088794, 0.8466660500999325, 0.004442895080022921];('easy', 894)
[0.001700557557660039, 0.00017923753336728166, 0.7774009665988341, 0.0003794456801823072];('easy', 895)
[0.0002836629967127188, 0.6585442667187443, 0.002691319579360113, 0.001440559562649422];('easy', 896)
[0.0003239344654261405, 0.00013503597550101887, 0.6636708618378838, 0.0007770787565151451];('easy', 897)
[0.0004703481595039211, 4.957430764693575e-05, 0.0002517591077092206, 0.850409358583998];('easy', 898)
[0.751955092260007, 3.0127294521042735e-05, 0.00211208741240933, 0.0004158946705552127];('easy', 899)
[0.758030429651232, 3.8996763654396226e-05, 0.0010057397903173186, 0.00022441088048115153];('easy', 900)
[0.777667981390078, 0.00015823088296171, 0.0013248503307562434, 0.0008035623451340849];('easy', 901)
[0.00024172515557344208, 0.7205724902260878, 0.0017861207350549023, 0.0007445658970046486];('easy', 902)
[0.0003400185861182624, 9.741695594450184e-05, 0.8944820190072521, 0.00118678147746401];('easy', 903)
[0.8742330596341265, 7.415092630604807e-05, 0.001023621475056563, 0.00022840093257076854];('easy', 904)
[0.00041970177121109165, 5.680048516633658e-05, 0.7588387394629167, 0.001140867698055186];('easy', 905)
[0.004821958159611068, 0.002277731753316888, 0.8109286020710336, 0.002010091217220733];('easy', 906)
[0.7812713321991387, 2.9405381751630233e-05, 0.0008072857625569849, 0.0007124271849571823];('easy', 907)
[0.001202872340870215, 0.7060685183310834, 0.0009367979210046574, 0.004198437003681995];('easy', 908)
[0.0008385970100032976, 0.00034957924328633296, 0.811573346533359, 0.0008385970100032976];('easy', 909)
[0.7934009907717, 4.6251057055467225e-05, 0.0006384758438571397, 0.0013516533720523561];('easy', 910)
[0.0003645809758751116, 9.218046262328292e-05, 0.7951201299661145, 0.0009309901366049792];('easy', 911)
[0.7603080420784876, 2.0936183266952813e-05, 0.0003274970079048429, 0.0002890150950817466];('easy', 912)
[0.00032461451087645017, 0.000173753626809722, 0.0008823937261695755, 0.8539588727584487];('easy', 913)
[0.0005012919386705282, 8.711147700269638e-05, 0.799857274362515, 0.0005012919386705282];('easy', 914)
[0.000355054008817111, 0.7274275655383389, 0.0018031130376039207, 0.004901369404776329];('easy', 915)
[0.0005352082914430509, 0.0002528146161787367, 0.0003246203928836538, 0.6650756023543432];('easy', 916)
[0.00022887016277047594, 0.00010811060981316465, 0.0005490312407947572, 0.8760296841777102];('easy', 917)
[0.00020606989496893758, 0.6960765579836609, 0.0009235407556293461, 0.001522661288164572];('easy', 918)
[0.0004441003486797686, 0.0054102498157375875, 0.0010653413544900706, 0.9098642409060191];('easy', 919)
[0.000523759634510473, 0.0001500596476889905, 0.000523759634510473, 0.8357067558590768];('easy', 920)
[9.674037359809354e-05, 0.6917851916092382, 0.0013354596641227288, 0.0006308264778663267];('easy', 921)
[0.00031574594975141877, 0.00019150959920432003, 0.8306284353899697, 0.0007574351580288553];('easy', 922)
[0.0019878043667208452, 0.001366196629581115, 0.7077074595069803, 0.001366196629581115];('easy', 923)
[0.000213748944262539, 0.8181513441068836, 0.0020279944854863893, 0.00035241259903872636];('easy', 924)
[0.000599178812981221, 0.6570792953955414, 0.0014373552511291832, 0.0006789585450400877];('easy', 925)
[7.270125458897415e-05, 4.99667928336549e-05, 0.0018749891741913125, 0.8571415672316425];('easy', 926)
[0.001038880837263806, 0.00015931761232296189, 0.0017128249341195952, 0.783008933394391];('easy', 927)
[0.00018455117332396648, 8.717580154735155e-05, 0.0004427152501595029, 0.8004479378873038];('easy', 928)
[7.553435834137095e-05, 4.043062854806752e-05, 0.0006324414392237695, 0.7859023006187453];('easy', 929)
[0.0010503687690053176, 0.6165511828969554, 0.006044454928910845, 0.08344112648048867];('easy', 930)
[0.8290825981917569, 0.0002166049977238015, 0.0018136105765603097, 0.0005196081298209038];('easy', 931)
[0.00010506717963116333, 4.662327833913435e-05, 0.0006046198730658672, 0.8513682507032051];('easy', 932)
[0.0011568390154236515, 0.7694617460248239, 0.00277511253319702, 0.004575387062068443];('easy', 933)
[0.0004037868751869638, 0.00027751825790145966, 0.9374203311295279, 0.00019073532332442123];('easy', 934)
[0.0006284246498620854, 0.5367116427831526, 0.00193568419478061, 0.0003363714758017261];('easy', 935)
[0.6825646808514051, 0.001691908789221618, 0.002789486008874181, 0.02335608039686878];('easy', 936)
[0.004610801742804448, 0.7754176716414646, 0.004069018256456579, 0.0182360746469675];('easy', 937)
[0.8497911475407919, 6.360842999851252e-05, 0.0008780872907737219, 0.002704699267862005];('easy', 938)
[0.0016475854860264988, 0.00028630742707854296, 0.8534705895469709, 0.0008818889608576986];('easy', 939)
[0.7484903321960331, 8.151718562189084e-05, 0.0021023549238003013, 0.002382280229701737];('easy', 940)
[0.00038338720832061034, 0.00026349804354998483, 0.0005578250965809279, 0.7854763751044734];('easy', 941)
[0.00026046148121808, 0.8264999982044695, 0.0009677318025969483, 0.000586959008654023];('easy', 942)
[0.00011486374107622654, 5.4257789407113624e-05, 0.0003122320201163314, 0.8213846103642356];('easy', 943)
[0.6573563676853442, 4.3422667473810346e-05, 0.0016294235758061442, 0.0005289963842573297];('easy', 944)
[0.7481779021571265, 4.361478311658186e-05, 0.003057632354799331, 0.0008760263366849271];('easy', 945)
[0.0005452516356468732, 0.004028894923828441, 0.6775561071622704, 0.0096648164947615];('easy', 946)
[0.0004586734972292004, 0.7318557941003438, 0.0016009278108283331, 0.002055631999385844];('easy', 947)
[0.002710926654410738, 0.0008801090271819624, 0.8517479116875919, 0.0021112718013042266];('easy', 948)
[0.00012344358653195068, 9.613796185622592e-05, 0.0015038514645051536, 0.7790142057113301];('easy', 949)
[0.0006354601143103756, 0.6968665699067673, 0.00034013728855261254, 0.006831840068176437];('easy', 950)
[0.8452929712763274, 0.0002502445928923448, 0.005026294613642647, 0.0016317989479890684];('easy', 951)
[0.7753008631945391, 3.30660261234311e-05, 0.0002947142828119244, 0.003168477140636035];('easy', 952)
[0.00015954841989073202, 0.6920044448375631, 0.0008102537329250946, 0.0006310262416885926];('easy', 953)
[0.0006655396656114443, 0.82703159627953, 0.002050006491639643, 0.0006655396656114443];('easy', 954)
[0.00024580964060603257, 0.00024580964060603257, 0.8303128982232625, 0.0005896669550437911];('easy', 955)
[0.000473519348543987, 0.000174197950262152, 0.8561429003853127, 0.0010024404687340434];('easy', 956)
[0.003722199460169688, 0.7093257250019235, 0.0010664280002090258, 0.00034621848152789094];('easy', 957)
[0.6527386483055929, 4.8858679351893546e-05, 0.001427859910556101, 0.0023541430061138264];('easy', 958)
[0.00043915587173735444, 0.794012584639065, 0.001352695315426685, 0.0003420149367994571];('easy', 959)
[0.00018740791774648897, 6.0842442898888305e-05, 0.8128384288906849, 0.0010784581049686074];('easy', 960)
[0.0003097924615484784, 0.02171813343675742, 0.8149668597499238, 0.003774044791885801];('easy', 961)
[0.0007261450339729077, 0.5472984731663536, 0.0013566175242293687, 0.006889472261218536];('easy', 962)
[0.515772425900046, 0.0006843166391821386, 0.0004703234894081539, 0.001641590278984629];('easy', 963)
[0.00029286147214835985, 6.534622718176845e-05, 0.7704269289379596, 0.00048284716873897094];('easy', 964)
[0.880447967518352, 0.0001791433733469037, 0.0003792463435126539, 0.000260652070205488];('easy', 965)
[0.0003342284050555814, 0.0005510494806873153, 0.0003787304001597247, 0.8792502199094477];('easy', 966)
[0.676161579339553, 3.478504205470987e-05, 0.010929135331234937, 0.0002912515912442816];('easy', 967)
[0.005678697519931777, 0.00013355010138523877, 0.0006782237006943113, 0.842793438521042];('easy', 968)
[0.00016682463444223474, 4.2179873142649224e-05, 0.0008472058034011642, 0.8199048450243478];('easy', 969)
[0.0002174013417752467, 7.99774841221995e-05, 0.7343532395396912, 0.0008598393963902556];('easy', 970)
[4.515234377796266e-05, 6.569627254682523e-05, 0.0024652332644222075, 0.877683914911287];('easy', 971)
[0.00017236940744364698, 0.0002213267002170479, 0.0004685484046149759, 0.8471554645111948];('easy', 972)
[0.0007949685650380712, 0.5991711206042661, 0.04918296354181406, 0.0024486755683904566];('easy', 973)
[0.00019517991509414187, 0.8465472758986724, 0.0011231823261281238, 0.0004682120529369748];('easy', 974)
[0.7828175591397498, 0.0007138373634170069, 0.0015111937102125516, 0.0825083612478002];('easy', 975)
[0.002640663309939424, 0.7321827267825788, 0.0008572978590345007, 0.0009714457427824466];('easy', 976)
[0.7071791714307003, 3.6380747691247384e-05, 0.0017529217537535357, 0.0032748889801450447];('easy', 977)
[0.7541367053350679, 0.000687683579179473, 0.00041710117495327075, 0.0007792475839466782];('easy', 978)
[0.00025622148609078123, 6.47829369796846e-05, 0.0007892181148400747, 0.8654827023792344];('easy', 979)
[0.6613774511937247, 0.0008775025551598807, 0.0034705899302161737, 0.0009943406629416061];('easy', 980)
[0.0004738131945787703, 0.003967189306730141, 0.0006083881846011555, 0.7560126201690487];('easy', 981)
[0.0001806724275665719, 4.5681143558994375e-05, 0.7836248122348975, 0.0001806724275665719];('easy', 982)
[0.0004470723979553176, 0.8083258096558201, 0.002915278240758868, 0.0005065993961519446];('easy', 983)
[0.0005116672550473215, 0.00010075325633849969, 0.0020236832503183273, 0.8164119947634798];('easy', 984)
[0.0004172044112940444, 0.0001739167564407706, 0.8547603624117383, 0.0008832217456403732];('easy', 985)
[0.6876157909739966, 2.7549530336422455e-05, 0.0009123151483403343, 0.0004883271095601618];('easy', 986)
[0.0001598242147294113, 0.0008116543346841994, 0.0008116543346841994, 0.693200641292282];('easy', 987)
[0.0013831244247548865, 0.0003086167744007627, 0.005470363217250965, 0.8118739470000709];('easy', 988)
[8.07595676014002e-05, 0.0004647392238320832, 0.00028187858802521066, 0.7415341530578194];('easy', 989)
[0.7779764497344932, 0.00020325309573350093, 0.0009109167433021527, 0.00015829367011893774];('easy', 990)
[0.0006267984257313333, 8.482794247861294e-05, 0.0017038147707722198, 0.7788900076989171];('easy', 991)
[0.7774980248930544, 0.0006256783259381292, 0.005936270675035998, 0.0008033868731751948];('easy', 992)
[0.005229391230213242, 0.7761103338799019, 0.003171786112756697, 0.0016977347656708447];('easy', 993)
[0.7471339738122905, 3.3919835999582974e-05, 0.002694586329445889, 0.00046824889243547247];('easy', 994)
[0.0009954175402209309, 0.8501450345934685, 0.0016411660717902492, 0.0009954175402209309];('easy', 995)
[0.00036563251778838146, 0.00025129518962639137, 0.8488423292360829, 0.0039309200200011865];('easy', 996)
[0.00011736773065650634, 0.6957958558547512, 0.0007189641719819208, 0.0004941363672380029];('easy', 997)
[6.103346662370855e-05, 0.00011402552728781796, 0.0017836593487637897, 0.7195795605189551];('easy', 998)
[0.01157897550914843, 0.0003085690982613258, 0.0005764832453037951, 0.811748719565056];('easy', 999)
[0.8645539553263653, 0.0001993315197233323, 0.0012998041653012919, 0.003118068099136795];('easy', 1000)
[0.0007636459357988202, 0.5755632959367077, 0.0014266784324656924, 0.0016166384587723039];('easy', 1001)
[0.0008129429952541287, 0.7867460285801059, 0.002504040711191658, 0.0006331206412963288];('easy', 1002)
[0.0020171878866676036, 8.8629050282456e-05, 0.8137918572631059, 0.0010797228698089046];('easy', 1003)
[0.791329437224811, 0.0015276254583700755, 0.0015276254583700755, 0.003233983120747395];('easy', 1004)
[0.0007248453262441949, 0.00016173485372770807, 0.007792821660317156, 0.9007276355243994];('easy', 1005)
[0.6139962583886791, 0.0009231062042673622, 0.19933538835336412, 0.0013431116019898075];('easy', 1006)
[0.7238371510810355, 0.0013973345055472907, 0.0007479392635581196, 0.0012331433730200611];('easy', 1007)
[0.0003051565743656503, 0.00011226083004742713, 0.802771102327152, 0.00136761688407634];('easy', 1008)
[0.00014003674182922734, 0.0002964577847788591, 0.00033593068022178235, 0.8837283988859056];('easy', 1009)
[0.00014071547707433332, 0.7836673407302368, 0.001942517242400458, 0.00043343418338790047];('easy', 1010)
[0.004123066861921754, 0.0015167915330762673, 0.7857176069791062, 0.03046557960594113];('easy', 1011)
[0.00035398933833918276, 0.7252464412147075, 0.0026156470794115637, 0.0015864701486509186];('easy', 1012)
[0.0003843696236792508, 0.0006337183743709844, 0.8923418821058553, 0.0005592545024933388];('easy', 1013)
[9.194463815740245e-05, 0.6998956193895943, 0.0004970480178195033, 0.00026605063206059987];('easy', 1014)
[0.00047413457845595444, 0.0001358418310849151, 0.8572553513640071, 0.0005372648641228566];('easy', 1015)
[0.0004181815463894769, 0.6672469994279752, 0.0011367352985474182, 0.0003690439194067496];('easy', 1016)
[0.00022644548535528182, 0.0006155423544643143, 0.0013031031746267583, 0.7649026013156702];('easy', 1017)
[0.014533597399467172, 0.7002678968436046, 0.0017357906770118414, 0.001531829895998168];('easy', 1018)
[0.004729592803623737, 0.7019338510931277, 0.0008218799924005435, 0.0003023527523143012];('easy', 1019)
[0.003356263187032284, 0.6395907040081, 0.14271197621477433, 0.002613860398254472];('easy', 1020)
[5.713106278958857e-05, 2.1017343452564425e-05, 0.0008936801843699746, 0.763255255876476];('easy', 1021)
[0.00045085113088568797, 0.00024132322036727558, 0.9236948794777998, 0.0009544518515748445];('easy', 1022)
[0.00017314572913318732, 0.6627367871868345, 0.003940776751854303, 0.00041535481381686594];('easy', 1023)
[0.0003831077887080734, 0.001180055065730337, 0.0009190278092581645, 0.6926751725793248];('easy', 1024)
[0.7100334072632443, 0.00021020160453311994, 0.000831363473209499, 0.0009420582336036078];('easy', 1025)
[0.0007007411870673573, 0.00029211252580288753, 0.8707748684691957, 0.010961436435383711];('easy', 1026)
[0.00034714488218413886, 0.011495859668674755, 0.000734905721350827, 0.8059220423979712];('easy', 1027)
[0.0002552449668926686, 6.453603426033823e-05, 0.01085328699209471, 0.8621833772666488];('easy', 1028)
[0.6841347105546806, 2.917785505608396e-05, 0.0003783841816532223, 0.00022950160732295385];('easy', 1029)
[0.0026881234423055274, 0.00036379794743939686, 0.8445833547790598, 0.0007701602607728601];('easy', 1030)
[0.0006953387032252313, 0.00013692030888639222, 0.762531478295434, 0.0031162918664275623];('easy', 1031)
[0.6703542037414197, 0.0001984548233746921, 0.0006926753951401902, 0.14957623637927686];('easy', 1032)
[0.0002691171915419358, 0.0005697208273009093, 0.9090419247980507, 0.0006455782741359779];('easy', 1033)
[0.000546781515836803, 0.7699258639775499, 0.0007955624112144746, 0.000425833872702672];('easy', 1034)
[0.050228374910337874, 0.001947565447823092, 0.0013385408520325498, 0.785704002279212];('easy', 1035)
[0.0002546947001410993, 0.7132342707461036, 0.0008351113729134283, 0.0006503853911768139];('easy', 1036)
[0.038877995729294804, 0.1537654559427395, 0.4736309199457858, 0.011138732268752945];('easy', 1037)
[0.6535268587724516, 2.170709982522423e-05, 0.00036145549105885363, 0.0007652012805763356];('easy', 1038)
[0.7490676080151629, 0.00010475082486647409, 0.0012761262913145279, 0.000251284165794859];('easy', 1039)
[0.0006021538517193179, 0.00011857118021183989, 0.0006021538517193179, 0.8478958969520594];('easy', 1040)
[0.0003663651602545236, 0.0003233162733087022, 0.0009958837577003575, 0.8505433511141236];('easy', 1041)
[0.00012898882339970475, 6.093000585143806e-05, 0.8140085492763386, 0.000841113187007605];('easy', 1042)
[0.0002476388121208691, 0.5749115378090447, 0.00036031234556211435, 0.000524251369373823];('easy', 1043)
[0.016307815595533372, 0.005294372570314884, 0.005999310088011749, 0.7857544064139558];('easy', 1044)
[0.00044216377047170356, 0.00011179650900556822, 0.7994507558466931, 0.0013619602957880663];('easy', 1045)
[0.0014441159690560463, 0.8476750091634826, 0.0016363977763849597, 0.00017247497446323755];('easy', 1046)
[0.0002008209567340175, 0.00010749171217800054, 0.8710141057146449, 0.00115564426396535];('easy', 1047)
[0.0002358328118666247, 8.150163893533088e-05, 0.0004992578285747173, 0.7966117719387136];('easy', 1048)
[0.00012621005898246821, 8.674282041422664e-05, 0.00016205692357514818, 0.902521025775685];('easy', 1049)
[0.0006232241783153031, 0.00037800457202244464, 0.0027930969883261146, 0.877564830083332];('easy', 1050)
[0.00045587532893629314, 0.0009650880789314411, 0.8242418812922815, 0.0010935880637143976];('easy', 1051)
[0.7709072517858928, 0.0007029764619194114, 0.00025861058796759073, 0.003150521926089149];('easy', 1052)
[0.0008599271415891751, 0.6481307091057639, 0.0007588830389008718, 0.0012511866082094202];('easy', 1053)
[0.6806490408817828, 4.496130151362643e-05, 0.0006206716222469867, 0.001687160392194181];('easy', 1054)
[0.000132525719003988, 0.00011695353653381587, 0.00040820775794238675, 0.8363281424533145];('easy', 1055)
[0.8258528711413705, 0.000244489415805958, 0.0005864996192133616, 0.0015942712573058303];('easy', 1056)
[0.5591121040472057, 0.0020164733437391838, 0.14136567839683684, 0.00293395140294697];('easy', 1057)
[0.9002614194458299, 4.3507809200301515e-05, 0.0004394133069374947, 0.0005642178545385551];('easy', 1058)
[0.027699909795232847, 0.6304470974060135, 0.0033082824475650406, 0.0009478387905957544];('easy', 1059)
[0.000987370713771475, 0.5114706009774802, 0.001627899097861399, 0.004425088536281514];('easy', 1060)
[0.8203130244559619, 0.00021431373343465282, 0.0023040908727890875, 0.0008476276626898703];('easy', 1061)
[0.0011729019213435512, 0.0010350823126212046, 0.7801459226134793, 0.002483033386969336];('easy', 1062)
[0.04172589507062252, 0.576008282647994, 0.11342274234666205, 0.01970991721454326];('easy', 1063)
[0.8011663972954719, 0.0003045466248316226, 0.0008278431614518592, 0.0001630120614580113];('easy', 1064)
[0.00011072473656355909, 0.00038646730448143614, 0.7917866991861633, 0.002223965784557594];('easy', 1065)
[0.00030024855032811704, 0.00026496841567007825, 0.8950283942200714, 0.00038552676994495075];('easy', 1066)
[0.00010786036127377962, 0.7713039912436241, 0.0014889670689345457, 0.00029319486006154286];('easy', 1067)
[0.001740791317095559, 0.09504398550717809, 0.7022852779892911, 0.010017562371725644];('easy', 1068)
[0.0008672127615758563, 0.5768193811937004, 0.0003615080632814882, 0.0005259911283898188];('easy', 1069)
[0.0002396549477933004, 0.6304569052294533, 0.0005073495284597266, 0.001562746565852268];('easy', 1070)
[0.6830788560521126, 0, 0.0002291475305527891, 0.0003334076896352701];('easy', 1071)
[6.458245690311392e-05, 0.00013672106233677953, 0.0002894384912382648, 0.6719525571656121];('easy', 1072)
[0.00021742580810083076, 0.00019187760219093578, 0.8322247985486685, 0.0006697186375017975];('easy', 1073)
[0.7409112327387731, 0.0001708244211728247, 0.0007655819413170747, 0.00641013911340933];('easy', 1074)
[0.00020039604588841764, 9.466038937924204e-05, 0.002441323618784504, 0.7670411940549999];('easy', 1075)
[0.00016524406957545368, 0.7167079038962164, 0.0025848521514140006, 0.0005089875672900959];('easy', 1076)
[0.7629304555043394, 8.308985701426496e-05, 8.308985701426496e-05, 0.00042196491044921736];('easy', 1077)
[0.0006804319209896387, 0.00015182488350052185, 0.8455373282296145, 0.0006004790626930424];('easy', 1078)
[0.012229613880626074, 0.10239730334186038, 0.756619508968294, 0.0018754720311896884];('easy', 1079)
[0.006864707377132707, 0.0007235348343938969, 0.7002190427917113, 0.006058082997469237];('easy', 1080)
[0.0005224361463103337, 0.000406873679851295, 0.7356448924208845, 0.04702820317855594];('easy', 1081)
[0.005794611001606556, 0.003101631762431782, 0.000610747506206979, 0.8599965885937111];('easy', 1082)
[0.0003294743517982295, 0.7648984068863695, 0.0024345044685959304, 0.0024345044685959304];('easy', 1083)
[0.8155799104922936, 0.00014644574864225028, 0.0005792038954396364, 0.0005792038954396364];('easy', 1084)
[0.000263054134843868, 0.003631348587841519, 0.0008102633919598526, 0.8885617953681022];('easy', 1085)
[0.0005228099554299799, 0.6496688909180911, 0.0008619678940511937, 0.0002469579363851431];('easy', 1086)
[9.900806391031322e-05, 4.676809784287673e-05, 0.007865184711415318, 0.7080012804699948];('easy', 1087)
[0.0001793016451677223, 5.821072150511236e-05, 0.00116919303860151, 0.881225915452745];('easy', 1088)
[0.0007520716732560494, 0.7278362866927552, 0.0020443427631107076, 0.004904123346826709];('easy', 1089)
[0.0002654115048713437, 0.0001824144817658524, 0.00030075063617110155, 0.8965251178762421];('easy', 1090)
[0.7308803805268399, 0.001598794054969909, 0.007165297841880116, 0.009200424547111891];('easy', 1091)
[4.315560382717963e-05, 4.890170571793341e-05, 0.0014291166438312436, 0.7403007935769279];('easy', 1092)
[0.007806843228804818, 5.96059836037937e-05, 0.7963197295565171, 0.00044043195668037215];('easy', 1093)
[0.00013302461803321361, 0.6537849944062383, 0.0023579166488916035, 0.0008674290591230831];('easy', 1095)
[0.00015625758799851422, 0.00017706304412046987, 0.0005453925718205881, 0.8702241135546743];('easy', 1096)
[0.00020348602764963308, 0.00017957578912004452, 0.7788686754911516, 0.0007102363622157902];('easy', 1097)
[0.007596777696836633, 0.5325752011988972, 0.0021765132508242023, 0.0016950702241071778];('easy', 1098)
[0.0001401599285669844, 0.0001799689106811462, 0.009825969586670756, 0.7805735753564933];('easy', 1099)
[0.733269988180566, 0.0005900866175804389, 0.0011024269378295088, 0.025091121453277535];('easy', 1100)
[0.0025546914207438083, 0.7083449787089933, 0.0054082817801549, 0.04528297813583882];('easy', 1101)
[0.7281527434824234, 0.0001018260564098855, 0.0008525791319402354, 0.0005171153833529353];('easy', 1102)
[0.0012656653994855367, 0.7429270835221675, 0.0020867294657209794, 0.022434456001740318];('easy', 1103)
[0.7265204739115497, 0, 0.0010922794526366526, 0.00031294330269222376];('easy', 1104)
[0.00016295299720280447, 0.00018464993670296075, 0.0005687618461841077, 0.8008763608216449];('easy', 1105)
[0.0002450395997715913, 0.00014862403010518292, 0.827711036042826, 0.0010981907724380625];('easy', 1106)
[0.00023988292326738566, 0.00039550007806866543, 0.8102930270498944, 0.00039550007806866543];('easy', 1107)
[0.8917381996633894, 0.00016012064182597518, 0.0009214311133080007, 0.0003389755630417272];('easy', 1108)
[0.0008831071994671832, 0.0010006915569684158, 0.0007793393681799456, 0.8546492527268725];('easy', 1109)
[0.8434186365117036, 4.61879368721276e-05, 0.0016281808983784059, 0.0005989742790214648];('easy', 1110)
[0.0036232642795733447, 0.00012398122667400422, 0.0011763016882548598, 0.7824070743146015];('easy', 1111)
[0.0011485689854037649, 0.6741933814186706, 0.0018936701171016522, 0.0024315205611805733];('easy', 1112)
[0.00015808894907138306, 9.588579457354287e-05, 0.002182351666079409, 0.8804233815492918];('easy', 1113)
[0.0004630638153303549, 0.0026647482708614836, 0.837238819103818, 0.0006737538757260146];('easy', 1114)
[0.7102458072539614, 0.00018555782258299636, 0.0015536566266075348, 0.0010678115423899074];('easy', 1115)
[0.0005600155722110041, 0.0011855529756740523, 0.8935564650400271, 0.001522280153595267];('easy', 1116)
[0.00029173306764638607, 0.5976969031177581, 0.0008986011103509422, 0.00029173306764638607];('easy', 1117)
[0.0011973203760609929, 0.7028096378628099, 0.0022368889523271783, 0.0005655740985665065];('easy', 1118)
[0.00011920838627260178, 4.969344866421256e-05, 0.0030744248029504514, 0.8524527251959779];('easy', 1119)
[0.00029519951281335385, 0.00037904367744618495, 0.012552202690715204, 0.7765772817411227];('easy', 1120)
[0.0006810174900342375, 0.00019511477764049576, 0.8462651987751074, 0.0016336760316026167];('easy', 1121)
[0.0003145944683825323, 0.7303540572485555, 0.00096901964415275, 0.00205141460276938];('easy', 1122)
[0.0013803196739574275, 0.00016485559720839297, 0.8102274420685762, 0.0006520168460678714];('easy', 1123)
[0.13251059781107774, 0.0010117311405005093, 0.5938712979138702, 0.0012990884992571303];('easy', 1124)
[0.0001800677977140465, 6.222976572687574e-05, 0.002485758086763173, 0.7810021258825119];('easy', 1125)
[0.8473576808452423, 2.99604539390968e-05, 0.0003649930491729813, 0.0007726902911627122];('easy', 1126)
[0.00048032116504894724, 0.6763424604178626, 0.001899707059411184, 0.0024392721485450896];('easy', 1127)
[0.5629118542873404, 0, 0.00039976560591862415, 0.0008463037943709033];('easy', 1128)
[0.0007277301762759026, 0.0006422196264808257, 0.9043125966104745, 0.0003437553946930591];('easy', 1129)
[0.8953215686530889, 7.593963107629065e-05, 0.00043700219582757527, 0.0002650553565193815];('easy', 1130)
[0.0017871336800836348, 0.00021344257832443787, 0.9257580001416077, 0.0012282778180877374];('easy', 1131)
[0.7939417986765052, 0.00011102609262842014, 0.002526942220867024, 0.0004391167145914884];('easy', 1132)
[0.00014293619433152212, 3.847075480557425e-05, 0.008843149205876127, 0.7960347689714902];('easy', 1133)
[0.6009603128740261, 9.522892778738146e-05, 0.001687973938551884, 0.0014896317724155579];('easy', 1134)
[0.7775528499958674, 3.7577537981057756e-05, 0.0005521981529521711, 0.0010316419669544336];('easy', 1135)
[0.002669424552897383, 0.00017065068369196895, 0.0003188174499405659, 0.8387084003326812];('easy', 1136)
[0.00011489540325058973, 7.896637883649575e-05, 0.0007492121423544841, 0.8216110738904713];('easy', 1137)
[0.7622067360532145, 4.729822541792066e-05, 0.015819098486887482, 0.0012985106775274785];('easy', 1139)
[0.0011760324849738816, 0.5376170651827807, 0.00527061193426996, 0.0028211552731065765];('easy', 1140)
[0.0002166217305905541, 5.4770550805040385e-05, 0.8291465959016655, 0.0002166217305905541];('easy', 1141)
[0.0025664004397757067, 0.10912609752700779, 0.6279773328509813, 0.00044597352489278116];('easy', 1142)
[0.00014804601179399927, 0.00013065014684820686, 0.7276116004279007, 0.00024408660868708865];('easy', 1143)
[0.7330994660395691, 2.5920576581327275e-05, 0.0012489227254165085, 0.0004054658443463842];('easy', 1144)
[0.00027733913953282717, 0.00010202736766630512, 0.8267360520844191, 0.0007538855838318066];('easy', 1145)
[0.0012974059147736316, 0.002139060728419444, 0.8629584831285875, 0.0035267149222644473];('easy', 1146)
[8.782995716089312e-05, 0.6280670598475276, 0.0017641110063232304, 0.0005727229908968581];('easy', 1147)
[0.0002850095957268475, 0.0004699011587621112, 0.8496013775645008, 0.0012773237810348957];('easy', 1148)
[3.769871776195275e-05, 2.935979091379668e-05, 0.0001491013211042518, 0.7327986798843141];('easy', 1149)
[0.000641603778775641, 0.7036038106261244, 0.0007270323294014479, 0.0009335279897051534];('easy', 1150)
[0.0009825154048916953, 0.0001329689372008075, 0.0026707537712981765, 0.8391257908330867];('easy', 1151)
[0.8119952008523901, 0.00044910178061298347, 0.005471179730058847, 0.004260959058094227];('easy', 1152)
[0.8683628154780396, 0.0001376019162706096, 0.0031318051789873233, 0.0006166890042075645];('easy', 1153)
[0.056092266284477804, 0.0013191636629659373, 0.7743299204191906, 0.00149480826403182];('easy', 1154)
[0.00024743744377799583, 0.6509300723173849, 0.0012565904258041995, 0.0008636411274866089];('easy', 1155)
[0.0006065094891058695, 0.6651184364770742, 0.003490221129031505, 0.0012839805985128707];('easy', 1156)
[9.113242339879865e-05, 0.0003180834122064276, 0.0006733825889252235, 0.738453565285636];('easy', 1157)
[0.0005499842280504172, 0.0005499842280504172, 0.7744355041138611, 0.001694070685880072];('easy', 1158)
[0.0009048361231508827, 0.7727831275042703, 0.0024595995912943753, 0.011023160605711972];('easy', 1159)
[0.003725807770275063, 0.00788753511156794, 0.013004346911836173, 0.80455057405446];('easy', 1160)
[0.00029477668505762625, 0.0001392426465490947, 0.8787173065333741, 0.00029477668505762625];('easy', 1161)
[0.00014902810912272615, 5.150273638684641e-05, 0.0002457058134428584, 0.8299621094067079];('easy', 1162)
[4.26629962520656e-05, 2.7545300663144834e-05, 0.00013141127988093929, 0.7318506249110501];('easy', 1163)
[0.0007297525724000588, 0.00016282980834835377, 0.8002708564174038, 0.0006440043847961926];('easy', 1164)
[0.8103676255522971, 0.00011332315215821722, 0.001564377860967079, 0.0007389597773693815];('easy', 1165)
[0.7739754260973446, 2.4150267640131036e-05, 0.0013185599359564627, 0.000799747027826321];('easy', 1166)
[0.00026846762524308093, 0.00039061808983161943, 0.8002908667588943, 0.0006440203534256445];('easy', 1167)
[0.00023057459995772339, 0.416888755813816, 0.0003801532474334714, 0.0001398505642253345];('easy', 1168)
[0.7839639599967927, 0, 0.00026299067290323883, 0.0015134068300535258];('easy', 1169)
[0.000760658969193999, 0.8341637857241033, 0.003409036988491364, 0.004960119550370823];('easy', 1170)
[0.009664867188874401, 0.007527006134976511, 0.7677753843706413, 0.008529215358073146];('easy', 1171)
[0.0008479672422008133, 0.0005143181308267617, 0.8206416488540312, 0.004879714561134];('easy', 1172)
[0.0002710453491599508, 0.00012803275721917068, 0.8079746780312513, 0.0017674376952787588];('easy', 1173)
[0.7241480707641061, 0.000214380169018331, 0.010329415003405012, 0.00031192130538607054];('easy', 1174)
[0.00027698468351562184, 0.8256794093280981, 0.0012413586368369446, 0.0005863762999979527];('easy', 1175)
[0.0001032679433651696, 0.6516917821413866, 0.0005942659832348132, 0.001258061096380447];('easy', 1176)
[0.000732871490291652, 0.000830452195520765, 0.8036913447837681, 0.04001343712190331];('easy', 1177)
[0.8101581924088465, 0.0006519611962939302, 0.0022755681700229163, 0.007009243418166158];('easy', 1178)
[0.0002440440138233436, 0.0001480201767031916, 0.0002440440138233436, 0.8243481534008393];('easy', 1179)
[0.8390725006960632, 0.0007651352407971025, 0.003885677372881371, 0.004403049304197295];('easy', 1180)
[0.00021889549749197273, 8.052715329229178e-05, 0.7394003678318296, 0.00046340199279418264];('easy', 1181)
[0.000521800786469082, 0.00021751892971733563, 0.8325811340701721, 0.00019195978172906498];('easy', 1182)
[9.639851435119081e-05, 0.0009146032030646186, 0.00033646371523702304, 0.608340722463901];('easy', 1183)
[0.789489887721915, 0.00010371454633549355, 0.0013449907015186183, 0.002217514778487633];('easy', 1184)
[0.00034453356070960944, 0.0005012933728803206, 0.5497348692674939, 0.0028847441850410314];('easy', 1185)
[0.00024547956134549607, 5.477389383618685e-05, 0.8291975752182569, 0.00027816478519817196];('easy', 1186)
[0.0010479804073982002, 0.00043686322921151984, 0.895036803214351, 0.00038553044663227037];('easy', 1187)
[0.0004735150585226309, 0.7555369391310109, 0.0008846425938681874, 0.0007806943489830775];('easy', 1188)
[0.0002593089997690773, 0.6821603810831571, 0.001162141755952865, 0.0006220496564328982];('easy', 1189)
[0.0003480513558377001, 0.629291726289621, 0.0010720736505400491, 0.0010720736505400491];('easy', 1190)
[0.0008393210947575486, 0.00024046951975398382, 0.8122744124640582, 0.0005090739773140257];('easy', 1191)
[0.00014278973125059227, 0.7017784800358402, 0.0015351342835114164, 0.00026676633817175247];('easy', 1192)
[0.8599849526998338, 5.3365784381664806e-05, 0.0031015903514565197, 0.0006107393519024683];('easy', 1193)
[0.6745399058185897, 7.346331136085498e-05, 0.0005428245288585668, 0.0031237394863710584];('easy', 1194)
[0.0011176453191658578, 0.743392410599545, 0.000362846310498706, 0.0005982324301142798];('easy', 1195)
[0.0009990833665837753, 0.7530131625550347, 0.001132109771329202, 0.0030773934192250946];('easy', 1196)
[0.00029386277488727174, 0.682224016837182, 0.0010256823558713265, 0.0004844980386502212];('easy', 1197)
[0.02266215717879557, 0.18974789629816943, 0.0027066086991905038, 0.4551815405119096];('easy', 1198)
[0.002794574403274788, 0.003588304562629806, 0.004607474261233261, 0.7748580752510134];('easy', 1199)
[0.9138476695341251, 0.000185939035274065, 0.0003065616425098124, 0.00023875044724629797];('easy', 1200)
[0.00033699823881334435, 0.7823659898739758, 0.0011762394295192003, 0.0021975045591716294];('easy', 1201)
[0.0010598099898500597, 0.00044179453284435535, 0.9051399410060118, 0.0003898823068139519];('easy', 1202)
[0.002463885317570332, 8.430951930299845e-05, 0.00460314378412738, 0.8772037249780016];('easy', 1203)
[0.0006704228476786178, 0.008167422292962386, 0.019592627553983572, 0.7352078811105982];('easy', 1204)
[0.0002904231052101744, 0.00010684068964799396, 0.8657387912863909, 0.0006148254253829652];('easy', 1205)
[0.002200974637793289, 0.00038247204224375496, 0.0006305897914953968, 0.8879365161704855];('easy', 1206)
[0.0002625731594561833, 0.0001592586716277893, 0.7827193119316931, 0.0011767706977707812];('easy', 1207)
[5.459126690360678e-05, 4.817662395060192e-05, 0.0005179475193535632, 0.8264329043966498];('easy', 1208)
[0.0005304804021180314, 0.0004131385525735566, 0.8464301706337961, 0.0005304804021180314];('easy', 1209)
[0.0041167509132068285, 0.003633019929617331, 0.8889706532857916, 0.001514468025392553];('easy', 1210)
[0.8376360938716452, 0.00011713637459059429, 0.0011113589789442976, 0.00013273290166518822];('easy', 1211)
[0.0004947283698821279, 0.00015088362800656042, 0.8944899363618172, 0.0013448111378737534];('easy', 1212)
[0.0006978758013045966, 0.00017645063552376776, 0.00037354599833513334, 0.8672141887031745];('easy', 1213)
[0.003359771476037646, 0.00018954524591071383, 0.0009625906442388268, 0.8221089376867292];('easy', 1214)
[0.00011900574292391963, 0.6627620690711442, 0.00047067661929610957, 0.000879339691257822];('easy', 1215)
[0.0010262831262351408, 0.7735140307796543, 0.0010262831262351408, 0.0016920548199845017];('easy', 1216)
[0.0002639109871284234, 0.00020553408343676358, 0.0003839882204952707, 0.7867075180571169];('easy', 1217)
[0.00034256464982745797, 0.0022338021185440778, 0.7952886768124963, 0.002868258696061519];('easy', 1218)
[0.0005897594689132403, 0.6467499433046011, 0.0012485208054868117, 0.0016031324475085183];('easy', 1219)
[0.0009593180491618034, 0.8193140103535916, 0.000747117647901745, 0.0002140528920111009];('easy', 1220)
[0.0019399911108180087, 0.000180447196202016, 0.7826482615615723, 0.0006298229007803322];('easy', 1221)
[0.7210191097664889, 0, 0.002294845434522634, 0.002294845434522634];('easy', 1222)
[0.770599060159943, 2.559568594158258e-05, 0.0004262062323153922, 0.00022813186553455794];('easy', 1223)
[0.0005011112610632799, 0.6227051385153588, 0.0006434395957936975, 0.0006434395957936975];('easy', 1224)
[0.6521028408909447, 0, 0.0012588544013430356, 0.00013268227773784592];('easy', 1225)
[0.00019920248540439593, 0.7624724177647136, 0.0010116336941312716, 0.000372159238067214];('easy', 1226)
[0.00020575883664468415, 0.0015203643117843038, 0.0008137923733949579, 0.892431501267097];('easy', 1227)
[4.4259175792748675e-05, 5.682990663954012e-05, 0.0008889693095751074, 0.8603224062705428];('easy', 1228)
[0.7303066954306485, 0.006318392063480666, 0.0010979719051370305, 0.0004039212908837547];('easy', 1229)
[0.006919475031322893, 2.0688855697765567e-05, 9.870101037426968e-05, 0.7058057045753799];('easy', 1230)
[0.0001956631683819355, 0.7489257527189831, 0.0014457668170638116, 0.0005318678887256499];('easy', 1231)
[0.0002549552175781804, 0.00010628114692721384, 0.8612051048020072, 0.0006930401350135901];('easy', 1232)
[0.0002216025340646624, 9.237767991607062e-05, 0.8482115688430808, 0.0030591286213160927];('easy', 1233)
[0.0044917696736053335, 0.855979887515355, 0.008391730534429818, 0.0006078949210110052];('easy', 1234)
[0.8594924938255691, 0.0004195142918490792, 0.017838201603912966, 0.0011403580763122167];('easy', 1235)
[0.036547810219356755, 0.6478254368487885, 0.0014171123892396723, 0.000406009497207171];('easy', 1236)
[0.0001445219494560272, 0.0005715956708026276, 7.735702511818241e-05, 0.8048664553683031];('easy', 1237)
[0.00023718884060671948, 0.0001120400749860341, 0.005398393129564168, 0.8011927217006732];('easy', 1238)
[0.8215006008557127, 0.00031227609283998906, 0.0009618780826800257, 0.00016714934754586137];('easy', 1239)
[0.0002929500218777986, 0.6001902105021911, 0.002452840502327447, 0.001312910911205027];('easy', 1240)
[0.00040409814068442134, 0.8279084752795608, 0.002325424241751511, 0.00024509802872979027];('easy', 1241)
[0.0008431217536683443, 0.0005113791934705333, 0.0020225439446812043, 0.9245952854426005];('easy', 1242)
[0.003915774061009281, 0.0002503271800542997, 0.8455719397315946, 0.00041271954958984074];('easy', 1243)
[0.00010005493393361202, 3.9182075105177853e-05, 0.0005081206389613913, 0.8107532854087246];('easy', 1244)
[0.0004396719413056838, 0.7949454709444691, 0.001970472933884002, 0.0010547181574487568];('easy', 1245)
[0.00019135916478407223, 0.7324513021254384, 0.0014139636036340243, 0.0008576122773217973];('easy', 1246)
[0.0034929565913174258, 0.7542687351893509, 0.0018696449348233881, 0.0005356622422522582];('easy', 1247)
[0.6886320083667741, 0.0008063051367616205, 0.0009136634184212662, 0.0015063763122117328];('easy', 1248)
[0.0004449936174348636, 7.732833258494857e-05, 0.001553180338729245, 0.8045674064183971];('easy', 1249)
[0.0003550951518162452, 6.992238120102445e-05, 0.04650829790684078, 0.8243792564292053];('easy', 1250)
[0.0002506427419112324, 0.0001722640693223627, 0.8466381811358082, 0.002098605984165888];('easy', 1251)
[0.000264391891668038, 0.000264391891668038, 0.000559717639053493, 0.7881411564095638];('easy', 1252)
[0.0010065875548590792, 0.00015436527470901308, 0.8596849470977774, 0.000610526213707204];('easy', 1253)
[0.7255701402764918, 0.000312533804503499, 0.0005838902952450972, 0.000312533804503499];('easy', 1254)
[0.007780947246037415, 0.0022292787101058052, 0.0028624505246567177, 0.8993554012964451];('easy', 1255)
[0.0002151277076645231, 0.7266732231564388, 0.0010925091669772677, 0.004896286392886164];('easy', 1256)
[0.0003654519387265046, 0.0006025283847969881, 0.0006827541071615605, 0.8484232030260355];('easy', 1257)
[0.0003561964367696691, 0.0002160440597811967, 0.7297684536050116, 0.002322692535481114];('easy', 1258)
[0.00023960101540936333, 0.8093408999107435, 0.0008362901155088844, 0.0005072355954707581];('easy', 1259)
[0.8707906858164438, 0.00012177282396026982, 0.005867340439166161, 0.00022750158608887976];('easy', 1260)
[0.0003345390069635364, 0.00010860891403832424, 0.0003345390069635364, 0.8800674998140376];('easy', 1261)
[0.0006119219880464411, 0.003521367909918796, 0.00022511351900304276, 0.7604035781939944];('easy', 1262)
[0.0006366062251779141, 5.921363109850516e-05, 0.7910775824290837, 0.0013476953892773763];('easy', 1263)
[0.00020243269211902534, 0.0002599287218493528, 0.0006235365890368583, 0.8780049856388709];('easy', 1264)
[0.014210289728001185, 0.6846899801612617, 0.006712465572266972, 0.004071316171845425];('easy', 1265)
[0.00043275743002439004, 0.00033703182538296364, 0.8866249687262722, 0.0011763566581659362];('easy', 1266)
[0.0022021535492016747, 0.0010402236806427857, 0.8884120700099438, 0.0028276211286240695];('easy', 1267)
[0.8439608524213138, 6.317201698132813e-05, 0.0008720627949022345, 0.0008720627949022345];('easy', 1268)
[0.00033410762251254655, 0.00020264651669755436, 0.878932570559712, 0.0010291244189397375];('easy', 1269)
[0.0002331195111661525, 0.6949192616438962, 0.0009220051126254708, 0.0008136666560591391];('easy', 1270)
[0.00023127977371495282, 0.781232554158995, 0.0019364818363925705, 0.0010365240340485648];('easy', 1271)
[0.6284282311153819, 0.040174077526243836, 0.021503634126129937, 0.014779217189932782];('easy', 1272)
[0.9000647510727284, 5.2468975518111704e-05, 0.0005640946476551363, 0.00026645944413251406];('easy', 1273)
[0.0002095606982711354, 0.7078685944865525, 0.001205939130093156, 0.001754631080837684];('easy', 1274)
[0.00015238422731986073, 8.156539919899119e-05, 0.0008769106823159361, 0.8486525561634133];('easy', 1275)
[0.7626993224332503, 6.07714051548802e-05, 0.0006137694496039843, 0.0004218371623622543];('easy', 1276)
[0.6620458395273239, 0.00019599522273591624, 0.005054783416505245, 0.0009953458703384273];('easy', 1277)
[0.0002658355596833871, 0.0002658355596833871, 0.7924445522194885, 0.0010514000342283281];('easy', 1278)
[0.00026182625127754814, 0.0002039104895236049, 0.8844143265363044, 0.0006280885255017315];('easy', 1279)
[0.0006025645866827743, 0.0001956239865285188, 0.8484740147184825, 0.0006025645866827743];('easy', 1280)
[0.001956738110672696, 0.7894046010373396, 0.0017268153218378873, 0.004142414612800751];('easy', 1281)
[0.00038569685342961375, 0.0004370517928165093, 0.0011880299465085646, 0.7902083082515371];('easy', 1282)
[0.00013819713520035537, 0.6792072775305591, 0.0005465805332350795, 0.0007018232969405809];('easy', 1283)
[0.6723924865384431, 0.0011455011506158073, 0.08030583050752657, 0.009591163706637984];('easy', 1284)
[0.7534048019312317, 0.00047217891818160314, 0.0006062897321693, 0.0016480663617371096];('easy', 1285)
[0.0001220399870535809, 0.00022800071245793327, 0.0007958006810238297, 0.8727015443533349];('easy', 1286)
[0.00018971759272216947, 0.00031279143054706467, 0.0002436022110480789, 0.8228563297528226];('easy', 1287)
[0.0004400887170800291, 0.7956990547474071, 0.004731399600370819, 0.0003427414374828166];('easy', 1288)
[0.8399660264344644, 0.000319295467368761, 0.0018374185509567721, 0.0003618091649201608];('easy', 1289)
[0.8133962918286893, 4.7416644234882646e-05, 0.0007417214646300536, 0.0005097772104893731];('easy', 1290)
[0.0020836580801466193, 0.7418335725046689, 0.0034353713976039237, 0.007272681305798214];('easy', 1291)
[0.007731480631410298, 0.004689380047924736, 0.0032229606311149663, 0.8936376637754878];('easy', 1292)
[0.7080738895765334, 0.00026915928545885175, 0.0015489054829488113, 0.0015489054829488113];('easy', 1293)
[0.7272874241051751, 4.513133507926695e-05, 0.0015909344012878153, 0.0015909344012878153];('easy', 1294)
[0.0022263106575154934, 0.0028586394696926915, 0.0010516346906211756, 0.898157902803064];('easy', 1295)
[0.00033502430132960613, 0.6863911006787468, 0.0005523616918035708, 0.0021846328698853328];('easy', 1296)
[5.16043610193604e-05, 5.16043610193604e-05, 0.0004320780247554152, 0.781215313625076];('easy', 1297)
[0.006693987499116269, 0.012506015084325802, 0.6828051454465168, 0.018196144578779765];('easy', 1298)
[0.000294759256073776, 0.0001392344136800756, 0.7754194048369591, 0.0016962232126016734];('easy', 1299)
[0.6044428294698531, 0.00037882052665286784, 0.03864073500657103, 0.0007077299175115658];('easy', 1300)
[0.7545940758855948, 6.400334547384927e-05, 0.004486980926011721, 0.0011344864437164107];('easy', 1301)
[0.8850126157216702, 0.0008070271217314846, 0.0005546610884595861, 0.0003812126194608046];('easy', 1302)
[0.0007269889961891569, 0.6208913594634482, 0.000823786456428348, 0.00038912916861779485];('easy', 1303)
[0.0002015429328671825, 0.7714307960285692, 0.002166790728815581, 0.0014892120372986255];('easy', 1304)
[0.00015488448714013513, 5.0283630905577455e-05, 0.0011444496186163273, 0.7612211109496178];('easy', 1305)
[8.548159789292085e-05, 2.9541649747296836e-05, 0.0005574100379765285, 0.8893989359662052];('easy', 1306)
[0.23792064717577152, 0.0014147277130509505, 0.0004053262760401439, 0.2695994132998837];('easy', 1307)
[0.00014976527736088976, 0.0003592682237551684, 0.00636818163942454, 0.8340669988592193];('easy', 1308)
[0.8293546472947365, 5.1465077547731985e-05, 0.00040480399821809956, 0.0014129047843329395];('easy', 1309)
[0.05517707406007775, 4.440283407115125e-05, 0.761696034932772, 0.0001989996961487132];('easy', 1310)
[0.00019100053493330526, 6.600801861020568e-05, 0.0004043483284350989, 0.828420795883732];('easy', 1311)
[0.0008677960197969058, 0.6540616327143327, 0.0008677960197969058, 0.010571919770298317];('easy', 1312)
[0.0008258513028756634, 0.00012664833878068998, 0.7992384751015854, 0.001542893358037592];('easy', 1313)
[0.00010206152599197973, 0.7298364435043051, 0.04665688703539087, 0.00027743199148879907];('easy', 1314)
[0.00012123608868644137, 0.0008958198333587614, 0.0018964506021024613, 0.7650828695297469];('easy', 1315)
[0.0011062014455522466, 2.769319811142927e-05, 0.0009762193493344596, 0.8337486645990266];('easy', 1316)
[0.0025614600068330257, 0.7102217408116803, 0.0015536040277719617, 0.001067775391774141];('easy', 1317)
[0.00035253646880535605, 0.00018869917389779532, 0.0010858887710723235, 0.8184387825789436];('easy', 1318)
[0.0003898843518333985, 0.0006428106239808566, 0.00044179685015497777, 0.7987873960418492];('easy', 1319)
[0.0004977723766040951, 0.7942415020522273, 0.001353085606031784, 0.0003019142079684072];('easy', 1320)
[0.0002210476259506717, 0.00010441550506190407, 0.6589336860942673, 0.000600869744845723];('easy', 1321)
[0.0006146375310984858, 0.01585171085289427, 0.7637780648485684, 0.0031213869388959144];('easy', 1322)
[0.0002632451146637837, 0.00018092554500251867, 0.00033801357922457327, 0.8892076483745545];('easy', 1323)
[0.00148550915564611, 0.0002581429071004665, 0.8719723878155854, 0.0009010068481831922];('easy', 1324)
[0.0003340929658605441, 0.5330761658233357, 0.000908159271158688, 0.0005508264418600233];('easy', 1325)
[0.0003778904931257776, 0.00013901814343511183, 0.00042820602771413506, 0.8773000530750432];('easy', 1326)
[0.0003950270025034767, 0.00016467175409114648, 0.8093234129268071, 0.0005072247114924362];('easy', 1327)
[0.00013758551382161171, 6.499079487101596e-05, 0.0011519894030796718, 0.8682592788574346];('easy', 1328)
[0.6784071798627821, 0, 0.0004817873899870652, 0.00037521639659585473];('easy', 1329)
[0.0034091962966535344, 0.004960351342379059, 0.004960351342379059, 0.7361813252215248];('easy', 1330)
[0.0024557545496267127, 0.6809125118608658, 0.012471350655465894, 0.005198832422356402];('easy', 1331)
[0.003502319636363793, 0.00028748803961632283, 0.7562905903026378, 0.00041829242998974586];('easy', 1332)
[0.0016005522710026466, 0.0011000424160046616, 0.8291065288035071, 0.004350752153765351];('easy', 1333)
[0.06256042311897048, 0.013959113901376915, 0.5238119783673789, 0.13244041678215646];('easy', 1334)
[0.00017953263758734936, 0.7786811907535354, 0.00150320837029198, 0.0007100653559262614];('easy', 1335)
[0.0005709721257694803, 9.922007789524612e-05, 0.00014436436149533227, 0.8039884387803066];('easy', 1336)
[0.8754144239130188, 5.782683629368767e-05, 0.00020183549080997158, 7.425112756773614e-05];('easy', 1337)
[0.5069316154930065, 0.009284778070900099, 0.18648970830405054, 0.0014238668332254036];('easy', 1338)
[0.8610459908470661, 8.27565280177811e-05, 0.0003708892039701273, 0.0003273084176328506];('easy', 1339)
[0.8577224613597104, 5.665814474528567e-05, 0.0003694575135774899, 0.00015401280529531237];('easy', 1340)
[0.0005542409841206944, 0.00029666396236458094, 0.7804294284433962, 0.001506583195722542];('easy', 1341)
[0.0020801358896994524, 0.44918427841042546, 0.002357102765581721, 0.21217962913819285];('easy', 1342)
[0.0029272814876259213, 0.3383478170253198, 0.0015668608707438455, 0.004826271253975571];('easy', 1343)
[0.00014384858484541797, 0.00011202939052132492, 0.0010629052631745785, 0.9077836349115921];('easy', 1344)
[0.00010256451534064416, 0.00010256451534064416, 0.0004056505272214121, 0.7334335335269371];('easy', 1345)
[0.0005767989038431283, 0.0002121923572328858, 0.8121933208380392, 0.0010776022203562614];('easy', 1346)
[0.001275447989203913, 0.00011863508666093874, 0.0007735983103210011, 0.8483535331193325];('easy', 1347)
[0.00027798339379643127, 0.6453583671927632, 0.000755636847654401, 0.00021649368476950738];('easy', 1348)
[0.00010933481818843987, 0.00010933481818843987, 0.0010373403673305198, 0.8859495512306613];('easy', 1349)
[0.001624213019221428, 8.086484319130479e-05, 0.005002928308037869, 0.8413633494720423];('easy', 1350)
[0.009363393022964588, 0.0005985816895959342, 0.00067828191559976, 0.8428657540472358];('easy', 1351)
[0.0004914444341820809, 0.0001242566713492736, 0.05680325330980439, 0.6920053522650985];('easy', 1352)
[0.00021501551344273566, 0.7262942674135611, 0.0005844730417265778, 0.00045518806258078466];('easy', 1353)
[0.0009629817908252712, 0.7258032809439628, 0.0029661927373012594, 0.0012364930952271263];('easy', 1354)
[0.85122509699192, 8.181266863456877e-05, 0.001129389053526029, 0.00017319742085850933];('easy', 1355)
[0.0024193422645574277, 8.278533984504009e-05, 0.7601348568272968, 0.0018841856501550706];('easy', 1356)
[0.6988542825709428, 0.0015287374449081547, 0.006851325898261416, 0.006046273883813321];('easy', 1357)
[0.0002891810697376899, 0.000120548604783645, 0.00042075617437057684, 0.862036837906758];('easy', 1358)
[0.8119722601995282, 6.077760677701604e-05, 0.0005766418778664019, 0.0003497509786002405];('easy', 1359)
[0.0003019951265293786, 0.6187216788859765, 0.0007244486479297941, 0.0022314589315292383];('easy', 1360)
[0.0007011442751174373, 3.955587209900533e-05, 0.0007011442751174373, 0.871275739196924];('easy', 1361)
[0.8469744740454902, 0.00016189148553537083, 9.224298792822896e-05, 0.00041340419368674186];('easy', 1362)
[0.0008241762181010001, 0.00034356776284857774, 0.7976174407788915, 0.0008241762181010001];('easy', 1363)
[0.0013642612310358225, 0.6236648092857597, 0.0012039563107053603, 0.0015459105035272862];('easy', 1364)
[0.0010656411133172117, 0.7088021224833612, 0.001550498670940725, 0.00039202745725644953];('easy', 1365)
[0.000393889233042739, 0.7121683338174815, 0.0005731054523877333, 0.0005057637865865179];('easy', 1366)
[0.006994806341190484, 6.441993928378169e-05, 0.0005741686688910594, 0.9161386531154179];('easy', 1367)
[0.0005939339686008458, 0.00010321024787294184, 0.836321313162465, 0.0011096147358202067];('easy', 1368)
[0.0006243961540862033, 0.0005510276719668081, 0.8792151076545507, 0.0009084910435160493];('easy', 1369)
[0.0002786626275676067, 0.00016901742733583635, 0.7330735983850653, 0.0004054515373514121];('easy', 1370)
[0.8940574968714201, 6.692183866842983e-05, 0.0004363852051567443, 0.000264681006372553];('easy', 1371)
[0.00030008881548666567, 0.7894391498571172, 0.00081572558509284, 0.00030008881548666567];('easy', 1372)
[0.00231896089085508, 0.6429836797392173, 0.0014065208789781278, 0.0038233201466744884];('easy', 1373)
[0.00010995363151268986, 0.7862728257603785, 0.0022084787786711972, 0.0032133176623330827];('easy', 1374)
[0.00014441173000967304, 0.7097502708252326, 0.001370140346003307, 0.0007333832788732336];('easy', 1375)
[0.0002516126916225789, 0.7500465944957809, 0.0014479303781011258, 0.0002516126916225789];('easy', 1376)
[0.7028395065799987, 0.00020807191339568956, 0.004735694920795273, 0.006890395452008146];('easy', 1377)
[0.0008051030076006573, 0.7791586949688615, 0.005249931085797646, 0.0008051030076006573];('easy', 1378)
[0.0002125765861613785, 2.5388652669259504e-05, 0.7180558688161753, 0.0020168714562130907];('easy', 1379)
[0.00044532390679971574, 0.0001856385346802809, 0.9123708868692234, 0.00034681860733603594];('easy', 1380)
[0.8850891869109819, 3.331287837336813e-05, 0.0009145604646175722, 0.0002620260850753626];('easy', 1381)
[0.0005022506660287919, 9.889897286143518e-05, 0.8013869759870667, 0.0005691245652623087];('easy', 1382)
[0.2484801002481806, 0.36153641256457275, 0.005843691151290065, 0.00963461790053405];('easy', 1383)
[0.0008257276600034789, 0.003700654628913417, 0.0010602553027065607, 0.9055205139509835];('easy', 1384)
[0.0017365125723226714, 0.08366986135092319, 0.48148683672990206, 0.0015324669663739658];('easy', 1385)
[0.00030705935039175553, 0.8077765037943738, 0.000834673454424935, 0.000394271822331141];('easy', 1386)
[0.000582961666555764, 0.02808867279179319, 0.00045401100241424024, 0.8208713202417447];('easy', 1387)
[0.0002871956490586018, 0.00011246743212844379, 0.0008846252989883682, 0.8561184318051641];('easy', 1388)
[0.00014779166913914972, 4.798093004103383e-05, 0.002619668767954454, 0.9326668440057271];('easy', 1389)
[0.6707784732653836, 3.9102788056598763e-05, 0.0008899757784060177, 0.0010084746765677236];('easy', 1390)
[0.033135611716380096, 0.5873427361885546, 0.029242074704951267, 0.029242074704951267];('easy', 1391)
[5.658546242453799e-05, 0.00013574146780792772, 0.0010030017988523804, 0.85662243684536];('easy', 1392)
[0.7601185236244687, 0.0010085102621822742, 0.013922054731705179, 0.0021350162417939273];('easy', 1393)
[0.0005249710626682446, 0.6523543287816074, 0.0006740761874915991, 0.0009807750655988457];('easy', 1394)
[7.197098452950201e-05, 0.00010471716459204482, 0.00046930999581335084, 0.8485323653146181];('easy', 1395)
[0.7340292971897865, 2.438100996241909e-05, 0.0005212887298462026, 0.0005212887298462026];('easy', 1396)
[0.001534550251398031, 0.01869464917005251, 0.15652838107735312, 0.17736989287885738];('easy', 1397)
[0.007799446220599856, 0.00044001464603357046, 0.7955653326881004, 0.0008220555836631883];('easy', 1398)
[0.9061012091263699, 0.0007291696023924458, 0.001543652060378265, 0.00044226371998148874];('easy', 1399)
[0.0009887719110097252, 0.007306091119497725, 0.003045631900029036, 0.8444691763182881];('easy', 1400)
[0.0015151152141851083, 0.0028306078739453846, 0.005288271717574282, 0.7848490533221946];('easy', 1401)
[0.005607228813250759, 0.8321865791871749, 0.0014177294667270502, 0.0005909975688575728];('easy', 1402)
[0.0003378940067225465, 0.0013363967208027126, 0.7844455336500992, 0.0019444457552918644];('easy', 1403)
[0.0001744752724652499, 0.00011991498417949997, 0.8575058880715429, 0.0005374219302297119];('easy', 1404)
[0.01510072931155956, 0.6420994449978418, 0.005555247860417749, 0.0527067367714033];('easy', 1405)
[0.001515658603955335, 0.004119987241279392, 0.5396117758392046, 0.32729108638845844];('easy', 1406)
[0.000641975604210017, 0.0002361697391369605, 0.7977499505143956, 0.000641975604210017];('easy', 1407)
[0.0009052284048334164, 0.773118089950531, 0.002788299784687082, 0.00358024779288317];('easy', 1408)
[0.0004291074289837702, 0.6846803080929545, 0.0024693427591239428, 0.0010293752098469073];('easy', 1409)
[0.00018764112157923542, 8.863538975284105e-05, 0.0012235732299087448, 0.8138495690546853];('easy', 1410)
[0.0010813979516302308, 0.00035107851319301977, 0.719282778081862, 0.0006559010130141743];('easy', 1411)
[0.0035790085836895865, 0.0013166436777155204, 0.000548858742689431, 0.8757544084854093];('easy', 1412)
[0.00014473642923452286, 0.6277606858423809, 0.0008329006429884993, 0.00021059026191872561];('easy', 1413)
[0.0009989790404150629, 0.6644626691339379, 0.0030770720720024436, 0.0004164364204039214];('easy', 1414)
[9.365549177410313e-05, 0.0003704146554894349, 0.00032688978614136627, 0.8599443948952483];('easy', 1415)
[0.00017265155715066662, 0.7488363005967933, 0.0007737705966589903, 0.0009935411127957824];('easy', 1416)
[0.0004470960616427833, 0.7133827596241324, 0.0007371367868767124, 0.0006505209311998598];('easy', 1417)
[0.7465417239634591, 0.0002837820514200146, 0.0006007668940384601, 0.0014411648595422113];('easy', 1418)
[0.00024263560358286874, 0.769934353888519, 0.0007020893984390562, 0.0019084768537306286];('easy', 1419)
[0.013045667378765616, 0.0015580827780662932, 0.10923003562661042, 0.43201317135059225];('easy', 1420)
[0.0001434057497395169, 0.6219890239301153, 0.00105963262446217, 0.006097764736312979];('easy', 1421)
[0.00022014552938652855, 0.7436222802376284, 0.002681920303387692, 0.0005984173068002213];('easy', 1422)
[0.00016911852217017513, 0.7335124889541678, 0.000858854722528779, 0.002060285374981255];('easy', 1423)
[0.00020165694344928778, 0.00010793918362143902, 0.8746403291242708, 0.00022850725351974494];('easy', 1424)
[0.0003850428564925123, 0.8939049673176096, 0.0017256423615542404, 0.0004944048142504363];('easy', 1425)
[0.00015000441815478992, 9.098227870323446e-05, 0.0011083905323112766, 0.7372368425120063];('easy', 1426)
[0.7746604280621647, 3.5169543697672775e-05, 0.002465574187292538, 0.00037810804774595865];('easy', 1427)
[0.738478786461708, 0.00011702036543485309, 0.00024773211556960523, 0.002074234619108824];('easy', 1428)
[0.0014044941999091628, 0.7275458559473397, 0.0009652938057216721, 0.0014044941999091628];('easy', 1429)
[0.0004324290378070775, 0.01622677992988322, 0.7818500881995161, 0.0007129549527009186];('easy', 1430)
[8.542552942512431e-05, 0.00015959590000999584, 0.006786190351198854, 0.7843769564086239];('easy', 1431)
[0.00047852135314219304, 0.026126380632920655, 0.0011479130516885117, 0.7635247390382229];('easy', 1432)
[0.00016654628916654962, 6.942682247192876e-05, 0.0005813036674838699, 0.8185366222375153];('easy', 1433)
[0.0008287092930440543, 0.00020953052269289586, 0.8020042956295722, 0.00044357612002172297];('easy', 1434)
[0.0002290660325701714, 0.7737547595350885, 0.001692581765020472, 0.0009059737334300517];('easy', 1435)
[0.00021806373177523007, 0.6500391328822361, 0.0014219548296511958, 0.01190588202141693];('easy', 1436)
[0.0003808879234950714, 0.03428643822003895, 0.7803558067880145, 0.004640164827683594];('easy', 1437)
[0.00014687051559847684, 0.7218346551344108, 0.0007458700224157589, 0.001229731771134443];('easy', 1438)
[0.0001084953489010704, 0.6042283231823237, 0.0010293752098469073, 0.0008016782195030631];('easy', 1439)
[0.0006855567514494745, 0.7518044000570816, 0.012151784178773398, 0.002392828179362091];('easy', 1440)
[0.0017019350048015519, 0.00017938254422449342, 0.6866094832773489, 0.0005525373985923686];('easy', 1441)
[0.0005245791989327369, 0.0002807871452817968, 0.8370143466292367, 0.00040854269091178576];('easy', 1442)
[0.0015485480535624297, 0.00044366644551414674, 0.00120601043673812, 0.8021677274540757];('easy', 1443)
[0.00031379473146842565, 0.00016796221622752245, 0.8254952083449921, 0.0007527540697554491];('easy', 1444)
[0.0008281372997476573, 4.123052836051485e-05, 0.0006449539775341143, 0.9081626940742319];('easy', 1445)
[0.7285507769193899, 7.934555943251536e-05, 0.000586288789847892, 0.0005173980410608355];('easy', 1446)
[0.7435685401275617, 0.0005280633964976961, 0.0039018900605133355, 0.0039018900605133355];('easy', 1447)
[0.0004210568287401795, 0.000477119894140158, 0.8626531210769837, 0.0006126340708833274];('easy', 1448)
[0.00033293108708350855, 0.00012247850226488192, 0.7729237659490722, 0.0010254999439632195];('easy', 1449)
[0.7267010956703901, 0.0012380222984236153, 0.013309994055008845, 0.004321122410483588];('easy', 1450)
[0.0003499022755714763, 0.8123236523448406, 0.0015681532041151032, 0.0013838903454096872];('easy', 1451)
[0.8940542528498028, 6.286700961355188e-05, 0.0004944873338415363, 0.0005603275574036762];('easy', 1452)
[0.8174190782791924, 0.00011430926454732307, 0.0022959618589274955, 0.0005805100683943423];('easy', 1453)
[0.8599260580134168, 7.293744002816385e-05, 0.00025457668013759713, 0.00037040670733848395];('easy', 1454)
[0.8160362650331187, 0.00012147565794625997, 0.0025972640891758314, 0.0003101989595428275];('easy', 1455)
[0.0006273818134567289, 0.0009128351522671386, 0.7796148256841442, 0.0013281673095103853];('easy', 1456)
[0.6072249048464025, 0, 0.001172219794246342, 0.000380564048488372];('easy', 1457)
[0.00029347208693932924, 0.6813164578388883, 0.0027843843085269813, 0.0004838534413742744];('easy', 1458)
[0.0024351314148932314, 0.00013738071361264726, 0.00029083497300023536, 0.8669668227573045];('easy', 1459)
[6.897969185268078e-05, 0.8132650732272148, 0.0004498040935474402, 0.00024076278166589236];('easy', 1460)
[0.7745852614796818, 0, 0.0024653355363332577, 0.000485453350399812];('easy', 1461)
[0.0002632747402430519, 6.253323194967365e-05, 0.0005573526294682384, 0.7848107993787425];('easy', 1462)
[0.0002522104123861087, 0.7518287328424226, 0.0009975115313064981, 0.0012808301596366532];('easy', 1463)
[0.658633826923966, 0.00017207376956600694, 0.0008738622904732376, 0.009394905007692663];('easy', 1464)
[0.0004884479749686499, 0.00026144748550677383, 0.8831348204951561, 0.00033570505644311423];('easy', 1465)
[0.7066595121588789, 3.208229891089332e-05, 0.0003449172186306572, 0.0013641740627406197];('easy', 1466)
[0.9232651464537912, 0.00011393997848419255, 0.00021286790419300714, 0.00011393997848419255];('easy', 1467)
[6.745147316495661e-05, 1.6021129155335808e-05, 0.003249992431079728, 0.9011328663321476];('easy', 1468)
[0.05706353390009656, 0.003647948805390751, 0.6951760949607352, 0.008750974262908662];('easy', 1469)
[0.01571425843665602, 0.6681871122469881, 0.005780952612100639, 0.11611350945792434];('easy', 1470)
[9.72008225313164e-05, 0.5413274219427033, 0.0011841489981092809, 0.0006338292843073047];('easy', 1471)
[0.7958544893841054, 0.00023560846076829111, 0.0007257254966589342, 0.027232641859221893];('easy', 1472)
[0.00028938632625918323, 8.291057061900398e-05, 0.7612848163439058, 0.0011445456686809694];('easy', 1473)
[0.0034053229931835247, 0.0003167442277728398, 0.8332549886870505, 0.0014195498205961477];('easy', 1474)
[0.00019288190170814348, 0.00010324224224376036, 0.0018300125310213358, 0.8365807033645324];('easy', 1475)
[0.00038951474946402425, 9.848475181447098e-05, 0.7980302214306673, 0.0011997898942011731];('easy', 1476)
[0.000641765947743707, 0.7974892073409351, 0.0005663564610680887, 0.001976778285302015];('easy', 1477)
[0.00025670429095416583, 0.00015569902294349398, 0.7652250257043984, 0.004015532641242268];('easy', 1478)
[0.0001349741750831106, 4.381969897038975e-05, 0.00019638626594109987, 0.663366672244848];('easy', 1479)
[0.00010423045343901076, 0.00013383455140857802, 0.0003210523988532073, 0.8445881246108862];('easy', 1480)
[0.000373310241072872, 0.8666669385673769, 0.001302980770877081, 0.0011498764944263124];('easy', 1481)
[0.3004241922864022, 0.003781782014746, 0.010279949329877289, 0.4371146205203229];('easy', 1482)
[0.0002750410280200972, 0.819885456026736, 0.0017934919391848969, 0.0004534657769825803];('easy', 1483)
[0.000252448886911741, 0.000252448886911741, 0.8527387834702542, 0.0006055931090327034];('easy', 1484)
[0.8709773885535813, 0, 0.00042511992690422883, 0.00042511992690422883];('easy', 1485)
[0.0003168312361215215, 7.069460445582007e-05, 0.8334836568792798, 0.0026527954610821433];('easy', 1486)
[0.8338634562036034, 0, 0.000861629281481774, 0.000861629281481774];('easy', 1487)
[0.00012682286707592762, 0.00023693630872456586, 0.00539264553041858, 0.8003395710158003];('easy', 1488)
[0.0001653545764162592, 0.0001459249015155365, 0.0007410677978551292, 0.9208864583344892];('easy', 1489)
[9.583597064104313e-05, 0.00013944051449431974, 0.0013229741355646504, 0.8799652032299308];('easy', 1490)
[0.0023831016701789864, 0.0012755824042859957, 0.7487481310804277, 0.0021030798424771313];('easy', 1491)
[0.0019913382790119867, 0.006133753718908157, 0.8033633789033934, 0.00787589567478103];('easy', 1492)
[0.00042456688052115786, 0.0002005510981295471, 0.8698442142510626, 0.0005451546656729943];('easy', 1493)
[0.011038130055610258, 0.7738327052089479, 0.014173239544108445, 0.00974111558440198];('easy', 1494)
[0.00013707264679676162, 0.6736805339519895, 0.00037260208496642206, 0.0006143169829913564];('easy', 1495)
[0.0323773574633129, 0.008186277974249825, 0.7369053031935937, 0.004381798842750507];('easy', 1496)
[0.000362056476374842, 4.603033743567582e-05, 0.8405403656581946, 0.0009841715406056447];('easy', 1497)
[0.00023684074689032242, 7.689093284893757e-05, 0.8000169426521299, 0.0012027765577877624];('easy', 1498)
[0.04083612933569098, 0.00021428839113071674, 0.8202155713499237, 0.0037983508059023776];('easy', 1499)
[0.0006469332477095773, 0.7094483450120848, 0.0012086304247619162, 0.0002100284750850647];('easy', 1500)
[0.00021746562360044802, 0.00019191273924602288, 0.00019191273924602288, 0.734570397012243];('easy', 1501)
[0.0017655348803476902, 0.0004463971255262914, 0.8071049366428023, 0.0015580790633119008];('easy', 1502)
[0.000442664588318825, 0.8003562914269747, 0.0010618971444321457, 0.0005683925824689868];('easy', 1503)
[0.053747911423276035, 0.741967096925802, 0.011992780083519203, 0.019772751618526967];('easy', 1504)
[0.00027289699816674073, 0.0003092328113192228, 0.0001003931951829447, 0.9218100599655249];('easy', 1505)
[0.0008904677632531488, 0.0008904677632531488, 0.8617727522822705, 0.00399079964206002];('easy', 1506)
[0.0013008483191223896, 0.0002902583553685922, 0.8652482721784414, 0.0013008483191223896];('easy', 1507)
[0.8822288758845943, 0.00020340647884938438, 0.004629512327478627, 0.0005529163988981421];('easy', 1508)
[0.06355931907077467, 0.32278085595922507, 0.25138198338150286, 0.005217266618460483];('easy', 1509)
[0.7663443841168509, 0.00012143592850680567, 0.0021525033363666247, 0.00015592681870181394];('easy', 1510)
[0.00027769219534416707, 0.00024506250226314383, 0.8277886319652052, 0.0012445300767921364];('easy', 1511)
[0.1596793821725185, 0.0029246305991342163, 0.5573358070177079, 0.0029246305991342163];('easy', 1512)
[0.0004916420216414305, 0.0009185082194354078, 0.0059894259594747735, 0.7844599114355538];('easy', 1513)
[0.0016484892082658626, 8.20734449156184e-05, 0.0003678276610433202, 0.8539387039052039];('easy', 1514)
[0.00042389891904498137, 0.00042389891904498137, 0.0021527363403180916, 0.8684759150715862];('easy', 1515)
[0.0016106014869459238, 0.736277976883166, 0.0012543376992494545, 0.0016106014869459238];('easy', 1516)
[0.0003795589616474221, 0.0006257869335529589, 0.0007091094957049683, 0.8811737069926465];('easy', 1517)
[0.7981062954742609, 3.003901689149154e-05, 0.006093616944215204, 0.00044142013089874723];('easy', 1518)
[0.028789219416899568, 0.0034383819290421946, 0.6552395551701728, 0.003034361402282583];('easy', 1519)
[0.0014435321473851856, 0.00022137271904308013, 0.8473322512274578, 0.0014435321473851856];('easy', 1520)
[0.0002489691577041291, 0.7421667761315024, 0.0011158023529338694, 0.0005972459613762334];('easy', 1521)
[0.00025023266058478243, 0.7459332038026855, 0.0005297425466150182, 0.0016317219176723245];('easy', 1522)
[4.868263418641602e-05, 7.083281478223386e-05, 0.003412916143761658, 0.8351129836520237];('easy', 1523)
[0.8542701188222088, 0.00041696515682824184, 0.0008827152439322946, 0.00028657568191744695];('easy', 1524)
[0.0004235116114311775, 0.0031293510554134896, 0.0004235116114311775, 0.8676823420683273];('easy', 1525)
[0.031124694415604205, 0.07466426046586863, 0.09587080815636903, 0.3791763565454926];('easy', 1526)
[0.00031982604898819306, 0.00011052892496354995, 0.7424994434460641, 0.00031982604898819306];('easy', 1527)
[0.02346225100247094, 0.001499891168080934, 0.0052351345754705035, 0.8804144210920026];('easy', 1528)
[0.0003606700602779388, 0.7389337517931198, 0.0014264777600596372, 0.0008652024968743713];('easy', 1529)
[0.7247705484466431, 0.00014746785063519434, 0.007105398954792394, 0.00296197095891632];('easy', 1531)
[0.0004569147107611237, 0.8261213491873614, 0.0012420229554175831, 0.00014833855895424557];('easy', 1532)
[0.00023550400134365618, 0.00014284039729993268, 0.7955013665039595, 0.0003882804563502775];('easy', 1533)
[0.012501614919065478, 0.0016919095959867891, 0.00859222590144697, 0.773447688488041];('easy', 1534)
[0.7564808001223888, 3.6559171113646723e-05, 0.0012887558198647283, 0.00028756015535923786];('easy', 1535)
[0.0003176705204682221, 0.5743617063596235, 0.0008635180032258953, 0.00040789702241362055];('easy', 1536)
[0.00020090773303522747, 0.00042532147136406127, 0.0006188390892874903, 0.8713905036704996];('easy', 1537)
[0.001706563039496536, 0.0019337892682665208, 0.1536199458248221, 0.47318271725560357];('easy', 1538)
[0.003048095946952007, 0.0020949236650663304, 0.8451526274071267, 0.004434953433747707];('easy', 1539)
[0.0013419631340240484, 0.0004936806478174442, 0.8925956834571971, 0.0011842783091589389];('easy', 1540)
[0.00517954945267091, 0.00010749817063337862, 0.00022757362901669467, 0.8710662963261154];('easy', 1541)
[0.0001183597993747848, 9.217870443725677e-05, 0.0002839303985190736, 0.846384904532262];('easy', 1542)
[0.8159894264890925, 2.546122422258839e-05, 0.0001293027658019035, 0.00016602803773766657];('easy', 1543)
[0.0009709715198273643, 0.002055546723604964, 0.001246752110338261, 0.9396822195567378];('easy', 1544)
[0.0005115579628033988, 0.00016607855482093432, 0.8162375481582896, 0.0015757094562252126];('easy', 1545)
[0.013530501636792437, 0.7387404904863789, 0.0006736440100424801, 0.00019300224025330462];('easy', 1546)
[0.8544158726370011, 0.00017384661183380588, 0.0012845623674490128, 0.00015341909646816016];('easy', 1547)
[0.8157030670277685, 0.00021310941600495329, 0.002291142141546284, 0.002941884742989812];('easy', 1548)
[0.7522646830056141, 0.0003240324104001207, 0.0014522125121255191, 0.0008808114130224318];('easy', 1549)
[0.8938160059818104, 0.00016049382391169632, 0.00026460958129921456, 0.0001818633282923183];('easy', 1550)
[0.23932705066520896, 0.025224885556791043, 0.04712629046816532, 0.0997663577039997];('easy', 1551)
[0.0006669199983600831, 0.00016862378281946557, 0.7313665842207203, 0.0010995651871515634];('easy', 1552)
[0.6419612784145425, 0.001404284594749142, 0.04650351903374692, 0.0026235490172244313];('easy', 1553)
[0.825587248339352, 3.307741193662148e-05, 0.0020464260363785313, 0.0004566193692290582];('easy', 1554)
[0.00015724016531529287, 0.772799433434484, 0.0014918538627480297, 0.0011618569565362657];('easy', 1555)
[0.00015432803400985203, 0.7584864318989669, 0.002414096625426588, 0.0010063451949743991];('easy', 1556)
[0.00010661757737433934, 0.0002557622722659281, 0.000421680899600507, 0.8639313964698833];('easy', 1557)
[6.352767987854779e-05, 6.762486321862172e-05, 0.0002512568479487943, 0.8487123101848059];('easy', 1558)
[0.7077419235725841, 0.00018490368900006568, 0.012962743180654242, 0.0017543165198773115];('easy', 1559)
[0.8479468918660368, 0.0004138787521711557, 0.0003223292499860389, 0.00022153343775613965];('easy', 1560)
[0.0007603819088717168, 0.735878835980502, 0.028533120625980127, 0.006366599774809412];('easy', 1561)
[0.8510115465103254, 0, 8.179215125318443e-05, 0.0023903158995090402];('easy', 1562)
[0.8631695522145942, 6.877678360142505e-05, 0.003997267334798905, 0.0010106674572540714];('easy', 1563)
[0.00025297958429781355, 0.7541214449473492, 0.0003680831232270002, 0.0002866634246045562];('easy', 1564)
[0.00011242550234159053, 6.818951410376911e-05, 0.0028994919207508043, 0.8039489165397413];('easy', 1565)
[0.0006156929452907362, 0.00019988623382376697, 0.8669601954318865, 0.006619322973394894];('easy', 1566)
[0.00046341746076258524, 0.7394252687595102, 0.0020768929689034973, 0.00046341746076258524];('easy', 1567)
[0.0008988933855974273, 0.0002005702250847182, 0.0007932706285435099, 0.8699270304232588];('easy', 1568)
[0.00014882160362720344, 0.5696336165483985, 0.0005886011410404933, 0.0014119807352428828];('easy', 1569)
[0.00030940301970921856, 0.0003972811518681142, 0.0017804905961786442, 0.8139419600975121];('easy', 1570)
[0.0010571858939421416, 0.00030288868535873734, 0.9028987081623232, 0.0005658708318015965];('easy', 1571)
[0.0005117629049147457, 0.00027392694354769497, 0.00024173967921530613, 0.8165645885568154];('easy', 1572)
[0.000978138151978342, 0.000978138151978342, 0.7372268456064099, 0.002346431446867479];('easy', 1573)
[0.618637121837726, 0.09487106399895363, 0.0047233521494479, 0.027181014918930307];('easy', 1574)
[0.0005265939242338979, 0.000766189638750429, 0.7414995461425165, 0.0018379933948919798];('easy', 1575)
[0.8566847179294539, 0.0002873857924081643, 0.004495468015779929, 0.0010030744983031198];('easy', 1576)
[0.0002624722639068808, 0.0002624722639068808, 0.007670567582728649, 0.7824191179207677];('easy', 1577)
[0.0005794223997227329, 0.7200182044242754, 0.0015750333801684382, 0.004851444355203142];('easy', 1578)
[0.0003793394869044303, 0.6052709862904101, 0.0007086994629036154, 0.001168447879022947];('easy', 1579)
[0.0013635685919950915, 0.0003042531332259998, 0.018823479298119575, 0.9069660575971579];('easy', 1580)
[0.016642801280119367, 0.00026900582842312947, 0.0009389225987528584, 0.9086662695852162];('easy', 1581)
[0.002124605623774266, 0.005096663940295642, 0.756412176606157, 0.002124605623774266];('easy', 1582)
[0.0851712880546173, 0.4901268929441154, 0.0012149031751418151, 0.00018631143614367138];('easy', 1583)
[0.002194137250247122, 0.000262052324581592, 0.7811670747470095, 0.0007123320720155931];('easy', 1584)
[0.0006213189265658628, 0.00042702583693863286, 0.8748823361831067, 0.001160776572832801];('easy', 1585)
[8.356538872775074e-05, 5.7433595750583045e-05, 0.0007928459552530091, 0.869461228836243];('easy', 1586)
[0.7268636741505858, 0.00016758557249215648, 0.02818355980710154, 0.0005849311227202092];('easy', 1587)
[0.00020654957685137587, 0.7905947529409268, 0.0010489458033797342, 0.0009256914224617254];('easy', 1588)
[0.0008770762828151198, 0.00036561979066642943, 0.03291203685564728, 0.10137621045497598];('easy', 1589)
[0.0006322156024427114, 0.0004923700062523436, 0.8902259477680318, 0.00071639413191267];('easy', 1590)
[0.0009193333039681626, 0.6114868551134524, 0.0036360337511301476, 0.03449772772280662];('easy', 1592)
[0.00028303149052315117, 0.0001336946094955721, 0.8437045925217006, 0.0007693589907117181];('easy', 1593)
[0.00027996119162653984, 0.6499503346020317, 0.0008623411794912376, 0.010505466211217913];('easy', 1594)
[0.0017644836944847575, 0.8066245368185936, 0.0017644836944847575, 0.001212710725820859];('easy', 1595)
[0.00016803479401075928, 0.00016803479401075928, 0.0004567661449113243, 0.9358134083574312];('easy', 1596)
[0.00010963176403599449, 0.47550240080963274, 0.000714888903121432, 0.0003376896067602761];('easy', 1597)
[0.00028347288340248327, 0.00012579032949077955, 0.08906453240931582, 0.7457282885889239];('easy', 1598)
[0.6967165562742218, 5.909425996444522e-05, 0.0009243897550923354, 0.0015240610516380154];('easy', 1599)
[0.0031946878731357827, 0.7817145000885516, 0.0005551535098081203, 0.0011752599894863753];('easy', 1600)
[7.335829638146521e-05, 0.6735754177016452, 0.001300306296154849, 0.0002560456131464456];('easy', 1601)
[0.44964568824193746, 0.0003618447066208619, 0.14597857342378703, 0.0012629621234489716];('easy', 1602)
[0.012041722268169255, 0.0012691881894543737, 0.7449951317510823, 0.000988444755812045];('easy', 1603)
[0.00015789217206577824, 0.6848208930049748, 0.002179635242012133, 0.001498039933509905];('easy', 1604)
[0.8196158046882486, 0.00035304332561757456, 0.013247853057144356, 0.000846906911523981];('easy', 1605)
[0.0004291839615811261, 0.5333247267654461, 0.0003787535167343298, 0.0003787535167343298];('easy', 1606)
[0.00020765997826264338, 0.5462884650226164, 0.002232556229087522, 0.006068717028541661];('easy', 1607)
[0.0002490242488324046, 9.16109014986032e-05, 0.0016238420832121875, 0.7423306465385842];('easy', 1608)
[0.0014376438269233544, 0.00017170215143372876, 0.8438761196093564, 0.0016290638785392713];('easy', 1609)
[0.7367523133802394, 0.00016986546013512667, 0.0008626483978522939, 0.000761284539124213];('easy', 1610)
[0.0005778893633965732, 0.8137287051951091, 0.0025899204437990443, 0.0007420246306346985];('easy', 1611)
[0.6784026914573245, 4.4812930196810885e-05, 0.0007943278150988202, 0.0016815919977601118];('easy', 1612)
[0.8250048458630319, 0.00021553965609182434, 0.0010946001708178092, 0.002044982344134992];('easy', 1613)
[0.00040156033594079783, 0.8227088859871858, 0.0006620610673350825, 0.004317180466704768];('easy', 1614)
[0.0014533091041942505, 0.00019668390546025984, 0.8530710801407045, 0.00028617339383825603];('easy', 1615)
[0.00019567063248183514, 0.00017267872709198824, 0.00022172387450739898, 0.8486760778792564];('easy', 1616)
[0.002897577672023442, 0.00012731061713791399, 0.00030540229411184607, 0.8034178609865645];('easy', 1617)
[0.7306084401361785, 2.927203134623543e-05, 0.0007549359984675924, 0.0003566065151362326];('easy', 1618)
[0.00018783126117636565, 0.7189476567944096, 0.0017820933878514224, 0.00045058377187066494];('easy', 1619)
[0.0020454250981584363, 0.00014817002648936586, 0.8251833057526773, 0.00040276808258308074];('easy', 1620)
[0.007202152361174112, 0.0001919308593041914, 0.001418187886514636, 0.8324558013859];('easy', 1621)
[0.0013853540958566083, 0.7176313380700866, 0.001778829870192351, 0.0006543949385854314];('easy', 1622)
[0.0002747599865713574, 0.00014706842291204334, 0.8190482694038004, 0.0010866973454558965];('easy', 1623)
[0.7935852555027406, 0.00012575254681911733, 0.0005635838146464139, 0.00043891951617299667];('easy', 1624)
[0.0005635209335317403, 0.5453616774632982, 0.001966881321734832, 0.0036746180780800465];('easy', 1625)
[0.036808130385577405, 0.5757760339667886, 0.002353065611582081, 0.004981439938809979];('easy', 1626)
[0.00034651444894844035, 0.0005041755482611378, 0.9115709861314788, 0.00034651444894844035];('easy', 1627)
[0.814603775753685, 6.909326292109636e-05, 0.0008417282582615538, 0.00027326915588985964];('easy', 1628)
[0.00013320437619978708, 1.6935035997914525e-05, 0.000676467639928696, 0.8406112101989949];('easy', 1629)
[0.0002764800828285737, 0.8241757936328031, 0.0014040823855562493, 0.00021532290501054008];('easy', 1630)
[0.0008238575584673301, 0.7036229346391848, 0.0011987056744382782, 0.0009335529179246675];('easy', 1631)
[0.7865784248418729, 0.0008127697380011938, 0.002209337209530064, 0.0013400307552239384];('easy', 1632)
[0.00034348487695521994, 0.00012636108483877418, 0.9036011108885565, 0.0007271574902204031];('easy', 1633)
[0.00011167002568516417, 5.97726574709933e-05, 0.0005671071843219263, 0.9048715431286543];('easy', 1634)
[0.00019896364104452435, 0.6720726623013463, 0.0012974052961224295, 0.0006128508672372875];('easy', 1635)
[0.0007041167485499018, 0.00102448382402899, 0.8749692044454397, 0.0014906151683774047];('easy', 1636)
[0.0004347371730102686, 0.0008121959660219469, 0.0005582135797241609, 0.8906810672980463];('easy', 1637)
[0.00010479788747416919, 7.20264645009392e-05, 0.0003228002187289518, 0.8491857992509498];('easy', 1638)
[0.0005642331900291482, 0.7011434647555242, 0.0013535250595971661, 0.00043942525022957736];('easy', 1639)
[0.007764276449314812, 0.05737067425159323, 0.0008183487170417266, 0.5443178020528924];('easy', 1640)
[0.07774168122252341, 0.08809286581611674, 0.1645791404395793, 0.27134512955627804];('easy', 1641)
[0.7962105808879981, 0.0036871869893618943, 0.0025341640866859924, 0.012869547141164218];('easy', 1642)
[0.7069898116107269, 0.02741296907333416, 0.002889306372132027, 0.006931085672809226];('easy', 1643)
[0.0038683015398921065, 0.0004620027350600366, 0.8353205405832534, 0.004966997496633794];('easy', 1644)
[0.0024217845824101914, 0.00022526105591114392, 0.7609020516638744, 0.0024217845824101914];('easy', 1645)
[0.01138472265103211, 0.5485467874062488, 0.122397332522863, 0.01877023887095134];('easy', 1646)
[0.0008074574657709437, 3.547720507730272e-05, 0.7814374907078542, 0.0019369897655672004];('easy', 1647)
[5.6095925345222794e-05, 6.356501102829138e-05, 0.0005322233211715628, 0.7494264175464427];('easy', 1648)
[0.0017971593759956615, 0.0012351683714004918, 0.059513744977897784, 0.8215619933336574];('easy', 1649)
[0.0001822941383877918, 0.7906586191280026, 0.0005615054765210716, 0.000495526843814133];('easy', 1650)
[0.0024322279220570994, 0.7641832740219854, 0.0008947666487679441, 0.00037299423234637573];('easy', 1651)
[0.00014497251726245994, 0.6287850002023169, 0.000945340013260574, 0.0015586021879066495];('easy', 1652)
[0.000472919574583655, 0.6659204648579944, 0.0016506515065939102, 0.00041735005974170007];('easy', 1653)
[0.7036452256744539, 3.4005732735853875e-05, 0.0015392177273869218, 0.0010578878417580367];('easy', 1654)
[0.0005990679674751511, 0.7444305342382669, 0.0004117329913127702, 0.00032065797605071737];('easy', 1655)
[0.0004118374519034764, 0.00032073933004055945, 0.0008718598925213811, 0.8437646771003645];('easy', 1656)
[0.000255608652655614, 4.441812355202114e-05, 0.000328208006735117, 0.8634124509855327];('easy', 1657)
[0.0016824878978080136, 0.7691405163883716, 0.0066543687212160495, 0.005872459785128978];('easy', 1658)
[0.030188363649250316, 0.6063495288688808, 0.002186838249396128, 0.009800729080915853];('easy', 1659)
[0.0009108650560534303, 0.0003350885278035304, 0.8815126049936644, 0.0010321453292195725];('easy', 1660)
[0.0002046480617141658, 4.2896564093689766e-05, 0.0006303604077903906, 0.7833162403417324];('easy', 1661)
[0.00044495775885558287, 7.732206442520686e-05, 0.9116207165577149, 0.0007336113215882578];('easy', 1662)
[0.0011633349039299628, 0.00010820705346711333, 0.00020215739020558685, 0.8768104699657439];('easy', 1663)
[0.6273076865963039, 0, 0.0013722299927972676, 0.0003931504753318413];('easy', 1664)
[0.0005777967829483411, 0.00014608990505794142, 0.8135985604586977, 0.00044998858701630667];('easy', 1665)
[0.010736022527581374, 0.005746578754725266, 0.006511726826343624, 0.7526533759826911];('easy', 1666)
[0.851541272385456, 3.8659907619303496e-05, 0.0005336835627571757, 0.0007765050019345447];('easy', 1667)
[0.0003059640572207936, 0.0003059640572207936, 0.7103174822460185, 0.004223701512156217];('easy', 1668)
[0.0004053173855046868, 0.5707293755908012, 0.0002785701607323232, 0.0012484654399909413];('easy', 1669)
[0.7709125589890707, 0.0007965820081072361, 0.02327954421022705, 0.02989152645483749];('easy', 1670)
[0.001029952604677234, 0.005230530914986076, 0.7762794780671741, 0.0013224853223893103];('easy', 1671)
[0.0003831943888282855, 0.00014096933762218204, 0.00033816786122875905, 0.8896135159093537];('easy', 1672)
[0.0014054093286371442, 0.8249547020773021, 0.0015925374066708671, 0.00040265651420660117];('easy', 1673)
[0.00026874581859666704, 0.7069856397752541, 0.0007305265268233949, 0.0006446873971775283];('easy', 1674)
[0.00033908193631150313, 0.6947043022295704, 0.0011835122484073796, 0.00033908193631150313];('easy', 1675)
[0.0014183224655913184, 0.0532221451832072, 0.0018211620948784776, 0.6483784815932894];('easy', 1676)
[0.0002725625155699895, 0.0001873292947515512, 0.8124977588641118, 0.0006538437964393137];('easy', 1677)
[0.00014874356405807603, 0.5693346386917107, 0.0018120675708310214, 0.0009699298765359491];('easy', 1678)
[0.0004237655337361869, 0.00015589455340225288, 0.8682023920208155, 0.0016760251984560073];('easy', 1679)
[0.0004587677720327578, 0.00014894016015511353, 0.8294715902207362, 0.0008570910355003873];('easy', 1680)
[0.8602256222033793, 7.296283332308738e-05, 0.0014654976827312594, 0.0004198721158899988];('easy', 1681)
[0.670167134828225, 0, 0.0006111133970075898, 0.0016611784422136098];('easy', 1682)
[0.0001927373739216726, 0.6510414528126282, 0.0014241472682678122, 0.0005936729065697508];('easy', 1683)
[0.00014754902011176338, 0.7251691967915962, 0.0012354128198694228, 0.0013999061257339623];('easy', 1684)
[0.0002747694198688151, 0.0005816865890570902, 0.8190757794180192, 0.0005133366131178806];('easy', 1685)
[0.8157614492115897, 0.00011407740960203274, 0.000743878153730665, 0.000310094549558885];('easy', 1686)
[0.0005232299371681854, 0.0002800648036125444, 0.8348613136948574, 0.004964267425526212];('easy', 1687)
[0.0066156279319511905, 0.02309081586675254, 0.002147779931232771, 0.7646627351562748];('easy', 1688)
[0.0006901397612310131, 0.00015399106887692125, 0.002729555705206745, 0.8576011009942531];('easy', 1689)
[0.00023934271972458676, 0.0001281109260654026, 0.8084683747208651, 0.0004471512817845883];('easy', 1690)
[0.0017764234250315556, 0.0002404128820125673, 0.71666044452529, 0.00030869625100328756];('easy', 1691)
[0.0026321261409903785, 0.0029825896649400027, 0.8269895241316252, 0.0008545262460709379];('easy', 1692)
[0.028152707395634035, 0.0017997423709811425, 0.822742697880259, 0.0023109149478296453];('easy', 1693)
[0.001030137773437166, 0.6851875004645004, 0.001030137773437166, 0.0004866026288868186];('easy', 1694)
[0.831844939877835, 9.059516726307814e-05, 0.0009739903022748032, 0.00046008044148872766];('easy', 1695)
[0.669916985554635, 0.017852684551477628, 0.00744210613881227, 0.001293244131318174];('easy', 1696)
[0.8467106499208532, 7.181651165187254e-05, 0.001634536271179659, 0.0004683024823349408];('easy', 1697)
[0.0002464187199401451, 0.00014946050877083885, 0.8323698174301936, 0.0012514175184615796];('easy', 1698)
[0.0002728524982145797, 0.7177895129596272, 0.004268133223455812, 0.0006545394289728038];('easy', 1699)
[0.9198485965458303, 4.732146128144921e-05, 0.00034966109882336786, 0.00044897373811616847];('easy', 1700)
[0.3323741606745626, 0.004741063338348022, 0.2588532566060503, 0.010036831166044504];('easy', 1701)
[0.00035717797772332854, 0.7317791324426217, 0.019501252166811957, 0.0009709104063710736];('easy', 1702)
[0.0002656394071843418, 0.791859947918091, 0.00415529946051863, 0.0007220827734718295];('easy', 1703)
[0.0004221595239807189, 0.00025605269458399676, 0.8649121214129033, 0.0007886978240684894];('easy', 1704)
[0.004238762945584537, 0.0029132563278366935, 0.8077653096405994, 0.011522152290127985];('easy', 1705)
[0.00019887391118278202, 0.6717695467669559, 0.0014694897856358275, 0.00042101587252171705];('easy', 1706)
[7.116927444798144e-05, 0.6534762020520593, 0.000982461528885729, 0.0012615055740071738];('easy', 1707)
[0.8626687266214543, 0.00012063704460873632, 0.0008913934651735238, 0.0002893932258491042];('easy', 1708)
[0.850841497803337, 5.620361153079134e-05, 0.0007758669249017051, 0.00019616987969041868];('easy', 1709)
[9.91447860594015e-05, 0.6256717850711498, 0.00023783597780355182, 0.0009406595396838828];('easy', 1710)
[9.288262437267124e-05, 9.288262437267124e-05, 0.00047169711276007735, 0.8528481960202362];('easy', 1711)
[0.0003378484127206782, 0.00014083617167192017, 0.0005570178643248579, 0.8887733325494414];('easy', 1712)
[0.713659326802258, 8.807252883286866e-05, 0.0009468693703156531, 0.00014520705165110088];('easy', 1713)
[0.8609055843726141, 0.005119132643452356, 0.0004761535080323544, 0.0006927992662274144];('easy', 1714)
[0.000845226600854434, 0.7218730341854575, 0.0022975641100328147, 0.0033429360546326533];('easy', 1715)
[0.00699892675303281, 0.0009472017344740013, 0.7139099374120418, 0.05171546241046598];('easy', 1716)
[0.0009208570322379848, 0.612500204191712, 0.001720387427851649, 0.0009208570322379848];('easy', 1717)
[0.00036723898451091803, 4.9700368285323084e-05, 0.8525718578973915, 0.0006054747251934654];('easy', 1718)
[0.0004507915846458734, 0.0003510768391242057, 0.815050329409992, 0.0009543257921841679];('easy', 1719)
[0.00036196222612275476, 0.001622202152689585, 0.8403216194719343, 0.0005266519314247002];('easy', 1720)
[0.0007089587058681997, 0.009786873050015684, 0.0024745090261583317, 0.777467740663309];('easy', 1721)
[6.899548185814822e-05, 0.00010038783375105153, 0.00014606343623989928, 0.8134511027990831];('easy', 1722)
[0.004839469071884064, 0.0005779921560901004, 0.0025903811286901355, 0.8138737391296919];('easy', 1723)
[0.0009930134872892724, 0.7484385154090346, 0.0018551934333038568, 0.0011252316969963337];('easy', 1724)
[0.00042322373421570394, 0.00017642590062103857, 0.7652063254369066, 0.0006157868997465047];('easy', 1725)
[0.0007890047654100737, 0.0007890047654100737, 0.8652489039456669, 0.0006962942615988753];('easy', 1726)
[0.0010688910235987375, 4.6963816348601136e-05, 0.7109640481131911, 0.0003932230324346746];('easy', 1727)
[0.004540497701741223, 0.7635943036625072, 0.004006975157979104, 0.005830114453448007];('easy', 1728)
[0.8081322216204861, 5.014810346848427e-05, 0.0015600625153005235, 0.0006503308109529101];('easy', 1729)
[0.0004064067658893647, 0.0001694155452396513, 0.8326384041007389, 0.001251820967806707];('easy', 1730)
[0.0004920067004278843, 0.00020509880903697014, 0.7850418600554899, 0.0009191895291039614];('easy', 1731)
[0.00018541931326947257, 0.7097156243568339, 0.00034640888244555097, 0.00039253268927178414];('easy', 1733)
[0.6074912201585027, 0.00012360521091670776, 0.004093244375766817, 0.00033599395895210065];('easy', 1734)
[0.00019654496341899936, 9.284126682884158e-05, 0.0004714868568995046, 0.852468069996931];('easy', 1735)
[0.0001635631653506156, 0.00011241520995059314, 0.0019926072740774183, 0.8038752682726412];('easy', 1736)
[0.7513785470218507, 0.007366255637256191, 0.008347061180251641, 0.009458459464056304];('easy', 1737)
[0.0007121717675146747, 0.00018006522184196223, 0.7809913027676354, 0.00033640612278038225];('easy', 1738)
[0.0009833295262453626, 0.0006758318409070437, 0.7411395620850492, 0.0018371014122316412];('easy', 1739)
[0.00043255813716838135, 0.00018031714467027908, 0.0003368766159506436, 0.7820835636041095];('easy', 1740)
[0.0012180325813955747, 0.0037518044797457723, 0.8101642889421827, 0.006185679849264883];('easy', 1741)
[0.0062728132415529785, 0.0062728132415529785, 0.009126889411962952, 0.8215765494713335];('easy', 1742)
[0.00017333985932682124, 0.663479963258133, 0.0016446027952044275, 0.00041582070599884366];('easy', 1743)
[0.0008623078732327373, 0.7364617048710468, 0.0023439958223457156, 0.0008623078732327373];('easy', 1744)
[0.0007650272543235889, 0.6533782301263837, 0.04733056024182448, 0.017411940052093677];('easy', 1745)
[0.00115357800723458, 0.7672929196458292, 0.005858352512812352, 0.0016784460966186873];('easy', 1746)
[0.00015539003327988388, 0.0001760799758331031, 0.8653921594042148, 0.0013010641989332486];('easy', 1747)
[0.02919162114294788, 0.7528618320105457, 0.0006865211271647504, 0.005072743121721443];('easy', 1748)
[0.00043205144759222015, 0.00029694418622219684, 0.8851784733792805, 0.0004895784294844072];('easy', 1749)
[0.772272106415885, 0.0011610644292482865, 0.0205803545340292, 0.004052513053786209];('easy', 1750)
[0.35056013478639875, 0.0001332579951645536, 0.0006767402621949467, 0.35056013478639875];('easy', 1751)
[0.00245829223511388, 0.6015243129337865, 0.00757207316216214, 0.0011612150287307475];('easy', 1752)
[0.0001840398938712716, 0.00014333041346332456, 0.00038961227260122367, 0.7982300844047998];('easy', 1753)
[0.00015916195287227298, 0.6092126547879876, 0.0015100872841166285, 0.0015100872841166285];('easy', 1754)
[0.0011788262193849774, 4.570807462321945e-05, 0.00320438189106526, 0.6919539195002377];('easy', 1755)
[0.00024377813864354762, 0.7266927359696655, 0.001092538340508898, 0.0006626580004302077];('easy', 1756)
[0.0005799498011716311, 0.7206736433208245, 0.0007446702851073764, 0.00045166535929457187];('easy', 1757)
[0.00029086298789567696, 0.0008959210760429055, 0.0003734754692317881, 0.8670505148631967];('easy', 1758)
[0.3580864372390926, 0.0010057911060554875, 0.0021292597882283477, 0.4597920867861547];('easy', 1759)
[0.0001432380404411831, 0.00011155389806120695, 0.001058393916320799, 0.9039307061950798];('easy', 1760)
[0.001883804745975851, 0.6706810853710186, 0.0012947188052447533, 0.0006930130372257069];('easy', 1761)
[0.0003065514100818154, 0.8064405250682575, 0.0008332931275138959, 0.0007353786039760433];('easy', 1762)
[0.00031902457388912107, 0.0005960163704898877, 0.032541391218216975, 0.8392535659078819];('easy', 1763)
[0.0003687162256916708, 0.0034982821479417232, 0.0006079102841501267, 0.8560014566515338];('easy', 1764)
[0.0005882941715307117, 0.003385399213769208, 0.828379801040031, 0.0015991493562603023];('easy', 1765)
[0.859158502377214, 0.00019808742922474863, 0.0018794012009877806, 0.003098608736247921];('easy', 1766)
[0.0008851514677074323, 0.0006083551138614117, 0.8566279512001227, 0.0008851514677074323];('easy', 1767)
[0.0003107325013257353, 0.7213877239134828, 0.0005805244626289067, 0.00139260579094401];('easy', 1768)
[0.001393194260165261, 0.0001885482498962556, 0.0006580983699728328, 0.7216923864793741];('easy', 1769)
[0.570433086649071, 0.0001913589822898386, 0.0004590463348937813, 0.004355310362120766];('easy', 1770)
[0.7747223028350203, 0.0004284868735224032, 0.0005501880363198313, 0.002176035895677946];('easy', 1771)
[0.9010401378458193, 8.660048590228281e-05, 0.0001833332300937984, 0.00023540452716389908];('easy', 1772)
[0.0005298564818853305, 0.0005298564818853305, 0.8454347242250355, 0.00036416467929769057];('easy', 1773)
[0.7979134784679369, 0.0013593410554653396, 0.006092143951140822, 0.008864017145528102];('easy', 1774)
[0.0007144673519805759, 0.00023195347806341678, 0.783508507070166, 0.0007144673519805759];('easy', 1775)
[0.00016452733768975553, 4.7137871462751306e-05, 0.006995880417158115, 0.7135992877727406];('easy', 1776)
[0.0001598789429667979, 0.5400501153448611, 0.00043459623265146996, 0.0010425421653587883];('easy', 1777)
[0.8138236776733212, 6.091617786395801e-05, 0.0025902217940837677, 0.0020172667615610575];('easy', 1778)
[0.00033378341471907303, 0.0021765423106052096, 0.0006235898125575544, 0.8780797075092673];('easy', 1779)
[0.0005323740901330132, 0.7496387161026357, 0.0009946057417326594, 0.0030636013637155538];('easy', 1780)
[0.7764492607569851, 0.00037898114583468035, 0.006717601543957215, 0.0035956729986399132];('easy', 1781)
[0.00044504369697272704, 0.0003466003797033528, 0.9117966965697415, 0.00044504369697272704];('easy', 1782)
[5.1835344436632266e-05, 5.873714036255597e-05, 0.0010411412210628306, 0.8891956768754963];('easy', 1783)
[0.0009988328115681639, 0.8530619785764907, 0.0034862690695387517, 0.0009988328115681639];('easy', 1784)
[0.6733381834876757, 5.711134283108106e-05, 0.0010123227738271096, 0.0008933717123182701];('easy', 1785)
[0.7861202347438715, 0.003212694105532881, 0.012706451674657242, 0.002502048685157894];('easy', 1786)
[0.0003088464293216723, 0.5584072107811975, 0.0007408837156487454, 0.0009513135217030424];('easy', 1787)
[0.003003026829415222, 8.518927326899427e-05, 0.8326560102158851, 0.000860381591727309];('easy', 1788)
[0.0002895668736780087, 3.918861486515375e-05, 0.0011452592018127753, 0.8631865176608883];('easy', 1789)
[0.02691959477084606, 0.7867058182449, 0.018501548875400013, 0.00134024738575139];('easy', 1790)
[0.0008211486352444542, 0.00011113043612127489, 0.0004395291915273658, 0.900498962301375];('easy', 1791)
[7.316308854375613e-05, 0.00015488625966256632, 0.0002253581780513594, 0.8625869484781321];('easy', 1792)
[0.000553080941653129, 0.5352581105062741, 0.0003354607083754496, 0.00048809221788745767];('easy', 1793)
[0.0007008086864842423, 0.0002578129850170752, 0.8708585778086452, 0.002446062663398359];('easy', 1794)
[0.0007300933176346412, 0.000268586449766405, 0.00023702670999504547, 0.9072491499759189];('easy', 1795)
[0.0026543594018982515, 0.0008617443290821008, 0.0001321527730151907, 0.73598031724371];('easy', 1796)
[0.0018430828083682133, 5.924582804467258e-05, 0.00022012495552851052, 0.8425557377331481];('easy', 1797)
[0.6875133973387638, 2.7545432009686892e-05, 0.0006269311428463468, 0.0008049955219278024];('easy', 1798)
[0.0012556991487937183, 0.3945289211639256, 0.004966386474385218, 0.34817057165978904];('easy', 1799)
[0.0011379821263491495, 0.07977868719014425, 0.5202224198319992, 0.0024091081803860764];('easy', 1800)
[0.0003014328887894694, 0.0006381334305749133, 0.7929754323704646, 0.0006381334305749133];('easy', 1801)
[0.7406722458142405, 0.00017076936617484468, 0.00031903917800941647, 0.00024846796166419087];('easy', 1802)
[0.7571123429114096, 9.946109268579517e-05, 0.0021265729435036053, 0.000609273349186877];('easy', 1803)
[0.0007249531718201383, 9.811174284155916e-05, 0.0002666953677246571, 0.900861897961589];('easy', 1804)
[0.00021200040219042105, 0.00011347563812304524, 0.7161095307947115, 0.0003495295724883292];('easy', 1805)
[0.0014345958042241839, 0.010600308876703027, 0.8420867485332028, 0.005673936472086595];('easy', 1806)
[0.0009392615788093772, 6.004495521524626e-05, 0.9089940552710677, 0.0001440403595932151];('easy', 1807)
[0.008173281767586475, 0.0008614575604292383, 0.73573542188224, 0.002066529258514868];('easy', 1808)
[0.00016827357645450938, 0.5016164916388185, 0.0008545637341209583, 0.00031437642895379913];('easy', 1809)
[0.00014117854509842833, 0.7862464409195605, 0.0007169638110692451, 0.0015178123999442783];('easy', 1810)
[9.040011741212865e-05, 4.838769598430042e-05, 0.00045908967722906865, 0.8300534353064414];('easy', 1811)
[0.8075351416785669, 7.761351690332105e-05, 0.0009455266518057999, 0.001071422062827198];('easy', 1812)
[0.000159647352750903, 0.6924333781941973, 0.0002982605213916305, 0.00038297409026139136];('easy', 1813)
[0.5899327116672388, 0.0005379490647885494, 0.009535375329120684, 0.0035078685474368753];('easy', 1814)
[0.00029023344336323744, 0.00027264908796076034, 0.8651734948268058, 0.001300736050967603];('easy', 1815)
[0.7091436733900638, 6.815694156110716e-05, 0.0022570490001628182, 0.0002099381597672439];('easy', 1816)
[0.00015662101990333575, 0.00015662101990333575, 0.8722476444806169, 0.0003315667017372558];('easy', 1817)
[0.7263437068606654, 0.0004552191018722777, 0.0012374138125868593, 0.002040150473470097];('easy', 1818)
[0.00047742189344918937, 3.458432596429157e-05, 0.0005409898800221841, 0.8631990458087258];('easy', 1819)
[0.0012777721392316346, 0.45491833805402315, 0.002106690105059202, 0.11502138242936269];('easy', 1820)
[0.0007101242722554454, 0.0002612401204396104, 0.7787457539349005, 0.0006266824707155705];('easy', 1821)
[0.00019761571454178338, 0.00015390327323235609, 0.00028752916805193605, 0.8571121401164603];('easy', 1822)
[0.0004658874454606997, 0.6560182729165643, 0.0006778622333237236, 0.0005279196381270473];('easy', 1823)
[0.0005509900999307038, 0.0006243535793916132, 0.001321756537944228, 0.8791554855413931];('easy', 1824)
[0.0007768420175074532, 5.627424700223763e-05, 0.0009974848952305534, 0.7518085899004548];('easy', 1825)
[0.0004246539426303125, 0.02627241538390004, 0.0016795389237935993, 0.870022844662595];('easy', 1826)
[0.001675348420278631, 8.879021342389677e-05, 0.0006163262406195614, 0.8678520062881854];('easy', 1827)
[0.0003746725252645626, 0.0002272504822863618, 0.8698295158200934, 0.0003306475006945021];('easy', 1828)
[0.00013774699899385048, 0.5974455467501593, 0.0006995369820047958, 0.001017820303024905];('easy', 1829)
[0.00017447776837189495, 0.00015397609015806976, 0.6678353726508924, 0.0012892254037654353];('easy', 1830)
[0.0026448924553143806, 0.0002460132034399399, 0.0011025552107548017, 0.831000445005516];('easy', 1831)
[6.945278187032627e-05, 6.129186487644647e-05, 0.001791209998514689, 0.8188422299821991];('easy', 1832)
[0.00015149757367550053, 0.0003634237865861184, 0.0020913594948126124, 0.7445757098118536];('easy', 1833)
[0.000157961001076666, 0.7763421299891666, 0.004616299323054971, 0.0003789289235804722];('easy', 1834)
[0.0005447202024860064, 0.6768956418693058, 0.0013067158358684358, 0.0005447202024860064];('easy', 1835)
[0.00022273501232229108, 0.7523694553843767, 0.0012817514979500256, 0.0012817514979500256];('easy', 1836)
[0.0006849003259595814, 0.00028550879701674396, 0.851090020528969, 0.0009965240941403985];('easy', 1837)
[0.00015702138203920612, 0.6397812690301501, 0.0012350682498486487, 0.00027558110779025085];('easy', 1838)
[0.00026871019581591776, 0.706892222392541, 0.0012042755476765997, 0.0010627694406829665];('easy', 1839)
[0.7909847811489565, 0.00026534595588794253, 0.00011061265108497211, 0.00023416698418445798];('easy', 1840)
[0.0007795396960081078, 0.0002530794857128101, 0.85486916812353, 0.0006071061256863593];('easy', 1841)
[0.000846963450547047, 0.5633505854691234, 0.0009597353237915277, 0.0004533468664431855];('easy', 1842)
[0.000369201097520247, 0.0001743982497038383, 0.8571271217636995, 0.0016546445235133091];('easy', 1843)
[0.6369725388622672, 0.0003992076605915328, 0.0013933716467104736, 0.0022972814719220223];('easy', 1844)
[0.0017295421352621666, 0.0004955221181244264, 0.8959249467936193, 0.00195982799508622];('easy', 1845)
[0.0005091043213919229, 0.00011359647459740439, 0.0002725037763934744, 0.9204820624388148];('easy', 1846)
[0.0010558422990498305, 0.0017407896569483813, 0.00034278180752784, 0.9017511792292899];('easy', 1847)
[0.00020572567696782238, 0.6949140219810589, 0.0015201185681057248, 0.0011838695312021213];('easy', 1848)
[0.0007582500416891841, 0.4450816478956868, 0.0004058620004891366, 0.0026465526930049914];('easy', 1849)
[0.7504511163772337, 0.00013475115661874175, 0.0027065493317079818, 0.003938006040875744];('easy', 1850)
[0.0003023224774944137, 0.7018635659022301, 0.018704029369723024, 0.008835157875742758];('easy', 1851)
[0.0054488180391232995, 0.0005068190267109027, 0.8086764672644355, 0.01481142306232871];('easy', 1852)
[0.00019289128320859117, 0.7383158983786544, 0.0034190814345499373, 0.0009795832318541771];('easy', 1853)
[0.0039204840687641325, 0.000321812929389521, 0.0012727948261633778, 0.8465888922805092];('easy', 1854)
[0.7189684191884435, 2.107468638949166e-05, 0.0013879354345483247, 0.0003509250342742836];('easy', 1855)
[0.790212700346717, 5.914889482583718e-05, 0.002219544845174187, 0.0011880367444898966];('easy', 1856)
[0.7498701819869626, 0.00022199512221998547, 0.000469963677427642, 0.000469963677427642];('easy', 1857)
[0.8781024092493266, 2.7399316639475547e-05, 0.00048566473965586424, 0.0004285976284408541];('easy', 1858)
[0.00014995836140055475, 0.00019255034748315826, 0.00046190449167530075, 0.8351427381523413];('easy', 1859)
[0.003052559836373863, 0.659169420576639, 0.0009910210826377748, 0.000468125212499274];('easy', 1860)
[0.0002878218981614741, 4.413891764979723e-05, 0.0006093189631893322, 0.8579851140196924];('easy', 1861)
[0.7941896895840971, 6.736179703075885e-05, 0.0003876401926124679, 0.0005640131522120866];('easy', 1862)
[0.0007438086340653771, 0.00014646460416515677, 0.00021310474160575636, 0.8156850657856033];('easy', 1863)
[0.0011396791159009308, 0.0001542388694961115, 0.8589810530135045, 0.0007832892376206835];('easy', 1864)
[0.00015795361972499646, 0.5335466893738017, 0.001029987474764292, 0.0004865316328208314];('easy', 1865)
[0.0008411873889744522, 0.00010046550673375048, 0.0009531901885557233, 0.718423439069438];('easy', 1866)
[0.6382955635520101, 0.008034957022929756, 0.0062576308214027775, 0.009104799120991285];('easy', 1867)
[0.0010378930300965295, 0.7822645121578495, 0.0021972195619565323, 0.0008083119045835303];('easy', 1868)
[0.0002865355096528601, 5.300373969873896e-05, 0.0002528666997491475, 0.8541506979057972];('easy', 1869)
[8.740056156473228e-05, 1.5187940242886935e-05, 0.0019892266637912153, 0.8025114444987342];('easy', 1870)
[0.8390349795680985, 0.0004640571816113557, 0.0018353817570951998, 0.002670464699120385];('easy', 1871)
[0.0014283365897695452, 0.0006746984310632969, 0.8384127561823635, 0.004399586429734275];('easy', 1872)
[0.0005441711233160479, 0.7662498828141836, 0.0016761650627327425, 0.0007917643125079923];('easy', 1873)
[0.7239748368579721, 0.000275203701838005, 0.001233378010764288, 0.002304253482596177];('easy', 1874)
[0.0004119558857077875, 5.9347900582721454e-05, 0.0009882307964287449, 0.8440072968550455];('easy', 1875)
[0.006866062676792404, 0.5454388523787765, 0.04477235278421286, 0.13790853897165464];('easy', 1876)
[0.8450326678061478, 0.00022077206172044976, 0.00025016752021890157, 0.0003639915941348271];('easy', 1877)
[0.0010988062431873998, 0.00027782172639523415, 0.015168552300194144, 0.828174696819337];('easy', 1878)
[0.004266346687894081, 8.854524286854549e-05, 0.8130219015274739, 0.00039683205797007385];('easy', 1879)
[0.00022679322406967791, 7.3628979774376e-05, 0.8680798463492275, 0.0006985726431051789];('easy', 1880)
[0.0001689822920959631, 0.00024586778422213144, 0.8305088666289258, 0.0012486196360229566];('easy', 1881)
[0.7119952072672997, 0.0003475215051494794, 0.0005056408063876875, 0.0008336607528253457];('easy', 1882)
[0.00444176180703918, 0.0026940647191098523, 0.7469895906308788, 0.012073960406418014];('easy', 1883)
[0.0006248652632971468, 0.0562485784513544, 0.5336715898985243, 0.008625998883481811];('easy', 1884)
[0.8052653722130814, 6.416303756367972e-05, 0.00018566190526000397, 0.00018566190526000397];('easy', 1885)
[0.00031459326830216293, 0.0002776275848506234, 0.82759589517645, 0.0010980378748979734];('easy', 1886)
[0.0019839001831936463, 4.665686031203808e-05, 0.0005683969189767895, 0.9069292911999817];('easy', 1887)
[0.0002739151881308622, 0.8165293758170186, 0.000956057491950544, 0.000956057491950544];('easy', 1888)
[0.6484851929987295, 3.78032318934286e-05, 0.002063986526655158, 0.0009749582004999975];('easy', 1889)
[0.0056973687392351535, 0.00731556626942013, 0.00731556626942013, 0.8455645183619391];('easy', 1890)
[0.012254487308798615, 0.6690722170256026, 0.002413051624744071, 0.002413051624744071];('easy', 1891)
[0.0009795580086879537, 0.00017022157684017878, 0.8365999760594947, 0.0018300552898016273];('easy', 1892)
[0.00020302914333482195, 0.0001395397534961387, 0.0007086416785048102, 0.8805921516743122];('easy', 1893)
[0.8382595145875702, 2.9638752666856334e-05, 0.0005953105449134907, 0.00024816223775554666];('easy', 1894)
[0.00019523092359004048, 0.7472710801696796, 0.0023783995475782295, 0.000772153281485255];('easy', 1895)
[0.6215886485301858, 2.651030006932697e-05, 0.0006422860827364169, 0.00020851966208036013];('easy', 1896)
[0.00016989624222592026, 0.6502995537964585, 0.0014225244980880464, 0.0002471975738146083];('easy', 1897)
[0.0002004201275180699, 0.7671328894268888, 0.0024416158288388754, 0.00042428921096835845];('easy', 1898)
[0.0003387503171267508, 0.7864332276194389, 0.0017203160593472812, 0.0008126197665788821];('easy', 1899)
[0.0016019671107539654, 0.6462795624033485, 0.005591414623105597, 0.005591414623105597];('easy', 1900)
[0.0001934634959364245, 0.00021922286114525966, 0.8391034715815402, 0.0016198507915752718];('easy', 1901)
[0.0011589774285043735, 0.5298203094995068, 0.05584264644989377, 0.06327800843985483];('easy', 1902)
[0.7763451377787904, 5.128262437324839e-05, 0.0005513404337529371, 0.00048655622505661426];('easy', 1903)
[0.0005682874322832907, 0.8002081812556122, 0.002546887574074507, 0.0005682874322832907];('easy', 1904)
[0.8348645482059057, 6.249114286634272e-05, 0.0007612979705666782, 0.00040749343925412833];('easy', 1905)
[0.5826911391462555, 0.005712501899144915, 0.0007731030625104649, 0.07885867505616616];('easy', 1906)
[0.30526768436402674, 0.03217497338020843, 0.16339801681337318, 0.004354409135540981];('easy', 1907)
[0.001756144438416358, 0.00012721461577526263, 0.802812121832969, 0.0008295438944900402];('easy', 1908)
[0.0108823226911315, 0.5941546869994876, 0.0024281744048590638, 0.003532972912265598];('easy', 1909)
[0.0003758680412032453, 0.0002583300749591539, 0.00042591428944671557, 0.8726047719687453];('easy', 1910)
[0.00020670603901688466, 6.710762558470292e-05, 0.002222298291437486, 0.8965392988485077];('easy', 1911)
[0.00038020291898548634, 0.00023060472727693594, 0.7789522086954443, 0.000804889585808462];('easy', 1912)
[0.10196896499676218, 0.2771803846174751, 0.1309307427691853, 0.11554597494690642];('easy', 1913)
[0.7800422570368599, 0.00038073484732625834, 0.0028132711457115192, 0.0004888732209856426];('easy', 1914)
[0.00038965853496819965, 0.0003034663721636903, 0.9046203711009804, 0.0008249071250009491];('easy', 1915)
[0.00035759020918113836, 0.8301716395930535, 0.0014142967126766204, 0.00045915491734726784];('easy', 1916)
[0.0002273159420428308, 0.0001770338336675707, 0.7678434827033059, 0.00048122808254837525];('easy', 1917)
[0.000419594515559794, 0.0002245926527031212, 0.8596570210887012, 0.00028838267447213044];('easy', 1918)
[0.0014469979115979525, 0.00019582987220889594, 0.849366705367627, 0.0014469979115979525];('easy', 1919)
[0.0006428375979540149, 7.677596582745403e-05, 0.7988208675847192, 0.0010598600213525616];('easy', 1920)
[0.0026596007592384775, 0.0002183134287621408, 0.00015004447900431603, 0.8356218431588195];('easy', 1921)
[0.00016527464467462705, 0.7168407513105493, 0.0009510903660356243, 0.02452894383202632];('easy', 1922)
[0.0012627140301844037, 0.5772429744565486, 0.0018372380730362556, 0.003889433031139192];('easy', 1923)
[0.00506076451753009, 0.0007760933747958173, 0.6628292485135983, 0.03300032216150755];('easy', 1924)
[0.7935329300903428, 0.0002073172561296962, 0.00173584613309377, 0.00038731962567024555];('easy', 1925)
[0.0003121837854817862, 0.7247573294617226, 0.002035693997426666, 0.0007488899701693814];('easy', 1926)
[0.000523703194491074, 0.7374289412518799, 0.0016131194035036028, 0.0003176420440482847];('easy', 1927)
[0.00018245623790576928, 0.6983739993592033, 0.0007216280753936043, 0.0006368345413529387];('easy', 1928)
[0.00013251864155600722, 0.0002475774163714202, 0.0004625355072874199, 0.8362837032132148];('easy', 1929)
[0.001334727548563713, 2.4446387794338382e-05, 0.691405905172129, 0.0003824058451649461];('easy', 1930)
[0.000507440015770264, 0.6305693679024124, 0.0009480227581021389, 0.0006515658776934473];('easy', 1931)
[0.8251255894579196, 0.0002767987820906692, 0.002626193724302037, 0.0005859830262843149];('easy', 1932)
[0.7844811863657764, 4.573105265202219e-05, 0.00018086982185866828, 0.005285793521921293];('easy', 1933)
[0.8062197807940417, 0.005432266719234101, 0.01150010873486307, 0.01150010873486307];('easy', 1934)
[0.8553390819673097, 9.916180685075863e-05, 0.00047307474790634117, 0.0011348473249522349];('easy', 1935)
[0.8552306879712955, 6.814420284487401e-05, 0.0016509836928277775, 0.0005359959294449377];('easy', 1936)
[0.00043956146862544996, 0.7013606465365786, 0.0047257311452833005, 0.00034233081597351717];('easy', 1937)
[0.0013720533350019617, 0.0003469094106444504, 0.01475096349660613, 0.912609700674553];('easy', 1938)
[0.6109979622336851, 0.018450538636088035, 0.003206223622001004, 0.0004339151820034241];('easy', 1939)
[0.8160634185146097, 4.757213902097174e-05, 0.00031020931372295477, 0.0029431840225814625];('easy', 1940)
[0.000532218753081759, 0.7494199405265987, 0.0023852389687154724, 0.0008774803788713954];('easy', 1942)
[0.0002547357528384561, 0.00037063833337625776, 0.7593566901618394, 0.0005392755929908538];('easy', 1943)
[0.039131470027424134, 0.014395659893712649, 0.6121191442409933, 0.0645168869879787];('easy', 1944)
[0.8464309400144829, 4.934238716755412e-05, 0.0020980926912787324, 0.0016339962309242682];('easy', 1945)
[0.00036463174237019247, 6.336352599295157e-05, 0.8465190071923205, 0.0008747060781680305];('easy', 1946)
[0.0006184918711311084, 0.6782585323913798, 0.0007008431070066224, 0.00012178827044460305];('easy', 1947)
[0.7355400815966561, 5.860738255876245e-05, 0.002065980464745431, 0.00021775284277675053];('easy', 1948)
[0.0005579176693848222, 0.7856064229759946, 0.0032105945132327785, 0.00043450671780627273];('easy', 1949)
[0.00042210457228957865, 0.0006959327867936083, 0.0006959327867936083, 0.8647996019025525];('easy', 1950)
[0.00024905108642587885, 0.6551750584821437, 0.00019396118113325857, 0.0007671309868536858];('easy', 1951)
[0.8329607703772353, 6.234863231300247e-05, 0.00021761810970106598, 0.0008606963201646628];('easy', 1952)
[0.7373642435223342, 0, 0.0004078246746604496, 0.00015003031341001148];('easy', 1953)
[9.109393011199609e-05, 4.875906716115609e-05, 0.00046261336944350466, 0.7381420469686497];('easy', 1954)
[0.0002203448594066851, 0.6568389055792041, 0.0007690791282430429, 0.0005285798393833505];('easy', 1955)
[0.0004541811949083321, 0.00016708384450165055, 0.001089524047450053, 0.8211786806948418];('easy', 1956)
[0.0011711811518223595, 0.000380226850662723, 0.8827241546394005, 0.004632111311895924];('easy', 1957)
[0.00017075275543018895, 5.901057325371107e-05, 0.0005259552634801749, 0.8392099966481591];('easy', 1958)
[0.7505656796041434, 1.9415707066418127e-05, 0.0005330324910278519, 0.0005330324910278519];('easy', 1959)
[0.0004849748811662374, 0.7738219814477874, 0.002790837748954791, 0.0006227200738725659];('easy', 1960)
[4.451803691352603e-05, 0.00015538321662115186, 0.001148135851919691, 0.6739389173939739];('easy', 1961)
[0.0003833848317555066, 0.6931759955565475, 0.0059971477931328055, 0.007700490194015319];('easy', 1962)
[0.8050681384136177, 4.408776082901979e-05, 0.0005045577039325081, 0.0005717387816940714];('easy', 1963)
[0.00016816448666278133, 0.7293747978887212, 0.0014080246793693396, 0.00035600439081485155];('easy', 1964)
[0.7580732409325405, 0.00037001198725041624, 0.008421434013166824, 0.00041927851096899144];('easy', 1965)
[6.081900576860226e-05, 8.312972462899355e-05, 0.0014735103287735363, 0.8649289793361704];('easy', 1966)
[0.0005410796589697056, 0.7618967321161249, 0.0021400115644368864, 0.0021400115644368864];('easy', 1967)
[0.000568808224434699, 0.006929502758974186, 0.0009378062185746606, 0.8009415827203246];('easy', 1968)
[0.000407637641308979, 0.00046191396266107937, 0.7370261232503705, 0.001255612331013122];('easy', 1969)
[0.0007577758209681937, 0.002059848244183476, 0.7333567940244574, 0.011853608218143935];('easy', 1970)
[0.00039950968105630547, 8.914265911494156e-05, 0.8185077886918676, 0.0007463823465884792];('easy', 1971)
[0.6482910887198584, 0.0001919231717978475, 0.001251496288293805, 0.002063368550712256];('easy', 1972)
[0.8287947560700502, 0.00010228144419803066, 0.0006669584789508341, 0.0004583934119816426];('easy', 1973)
[0.0005160465795280897, 8.967549188930641e-05, 0.00016753587520294274, 0.8233998168785109];('easy', 1974)
[0.014576224829508327, 0.0032523953805677123, 0.7958347915697039, 0.004176158333766742];('easy', 1975)
[0.0002023396610603338, 0.0003336017030964268, 0.7744803498067241, 0.001694169239840591];('easy', 1976)
[0.0003596062107681327, 0.0002471534932475842, 0.7367541138506963, 0.0023449270549663];('easy', 1977)
[0.00023150750944305823, 8.516685320090467e-05, 0.0013322337333564447, 0.7820018387002549];('easy', 1978)
[0.8402826401125225, 0, 0.0012633138731486784, 0.00024876125107040493];('easy', 1979)
[0.0003751273064482736, 0.7685533828234438, 0.0002921493007057068, 0.000618480369361714];('easy', 1980)
[0.00021195532099177008, 0.8112857684215757, 0.0013821223097788408, 0.00107639793715622];('easy', 1981)
[0.0003015430094514237, 0.7932647352309048, 0.000638366251621278, 0.00038718870373413467];('easy', 1982)
[0.002064396972801551, 0.0006702115708271316, 0.8328371427966622, 0.0006702115708271316];('easy', 1983)
[0.00019519182829431483, 5.9530144222973815e-05, 0.0018519285042723108, 0.8465994764638546];('easy', 1984)
[0.0002175253605211097, 0.00024648852577729914, 0.0063570198342203545, 0.8326053517653198];('easy', 1985)
[0.00010484717098433733, 0.00013462643241169463, 0.0007747216282174425, 0.8495854513745511];('easy', 1986)
[0.0020798988424325154, 0.0006752442910514916, 0.0026706429778227615, 0.8390910430791926];('easy', 1987)
[0.005138592515978701, 0.00037223839335552003, 0.0010118488605131003, 0.7626345668109848];('easy', 1988)
[0.012871185738573848, 0.0025344867456469082, 0.5472967768493663, 0.08393067406541262];('easy', 1989)
[0.0008882841378083392, 0.012262384278681865, 0.003100416284624401, 0.8596595702601615];('easy', 1990)
[0.0002801398661312631, 9.094809874495236e-05, 0.0007614991075315621, 0.8350852958701861];('easy', 1991)
[0.0003668464155899565, 0.6632739975804397, 0.0014509057191866852, 0.0016440915712422034];('easy', 1992)
[0.0003900851877966915, 0.6224166646492355, 0.0041938109976953014, 0.011399960227026837];('easy', 1993)
[0.5412504416267163, 0.0007181206226450066, 0.014423838281438797, 0.08300343858307735];('easy', 1994)
[0.7296696772648207, 0, 0.001408594140411417, 0.0005181928252119203];('easy', 1995)
[0.026069372688125318, 0.0002555750149669629, 0.761858677321073, 0.0012979176403310202];('easy', 1996)
[0.0011432115132566948, 0.6710485827617242, 0.000611917027685135, 0.0002890492747605572];('easy', 1997)
[0.0002281081523454786, 0.6799808794386112, 0.002778926188336021, 0.0005472030110140516];('easy', 1998)
[0.8326477468342982, 0.00011643882043266421, 0.0006700591476527602, 0.00035865681656483344];('easy', 1999)
[0.00013860181018906405, 0.6011534496625752, 0.00191333988342946, 0.0009037977649574689];('easy', 2000)
[0.00018596794154175514, 0.8065932022198948, 0.0008334508884612105, 0.0003066093008882097];('easy', 2001)
[0.0010665724275372677, 0.0001853424083304968, 0.0003055779709772787, 0.9109153918700112];('easy', 2002)
[0.0002808093718590303, 3.570090530548234e-05, 0.00021869455869760212, 0.8370807527771977];('easy', 2003)
[0.6386068506434203, 0.00010119448476512232, 0.0015829480738908967, 0.0010879432400680328];('easy', 2004)
[0.7525946992486785, 0.000605637869927873, 0.002113883874074942, 0.003075682888278904];('easy', 2005)
[0.003184224426218685, 0.7791539231216877, 0.0007104965061707173, 0.0009122955723910398];('easy', 2006)
[0.7002362800987926, 7.626186505510488e-05, 0.0013517739023954087, 0.007778921716079328];('easy', 2007)
[0.0005559076732407991, 0.00018047679774106466, 0.7827764298158815, 0.0015111137264714129];('easy', 2008)
[0.0010632225878188675, 0.0003911377314476597, 0.8013555224391395, 0.000644877097611151];('easy', 2009)
[0.4877749970644289, 0.00016363025308100136, 0.0015524806160690317, 0.00199342456994768];('easy', 2010)
[0.00033129961475113337, 0.7691362070318013, 0.0031432832274461016, 0.0013103153946147624];('easy', 2011)
[0.00014592796317392987, 0.7172024628270924, 0.0006540040694666648, 0.0009515703061993628];('easy', 2012)
[0.903042370502191, 3.618065654996824e-05, 0.0005659606917393947, 0.0008234679474921977];('easy', 2013)
[0.8122057503275777, 3.6874100501562116e-05, 0.0008392502588979112, 0.0013836897532855756];('easy', 2014)
[0.8233684563438888, 8.967207110601605e-05, 0.0015894747342832043, 0.0004018821493580222];('easy', 2015)
[0.7342263587674314, 0.0001318378200930475, 0.001417390142243916, 0.0018199649680038412];('easy', 2016)
[0.0011107423031320688, 0.6519894134535587, 0.011941605147305691, 0.017374932966090304];('easy', 2017)
[0.0007126269634743781, 6.628463300531543e-05, 0.0007126269634743781, 0.8855443986186052];('easy', 2018)
[0.0010449141470995633, 0.6133494906077511, 0.0013416963231324328, 0.0036471087344812072];('easy', 2019)
[0.4144647519952983, 0.2513855794553413, 0.0007060903561615945, 0.000485288331647563];('easy', 2020)
[0.7669353842238339, 3.706445072708916e-05, 0.00037433751312945606, 0.00037433751312945606];('easy', 2021)
[0.7260833001048521, 4.7962538778029114e-05, 0.000276005354000075, 0.0006621024247134228];('easy', 2022)
[0.00035106461866369227, 0.00035106461866369227, 0.8150217401192296, 0.0009542925735284189];('easy', 2023)
[8.8457887147695e-05, 2.8718071319805634e-05, 0.0002724694744120199, 0.8122199833554439];('easy', 2024)
[0.7811616969485378, 0.0001092389320355495, 0.0017087844012539514, 0.00029694220391250685];('easy', 2025)
[0.00017947614530763978, 0.6062467518701772, 0.0011703314799652031, 0.01830706452357282];('easy', 2026)
[0.914027096278424, 0.00012781901391456315, 0.0008334846698758241, 0.0003066218745788823];('easy', 2027)
[0.46678713099262614, 0.15154359380788127, 0.012439457172079376, 0.008549505548349622];('easy', 2028)
[0.0005277854821798163, 0.00032011807669327433, 0.7431772519726348, 0.0006776899736776792];('easy', 2029)
[0.01066471258748121, 0.00046857476906887947, 0.6598025417178068, 0.00019533111774555666];('easy', 2030)
[0.7560064917804286, 0.00010572120739492174, 0.0004738093537548049, 0.0010030544097701626];('easy', 2031)
[0.8294190244241991, 5.8322078077874964e-05, 0.0005198190235699972, 0.00045873867820507135];('easy', 2032)
[0.0002775306972958812, 0.7300958681405666, 0.0005875322106286512, 0.004919346970566492];('easy', 2033)
[0.0005755642013006389, 0.00044824985068080527, 0.00034909733472185145, 0.9183657427937262];('easy', 2034)
[0.0005281220692150904, 0.0003629726360644354, 0.8426673847130676, 0.0011180344293018666];('easy', 2035)
[0.0001649782732982196, 0.00010006438094182027, 0.8108302340024854, 0.0005758307543406557];('easy', 2036)
[0.0005758497004998699, 0.6314959511194336, 0.0015653217767923801, 0.0005758497004998699];('easy', 2037)
[0.0010867356912803055, 0.7228330231331476, 0.0013953962488256351, 0.00039978771880925986];('easy', 2038)
[8.139863937199442e-05, 7.183404712038557e-05, 0.0005307858039857567, 0.8469176945054323];('easy', 2039)
[0.001999906354066139, 0.8068198075193572, 0.0022661907913885623, 0.0009446888702750733];('easy', 2040)
[0.001988495476033899, 0.8022164383477188, 0.00039155797532179637, 0.000502770392419978];('easy', 2041)
[0.0009164926655610563, 0.7827386734593716, 0.014336357391929986, 0.0013334889599518874];('easy', 2042)
[0.775861611771708, 0.00037869428333638897, 0.0007074940639459013, 0.0011664605121216843];('easy', 2043)
[0.8291991320765664, 0.00040472814626939664, 0.0003571713354715476, 0.00027816531575590073];('easy', 2044)
[0.07482567930295783, 0.7099263213174485, 0.024292341407469865, 0.06603343021864856];('easy', 2045)
[0.00010979970008982408, 0.0001409856056600254, 0.001717556289499381, 0.7851716955866114];('easy', 2046)
[0.0003881449527259161, 0.0003022875931281569, 0.7952236900931915, 0.0006399428396741136];('easy', 2047)
[0.0001942962764547912, 0.7436935999145441, 0.001626822805080802, 0.001843431744991146];('easy', 2048)
[0.0009480218539976142, 0.630568691375238, 0.0005074395318379846, 0.00030777763400996266];('easy', 2049)
[0.5697161618081823, 7.967001216011919e-05, 9.610037863927314e-05, 0.0002454009138091036];('easy', 2050)
[0.875139902300225, 7.422783427376168e-05, 0.0007042540832944503, 0.00022863782578873604];('easy', 2052)
[0.00025684803599889734, 0.7656533184581211, 0.001674859584160847, 0.0007911476480953087];('easy', 2053)
[0.0008595319488387245, 0.6478327927442105, 0.0014171286068967392, 0.0006694041548304893];('easy', 2054)
[0.0009955979243500897, 0.00028524371708512036, 0.850299194596267, 0.00041502696153230916];('easy', 2055)
[0.0007446415236593519, 0.0008437893906239191, 0.92532747274792, 0.0007446415236593519];('easy', 2056)
[0.7498110071544578, 0.000251533518416277, 0.0003659791097843923, 0.001127295020309907];('easy', 2057)
[0.8290591624283405, 4.832972508675585e-05, 0.0005887765839918623, 0.0006671712753523491];('easy', 2058)
[0.0015760603789306091, 0.7204878203261776, 0.0012274370572789735, 0.0015760603789306091];('easy', 2059)
[0.00028917582987854167, 0.6713425695955765, 0.001143712593583861, 0.0003276791442911852];('easy', 2060)
[0.00010056740586542594, 0.00012913110522155878, 0.00035101490418950563, 0.7191523500398878];('easy', 2061)
[0.002650084791023353, 0.8326318778975214, 0.002338691619664654, 0.00031650749275040845];('easy', 2062)
[0.809389781049962, 0.00011318641382179885, 0.00016468526036214024, 0.00023961563994107725];('easy', 2063)
[0.8580845485277083, 7.278123987340461e-05, 0.0006093895699391574, 0.0006093895699391574];('easy', 2064)
[0.0017291454952611106, 0.00016083566170503353, 0.8957196490408438, 0.00038582451127754764];('easy', 2065)
[0.0002808934738660568, 0.6521148124551548, 0.0056418989310855466, 0.001258877812034373];('easy', 2066)
[0.7397189425909295, 0.00013282407341360912, 0.0011121223506476393, 0.0023543630347963793];('easy', 2067)
[0.00037382165258039986, 0.00015583212340075235, 0.8678540624790406, 0.0004799965032214481];('easy', 2068)
[0.001628574569179094, 0.000466594426114328, 0.0005991191024156276, 0.8436226259020937];('easy', 2069)
[0.0011761104354194895, 0.0002624257098073902, 0.6092403250871155, 0.001510155691910311];('easy', 2070)
[0.8086800461872177, 9.979905945286745e-05, 0.006996454214754889, 0.005448844021174339];('easy', 2071)
[0.0024083811299123225, 0.7566906995687612, 0.0044994483099147446, 0.0030924225838785636];('easy', 2072)
[0.8333649189193715, 8.526185401061957e-05, 0.0134700863461213, 0.000975769782143415];('easy', 2073)
[0.8292447888640686, 0.0014127181746931728, 0.003388934726609747, 0.0011002260207102488];('easy', 2074)
[0.00041919175137966256, 0.7579163985215412, 0.0008874289446346418, 0.00032646670856006015];('easy', 2075)
[0.00161557808503575, 0.0003181261871475734, 0.0007631450507122671, 0.8368900924778313];('easy', 2076)
[0.6183429401120971, 0.00030181028391358585, 0.0036768019610554604, 0.05075668543886708];('easy', 2077)
[0.0007377162769957368, 0.8090039379843261, 0.001378235452229235, 0.0007377162769957368];('easy', 2078)
[0.00024052617083841974, 0.00016531105848589168, 0.7169987092084618, 0.0009512999131512911];('easy', 2079)
[0.006605402394215703, 0.6737694418566773, 0.023055119727852368, 0.00242999174149658];('easy', 2080)
[0.002588874635156597, 0.0003970167838401163, 0.8134003158609971, 0.009036060350570424];('easy', 2081)
[0.7918891053473552, 0.0003010200790459278, 0.0022242531903680757, 0.0007221092862826769];('easy', 2082)
[0.0003624078005095901, 0.6552488113466106, 0.0007672173196993652, 0.00015107411970541044];('easy', 2083)
[0.00023014050039370254, 0.00013958726953038796, 0.7773843087306139, 0.0015007045753295952];('easy', 2084)
[0.0005257674515559108, 8.062905010149923e-05, 0.0006750987710649303, 0.7403358740739115];('easy', 2085)
[0.0003131642306723895, 0.00013054627368915857, 0.8238365714030406, 0.0004556510497224372];('easy', 2086)
[0.000508047472407631, 0.0006523458674553622, 0.7153839597745871, 0.0010755365075269822];('easy', 2087)
[0.7702955600913515, 0.00029281176195309515, 0.000702418566592902, 0.0003759775653727782];('easy', 2088)
[0.1681681513460652, 0.005754396327058659, 0.5179943732275475, 0.006520585296339946];('easy', 2089)
[0.0004462490004266418, 0.00011282936309489856, 0.8068371081571803, 0.0008337028910552437];('easy', 2090)
[0.009617932652221528, 0.00019961382391069465, 0.7640469356354357, 0.0008946070929089473];('easy', 2091)
[0.0002002850402459615, 0.00012147901759095436, 0.0019002524599388854, 0.8686902364923585];('easy', 2092)
[0.0002954552474901168, 0.0009100657974670126, 0.001700226747115078, 0.8807394304622548];('easy', 2093)
[0.0002492580467368286, 5.561698788667337e-05, 0.0008699960680185841, 0.8419608129686901];('easy', 2094)
[0.00020390601689613332, 4.549758220526267e-05, 0.0015066722793175308, 0.8843947496449227];('easy', 2095)
[7.464503032579339e-05, 7.464503032579339e-05, 0.0009093626311405057, 0.7766491002934383];('easy', 2096)
[0.00015154497031323486, 7.158477521210216e-05, 0.000599372270364467, 0.8439789368983283];('easy', 2097)
[0.0002436684304408408, 0.7263652673230535, 0.0007505516049932891, 0.0005158460712912443];('easy', 2098)
[0.007862413644972565, 0.001205740183845881, 0.8019878873554941, 0.0054037526036094935];('easy', 2099)
[0.00014921568900146397, 0.00010255434327811418, 0.00045961667938522227, 0.8310063764221725];('easy', 2100)
[0.6922376103407631, 0.00029817605366511016, 0.0019443530391035847, 0.012678774474058617];('easy', 2101)
[0.7835720343355144, 0.0009174686084534182, 0.012665263468782956, 0.0036286587373044474];('easy', 2102)
[0.6786321436221966, 3.279691050229666e-05, 0.0007012288661256961, 0.001310067994374113];('easy', 2103)
[0.001158000214356999, 0.0002927883061398334, 0.7702343143265181, 0.0027778981046296084];('easy', 2104)
[0.00014665511115545993, 0.720776056500657, 0.0005118766343972432, 0.0010836428435226037];('easy', 2105)
[0.0002686817522380663, 0.7068171645500935, 0.0015461559931582794, 0.0013644778748747905];('easy', 2106)
[0.8424250120475496, 0.0001942293963400005, 0.0018427972041293063, 0.0009863782639530539];('easy', 2107)
[0.00010107912869390297, 4.485359146325874e-05, 0.004297993919688347, 0.9281083481035918];('easy', 2108)
[0.00012114027779750753, 1.7451911684075475e-05, 0.00015554719567661336, 0.8662677835765574];('easy', 2109)
[0.0024729802991129172, 0.6051183278412894, 0.00042973953865211293, 0.00015809241671293348];('easy', 2110)
[0.004459431302737762, 0.8498169801981613, 0.002386961569485716, 0.0009950336207507978];('easy', 2111)
[0.00039891690096225866, 0.00010086198799897955, 0.8172931660364496, 0.0005804206660461857];('easy', 2112)
[0.00037819009131073624, 0.00017864434971326206, 0.8779957881314898, 0.001920607759385316];('easy', 2113)
[0.0004027872885197737, 0.7282563497213732, 0.002626503052405662, 0.00019026315224142355];('easy', 2114)
[0.011541854800318784, 0.051727004510017625, 0.6301638824878756, 0.02156302357196526];('easy', 2115)
[0.0003507671064346123, 0.7186446883484477, 0.0009534838514423665, 0.000841446545562319];('easy', 2116)
[0.7912143465428548, 0.006845346692671904, 0.0028535650477068074, 0.007756794015507284];('easy', 2117)
[9.687063840327306e-05, 4.038168997233489e-05, 0.0009190825892168278, 0.7849507025593154];('easy', 2118)
[0.0012802769419876744, 0.00022247877291787496, 0.00028566839910005177, 0.8515656482145137];('easy', 2119)
[0.8204911541110248, 0.0001147388209476809, 0.0013978049932533597, 0.0008478115847075733];('easy', 2120)
[0.00026283897816195675, 0.00015941989882276608, 0.6914467052692351, 0.00029783558150988667];('easy', 2121)
[0.6852354078786635, 0.00015798781786898112, 0.0019246856370535828, 0.0006248539409586228];('easy', 2122)
[6.896245855570519e-05, 0.00016543233804051108, 0.00016543233804051108, 0.7175242181795174];('easy', 2123)
[0.7261875641408506, 0.0004016430633414018, 0.0005843872089026941, 0.00231129624710357];('easy', 2124)
[0.0003880875815660783, 0.00014276944263210542, 0.7951064098535742, 0.0003880875815660783];('easy', 2125)
[0.00019588161098615866, 0.7497615345005023, 0.000683694001401819, 0.0027040622305447627];('easy', 2126)
[0.0061329816198602205, 0.001757128653145332, 0.006949578635231888, 0.7088763348022569];('easy', 2127)
[0.00034110905743811587, 0.00020689300298759987, 0.897350753072714, 0.00043799269961293947];('easy', 2128)
[0.0007196944251753695, 0.00023365057087723292, 0.8943267650494952, 0.0003852246661165218];('easy', 2129)
[0.0002456193633484613, 0.7321807410974154, 0.0009714429634578584, 0.0009714429634578584];('easy', 2130)
[0.00036893659096604687, 0.7558700578756635, 0.001459172523163482, 0.0016534590873803173];('easy', 2131)
[0.00019878422178797145, 0.00012056872518152076, 0.8621805379664241, 0.0011439242146487772];('easy', 2132)
[0.00036079889696770493, 0.5756878067684043, 0.0012593118890912294, 0.00036079889696770493];('easy', 2133)
[0.0002680322144923335, 0.0006429758573329487, 0.7989925919866221, 0.0005007501011869084];('easy', 2134)
[0.00024359640318801184, 0.0004016227629107309, 0.0004016227629107309, 0.8228367115629961];('easy', 2135)
[0.0002821085231721894, 9.74940968314558e-05, 0.02241066650336011, 0.8409540187671564];('easy', 2136)
[0.0001603581181280341, 0.7403727876117489, 0.0005257937762879523, 0.0023564442204414933];('easy', 2137)
[0.7552363552206648, 0.0016520728191740186, 0.00041770942383996686, 0.0011354519364002794];('easy', 2138)
[0.8646535842061538, 4.735080439569158e-05, 0.000614054867324646, 0.000614054867324646];('easy', 2139)
[0.0012345442165258172, 0.6395096605450069, 0.003802663896477132, 0.0048827170941974805];('easy', 2140)
[0.001490867516884032, 0.7722883094994711, 0.0007980038768199068, 0.0006214860441613603];('easy', 2141)
[0.00011047128149746224, 0.00014184793325680776, 0.00034027550259004994, 0.7899741966379071];('easy', 2142)
[0.00044473397327456576, 0.8040978029560429, 0.0010668613408761794, 0.000733242361540759];('easy', 2143)
[0.00034890778532052397, 0.0005752516871708218, 0.8100147982746075, 0.00177189993919209];('easy', 2144)
[0.7526062503082972, 9.287899267296712e-05, 0.0006862880872727229, 0.05451861553957343];('easy', 2145)
[0.0005016322003671275, 0.0001437199631336789, 0.001983993839139457, 0.8004001334790208];('easy', 2146)
[0.7693502370196879, 0.00010106881478726496, 0.00015653844258955746, 0.004037179644492699];('easy', 2147)
[0.0006392258374623054, 0.00020752634428759356, 0.0009300681055097842, 0.9000971081283095];('easy', 2148)
[0.00026434777019252706, 0.00016033502744843703, 0.0007185717401080139, 0.892931935577075];('easy', 2149)
[0.0013100517525582076, 0.00025796448520042694, 0.8713699620691944, 0.0005461108194547839];('easy', 2150)
[0.00028131758128437426, 0.00031877458205288985, 0.7400584746722825, 0.00031877458205288985];('easy', 2151)
[0.000460379777849401, 0.00011640229245304663, 0.0005216786330932979, 0.7345782343556083];('easy', 2152)
[0.00026042819835781606, 0.00042937351012264355, 0.7763256798997598, 0.0013225635203588436];('easy', 2153)
[0.0004313622489928303, 0.00014004288523840466, 0.0010347842418589842, 0.8837667532054606];('easy', 2154)
[0.0006778011456251571, 0.6559592319519904, 0.008257308363136373, 0.0034421582413652666];('easy', 2155)
[0.016834196481699093, 0.001219465103001133, 0.8111171792629966, 0.014856126252599943];('easy', 2156)
[0.00031678652051300753, 0.0002795631231332805, 0.8333655894973108, 0.0009757707127104387];('easy', 2157)
[0.0004079048025060974, 0.00021833570728917027, 0.8357075030394757, 0.001256435245433863];('easy', 2158)
[0.0003673820798616607, 0.00013515231423590995, 0.0006863600855345895, 0.8529040386829626];('easy', 2159)
[0.000943796474856084, 0.00023862911922455684, 0.0008328974657307541, 0.9133828900233446];('easy', 2160)
[0.0003076599551434604, 0.00021145138868341177, 0.004812613718647499, 0.9171216329027827];('easy', 2161)
[0.6314574464794103, 0.00012848165502530307, 0.001075763213667798, 0.0029242275954378806];('easy', 2162)
[0.00011742348532920679, 0.00011742348532920679, 0.0006757255029013731, 0.8396891577114484];('easy', 2163)
[0.000233223357771546, 0.00012483546764479326, 0.00018163453366302245, 0.8926915268839444];('easy', 2164)
[0.0002787003671044273, 0.00016904031752200144, 0.7331734254755918, 0.0004055068347485634];('easy', 2165)
[0.0013971506185679152, 0.0002751152688147841, 0.0005139829887910996, 0.8201069235045517];('easy', 2166)
[0.8049663189843976, 0.0008317699081464885, 0.0032897138025359627, 0.0006477830557997156];('easy', 2167)
[0.8448077422378418, 0, 0.0014392310003077345, 0.0006798445862133668];('easy', 2168)
[0.00023949387224636673, 0.00011312889483561323, 0.00030751621910530175, 0.8089788155499925];('easy', 2169)
[0.7292434743786521, 0.00024463401978374813, 0.004913603294045106, 0.0005868462262929381];('easy', 2170)
[0.0024431368170050407, 0.009662793555846906, 0.6774141064650517, 0.0024431368170050407];('easy', 2171)
[0.00035101657796299024, 0.0010812071776911522, 0.0002129024181217233, 0.8149104166131609];('easy', 2172)
[0.0003814939312065384, 0.0001403437073014475, 0.0007127244947615417, 0.7815972322527283];('easy', 2173)
[0.6804655073701369, 4.784814085751628e-05, 0.0004264658372937739, 0.0010230383608050265];('easy', 2174)
[0.0002736392114961703, 0.0001292580110292154, 0.0015746849387359596, 0.8157069566123663];('easy', 2175)
[0.004724390559961659, 0.00023521355580530213, 0.7945205166780636, 0.001533785052056048];('easy', 2176)
[0.0002841660723764412, 0.7475518960249322, 0.003922791627283894, 0.0018529955581014083];('easy', 2177)
[0.8736545227733864, 0.0016865498865957192, 0.0007966697559569692, 0.000376320146294419];('easy', 2178)
[0.00013279722189573452, 0.00021894560442938232, 0.0002480978729649358, 0.8380417865656902];('easy', 2179)
[4.885765426675926e-05, 2.6151617816912502e-05, 0.00021896481512969092, 0.739634006763263];('easy', 2180)
[0.49969190819143455, 0.008076766009564095, 0.05266714278242175, 0.01331633591843612];('easy', 2181)
[0.08439777654723235, 0.15767582364705668, 0.06572905446447, 0.20245976515999478];('easy', 2182)
[0.0001336719162232372, 5.5722744971115035e-05, 0.8435614578442653, 0.0005286824322672262];('easy', 2183)
[0.00029667754287388427, 7.501183002457823e-05, 0.7804652242642001, 0.002192165962281597];('easy', 2184)
[0.0001761950406341754, 0.7642048644925857, 0.0016716912040888393, 0.0013019144187979678];('easy', 2185)
[0.00026702952599925723, 0, 0.7024712214126712, 0.0005653017805333326];('easy', 2186)
[0.004293876512307694, 0.001085662001807372, 0.49630467410524365, 0.20689055649175728];('easy', 2187)
[0.0009929097949487994, 0.0005314663152347921, 0.8480032096842004, 0.0008762398185882213];('easy', 2188)
[0.000478809855504229, 0.7639850710364483, 0.0014748381843521343, 0.0013015401295042469];('easy', 2189)
[7.448119542689313e-05, 8.439825138055191e-05, 0.0002599649159215955, 0.77494426151569];('easy', 2190)
[0.0014259751825872356, 0.6518770353998712, 0.00046294636141871933, 0.00028079116200285906];('easy', 2191)
[0.047145619978340984, 0.5743512648937622, 0.0016132347869208176, 0.0004078896314632158];('easy', 2192)
[0.0011498852673212164, 0.0006974406697821753, 0.674965919287618, 0.0013029907118693705];('easy', 2193)
[0.0002007022508026306, 0.6779455351660744, 0.0007937928003872519, 0.0007937928003872519];('easy', 2194)
[0.01940147051701602, 4.809142580869087e-05, 0.0005170315530064483, 0.5669940801625392];('easy', 2195)
[0.84138182964177, 6.297898459830628e-05, 0.0014333950825542864, 0.0005975279691108221];('easy', 2196)
[0.0003139249356936318, 0.00040308759636268796, 0.00011548652991275422, 0.7287994058051379];('easy', 2197)
[6.0586112686728634e-05, 6.865305986829897e-05, 0.00044767418545837187, 0.7143051878908753];('easy', 2198)
[0.0005199528900780682, 0.7321482944555603, 0.001814813908095916, 0.007177728244342681];('easy', 2199)
[0.00022466141765456897, 0.00028847097041756665, 0.0007841453969240183, 0.7588764398657044];('easy', 2200)
[0.0005900691725743106, 0.0038477343428399333, 0.0008585455801264877, 0.7332483975876298];('easy', 2201)
[0.8048317830662463, 4.994330589624335e-05, 0.0007339115226663883, 0.0032891632497291197];('easy', 2202)
[0.7755769800466327, 9.57137603742988e-05, 0.0027971674287406777, 0.003591634073234127];('easy', 2203)
[0.00010594022115073015, 0.7575726470037781, 0.0008870261885974476, 0.0006096435894298447];('easy', 2204)
[0.0006680164508426272, 0.0005895224487441731, 0.017228371337508246, 0.7325689248729507];('easy', 2205)
[0.7541883097584912, 6.39689291029228e-05, 0.00128485028743353, 0.0007793010924690256];('easy', 2206)
[0.7098421619578167, 0, 0.0017595232235454686, 0.0007334784046384037];('easy', 2207)
[0.7284028863468408, 4.5200554343244763e-05, 0.000852871892008457, 0.0005861697075595843];('easy', 2208)
[0.00010283856198549741, 0.00011653135742948332, 0.00014962922478058046, 0.8333094615078123];('easy', 2209)
[0.0006744021908163379, 0.5082997418772726, 0.00031856488613329036, 0.001833215220369021];('easy', 2210)
[0.0006734127724226394, 0.8368149478101612, 0.0005244543944930373, 0.0006734127724226394];('easy', 2211)
[0.7638179683081995, 0.0006965117679937306, 0.0004224557421388501, 0.000542443910331966];('easy', 2212)
[0.0003299843967911187, 0.000791591794317142, 0.8680857707815994, 0.00069857730659626];('easy', 2213)
[0.0007360974489125381, 0.7123771051102209, 0.002911321885995198, 0.0042359483493130835];('easy', 2214)
[0.0009156496092778516, 0.47431815569378055, 0.006765786329917977, 0.0004901119178849181];('easy', 2215)
[0.001144360124674613, 0.002422610402947038, 0.8625091623182035, 0.005128666263284919];('easy', 2216)
[0.0004734222681001922, 0.5882973838282316, 0.0004734222681001922, 0.0004734222681001922];('easy', 2217)
[0.0001416128819850243, 0.0002060455274875509, 0.0008149262582149329, 0.6959948494143213];('easy', 2218)
[7.45723837233024e-05, 3.9915720639801135e-05, 0.00042913443893024216, 0.77589333645995];('easy', 2219)
[0.0006781816597032924, 0.0007684804985910785, 0.8427411210136799, 0.000870802488190504];('easy', 2220)
[0.002236918818216149, 0.7963982750707437, 0.0025347610984977026, 0.008847185548989696];('easy', 2221)
[0.00012910093723654176, 0.5599453997985121, 0.002019478437094904, 0.0009539340676653319];('easy', 2222)
[0.7972055388775232, 0.008856154759360826, 0.0008237507113125336, 0.0003891122838206603];('easy', 2223)
[0.00033696947594330246, 0.00018036667705515337, 0.7822989466586079, 0.00033696947594330246];('easy', 2224)
[0.00013543668940015584, 0.5184007841237723, 0.0004171741737278433, 0.00017390415154184332];('easy', 2225)
[0.0005509874726114333, 0.0004291094751323186, 0.8791510576046336, 0.0008016820422118169];('easy', 2226)
[0.0009429085193374674, 0.8052994631991597, 0.05833569832322989, 0.0032910741100003016];('easy', 2227)
[0.00021188579749349657, 8.832714148433042e-05, 0.8110191629583293, 0.0013816683007910435];('easy', 2228)
[0.0034121090462125897, 0.00013230182530234573, 0.7368103478317176, 0.0004617787442033892];('easy', 2229)
[0.7299762929294693, 3.755353503934869e-05, 0.00031443189920126184, 0.0009685184337570228];('easy', 2230)
[5.870275654362437e-05, 8.54120067853959e-05, 0.0008103661712203039, 0.7842525111003633];('easy', 2231)
[0.00040125676522637994, 0.0038070181910196247, 0.0012359578489926424, 0.9315465123954978];('easy', 2232)
[0.0004706918811984486, 0.8510308853469094, 0.012139303612371043, 0.0009964547203165667];('easy', 2233)
[0.00020025028004350137, 0.5969377784438014, 0.0014796605530680044, 0.0018999217582095585];('easy', 2234)
[0.00045270097082509815, 4.21077696450124e-05, 0.0005812795526986417, 0.8185025929071307];('easy', 2235)
[0.0021382010550064353, 0.5928637852790941, 0.0016652326560031158, 0.001296884496491302];('easy', 2236)
[0.0037526454038730025, 0.00016487965340138892, 0.9182418907816708, 0.0005754868114917175];('easy', 2237)
[0.0001100483608345569, 6.674770489727773e-05, 0.0007176054554909661, 0.7869500309722993];('easy', 2238)
[0.0033135729159244516, 0.0003957498489170666, 0.8108043782670198, 0.0013813026980842712];('easy', 2239)
[0.6595371358631185, 9.223076094084071e-05, 0.004443926927570989, 0.002378662675485655];('easy', 2240)
[0.7259356940666376, 5.433763775311026e-05, 0.0010914001089886419, 0.0010914001089886419];('easy', 2241)
[0.000548393608411277, 0.7721958828342096, 0.0013155278785872795, 0.003155787326467973];('easy', 2242)
[0.00013286385403446795, 0.6529953438791757, 0.0012605777503696986, 0.0004092496769545605];('easy', 2243)
[0.0005686552719047753, 0.7066383681402331, 0.002548536116885752, 0.005395251001785138];('easy', 2244)
[0.7462892886641546, 6.73813934514319e-05, 0.0034560045325251892, 0.0012713930161113384];('easy', 2245)
[0.00018897723303081793, 0.00018897723303081793, 0.8196447994025214, 0.0009597055778173221];('easy', 2246)
[0.00034301120615090245, 0.00034301120615090245, 0.7963252473068566, 0.0022367140315562987];('easy', 2247)
[0.00036282624089575393, 0.0004658781151514173, 0.8423273168506743, 0.0004658781151514173];('easy', 2248)
[0.002096502580937816, 6.330892247049905e-05, 0.00036431752094360034, 0.8457896832276077];('easy', 2249)
[0.871891169847933, 0.0002924868987237885, 0.001907254161644137, 0.0035632198772874413];('easy', 2250)
[0.8215738194107244, 0.0062727923038148415, 0.013279501411383877, 0.00805442475170151];('challenge', 0)
[0.00028423437305829933, 0.847291090702869, 0.0026967419330965778, 0.0006818431403538494];('challenge', 1)
[0.0027903587110212845, 0.773688949982057, 0.0021731335491934926, 0.0005494542082078168];('challenge', 2)
[0.00018179483303206798, 0.0002645099212836083, 0.0007190125124723649, 0.8934797537938906];('challenge', 3)
[0.020810541494052474, 0.3688756961660603, 0.00765577220058525, 0.15377025854867782];('challenge', 4)
[0.0015517538308452686, 0.8038285048858504, 0.0012085070985963474, 0.0009411862747341869];('challenge', 5)
[0.0005704727458471425, 0.00034600921088674485, 0.8032854511658926, 0.0005704727458471425];('challenge', 6)
[8.844304103101564e-05, 0.00027242374515328314, 0.001776425119161759, 0.9202110486376298];('challenge', 7)
[0.0005319850714729243, 0.000774033711698155, 0.8488310845839244, 0.0008770951030323382];('challenge', 8)
[0.0011010510461225776, 0.0002783893014620258, 0.8298667004063885, 0.0007567405794016318];('challenge', 9)
[9.241601059225349e-05, 8.155684309688887e-05, 0.0002512127622516013, 0.8485637865284896];('challenge', 10)
[0.000549671973502142, 0.6830489924926058, 0.0024634588759157045, 0.0014941633371840946];('challenge', 11)
[0.001282924902087699, 0.00028625937536031143, 0.8533268280256908, 0.001282924902087699];('challenge', 12)
[0.0011640695868340679, 0.00012269197328425475, 0.7742710998139323, 0.00029432274347966994];('challenge', 13)
[0.7095099589964204, 0.00014436284706085444, 0.001066705175533999, 0.000646989393835517];('challenge', 14)
[0.0012791498751308957, 0.750842206431681, 0.003940058997669581, 0.002108961607541721];('challenge', 15)
[0.0026474362227173346, 0.7340607771089904, 0.0016057512387118674, 0.0005213111016115342];('challenge', 16)
[0.00015377900618995734, 0.012216185403366156, 0.0004736729117409681, 0.8564206767215852];('challenge', 17)
[0.009618872866647622, 0.002432031927700428, 0.8658632643858338, 0.002432031927700428];('challenge', 18)
[0.7302669103949372, 7.953245665545989e-05, 0.0014097465256397912, 0.002051169091593734];('challenge', 19)
[0.6697741107007327, 8.265667207701878e-05, 0.0011410401616606264, 0.0011410401616606264];('challenge', 20)
[0.003606442755992634, 0.0005530659092733829, 0.8824675780620445, 0.0006267057795371314];('challenge', 21)
[0.0003370070770597783, 0.7823863569476142, 0.003197434122126498, 0.005973593372818676];('challenge', 22)
[0.5742045224713709, 0.013503997638654642, 0.05340934672701741, 0.002659094796980966];('challenge', 23)
[0.02611651573675838, 0.10329282347424201, 0.6735538985975973, 0.00275266050691206];('challenge', 24)
[0.0017535713359248598, 0.00026891887408097377, 0.001063594779231669, 0.9083724612835811];('challenge', 25)
[0.00039599883336776645, 0.0005761749027489239, 0.7159828148317333, 0.00034946774387416724];('challenge', 26)
[0.8701765376488471, 8.363411334221248e-05, 0.0007002598575247619, 0.000545362925393755];('challenge', 27)
[0.0011998814343976848, 0.7980912632296818, 0.0053774955102416635, 0.0017458171856084038];('challenge', 28)
[0.0007129437339965377, 0.0002622773424493277, 0.7818378436470205, 0.001037327012070805];('challenge', 29)
[0.00012798661115050433, 0.7127784319547273, 0.0017668006684504593, 0.0010716187750159788];('challenge', 30)
[0.00017617638999332382, 9.430042617914525e-05, 0.005148631271776534, 0.764124541007923];('challenge', 31)
[0.0003769192459502039, 0.0004271054604795882, 0.8750452326596584, 0.0004839738918388399];('challenge', 32)
[0.7545716100527633, 0.00011957045642193056, 0.00032502619891228797, 0.00015353150513071283];('challenge', 33)
[0.6756290925347886, 0.00010706110362449948, 0.0075055628158870145, 0.0024366994870908022];('challenge', 34)
[0.0009660222559877322, 3.305546384709075e-05, 0.00027677001021418775, 0.8250396495811064];('challenge', 35)
[0.0015794805133030536, 0.8181910037087539, 0.0026041231189391015, 0.0005810584085751102];('challenge', 36)
[0.000379943936848055, 0.0019295145219503092, 0.0004305328842914935, 0.6062353332790684];('challenge', 37)
[0.6452382671720217, 0.00019101947971245843, 0.04674090330314268, 0.001812341498918476];('challenge', 38)
[0.6759100990210263, 0.00012136657793164394, 0.0018984927016283421, 0.0016754139287664723];('challenge', 39)
[0.0002738180293389569, 0.00016607902997617074, 0.8162396888292576, 0.0009557183746071656];('challenge', 40)
[0.5939972201259596, 0.001146684322152206, 0.0027507526903903356, 0.0024275307290457133];('challenge', 41)
[0.0979470262406276, 0.23496270136618858, 0.05940787444261847, 0.07628122073571621];('challenge', 42)
[0.00022571737758419444, 0.0035308138474138607, 0.7624436731438128, 0.0003721450415897137];('challenge', 43)
[0.0003853301182829561, 0.0041426891826524224, 0.0009243589007704029, 0.8945717797896057];('challenge', 44)
[0.006734355930264921, 0.7783856191602919, 0.005943048249360994, 0.01615488006189333];('challenge', 45)
[0.0003448471618047678, 0.000442792520629952, 0.006926440401286135, 0.8005875865247533];('challenge', 46)
[0.7795802653807902, 7.492674945319936e-05, 0.0007108852058889761, 0.0002963410426864509];('challenge', 47)
[0.10506318179110322, 0.0386505846050047, 0.13490379577786124, 0.08182328825088454];('challenge', 48)
[0.5884007652871895, 0.0001741929664901117, 0.001135880826515743, 0.001458499851574493];('challenge', 49)
[0.0007694301646409148, 0.00023466305383802944, 0.3517409739260095, 0.18827337617229675];('challenge', 50)
[0.0034234764064663132, 0.6523992211514977, 0.0007638808388391995, 0.0007638808388391995];('challenge', 51)
[0.006854972803442856, 0.0011912156562998181, 0.7923271859722456, 0.0009277196859332157];('challenge', 52)
[0.010320602211444653, 0.7235301599509772, 0.004302267082161299, 0.04081877357300738];('challenge', 53)
[0.27550082320295016, 0.06147255013039712, 0.006479159115584188, 0.16709969604865896];('challenge', 54)
[0.0005615697394003305, 0.79074894304079, 0.001049150395450934, 0.0006363418814906252];('challenge', 55)
[0.8146000492297621, 0.00012908259362290128, 0.0006555355008231221, 0.00030965304472317277];('challenge', 56)
[0.042421934337950634, 0.00010515348714913448, 0.00022260993404159835, 0.8520673284979503];('challenge', 57)
[0.8446720604391311, 4.625657093976636e-05, 0.0003638361133647161, 0.003911606852354834];('challenge', 58)
[0.7933156716837335, 0.0004971921413767269, 0.00092887720819414, 0.00026612777584172264];('challenge', 59)
[0.7569887490183113, 0.0010043576491797432, 0.0005375939100439242, 0.00309363935334315];('challenge', 60)
[0.0002796671212186759, 0.7357166967834322, 0.004374731913368614, 0.0011061054487302455];('challenge', 61)
[0.0002856670369302233, 0.0001963358917861272, 0.0002856670369302233, 0.8515612323436503];('challenge', 62)
[0.00035952545576956426, 0.00011672077063691043, 0.7365885767937628, 0.0020689261498637143];('challenge', 63)
[0.00013227898998690438, 0.000317320800990506, 0.00019246479476531288, 0.8347710883276087];('challenge', 64)
[0.8829268882760687, 0.0001585385665085612, 0.0008051252742843177, 0.0003803142503383471];('challenge', 65)
[0.756389656644691, 0.0011371858210716985, 0.013853759397403588, 0.0018749024519394992];('challenge', 66)
[0.000531698754837101, 0.00041408740662522513, 0.8483743791310244, 0.000531698754837101];('challenge', 67)
[0.00018133424513480062, 5.1953131066141964e-05, 0.0003838847830133051, 0.8912162827921669];('challenge', 68)
[0.00010511638928809506, 0.0001349721155563571, 0.0018632334707068935, 0.8517672037961235];('challenge', 69)
[0.0003299762147538132, 0.00017662354008641517, 0.026213251306378575, 0.7660634721759642];('challenge', 70)
[0.0004901128527001062, 7.516120443643441e-05, 0.0009156513557425476, 0.8861447793357958];('challenge', 71)
[0.6425235825810351, 0.0006639180610838023, 0.041075155961006776, 0.005558917865970892];('challenge', 72)
[0.002453981132813003, 0.0016865949229377018, 0.8736777350081772, 0.0006204635977329135];('challenge', 73)
[0.00014784270008044275, 8.967113041348795e-05, 0.001402691814841484, 0.8233598189103467];('challenge', 74)
[0.762181249653686, 9.406061346927607e-05, 0.0008924226787425106, 0.0007875602497865131];('challenge', 75)
[0.800577732665853, 7.694484849008071e-05, 0.001062190869217012, 0.011419628041082];('challenge', 76)
[0.00019134639060801466, 0.6463430678265433, 0.0005201336645499922, 0.00019134639060801466];('challenge', 77)
[0.6787126431556866, 0.00029235053021184153, 0.005182034669151802, 0.005182034669151802];('challenge', 78)
[0.0002630250357686799, 4.293765675227889e-05, 0.00081017376054091, 0.8884634496152501];('challenge', 79)
[0.0003732155527240613, 0.7646367564506859, 0.008494346827272228, 0.000615328420332265];('challenge', 80)
[0.0006214593734461313, 0.5307627601738251, 0.003156031112942839, 0.08139511519203294];('challenge', 81)
[7.898678999816449e-05, 0.00010142104594022029, 0.00013022720077429792, 0.6400367792706947];('challenge', 82)
[0.0018137723007933685, 0.7317281236299771, 0.002639023125726653, 0.0011001085101687029];('challenge', 83)
[0.00016819640414757517, 0.6437929571481741, 0.0009679034774021775, 0.0005870631346868946];('challenge', 84)
[0.8435889489811991, 0.00017164370337227126, 0.0008716786508178332, 0.00041175183938475855];('challenge', 85)
[0.00013893928188209796, 0.0031622434800064885, 0.8768024085929119, 0.0007995403633210354];('challenge', 86)
[0.0008704301056419678, 0.0002825872814596538, 0.8423808513609217, 0.0020880532755496875];('challenge', 87)
[0.0002884528139035168, 0.6696638162697659, 0.0014648835629447012, 0.004512159032285346];('challenge', 88)
[0.0038065952431531043, 0.640170849476114, 0.0004546329688797506, 0.0002147534082721408];('challenge', 89)
[0.0005136397377090886, 0.7232586264535422, 0.00045328547757263464, 0.0003530190848884636];('challenge', 90)
[0.0019757803224751216, 0.7970866123152428, 0.0019757803224751216, 0.001357932632883321];('challenge', 91)
[0.20723153566782018, 0.4971226110443953, 0.019275535438483687, 0.04623960574136577];('challenge', 92)
[0.0028256303687467514, 0.6101663155772843, 0.026808834509861507, 0.0052789725136088385];('challenge', 93)
[0.0004273770252290915, 0.7727158576644347, 0.0019153709428828148, 0.0010252241870312207];('challenge', 94)
[0.0013979996322087897, 0.00016696724571047808, 0.002959565244610521, 0.8206053676565341];('challenge', 95)
[0.0002407738031636511, 8.857573215656682e-05, 0.8133018903489775, 0.019127027731468876];('challenge', 96)
[0.00034436586511580534, 0.00016266683902081848, 0.0005677633267194796, 0.9059185190209451];('challenge', 97)
[0.0004842331235140498, 9.535115554051096e-05, 0.8755139214285449, 0.0007045550373866975];('challenge', 98)
[0.00032129253328472957, 0.6582579834562627, 0.0006801762983013008, 0.0002208209134821862];('challenge', 99)
[0.0006799681081696043, 0.0002501462876478369, 0.8449612491818403, 0.005693303264899929];('challenge', 100)
[0.0015323763576407725, 0.7937904871924732, 0.014538782083176906, 0.005348519028072499];('challenge', 101)
[0.0010648045397616771, 0.016656345444104322, 0.0005029780497902061, 0.7082459993091167];('challenge', 102)
[0.002866684914111138, 0.0019702418071404037, 0.10757158343488603, 0.7948524409627229];('challenge', 103)
[0.004768219663247764, 0.5511312582449605, 0.006122515239960392, 0.09577225210403242];('challenge', 104)
[0.000541076304890571, 0.6723674785091581, 0.0006131197778778651, 0.0003718759433591248];('challenge', 105)
[0.001067549350890552, 0.0025609177629419572, 0.00034658253079342235, 0.9117498164195896];('challenge', 106)
[0.2932746584832933, 0.008856125198804483, 0.09521234149027855, 0.002875162897026331];('challenge', 107)
[0.8736609929753802, 8.396897510051834e-05, 0.0004264298450205195, 0.0002586426518909952];('challenge', 108)
[0.00043819616792177893, 0.0004965413098203751, 0.0010511779611386133, 0.8977677419959161];('challenge', 109)
[0.6547193496280594, 8.079877944538292e-05, 0.03693673486203739, 0.0009843306426255895];('challenge', 110)
[0.816361473060343, 0.00027385876915200194, 0.00016610373992185352, 6.924234049997754e-05];('challenge', 111)
[0.00033728809338327213, 3.5549886545035654e-05, 0.0008091120741663989, 0.8872990765285514];('challenge', 112)
[0.6495532928409317, 3.786547272577195e-05, 0.0020673857467637374, 0.0004612961127639739];('challenge', 113)
[0.7928492920686231, 0.0006380321114705736, 0.01645506503291051, 0.0013507139905826243];('challenge', 114)
[0.0009796327458840605, 0.5750300809584333, 0.0007629387496168969, 0.0008645228639131254];('challenge', 115)
[0.7980009924697709, 3.0035063805056144e-05, 0.0006421776737682728, 0.0004413618302598604];('challenge', 116)
[0.0003669025711343039, 0.45593083468340256, 0.0005338400910017561, 0.0009973445919292806];('challenge', 117)
[0.15716079878267597, 0.00014331209810206438, 0.6215829799717325, 0.0007277988872597431];('challenge', 118)
[0.00114546018503483, 0.005133596391778015, 0.8633381667742785, 0.001470799991388565];('challenge', 119)
[0.06462827197502484, 0.0046816563194143224, 0.0008135498805043235, 0.7873335212942579];('challenge', 120)
[0.0030767008770308303, 0.00145333058709831, 0.0018661134126839473, 0.8530839318164315];('challenge', 121)
[0.72515867195732, 0.0008490734349217344, 0.0038052831332031347, 0.00912839969479071];('challenge', 122)
[0.0020563643404925957, 0.34582730788580557, 0.005589777819452192, 0.00181473516107013];('challenge', 123)
[0.004233284994817877, 0.8067214930795541, 0.0013743464185987024, 0.0003474891929741968];('challenge', 124)
[0.8852651635337472, 0.0006286925996349276, 0.00038132133721302313, 9.64131327726662e-05];('challenge', 125)
[0.00019703441506100337, 0.00028668338229807913, 0.00019703441506100337, 0.6655562122354951];('challenge', 126)
[0.7641411652494766, 0.00017618025437836612, 0.015859241090936716, 0.001148839571375073];('challenge', 127)
[0.0001784504053134363, 3.740523699542502e-05, 0.002791433999902261, 0.8770426745385684];('challenge', 128)
[0.004254689527301884, 0.04036737030076141, 0.04036737030076141, 0.8108003791591322];('challenge', 129)
[0.0026132784009054192, 0.7245895427472895, 0.000848407280748227, 0.0005831012281064588];('challenge', 130)
[0.000420319223894898, 5.343759259530222e-05, 0.8611417251641894, 0.0016623947786227537];('challenge', 131)
[0.0008377089600391126, 0.6313847344427158, 0.0007392755625018795, 0.00794796132060172];('challenge', 132)
[0.3033862096481135, 0.002316382571500452, 0.015104711762239582, 0.2362774176470162];('challenge', 133)
[0.6744583333627078, 0.00022625552446295822, 0.0008948579582356332, 0.00015550299623061972];('challenge', 134)
[0.0004470836966768726, 0.00021118738458596374, 0.8083462864035948, 0.03134298690901367];('challenge', 135)
[0.03955278269372405, 0.012840908492406149, 0.02718420349174565, 0.05078677827946872];('challenge', 136)
[0.0003592761042137821, 0.5732580851147207, 0.004376878969809472, 0.00040711316171372305];('challenge', 137)
[0.000357498826267331, 0.503395920508714, 0.00045903757936328817, 0.001101173908137053];('challenge', 138)
[0.0013249109789795696, 0.7777033028915243, 0.001169229835149794, 0.0052401245729040095];('challenge', 139)
[0.0023232308652642334, 0.6441674910910957, 0.024977085666755355, 0.022042200736501694];('challenge', 140)
[0.00023558464443589885, 0.02120666398269603, 0.00038841359954178584, 0.7022682204646519];('challenge', 141)
[0.07351164071868514, 0.0005612683030701435, 0.5431816695709487, 0.0019590188688674336];('challenge', 142)
[0.00014941404904590547, 5.496635686617018e-05, 0.0003584256708278109, 0.8321109640909938];('challenge', 143)
[0.0006177921274074499, 0.0004246019056886066, 0.8699161934872084, 0.0010185670213277462];('challenge', 144)
[0.8901580248768955, 0.0004344818558437613, 0.0006321673700600556, 0.0006321673700600556];('challenge', 145)
[0.03410459755382294, 0.6850092350772258, 0.005230109427126145, 0.011072141744112156];('challenge', 146)
[0.0002321249776909293, 0.00029805437120322817, 0.8884871612261621, 0.000556838608574031];('challenge', 147)
[0.07306795117805691, 0.3710696742703889, 0.08279683584617757, 0.15468485385780056];('challenge', 148)
[0.00037338145114157, 0.00017637290893318102, 0.0011500958368797286, 0.764976805484366];('challenge', 149)
[0.00014279844671012204, 0.7952677250070965, 0.0006399782378820066, 0.000342555665829789];('challenge', 150)
[0.0005119606054231173, 0.7208941891017814, 0.0005801273680663613, 0.0005119606054231173];('challenge', 151)
[0.0002368585912085655, 5.9887230464055376e-05, 0.0008267177157391498, 0.8000772184159585];('challenge', 152)
[0.7026408594805139, 8.671279665420972e-05, 0.0005654381927780625, 0.0005654381927780625];('challenge', 153)
[0.0006916505930733396, 9.360477354857514e-05, 0.7584871100389852, 0.0006916505930733396];('challenge', 154)
[0.0024310023470187634, 0.674049594527236, 0.0014744774573002507, 0.0006964938335992561];('challenge', 155)
[0.0002705275739200375, 0.0015567787008135857, 0.008958642877650585, 0.9138065527457137];('challenge', 156)
[0.0029803391566610594, 0.00019052661710575178, 0.00263014007440497, 0.8263653234831244];('challenge', 157)
[0.00032980443882688206, 0.00029105139572337406, 0.7656649786711418, 0.0014780809488394162];('challenge', 158)
[0.0015604389719772217, 7.768971882704518e-05, 0.0003945407589526949, 0.8083274477765534];('challenge', 159)
[0.0003888848743413422, 0.00012625243397325854, 0.003256093187543311, 0.9028244707225754];('challenge', 160)
[0.0019252519792863222, 0.6854373051968891, 0.0014993877490779598, 0.0024720724749320187];('challenge', 161)
[0.000570893720064247, 0.15829304372212236, 0.4875768712775528, 0.0042183657240819315];('challenge', 162)
[0.00047245773920837834, 0.6652699736713739, 0.0006066477454543864, 0.0007789511241397473];('challenge', 163)
[0.7801605122254839, 0.005256679477178979, 0.004093906093182372, 0.023558808576000435];('challenge', 164)
[0.0003400467985169962, 0.6966811964688104, 0.004694201256862485, 0.00043662873215911854];('challenge', 165)
[0.0011313920223809297, 0.0018653500927998743, 0.7525357579612872, 0.0009984499553600918];('challenge', 166)
[0.00013269683013909068, 0.0003183231474084132, 0.0009805043220480125, 0.8374084826368735];('challenge', 167)
[0.0008133474058198284, 0.0006334355965615781, 0.8919437611257869, 0.0007177765663612146];('challenge', 168)
[0.0013212511639534325, 0.6040028404961879, 0.0024684221458086187, 0.0016965200763444698];('challenge', 169)
[0.0004209823476025203, 0.0001988579803018221, 0.862500294216033, 0.015797246048863494];('challenge', 170)
[0.0006958057011461684, 0.00019935167106104512, 0.0012999361883246222, 0.8646418208815293];('challenge', 171)
[0.0002426015908515717, 8.924813766977908e-05, 0.0002749036173850096, 0.819476011799057];('challenge', 172)
[0.001361198074489082, 0.5491464968957646, 0.027340394184922415, 0.0012012530845407303];('challenge', 173)
[0.00032656417343840367, 0.0010058884692779612, 0.758142512221292, 0.005788488477070264];('challenge', 174)
[0.34968022363390405, 9.724894466414902e-05, 0.34968022363390405, 0.0005257228278782691];('challenge', 175)
[0.0015471589982434786, 0.0003911830557615576, 0.8014483820287998, 0.0015471589982434786];('challenge', 176)
[0.44823055042753684, 0.002352098621227643, 0.041691935696631884, 0.16489480440725027];('challenge', 177)
[0.7983371306837165, 7.672948566830446e-05, 0.0009347564957620028, 0.001059217877166881];('challenge', 178)
[0.0007014465760736492, 0.00029240629696841497, 0.8716511851473816, 0.00033133974307675843];('challenge', 179)
[0.004368299144314354, 0.6483131338764839, 0.11265991979185078, 0.0038550104644203558];('challenge', 180)
[0.002148525635507229, 0.0002907714640730997, 0.8667772728287194, 0.0045484288060615614];('challenge', 181)
[0.000696345062355442, 0.00012100668518822139, 0.8653120958919381, 0.00042235463005808107];('challenge', 182)
[0.00016334648847060392, 0.00026931283003565795, 0.00034580468369837397, 0.8028105905918264];('challenge', 183)
[0.7596686716948315, 0.006572422586356979, 0.015766422163923093, 0.00398637580721331];('challenge', 184)
[0.0004985781408544781, 0.6195572867234842, 0.004174543663195621, 0.0011960267842078551];('challenge', 185)
[9.938865101372487e-05, 0.00023842097941754255, 0.006148955170517505, 0.9125860728147798];('challenge', 186)
[0.7366654129768268, 0.0001167330157753085, 0.00031731323556324415, 0.0009773931085091375];('challenge', 187)
[0.00728403360759338, 0.0009857867513886557, 0.8419196624586897, 0.0005276536247633865];('challenge', 188)
[0.0012862920823582386, 0.006532330198422087, 0.7550348697924906, 0.005764761166767308];('challenge', 189)
[0.004735006233507234, 0.0010565226991862827, 0.7963057395608881, 0.0032543190192979446];('challenge', 190)
[0.0004949376617591544, 0.7897185132446537, 0.0010477830381663681, 0.0008160142506129031];('challenge', 191)
[0.0012722754121929584, 0.6590549211020492, 0.00028388301647552436, 0.00028388301647552436];('challenge', 192)
[0.0011425352123486776, 0.5918480337393328, 0.006574836190412475, 0.02294843866500491];('challenge', 193)
[0.0012880063153661691, 0.40467955467704075, 0.001653832845784488, 0.09029621384388338];('challenge', 194)
[0.0003650577986319312, 0.00019540135878772538, 0.7479232195707914, 0.00025090031113875997];('challenge', 195)
[0.001036865124848548, 0.6896620596208466, 0.003193769427613996, 0.0036190148863529227];('challenge', 196)
[0.7554512677341452, 0.00013564894035435378, 0.002724583099260807, 0.0018725767532970319];('challenge', 197)
[0.00048578100823418196, 9.565590650147365e-05, 0.8783124837943493, 0.0006237551615168866];('challenge', 198)
[0.01354015704175731, 0.001617141146294601, 0.00342348783357071, 0.6524014571016994];('challenge', 199)
[0.004824271799049775, 0.00024018623535469993, 0.8113176963629423, 0.0008383327347976529];('challenge', 200)
[0.0005295064173871566, 0.0030470990464583386, 0.8448759752937913, 0.003912552622817488];('challenge', 201)
[0.00036489490254310264, 0.00015211082604451025, 0.009410763570637653, 0.8471298011208508];('challenge', 202)
[0.00031136166949591684, 0.0001076037136847171, 0.8190948929532507, 0.0013954261911020632];('challenge', 203)
[0.00029880116882196543, 0.00010326292080406265, 0.06452305547467972, 0.6936882822347805];('challenge', 204)
[0.6688972273588664, 0.00025426731962402367, 0.000887479725178999, 0.13171366965330172];('challenge', 205)
[0.0010916129815775652, 0.5654694566224091, 0.002618643412080182, 0.0132985685554942];('challenge', 206)
[0.00033422362391409316, 0.7759239756008273, 0.001923323243448165, 0.0021794107580607592];('challenge', 207)
[0.0003050902290217629, 7.713889018984007e-05, 0.00540785628339082, 0.8025969034348555];('challenge', 208)
[0.0006024962071688838, 0.00017261797113327364, 0.00392876878763323, 0.748690740557829];('challenge', 209)
[0.0015424711189250431, 0.00018422199204277641, 0.7990199046279661, 0.0007286117651491983];('challenge', 210)
[0.7967982902604428, 7.658159547200693e-05, 0.0007265859477652719, 0.0003432148994159445];('challenge', 211)
[0.9115022428011845, 0.00044489983956217327, 0.0015528530217917347, 0.00012746599893740185];('challenge', 212)
[0.0004888394207811272, 0.0003807085237005138, 0.7799882210924434, 0.004637979290769844];('challenge', 213)
[0.0020550106454217637, 0.0026386859002854248, 0.04677182670587999, 0.8290505641277518];('challenge', 214)
[0.000404926008773497, 0.8296045707261226, 0.0011007030115194449, 0.0011007030115194449];('challenge', 215)
[9.380691677859534e-05, 5.3449570021406666e-05, 0.003988771600515717, 0.8613347402473487];('challenge', 216)
[0.0007687143229129578, 0.0007687143229129578, 0.8429974776871653, 0.0004662488054069466];('challenge', 217)
[0.0013248762322619712, 0.003601386987115002, 0.8812304457592378, 0.002475194665021462];('challenge', 218)
[0.04009610017025267, 0.0167145373131466, 0.6272085349547971, 0.04009610017025267];('challenge', 219)
[0.00020260400422622362, 6.577588986872501e-05, 0.7754922256575306, 0.0010289080320713675];('challenge', 220)
[0.7492014520777202, 7.200695924233465e-05, 0.0003656816869962974, 0.0002513289830797246];('challenge', 221)
[0.006502802871011957, 0.022697006793210472, 0.013766433785961261, 0.8516989726146249];('challenge', 222)
[0.005439062750746639, 0.00064960340891062, 0.9147096209008063, 0.0015583175685124925];('challenge', 223)
[0.8013191625298518, 7.701613378704929e-05, 0.00198627132234782, 0.00044319703825370255];('challenge', 224)
[0.00013318964111812522, 9.15398123865047e-05, 0.00143192290511553, 0.8405179586827013];('challenge', 225)
[0.00022993559819888101, 5.130556684994134e-05, 0.0006250297582998787, 0.8801074722781372];('challenge', 226)
[0.722302808036101, 0.001230529509024628, 0.002605030991047524, 0.00045268650812494945];('challenge', 227)
[0.000907230866468486, 0.00022938388557948192, 0.8779956049673142, 0.0010280272529132413];('challenge', 228)
[0.7376632762869489, 0.00010315602776144868, 0.000593621953402154, 0.02524144775765044];('challenge', 229)
[0.0006342316845846668, 0.0002995898344863856, 0.0032208942609775644, 0.893064836371871];('challenge', 230)
[0.00020914222548710026, 0.00039072911729465335, 0.0009373104261117162, 0.8005183734862625];('challenge', 231)
[0.8824699055782321, 0.0002034621597435433, 0.0036064530741228844, 0.0003801173574313038];('challenge', 232)
[0.6870368539589592, 2.7526340795876047e-05, 0.10536050768014432, 0.00017949428937447134];('challenge', 233)
[0.307191220336769, 9.094237442395646e-05, 0.23924076295093613, 0.00046184326533689674];('challenge', 234)
[0.0005826779203145075, 0.0001012542399745562, 0.8204717267964927, 0.00911461621452417];('challenge', 235)
[0.00030435383485182167, 0.6235540612148376, 0.002887628785856773, 0.00030435383485182167];('challenge', 236)
[0.00045000553846663186, 8.861130217745828e-05, 0.00024087049250507827, 0.7180250752614191];('challenge', 237)
[0.0007241633673423244, 9.800485442885268e-05, 0.0006390719286448319, 0.8998804352828291];('challenge', 238)
[0.000896488161065422, 0.7656534553676155, 0.0024369074776528026, 0.0051589331706745345];('challenge', 239)
[0.8141563627559305, 0.0003506918480536489, 0.0009532792779529543, 0.0006551786274306647];('challenge', 240)
[0.00017856957358352194, 0.00013907012373957374, 0.0003780317902428342, 0.8776281760737971];('challenge', 241)
[0.0006904550959922083, 0.0003261480490357776, 0.0008865618923355698, 0.8579928361790327];('challenge', 242)
[0.028752822670907868, 0.741545158660555, 0.0020828474883294833, 0.010577572336275164];('challenge', 243)
[0.0003504101906269046, 0.0001289086436401583, 0.8135024626481673, 0.0005098438189568735];('challenge', 244)
[0.5312423559074086, 0.029970644647577278, 0.0014921505340978855, 0.007577765678701127];('challenge', 245)
[0.0007841199714791668, 0.017846488291605005, 0.0024152595477232555, 0.8598919480966429];('challenge', 246)
[0.00046007802827710364, 0.7340966995554827, 0.0016058301058799187, 0.003852186167303906];('challenge', 247)
[0.031123596170578836, 3.0211451853798087e-05, 0.0003051248548356768, 0.802688064879753];('challenge', 248)
[0.7079215055531032, 0.004769936588843178, 0.0037148303505920126, 0.0012060288391373803];('challenge', 249)
[0.0033503421681510053, 0.0004534195062662834, 0.0005137916121159632, 0.6384620908782044];('challenge', 250)
[0.00012240738891518838, 0.0001571741985574832, 0.0005485918570298206, 0.8753285679643673];('challenge', 251)
[0.0025717734462267538, 0.8080271249319412, 0.001214819757225011, 0.0022695821004444206];('challenge', 252)
[0.0011920941326255237, 0.6997418881622757, 0.0013508196222946523, 0.012816219738901262];('challenge', 253)
[0.03797232679169445, 0.017936852829668504, 0.31793839961252607, 0.04875743273130855];('challenge', 254)
[0.8648806490134828, 6.081564177326208e-05, 0.0003725409713202038, 0.0010126713526961923];('challenge', 255)
[0.0005927493521749412, 0.18623631034376226, 0.0009772784651245468, 0.3942622720916279];('challenge', 256)
[0.6259612825677763, 3.649020247583187e-05, 0.0005708028047089298, 0.00023794601000912168];('challenge', 257)
[0.9047735561045718, 0.0002678533433963943, 0.0025413229768273538, 0.0002678533433963943];('challenge', 258)
[0.0001540125115394789, 0.0003260444894876366, 0.0016557913319243196, 0.8577209659769172];('challenge', 259)
[0.5640543896326293, 7.887831737247024e-05, 0.0006604397504733724, 0.0004005769575550616];('challenge', 260)
[0.5290303630635581, 0.000901266813974428, 0.0096895314012121, 0.08112943378757241];('challenge', 261)
[0.885543554098059, 5.495183844312616e-05, 0.0009150302610768335, 0.00029706683196614893];('challenge', 262)
[0.0023847533609203013, 0.00013453864244479026, 0.0011264777242354716, 0.849031082014441];('challenge', 263)
[0.6052594417726257, 0.00020304192289985235, 0.003599004197836998, 0.0015002881587417609];('challenge', 264)
[0.7823318438634407, 0.00023160511599585606, 0.0006295682783911621, 0.0002043907974890889];('challenge', 265)
[0.12456469144309318, 0.007963154305830415, 0.29881519642501614, 0.021646097646754223];('challenge', 266)
[0.0012736945933625806, 0.6597902913787906, 0.03284902434532872, 0.003923255546851221];('challenge', 267)
[0.0031671705269154427, 0.7749811915224166, 0.012526402428523365, 0.0016952642206000028];('challenge', 268)
[0.000877627254915197, 0.583746355950542, 0.06152642059252162, 0.00036584947000885417];('challenge', 269)
[0.8583092231847177, 0.00017463874652034334, 0.0021275354747889077, 0.0008868887349581783];('challenge', 270)
[0.0001215152844976874, 0.00017680369568902338, 0.0004241300174704753, 0.8689491131452124];('challenge', 271)
[0.010395835526055762, 0.0006645835306374525, 0.8258436907919967, 0.0029784567455845537];('challenge', 272)
[0.8399270009902357, 0.0001708985616999622, 0.000596494591269821, 0.00036179225795790216];('challenge', 273)
[0.00019720661276461437, 0.8553379476145091, 0.001651190752658926, 0.0012859486511710338];('challenge', 274)
[0.0006977024480464226, 0.000895867676576865, 0.0031268854357577635, 0.8669985390218109];('challenge', 275)
[0.0020553634416586876, 0.7317601591042625, 0.08739627744270032, 0.013402653229595475];('challenge', 276)
[0.0005472398029196231, 0.00042619078704164373, 0.8731711897160035, 0.0009022459032473287];('challenge', 277)
[0.8762849112501263, 0.0007990685144199614, 0.00037745323956044096, 0.0013174412564709425];('challenge', 278)
[0.00022395741367109193, 0.5891617104764258, 0.0006898373990298028, 0.0004184075327279934];('challenge', 279)
[0.0028178170394886678, 0.6894970550622989, 0.005965318719408988, 0.02673470370585832];('challenge', 280)
[4.5167762115591883e-05, 0, 0.001694906960931488, 0.8779836601289318];('challenge', 281)
[0.0011451379735535798, 0.00022549103671237148, 0.8630954818181344, 0.0006129481875756308];('challenge', 282)
[0.8176781131459606, 0.00014682248059824928, 0.0012293295790016955, 0.0003108231938656078];('challenge', 283)
[0.004426192228292365, 0.0016283051234615763, 0.004426192228292365, 0.8434829112885145];('challenge', 284)
[0.07739577327922632, 0.008157454487996315, 0.015240131370136455, 0.06027588883627837];('challenge', 285)
[0.015221132590794531, 0.14441410236714747, 0.07729928951653312, 0.3464314222689855];('challenge', 286)
[0.0014754803983698785, 0.00015551456399952096, 0.0024326559172935173, 0.764317860016135];('challenge', 287)
[0.0001451558230026733, 4.712519608924979e-05, 0.00039457443596318436, 0.8083962277530831];('challenge', 288)
[0.8411143957140444, 0.0011159742202643532, 0.0016237329094198757, 0.0014329392631877136];('challenge', 289)
[0.00022777381971373536, 2.8958191512035078e-05, 0.8718332785674363, 0.00029246737376848755];('challenge', 290)
[0.09853412984595886, 0.002045010622914032, 0.0012403616422353913, 0.5003975709956711];('challenge', 291)
[9.779776879253396e-05, 0.480653426712325, 0.0025222377003025066, 0.0003413477535605024];('challenge', 292)
[0.0014112571394689808, 0.0038361946375016233, 0.02501513730560121, 0.6451488557328428];('challenge', 293)
[0.0019087253088232747, 0.00010768286194976225, 0.8725635669912245, 0.000901617994258379];('challenge', 294)
[0.00040650037716512337, 0.00010277944006595122, 0.7349700767336202, 0.004370290915047253];('challenge', 295)
[0.0003054611331525669, 0.00014428962246364213, 0.8035721691227028, 0.0006466609156064838];('challenge', 296)
[0.0007505555418034523, 0.823084008529546, 0.0005158487770186622, 0.0006623629408592496];('challenge', 297)
[0.0009499808084769037, 0.0002721739287710808, 0.9193679214747844, 0.0008383551209956773];('challenge', 298)
[0.7291863618993263, 7.008327248446582e-05, 0.0014076608284093897, 0.0018074722817533779];('challenge', 299)
[0.0019428210808841349, 0.001335280099500754, 0.8881502072882146, 0.0006307416575448504];('challenge', 300)
[0.0015526190546843648, 0.8042765821509388, 0.00026980486446175853, 0.00030572896479474644];('challenge', 301)
[0.837571103918347, 0.00010336450278598802, 0.0005249282587170151, 0.00046324756239689096];('challenge', 302)
[0.0010572821824806733, 0.00014308758362704594, 0.7968779991713405, 0.0006412740596424156];('challenge', 303)
[0.0009343848336583041, 0.0003895095489157678, 0.7980195190831619, 0.002241472692520462];('challenge', 304)
[0.001869785799685776, 0.7543255641409914, 0.002118744886480256, 0.0002867410760466975];('challenge', 305)
[0.0005204827444527714, 0.00010248912912507165, 0.8304782005908886, 0.0006683130728247491];('challenge', 306)
[0.0002325107058304135, 0.7853905506211766, 0.0008115421046296657, 0.01630025890726058];('challenge', 307)
[0.00035660566492105975, 0.0007549341985620574, 0.8278858499018448, 0.0008554525192678397];('challenge', 308)
[0.0004865775702688725, 0.0003344197068096616, 0.8797529505157973, 0.0013226549673976305];('challenge', 309)
[0.8092444005901824, 0.00018657921512405827, 0.007001336733362642, 0.0037475455014421687];('challenge', 310)
[0.0005279146035170541, 0.00010395249937487484, 0.8423361030550863, 0.0005279146035170541];('challenge', 311)
[0.0005229510755633678, 0.7363697693103832, 0.0020683116261869558, 0.00031718586085888065];('challenge', 312)
[0.0030808863816033766, 0.000687438671726278, 0.8542442908202856, 0.0021174601792491128];('challenge', 313)
[0.7167522904363145, 0.007026792201572805, 0.004261964909683541, 0.007026792201572805];('challenge', 314)
[0.0005549261637630398, 0.6895780008020272, 0.0017092929195283615, 0.00020414592701655933];('challenge', 315)
[0.01065451120987586, 0.24249552850185774, 0.06947614041513003, 0.5133630378669322];('challenge', 316)
[0.00020611686945446402, 7.582615875091536e-05, 0.8939845125623485, 0.00043634962412691795];('challenge', 317)
[0.002585253995104961, 0.0029294765653380193, 0.9204141900702599, 0.004829890325290346];('challenge', 318)
[0.8884827392473699, 0.00029805266572731533, 0.00363102653160255, 0.0010403065188307492];('challenge', 319)
[0.0018295335264536935, 0.02861871947409577, 0.12826020227412616, 0.7380865912184955];('challenge', 320)
[0.03192968580585031, 0.00014786370964721488, 0.0015896854501802845, 0.7267162776525894];('challenge', 321)
[0.0010077406428265613, 0.001141919750511487, 0.5915292165385623, 0.16947595802124818];('challenge', 322)
[0.00011225772534251975, 6.0087230429129576e-05, 0.0005031042207285832, 0.7084233445715216];('challenge', 323)
[0.00010024452167004596, 2.872053631742344e-05, 0.0001458549183924251, 0.8122899781410919];('challenge', 324)
[0.0005062410398801169, 0.712840335149583, 0.002002222153016958, 0.0010717122898362252];('challenge', 325)
[0.0006768351411469566, 0.0001176163676267864, 0.8410680102091226, 0.0008690735241401273];('challenge', 326)
[0.00015125403298304416, 0.6560292996988227, 0.0005982213050990992, 0.000870406862960885];('challenge', 327)
[0.00019690329985578293, 0.00011942788836112249, 0.7536721099323596, 0.0004168442890657829];('challenge', 328)
[0.0005796642040277066, 6.109612847787938e-05, 0.000656845596092209, 0.8162278665574351];('challenge', 329)
[0.0008305218927671656, 0.00020998881967424315, 0.8037584966525264, 0.0009411045980272463];('challenge', 330)
[0.0005530339997863835, 0.00029601762759299264, 0.8824164400041543, 0.00029601762759299264];('challenge', 331)
[0.0007938219461848556, 0.0004814773487138671, 0.8705313383552364, 0.0008995181103298666];('challenge', 332)
[0.00120379557592618, 0.00023704140345902168, 0.8006944239790632, 0.0022489862182988795];('challenge', 333)
[0.023885789952488242, 0.00014203013265115072, 0.0013475437368379987, 0.8963075752793548];('challenge', 334)
[0.0002437530315619743, 0.00011514077923910156, 0.0009640624009727553, 0.8233657939434917];('challenge', 335)
[0.0014233258108030948, 0.8354714521772356, 0.0011084872560191926, 0.00013238992327220333];('challenge', 336)
[0.00022693666761032817, 0.7665619778151392, 0.0006990141472106437, 0.00029139244919007914];('challenge', 337)
[0.8031285652226297, 0.0004441977705960695, 0.0037192223976555616, 0.006131961077479054];('challenge', 338)
[0.0010830286361784634, 0.0001465719173396215, 0.03586498277125596, 0.816283221077793];('challenge', 339)
[0.22946415094383263, 0.011424344647238105, 0.005396478298341127, 0.42869544682419203];('challenge', 340)
[0.0010516562535576237, 0.0001827505414772576, 0.8981762719759857, 0.0007227920680436351];('challenge', 341)
[0.003770422127623006, 0.8141844121345579, 0.002018161534151101, 0.0012240768467153276];('challenge', 342)
[0.6840419885616804, 0.00010839420317269637, 0.0027955233448771263, 0.0027955233448771263];('challenge', 343)
[0.5054843696547909, 0.00040677998260921824, 0.0007599650580740218, 0.0684098744164579];('challenge', 344)
[0.0006832553317824244, 0.0018572805525819199, 0.849046124839476, 0.003062137952699499];('challenge', 345)
[0.0008498912605860847, 0.8225039970086069, 0.00031265752200090153, 0.0002148861628045721];('challenge', 346)
[0.0009776238341270497, 0.00021813736267369061, 0.8349481522238302, 0.0005929588290638736];('challenge', 347)
[0.038645387684573373, 0.0014984442938191182, 0.6850058258030773, 0.014216843625254591];('challenge', 348)
[0.7689619962987225, 2.7188582540892855e-05, 0.0027733094929416114, 0.0014844456009172034];('challenge', 349)
[0.07491757514278155, 0.013018722466306195, 0.006968419984807326, 0.7107981412718156];('challenge', 350)
[0.0004401848391749374, 0.6198263322593724, 0.021209293298281865, 0.00093187131184599];('challenge', 351)
[0.4633347023512806, 0.02613955208871338, 0.001671045657932772, 0.0553374322060541];('challenge', 352)
[0.0055420558909180075, 0.5653049346737332, 0.008063643740619929, 0.0017992421192244083];('challenge', 353)
[0.81335377405317, 5.3727330120890757e-05, 0.0010791417583524323, 0.00030917943768832127];('challenge', 354)
[0.00045123675946408183, 0.8158553094874843, 0.0013899070693524378, 0.0006565456109803774];('challenge', 355)
[0.1545478325760516, 0.023700677740655946, 0.018458106383745867, 0.13638798354952816];('challenge', 356)
[0.00043135792953392867, 0.00043135792953392867, 0.0002616318095724894, 0.7799135253822245];('challenge', 357)
[0.001190866377744797, 0.6990210681073479, 0.001190866377744797, 0.0004964269633939256];('challenge', 358)
[0.0040626824275663, 8.431828377525368e-05, 0.0011639780036173468, 0.8772949154838104];('challenge', 359)
[0.0034046069794880745, 0.18588526482922896, 0.005613247945456103, 0.002339949875499069];('challenge', 360)
[0.0005933689507937877, 0.001423418116266396, 0.7373488830406632, 0.0016129440365145625];('challenge', 361)
[0.8267564285026726, 2.923205506279191e-05, 0.000968032253491875, 0.0004035358803045608];('challenge', 362)
[0.0005595449851609466, 0.0002058449982967246, 0.0004357740726070228, 0.6953174465846839];('challenge', 363)
[0.0002040449085689962, 0.00010921736924266766, 0.7810078051683835, 0.0002968835901644453];('challenge', 364)
[0.0019411292681688608, 0.00020459342208156792, 0.8873767975936958, 0.0009169245408296135];('challenge', 365)
[0.0013948673745346903, 0.003791642637308026, 0.9277844878038929, 0.0055168074845834926];('challenge', 366)
[0.6495391227955527, 4.861920931248007e-05, 0.0003170370697001519, 0.0012539053367652195];('challenge', 367)
[0.0003108507625291605, 0.0001885405180689869, 0.8177507229313667, 0.0012294386151811946];('challenge', 368)
[0.7099523454617395, 0, 0.0008312687330340464, 0.0003926635458246833];('challenge', 369)
[0.002343499614162895, 0.00011667591987496352, 0.004961188722114646, 0.7363055814350199];('challenge', 370)
[0.000211816094795971, 9.399282229759115e-05, 0.0005757758414590465, 0.9187032835897514];('challenge', 371)
[0.006849016542045568, 0.030695155260754052, 0.7916385351711961, 0.002223550119353246];('challenge', 372)
[0.0003672529938336234, 0.00013510489056306924, 0.8526044450770568, 0.0005343499530207533];('challenge', 373)
[0.0005924710123031652, 0.00024697866278966784, 0.8342613421392182, 0.0014212640738057397];('challenge', 374)
[0.0005380863173401805, 0.00025417397879908877, 0.0027326277976264953, 0.8585660936704148];('challenge', 375)
[0.0009506541844366094, 0.00021211972156565673, 0.9200198928188285, 0.0005088485167890952];('challenge', 376)
[0.0001186814828173673, 0.0004693941463080437, 0.0003226097181170239, 0.8486846647325833];('challenge', 377)
[0.0011186332837916182, 0.00032049380173376497, 0.0007688246628487183, 0.7440494139381143];('challenge', 378)
[0.00017284529811899385, 0.0004698420089732656, 0.005051277633844184, 0.8494944322183384];('challenge', 379)
[0.780036096587419, 0.0008060095287265645, 0.002813249682237902, 0.0003359947600250784];('challenge', 380)
[0.6864419767576805, 0.0015015857273053285, 0.002184794341542481, 0.00524104916832537];('challenge', 381)
[0.0024193503399969362, 0.01084277597608295, 0.005803719758069549, 0.8613484480166013];('challenge', 382)
[0.8490234405132259, 4.367788567798004e-05, 0.0007742090483709114, 0.00022181460613082907];('challenge', 383)
[0.7806974368906681, 0.0002311214618357217, 0.0010358140355149713, 0.0006282529703005007];('challenge', 384)
[0.7015112210720614, 0.0002666648486083078, 0.0009307513325257091, 0.0017388724143658101];('challenge', 385)
[0.00039346517378688914, 0.0007350897203177224, 0.0007350897203177224, 0.9134576825942703];('challenge', 386)
[0.00719572973763036, 0.006350209205294656, 0.8317133105554945, 0.0682711829004663];('challenge', 387)
[0.8192847221334928, 4.775992524157517e-05, 0.0033482292527076134, 0.00035290076689073295];('challenge', 388)
[0.0001167601823040457, 0.00014992304173548895, 0.003866568051500664, 0.8349461491130153];('challenge', 389)
[0.0017410461684621164, 0.0004988180788194509, 0.9018842973595466, 0.00038847991039476213];('challenge', 390)
[0.00014448391424545537, 0.00012750660679491268, 0.00023821370269049553, 0.8046540674949592];('challenge', 391)
[0.0007043541631305157, 0.014147331550558922, 0.8752643576018682, 0.0007043541631305157];('challenge', 392)
[0.00020120339841997855, 0.7701311395401772, 0.006662941474302428, 0.0013120109674923937];('challenge', 393)
[0.006782793498528045, 0.0032039647828538595, 0.5388240272391892, 0.0015134457995802913];('challenge', 394)
[0.8125574251396666, 0.0002405532396299882, 0.0007409564950856116, 0.00021228748888015453];('challenge', 395)
[0.00031801728922039153, 0.00183006401620607, 0.8366040650195274, 0.0011099899350658193];('challenge', 396)
[0.8304124295945652, 2.5911258896312276e-05, 0.00031566375501854843, 0.0007572379831148784];('challenge', 397)
[0.844389437991687, 0.0008725057683919908, 0.0016300553746346315, 0.0012694884022152032];('challenge', 398)
[0.00018444718561856315, 0.623038140548456, 0.0007295027704481902, 0.0003445927088916314];('challenge', 399)
[0.0001775791570363715, 0.0007958541877168134, 0.0007023388555690669, 0.8727602085706615];('challenge', 400)
[0.0002746033363818518, 0.6375113787096928, 0.0017906386863852208, 0.002029059457479027];('challenge', 401)
[0.5394687321401971, 0.03907898854238974, 0.1984594557092022, 0.012687090052155509];('challenge', 402)
[0.0019899827916011635, 0.0003458071570950595, 0.8028164284643412, 0.0015498001563976065];('challenge', 403)
[0.0009780159595057548, 0.0005931966651285096, 0.7371348584667239, 0.0007616795951194132];('challenge', 404)
[0.0009145931724334015, 0.0002969249300596044, 0.7811163130633381, 0.005263120317541823];('challenge', 405)
[0.0012321670774429745, 0.7232641013901001, 0.001396228217724379, 0.002031500069636644];('challenge', 406)
[0.2890320398651299, 0.05022624333832431, 0.0304637565068811, 0.039116237642621905];('challenge', 407)
[0.00051705891965475, 0.5670240237491221, 0.0015926535962039155, 0.0015926535962039155];('challenge', 408)
[0.0018263233353560926, 0.0004617668539202109, 0.0003596243874294793, 0.8348940450367875];('challenge', 409)
[0.048254337912142016, 0.40402862469581813, 0.0010014868329002744, 0.0021201476418872558];('challenge', 410)
[0.01475698566479696, 0.0008325321619204279, 0.0013726134839001727, 0.912982367417823];('challenge', 411)
[0.0002982619436120156, 0.692436968888869, 0.009877083774549333, 0.0013367179301803855];('challenge', 412)
[0.0014670526466349905, 0.00037092899819947454, 0.8611384530074336, 0.00042031762050736215];('challenge', 413)
[0.0008347255944880626, 0.0002391528868828038, 0.9153875673195989, 0.0008347255944880626];('challenge', 414)
[0.8109808177559887, 0.00014561989308220245, 0.011568020942067611, 0.0006526230832503043];('challenge', 415)
[0.002872082575098252, 0.7963487545383113, 0.0015373150219715906, 0.0025346039764913963];('challenge', 416)
[0.016099972400426037, 0.7757402051401789, 0.0004861770396644106, 0.0004861770396644106];('challenge', 417)
[0.00034543403919125445, 0.5511716323526771, 0.011439204329735024, 0.002552431494064388];('challenge', 418)
[0.0009353526222721757, 0.00011171199332244248, 0.7049792536505308, 0.0007284533546734624];('challenge', 419)
[0.026803088965544754, 0.0009171510506752444, 0.691260734049814, 0.002825024119292763];('challenge', 420)
[0.00020814594201089227, 6.757509364446416e-05, 0.050931657029702405, 0.7967050671927088];('challenge', 421)
[9.777967662548891e-05, 0.00030118260742358755, 0.002225456243455073, 0.7923171622363975];('challenge', 422)
[0.8629832500787323, 0.004528521157775685, 0.00846039134616071, 0.0005408547237317917];('challenge', 423)
[0.7036399831285184, 0.004741088206280101, 0.014603579775190532, 0.021248088261532634];('challenge', 424)
[0.00022086535270349715, 0.0005298284378937485, 0.7460539254124859, 0.00041263080232515053];('challenge', 425)
[0.0006181522166965813, 0.00015629335661537168, 0.0003749282717958042, 0.8704232110808318];('challenge', 426)
[0.02648111775388061, 0.004061010935163007, 0.22172365789274795, 0.17267855839232837];('challenge', 427)
[0.00020730064889092517, 0.0004388552678833581, 0.0003872884145899964, 0.8991182672843984];('challenge', 428)
[0.00041161854707034377, 0.7442238138595588, 0.001844746343553594, 0.0007690046865682947];('challenge', 429)
[0.0003230361151302312, 0.0002515807794237686, 0.749951823210685, 0.0003660478741445387];('challenge', 430)
[0.05599297624501346, 0.018178262226716018, 0.5312465989689498, 0.09231681094496069];('challenge', 431)
[0.8352039429208638, 6.2516536004497e-05, 0.0005931403790148642, 0.0016123227140014162];('challenge', 432)
[7.64611842979409e-05, 8.664187270686924e-05, 0.000440003945581679, 0.9014714143581674];('challenge', 433)
[0.6723395058861982, 9.402106267946255e-05, 0.002747698217157891, 0.00042137316899211745];('challenge', 434)
[0.727427673933501, 8.977166927169536e-05, 0.0038171903305620307, 0.0006633282166426723];('challenge', 435)
[0.0009171851631822693, 0.0004332475937576136, 0.8876293785547551, 0.0017135274733320878];('challenge', 436)
[0.0009356465896313605, 0.7990971685023738, 0.0005008155301550035, 0.001361357755030429];('challenge', 437)
[0.00020065096092943175, 0.0001379052542259047, 0.00010740071998079573, 0.7680166389294497];('challenge', 438)
[0.000604783075843951, 0.751532625458202, 0.0030713418857302457, 0.0012803257816087087];('challenge', 439)
[0.00022083586596599703, 0.6583025169523861, 0.0004675095319186901, 0.0006802223551938681];('challenge', 440)
[0.002252467776585464, 0.0012056591197881293, 0.00044353720323091005, 0.8019342192277041];('challenge', 441)
[0.8207482028090904, 0.0005828743880655861, 0.0007484255290125265, 0.0033542105133374245];('challenge', 442)
[0.00021740569575044152, 0.5719261955925187, 0.0005215291523034619, 0.0009743447304739964];('challenge', 443)
[0.7116343828733687, 7.280755086616507e-05, 0.0003473453988150078, 0.0002387267686429293];('challenge', 444)
[0.006072372985817209, 0.4823883069422206, 0.1076353865973164, 0.002531341667108976];('challenge', 445)
[0.00048636485602815486, 0.6848528750512535, 0.002179736059457928, 0.0014981092242595151];('challenge', 446)
[0.0027771153733483858, 0.00048259028984360417, 0.007548982254907174, 0.7700171010043249];('challenge', 447)
[0.0008323082940244686, 0.0019966038034992008, 0.9127370024702375, 0.0010687050040474315];('challenge', 448)
[0.00039755725954148313, 0.8145074378415486, 0.0029375728932891513, 0.0005104736258399894];('challenge', 449)
[0.0006183588765544024, 0.0007939885141303302, 0.8707140411841061, 0.0007006924044077617];('challenge', 450)
[0.0005534980552698999, 0.0004884603193622839, 0.8831570409860882, 0.0006271954651045838];('challenge', 451)
[0.00018769678282239434, 0.8140914112870933, 0.0015715659214231943, 0.0008411986201127421];('challenge', 452)
[0.0005929297070643246, 0.00010303578251676294, 0.0008627076332506773, 0.834907344454919];('challenge', 453)
[0.0005382964970300087, 0.757977952418565, 0.0005382964970300087, 0.00041922573341156494];('challenge', 454)
[0.0003634924174759998, 0.7447161641077584, 0.0005288783467063948, 0.0004118908705644502];('challenge', 455)
[0.31403987474325645, 0.35585379826662095, 0.012176644467604355, 0.00836887719423388];('challenge', 456)
[0.14031260590181152, 0.12382544010192169, 0.43219325281435544, 0.05849099628258375];('challenge', 457)
[0.00017666110649833545, 7.364330565353619e-05, 0.0006166078489238815, 0.7662264305743465];('challenge', 458)
[0.00109865954651968, 0.6448970512749206, 0.0007550969273643275, 0.00031477123019412953];('challenge', 459)
[0.002014452260900126, 0.0005771502357937413, 0.8126879361736976, 0.0005093332954139456];('challenge', 460)
[0.007924457178022575, 0.0020036165498632497, 0.0009464414426737486, 0.9159428906200232];('challenge', 462)
[0.7109531573694049, 7.742906148446264e-05, 0.016720013677359844, 0.0007346261311246236];('challenge', 463)
[0.00043606196133972523, 0.6957770275196743, 0.0005599146416109145, 0.0002644849490869684];('challenge', 464)
[0.00021224963352123031, 0.000839463584988241, 0.00021224963352123031, 0.9205834791314579];('challenge', 465)
[0.0008655631500729802, 0.00010337682552940806, 0.8376708063389046, 0.0012593869521660718];('challenge', 466)
[0.00051361426639933, 0.8195188374005665, 0.015010009075344822, 0.0026083484682496395];('challenge', 467)
[0.20019010388489372, 0.0047080188635736904, 0.37400435230088935, 0.008795737209386194];('challenge', 468)
[0.006759556223572507, 0.369059308847381, 0.0024867017660947987, 0.03889856033278154];('challenge', 469)
[0.001384943931247114, 0.7174188033555764, 0.0025874159008227103, 0.0020150815296921315];('challenge', 470)
[0.7064561009265248, 2.4978524422540933e-05, 0.0003907298625520118, 0.00023698964130309828];('challenge', 471)
[0.00038371806019608267, 0.08286002892201863, 0.00038371806019608267, 0.6937785900559591];('challenge', 472)
[0.0002822627250217301, 0.0002490959805467642, 0.0011163707334815762, 0.7425446748804231];('challenge', 473)
[0.00014130704853439126, 0.0004932100616917312, 0.0005588802184429791, 0.786961921701965];('challenge', 474)
[0.0003294331926985473, 0.00029072377216502214, 0.8666350665530618, 0.0014764164351132678];('challenge', 475)
[0.6456574354545795, 0.0023286043746027596, 0.001099954821128752, 0.0026386544448857617];('challenge', 476)
[0.0014763777150590585, 0.5256269690152194, 0.0013028987605845416, 0.19336736715155087];('challenge', 477)
[0.016016883709632335, 0.41308089990710967, 0.007565840143572741, 0.0141348502628082];('challenge', 478)
[0.0018802984796086972, 8.26145100970836e-05, 0.8595684965121145, 0.0003702527235036477];('challenge', 479)
[0.0016377638629958564, 0.0006827215516849286, 0.0018558295878425043, 0.8483825331075869];('challenge', 480)
[0.8098154720230918, 0.0003488219478274648, 5.349357824386423e-05, 0.00021157120613803803];('challenge', 481)
[0.00015563103113245698, 0.00022644181414590293, 0.0013030826696436052, 0.8667344573864516];('challenge', 482)
[0.76899126167729, 0.007538924381013151, 0.00048194731147727256, 0.004035295433677743];('challenge', 483)
[0.0007918205683604889, 0.00020020368791868548, 0.8683367554859076, 0.0006987791989809054];('challenge', 484)
[0.8069657264041287, 0.0002707069400191171, 0.0013747626221517922, 0.0005057469051805881];('challenge', 485)
[0.020694817131046053, 0.0001085963818800558, 0.4710118107333413, 0.09274773574885405];('challenge', 486)
[0.0002868381699294378, 0.0002531337965057627, 0.8550526737936336, 0.0007797069850276386];('challenge', 487)
[0.0006239187692711172, 0.00029471821769838327, 0.7753114688137965, 0.00975973163334382];('challenge', 488)
[0.8788438944614654, 0.00013926283241675173, 0.00037855544622884726, 0.00017881701642303476];('challenge', 489)
[0.0004789984802856313, 0.7642860391877139, 0.004544611046967257, 0.006612370056116394];('challenge', 490)
[0.013423842958186083, 0.00045933864654043637, 0.04134834725703444, 0.34620551415754847];('challenge', 491)
[0.6912337264366698, 0.0001095338416351152, 0.00033738782365211177, 0.00043321454085027306];('challenge', 492)
[0.017899686022466544, 0.671680802672131, 0.08022082720937135, 0.009581011510426845];('challenge', 493)
[0.7457227991737153, 4.347164297204374e-05, 0.0026894965976461066, 0.002094582056314667];('challenge', 494)
[0.00036698638308678606, 0.5167553976526666, 0.0006050582558524899, 0.0006050582558524899];('challenge', 495)
[0.0014287139601259708, 0.00031878917472920527, 0.028696486998783858, 0.6531289557860308];('challenge', 496)
[8.092463229471446e-05, 2.4680618414166417e-05, 0.0011171300899925868, 0.8419858304507826];('challenge', 497)
[0.000334474566836407, 0.6852648564680612, 0.0008023627748442036, 0.0031734063341242735];('challenge', 498)
[0.07031151279407767, 0.0005368351528448197, 0.6670970596449516, 0.0018737387950498677];('challenge', 499)
[0.0001222289118788039, 1.8744410728665653e-05, 0.6007265610367996, 0.0006207293369922406];('challenge', 500)
[0.00010526475891824651, 3.417446370869058e-05, 0.0007778072088873339, 0.8529690744486974];('challenge', 501)
[0.0008324742045264471, 0.00027026480451169054, 0.8056479555948517, 0.0019970018021034067];('challenge', 502)
[0.00035924526862174324, 0.0011065533293027777, 0.8340138435729022, 0.000976529885654373];('challenge', 503)
[0.037179502741702584, 0.00013409019203402346, 0.5815852750256184, 0.00163355295464406];('challenge', 504)
[0.3975826060905042, 0.1139093237931049, 0.041904898381224305, 0.008251561772182529];('challenge', 505)
[0.001982418359065841, 0.7997646229609364, 0.003703645085264177, 0.0015439089704156062];('challenge', 506)
[0.0017712722839400505, 0.0025771859660839464, 0.0025771859660839464, 0.9175418479313802];('challenge', 507)
[0.80574175682362, 2.6762953097550798e-05, 0.002905958560610776, 0.0001857717155351694];('challenge', 508)
[0.00023436068185792952, 3.5940374596077605e-05, 0.000496141803965386, 0.8970454051036358];('challenge', 509)
[0.0009287283979309062, 0.5451500063938024, 0.0010523871474346382, 0.0005633022478908897];('challenge', 510)
[0.6456901863241487, 0.00013137757216647076, 0.00024544561809726907, 0.0007560253678552348];('challenge', 511)
[0.0008927767985072178, 0.00015514141887483838, 0.00032843438633534675, 0.8640074826838385];('challenge', 512)
[0.7632535271232147, 0.0002259570901254705, 0.0011475053352520573, 0.00037254043839645074];('challenge', 513)
[0.7905443092509398, 0.00012527064653962254, 0.0009256322762063426, 0.00034052108450103945];('challenge', 514)
[0.0005350740692887212, 0.31408068314717386, 0.004480120330709568, 0.037511588263506035];('challenge', 515)
[0.0001062678699109701, 0.00028886601972803977, 0.00017520609751421054, 0.8610970837527742];('challenge', 516)
[0.8148605463803483, 8.874543061668702e-05, 0.0029388464454912144, 0.0005786931767495662];('challenge', 517)
[0.5699632238869469, 9.031713310769168e-05, 0.00232930956319374, 0.0003152377694805754];('challenge', 518)
[0.0009098974392045179, 0.0001581165415418551, 0.880576431843598, 0.0006253627547646257];('challenge', 519)
[0.0009049767898761508, 0.00015726146049599362, 0.012492819232514177, 0.77290344941378];('challenge', 520)
[0.7697736809954545, 6.950174703480196e-05, 0.0014860128750101714, 0.000701942779097319];('challenge', 521)
[0.0003725203654902382, 0.5943905581560487, 0.06264830765067127, 0.0008936299012741259];('challenge', 522)
[0.005311810546405619, 0.003221775954979924, 0.009923768579968142, 0.7883427012186495];('challenge', 523)
[0.0007111374491322506, 0.00020374429040330923, 0.8836935818480516, 0.0004313266661685433];('challenge', 524)
[0.002380701768832999, 0.6601027362481484, 0.0012742978296632378, 0.0011245638876480797];('challenge', 525)
[0.0014387033486426323, 0.0005292693839101343, 0.8444978170122839, 0.0008726176911829906];('challenge', 526)
[0.00045376968098447587, 0.00018915934568406107, 0.0008477533721045563, 0.8204349029667225];('challenge', 527)
[0.0006246516632272447, 0.00017896561254382714, 0.7762221518242932, 0.0009088628071226209];('challenge', 528)
[0.0011663481627659953, 0.6846295217741014, 0.0011663481627659953, 0.011066003261545861];('challenge', 529)
[0.00035996974696501065, 0.0011087848797023863, 0.8356956852144442, 0.0007620559603049879];('challenge', 530)
[0.558150719228215, 0.0015677307801705335, 0.1245402519451752, 0.0033188860876652206];('challenge', 531)
[0.0005241668820862476, 0.0002475989031520867, 0.7380820379167703, 0.0008642050878921623];('challenge', 532)
[0.0013792150190487529, 0.8095792067632969, 0.0009479196957396945, 0.0012171529823086782];('challenge', 533)
[9.070340251851025e-05, 2.9447083425431905e-05, 0.0005219620428558439, 0.8328382969498296];('challenge', 534)
[0.0035673884472384827, 0.10425439719617877, 0.19477285610629422, 0.2500932977213459];('challenge', 535)
[0.7113809033248056, 0.08496232778819233, 0.0005724717980436627, 0.0002386416361482417];('challenge', 536)
[0.0008130530928742159, 0.5407953652443697, 0.0013404979284302467, 0.05030180166747813];('challenge', 537)
[0.00025801418483642144, 0.0007013549356933436, 0.00037540824477806363, 0.8715375291896713];('challenge', 538)
[0.036143672792166175, 0.0001477109296482155, 0.7259650311357781, 0.00011503738767823544];('challenge', 539)
[0.0012414497967763779, 0.0004030397396249729, 0.8257401174332255, 0.001095575600369429];('challenge', 540)
[0.0013333433566289309, 0.6906890613408037, 0.003624403017421011, 0.00249101333589111];('challenge', 541)
[0.0001580909090333483, 4.529380377804225e-05, 0.0008028514992105419, 0.8804336409256952];('challenge', 542)
[0.003493209767359519, 6.398039916978053e-05, 0.7543233385595635, 0.0005357010680557992];('challenge', 543)
[0.0021676970402603594, 0.6010423105070258, 0.01601723503596973, 0.01814990510341687];('challenge', 544)
[0.0004664304801178489, 0.7922316291540429, 0.0015293666658254559, 0.0011910719569481686];('challenge', 545)
[0.004573984434641748, 0.004573984434641748, 0.8716471976517542, 0.0027742617966585756];('challenge', 546)
[0.002645119477997384, 0.0001492275006320595, 0.8310719096301644, 0.00160434606200849];('challenge', 547)
[0.00017821485666649753, 0.000332949185521547, 0.0007987035752941068, 0.8758847983194771];('challenge', 548)
[0.0006545313141963541, 0.7177808493351511, 0.010238592404647475, 0.03153709235302719];('challenge', 549)
[0.0004086595926353575, 0.0003606408247121855, 0.8372536904259679, 0.0005945961987858167];('challenge', 550)
[0.7392411098750933, 0.00010337672694163165, 0.0011114040245240337, 0.0005948917058284891];('challenge', 551)
[0.0013507275161333807, 0.0002071407734531672, 0.7928573849568722, 0.004714502273386071];('challenge', 552)
[0.00035728375945387193, 0.00021670355432616676, 0.0001314373497675224, 0.8294602808156033];('challenge', 553)
[0.0004549929759249089, 7.906592366872487e-05, 0.0004549929759249089, 0.6406779680484592];('challenge', 554)
[0.7399262860446797, 0.00011724970326892975, 0.00021905128414230563, 0.00040924167606919956];('challenge', 555)
[0.0005156365435184052, 0.00016740267611338133, 0.0005842927516326061, 0.8227452724468153];('challenge', 556)
[0.00012002470543303783, 5.669565634915982e-05, 0.0003262609757447764, 0.858290435168145];('challenge', 557)
[0.0012598109924197303, 0.8379528781764662, 0.0012598109924197303, 0.0006743282314665116];('challenge', 558)
[0.0006086046392589548, 0.0007814638255225721, 0.75628150705314, 0.0006086046392589548];('challenge', 559)
[0.002219807334335496, 0.006034061939604292, 0.17634115949804785, 0.6154911241646666];('challenge', 560)
[0.0006422790386600239, 0.001978358716587481, 0.9043961473781105, 0.0009345104870395666];('challenge', 561)
[0.0007794107220963817, 0.8547274508390665, 0.003082629204558118, 0.000417188496512327];('challenge', 562)
[0.00022523506350315985, 0.7608144794880614, 0.0012961382991656042, 0.00042079449686176825];('challenge', 563)
[0.0001021738131902135, 0.39108298577963885, 0.0006662566369517841, 0.002052214918842349];('challenge', 564)
[0.001214807592590701, 0.019002792511631422, 0.8080192745364074, 0.007921540577287636];('challenge', 565)
[0.021251938724019453, 0.002239938395990773, 0.7974731409901854, 0.003693034078527914];('challenge', 566)
[0.0002986365079063974, 0.7856192299344334, 0.0052934612849115615, 0.0011811308642418299];('challenge', 567)
[0.005831891153831526, 9.426374110372831e-05, 0.0006146768053430392, 0.8655292220164152];('challenge', 568)
[0.8817291450443182, 4.536041703694433e-05, 0.0007095566441650709, 0.0002957870747206544];('challenge', 569)
[0.0009188998559964583, 0.0008109262767023052, 0.0032072756409899385, 0.8892888097156124];('challenge', 570)
[0.0008942560848808152, 0.0002562085357699877, 0.8654388547193123, 0.0010133248992282924];('challenge', 571)
[0.0006764063553725619, 0.001622614494585568, 0.00046488683615363816, 0.8405353180872766];('challenge', 572)
[0.0015304755410884088, 0.6996486981401507, 0.0017342559918409443, 0.002523327578878747];('challenge', 573)
[0.00025120557509963545, 0.6608429388674846, 0.00046931380016433053, 0.002103318528755303];('challenge', 574)
[0.009180966409275107, 0.12673936211364328, 0.44236381361962224, 0.036311435196559445];('challenge', 575)
[0.0025182635167262536, 0.6982445326487738, 0.023892613316594327, 0.016421140889898305];('challenge', 576)
[0.0003450506290647858, 0.00012693709312451635, 0.006116168743550468, 0.9077200803847055];('challenge', 577)
[0.00022861645827707938, 0.00020175331630938292, 0.6814962197515928, 0.002457858557490955];('challenge', 578)
[0.0004188990203495195, 0.000782606401340308, 0.7573872864536197, 0.0001978738861890907];('challenge', 579)
[0.0019303215870124096, 0.0001234013304988408, 0.7787471232335934, 0.001326689331372404];('challenge', 580)
[0.0024238282799211963, 0.6720605446682689, 0.00274655726589233, 0.000891676593112948];('challenge', 581)
[0.0022013671882232452, 0.0010398522300181948, 0.00020475914221444386, 0.8880950080317445];('challenge', 582)
[0.79850658553371, 0.00011166448798703424, 0.00014338004071677492, 7.674580541517193e-05];('challenge', 583)
[0.08556898074438866, 0.009018902066733595, 0.007023927992016435, 0.7164602825841215];('challenge', 584)
[0.0004915484916985272, 3.5607670288250346e-05, 0.0015140759461900483, 0.8887405614826395];('challenge', 585)
[0.8561674589700142, 0.003087822363874602, 0.007407300780857865, 0.0011359463656588707];('challenge', 586)
[0.0006150922694373603, 0.0001555196066296214, 0.8661143937818655, 0.000789794107565715];('challenge', 587)
[0.00021374079054292777, 0.0005127372572541908, 0.8181195007765726, 0.0022979289617912233];('challenge', 588)
[0.7617279295371833, 0.00032810848669874746, 0.07085173850648994, 0.0018881348759094566];('challenge', 589)
[0.0005969632327739111, 0.000984225979700259, 0.7418153333291815, 0.0012637711736995256];('challenge', 590)
[0.0006336778834817941, 0.00016021885992994407, 0.8922848400984414, 0.0003843450647135179];('challenge', 591)
[0.00025361562044265185, 0.7560171939620467, 0.0012879657808321117, 0.0011366258122192886];('challenge', 592)
[0.0023846112227794355, 0.0002848011964986798, 0.0018571370876214845, 0.749222485295462];('challenge', 593)
[0.8225727820418228, 0.0008499625892922068, 0.005542452303821913, 0.0012366882701668174];('challenge', 594)
[0.0002078910213227502, 0.15668833852322697, 0.000640349426617113, 0.3317092152566839];('challenge', 595)
[0.004999465641661091, 0.00041038113031598004, 0.0418600232932488, 0.8407809682903649];('challenge', 596)
[0.0004943696886608578, 0.004690449011517027, 0.7888123892784755, 0.000923604172317674];('challenge', 597)
[0.0008278597409658618, 0.008900330991345736, 0.7070409291289066, 0.005398323627841726];('challenge', 598)
[0.0003364564955864002, 0.7811082352642821, 0.002486095920737524, 0.0002969218152094658];('challenge', 599)
[0.0004196983690250832, 0.0007840997812720087, 0.7588325655502386, 0.00955229084993516];('challenge', 600)
[0.7557575454679918, 0.00022373795852155965, 0.002405410889280112, 0.013842183940344656];('challenge', 601)
[0.0003869347417364461, 0.6995943621374843, 0.00043845450403646584, 0.0003013449361693787];('challenge', 602)
[0.8559464315568817, 5.311521467551463e-05, 0.0027242894998445017, 0.0004177833259246403];('challenge', 603)
[0.0018799255325872262, 0.00037017928588088737, 0.8593980057554601, 0.0002882957802506752];('challenge', 604)
[0.0014965762907289204, 0.06363602800542104, 0.7752455499633164, 0.0031682520323352598];('challenge', 605)
[0.0014610391228082834, 0.7568371382898897, 0.0012893625004332244, 0.0006901460138607048];('challenge', 606)
[0.0018565952088856247, 0.0034685764935886007, 0.0008769934786567866, 0.848732494715932];('challenge', 607)
[8.966976215106302e-05, 6.162906615816211e-05, 0.0009640407952784089, 0.8233474518337048];('challenge', 608)
[0.0002521041220357126, 0.7515121097037211, 0.00047099273143200176, 0.0003237081003456031];('challenge', 609)
[0.05072883580469198, 0.6180037910780203, 0.004718516750625041, 0.00026620062618849235];('challenge', 610)
[0.0006617037966676089, 0.0005153354350060555, 0.8222651816002021, 0.0007498086335823468];('challenge', 611)
[0.002738717062320056, 0.6701420298194476, 0.007444604823795347, 0.001661115866575229];('challenge', 612)
[0.11810036618250745, 0.0010217683715879901, 0.008555161831916968, 0.599763183667855];('challenge', 613)
[0.773044985219778, 0.00020196468979599675, 0.0007049256965505767, 0.0009051425112472505];('challenge', 614)
[0.0010412355517519184, 0.0002983188379887505, 0.0004918448481724422, 0.7847834929809446];('challenge', 615)
[7.156538956597424e-05, 0.6571129585564027, 0.0016288199821668694, 0.0005992093848084265];('challenge', 616)
[0.0006254331330274334, 0.00026071919468704353, 0.7771932437233434, 0.0007087085871867746];('challenge', 617)
[0.0014984300036088834, 0.6849994972553293, 0.0014984300036088834, 0.0010298548764991033];('challenge', 618)
[0.000376966517668127, 7.42291084899223e-05, 0.8751552381810793, 0.0006215127160211967];('challenge', 619)
[0.01593428460706869, 0.6775431839283699, 0.0008989508232852792, 0.0007933213171251309];('challenge', 620)
[0.6621372769945445, 0.00047023289397737147, 0.00047023289397737147, 0.0012782255308423976];('challenge', 621)
[0.03138204139582497, 0.6303251511808463, 0.04029533877978611, 0.02444035841344773];('challenge', 622)
[0.002037532351765188, 0.0023088266324763356, 0.9314472121220453, 0.0005837627925385506];('challenge', 623)
[0.00020026880533458851, 7.367477619056079e-05, 0.00042396886205616884, 0.8686192647352601];('challenge', 624)
[0.7571815715266677, 0.0001978201119329707, 0.0014617046015643633, 0.0021267676459840673];('challenge', 625)
[0.03415476307383603, 6.593421936770522e-05, 0.0006255664559373011, 0.8808629888430682];('challenge', 627)
[0.0007131225743653487, 0.6901424806809595, 0.0007131225743653487, 0.0017106921252152496];('challenge', 628)
[0.011923283888856231, 2.9554865892513305e-05, 0.0005936253501439358, 0.7376675631947663];('challenge', 629)
[0.6587912688561951, 8.130127477091888e-05, 0.0012717665193821075, 0.0005301511598291322];('challenge', 630)
[0.8575681311572253, 0.00011992367584236165, 0.0016554960692335965, 0.00028768194313996025];('challenge', 631)
[0.0010762727074073318, 0.7158739355489144, 0.0008382020273272109, 0.0033151533273866897];('challenge', 632)
[0.0003041109888252217, 0.6230565045547952, 0.0007295243377167286, 0.0005013942559297921];('challenge', 633)
[0.0005919937590198534, 0.00027963805119240315, 0.8335894312401704, 0.0011059899471139464];('challenge', 634)
[0.00046498216631322124, 0.7419217458971259, 0.0016229472295367024, 0.0005268938224614884];('challenge', 635)
[0.0014875626519250836, 0.0004261938354066017, 0.018122223023245374, 0.8731775522475971];('challenge', 636)
[0.0006873023219882738, 0.0003678864226918624, 0.8540750342649173, 0.0006873023219882738];('challenge', 637)
[0.001653300620397296, 6.022147069583414e-05, 0.8564310009688205, 0.0014590326765418036];('challenge', 638)
[0.00020235123935986507, 0.6835154975534927, 0.0013194952014558112, 0.0003780417046510928];('challenge', 639)
[0.0006572018105832885, 4.2013506131765384e-05, 0.000956222992070222, 0.8166707956773345];('challenge', 640)
[0.8010589835866392, 5.2915152084265555e-05, 0.016625446572473324, 0.0002687253157000135];('challenge', 641)
[0.000326440245484869, 0.0002880825055193518, 0.0007830894398502067, 0.858761832958356];('challenge', 642)
[0.0008543746807234808, 0.7296860520743265, 0.0006653876703838285, 0.00021601974893993423];('challenge', 643)
[0.0005093427673946243, 0.0008397642546807847, 0.8127032917910793, 0.0009515775661323475];('challenge', 644)
[0.00045086102019245924, 0.7193900533120753, 0.0013887497109171857, 0.000397883453815976];('challenge', 645)
[0.0003983812254885039, 0.00031025961037139276, 0.8161956967361403, 0.0009556668794047075];('challenge', 646)
[4.690093108782027e-05, 0.0025607040722269696, 0.0013706461197146034, 0.4306441066975876];('challenge', 647)
[0.4701359719714444, 9.565782223686306e-05, 0.012528702265464153, 0.006706131072101452];('challenge', 648)
[0.03763901598099039, 0.0005368917280574079, 0.00041813169823566907, 0.8566601445075289];('challenge', 649)
[0.00020959527563287213, 0.00016323296479094776, 0.802252420563604, 0.000828965395889695];('challenge', 650)
[0.003496209300428572, 0.6662595402769483, 0.19088655993207343, 0.0010016807353999955];('challenge', 651)
[0.001917341987676517, 5.789868354532775e-05, 0.8765027401339126, 0.0011629267006801698];('challenge', 652)
[0.8432549175803735, 0.0003205454601901051, 0.012028385389280336, 0.003905044994966985];('challenge', 653)
[0.00019576731829878155, 0.7493241318408533, 0.0021046970204330073, 0.0008773682507490423];('challenge', 654)
[0.0017366260166477656, 0.0001425509441867587, 0.7938892723071674, 0.0017366260166477656];('challenge', 655)
[0.000684898366446834, 0.0001731695087133854, 0.8510878645526702, 0.0014499298531459415];('challenge', 656)
[0.0034207920943357326, 0.008206053640899954, 0.02864193470529907, 0.8370400652898677];('challenge', 657)
[0.0007267623189258064, 6.759945810636701e-05, 0.0003890078370220011, 0.903110038443822];('challenge', 658)
[0.5050390452109645, 0.00011644170763098333, 0.022189867006663207, 0.0034029255077794467];('challenge', 659)
[0.0007922907819103804, 0.00037425166541948945, 0.8688525497106991, 0.0011527762855607453];('challenge', 660)
[0.002174276812418647, 0.00042814048949099096, 0.0007998717387045968, 0.8771659365072374];('challenge', 661)
[0.0007715515231892897, 0.0012720734077232652, 0.8461088198612922, 0.0012720734077232652];('challenge', 662)
[0.0005711507567425378, 0.8042402694660782, 0.003286745673153306, 0.0008310194475130813];('challenge', 663)
[0.003912231744094736, 0.0030468491458577884, 0.8448069743325938, 0.001848007422481998];('challenge', 664)
[0.0035950061003508322, 0.5335461805442699, 0.17321709428786386, 0.00461607920599795];('challenge', 665)
[0.0042988916695592206, 0.03599417926178362, 0.010312505017546584, 0.6380120552905507];('challenge', 666)
[0.0021120088583729316, 0.8520451728828982, 0.0011304768785774571, 0.001644834152754583];('challenge', 667)
[0.003955655365605664, 0.40348786475073684, 0.35607679087299743, 0.04252730299520018];('challenge', 668)
[4.7865073155236375e-05, 2.1239997459470246e-05, 0.0005145977872650506, 0.821088184410163];('challenge', 669)
[0.0006547623125392809, 0.00014609728932064568, 0.7180341056180397, 0.0015706931349712444];('challenge', 670)
[0.046619825908219205, 0.00019052461841248078, 0.000403340428016596, 0.8263561251235597];('challenge', 671)
[0.7974221158362619, 3.194896374022786e-05, 0.0001838535922351253, 0.00012636060281040874];('challenge', 672)
[0.00013338323243389377, 0.6555479499529623, 0.0008697683471241381, 0.00036257338983460615];('challenge', 673)
[0.00023393953262010566, 0.0060333771894026805, 0.0007205841464030803, 0.7902165625846342];('challenge', 674)
[9.785990449181886e-05, 0.4809586659741671, 0.0002660108001148489, 0.00018282637096154398];('challenge', 675)
[0.0018064607295996647, 0.7287782509151141, 0.0010956738180690497, 0.003374912955334637];('challenge', 676)
[0.0026399758945805517, 0.0011005056833174257, 0.004352584411530554, 0.82945559641864];('challenge', 677)
[0.0076470158759661, 0.32515942787975854, 0.0002965069828671873, 0.0001798405759278376];('challenge', 678)
[0.6169401500343261, 0.016440900558855425, 0.12148270758258503, 0.011299654687769837];('challenge', 679)
[0.00426716254129681, 0.29915111818476026, 0.4352623345759171, 0.003765757725519445];('challenge', 680)
[0.000601387130692429, 0.00011842020381802978, 0.000601387130692429, 0.8468162984170045];('challenge', 681)
[0.005926558230406554, 3.993281620201798e-05, 0.685016849864591, 0.0003788721919869006];('challenge', 682)
[0.00038258549748834973, 0.00012420726650846036, 0.0002979577429583325, 0.8881998577879414];('challenge', 683)
[0.6907921955718387, 3.5537717446380126e-05, 0.0004905828229638704, 0.0004905828229638704];('challenge', 684)
[0.0001634229940424377, 0.00289674049932747, 0.0001634229940424377, 0.8031859277296262];('challenge', 685)
[0.0002566377106473246, 8.331806597885215e-05, 0.001896309536843147, 0.7650260053346958];('challenge', 686)
[0.0003068579462565564, 0.7123931343121266, 0.01478525089286121, 0.0020009661173097525];('challenge', 687)
[0.002295253632628335, 0.0004519622378193572, 0.0005121403106296257, 0.8171668226494654];('challenge', 688)
[0.023113404059074822, 0.0005435751625285709, 0.0006159513545447989, 0.6754726189807891];('challenge', 689)
[0.0003201812776276434, 0.0005278896829046388, 0.03265937820718138, 0.5789013647707206];('challenge', 690)
[0.0006600396056078102, 6.139324677441824e-05, 0.0009603519594673474, 0.8201968105420662];('challenge', 691)
[0.002103514111231968, 0.7489030092627932, 0.0016382184370292068, 0.0007738395957362595];('challenge', 692)
[0.005144005565310889, 6.475347375200558e-05, 0.8650889139608936, 0.0027533877671979427];('challenge', 693)
[0.047741111060880706, 0.019901455978534707, 0.00829616311171409, 0.7467966705800501];('challenge', 694)
[0.0006782615398144844, 0.008262917112567394, 0.6564047509688277, 0.0018437060186203642];('challenge', 695)
[0.8688593857070729, 0.020433614217667134, 0.0027653889676956572, 0.00663382327281429];('challenge', 696)
[0.0009064110248948175, 8.430935849550544e-05, 0.00859978836336502, 0.8772020779889305];('challenge', 697)
[0.00012880812050097888, 0.00011367276736985718, 0.0029316593097966285, 0.9211000154540838];('challenge', 698)
[0.0008713208506799057, 0.0003632205696024215, 0.0014365652201204907, 0.8432430432877839];('challenge', 699)
[0.00010076622875559207, 6.9255548687917e-05, 0.0010833390540625567, 0.8165172938412089];('challenge', 700)
[0.00022831882915226823, 0.7712306673149536, 0.0014888257866674949, 0.0007969110173875527];('challenge', 701)
[0.0015170012937226988, 0.6934890594446707, 0.0041236370504752744, 0.005999856505443047];('challenge', 702)
[0.0009576466543024561, 0.00021367985134011506, 0.002297274899356412, 0.9267868271583019];('challenge', 703)
[0.0004280292404017105, 0.001163504106233098, 0.002173711842925776, 0.8769380637989668];('challenge', 704)
[0.00036128076491852534, 0.0011128230992920362, 0.8387393452807113, 0.0030249668090950176];('challenge', 705)
[0.000611715145929197, 3.451059055337924e-05, 0.002419380334722531, 0.8613588958449081];('challenge', 706)
[0.0003151235491958867, 0.7315821172046543, 0.008127143449674228, 0.004350146412651381];('challenge', 707)
[0.7550262966581813, 0.00010558407548954168, 0.003496466046721396, 0.002723050495169203];('challenge', 708)
[0.00015950399616518124, 0.0002320769450176332, 0.0011785839756681435, 0.8883037867309261];('challenge', 709)
[0.00012613569638390493, 0.00038852548251505593, 0.00038852548251505593, 0.901989995537959];('challenge', 710)
[0.8222637357821635, 7.90291354972044e-05, 0.00027583878651696504, 0.00014764586291201548];('challenge', 711)
[0.7814168223025193, 0.00010927456684692957, 0.03029881601372388, 0.0005549423051721031];('challenge', 712)
[0.00013181179648080884, 0.0001917850322249785, 0.0003162000620312316, 0.7340810133501536];('challenge', 713)
[0.015283388053007366, 0.7363947876387333, 0.0038642456578494738, 0.0026558546112545106];('challenge', 714)
[0.00033555509812956054, 4.0076341386643794e-05, 0.8827403205801619, 0.0004882297869098787];('challenge', 715)
[0.002392506441986549, 0.00025216832374464734, 0.7517033579655559, 0.0006049203617521312];('challenge', 716)
[0.030094991660812746, 0.001923908449909459, 0.47076490416758066, 0.22237358167859547];('challenge', 717)
[0.8387468942215535, 0.0005956566783850571, 0.001428906089464419, 0.003427767515415334];('challenge', 718)
[0.00044559515647752914, 0.0001639252971536548, 0.001555279916290451, 0.8056550746447056];('challenge', 719)
[0.0013329727439416717, 0.001038120216794613, 0.8866157866134223, 0.0015104560027777482];('challenge', 720)
[0.0018113790449354242, 0.6448955521611364, 0.002325856732952651, 0.0012449413974107476];('challenge', 721)
[0.8060300721602448, 0.000347191399674266, 0.0015560039012355328, 0.00021058222869098516];('challenge', 722)
[0.6356086680165496, 0.00018816850681899937, 0.004852932066630438, 0.0005796000815144192];('challenge', 723)
[0.014869279889102692, 0.7164420053509023, 0.004827348403839077, 0.051898886343458565];('challenge', 724)
[0.0012943262174347605, 0.001008022271688041, 0.860910266785251, 0.013915318230725442];('challenge', 725)
[0.000792539031245366, 0.7669997507036095, 0.0014806578412314047, 0.02043985101346088];('challenge', 726)
[0.0031830312216058086, 0.0067384771490181595, 0.6873434374919744, 0.00524793128036411];('challenge', 727)
[0.00046242722789210217, 0.0006728276464687032, 0.8360879170414431, 0.0008639277991160089];('challenge', 728)
[0.017323864773657605, 0.006373093691862795, 0.015288257003547221, 0.7366295843650478];('challenge', 729)
[0.0036039191404340708, 0.0007096537552433319, 0.7782299085822841, 0.0031804474785984047];('challenge', 730)
[0.8498921399685726, 0, 0.0011276202765968064, 0.0003230684642307143];('challenge', 731)
[0.8444849814317682, 0.00011809416040589787, 0.0012696318757224243, 0.0006795849714924299];('challenge', 732)
[0.00031753210055721244, 0.8353271998864205, 0.001255863819693907, 0.001255863819693907];('challenge', 733)
[0.0002112089359118829, 0.713436146644243, 0.0015606354202171327, 0.00027119764194242997];('challenge', 734)
[0.00013303819297711534, 4.894201608687969e-05, 0.0009830262024647343, 0.8395621670287151];('challenge', 735)
[0.007635938907199585, 0.17379320990396688, 0.3679202063241141, 0.009804739637119083];('challenge', 736)
[0.002966925482286392, 0.08670625157973108, 0.07651799845383336, 0.5653958168534793];('challenge', 737)
[0.00023740631931916625, 0.0004435331848437418, 0.7076979684739838, 0.0004435331848437418];('challenge', 738)
[0.8376560025002102, 0.00028100225456621276, 0.0016170563260903715, 0.0005948817775848715];('challenge', 739)
[0.0007428069958592684, 0.0001657426439454526, 0.8145866848655986, 0.00024115412397675493];('challenge', 740)
[6.958312268886898e-05, 0.43911730635604485, 0.00045373895688185297, 0.0003118499204346967];('challenge', 741)
[0.004869953979991733, 0.3414100911774573, 0.49674875152721765, 0.0037927239731392667];('challenge', 742)
[0.0027675919738879046, 0.002442391344574062, 0.8695515367199007, 0.005170542517037942];('challenge', 743)
[0.0004243584089772243, 0.7672578422994385, 0.00516974375453877, 0.0002916568457819863];('challenge', 744)
[0.0008392114417819041, 0.812168087259837, 0.0010775688212231297, 0.002013163594105117];('challenge', 745)
[0.004662334801592043, 0.6919517129675407, 0.0024955679861339603, 0.0010403075109448306];('challenge', 746)
[0.003034956134924711, 0.0002198513801902246, 0.7426291924635737, 0.002085892813134641];('challenge', 747)
[0.0002889059676850984, 0.000154640220970787, 0.008443065959753068, 0.8612162567130509];('challenge', 748)
[0.007773000252546002, 0.1215901815862788, 0.6174859297069696, 0.007773000252546002];('challenge', 749)
[0.00019572755560735275, 0.04226537328866893, 0.6611416363953342, 0.000993986070527497];('challenge', 750)
[0.0018550430531210308, 0.0001343788680561635, 0.8480230993474369, 0.008313726176179079];('challenge', 751)
[0.0002473862425586508, 0.00028032533806534985, 0.002071340636608517, 0.8356384041315161];('challenge', 752)
[0.004502225448976302, 0.0003695651697837019, 0.8579722140774134, 0.0006093099563322936];('challenge', 753)
[0.6516023891357029, 0.060608468812724525, 0.004390461708244005, 0.0008645331698901945];('challenge', 754)
[0.7975863491103318, 0.0006418439870400877, 0.0060896461971914765, 0.0009338774906676436];('challenge', 755)
[0.16095825914864018, 0.005507689411355674, 0.43752991098415045, 0.024683751437689413];('challenge', 756)
[0.0006273904891265837, 0.6071730961691643, 0.0007109265622226278, 0.003610382987628383];('challenge', 757)
[0.7879495610338834, 0.00012485951854194032, 0.0028417895434428167, 0.002507870469885577];('challenge', 758)
[0.00047771975579696254, 0.6726795443156902, 0.0021409914082398166, 0.0011459901196213288];('challenge', 759)
[0.001709794251476427, 0.056620595894612276, 0.04409616442069361, 0.6897800880945941];('challenge', 760)
[0.000477152884012322, 0.0004210859422001809, 0.0006126764307176793, 0.8627128195947926];('challenge', 761)
[0.6913367771699713, 0.0003374381825530284, 0.008702645429082447, 0.0015122930146626479];('challenge', 762)
[0.00014102823413260793, 0.6931212533438396, 0.0022060527518134873, 0.0007162004689989258];('challenge', 763)
[0.0007767312676878201, 0.0004711113282101236, 0.0034810680329863328, 0.8517894283390892];('challenge', 764)
[0.013829180530158676, 0.007402226925819739, 0.8555809883863986, 0.06197807245701837];('challenge', 765)
[0.00013696301434883466, 0.673141294399785, 0.001299468279858216, 0.0006138253517529217];('challenge', 766)
[0.0005494942956981425, 0.7737456279522109, 0.0007995094826224725, 0.00037766153819012956];('challenge', 767)
[0.00023264334386245754, 0.693499889343522, 0.0013387700091458195, 0.0017190147188425125];('challenge', 768)
[0.00014678048035807303, 4.76526451082922e-05, 0.0009571285064156154, 0.817444085214747];('challenge', 769)
[0.00020196430457928915, 0.7730434186009263, 0.0009051407848265656, 0.0007049243520127953];('challenge', 770)
[0.0010925195860062792, 0.7266803265394478, 0.0010925195860062792, 0.0005160697106438266];('challenge', 771)
[0.7086916528376536, 9.910460967159926e-05, 0.00016339587798999935, 0.012980142331026418];('challenge', 772)
[0.0178159300154223, 0.00012004279218333138, 0.0016571396301974333, 0.8584195423340794];('challenge', 773)
[0.8439893878402325, 4.078828110851441e-05, 0.0004119472426200082, 0.0005993797012877531];('challenge', 774)
[0.754364434192592, 9.30959920039542e-05, 0.0034933996614336456, 0.00186988209316673];('challenge', 775)
[0.7176765303940851, 0.00014602443830155927, 0.04048853925729961, 0.00035029441735703334];('challenge', 776)
[0.001323814685651468, 0.00020301346042252567, 0.8805242093789918, 0.0028025157115162606];('challenge', 777)
[0.0023033186329008562, 0.00040025676186206994, 0.8200382957928221, 0.0005139398554320305];('challenge', 778)
[0.0005801649904610911, 0.0003987411778737745, 0.8169333305989539, 0.0013917434620417683];('challenge', 779)
[0.0031236575641170306, 0.6745221150258804, 0.01399926196458212, 0.0006150846437145367];('challenge', 780)
[9.531478889810707e-05, 2.409935269921213e-05, 0.0013157807017862245, 0.7723440562274766];('challenge', 781)
[0.00017518571377429614, 0.0008896664638733663, 8.275187170503836e-05, 0.6705452217032278];('challenge', 782)
[0.8359485160254859, 0.00028042961969634557, 0.000462350058461972, 0.00028042961969634557];('challenge', 783)
[0.6071229022469771, 0.0006273387360453021, 0.06399029073881658, 0.0024811728323191904];('challenge', 784)
[0.0025685747493610087, 0.0012133087998132755, 0.807022388904005, 0.006161690506949854];('challenge', 785)
[0.6852599142447133, 1.6652381078326093e-05, 0.0003790066271245313, 0.0028005012296896527];('challenge', 786)
[0.09038932864088114, 0.1688694978283388, 0.01223286247663888, 0.07976830255227867];('challenge', 787)
[0.0007131473979613422, 0.001509733053331447, 0.7820612582556771, 0.0017107516739263856];('challenge', 788)
[0.0002800226064753667, 0.834735538255281, 0.002656780518446858, 0.005624404401688229];('challenge', 789)
[0.00015196800491067448, 0, 0.001122900648968169, 0.84633478545972];('challenge', 790)
[0.5672730290655231, 0.0008528605050162132, 0.002976775657380689, 0.0049078733444258985];('challenge', 791)
[0.00010624223273459543, 6.443917150985731e-05, 0.0003708218288102171, 0.8608899337535539];('challenge', 792)
[0.6258110151220072, 7.723119635813866e-05, 0.0002378888322844356, 0.0007327491893719543];('challenge', 793)
[0.01230730824269788, 0.5233200629878051, 0.0031117748415281565, 0.0012971807452241977];('challenge', 794)
[0.0007307115199470907, 0.0010631789880856336, 0.9080173038471974, 0.000938252163878596];('challenge', 795)
[0.0007361501005878413, 0.7124280388816371, 0.0029115301274106127, 0.0009452354396520257];('challenge', 796)
[0.00042891370292144686, 0.0009080103162101067, 0.8787498978753411, 0.0011659083246284502];('challenge', 797)
[0.0012788095704314266, 0.7506427210174387, 0.0004704477501350054, 0.000152732095672835];('challenge', 798)
[0.5787096510693469, 0.00011774913690737758, 0.00041098487075187553, 0.015422093497748528];('challenge', 799)
[0.48070611543601555, 0.20038813409653083, 0.00880444014671774, 0.01281038482399413];('challenge', 800)
[0.0003575284890559116, 0.8300283889452494, 0.002331378607498524, 0.002331378607498524];('challenge', 801)
[0.00026084006231817707, 0.6861881862171625, 0.0009104212745361571, 0.0011690040563976738];('challenge', 802)
[0.00045861073101742945, 0.0001023299346524111, 0.7317556884467239, 0.0004047225496149385];('challenge', 803)
[0.000771435274146055, 3.389451659707145e-05, 0.7465760767113142, 0.0006807892399783918];('challenge', 804)
[0.00040013787542575934, 8.928287079858239e-05, 0.006259209488206298, 0.928949074393148];('challenge', 805)
[0.7710140231976902, 4.494599651661774e-05, 0.0014884069883816069, 0.0007030736781774552];('challenge', 806)
[0.0023997949138710303, 0.022768614775783666, 0.6653965190042028, 0.012187164175930574];('challenge', 807)
[0.74095292260443, 0.0005262058673824804, 0.00208118457754868, 0.00024856205160755777];('challenge', 808)
[0.7758290328843943, 0.0004862326813949098, 0.0006243351213352969, 0.00012293887463094708];('challenge', 809)
[0.002960278001917824, 0.49784212300225356, 0.20753146050591645, 0.0005144191821028647];('challenge', 810)
[0.00017262044047081996, 0.000322497440079779, 0.00019560458508722383, 0.8483895746666873];('challenge', 811)
[0.000566180409443403, 0.7035630270494793, 0.0017439584366948796, 0.0009334736841030463];('challenge', 812)
[0.7745510741789887, 9.558723905037236e-05, 0.0031654131132496906, 0.0004854318230329081];('challenge', 813)
[0.0024571249960510426, 0.6812926610139691, 0.11839091234824474, 0.0075684778127340716];('challenge', 814)
[0.005413658815855263, 0.8034582550544359, 0.004216161725069493, 0.008925614442013839];('challenge', 815)
[0.0018250671183015477, 0.000671404671581148, 0.6497689402239509, 0.015281099890490694];('challenge', 816)
[0.0013104184918368619, 0.7691966548402259, 0.0010205549475937974, 0.0232277235444145];('challenge', 817)
[0.0025335732559905203, 0.42608148224184095, 0.0003428818542001841, 0.0001261391849109917];('challenge', 818)
[0.0006936279549990658, 0.7606552563798294, 0.0007859834442110976, 0.0014684103922560378];('challenge', 819)
[0.0012690048282857419, 0.00024988186657995604, 0.8440678557840156, 0.00046684078707362085];('challenge', 820)
[0.00022769715323847094, 0.5990000065170977, 0.002773920516905107, 0.0009005601400691918];('challenge', 821)
[0.0028444182408639686, 0.0004942857745373098, 0.6142233483407105, 0.034652108041040096];('challenge', 822)
[0.0003768786293616935, 0.0002017286897221313, 0.029939177847169096, 0.874951133884829];('challenge', 823)
[0.0002716573655403429, 0.0001283218532869975, 0.8097992056131479, 0.0003078281235262489];('challenge', 824)
[0.0012340251129709667, 0.7243549138423488, 0.0008481322299037637, 0.004307170862389267];('challenge', 825)
[0.001550298323997714, 0.001990622451461472, 0.15813469045097575, 0.5519443360444166];('challenge', 826)
[9.547035345476351e-05, 0.6024837678653387, 0.001026403028871533, 0.0003775925726779353];('challenge', 827)
[0.023730633968915213, 0.6120210617898623, 0.002501189822354906, 0.0008120174471591126];('challenge', 828)
[0.0006482913743021898, 0.0004455637110905602, 0.0004455637110905602, 0.8055979799550648];('challenge', 829)
[0.16819690149654318, 0.0006066127445295017, 0.0010001353349835722, 0.27730980916320497];('challenge', 830)
[0.0006819803582365931, 0.00032214486446790683, 0.0014437524297163853, 0.8474617684118465];('challenge', 831)
[0.004312374272926861, 0.5648094677289031, 0.05253546101079305, 0.0023082476136353732];('challenge', 832)
[0.00018548227530763915, 0.00011250068680734267, 0.00016368753344333473, 0.804486077230469];('challenge', 833)
[0.013744139641662049, 0.6622297533609178, 0.007356707818360511, 0.019997605179931963];('challenge', 834)
[0.0004883271095601618, 0.7791708627309059, 0.0015041533906506518, 0.0007105117519353572];('challenge', 835)
[0.0022455999855134673, 0.00034437391132538964, 0.00538691432538113, 0.7994891515444695];('challenge', 836)
[0.003495020844120911, 0.5187071773574012, 0.21622933446321682, 0.003084345069405302];('challenge', 837)
[0.00028891781538267514, 0.00019857011696422204, 0.0006930778093084465, 0.8612519720328625];('challenge', 838)
[0.01271638004328216, 0.008739831668779308, 0.8914869668600501, 0.0010438240383537902];('challenge', 839)
[0.00023043742749876794, 0.00015837717335207517, 0.882027866566445, 0.0015026400667588601];('challenge', 840)
[0.6513393500468184, 0.01531803649601033, 0.0014247993403867024, 0.003016300227268377];('challenge', 841)
[0.0004430328630710138, 0.0005020220034466864, 0.000937900578481297, 0.8010221119410157];('challenge', 842)
[0.003028876840453306, 0.8398236511490891, 0.0003617477515696617, 0.0012626237170688245];('challenge', 843)
[0.0016726512175177695, 0.00037321893403720606, 0.0018953621396506043, 0.8664547818713212];('challenge', 844)
[0.0002892693342639827, 0.7609771377507446, 0.003109939909934162, 0.0024220236371617393];('challenge', 845)
[0.7905250962584485, 7.597867639390399e-05, 0.0017292667040702703, 0.0013467542632692338];('challenge', 846)
[0.036051498992926, 0.013262605302910431, 0.5639403948464518, 0.2074620773101152];('challenge', 847)
[0.0005771865642185649, 0.00010029998537087361, 0.8127390419549357, 0.0006540380623752233];('challenge', 848)
[0.0006580729521974206, 0.001084978873960316, 0.8177531234656519, 0.0005125077304894624];('challenge', 849)
[0.0002699047176509744, 0.0009420595812296846, 0.0015531936698402363, 0.8045742641491103];('challenge', 850)
[0.0008024542205909817, 0.0028008404375252636, 0.776595403553057, 0.0028008404375252636];('challenge', 851)
[0.0002108026510403922, 0.43188850788134303, 0.001557633357078046, 0.0005730212889518692];('challenge', 852)
[0.00019172724438771519, 0.00013177207951981326, 0.0009736712878446507, 0.831572482812451];('challenge', 853)
[0.7549767723993024, 0, 0.0004731640858696986, 0.00022350699469953777];('challenge', 854)
[0.0005610480838455529, 0.0001821455578733421, 0.895203665733449, 0.00034029286442535206];('challenge', 855)
[0.001774160663442593, 0.0002720763497198151, 0.010209589701510847, 0.9190381478695362];('challenge', 856)
[0.7256416316686597, 5.102480157284636e-05, 0.0001302963953961731, 0.00021482243858522484];('challenge', 857)
[0.006240029895707291, 0.0010843546022257257, 0.636500353481093, 0.05920375526145062];('challenge', 858)
[0.0014163638761063911, 0.000712192482803615, 0.002060797279710157, 0.7336945647568602];('challenge', 859)
[0.000908890110444888, 0.003594730119513289, 0.0006246704285079142, 0.7762457249362789];('challenge', 860)
[8.290930551374787e-05, 0.0007866219641808757, 0.00015489497485957253, 0.8626356390889579];('challenge', 861)
[0.002024587626765224, 0.00024180262508109328, 0.9255296128741611, 0.0004517465613946539];('challenge', 862)
[0.0005585578526753705, 0.00023284155457354568, 0.891230293468446, 0.0004929255749003172];('challenge', 863)
[0.00012960177441817007, 0.636962686626026, 0.000957634781696814, 0.000957634781696814];('challenge', 864)
[0.0001294887316830514, 0.00027412764712417395, 0.004288075828527708, 0.8171627556302477];('challenge', 865)
[0.9062083940253205, 3.0099983130585264e-05, 0.0004423160232423072, 0.00018438475078495423];('challenge', 866)
[9.674000456355877e-05, 3.558865881776478e-05, 0.0004912862808324648, 0.7838923878134492];('challenge', 867)
[0.004392773579661507, 0.6519454430388736, 0.0018311804664080868, 0.0003182114508171586];('challenge', 868)
[0.0005195570920240422, 0.0018134324371454694, 0.8290010762175613, 0.0007559511082989801];('challenge', 869)
[0.829319154880805, 4.8344891344874046e-05, 0.0023293873135860205, 0.0004047868193052814];('challenge', 870)
[0.00030588382547470325, 0.01012948112744856, 0.0005714662203870177, 0.91182692097301];('challenge', 871)
[0.0003596652025259114, 0.00024719403765024263, 0.8349887877950495, 0.0005929876697351396];('challenge', 872)
[0.0013870998085645818, 0.435813804735066, 0.0972432040454318, 0.12486274559448662];('challenge', 873)
[0.09585330100056845, 0.00011223267672712789, 0.002894518882609071, 0.7082655027927081];('challenge', 874)
[0.829145039141995, 0.00014888150901882073, 0.000667240313580036, 0.00040470170758256365];('challenge', 875)
[0.0004407288069115078, 0.7968565067835718, 0.0013575402968523682, 0.0007266389585652926];('challenge', 876)
[0.8087110762322183, 4.160402452285319e-05, 0.001377736075374802, 0.0017690481382688637];('challenge', 877)
[0.0011714006482262263, 0.0006270055843376411, 0.77914740977162, 0.0017043778862473552];('challenge', 878)
[0.7109761044035011, 4.144609439903303e-05, 0.0022628811593118285, 0.00044558771986810084];('challenge', 879)
[0.0007382018800858508, 0.00030772832666305983, 0.007003864432157766, 0.8095366351903007];('challenge', 880)
[0.0006156817891513845, 8.332346931842709e-05, 0.8669445122554057, 0.0007905510658621607];('challenge', 881)
[0.4251585609229547, 0.0032461250901492213, 0.2008306957619487, 0.15640710312418074];('challenge', 882)
[0.0016520657292618576, 0.0001973110197322181, 0.004490780251272449, 0.855791171191286];('challenge', 883)
[0.002183957943407783, 0.000260836579750872, 0.7775427003403608, 0.0008034332277627878];('challenge', 884)
[0.0005039582647850516, 0.0006470952209338571, 0.7096261605306823, 0.00034636511234486795];('challenge', 885)
[0.7584183949325581, 0.00022452583591186617, 0.0006915879330182321, 0.0006103242087534725];('challenge', 886)
[0.7200756074365613, 0.0003514654370690718, 0.007059372013475134, 0.0029427840751991828];('challenge', 887)
[0.00034876972371961366, 4.165460334539719e-05, 0.8096940007236255, 0.0007383455109084201];('challenge', 888)
[0.00041416323523602353, 0.6608354352467924, 0.0012757125753764017, 0.0014455717313456666];('challenge', 889)
[0.0006884618290536687, 0.00032520634088385524, 0.8555159829390364, 0.008387182074621186];('challenge', 890)
[0.7076599423450869, 0.00014398638424521768, 0.0007312231948456395, 0.005403049207553729];('challenge', 891)
[0.0003510125609200355, 0.0002128999816608481, 0.8149011514717748, 0.0003510125609200355];('challenge', 892)
[0.002653091476235562, 0.7356287127412439, 0.00160918132335912, 0.0030063465021411095];('challenge', 893)
[0.0008035098527799218, 0.00012322222683263824, 0.00017928728213162522, 0.6862445896394239];('challenge', 894)
[0.005560845257907695, 0.000148191506550393, 0.8253024767290347, 0.0005172391812438245];('challenge', 895)
[0.0026955244543010273, 0.7473940452393724, 0.0014428102700170394, 0.003921964938901407];('challenge', 896)
[0.0002239572000887604, 0.7564977089748733, 0.0024077668112710035, 0.0021248467530926487];('challenge', 897)
[0.008615023636120326, 0.7754996906980501, 0.016094983081364846, 0.0024682455968123903];('challenge', 898)
[0.0048623339250436215, 0.8177189195635853, 0.0007456630578640355, 0.008016633367466263];('challenge', 899)
[0.0005644473923694656, 0.0008212661099012038, 0.00030212677349819274, 0.9006274534154642];('challenge', 900)
[0.007129325382650175, 0.0008514764921891771, 0.6417614190541637, 0.14319632821063913];('challenge', 901)
[0.710075116118557, 0.004784449353302432, 0.0008314126313622956, 0.0032883007454431617];('challenge', 902)
[0.19020398193242996, 0.0012815840437222397, 0.0002859600529194157, 0.5170280277874769];('challenge', 903)
[0.0006752059763318681, 0.0002483942788049355, 0.740453240347361, 0.0016197349349614514];('challenge', 904)
[0.00032571754437249505, 0.005773478864793565, 0.0011368653950225096, 0.7561765279327118];('challenge', 905)
[0.016826724844631265, 0.6314182479307564, 0.02448274018508128, 0.021605942380117635];('challenge', 906)
[0.8383096051551007, 0.0007644394332741337, 0.022340194931569694, 0.0020779618204266083];('challenge', 907)
[7.667272292128729e-05, 0.00038937603004689497, 0.00020841806945541053, 0.7977460871185539];('challenge', 908)
[0.8406786783901945, 3.8166750108088836e-05, 0.00041033123368174426, 0.0001509524249420286];('challenge', 909)
[0.00014795483264272262, 5.442954115121907e-05, 0.002042454437321543, 0.8239849048558493];('challenge', 910)
[0.00046500056950170315, 0.741951087762457, 0.003893402100358558, 0.001264002598299587];('challenge', 911)
[0.000517740594288598, 0.8261024656064101, 0.006307371663131872, 0.0005866769535080241];('challenge', 912)
[0.00041083125674667824, 0.8417030657846035, 0.002678956314222989, 0.0034398479976584296];('challenge', 913)
[0.00028344747250550503, 0.7456614627076343, 0.005693194674793543, 0.001848309698323141];('challenge', 914)
[0.9221753805155316, 0.0002730052856666912, 0.0005100407780979717, 0.00021261673025985167];('challenge', 915)
[0.7235671196696923, 2.55835326735356e-05, 0.000353169606329062, 0.0005822782421195152];('challenge', 916)
[0.0046633575740175955, 0.0017155533783122059, 0.0046633575740175955, 0.8886785189453941];('challenge', 917)
[0.000799514057465517, 0.7737501245515236, 0.0013181758327671625, 0.0014936889057701858];('challenge', 918)
[0.003113833566538846, 0.003998241442771318, 0.6724006824811746, 0.0018886355273481487];('challenge', 919)
[0.000600721060910318, 7.174586519374954e-05, 0.8458781248453829, 0.0008740439862048504];('challenge', 920)
[0.0001765576918026148, 0.00029109442198068866, 0.0002568899257576109, 0.7657780075118147];('challenge', 921)
[0.00039837343708280787, 0.00024162558838973833, 0.8161796548680444, 0.0003102533968145545];('challenge', 922)
[0.0006428198195263642, 0.01291138122005362, 0.9051576234697394, 0.002880918559367994];('challenge', 923)
[0.0007026932704988982, 0.0003761246037779215, 0.8732003614586318, 0.0005472580693235485];('challenge', 924)
[0.0038221918136139713, 0.8253636244773519, 0.002318276522259509, 0.0006641973440757085];('challenge', 925)
[0.0001221488568703328, 3.7253296563205e-05, 0.0007965106014065325, 0.8734797673359639];('challenge', 926)
[0.7993885856502264, 0.0008260064733072539, 0.0022453183865806495, 0.0037019041834496103];('challenge', 927)
[0.0010600829176501726, 0.6222532097062397, 0.0006429727913924524, 0.00030371884097632034];('challenge', 928)
[0.8733675517755525, 0.0006202432211053935, 0.0010226081916440248, 0.00048304590629161097];('challenge', 929)
[0.00047999833426628884, 0.0001213625269526638, 0.00047999833426628884, 0.7658813523333102];('challenge', 930)
[0.0005473426246214318, 0.6801543903176095, 0.0011587243454163959, 0.0011587243454163959];('challenge', 931)
[0.00017390945875635553, 0.8547249162929517, 0.00041718710399781125, 0.00032490564328078704];('challenge', 932)
[8.365174209488027e-05, 4.477555097180776e-05, 0.000481382309370712, 0.8703597236966468];('challenge', 933)
[0.0005718077603076328, 0.00044532433149389064, 0.0017612918976416536, 0.8051653515176352];('challenge', 934)
[0.00019020165094482856, 0.6424762487507141, 0.0006638693094303772, 0.00024422375410912986];('challenge', 935)
[0.00035437490777195664, 0.00011504868817805335, 0.0005156124483643138, 0.8227069490172654];('challenge', 936)
[0.0001189699980862281, 0.0023895762893125006, 0.0011287559142942115, 0.6625631977962976];('challenge', 937)
[0.0003643951821186214, 0.00015190251157908642, 0.8459699036712288, 0.0003643951821186214];('challenge', 938)
[0.6316930277455766, 4.172744302038749e-05, 0.0005760295827698267, 0.0008381180974962024];('challenge', 939)
[0.0005413689620043019, 0.6727310681393139, 0.0021411557801348886, 0.004000205630469642];('challenge', 940)
[0.00041532471030324104, 0.000118992465016405, 0.6626886160159294, 0.000775928711045739];('challenge', 941)
[0.0005597461974580532, 0.0013427613239741527, 0.8931266394833836, 0.0004939742854902374];('challenge', 942)
[0.004058877537848135, 0.00013888708557611222, 0.8764733405216856, 0.0014931776004068914];('challenge', 943)
[0.0053588222431070745, 0.0838260836817235, 0.258202484555121, 0.03959663817851556];('challenge', 944)
[0.0017546202041185182, 8.735739606208405e-05, 0.001205931654640685, 0.9089155582251449];('challenge', 945)
[0.0022572621066993246, 0.6258761837868952, 0.007878618897263467, 0.03530952020122462];('challenge', 946)
[0.7026464505707131, 5.2594371021881205e-05, 0.0025341387107574126, 0.0002080147725852909];('challenge', 947)
[0.0014423583343067196, 0.7471602485408003, 0.002694680127237203, 0.0009913174193438134];('challenge', 948)
[0.0005786371631514062, 0.8147817947849065, 0.002288554374996923, 0.0005106455042014532];('challenge', 949)
[0.001038560873013664, 0.7827676699922989, 0.0013335385577269545, 0.0006299190114607061];('challenge', 950)
[0.2601478785777573, 0.3785129298617751, 0.00420489832625144, 0.0146765372598748];('challenge', 951)
[0.0005774717667233258, 0.0008402164627668438, 0.03572691311111166, 0.7175943179886546];('challenge', 952)
[0.0003365550170731168, 0.6085057275312955, 0.001174692433639603, 0.0007124869767348673];('challenge', 953)
[0.0016624978317250577, 0.0012947546132019876, 0.8611952106496997, 0.0024189200719813343];('challenge', 954)
[0.0004214629926584114, 0.00019908492601885237, 0.001666918471835729, 0.7620228305896796];('challenge', 955)
[0.7792827616415495, 0.0002035943416109897, 0.0017046737386196048, 0.0005534265352838373];('challenge', 956)
[0.0018321429579968706, 0.7391393772473623, 0.00387864667251617, 0.00387864667251617];('challenge', 957)
[0.005284664475203482, 0.00020490877639055326, 0.6108242351485589, 0.01627791255740033];('challenge', 958)
[0.0045306551151598215, 0.00022556803596967452, 0.0007873098057752528, 0.8633898845828558];('challenge', 959)
[0.00216822322610782, 0.17224328466249084, 0.0027840537313751326, 0.6011881355918202];('challenge', 960)
[0.0024574237845836613, 0.05593070753746156, 0.0031553945989784026, 0.7720996475008339];('challenge', 961)
[0.8787592866059062, 0.00010844755664722238, 0.0011659205555576732, 0.00042891820242885436];('challenge', 962)
[0.00047787057958006615, 9.409829635590995e-05, 0.7624865518808729, 0.0010116520249097084];('challenge', 963)
[0.0002807108384979337, 0.6516903254983704, 0.000462813709660785, 0.000408431665249329];('challenge', 964)
[0.0006384557505388625, 0.0004972298384761076, 0.7933759272639498, 0.005345724549967249];('challenge', 965)
[0.0007855203450586965, 0.0005398797114310271, 0.0005398797114310271, 0.8614277982105387];('challenge', 966)
[0.8687154268414353, 0.0002002909615411535, 0.0016770156887825187, 0.0045586012728582505];('challenge', 967)
[0.47152829938289015, 0.0013244258709192139, 0.005935664950171613, 0.22273418402333664];('challenge', 968)
[0.0007563369048790557, 0.00016876165518364033, 0.5700543113178228, 0.005588615819842917];('challenge', 969)
[0.045220079411693974, 0.00039123043740748074, 0.8015451102663567, 0.005400769597039047];('challenge', 970)
[0.00025356725171490874, 6.411184143291793e-05, 0.8565169561153811, 0.00036893835019699713];('challenge', 971)
[0.6803240728900638, 0.09207185658517286, 0.0027803284928251378, 0.0006203751418693155];('challenge', 972)
[0.029161361599031287, 0.8522198560210341, 0.0039465611315701804, 0.002712429153821352];('challenge', 973)
[0.00013238866070952794, 9.098930713915418e-05, 0.0003598696907007398, 0.8354633849435655];('challenge', 974)
[0.0004865170172696098, 0.0002028104664269733, 0.8796434419012328, 0.0008021309549299873];('challenge', 975)
[0.0036796608462894144, 0.000207592259630851, 0.0028657227485273844, 0.7945856116965764];('challenge', 976)
[0.000384815990364742, 0.6957636945464882, 0.0004360536441971861, 0.0004360536441971861];('challenge', 977)
[0.000817592821790302, 0.4235234660682797, 0.003664196813404454, 0.00038620350277488374];('challenge', 978)
[0.03243812721648685, 0.0005243133687078582, 0.005636899940614296, 0.8365902897918465];('challenge', 979)
[0.00029674290777044135, 0.607961217522573, 0.002815418320238849, 0.0008066308539164891];('challenge', 980)
[0.600777622695807, 0.014128933762237063, 0.04931482445346897, 0.002782152015971196];('challenge', 981)
[0.7695088263417263, 0.0001381731505812691, 0.000795131582087114, 0.0006192490987742494];('challenge', 982)
[0.0004924986826760034, 0.00020530409344592072, 0.00038355835972970673, 0.8904586002240167];('challenge', 983)
[0.00018410063177711655, 0.00020861334610686503, 0.0013603298960496888, 0.9048120013479327];('challenge', 984)
[0.00027030810907391974, 0.7110954917821056, 0.0019973208295460424, 0.0005050017912348224];('challenge', 985)
[0.8504639390138667, 0.000366330921336246, 0.000878782196609725, 0.00041510731682271244];('challenge', 986)
[0.0005530922821398036, 0.0007101845480413353, 0.778811842749247, 0.0007101845480413353];('challenge', 987)
[0.7673814433385046, 0.0006175370683873224, 0.00042442660635861414, 0.00017692733233194713];('challenge', 988)
[0.002189988626206079, 0.00033584563316260365, 0.8835045482245895, 0.0004886525128886023];('challenge', 989)
[0.7126213613264919, 0.00012795841896332994, 0.0010713827247228014, 0.0005060853643435852];('challenge', 990)
[0.0001792161678617768, 9.59275020233938e-05, 0.01256402334714309, 0.7773087620174447];('challenge', 991)
[0.0003419053609470265, 0.00011100047196363629, 0.793758113521839, 0.0008201883232507249];('challenge', 992)
[0.0003303524834787235, 0.6768198962593016, 0.0019010481919420022, 0.0006993565464916046];('challenge', 993)
[0.0016240015985448633, 0.7424036344882708, 0.0009850067609397874, 0.0005974368005342134];('challenge', 994)
[0.0003068257572653314, 0.00044642905547869675, 0.7123184264467436, 0.0005732262539825485];('challenge', 995)
[0.8025380044389067, 3.64351560030216e-05, 0.0005029720538603472, 0.000829260723767285];('challenge', 996)
[0.8131154465951642, 0.0012224698494212559, 0.002587968691533293, 0.0017786831355375327];('challenge', 997)
[0.0011731273341383914, 0.0008062778394099509, 0.8841910663049009, 0.0028141861785420715];('challenge', 998)
[0.8251205606835135, 0.0009661166908412345, 0.001592857138168363, 0.0018049436020719327];('challenge', 999)
[0.00026233988169560785, 9.066223714613959e-05, 0.7820242122723784, 0.0007131137332932666];('challenge', 1000)
[0.8417258680913271, 0.00015114040897817893, 0.0020864299831388987, 0.0018412679975797078];('challenge', 1001)
[0.059114374300460786, 0.5608615674943933, 0.04603832099597499, 0.024642537462921395];('challenge', 1002)
[0.47899238790806586, 5.91123532273743e-05, 0.0011873033533649382, 0.00020632238578616264];('challenge', 1003)
[0.87759348167741, 0.0001785625915341674, 0.0021753366556909594, 0.0011643738058348656];('challenge', 1004)
[0.00023619811969790297, 5.270292427495109e-05, 0.7040969861935122, 0.0017452819891248471];('challenge', 1005)
[0.0004198440873378461, 0.7590958494969607, 0.0006108695425547804, 0.0007843720189207519];('challenge', 1006)
[0.0002261496041891252, 0.00013716666862258103, 0.0005425049569161909, 0.8656163998685722];('challenge', 1007)
[0.4617869907728421, 0.015801480001370025, 0.359640070026077, 0.0018872176595708307];('challenge', 1008)
[0.0019434316805327773, 0.6919096870805814, 0.0006309398902273502, 0.003204177149846886];('challenge', 1009)
[0.057038356588691976, 0.03920185096326441, 0.6948694139614686, 0.023777124526705096];('challenge', 1010)
[0.0010024782315135893, 0.755572178675059, 0.0039648783186939825, 0.0012872075289396268];('challenge', 1011)
[0.0008196444887175527, 0.00011808098420699048, 0.2918135813925532, 0.33066810833886207];('challenge', 1012)
[0.0024444734127295658, 0.0011546874792381285, 0.043329338324786346, 0.8702929988430338];('challenge', 1013)
[0.0005304050275487325, 0.7468658908035153, 0.0012723755163825921, 0.00041307985079996293];('challenge', 1014)
[0.7843183543267561, 0.00012428416648274117, 0.006785682332702728, 0.0002049099488913313];('challenge', 1015)
[0.7169916577283311, 0.0015684126961225731, 0.000396556832142664, 0.001777244420381664];('challenge', 1016)
[0.0013795373105744424, 0.0001283169582901342, 0.9175877132742339, 0.00034880165600320904];('challenge', 1017)
[0.0006219387317941586, 0.601896875905804, 0.00037722490929594963, 0.002787336016701798];('challenge', 1018)
[0.0006875003001934916, 0.00025291710564007787, 0.8543209369637041, 0.0010003070343289663];('challenge', 1019)
[0.001008315999246851, 0.00028888723278289863, 0.0018837822894071609, 0.7599718576760126];('challenge', 1020)
[0.8511936533358212, 0.000533465772196921, 0.0023908277206543967, 0.001129347048603175];('challenge', 1021)
[0.0004095633958799553, 8.06478143850405e-05, 0.0012615440726895242, 0.8391055721916724];('challenge', 1022)
[0.7198217169093367, 0.00027362511987387135, 0.0017842599134761596, 0.0006563925398742156];('challenge', 1023)
[0.0005917338319631182, 0.00014961381423895755, 0.7353169835875512, 0.003405193092898085];('challenge', 1024)
[0.0006988355127068889, 5.7363912098876576e-05, 0.8684065136549544, 0.00033010652207035265];('challenge', 1025)
[0.000432156735711413, 0.0002621163100103015, 0.8853942911457992, 0.0015083752190100286];('challenge', 1026)
[0.6746182310916191, 8.325452358174187e-05, 0.0014757217405166046, 0.00019971721973124172];('challenge', 1027)
[0.7741237794647998, 8.430887607486667e-05, 0.005910508521714335, 0.000705909576714084];('challenge', 1028)
[0.00016328839310625101, 6.007044280571042e-05, 0.00023758321007639712, 0.9093800429288729];('challenge', 1029)
[0.00045905815512485137, 0.00014903436272225505, 0.8299967635826557, 0.001247849441281817];('challenge', 1030)
[0.0006170908213343402, 0.001152877432326411, 0.868928590251547, 0.0013063812790163273];('challenge', 1031)
[0.0004683989596101906, 0.0001723143475066819, 0.8468850344274585, 0.000991600605276133];('challenge', 1032)
[0.0004402998774797387, 0.0001429443734401712, 0.0003429058893674641, 0.9020776801951853];('challenge', 1033)
[0.4911775831313177, 0.007939147153191483, 0.01019406673152199, 0.0753245309554586];('challenge', 1034)
[0.00011459359856398929, 3.283161567805393e-05, 0.0017925463333734145, 0.8194530307480153];('challenge', 1035)
[0.0027639981521304547, 0.7663799450195066, 0.00189966629655732, 0.001016818095604651];('challenge', 1036)
[0.001139158074787128, 0.6686690738722912, 0.042746581199830665, 0.0014627079216517475];('challenge', 1037)
[0.00018808884723175797, 0.1417633226940933, 0.024634771621190578, 0.059095745014595864];('challenge', 1038)
[0.0010516071107654786, 0.0002658877900461324, 0.8981342476092011, 0.0011916269707979766];('challenge', 1039)
[0.00010379320952156878, 5.555650159908576e-05, 0.0007669334821404653, 0.8410447369544055];('challenge', 1040)
[0.0005759524050216031, 0.0001285124136498231, 0.811001434270387, 0.0005082762134677131];('challenge', 1041)
[0.0010246694753913257, 0.00012237937529330806, 0.001490885289515715, 0.8751281267169714];('challenge', 1042)
[0.002680170143751801, 0.8420843769512407, 0.028814544556403775, 0.005007217036294841];('challenge', 1043)
[0.0005703563320527094, 0.00023775977914319396, 0.0009403586165338073, 0.9100557343856004];('challenge', 1044)
[0.0005715741391218116, 0.0005044124073724553, 0.8048364963008035, 0.0013711350810098266];('challenge', 1045)
[0.00041690153784836373, 8.209278021292602e-05, 0.0010000947991613287, 0.8541396502145254];('challenge', 1046)
[0.0008105976654876691, 0.00015961614422778584, 0.7844763468529309, 0.0004916523368097565];('challenge', 1047)
[0.16985640487677456, 0.020286454613546896, 0.5231945290132589, 0.09091758191744234];('challenge', 1048)
[0.00019911169838630907, 8.30021047309348e-05, 0.8636006216500985, 0.000541241453473024];('challenge', 1049)
[0.000429007588789358, 0.026541759670180267, 0.13479017758930198, 0.6845209222931373];('challenge', 1050)
[0.0006589336228851931, 0.7226085462009424, 0.003346341054698205, 0.01925686318819413];('challenge', 1051)
[0.8529172182879955, 0.0009986632700653654, 0.013786121198517695, 0.0012823090214764234];('challenge', 1052)
[0.0004290560738509628, 6.579784860516295e-05, 0.0011662953289390543, 0.8790415191217026];('challenge', 1053)
[0.5969275669953068, 0.0008974440856221207, 0.008514712412285004, 0.010933107153160536];('challenge', 1054)
[0.004257516576239268, 0.8113389622054267, 0.07546628701799431, 0.0013822132612951522];('challenge', 1055)
[0.0003393818363074288, 0.6953187727987298, 0.003648698597255974, 0.0005595460524093268];('challenge', 1056)
[0.0002340575834190625, 0.018593496872800347, 0.0025163561656395073, 0.5433816614842917];('challenge', 1057)
[0.016103081912029395, 0.8791984298246804, 0.001697252346584082, 0.0010294355854724585];('challenge', 1058)
[0.0002158475911386965, 0.643432466558128, 0.0007533821196160522, 0.0005177914536449305];('challenge', 1059)
[0.0030765028268895573, 0.000286159475449733, 9.889406847770549e-05, 0.8530291069759024];('challenge', 1060)
[0.0007976584413525999, 0.0001386122528803769, 0.0031548003342347763, 0.8747388262338559];('challenge', 1061)
[0.00042282918022517793, 0.0014758188514083135, 0.764493205835165, 0.0031243085329486983];('challenge', 1062)
[0.41237840521947844, 0.09201405411391114, 0.3211606057640025, 0.00666547731292163];('challenge', 1063)
[0.0016538557156022882, 0.7560513968971543, 0.062060477873899664, 0.001136677302000624];('challenge', 1064)
[0.6690085120592035, 0.0002881704347392899, 0.005107943175019897, 0.0018791072807618026];('challenge', 1065)
[0.0009266696489784056, 0.7914301567785955, 0.0010500542792438593, 0.0010500542792438593];('challenge', 1066)
[0.0013289959498355873, 0.003188095549842927, 0.8839707076214388, 0.0013289959498355873];('challenge', 1067)
[0.00023827323083911578, 0.7102823635597044, 0.0006476937935981958, 0.0002699989429325789];('challenge', 1068)
[0.0006405931362177543, 0.7024955904940624, 0.003253200378055136, 0.0011967855370976484];('challenge', 1069)
[0.002021654941091426, 0.00024145236555906156, 0.6351852143913084, 0.02173484411136037];('challenge', 1070)
[0.009308272580598007, 0.34929039331970213, 0.3957978688613238, 0.017390142619379427];('challenge', 1071)
[0.0003535847986120828, 0.00013007664014549064, 0.8208727636114455, 0.003354719164983471];('challenge', 1072)
[0.0006566940207243488, 0.00010720230082054403, 0.00035150297963279433, 0.9246938414628024];('challenge', 1073)
[0.0002931501254893678, 4.495602777500861e-05, 0.0016869633010191262, 0.8738685856077772];('challenge', 1074)
[0.8239249396649835, 0.00011521898823307928, 0.002622372084967175, 0.0002763959842682197];('challenge', 1075)
[0.0003570936813848616, 0.7316065586034154, 0.0014123329071472832, 0.0008566232099059031];('challenge', 1076)
[0.8128903314808988, 0.0007412600553423351, 0.014888606211262605, 0.002587251813811894];('challenge', 1077)
[0.36489284960651885, 9.533133400036022e-05, 0.2841788370107132, 0.0007044089108028198];('challenge', 1078)
[0.0009009479903100419, 0.00102090782151349, 0.0016831924407534208, 0.8719153746354866];('challenge', 1079)
[0.0008923762960558457, 0.7621419086851121, 0.002140699449530237, 0.0008923762960558457];('challenge', 1080)
[0.010845552749645876, 0.003989855884735125, 0.5225679959363845, 0.0908087013748617];('challenge', 1081)
[0.00031231659758441325, 4.2267455193581755e-05, 0.5646817224865281, 0.0015860745547999948];('challenge', 1082)
[0.0007893046751469415, 5.717706615778647e-05, 0.0011484315258568083, 0.8655777175630774];('challenge', 1083)
[0.8871038122296269, 0.00029759027363056507, 0.005274911299249275, 0.0004329910867400649];('challenge', 1084)
[0.0029360198789552777, 0.0013868775890011958, 0.922469976270323, 0.0006551145857902646];('challenge', 1085)
[0.00029332099238069456, 0.7716355299737915, 0.05589708697857121, 0.004588312307715969];('challenge', 1086)
[0.0047716268291179385, 0.018872150202307682, 0.0019891099971382606, 0.8024642343121774];('challenge', 1087)
[0.00038140789725112393, 0.0006288353130109369, 0.0021948509061710366, 0.7814208977194568];('challenge', 1088)
[0.004729446214931989, 0.4824165428057329, 0.002868554132818116, 0.039599158892060726];('challenge', 1089)
[0.009260989576974757, 0.7356915480153556, 0.0023415448613942676, 0.0023415448613942676];('challenge', 1090)
[0.0006951089677966, 0.00019915195865118464, 0.8637758075083564, 0.000541351408439948];('challenge', 1091)
[0.00020118037383586734, 0.0159817289979012, 0.0002927157167208672, 0.7700428494250434];('challenge', 1092)
[0.002730226087613259, 0.002730226087613259, 0.0005376133925981195, 0.8578116650203268];('challenge', 1093)
[0.7135367019835496, 0.10942440705863077, 0.0037442964142061943, 0.010178052903101061];('challenge', 1094)
[0.003621108742620161, 0.0009155596708491152, 0.0046495956621144755, 0.8860560423575314];('challenge', 1095)
[0.0002153286548291869, 0.021964119916744518, 0.0006632589506597165, 0.8241974947571167];('challenge', 1096)
[0.0028815532920875597, 0.0017477504192469782, 0.9053571045076615, 0.007832873951617953];('challenge', 1097)
[0.00022457294824905155, 9.965364170249418e-05, 0.7585779862856749, 0.002130689824971054];('challenge', 1098)
[0.0004064935930147719, 0.00035872933675601935, 0.0004606175861062649, 0.8328160580649335];('challenge', 1099)
[0.6003029453541172, 3.965392342010081e-05, 0.0024533013701834925, 0.0014880024985313013];('challenge', 1100)
[0.0025613036724922746, 0.8047377400186269, 0.0012098741862980767, 0.0025613036724922746];('challenge', 1101)
[0.00282211324066048, 0.2540385381294756, 0.2878633765007732, 0.014331873606448154];('challenge', 1102)
[0.7703528618877206, 0.0016851398925829017, 0.005190596289917775, 0.007552273038579451];('challenge', 1103)
[0.00013428893428398182, 0.00010458432717818948, 0.0003650351698272787, 0.6599991288244098];('challenge', 1104)
[0.002006232226909348, 0.0009476770010230979, 0.8093716658595963, 0.0012168413561240725];('challenge', 1105)
[0.0013004687553048286, 0.0010128060849912957, 0.8649958729582926, 0.0007887741720907049];('challenge', 1106)
[0.00021721088890657992, 0.831402044243307, 0.0012499623625593882, 0.0004058033651099775];('challenge', 1107)
[0.0007790777930363239, 0.0016493077008004635, 0.6653781960023921, 0.001133551500187547];('challenge', 1108)
[0.0017570197341708837, 0.5520392233182456, 0.0032825450154933913, 0.03529068474545866];('challenge', 1109)
[0.000611042007791683, 9.370632684575206e-05, 0.000611042007791683, 0.8604113546605997];('challenge', 1110)
[0.00027738675203789953, 0.00016824356970909188, 0.8268780938081556, 0.0010970858862316385];('challenge', 1111)
[0.0018760784610554273, 0.00032601339694470513, 0.8576393245895152, 0.00041860968746631723];('challenge', 1112)
[0.0001575986680891618, 0.00010831587492941781, 0.002465259125883987, 0.8776930045224522];('challenge', 1113)
[0.4951611380923792, 0.0070630926124232735, 0.011645071027027188, 0.00800353246763516];('challenge', 1114)
[0.011554619163893394, 0.02771809044346263, 0.7148589317834878, 0.006184741959658478];('challenge', 1115)
[0.07046261411528819, 0.14916935525263758, 0.07984460218378353, 0.14916935525263758];('challenge', 1116)
[0.000784095668515769, 0.00013625546133204969, 0.0004196961676253031, 0.8598654247914533];('challenge', 1117)
[0.006226954485773837, 0.0017840523300042827, 0.815569920715375, 0.0037768388122569473];('challenge', 1118)
