correct_answer_idx;id;model_guessed_its_correct;yes_no_probabilities;answer_token_len;reasoning_token_len;frequency_of_answer;is_correct;iter
1;(0, 0);False;[3.114788234688097e-05, 0.9982370279927745];473;0;1.0;True;0
1;(0, 0);False;[2.428227510969928e-05, 0.9992359757763258];420;0;1.0;True;1
1;(0, 0);False;[2.746650077715577e-05, 0.9974594452137318];413;0;1.0;True;2
1;(0, 0);False;[1.8899497976068055e-05, 0.9986255013727182];444;0;1.0;True;3
1;(0, 0);False;[1.889223571349032e-05, 0.9982423734385705];431;0;1.0;True;4
1;(0, 0);False;[1.667884386112095e-05, 0.9986318021978396];376;0;1.0;True;5
1;(0, 0);False;[1.8895947588325878e-05, 0.9984382976516581];485;0;1.0;True;6
1;(0, 0);False;[1.8902472164424603e-05, 0.9987826878975272];499;0;1.0;True;7
1;(0, 0);False;[1.4721203966595687e-05, 0.9987794771232754];449;0;1.0;True;8
1;(0, 0);False;[1.6664200696456072e-05, 0.9977546202177331];329;0;1.0;True;9
1;(0, 1);True;[0.9983079501567792, 0.000625666392184943];522;0;1.0;True;0
1;(0, 1);True;[0.9977661316027424, 0.001030989388667885];536;0;1.0;True;1
1;(0, 1);True;[0.9974664428353421, 0.0008026941717329327];576;0;1.0;True;2
1;(0, 1);True;[0.9979776595181362, 0.00048710825320746485];504;0;1.0;True;3
1;(0, 1);True;[0.9963151599422032, 0.001166565084611397];391;0;1.0;True;4
1;(0, 1);True;[0.996173772871785, 0.001321703596943456];526;0;1.0;True;5
1;(0, 1);True;[0.996985253445845, 0.0008023069177162942];674;0;1.0;True;6
1;(0, 1);True;[0.9979803902140163, 0.0004871094145654253];441;0;1.0;True;7
1;(0, 1);True;[0.997916399742183, 0.0005519320121156308];426;0;1.0;True;8
1;(0, 1);True;[0.9971255672549528, 0.0009092607366447843];463;0;1.0;True;9
1;(0, 2);False;[2.7422529929138612e-05, 0.9958628625194023];411;0;1.0;True;0
1;(0, 2);False;[4.518710708231341e-05, 0.995312238852228];498;0;1.0;True;1
1;(0, 2);False;[5.134173797875252e-05, 0.9979958251064076];550;0;1.0;True;2
1;(0, 2);False;[2.1412117979839363e-05, 0.9984473293853817];511;0;1.0;True;3
1;(0, 2);False;[2.7487909693191855e-05, 0.9982373842929583];462;0;1.0;True;4
1;(0, 2);False;[2.4263224061531615e-05, 0.9984520829255566];573;0;1.0;True;5
1;(0, 2);False;[3.995003338391693e-05, 0.9971229596216566];583;0;1.0;True;6
1;(0, 2);False;[6.583996714084917e-05, 0.9967220345013584];580;0;1.0;True;7
1;(0, 2);False;[3.103793096735152e-05, 0.9947131532652341];491;0;1.0;True;8
1;(0, 2);False;[5.131320031077181e-05, 0.9974411804705229];492;0;1.0;True;9
1;(0, 3);False;[1.6664391404189802e-05, 0.9977661316027424];489;0;1.0;True;0
1;(0, 3);False;[2.7506606997388012e-05, 0.9989160141378461];499;0;1.0;True;1
1;(0, 3);False;[3.532312364203528e-05, 0.9990273646846385];464;0;1.0;True;2
1;(0, 3);False;[3.529500639756893e-05, 0.9982323951722814];476;0;1.0;True;3
1;(0, 3);False;[1.6675726540211628e-05, 0.9984444772256461];528;0;1.0;True;4
1;(0, 3);False;[2.7493310413457026e-05, 0.9984335441771136];433;0;1.0;True;5
1;(0, 3);False;[1.8883265357893806e-05, 0.997768149221741];526;0;1.0;True;6
1;(0, 3);False;[1.8892343816039483e-05, 0.9982477191454135];471;0;1.0;True;7
1;(0, 3);False;[1.6672546201100278e-05, 0.9982541339152006];390;0;1.0;True;8
1;(0, 3);False;[1.8892325798905e-05, 0.998246887537486];514;0;1.0;True;9
1;(1, 0);False;[5.8229321689618995e-05, 0.9988789027796802];393;0;1.0;True;0
1;(1, 0);False;[7.475623606279381e-05, 0.9987225183503764];504;0;1.0;True;1
1;(1, 0);False;[5.822154775539864e-05, 0.9987453486052911];439;0;1.0;True;2
1;(1, 0);False;[3.531871095267376e-05, 0.9989031676440537];418;0;1.0;True;3
1;(1, 0);False;[5.8229321689618995e-05, 0.9988793786172318];551;0;1.0;True;4
1;(1, 0);False;[4.5349733306327196e-05, 0.9988943655229748];388;0;1.0;True;5
1;(1, 0);False;[8.464474429780706e-05, 0.9979541519559779];457;0;1.0;True;6
1;(1, 0);False;[5.8145695361861306e-05, 0.9974447385473438];545;0;1.0;True;7
1;(1, 0);False;[5.8212275919827037e-05, 0.9985865096382596];378;0;1.0;True;8
1;(1, 0);False;[5.140876348098596e-05, 0.999298111872412];369;0;1.0;True;9
1;(1, 1);True;[0.9993315637550668, 0.000261083957611556];389;0;1.0;True;0
1;(1, 1);True;[0.9990859050225344, 0.0003351559628712104];398;0;1.0;True;1
1;(1, 1);True;[0.9992200263939693, 0.00020330970409416458];491;0;1.0;True;2
1;(1, 1);True;[0.9987352413695592, 0.0004301977695533372];359;0;1.0;True;3
1;(1, 1);True;[0.999122317759627, 0.0002303574479202881];414;0;1.0;True;4
1;(1, 1);True;[0.9987380951737715, 0.00043019900036078923];442;0;1.0;True;5
1;(1, 1);True;[0.9993148970921532, 0.00023040182876326096];393;0;1.0;True;6
1;(1, 1);True;[0.9986056485346647, 0.00033499490824448816];428;0;1.0;True;7
1;(1, 1);True;[0.9990128496493205, 0.0003351313522930337];389;0;1.0;True;8
1;(1, 1);True;[0.9986019633214296, 0.0003349936303427651];426;0;1.0;True;9
1;(1, 2);False;[8.468794239952682e-05, 0.9984637294038565];398;0;1.0;True;0
1;(1, 2);False;[0.00015834319294333844, 0.9992543063060755];369;0;1.0;True;1
1;(1, 2);False;[7.457487288669201e-05, 0.9962998953275906];351;0;1.0;True;2
1;(1, 2);False;[7.469908085500494e-05, 0.9979597319602734];393;0;1.0;True;3
1;(1, 2);False;[5.8162333358715215e-05, 0.9977302923069986];498;0;1.0;True;4
1;(1, 2);False;[4.534960355988507e-05, 0.9988918676897358];387;0;1.0;True;5
1;(1, 2);False;[5.140861639954425e-05, 0.9992957310497261];341;0;1.0;True;6
1;(1, 2);False;[0.00012318039899471712, 0.9981414116606654];434;0;1.0;True;7
1;(1, 2);False;[7.468013379209151e-05, 0.9977065592041235];380;0;1.0;True;8
1;(1, 2);False;[6.59817736157404e-05, 0.9988684360388663];436;0;1.0;True;9
1;(1, 3);False;[5.820228397802684e-05, 0.9984153626015214];375;0;1.0;True;0
1;(1, 3);False;[5.1353490514921034e-05, 0.9982243175956619];472;0;1.0;True;1
1;(1, 3);False;[4.536024400101553e-05, 0.9991257687766337];345;0;1.0;True;2
1;(1, 3);False;[5.140876348098596e-05, 0.9992985880259965];473;0;1.0;True;3
1;(1, 3);False;[5.8274764431782785e-05, 0.9996583437269434];272;0;1.0;True;4
1;(1, 3);False;[5.82485944159258e-05, 0.9992099095271114];331;0;1.0;True;5
1;(1, 3);False;[9.601179542777637e-05, 0.9989607416826303];374;0;1.0;True;6
1;(1, 3);False;[6.602224687782042e-05, 0.9994813510835698];346;0;1.0;True;7
1;(1, 3);False;[3.532699783139365e-05, 0.999136955003941];404;0;1.0;True;8
1;(1, 3);False;[5.134183590543964e-05, 0.9979970124872067];368;0;1.0;True;9
3;(2, 0);False;[3.531884568312084e-05, 0.9989067360527563];499;0;1.0;True;0
3;(2, 0);False;[0.000260911962845329, 0.9986732941438677];632;0;1.0;True;1
3;(2, 0);False;[0.04200571781320258, 0.9560457129490385];526;0;1.0;True;2
3;(2, 0);False;[6.59616406486322e-05, 0.9985639244615935];534;0;1.0;True;3
3;(2, 0);False;[0.00023026014758546545, 0.9986999269584542];527;0;1.0;True;4
3;(2, 0);False;[0.00015812589090270535, 0.9978828050045869];546;0;1.0;True;5
3;(2, 0);False;[6.595012986927834e-05, 0.9983896955575496];549;0;1.0;True;6
3;(2, 0);False;[7.479695551006225e-05, 0.9992670428470006];566;0;1.0;True;7
3;(2, 0);False;[3.9985100140224825e-05, 0.9979986745903342];602;0;1.0;True;8
3;(2, 0);False;[3.996363715708528e-05, 0.9974622917727444];568;0;1.0;True;9
3;(2, 1);False;[2.4271023229735144e-05, 0.9987732933830004];552;0;1.0;True;0
3;(2, 1);False;[0.0001230851644280382, 0.9973690769358221];651;0;1.0;True;1
3;(2, 1);False;[5.129685826247311e-05, 0.997123315059875];453;0;1.0;True;2
3;(2, 1);False;[5.8236374656412945e-05, 0.9990002385784845];642;0;1.0;True;3
3;(2, 1);False;[5.822149223103036e-05, 0.9987448729478569];543;0;1.0;True;4
3;(2, 1);False;[7.476650297448526e-05, 0.998860348199044];676;0;1.0;True;5
3;(2, 1);False;[5.820172892043971e-05, 0.998406212602579];595;0;1.0;True;6
3;(2, 1);False;[0.00010874893746855909, 0.9985327821865947];572;0;1.0;True;7
3;(2, 1);False;[5.82763761333076e-05, 0.9996866969655822];1563;0;1.0;True;8
3;(2, 1);False;[4.5328459850605e-05, 0.9984257010400848];674;0;1.0;True;9
3;(2, 2);False;[6.5905363868562e-05, 0.9977118990217447];493;0;1.0;True;0
3;(2, 2);False;[9.575274476673456e-05, 0.9962653445863543];512;0;1.0;True;1
3;(2, 2);False;[0.001028791270760421, 0.9956387582261839];756;0;1.0;True;2
3;(2, 2);False;[0.00026087115873014614, 0.9985169741038618];569;0;1.0;True;3
3;(2, 2);False;[5.1394106432810166e-05, 0.9990130875999721];400;0;1.0;True;4
3;(2, 2);False;[8.473108174132749e-05, 0.9989720432301541];396;0;1.0;True;5
3;(2, 2);False;[0.0008024656998727917, 0.9971823439386781];575;0;1.0;True;6
3;(2, 2);False;[7.440069003593444e-05, 0.9939733183305688];675;0;1.0;True;7
3;(2, 2);False;[0.00015828249942814528, 0.9988712905725233];428;0;1.0;True;8
3;(2, 2);False;[6.592214755680225e-05, 0.9979663803733947];533;0;1.0;True;9
3;(2, 3);True;[0.9974584962851198, 0.0008026876649343738];425;0;1.0;True;0
3;(2, 3);True;[0.9970710486616434, 0.0007080944810521806];477;0;1.0;True;1
3;(2, 3);True;[0.997000776014074, 0.0010301986850260196];365;0;1.0;True;2
3;(2, 3);True;[0.996984186814955, 0.0008023061525771576];475;0;1.0;True;3
3;(2, 3);True;[0.9978325953037003, 0.0008029889467390681];498;0;1.0;True;4
3;(2, 3);True;[0.9983129401199522, 0.0006256693756019004];510;0;1.0;True;5
3;(2, 3);True;[0.9973131088391498, 0.0013232157705847247];350;0;1.0;True;6
3;(2, 3);True;[0.9965357804281525, 0.0006245554627847149];402;0;1.0;True;7
3;(2, 3);True;[0.9953384563154718, 0.0010284807894018462];465;0;1.0;True;8
3;(2, 3);True;[0.9971256856572676, 0.0009092607366447843];438;0;1.0;True;9
0;(3, 0);True;[0.9889433348702769, 0.00855603487213806];541;0;1.0;True;0
0;(3, 0);True;[0.9954667300383967, 0.0031683517427637652];330;0;1.0;True;1
0;(3, 0);True;[0.985111890390671, 0.014051869009172827];326;0;1.0;True;2
0;(3, 0);True;[0.99211169842928, 0.006684794640406472];376;0;1.0;True;3
0;(3, 0);True;[0.9917873711912982, 0.006682611519407597];401;0;1.0;True;4
0;(3, 0);True;[0.9889391377671063, 0.009695216072306263];389;0;1.0;True;5
0;(3, 0);True;[0.9851129317048506, 0.012400742702383668];354;0;1.0;True;6
0;(3, 0);True;[0.9927342044310522, 0.005903013648124755];413;0;1.0;True;7
0;(3, 0);True;[0.9945743430154687, 0.004064598807731577];423;0;1.0;True;8
0;(3, 0);True;[0.9813192034670651, 0.015861547752680893];339;0;1.0;True;9
0;(3, 1);False;[0.0005519238535434732, 0.9979019170541246];381;0;1.0;True;0
0;(3, 1);False;[0.00013971592346932784, 0.9991011361971082];344;0;1.0;True;1
0;(3, 1);False;[0.0002954961066868842, 0.9981467562458481];374;0;1.0;True;2
0;(3, 1);False;[0.003170760854023419, 0.9962234609465846];522;0;1.0;True;3
0;(3, 1);False;[0.00023025861043827434, 0.9986937441757509];316;0;1.0;True;4
0;(3, 1);False;[0.00017939161129747555, 0.9990607984902149];455;0;1.0;True;5
0;(3, 1);False;[7.481514736551443e-05, 0.999510170640444];288;0;1.0;True;6
0;(3, 1);False;[0.005208432512529266, 0.9925513168727271];558;0;1.0;True;7
0;(3, 1);False;[0.00015824355913068654, 0.9986257391148536];389;0;1.0;True;8
0;(3, 1);False;[0.0002601117271038527, 0.9956101614485738];427;0;1.0;True;9
0;(3, 2);False;[9.602168484726117e-05, 0.9990643680435584];369;0;1.0;True;0
0;(3, 2);False;[6.59378664953231e-05, 0.998203649295741];416;0;1.0;True;1
0;(3, 2);False;[0.0002032552279545133, 0.9989528903339621];451;0;1.0;True;2
0;(3, 2);False;[0.00020318003222280213, 0.9985831812680137];455;0;1.0;True;3
0;(3, 2);False;[4.5336068720630194e-05, 0.9985931665282842];435;0;1.0;True;4
0;(3, 2);False;[0.0001397184551185326, 0.9991194617525615];369;0;1.0;True;5
0;(3, 2);False;[9.579366349346263e-05, 0.996691007104396];430;0;1.0;True;6
0;(3, 2);False;[7.473150144916386e-05, 0.9983926662297846];405;0;1.0;True;7
0;(3, 2);False;[9.60464128527145e-05, 0.9993212065132902];473;0;1.0;True;8
0;(3, 2);False;[6.596226971085734e-05, 0.9985733150305481];409;0;1.0;True;9
0;(3, 3);False;[5.824759452111569e-05, 0.9991926517704652];311;0;1.0;True;0
0;(3, 3);False;[5.8267095566265875e-05, 0.9995270820949422];285;0;1.0;True;1
0;(3, 3);False;[8.478321755198723e-05, 0.9995873485812236];317;0;1.0;True;2
0;(3, 3);False;[5.1418226604798885e-05, 0.9994824228877033];366;0;1.0;True;3
0;(3, 3);False;[4.5367598610128325e-05, 0.9992882314749832];333;0;1.0;True;4
0;(3, 3);False;[8.474845678169404e-05, 0.9991774178630727];355;0;1.0;True;5
0;(3, 3);False;[0.00012320389603205918, 0.9983315931987892];514;0;1.0;True;6
0;(3, 3);False;[9.597169877801542e-05, 0.9985439550906806];530;0;1.0;True;7
0;(3, 3);False;[4.004329491148713e-05, 0.9994512233449835];422;0;1.0;True;8
0;(3, 3);False;[4.537382932950526e-05, 0.9994252649204793];414;0;1.0;True;9
2;(4, 0);False;[1.6683775507434104e-05, 0.99892695770259];459;0;1.0;True;0
2;(4, 0);False;[2.143111717783969e-05, 0.9993332304657307];489;0;1.0;True;1
2;(4, 0);False;[2.140803433190331e-05, 0.9982568661810648];531;0;1.0;True;2
2;(4, 0);False;[2.1434060496004194e-05, 0.999470752600702];524;0;1.0;True;3
2;(4, 0);False;[2.1412220081017674e-05, 0.998452558327313];503;0;1.0;True;4
2;(4, 0);False;[2.4277620921985427e-05, 0.9990446167370451];448;0;1.0;True;5
2;(4, 0);False;[2.4258457851718504e-05, 0.9982560345655173];418;0;1.0;True;6
2;(4, 0);False;[2.4239541072625607e-05, 0.9974775920795252];765;0;1.0;True;7
2;(4, 0);False;[2.1412281341958354e-05, 0.9984552916012156];501;0;1.0;True;8
2;(4, 0);False;[2.745777952796263e-05, 0.9971433461003534];474;0;1.0;True;9
2;(4, 1);False;[1.6672705203649473e-05, 0.9982635186655328];489;0;1.0;True;0
2;(4, 1);False;[1.6683870973036443e-05, 0.9989323106804852];528;0;1.0;True;1
2;(4, 1);False;[1.471363876393874e-05, 0.998266132186907];646;0;1.0;True;2
2;(4, 1);False;[2.4271000083094693e-05, 0.9987723420417407];535;0;1.0;True;3
2;(4, 1);False;[2.143267054539032e-05, 0.9994062136892078];429;0;1.0;True;4
2;(4, 1);False;[1.6690618592371104e-05, 0.9993364448815415];497;0;1.0;True;5
2;(4, 1);False;[2.142235093792707e-05, 0.9989250544956633];428;0;1.0;True;6
2;(4, 1);False;[1.6672673403018324e-05, 0.9982623307352282];432;0;1.0;True;7
2;(4, 1);False;[1.8914265370423046e-05, 0.999405975528573];587;0;1.0;True;8
2;(4, 1);False;[1.8905194407563157e-05, 0.9989267198887437];526;0;1.0;True;9
2;(4, 2);True;[0.9976092648661389, 0.00042971269552327906];505;0;1.0;True;0
2;(4, 2);True;[0.9982497385517286, 0.0005521162700498054];370;0;1.0;True;1
2;(4, 2);True;[0.9979219793030424, 0.0005519351703049725];389;0;1.0;True;2
2;(4, 2);True;[0.9983624852434447, 0.0008034152219441507];315;0;1.0;True;3
2;(4, 2);True;[0.9986187252225049, 0.0005523203416584281];463;0;1.0;True;4
2;(4, 2);True;[0.9986572438780323, 0.0004874398171672462];480;0;1.0;True;5
2;(4, 2);True;[0.9983913591282632, 0.0005521947299510063];375;0;1.0;True;6
2;(4, 2);True;[0.9986183685537005, 0.0005523203416584281];422;0;1.0;True;7
2;(4, 2);True;[0.9985439550906806, 0.0006258140884022451];369;0;1.0;True;8
2;(4, 2);True;[0.9975622857670808, 0.000708443355038209];505;0;1.0;True;9
2;(4, 3);False;[0.0006234292637996408, 0.9947385132928619];605;0;1.0;True;0
2;(4, 3);False;[0.0002301558644424346, 0.9982478379133993];681;0;1.0;True;1
2;(4, 3);False;[0.00015822333810513767, 0.9984983140741062];479;0;1.0;True;2
2;(4, 3);False;[0.0006253782611592085, 0.997848381748318];459;0;1.0;True;3
2;(4, 3);False;[0.00017917822900192945, 0.9978730712642959];640;0;1.0;True;4
2;(4, 3);False;[0.00029501067050745805, 0.9965072504611817];525;0;1.0;True;5
2;(4, 3);False;[8.469706930415938e-05, 0.9985710565429873];553;0;1.0;True;6
2;(4, 3);False;[9.593692529647942e-05, 0.998182150334577];458;0;1.0;True;7
2;(4, 3);False;[0.00010859006456341432, 0.9970740113476783];551;0;1.0;True;8
2;(4, 3);False;[0.0001232798220864741, 0.9989468234408413];505;0;1.0;True;9
2;(5, 0);False;[3.5330164875694696e-05, 0.9992265727523165];973;0;1.0;True;0
2;(5, 0);False;[7.469993572303497e-05, 0.9979711295325796];462;0;1.0;True;1
2;(5, 0);False;[5.138072756016689e-05, 0.9987531968112565];544;0;1.0;True;2
2;(5, 0);False;[5.816238882666517e-05, 0.9977306484263135];511;0;1.0;True;3
2;(5, 0);False;[3.521109109898514e-05, 0.9958594341340562];464;0;1.0;True;4
2;(5, 0);False;[5.137171226281175e-05, 0.9985779509445055];529;0;1.0;True;5
2;(5, 0);False;[4.535526950033928e-05, 0.9990158240365397];478;0;1.0;True;6
2;(5, 0);False;[5.823648573358846e-05, 0.9990017851229096];466;0;1.0;True;7
2;(5, 0);False;[3.529514103759013e-05, 0.9982360776271527];451;0;1.0;True;8
2;(5, 0);False;[3.530224402688148e-05, 0.9984374657687325];490;0;1.0;True;9
2;(5, 1);False;[9.598762557891563e-05, 0.9987092011461458];422;0;1.0;True;0
2;(5, 1);False;[7.475652123574703e-05, 0.9987267989470869];688;0;1.0;True;1
2;(5, 1);False;[0.00013960817105974338, 0.9983302862934458];469;0;1.0;True;2
2;(5, 1);False;[6.598246579572237e-05, 0.9988789027796802];489;0;1.0;True;3
2;(5, 1);False;[7.481265018223268e-05, 0.9994761113433271];518;0;1.0;True;4
2;(5, 1);False;[0.00012294813722799663, 0.9962589552383039];464;0;1.0;True;5
2;(5, 1);False;[5.1372741102648165e-05, 0.998597802650655];528;0;1.0;True;6
2;(5, 1);False;[7.478454478304233e-05, 0.9991012551829412];590;0;1.0;True;7
2;(5, 1);False;[0.0001583040867435866, 0.9990079716734517];553;0;1.0;True;8
2;(5, 1);False;[9.59556831092645e-05, 0.9983769813569227];507;0;1.0;True;9
2;(5, 2);True;[0.9986799521937333, 0.00026091370462640745];544;0;1.0;True;0
2;(5, 2);True;[0.9992132421382897, 0.0003798298160163974];493;0;1.0;True;1
2;(5, 2);True;[0.9982620930796091, 0.0003794682975813303];439;0;1.0;True;2
2;(5, 2);True;[0.9989840587365778, 0.0004303048629761938];397;0;1.0;True;3
2;(5, 2);True;[0.9985395572886584, 0.0006258114027053046];386;0;1.0;True;4
2;(5, 2);True;[0.9970638195775181, 0.0004294777360638636];524;0;1.0;True;5
2;(5, 2);True;[0.9982114888291278, 0.0004299721810113698];474;0;1.0;True;6
2;(5, 2);True;[0.9986452361389491, 0.0002956435285346146];462;0;1.0;True;7
2;(5, 2);True;[0.998776028465101, 0.00048749792798515534];421;0;1.0;True;8
2;(5, 2);True;[0.9990380727919542, 0.00037976335190413574];381;0;1.0;True;9
2;(5, 3);False;[8.450399890178263e-05, 0.9962948073293363];642;0;1.0;True;0
2;(5, 3);False;[8.470934775386057e-05, 0.9987166920153423];548;0;1.0;True;1
2;(5, 3);False;[0.00010880599351852571, 0.999056158066674];469;0;1.0;True;2
2;(5, 3);False;[0.00013954747208738994, 0.9978966937840181];462;0;1.0;True;3
2;(5, 3);False;[0.0001579857085181237, 0.996998406177909];568;0;1.0;True;4
2;(5, 3);False;[9.598735095650885e-05, 0.9987065854184074];527;0;1.0;True;5
2;(5, 3);False;[0.000123226927477213, 0.9985179249693951];486;0;1.0;True;6
2;(5, 3);False;[6.602218391412929e-05, 0.999480279338763];522;0;1.0;True;7
2;(5, 3);False;[0.00010881678566378576, 0.9991550438716075];294;0;1.0;True;8
2;(5, 3);False;[0.00015803875217405277, 0.9973331476399283];561;0;1.0;True;9
0;(6, 0);True;[0.9989691880596843, 0.0002957396883147204];349;0;1.0;True;0
0;(6, 0);True;[0.998872836801041, 0.0002957109217006771];351;0;1.0;True;1
0;(6, 0);True;[0.9980139914900729, 0.0002607395840626518];427;0;1.0;True;2
0;(6, 0);True;[0.999087689900618, 0.0002610202241912423];427;0;1.0;True;3
0;(6, 0);True;[0.9989053086179728, 0.00015828793371979043];426;0;1.0;True;4
0;(6, 0);True;[0.9990527075227154, 0.00029576422675570206];320;0;1.0;True;5
0;(6, 0);True;[0.9986019633214296, 0.00020318390761132736];442;0;1.0;True;6
0;(6, 0);True;[0.9988031423787317, 0.0002609458052450982];364;0;1.0;True;7
0;(6, 0);True;[0.9991970554150756, 0.00023037480376662925];315;0;1.0;True;8
0;(6, 0);True;[0.9988847309913069, 0.00017935996407244308];363;0;1.0;True;9
0;(6, 1);False;[4.5328416622037654e-05, 0.9984243938953139];488;0;1.0;True;0
0;(6, 1);False;[4.0009665182362163e-05, 0.9986111168581545];346;0;1.0;True;1
0;(6, 1);False;[6.601399914555944e-05, 0.9993568030302763];375;0;1.0;True;2
0;(6, 1);False;[5.8229821478040866e-05, 0.9988873477670581];418;0;1.0;True;3
0;(6, 1);False;[2.142929824579737e-05, 0.9992491879809996];457;0;1.0;True;4
0;(6, 1);False;[4.003035118314047e-05, 0.9991275537840913];390;0;1.0;True;5
0;(6, 1);False;[5.138773510665784e-05, 0.9988892509021439];328;0;1.0;True;6
0;(6, 1);False;[2.4286351151017133e-05, 0.9994039513981602];385;0;1.0;True;7
0;(6, 1);False;[2.750993870691403e-05, 0.9990372398859408];402;0;1.0;True;8
0;(6, 1);False;[4.003435985521193e-05, 0.9992278819942348];381;0;1.0;True;9
0;(6, 2);False;[4.536024400101553e-05, 0.9991261257429761];474;0;1.0;True;0
0;(6, 2);False;[4.0037719813386965e-05, 0.9993116828038197];414;0;1.0;True;1
0;(6, 2);False;[3.117902868120495e-05, 0.9992352616489484];360;0;1.0;True;2
0;(6, 2);False;[5.8261094549400444e-05, 0.9994244314007901];234;0;1.0;True;3
0;(6, 2);False;[4.0026037536863706e-05, 0.9990198691010683];503;0;1.0;True;4
0;(6, 2);False;[4.000230171535183e-05, 0.9984273647870248];373;0;1.0;True;5
0;(6, 2);False;[3.999429119229272e-05, 0.9982276436076919];459;0;1.0;True;6
0;(6, 2);False;[3.9963560932569284e-05, 0.9974606312596465];500;0;1.0;True;7
0;(6, 2);False;[3.5333365900426876e-05, 0.9993176351116024];485;0;1.0;True;8
0;(6, 2);False;[5.135358846402437e-05, 0.998226218189209];555;0;1.0;True;9
0;(6, 3);False;[2.1429277809235757e-05, 0.9992482357211345];292;0;1.0;True;0
0;(6, 3);False;[2.1412281341958354e-05, 0.9984555293028293];440;0;1.0;True;1
0;(6, 3);False;[2.4280052102778873e-05, 0.999144690262207];278;0;1.0;True;2
0;(6, 3);False;[2.7498554846392084e-05, 0.9986240748048388];436;0;1.0;True;3
0;(6, 3);False;[2.743613242616321e-05, 0.9963572882350349];374;0;1.0;True;4
0;(6, 3);False;[2.7517889218725025e-05, 0.9993263256144365];266;0;1.0;True;5
0;(6, 3);False;[2.4239402373255852e-05, 0.9974723731206219];618;0;1.0;True;6
0;(6, 3);False;[2.4277574616142515e-05, 0.9990425940363276];406;0;1.0;True;7
0;(6, 3);False;[2.7493467731891202e-05, 0.9984386541399145];374;0;1.0;True;8
0;(6, 3);False;[2.4271254697353738e-05, 0.9987826878975272];287;0;1.0;True;9
2;(7, 0);False;[2.750993870691403e-05, 0.9990375968206537];389;0;1.0;True;0
2;(7, 0);False;[2.752576327632117e-05, 0.9996118860294704];271;0;1.0;True;1
2;(7, 0);False;[3.1190657092905726e-05, 0.9996083125416166];301;0;1.0;True;2
2;(7, 0);False;[2.429418092191522e-05, 0.9997263703712387];354;0;1.0;True;3
2;(7, 0);False;[3.11599151693375e-05, 0.9986231237219665];344;0;1.0;True;4
2;(7, 0);False;[3.117890974287635e-05, 0.9992313337830061];554;0;1.0;True;5
2;(7, 0);False;[4.002130451302823e-05, 0.9989018591764559];378;0;1.0;True;6
2;(7, 0);False;[3.530854028801653e-05, 0.998615039844758];404;0;1.0;True;7
2;(7, 0);False;[4.531877768110566e-05, 0.9982127954627472];467;0;1.0;True;8
2;(7, 0);False;[4.5349344068114436e-05, 0.9988854446355983];493;0;1.0;True;9
2;(7, 1);False;[3.5329962715448064e-05, 0.999220859568698];294;0;1.0;True;0
2;(7, 1);False;[3.119083556778783e-05, 0.999613434568115];376;0;1.0;True;1
2;(7, 1);False;[3.532686306984866e-05, 0.999133265852649];375;0;1.0;True;2
2;(7, 1);False;[3.119166846407422e-05, 0.9996407131323948];271;0;1.0;True;3
2;(7, 1);False;[3.530187369354612e-05, 0.9984265329132083];405;0;1.0;True;4
2;(7, 1);False;[2.752143226586236e-05, 0.9994546766033886];308;0;1.0;True;5
2;(7, 1);False;[3.115949914236361e-05, 0.9986095714997862];369;0;1.0;True;6
2;(7, 1);False;[2.4274194528154796e-05, 0.9989041192262138];307;0;1.0;True;7
2;(7, 1);False;[2.751271981281295e-05, 0.9991382640121222];358;0;1.0;True;8
2;(7, 1);False;[5.138062955929989e-05, 0.9987512941679278];309;0;1.0;True;9
2;(7, 2);True;[0.9986045786588977, 0.00033499458876860036];363;0;1.0;True;0
2;(7, 2);True;[0.9991634934618105, 0.00026103989026648273];414;0;1.0;True;1
2;(7, 2);True;[0.9992100285258986, 0.00033519751729945904];340;0;1.0;True;2
2;(7, 2);True;[0.9974915880909482, 0.0002953020054082989];400;0;1.0;True;3
2;(7, 2);True;[0.9990092803963468, 0.0005525363447119218];344;0;1.0;True;4
2;(7, 2);True;[0.9990013092270472, 0.0002609975727003216];432;0;1.0;True;5
2;(7, 2);True;[0.9994163345796981, 0.0001794554359259254];648;0;1.0;True;6
2;(7, 2);True;[0.999108394940413, 0.0003797899723729008];355;0;1.0;True;7
2;(7, 2);True;[0.9989267198887437, 0.0003351025889727417];470;0;1.0;True;8
2;(7, 2);True;[0.9984667005288501, 0.0003349482679897178];445;0;1.0;True;9
2;(7, 3);False;[4.536803127132733e-05, 0.9992972785751018];294;0;1.0;True;0
2;(7, 3);False;[3.1154150718907664e-05, 0.9984380599541467];382;0;1.0;True;1
2;(7, 3);False;[1.891289452837104e-05, 0.9993339447794619];362;0;1.0;True;2
2;(7, 3);False;[2.4277458851921636e-05, 0.9990380727919542];278;0;1.0;True;3
2;(7, 3);False;[2.4280052102778873e-05, 0.9991452852756066];371;0;1.0;True;4
2;(7, 3);False;[1.8915473958324242e-05, 0.9994694426915007];322;0;1.0;True;5
2;(7, 3);False;[1.472527590754659e-05, 0.9990552061652198];325;0;1.0;True;6
2;(7, 3);False;[2.4271208403653423e-05, 0.9987810229771212];389;0;1.0;True;7
2;(7, 3);False;[2.1431055863009326e-05, 0.9993310875857698];545;0;1.0;True;8
2;(7, 3);False;[1.8912984712294857e-05, 0.9993379925281362];354;0;1.0;True;9
1;(8, 0);False;[1.8871491480667934e-05, 0.9971455983406752];403;0;1.0;True;0
1;(8, 0);False;[1.1472913371102289e-05, 0.9994784930611875];298;0;1.0;True;1
1;(8, 0);False;[2.1407809753863694e-05, 0.9982465311176991];361;0;1.0;True;2
1;(8, 0);False;[2.4262923253619222e-05, 0.9984401990013191];303;0;1.0;True;3
1;(8, 0);False;[2.141571223438076e-05, 0.9986149210330838];406;0;1.0;True;4
1;(8, 0);False;[1.8902526244908628e-05, 0.9987854230053542];375;0;1.0;True;5
1;(8, 0);False;[1.1465027316784637e-05, 0.9987916069370025];386;0;1.0;True;6
1;(8, 0);False;[2.1397502116612427e-05, 0.9977656569924411];374;0;1.0;True;7
1;(8, 0);False;[2.4263038948528797e-05, 0.9984445960170415];318;0;1.0;True;8
1;(8, 0);False;[1.1461222950186662e-05, 0.9984605207010815];349;0;1.0;True;9
1;(8, 1);True;[0.9983129401199522, 0.000334896524074113];345;0;1.0;True;0
1;(8, 1);True;[0.9985715320013915, 0.0004873979816675584];387;0;1.0;True;1
1;(8, 1);True;[0.9985585754339772, 0.0003795810428033223];364;0;1.0;True;2
1;(8, 1);True;[0.9986820923404435, 0.0002609142022802799];326;0;1.0;True;3
1;(8, 1);True;[0.998746537691733, 0.0008037244417080407];381;0;1.0;True;4
1;(8, 1);True;[0.999351683656668, 0.00026108918643427583];336;0;1.0;True;5
1;(8, 1);True;[0.9986780499224598, 0.0004874500441688887];327;0;1.0;True;6
1;(8, 1);True;[0.9987918447186827, 0.000552416215516356];304;0;1.0;True;7
1;(8, 1);True;[0.9980079359921091, 0.00026073809210305283];392;0;1.0;True;8
1;(8, 1);True;[0.9985608338933094, 0.0003795819477961299];287;0;1.0;True;9
1;(8, 2);False;[2.7466815108110617e-05, 0.9974713057363421];370;0;1.0;True;0
1;(8, 2);False;[2.7515396236759627e-05, 0.9992354997107386];297;0;1.0;True;1
1;(8, 2);False;[2.4284452001190867e-05, 0.9993262065436307];403;0;1.0;True;2
1;(8, 2);False;[3.114785264195973e-05, 0.9982365528098505];492;0;1.0;True;3
1;(8, 2);False;[2.1419327519309273e-05, 0.9987842338726163];364;0;1.0;True;4
1;(8, 2);False;[2.750637090729958e-05, 0.9989079255639193];364;0;1.0;True;5
1;(8, 2);False;[2.4284452001190867e-05, 0.9993262065436307];360;0;1.0;True;6
1;(8, 2);False;[2.7498449947930182e-05, 0.998620508335929];334;0;1.0;True;7
1;(8, 2);False;[1.8902544271771017e-05, 0.9987868500362731];433;0;1.0;True;8
1;(8, 2);False;[3.116455127427757e-05, 0.9987716284782546];379;0;1.0;True;9
1;(8, 3);False;[1.667598099354669e-05, 0.9984602829982795];388;0;1.0;True;0
1;(8, 3);False;[1.8899570072068818e-05, 0.9986296622751556];541;0;1.0;True;1
1;(8, 3);False;[1.890752034302071e-05, 0.9990493759703287];379;0;1.0;True;2
1;(8, 3);False;[1.4723408291373226e-05, 0.9989289799947498];398;0;1.0;True;3
1;(8, 3);False;[1.2984592037211073e-05, 0.9982546091064934];471;0;1.0;True;4
1;(8, 3);False;[2.426734319116563e-05, 0.9986221727562548];369;0;1.0;True;5
1;(8, 3);False;[1.8892469936461972e-05, 0.9982548466441187];449;0;1.0;True;6
1;(8, 3);False;[1.2991627527414897e-05, 0.998795412380878];329;0;1.0;True;7
1;(8, 3);False;[4.000691803099255e-05, 0.9985428853972558];399;0;1.0;True;8
1;(8, 3);False;[1.8918180032127614e-05, 0.9996129580899547];272;0;1.0;True;9
2;(9, 0);True;[0.9648211976331103, 0.03301436933387998];445;0;0.9;False;0
2;(9, 0);True;[0.9603278709627653, 0.03723594898743723];423;0;0.9;False;1
2;(9, 0);True;[0.7960967850991992, 0.20128479236531677];445;0;0.9;False;2
2;(9, 0);True;[0.9642405110708522, 0.032994492570043873];401;0;0.9;False;3
2;(9, 0);True;[0.9007704859200761, 0.09494050718738019];473;0;0.9;False;4
2;(9, 0);False;[0.0005519283275842387, 0.9979099893499402];575;0;0.1;True;5
2;(9, 0);True;[0.8771548394758617, 0.11870999156716419];415;0;0.9;False;6
2;(9, 0);True;[0.7757243688829423, 0.22224875934983562];465;0;0.9;False;7
2;(9, 0);True;[0.9440254195063859, 0.053258270753996785];358;0;0.9;False;8
2;(9, 0);True;[0.9376706618291931, 0.05994327590750828];430;0;0.9;False;9
2;(9, 1);False;[4.001619042291611e-05, 0.9987746014496437];457;0;0.9;True;0
2;(9, 1);False;[5.137313304705333e-05, 0.9986055296078549];515;0;0.9;True;1
2;(9, 1);False;[2.750298717203228e-05, 0.9987843527044347];576;0;0.9;True;2
2;(9, 1);False;[7.470043440057045e-05, 0.9979776595181362];550;0;0.9;True;3
2;(9, 1);False;[9.583039562867438e-05, 0.997073655927035];638;0;0.9;True;4
2;(9, 1);False;[0.00010858944320785849, 0.9970674933107333];443;0;0.9;True;5
2;(9, 1);False;[5.1394498540220495e-05, 0.9990209398869708];462;0;0.9;True;6
2;(9, 1);True;[0.5614410740656716, 0.4372507481307956];660;0;0.1;False;7
2;(9, 1);False;[9.598817482608628e-05, 0.998715384140807];556;0;0.9;True;8
2;(9, 1);False;[5.8212997626482574e-05, 0.9985994669168846];464;0;0.9;True;9
2;(9, 2);True;[0.9230859282381055, 0.0757714986810399];475;0;0.9;True;0
2;(9, 2);True;[0.9883640001432289, 0.009689577604608434];477;0;0.9;True;1
2;(9, 2);True;[0.9092046919180654, 0.08456920874651809];611;0;0.9;True;2
2;(9, 2);True;[0.9379305561944855, 0.0599598993320276];562;0;0.9;True;3
2;(9, 2);True;[0.9785064950697497, 0.020308255507272402];352;0;0.9;True;4
2;(9, 2);True;[0.9923763623054078, 0.005900886060786475];569;0;0.9;True;5
2;(9, 2);False;[0.02029304322462157, 0.9777735809214135];741;0;0.1;False;6
2;(9, 2);True;[0.9889551102482379, 0.008556136868629853];494;0;0.9;True;7
2;(9, 2);True;[0.9851148978191178, 0.012400766354945865];465;0;0.9;True;8
2;(9, 2);True;[0.8917119430910697, 0.10649980737619216];540;0;0.9;True;9
2;(9, 3);False;[1.885670353267333e-05, 0.9963642704690474];584;0;1.0;True;0
2;(9, 3);False;[0.002180367053914062, 0.9967432338547227];458;0;1.0;True;1
2;(9, 3);False;[3.9994710751304833e-05, 0.998237859476278];437;0;1.0;True;2
2;(9, 3);False;[3.991868994485043e-05, 0.9963411938825333];436;0;1.0;True;3
2;(9, 3);False;[2.7466762719368333e-05, 0.9974697638836517];743;0;1.0;True;4
2;(9, 3);False;[3.525621781509087e-05, 0.9971351678710338];545;0;1.0;True;5
2;(9, 3);False;[1.666892135436876e-05, 0.9980377391096289];500;0;1.0;True;6
2;(9, 3);False;[2.7466867496952823e-05, 0.9974732033865988];396;0;1.0;True;7
2;(9, 3);False;[2.4246615792958503e-05, 0.9977686238332276];462;0;1.0;True;8
2;(9, 3);False;[3.5267954177451914e-05, 0.9974670359784039];467;0;1.0;True;9
0;(10, 0);True;[0.9971344565219469, 0.0019249224341195824];362;0;1.0;True;0
0;(10, 0);True;[0.9985125764206695, 0.0005522616139706227];443;0;1.0;True;1
0;(10, 0);True;[0.9974745081248507, 0.0013234296827872593];336;0;1.0;True;2
0;(10, 0);True;[0.9983112767961232, 0.0006256681822334103];396;0;1.0;True;3
0;(10, 0);True;[0.997241616626915, 0.0016989203504277014];400;0;1.0;True;4
0;(10, 0);True;[0.9980301398191868, 0.0009100857595326184];412;0;1.0;True;5
0;(10, 0);True;[0.9977344458787327, 0.0013237742866498187];379;0;1.0;True;6
0;(10, 0);True;[0.9984382976516581, 0.0006257478445751735];414;0;1.0;True;7
0;(10, 0);True;[0.9979963000585578, 0.0011685336847157759];426;0;1.0;True;8
0;(10, 0);True;[0.998018859616574, 0.0013241518128846344];385;0;1.0;True;9
0;(10, 1);False;[2.749847617250814e-05, 0.9986208650054977];476;0;1.0;True;0
0;(10, 1);False;[2.7506475835977602e-05, 0.9989114939896186];599;0;1.0;True;1
0;(10, 1);False;[1.8907484279822024e-05, 0.9990473533181277];454;0;1.0;True;2
0;(10, 1);False;[2.141599816689572e-05, 0.9986289489298613];444;0;1.0;True;3
0;(10, 1);False;[2.7515527440705925e-05, 0.9992399037186788];538;0;1.0;True;4
0;(10, 1);False;[2.426313150485367e-05, 0.9984485177683038];531;0;1.0;True;5
0;(10, 1);False;[2.4280052102778873e-05, 0.9991452852756066];396;0;1.0;True;6
0;(10, 1);False;[2.1424863968659924e-05, 0.999042118121025];506;0;1.0;True;7
0;(10, 1);False;[2.4277412546387847e-05, 0.9990365260168977];472;0;1.0;True;8
0;(10, 1);False;[2.426738947749363e-05, 0.9986238370630997];436;0;1.0;True;9
0;(10, 2);True;[0.7977316679017662, 0.20169814646185555];493;0;0.1;False;0
0;(10, 2);False;[9.59366508191271e-05, 0.998179656025353];520;0;0.9;True;1
0;(10, 2);False;[0.24429715519004724, 0.7524881687073353];748;0;0.9;True;2
0;(10, 2);False;[0.0024708020809277, 0.9967926233273992];523;0;0.9;True;3
0;(10, 2);False;[0.00017942548856796534, 0.9992493070426285];615;0;0.9;True;4
0;(10, 2);False;[5.823693004440914e-05, 0.9990099942459214];575;0;0.9;True;5
0;(10, 2);False;[8.474886089479046e-05, 0.9991822974223976];546;0;0.9;True;6
0;(10, 2);False;[0.022955749531707977, 0.9761033754816215];550;0;0.9;True;7
0;(10, 2);False;[0.00010882685237944354, 0.9992482357211345];668;0;0.9;True;8
0;(10, 2);False;[0.00020327810227784167, 0.9990648439694603];533;0;0.9;True;9
0;(10, 3);False;[0.00013974177509732967, 0.9992862078157059];526;0;1.0;True;0
0;(10, 3);False;[5.1409008617657256e-05, 0.9993029926028262];439;0;1.0;True;1
0;(10, 3);False;[4.002130451302823e-05, 0.9989017402143695];356;0;1.0;True;2
0;(10, 3);False;[5.1419109264732736e-05, 0.9994993333781992];423;0;1.0;True;3
0;(10, 3);False;[9.600108303937661e-05, 0.9988491681500518];549;0;1.0;True;4
0;(10, 3);False;[4.0034168956963224e-05, 0.999223240038515];543;0;1.0;True;5
0;(10, 3);False;[3.531874463523735e-05, 0.9989040002638583];556;0;1.0;True;6
0;(10, 3);False;[4.001588512477635e-05, 0.9987671096810107];456;0;1.0;True;7
0;(10, 3);False;[5.135314769453059e-05, 0.9982169529024758];470;0;1.0;True;8
0;(10, 3);False;[3.531891304853711e-05, 0.9989086392247817];399;0;1.0;True;9
0;(11, 0);True;[0.9983146034465524, 0.0006256702706297617];424;0;1.0;True;0
0;(11, 0);True;[0.9983525044980789, 0.0009103795997114669];416;0;1.0;True;1
0;(11, 0);True;[0.997710356564857, 0.0016997193050667994];311;0;1.0;True;2
0;(11, 0);True;[0.9983528609557033, 0.0007090046832272203];345;0;1.0;True;3
0;(11, 0);True;[0.9985516812824784, 0.0007091456765119375];388;0;1.0;True;4
0;(11, 0);True;[0.9964625057453574, 0.0024699833882746];366;0;1.0;True;5
0;(11, 0);True;[0.9977628086384456, 0.0010309859473752764];434;0;1.0;True;6
0;(11, 0);True;[0.9989188689237598, 0.0006260489822547281];305;0;1.0;True;7
0;(11, 0);True;[0.9983528609557033, 0.0007090046832272203];281;0;1.0;True;8
0;(11, 0);True;[0.9979124821720994, 0.0015003010358735813];315;0;1.0;True;9
0;(11, 1);False;[0.0016996082716562871, 0.997645451490018];506;0;0.5;True;0
0;(11, 1);True;[0.6785153958148452, 0.32050796895088157];494;0;0.5;False;1
0;(11, 1);False;[0.00017935876671950178, 0.9988783080993443];402;0;0.5;True;2
0;(11, 1);False;[0.11905249414804936, 0.8796855973025595];592;0;0.5;True;3
0;(11, 1);True;[0.7766171826885756, 0.22250454816432352];421;0;0.5;False;4
0;(11, 1);True;[0.8348725350137841, 0.1643961543509235];367;0;0.5;False;5
0;(11, 1);False;[0.04198618320198628, 0.955601036057516];591;0;0.5;True;6
0;(11, 1);True;[0.6509619460291156, 0.34843481075887955];429;0;0.5;False;7
0;(11, 1);True;[0.5922070496824298, 0.40701755607116663];475;0;0.5;False;8
0;(11, 1);False;[0.26868299513030053, 0.7303561032786461];593;0;0.5;True;9
0;(11, 2);False;[2.4282344581945008e-05, 0.9992391895303306];382;0;1.0;True;0
0;(11, 2);False;[2.1427172947773917e-05, 0.9991495695453877];565;0;1.0;True;1
0;(11, 2);False;[1.8911307361697203e-05, 0.9992499021764939];420;0;1.0;True;2
0;(11, 2);False;[1.8899606120172336e-05, 0.9986319210115223];371;0;1.0;True;3
0;(11, 2);False;[1.8912786308230097e-05, 0.9993282304002468];398;0;1.0;True;4
0;(11, 2);False;[3.117599589555001e-05, 0.9991379069832856];331;0;1.0;True;5
0;(11, 2);False;[2.4284452001190867e-05, 0.9993258493894669];444;0;1.0;True;6
0;(11, 2);False;[2.4282390896885917e-05, 0.9992413320387428];405;0;1.0;True;7
0;(11, 2);False;[1.6695458187817733e-05, 0.9996266567385617];420;0;1.0;True;8
0;(11, 2);False;[1.669469394788556e-05, 0.9995803210984381];316;0;1.0;True;9
0;(11, 3);False;[1.6692910857420666e-05, 0.9994736106009502];357;0;1.0;True;0
0;(11, 3);False;[2.428783351749215e-05, 0.9994649175373894];386;0;1.0;True;1
0;(11, 3);False;[2.1402951278616317e-05, 0.9980204032475157];382;0;1.0;True;2
0;(11, 3);False;[1.6690570840196585e-05, 0.9993338257077483];376;0;1.0;True;3
0;(11, 3);False;[3.113288496620223e-05, 0.9977566375811457];435;0;1.0;True;4
0;(11, 3);False;[2.42860732173755e-05, 0.9993922829581745];392;0;1.0;True;5
0;(11, 3);False;[2.1429114317444506e-05, 0.9992404988469438];388;0;1.0;True;6
0;(11, 3);False;[2.7509807529616828e-05, 0.9990322427551999];357;0;1.0;True;7
0;(11, 3);False;[2.428753240447937e-05, 0.9994528904297463];368;0;1.0;True;8
0;(11, 3);False;[2.1407891418332785e-05, 0.9982504512775086];366;0;1.0;True;9
1;(12, 0);False;[1.8912822381541607e-05, 0.9993302542609617];410;0;1.0;True;0
1;(12, 0);False;[1.668753089964164e-05, 0.9991519496708938];373;0;1.0;True;1
1;(12, 0);False;[2.4246430806666238e-05, 0.9977609099726085];429;0;1.0;True;2
1;(12, 0);False;[2.1402869632992322e-05, 0.9980163660639425];362;0;1.0;True;3
1;(12, 0);False;[1.889625394066752e-05, 0.9984546974055465];507;0;1.0;True;4
1;(12, 0);False;[2.426734319116563e-05, 0.9986219348987134];365;0;1.0;True;5
1;(12, 0);False;[2.1419245811215e-05, 0.99877995279719];507;0;1.0;True;6
1;(12, 0);False;[2.1415855200161037e-05, 0.9986221727562548];361;0;1.0;True;7
1;(12, 0);False;[2.139725724303516e-05, 0.9977546202177331];532;0;1.0;True;8
1;(12, 0);False;[1.6681404953520835e-05, 0.998784471652541];463;0;1.0;True;9
1;(12, 1);True;[0.9981730045645608, 0.0002955039973895673];465;0;1.0;True;0
1;(12, 1);True;[0.998384823762552, 0.000260836579750872];392;0;1.0;True;1
1;(12, 1);True;[0.997198465345004, 0.0002952152785891825];543;0;1.0;True;2
1;(12, 1);True;[0.9981697977256889, 0.0002955028701334265];410;0;1.0;True;3
1;(12, 1);True;[0.9988769997805947, 0.0003797021500124531];341;0;1.0;True;4
1;(12, 1);True;[0.9980391640265988, 0.00023010780033348136];412;0;1.0;True;5
1;(12, 1);True;[0.9972654461756906, 0.00022992945833797334];571;0;1.0;True;6
1;(12, 1);True;[0.9980636256508522, 0.00020307445633165175];471;0;1.0;True;7
1;(12, 1);True;[0.9960750034296442, 0.00029488268671166106];443;0;1.0;True;8
1;(12, 1);True;[0.9979738602105921, 0.00029544482225504645];398;0;1.0;True;9
1;(12, 2);False;[9.602287530903123e-05, 0.9990759098339771];447;0;1.0;True;0
1;(12, 2);False;[5.1393714328391374e-05, 0.9990055922979705];472;0;1.0;True;1
1;(12, 2);False;[9.589000108151117e-05, 0.997693862414052];533;0;1.0;True;2
1;(12, 2);False;[3.531850885796682e-05, 0.9988967444009685];481;0;1.0;True;3
1;(12, 2);False;[3.5277810358059906e-05, 0.997745838322711];497;0;1.0;True;4
1;(12, 2);False;[3.999413862647046e-05, 0.9982236048885407];499;0;1.0;True;5
1;(12, 2);False;[4.5319382756105515e-05, 0.9982259806583961];516;0;1.0;True;6
1;(12, 2);False;[4.534912782610648e-05, 0.9988810438178769];593;0;1.0;True;7
1;(12, 2);False;[6.588600821751208e-05, 0.997419239857832];485;0;1.0;True;8
1;(12, 2);False;[5.138067855971002e-05, 0.9987527211500845];430;0;1.0;True;9
1;(12, 3);False;[2.7488198054352715e-05, 0.998247481493273];515;0;1.0;True;0
1;(12, 3);False;[3.105714736394581e-05, 0.9953294808607253];470;0;1.0;True;1
1;(12, 3);False;[4.002115184415853e-05, 0.9988985285922534];426;0;1.0;True;2
1;(12, 3);False;[2.1407789337795095e-05, 0.9982460560464625];463;0;1.0;True;3
1;(12, 3);False;[2.1412117979839363e-05, 0.998447685876863];566;0;1.0;True;4
1;(12, 3);False;[2.4263200922329028e-05, 0.9984518452247634];539;0;1.0;True;5
1;(12, 3);False;[4.000264505933499e-05, 0.9984358021211938];506;0;1.0;True;6
1;(12, 3);False;[4.5269318528953535e-05, 0.997123315059875];447;0;1.0;True;7
1;(12, 3);False;[2.4200528516622575e-05, 0.9958725569422171];441;0;1.0;True;8
1;(12, 3);False;[4.523280958909862e-05, 0.9963190649782874];547;0;1.0;True;9
1;(13, 0);False;[0.0001233486190236094, 0.9995038588044886];510;0;1.0;True;0
1;(13, 0);False;[9.607462887159422e-05, 0.9996148639748663];313;0;1.0;True;1
1;(13, 0);False;[7.476628906611041e-05, 0.9988573747398548];543;0;1.0;True;2
1;(13, 0);False;[9.60001675060698e-05, 0.9988396534741204];523;0;1.0;True;3
1;(13, 0);False;[0.000335228206953563, 0.999300968855489];316;0;1.0;True;4
1;(13, 0);False;[8.477181768210084e-05, 0.999453128601561];422;0;1.0;True;5
1;(13, 0);False;[0.0007089928505337196, 0.9983363457230654];292;0;1.0;True;6
1;(13, 0);False;[0.00037962394183523984, 0.998671629638337];300;0;1.0;True;7
1;(13, 0);False;[0.0002958550649068796, 0.9993593031895419];380;0;1.0;True;8
1;(13, 0);False;[9.605236684206585e-05, 0.9993834722805766];449;0;1.0;True;9
1;(13, 1);True;[0.9362112238066307, 0.05984998162158924];531;0;1.0;True;0
1;(13, 1);True;[0.9808152741682631, 0.01796426031896107];432;0;1.0;True;1
1;(13, 1);True;[0.9790857553404275, 0.020320276573661755];423;0;1.0;True;2
1;(13, 1);True;[0.955233996337068, 0.04197004972122209];402;0;1.0;True;3
1;(13, 1);True;[0.9612218425826596, 0.03727061494131538];459;0;1.0;True;4
1;(13, 1);True;[0.9221635216910954, 0.07569578858913531];460;0;1.0;True;5
1;(13, 1);True;[0.9596311480984194, 0.037208934944494426];392;0;1.0;True;6
1;(13, 1);True;[0.9756871678680619, 0.022945960284479334];536;0;1.0;True;7
1;(13, 1);True;[0.9894781788147307, 0.008560662656515287];590;0;1.0;True;8
1;(13, 1);True;[0.9697701731990408, 0.02928452224253971];389;0;1.0;True;9
1;(13, 2);False;[0.00026093958388645195, 0.9987790014495873];294;0;1.0;True;0
1;(13, 2);False;[0.00010874914489089411, 0.9985343273098861];618;0;1.0;True;1
1;(13, 2);False;[5.822115908593268e-05, 0.9987392842515778];443;0;1.0;True;2
1;(13, 2);False;[0.0001088388921487781, 0.9993579936009176];345;0;1.0;True;3
1;(13, 2);False;[6.59373634312441e-05, 0.9981967599187969];503;0;1.0;True;4
1;(13, 2);False;[5.814497448959833e-05, 0.9974319296695281];357;0;1.0;True;5
1;(13, 2);False;[4.539265649165943e-05, 0.9998393316937694];955;0;1.0;True;6
1;(13, 2);False;[7.476700209640656e-05, 0.998866295143977];317;0;1.0;True;7
1;(13, 2);False;[0.00015831782565903506, 0.9990941155346459];342;0;1.0;True;8
1;(13, 2);False;[4.003722343817799e-05, 0.9992993022567985];374;0;1.0;True;9
1;(13, 3);False;[0.0009100705709646067, 0.9980133977893962];584;0;1.0;True;0
1;(13, 3);False;[0.0019259323609578537, 0.9976575537104435];591;0;1.0;True;1
1;(13, 3);False;[0.0002303361393656698, 0.9990297442282783];474;0;1.0;True;2
1;(13, 3);False;[0.00012330369086325921, 0.9991396920705866];535;0;1.0;True;3
1;(13, 3);False;[0.0007095651027898329, 0.9991420721725631];1349;0;1.0;True;4
1;(13, 3);False;[0.00033499107455394335, 0.9985938798480183];511;0;1.0;True;5
1;(13, 3);False;[0.0003798832492806274, 0.999353707564881];465;0;1.0;True;6
1;(13, 3);False;[0.0004304160878069948, 0.9992422842920288];415;0;1.0;True;7
1;(13, 3);False;[0.00020329283625578656, 0.9991375500127342];545;0;1.0;True;8
1;(13, 3);False;[0.0009103756927944593, 0.998348227132737];494;0;1.0;True;9
0;(14, 0);True;[0.9982188534820008, 0.0004299752564230618];436;0;1.0;True;0
0;(14, 0);True;[0.9984734747175954, 0.0003349505040181049];481;0;1.0;True;1
0;(14, 0);True;[0.9990151101827994, 0.0003351323111128952];442;0;1.0;True;2
0;(14, 0);True;[0.9973568630360374, 0.0004296041106651344];495;0;1.0;True;3
0;(14, 0);True;[0.9989689501194888, 0.00029573940627550976];381;0;1.0;True;4
0;(14, 0);True;[0.9971555548315002, 0.000624943929418258];417;0;1.0;True;5
0;(14, 0);True;[0.9988878234923467, 0.00037970613326741793];469;0;1.0;True;6
0;(14, 0);True;[0.9987391653088529, 0.0004301994106307225];353;0;1.0;True;7
0;(14, 0);True;[0.998040945175672, 0.00042989878771273056];428;0;1.0;True;8
0;(14, 0);True;[0.9984541032102311, 0.00048734081229141426];437;0;1.0;True;9
0;(14, 1);False;[1.8899624144249877e-05, 0.998632515428916];350;0;1.0;True;0
0;(14, 1);False;[1.8911343432187842e-05, 0.9992513305690138];381;0;1.0;True;1
0;(14, 1);False;[1.4716459470176029e-05, 0.9984575495944772];347;0;1.0;True;2
0;(14, 1);False;[3.532686306984866e-05, 0.9991330278733727];406;0;1.0;True;3
0;(14, 1);False;[3.1178939477415966e-05, 0.9992322859686009];405;0;1.0;True;4
0;(14, 1);False;[5.827270818765433e-05, 0.9996229640044612];413;0;1.0;True;5
0;(14, 1);False;[2.1427132078723867e-05, 0.9991479034318279];368;0;1.0;True;6
0;(14, 1);False;[2.4277458851921636e-05, 0.9990384297269647];408;0;1.0;True;7
0;(14, 1);False;[6.599052078756925e-05, 0.9990008334477104];367;0;1.0;True;8
0;(14, 1);False;[3.117614455463732e-05, 0.9991426671844037];406;0;1.0;True;9
0;(14, 2);False;[0.0002302625631232127, 0.9987102713665327];548;0;1.0;True;0
0;(14, 2);False;[4.534393832724015e-05, 0.9987668719052192];396;0;1.0;True;1
0;(14, 2);False;[0.00020333626892982029, 0.9993507311827874];486;0;1.0;True;2
0;(14, 2);False;[7.479181978703542e-05, 0.999198007568006];555;0;1.0;True;3
0;(14, 2);False;[6.599070958823374e-05, 0.9990035697344128];481;0;1.0;True;4
0;(14, 2);False;[0.00017937980708497236, 0.9989948848876893];420;0;1.0;True;5
0;(14, 2);False;[0.00010882664480889339, 0.9992459741948377];406;0;1.0;True;6
0;(14, 2);False;[7.481286422324794e-05, 0.9994793266259643];404;0;1.0;True;7
0;(14, 2);False;[5.1404890476712154e-05, 0.9992233590970523];476;0;1.0;True;8
0;(14, 2);False;[9.60537408920231e-05, 0.9993971646139157];448;0;1.0;True;9
0;(14, 3);False;[2.4289339138554253e-05, 0.9995275584739887];386;0;1.0;True;0
0;(14, 3);False;[2.7513008434243683e-05, 0.9991482604642365];498;0;1.0;True;1
0;(14, 3);False;[2.7493834811738345e-05, 0.9984520829255566];579;0;1.0;True;2
0;(14, 3);False;[3.533609542425941e-05, 0.9993943070649548];483;0;1.0;True;3
0;(14, 3);False;[3.1154299273828796e-05, 0.9984431699400592];428;0;1.0;True;4
0;(14, 3);False;[2.7506764391906072e-05, 0.9989217238341218];403;0;1.0;True;5
0;(14, 3);False;[2.4274564925794666e-05, 0.9989192258161812];399;0;1.0;True;6
0;(14, 3);False;[4.535565878941065e-05, 0.999024747193181];573;0;1.0;True;7
0;(14, 3);False;[3.530207569306562e-05, 0.998431999326006];502;0;1.0;True;8
0;(14, 3);False;[4.004573903483678e-05, 0.9995120761548411];305;0;1.0;True;9
0;(15, 0);True;[0.9981087519226942, 0.0017003978200232554];965;0;1.0;True;0
0;(15, 0);True;[0.9873031053906374, 0.010967945758510874];541;0;1.0;True;1
0;(15, 0);True;[0.9970095446193578, 0.0019246810482509051];523;0;1.0;True;2
0;(15, 0);True;[0.9975551680907216, 0.0009096527677857183];508;0;1.0;True;3
0;(15, 0);True;[0.9914788400392275, 0.007570033422036407];617;0;1.0;True;4
0;(15, 0);True;[0.9969407024406307, 0.002471168519043243];444;0;1.0;True;5
0;(15, 0);True;[0.9975589641784599, 0.0009096562378422628];464;0;1.0;True;6
0;(15, 0);True;[0.9956632205952219, 0.003590921692064673];435;0;1.0;True;7
0;(15, 0);True;[0.9934166639872578, 0.0052129719795785965];402;0;1.0;True;8
0;(15, 0);True;[0.9902287510818902, 0.007560488249575848];428;0;1.0;True;9
0;(15, 1);False;[3.531362525418896e-05, 0.9987594991396975];584;0;1.0;True;0
0;(15, 1);False;[4.526897315277982e-05, 0.9971151369948432];484;0;1.0;True;1
0;(15, 1);False;[3.9985100140224825e-05, 0.9979983183753529];557;0;1.0;True;2
0;(15, 1);False;[5.1362404648409114e-05, 0.9983976569650905];462;0;1.0;True;3
0;(15, 1);False;[3.5327031521860225e-05, 0.9991385020508033];541;0;1.0;True;4
0;(15, 1);False;[4.5336111956495155e-05, 0.9985938798480183];478;0;1.0;True;5
0;(15, 1);False;[2.4271277844237006e-05, 0.9987835203006341];537;0;1.0;True;6
0;(15, 1);False;[4.536777167411279e-05, 0.9992916836467283];475;0;1.0;True;7
0;(15, 1);False;[3.531830676441626e-05, 0.9988911540408557];496;0;1.0;True;8
0;(15, 1);False;[4.5343246438928654e-05, 0.9987510563959016];425;0;1.0;True;9
0;(15, 2);False;[2.1419245811215e-05, 0.9987801905760957];751;0;1.0;True;0
0;(15, 2);False;[2.4286119539428223e-05, 0.999394187986049];645;0;1.0;True;1
0;(15, 2);False;[3.529507371751533e-05, 0.998234295781208];550;0;1.0;True;2
0;(15, 2);False;[1.891659242189526e-05, 0.999529225831529];672;0;1.0;True;3
0;(15, 2);False;[3.114755559430541e-05, 0.9982265746017434];510;0;1.0;True;4
0;(15, 2);False;[2.4290520537347943e-05, 0.9995753185166357];757;0;1.0;True;5
0;(15, 2);False;[1.891280434487725e-05, 0.9993290637233673];566;0;1.0;True;6
0;(15, 2);False;[3.118137780616593e-05, 0.9993106114154511];518;0;1.0;True;7
0;(15, 2);False;[2.4284405682318715e-05, 0.9993239446663632];706;0;1.0;True;8
0;(15, 2);False;[2.427998263709197e-05, 0.9991420721725631];610;0;1.0;True;9
0;(15, 3);False;[2.4277505157543747e-05, 0.9990398574682816];627;0;1.0;True;0
0;(15, 3);False;[1.8902526244908628e-05, 0.9987854230053542];538;0;1.0;True;1
0;(15, 3);False;[3.1191936185461056e-05, 0.9996492900994494];573;0;1.0;True;2
0;(15, 3);False;[3.1168801643088876e-05, 0.9989076876383157];510;0;1.0;True;3
0;(15, 3);False;[2.4284197248487322e-05, 0.999315135172916];587;0;1.0;True;4
0;(15, 3);False;[3.117596616381762e-05, 0.9991375500127342];504;0;1.0;True;5
0;(15, 3);False;[5.139910602638401e-05, 0.9991105368776039];532;0;1.0;True;6
0;(15, 3);False;[2.143823088871531e-05, 0.9996648958081323];580;0;1.0;True;7
0;(15, 3);False;[2.7512431194409954e-05, 0.9991279108092284];559;0;1.0;True;8
0;(15, 3);False;[2.1433999172752945e-05, 0.9994678946086261];701;0;1.0;True;9
3;(16, 0);False;[4.004088912325972e-05, 0.9993904970123831];536;0;1.0;True;0
3;(16, 0);False;[0.0001233643830417787, 0.9996318980535507];479;0;1.0;True;1
3;(16, 0);False;[0.00012331486256781851, 0.9992310957222084];620;0;1.0;True;2
3;(16, 0);False;[2.7524792020758493e-05, 0.9995771051418079];548;0;1.0;True;3
3;(16, 0);False;[5.827076315863557e-05, 0.9995903263662442];547;0;1.0;True;4
3;(16, 0);False;[4.005689224079483e-05, 0.9997899973461599];479;0;1.0;True;5
3;(16, 0);False;[0.00010874717439468482, 0.998516260955306];492;0;1.0;True;6
3;(16, 0);False;[9.603276586976739e-05, 0.999178965030747];640;0;1.0;True;7
3;(16, 0);False;[4.0030847473148306e-05, 0.9991402870810099];449;0;1.0;True;8
3;(16, 0);False;[3.533053550581792e-05, 0.9992377612133292];628;0;1.0;True;9
3;(16, 1);False;[9.603185003431101e-05, 0.9991698010546334];652;0;1.0;True;0
3;(16, 1);False;[3.1181734650757774e-05, 0.999322397041524];677;0;1.0;True;1
3;(16, 1);False;[0.00013974204163386754, 0.9992881124087164];557;0;1.0;True;2
3;(16, 1);False;[0.014041955836678369, 0.9844171077515568];623;0;1.0;True;3
3;(16, 1);False;[0.0024715008346683494, 0.9970744853968327];575;0;1.0;True;4
3;(16, 1);False;[5.1425729697224366e-05, 0.9996284435427739];473;0;1.0;True;5
3;(16, 1);False;[5.1412930963373016e-05, 0.9993791860189242];550;0;1.0;True;6
3;(16, 1);False;[6.603395916870838e-05, 0.9996584628664176];433;0;1.0;True;7
3;(16, 1);False;[0.00023028979457438456, 0.9988290685399853];489;0;1.0;True;8
3;(16, 1);False;[0.00043030978745272437, 0.9989952418072695];540;0;1.0;True;9
3;(16, 2);True;[0.7977824988812241, 0.2017110105686858];492;0;0.7;False;0
3;(16, 2);True;[0.8803095655932646, 0.11913693906962762];542;0;0.7;False;1
3;(16, 2);False;[0.2938769209794836, 0.7049740852048043];552;0;0.3;True;2
3;(16, 2);False;[0.06001689418578682, 0.9388222805073263];510;0;0.3;True;3
3;(16, 2);True;[0.6211206664120169, 0.3767287275600311];489;0;0.7;False;4
3;(16, 2);True;[0.7306580208254051, 0.2687940643886821];439;0;0.7;False;5
3;(16, 2);True;[0.972887652129919, 0.025926580491593527];513;0;0.7;False;6
3;(16, 2);False;[0.06750492415794292, 0.9318768306654788];641;0;0.3;True;7
3;(16, 2);True;[0.9757106593329088, 0.02294651283620007];463;0;0.7;False;8
3;(16, 2);True;[0.8347952577682525, 0.1643809277607301];568;0;0.7;False;9
3;(16, 3);True;[0.9951925054885843, 0.004067125004160362];438;0;1.0;True;0
3;(16, 3);True;[0.9970149956136293, 0.0028004104251145687];415;0;1.0;True;1
3;(16, 3);True;[0.9962594286679881, 0.0027982880395811295];527;0;1.0;True;2
3;(16, 3);True;[0.9977158151074896, 0.001699728220472736];452;0;1.0;True;3
3;(16, 3);True;[0.9975619299401225, 0.0016994664512073746];551;0;1.0;True;4
3;(16, 3);True;[0.9979345632859805, 0.0007087075733717337];340;0;1.0;True;5
3;(16, 3);True;[0.997563709308447, 0.0021821612397628465];352;0;1.0;True;6
3;(16, 3);True;[0.9987281069528378, 0.0009107221712752736];492;0;1.0;True;7
3;(16, 3);True;[0.9963665188618149, 0.002798588279423203];391;0;1.0;True;8
3;(16, 3);True;[0.9974366737307773, 0.001499585092070495];531;0;1.0;True;9
0;(17, 0);True;[0.9987881582369454, 0.0005524141082197485];371;0;1.0;True;0
0;(17, 0);True;[0.9990429509729534, 0.0003797651627612283];516;0;1.0;True;1
0;(17, 0);True;[0.9987384518853379, 0.00043019920549570696];417;0;1.0;True;2
0;(17, 0);True;[0.9989129214332411, 0.0006260453999839659];412;0;1.0;True;3
0;(17, 0);True;[0.9991125598321933, 0.0004303602665865809];543;0;1.0;True;4
0;(17, 0);True;[0.9989351656292638, 0.00048757557484843894];413;0;1.0;True;5
0;(17, 0);True;[0.9978813805431909, 0.00037932356952005485];458;0;1.0;True;6
0;(17, 0);True;[0.9988622511664058, 0.0006260137574824535];416;0;1.0;True;7
0;(17, 0);True;[0.9983681886377243, 0.0004300396400912463];592;0;1.0;True;8
0;(17, 0);True;[0.9985044943682738, 0.0002956020851365837];496;0;1.0;True;9
0;(17, 1);False;[0.003591457677233706, 0.9958116735436052];521;0;1.0;True;0
0;(17, 1);False;[0.0003798761847908031, 0.9993351353228712];399;0;1.0;True;1
0;(17, 1);False;[0.0005523182347275497, 0.9986148021051697];542;0;1.0;True;2
0;(17, 1);False;[7.481900032608838e-05, 0.9995615021708999];382;0;1.0;True;3
0;(17, 1);False;[0.0046065274450936946, 0.9947328514782738];516;0;1.0;True;4
0;(17, 1);False;[0.007565515459905533, 0.9908870510999781];530;0;1.0;True;5
0;(17, 1);False;[0.002797083401020644, 0.9958308245261055];777;0;1.0;True;6
0;(17, 1);False;[7.478368894674399e-05, 0.9990894747818905];455;0;1.0;True;7
0;(17, 1);False;[0.06752783041460834, 0.9321928820742128];768;0;1.0;True;8
0;(17, 1);False;[0.2687055448508218, 0.7304173562379075];610;0;1.0;True;9
0;(17, 2);False;[0.0001582677070238705, 0.9987780501028908];562;0;1.0;True;0
0;(17, 2);False;[0.00013971912134963188, 0.9991236267486314];469;0;1.0;True;1
0;(17, 2);False;[9.603899378250417e-05, 0.9992437126154957];491;0;1.0;True;2
0;(17, 2);False;[0.000551818592461524, 0.9977114244372405];487;0;1.0;True;3
0;(17, 2);False;[5.825720533155231e-05, 0.9993577554517736];362;0;1.0;True;4
0;(17, 2);False;[6.597239843854629e-05, 0.9987270368296053];576;0;1.0;True;5
0;(17, 2);False;[0.0015004777499027099, 0.9980300210771018];737;0;1.0;True;6
0;(17, 2);False;[5.139949817193835e-05, 0.9991183907447471];447;0;1.0;True;7
0;(17, 2);False;[0.004605183344388749, 0.9944426445439445];624;0;1.0;True;8
0;(17, 2);False;[7.478404554401136e-05, 0.9990945914747187];478;0;1.0;True;9
0;(17, 3);False;[3.1178969211983937e-05, 0.9992335952761682];556;0;1.0;True;0
0;(17, 3);False;[3.1140635185869556e-05, 0.9980050862493733];588;0;1.0;True;1
0;(17, 3);False;[2.751775800351692e-05, 0.9993215636657946];350;0;1.0;True;2
0;(17, 3);False;[3.117602562731077e-05, 0.9991390970605178];736;0;1.0;True;3
0;(17, 3);False;[3.533316372186388e-05, 0.9993121590220382];444;0;1.0;True;4
0;(17, 3);False;[3.532645878829812e-05, 0.9991219607364886];478;0;1.0;True;5
0;(17, 3);False;[3.1168950267871224e-05, 0.998912564543072];501;0;1.0;True;6
0;(17, 3);False;[2.7487647549306995e-05, 0.9982275248421087];420;0;1.0;True;7
0;(17, 3);False;[2.7506423371588557e-05, 0.9989095908121542];441;0;1.0;True;8
0;(17, 3);False;[2.750650206820965e-05, 0.9989126835064476];411;0;1.0;True;9
1;(18, 0);False;[0.00026101798384630195, 0.9990794795576202];623;0;0.5;True;0
1;(18, 0);True;[0.8514901881899448, 0.1479668056062511];469;0;0.5;False;1
1;(18, 0);False;[6.600927762525305e-05, 0.9992845412416334];388;0;0.5;True;2
1;(18, 0);True;[0.8349823053805987, 0.16441777186840062];511;0;0.5;False;3
1;(18, 0);False;[0.0006259719679503892, 0.9987957691129159];514;0;0.5;True;4
1;(18, 0);True;[0.6217382356430652, 0.3771033022331571];570;0;0.5;False;5
1;(18, 0);False;[4.531933953619476e-05, 0.998225149184787];532;0;0.5;True;6
1;(18, 0);False;[9.60464128527145e-05, 0.9993214446537244];423;0;0.5;True;7
1;(18, 0);True;[0.5924210665837643, 0.40716464759293386];631;0;0.5;False;8
1;(18, 0);True;[0.4997261013458441, 0.4997261013458441];631;0;0.5;False;9
1;(18, 1);True;[0.9980249151808177, 0.0010312568614008453];350;0;1.0;True;0
1;(18, 1);True;[0.9985535830805523, 0.000709147029101264];391;0;1.0;True;1
1;(18, 1);True;[0.9976134174694833, 0.0013236139652674952];416;0;1.0;True;2
1;(18, 1);True;[0.9974370295130571, 0.0010306492478665654];430;0;1.0;True;3
1;(18, 1);True;[0.9985537018849288, 0.0007091473672489987];481;0;1.0;True;4
1;(18, 1);True;[0.9980200470247788, 0.0010312519439966575];408;0;1.0;True;5
1;(18, 1);True;[0.9983560690800496, 0.0008034102416825799];390;0;1.0;True;6
1;(18, 1);True;[0.9963520811692503, 0.002798548245583084];514;0;1.0;True;7
1;(18, 1);True;[0.9978822116142884, 0.001168399964299909];387;0;1.0;True;8
1;(18, 1);True;[0.9972864313896175, 0.0014993591507989625];433;0;1.0;True;9
1;(18, 2);False;[2.7512798527448327e-05, 0.999140763101235];457;0;1.0;True;0
1;(18, 2);False;[3.117269584635144e-05, 0.9990323617328282];472;0;1.0;True;1
1;(18, 2);False;[3.117222019238997e-05, 0.9990167758423202];477;0;1.0;True;2
1;(18, 2);False;[4.000230171535183e-05, 0.9984280777558578];488;0;1.0;True;3
1;(18, 2);False;[2.7487962122268828e-05, 0.9982395225615732];624;0;1.0;True;4
1;(18, 2);False;[2.4267204332711334e-05, 0.9986162286598027];449;0;1.0;True;5
1;(18, 2);False;[3.5330131182239925e-05, 0.9992262156337613];611;0;1.0;True;6
1;(18, 2);False;[2.1419266238209348e-05, 0.998781260872555];390;0;1.0;True;7
1;(18, 2);False;[3.5308405596881346e-05, 0.9986117112631648];547;0;1.0;True;8
1;(18, 2);False;[2.7502436370805496e-05, 0.9987647313442858];534;0;1.0;True;9
1;(18, 3);False;[4.00376816304601e-05, 0.9993110876331589];397;0;1.0;True;0
1;(18, 3);False;[4.0037719813386965e-05, 0.9993116828038197];464;0;1.0;True;1
1;(18, 3);False;[2.7509702588229427e-05, 0.999028435478575];403;0;1.0;True;2
1;(18, 3);False;[5.13281769367936e-05, 0.9977319537336173];464;0;1.0;True;3
1;(18, 3);False;[3.116862329428553e-05, 0.9989022160628002];341;0;1.0;True;4
1;(18, 3);False;[2.1432568346696824e-05, 0.9994015700906209];404;0;1.0;True;5
1;(18, 3);False;[2.4280075258052006e-05, 0.9991456423070797];613;0;1.0;True;6
1;(18, 3);False;[4.530914078986322e-05, 0.9980000994515309];583;0;1.0;True;7
1;(18, 3);False;[2.4287903005640633e-05, 0.9994678946086261];466;0;1.0;True;8
1;(18, 3);False;[4.53644403083751e-05, 0.9992180029891383];459;0;1.0;True;9
0;(19, 0);True;[0.9988554717817832, 0.0002032354573084828];497;0;1.0;True;0
0;(19, 0);True;[0.998967879505606, 0.00037973655222872714];487;0;1.0;True;1
0;(19, 0);True;[0.998965976104418, 0.00020325794172269766];497;0;1.0;True;2
0;(19, 0);True;[0.9991600421981838, 0.0002610391434264344];321;0;1.0;True;3
0;(19, 0);True;[0.9991456423070797, 0.0002032945811396846];436;0;1.0;True;4
0;(19, 0);True;[0.9991456423070797, 0.0002032945811396846];409;0;1.0;True;5
0;(19, 0);True;[0.9991439762582266, 0.00020329419338641297];519;0;1.0;True;6
0;(19, 0);True;[0.9991435002364706, 0.00020329419338641297];411;0;1.0;True;7
0;(19, 0);True;[0.9988591587445366, 0.0002032362325917048];467;0;1.0;True;8
0;(19, 0);True;[0.9987354791378205, 0.00020321103740078333];453;0;1.0;True;9
0;(19, 1);False;[3.1140367904800846e-05, 0.9979966562728187];414;0;1.0;True;0
0;(19, 1);False;[3.531362525418896e-05, 0.998759023475524];424;0;1.0;True;1
0;(19, 1);False;[2.4266926618186394e-05, 0.998604935206524];325;0;1.0;True;2
0;(19, 1);False;[2.7506134819237514e-05, 0.9988988854774076];406;0;1.0;True;3
0;(19, 1);False;[2.7502410142450796e-05, 0.9987636611818109];457;0;1.0;True;4
0;(19, 1);False;[3.11723093769549e-05, 0.9990196311488014];367;0;1.0;True;5
0;(19, 1);False;[3.108826226389428e-05, 0.9963267567889117];374;0;1.0;True;6
0;(19, 1);False;[2.7493467731891202e-05, 0.9984394860238304];416;0;1.0;True;7
0;(19, 1);False;[2.749341529231312e-05, 0.9984374657687325];343;0;1.0;True;8
0;(19, 1);False;[2.1422126209701065e-05, 0.9989142299153293];463;0;1.0;True;9
0;(19, 2);False;[3.9974919988638744e-05, 0.9977446514730554];465;0;1.0;True;0
0;(19, 2);False;[4.0042913030689066e-05, 0.9994415780901985];437;0;1.0;True;1
0;(19, 2);False;[2.142715251323915e-05, 0.9991483794556818];465;0;1.0;True;2
0;(19, 2);False;[3.11538833218347e-05, 0.9984296226008977];638;0;1.0;True;3
0;(19, 2);False;[3.118566021080819e-05, 0.999448008210929];477;0;1.0;True;4
0;(19, 2);False;[2.426711176084989e-05, 0.9986120679295917];387;0;1.0;True;5
0;(19, 2);False;[2.4284313044839454e-05, 0.9993203731967217];436;0;1.0;True;6
0;(19, 2);False;[1.4721203966595687e-05, 0.9987790014495873];395;0;1.0;True;7
0;(19, 2);False;[2.751983127696162e-05, 0.9993962120966875];418;0;1.0;True;8
0;(19, 2);False;[3.117882053942765e-05, 0.9992285961745011];549;0;1.0;True;9
0;(19, 3);False;[3.53269304505569e-05, 0.9991352889114163];497;0;1.0;True;0
0;(19, 3);False;[3.1154180429835223e-05, 0.9984394860238304];612;0;1.0;True;1
0;(19, 3);False;[3.115955857444838e-05, 0.9986118301907109];447;0;1.0;True;2
0;(19, 3);False;[4.0001996523174104e-05, 0.9984198781800904];538;0;1.0;True;3
0;(19, 3);False;[4.000237801376008e-05, 0.9984298602964005];452;0;1.0;True;4
0;(19, 3);False;[6.593585426203534e-05, 0.998173242082768];417;0;1.0;True;5
0;(19, 3);False;[6.600336046332486e-05, 0.9991957462135479];551;0;1.0;True;6
0;(19, 3);False;[5.821832742956675e-05, 0.9986905339199511];529;0;1.0;True;7
0;(19, 3);False;[3.115976658763775e-05, 0.9986184873657847];465;0;1.0;True;8
0;(19, 3);False;[3.117611482276315e-05, 0.9991417151423658];535;0;1.0;True;9
2;(20, 0);False;[5.13415421259386e-05, 0.9979913133046179];382;0;1.0;True;0
2;(20, 0);False;[8.47099132516533e-05, 0.9987228750563794];342;0;1.0;True;1
2;(20, 0);False;[6.586471100423085e-05, 0.9970964107647261];363;0;1.0;True;2
2;(20, 0);False;[3.115967743895799e-05, 0.9986155154403585];532;0;1.0;True;3
2;(20, 0);False;[4.537417550567116e-05, 0.9994324092621935];428;0;1.0;True;4
2;(20, 0);False;[4.533628490036734e-05, 0.9985981593121142];624;0;1.0;True;5
2;(20, 0);False;[6.596258424421963e-05, 0.998577713213747];492;0;1.0;True;6
2;(20, 0);False;[4.005284311515181e-05, 0.9996890796507776];1091;0;1.0;True;7
2;(20, 0);False;[7.475673511617585e-05, 0.9987295337855979];571;0;1.0;True;8
2;(20, 0);False;[4.534315995363203e-05, 0.9987491537566504];455;0;1.0;True;9
2;(20, 1);False;[0.0009100688351444027, 0.9980114979496043];457;0;0.2;True;0
2;(20, 1);True;[0.8344808609211729, 0.1643190169041936];428;0;0.8;False;1
2;(20, 1);True;[0.8511283724553219, 0.1479039358680609];337;0;0.8;False;2
2;(20, 1);True;[0.9034769277086508, 0.09522575836669347];375;0;0.8;False;3
2;(20, 1);True;[0.7294682080288162, 0.2683563647196171];472;0;0.8;False;4
2;(20, 1);True;[0.9015987276122485, 0.09502780746430686];544;0;0.8;False;5
2;(20, 1);True;[0.6781437284092567, 0.32033241525161954];492;0;0.8;False;6
2;(20, 1);False;[0.0019241038641241142, 0.9967106653505982];352;0;0.2;True;7
2;(20, 1);True;[0.931686701481211, 0.06749116482437051];378;0;0.8;False;8
2;(20, 1);True;[0.9226188079781533, 0.07573315568368573];479;0;0.8;False;9
2;(20, 2);True;[0.9982310885130065, 0.0010314698074926063];591;0;1.0;True;0
2;(20, 2);True;[0.9969664135928213, 0.0014988780665404174];433;0;1.0;True;1
2;(20, 2);True;[0.9983522669372157, 0.0009103795997114669];436;0;1.0;True;2
2;(20, 2);True;[0.9977344458787327, 0.0013237742866498187];346;0;1.0;True;3
2;(20, 2);True;[0.9983116332390274, 0.0006256684805753195];407;0;1.0;True;4
2;(20, 2);True;[0.997992975630617, 0.0008031179927112795];337;0;1.0;True;5
2;(20, 2);True;[0.9977192563880759, 0.0005518228025193357];496;0;1.0;True;6
2;(20, 2);True;[0.9963268750963727, 0.0011665789912337818];354;0;1.0;True;7
2;(20, 2);True;[0.9978893339475348, 0.0011684083213775755];429;0;1.0;True;8
2;(20, 2);True;[0.9988314471461942, 0.000803792662334001];415;0;1.0;True;9
2;(20, 3);False;[4.529756194569697e-05, 0.9977454821979743];533;0;1.0;True;0
2;(20, 3);False;[4.534977655522373e-05, 0.9988948413678923];474;0;1.0;True;1
2;(20, 3);False;[4.001596144909292e-05, 0.9987682989096328];354;0;1.0;True;2
2;(20, 3);False;[5.1418766006291344e-05, 0.9994930216106802];518;0;1.0;True;3
2;(20, 3);False;[3.531887936581291e-05, 0.9989080445267423];502;0;1.0;True;4
2;(20, 3);False;[4.530892473955898e-05, 0.9979955876304174];483;0;1.0;True;5
2;(20, 3);False;[5.825353859251936e-05, 0.9992944215444085];456;0;1.0;True;6
2;(20, 3);False;[5.82485944159258e-05, 0.9992093144170648];437;0;1.0;True;7
2;(20, 3);False;[3.533333220391937e-05, 0.9993160874965347];511;0;1.0;True;8
2;(20, 3);False;[3.532295520865789e-05, 0.999022486579745];704;0;1.0;True;9
1;(21, 0);False;[0.00010862383022710075, 0.9973833068970942];535;0;1.0;True;0
1;(21, 0);False;[0.0001398080250630349, 0.9997598509638483];962;0;1.0;True;1
1;(21, 0);False;[4.539564358687387e-05, 0.9999053567850382];1306;0;1.0;True;2
1;(21, 0);False;[5.828693665985508e-05, 0.9998669801283535];1152;0;1.0;True;3
1;(21, 0);False;[0.000230192961873369, 0.9984090645367777];412;0;1.0;True;4
1;(21, 0);False;[0.0005519259589699039, 0.9979057156230935];633;0;1.0;True;5
1;(21, 0);False;[7.483569878163469e-05, 0.9997840394168988];940;0;1.0;True;6
1;(21, 0);False;[0.00013981162505509687, 0.9997849926820307];1066;0;1.0;True;7
1;(21, 0);False;[0.00013976456580786894, 0.9994484845522884];438;0;1.0;True;8
1;(21, 0);False;[8.477262613300861e-05, 0.9994622977359988];518;0;1.0;True;9
1;(21, 1);True;[0.9917593463953887, 0.0075721742609208];437;0;1.0;True;0
1;(21, 1);True;[0.9961777951795829, 0.0035927782886789736];816;0;1.0;True;1
1;(21, 1);True;[0.9976789114063972, 0.0021824141045545934];890;0;1.0;True;2
1;(21, 1);True;[0.9927174049324853, 0.006688875960653629];457;0;1.0;True;3
1;(21, 1);True;[0.9924692329905366, 0.006687204869021196];380;0;1.0;True;4
1;(21, 1);True;[0.9919006561124395, 0.007573253935408636];421;0;1.0;True;5
1;(21, 1);True;[0.9812816656407991, 0.017972802678106532];317;0;1.0;True;6
1;(21, 1);True;[0.9916724700349695, 0.007571513532736939];546;0;1.0;True;7
1;(21, 1);True;[0.9882746903710451, 0.010978740400457388];425;0;1.0;True;8
1;(21, 1);True;[0.9918257164099786, 0.007572683385897768];434;0;1.0;True;9
1;(21, 2);False;[8.479324423638456e-05, 0.9997057588680142];750;0;1.0;True;0
1;(21, 2);False;[0.00010883328726287301, 0.9993069210412878];392;0;1.0;True;1
1;(21, 2);False;[0.00017933567647627452, 0.9987497483600944];346;0;1.0;True;2
1;(21, 2);False;[0.00010872964892058436, 0.998354999704122];431;0;1.0;True;3
1;(21, 2);False;[0.00013980229193371037, 0.9997182686308643];1095;0;1.0;True;4
1;(21, 2);False;[0.0003799345160527219, 0.9994882581113932];1248;0;1.0;True;5
1;(21, 2);False;[0.00017946108370212225, 0.9994475319279722];485;0;1.0;True;6
1;(21, 2);False;[0.0003350693544327289, 0.9988281171455993];452;0;1.0;True;7
1;(21, 2);False;[0.0004873865937366424, 0.998548115304606];554;0;1.0;True;8
1;(21, 2);False;[5.825731644845923e-05, 0.9993589460235496];527;0;1.0;True;9
1;(21, 3);False;[9.608892326421712e-05, 0.9997637830023131];1063;0;1.0;True;0
1;(21, 3);False;[0.0004876802084421882, 0.9991494504956426];421;0;1.0;True;1
1;(21, 3);False;[0.0003353103795456629, 0.9995460188023457];1349;0;1.0;True;2
1;(21, 3);False;[0.00026115243858390824, 0.9995942570688551];1253;0;1.0;True;3
1;(21, 3);False;[0.00013980535846201106, 0.999740667862359];1066;0;1.0;True;4
1;(21, 3);False;[0.00026099533254979974, 0.9989927433728854];496;0;1.0;True;5
1;(21, 3);False;[6.604252430930278e-05, 0.9997885674270962];1092;0;1.0;True;6
1;(21, 3);False;[0.001168258460193603, 0.9977615032907752];436;0;1.0;True;7
1;(21, 3);False;[0.00013981082504885002, 0.9997793922878564];1353;0;1.0;True;8
1;(21, 3);False;[0.0001398058917781469, 0.9997445997380877];1188;0;1.0;True;9
1;(22, 0);False;[4.003703252627469e-05, 0.9992947786873402];287;0;1.0;True;0
1;(22, 0);False;[4.0029816723859176e-05, 0.9991143448160522];296;0;1.0;True;1
1;(22, 0);False;[3.1168801643088876e-05, 0.9989074497127689];389;0;1.0;True;2
1;(22, 0);False;[3.534630773505436e-05, 0.9996837186025268];211;0;1.0;True;3
1;(22, 0);False;[2.7519621318112304e-05, 0.9993891872665374];359;0;1.0;True;4
1;(22, 0);False;[4.536699289138166e-05, 0.9992740659461016];224;0;1.0;True;5
1;(22, 0);False;[4.0029664022518034e-05, 0.9991106558645565];402;0;1.0;True;6
1;(22, 0);False;[4.000214911897191e-05, 0.9984235620239728];486;0;1.0;True;7
1;(22, 0);False;[4.530849264204111e-05, 0.9979858516281919];374;0;1.0;True;8
1;(22, 0);False;[3.117578777401868e-05, 0.9991317188720515];294;0;1.0;True;9
1;(22, 1);True;[0.9988829468246668, 0.0003797043226917993];354;0;1.0;True;0
1;(22, 1);True;[0.9982563909886973, 0.0003794661262525268];322;0;1.0;True;1
1;(22, 1);True;[0.9972295243279682, 0.00026053476817704046];532;0;1.0;True;2
1;(22, 1);True;[0.9980864257388052, 0.00037940153490331166];547;0;1.0;True;3
1;(22, 1);True;[0.9983100886927679, 0.00033489588531029484];507;0;1.0;True;4
1;(22, 1);True;[0.9983504846514272, 0.00029555641954936415];558;0;1.0;True;5
1;(22, 1);True;[0.9985494228438467, 0.0003795776038503312];426;0;1.0;True;6
1;(22, 1);True;[0.9989409945180464, 0.00023031571136517679];562;0;1.0;True;7
1;(22, 1);True;[0.9984632541130176, 0.00033494699026591286];666;0;1.0;True;8
1;(22, 1);True;[0.9987667529592088, 0.000295679620035337];449;0;1.0;True;9
1;(22, 2);False;[9.60439397656324e-05, 0.9992952548393363];394;0;1.0;True;0
1;(22, 2);False;[3.5307597460860055e-05, 0.9985882928104111];359;0;1.0;True;1
1;(22, 2);False;[5.8211165619366836e-05, 0.9985680847587168];402;0;1.0;True;2
1;(22, 2);False;[3.11812291221246e-05, 0.9993054925111361];439;0;1.0;True;3
1;(22, 2);False;[2.1429073444691586e-05, 0.9992385944028456];443;0;1.0;True;4
1;(22, 2);False;[3.534300442056585e-05, 0.9995904454685202];238;0;1.0;True;5
1;(22, 2);False;[2.7509571412058123e-05, 0.999023676345047];413;0;1.0;True;6
1;(22, 2);False;[5.1340318062778365e-05, 0.997967923923167];334;0;1.0;True;7
1;(22, 2);False;[6.599524096623409e-05, 0.9990721022164776];258;0;1.0;True;8
1;(22, 2);False;[7.475431117381334e-05, 0.9986970733795677];269;0;1.0;True;9
1;(22, 3);False;[2.750637090729958e-05, 0.9989080445267423];308;0;1.0;True;0
1;(22, 3);False;[3.117584723717157e-05, 0.9991330278733727];258;0;1.0;True;1
1;(22, 3);False;[3.11685638449112e-05, 0.9989000749792221];254;0;1.0;True;2
1;(22, 3);False;[5.139327321449601e-05, 0.9989970262907854];273;0;1.0;True;3
1;(22, 3);False;[3.1101814388194345e-05, 0.9967612361030028];333;0;1.0;True;4
1;(22, 3);False;[3.530796785424044e-05, 0.9985987537094118];361;0;1.0;True;5
1;(22, 3);False;[2.7526367047052807e-05, 0.9996340422476869];295;0;1.0;True;6
1;(22, 3);False;[3.529463614015892e-05, 0.9982219419459728];411;0;1.0;True;7
1;(22, 3);False;[3.530200835976403e-05, 0.9984308109627447];530;0;1.0;True;8
1;(22, 3);False;[3.11014287975641e-05, 0.9967483264637911];439;0;1.0;True;9
3;(23, 0);False;[2.751495014802189e-05, 0.9992189552201923];317;0;1.0;True;0
3;(23, 0);False;[4.537300717169625e-05, 0.999407404376887];458;0;1.0;True;1
3;(23, 0);False;[2.7498030358084105e-05, 0.9986051730600163];450;0;1.0;True;2
3;(23, 0);False;[4.0037414350991624e-05, 0.9993040639830264];393;0;1.0;True;3
3;(23, 0);False;[4.0033443551919804e-05, 0.9992053867694406];460;0;1.0;True;4
3;(23, 0);False;[2.4267065475051592e-05, 0.9986100469765289];462;0;1.0;True;5
3;(23, 0);False;[2.4276926343615394e-05, 0.99901653789079];452;0;1.0;True;6
3;(23, 0);False;[4.001523637396313e-05, 0.9987509374517747];411;0;1.0;True;7
3;(23, 0);False;[2.7517285633948356e-05, 0.9993037068367763];380;0;1.0;True;8
3;(23, 0);False;[2.140774850571631e-05, 0.9982439177638526];427;0;1.0;True;9
3;(23, 1);False;[4.00343980349709e-05, 0.9992288342347033];293;0;1.0;True;0
3;(23, 1);False;[3.532312364203528e-05, 0.999027840592913];347;0;1.0;True;1
3;(23, 1);False;[0.00012326324600016856, 0.998812180668547];529;0;1.0;True;2
3;(23, 1);False;[4.5269016324657436e-05, 0.997116322167034];349;0;1.0;True;3
3;(23, 1);False;[5.80798556231106e-05, 0.9963153967863579];435;0;1.0;True;4
3;(23, 1);False;[5.127773391427309e-05, 0.9967509319569918];394;0;1.0;True;5
3;(23, 1);False;[4.53282004798193e-05, 0.9984201158732732];524;0;1.0;True;6
3;(23, 1);False;[5.137234916123328e-05, 0.9985906702619817];451;0;1.0;True;7
3;(23, 1);False;[4.515871720106347e-05, 0.9946873223592757];458;0;1.0;True;8
3;(23, 1);False;[0.00013969047628085282, 0.9989188689237598];365;0;1.0;True;9
3;(23, 2);False;[2.7506134819237514e-05, 0.998899004439154];280;0;1.0;True;0
3;(23, 2);False;[2.1419102822800028e-05, 0.99877376905397];227;0;1.0;True;1
3;(23, 2);False;[1.6685780399802062e-05, 0.9990471153011622];313;0;1.0;True;2
3;(23, 2);False;[1.667884386112095e-05, 0.9986315644542608];394;0;1.0;True;3
3;(23, 2);False;[1.8909377690744834e-05, 0.9991477844404394];390;0;1.0;True;4
3;(23, 2);False;[2.7487857264214883e-05, 0.9982356024446811];310;0;1.0;True;5
3;(23, 2);False;[2.1430871919570778e-05, 0.9993222779711863];219;0;1.0;True;6
3;(23, 2);False;[2.1424823104013896e-05, 0.9990397384897606];277;0;1.0;True;7
3;(23, 2);False;[1.8911108975228458e-05, 0.9992394275930566];279;0;1.0;True;8
3;(23, 2);False;[1.8907285933458795e-05, 0.9990371209077317];297;0;1.0;True;9
3;(23, 3);True;[0.9988307335404809, 0.0002302902338177283];395;0;1.0;True;0
3;(23, 3);True;[0.998041301405868, 0.00023010823922969828];463;0;1.0;True;1
3;(23, 3);True;[0.9989066170900891, 0.0002609729321020545];408;0;1.0;True;2
3;(23, 3);True;[0.9987603315234784, 0.00017933755779225778];420;0;1.0;True;3
3;(23, 3);True;[0.9978074330882925, 0.00023005426127549892];423;0;1.0;True;4
3;(23, 3);True;[0.9977801358444283, 0.00026067866932137515];379;0;1.0;True;5
3;(23, 3);True;[0.9992234780974412, 0.00026105557440109207];272;0;1.0;True;6
3;(23, 3);True;[0.9979680426578638, 0.0002954431317110497];360;0;1.0;True;7
3;(23, 3);True;[0.9982056684966986, 0.0002607898183513261];423;0;1.0;True;8
3;(23, 3);True;[0.9985721262665905, 0.00023023072397825646];430;0;1.0;True;9
0;(24, 0);True;[0.9987124115782161, 0.00023026300231461652];505;0;1.0;True;0
0;(24, 0);True;[0.9987615207440299, 0.00017933789985182967];447;0;1.0;True;1
0;(24, 0);True;[0.9983832789868282, 0.0002608360822450527];350;0;1.0;True;2
0;(24, 0);True;[0.9988633216670847, 0.0002032370078778843];462;0;1.0;True;3
0;(24, 0);True;[0.999476468609371, 0.00020336186752922637];359;0;1.0;True;4
0;(24, 0);True;[0.9986238370630997, 0.00017931310222379977];640;0;1.0;True;5
0;(24, 0);True;[0.9987086066831063, 0.0002302621239326466];333;0;1.0;True;6
0;(24, 0);True;[0.999307873415246, 0.0001794359267938693];436;0;1.0;True;7
0;(24, 0);True;[0.9990861430487412, 0.00017939605946310172];388;0;1.0;True;8
0;(24, 0);True;[0.9991235077601341, 0.00013971912134963188];391;0;1.0;True;9
0;(24, 1);False;[1.0127118506084536e-05, 0.9997064737098825];444;0;1.0;True;0
0;(24, 1);False;[1.669152590964527e-05, 0.9993904970123831];503;0;1.0;True;1
0;(24, 1);False;[1.669470986919399e-05, 0.9995813930668864];497;0;1.0;True;2
0;(24, 1);False;[2.1427070775294947e-05, 0.9991450472934674];476;0;1.0;True;3
0;(24, 1);False;[1.6683695953182764e-05, 0.9989223185403052];412;0;1.0;True;4
0;(24, 1);False;[1.6696731998783095e-05, 0.9997023038401339];336;0;1.0;True;5
0;(24, 1);False;[2.7506265979021828e-05, 0.9989038813015169];435;0;1.0;True;6
0;(24, 1);False;[1.1473526107141678e-05, 0.9995318459828935];451;0;1.0;True;7
0;(24, 1);False;[1.6678764330385477e-05, 0.9986269279426354];601;0;1.0;True;8
0;(24, 1);False;[4.003764344756965e-05, 0.999309540028231];555;0;1.0;True;9
0;(24, 2);False;[5.1408420291609885e-05, 0.9992915645800502];458;0;1.0;True;0
0;(24, 2);False;[0.00010886235276639684, 0.999574008324933];420;0;1.0;True;1
0;(24, 2);False;[6.601828028254807e-05, 0.9994210973871583];468;0;1.0;True;2
0;(24, 2);False;[0.01589118602320928, 0.9831529480529485];610;0;1.0;True;3
0;(24, 2);False;[5.826748454239195e-05, 0.9995339897296976];436;0;1.0;True;4
0;(24, 2);False;[0.00010883307968004931, 0.9993047782759096];476;0;1.0;True;5
0;(24, 2);False;[0.00015836433545180205, 0.9993877585024403];456;0;1.0;True;6
0;(24, 2);False;[7.479766883281779e-05, 0.9992759705159703];466;0;1.0;True;7
0;(24, 2);False;[0.00012333709139013174, 0.9994107382866662];571;0;1.0;True;8
0;(24, 2);False;[0.06740841055479192, 0.9305443557368219];740;0;1.0;True;9
0;(24, 3);False;[2.1433876526776786e-05, 0.9994619405331967];484;0;1.0;True;0
0;(24, 3);False;[3.115403187548078e-05, 0.9984344948469654];516;0;1.0;True;1
0;(24, 3);False;[3.1168474671062314e-05, 0.9988969823239655];397;0;1.0;True;2
0;(24, 3);False;[1.6694630262803678e-05, 0.9995767478106996];472;0;1.0;True;3
0;(24, 3);False;[2.4289130662378846e-05, 0.9995183881008686];481;0;1.0;True;4
0;(24, 3);False;[3.1192977346031866e-05, 0.9996828846636251];481;0;1.0;True;5
0;(24, 3);False;[1.8915401801655083e-05, 0.9994656320616022];585;0;1.0;True;6
0;(24, 3);False;[2.4280005792298856e-05, 0.9991427861751828];562;0;1.0;True;7
0;(24, 3);False;[1.8904996085221518e-05, 0.9989166088406303];474;0;1.0;True;8
0;(24, 3);False;[1.6691748767046863e-05, 0.9994039513981602];671;0;1.0;True;9
0;(25, 0);True;[0.9991626603930741, 0.00026103989026648273];378;0;1.0;True;0
0;(25, 0);True;[0.9991246977620586, 0.0002957856643013357];387;0;1.0;True;1
0;(25, 0);True;[0.9974490082098356, 0.0003346069696541423];416;0;1.0;True;2
0;(25, 0);True;[0.9993709708954449, 0.00017944722129601608];379;0;1.0;True;3
0;(25, 0);True;[0.9971551991496214, 0.0003345083804046878];405;0;1.0;True;4
0;(25, 0);True;[0.9990604414890597, 0.00020327713297462653];476;0;1.0;True;5
0;(25, 0);True;[0.9987948177502479, 0.0002609438143941932];546;0;1.0;True;6
0;(25, 0);True;[0.9975584896667027, 0.00022999700582615926];556;0;1.0;True;7
0;(25, 0);True;[0.9992558537091356, 0.0002303882060110009];376;0;1.0;True;8
0;(25, 0);True;[0.9989063791647972, 0.0001582880846749994];432;0;1.0;True;9
0;(25, 1);False;[1.89129125651214e-05, 0.9993347781655164];362;0;1.0;True;0
0;(25, 1);False;[3.5329962715448064e-05, 0.9992212166271766];514;0;1.0;True;1
0;(25, 1);False;[2.1432527467355876e-05, 0.9993997840700605];404;0;1.0;True;2
0;(25, 1);False;[2.748788347869087e-05, 0.9982363151603684];495;0;1.0;True;3
0;(25, 1);False;[2.7487988336844812e-05, 0.9982404728142642];512;0;1.0;True;4
0;(25, 1);False;[2.1431035424771523e-05, 0.9993295399498686];384;0;1.0;True;5
0;(25, 1);False;[2.4239541072625607e-05, 0.9974779478764005];484;0;1.0;True;6
0;(25, 1);False;[2.749824015220684e-05, 0.9986126623351681];526;0;1.0;True;7
0;(25, 1);False;[2.7506265979021828e-05, 0.9989035244145777];630;0;1.0;True;8
0;(25, 1);False;[2.7515186311746856e-05, 0.9992274059325037];459;0;1.0;True;9
0;(25, 2);False;[3.525618419215748e-05, 0.9971342194830851];548;0;1.0;True;0
0;(25, 2);False;[3.5318172036024996e-05, 0.9988879424527757];590;0;1.0;True;1
0;(25, 2);False;[5.132661054904522e-05, 0.9977009820091934];461;0;1.0;True;2
0;(25, 2);False;[2.426734319116563e-05, 0.9986222915687917];558;0;1.0;True;3
0;(25, 2);False;[2.4258018297004872e-05, 0.9982385721935766];474;0;1.0;True;4
0;(25, 2);False;[2.7517495574977747e-05, 0.9993118018728949];546;0;1.0;True;5
0;(25, 2);False;[2.428605005638227e-05, 0.9993920448008593];359;0;1.0;True;6
0;(25, 2);False;[2.4274541775776594e-05, 0.9989179173275488];428;0;1.0;True;7
0;(25, 2);False;[3.53082372336849e-05, 0.9986062429364202];509;0;1.0;True;8
0;(25, 2);False;[3.52947707787677e-05, 0.9982256242460738];692;0;1.0;True;9
0;(25, 3);False;[5.140827321115005e-05, 0.9992885886157025];475;0;1.0;True;0
0;(25, 3);False;[2.751555368157026e-05, 0.9992412130362276];502;0;1.0;True;1
0;(25, 3);False;[2.1437331323620806e-05, 0.9996237978642839];312;0;1.0;True;2
0;(25, 3);False;[2.4280075258052006e-05, 0.9991457612982132];416;0;1.0;True;3
0;(25, 3);False;[4.531920987670978e-05, 0.9982224170057333];555;0;1.0;True;4
0;(25, 3);False;[3.116461071599852e-05, 0.9987730554894643];330;0;1.0;True;5
0;(25, 3);False;[3.114800116684922e-05, 0.9982409479990542];503;0;1.0;True;6
0;(25, 3);False;[3.117602562731077e-05, 0.9991387400313836];445;0;1.0;True;7
0;(25, 3);False;[4.003019847976053e-05, 0.9991235077601341];428;0;1.0;True;8
0;(25, 3);False;[3.528726546011557e-05, 0.9980133977893962];595;0;1.0;True;9
0;(26, 0);True;[0.9984245126843199, 0.001169034715151171];463;0;1.0;True;0
0;(26, 0);True;[0.9985101993875091, 0.0010317580678397527];387;0;1.0;True;1
0;(26, 0);True;[0.9977181882750102, 0.0016997322729454386];535;0;1.0;True;2
0;(26, 0);True;[0.9968735282619624, 0.002180651944852812];613;0;1.0;True;3
0;(26, 0);True;[0.9982283564339057, 0.0010314668564380372];383;0;1.0;True;4
0;(26, 0);True;[0.998372466204816, 0.0011689739558583103];458;0;1.0;True;5
0;(26, 0);True;[0.9981393927058873, 0.0008032355689629182];497;0;1.0;True;6
0;(26, 0);True;[0.997670605671753, 0.0014999369418252835];478;0;1.0;True;7
0;(26, 0);True;[0.997238652746298, 0.0019251234591406245];510;0;1.0;True;8
0;(26, 0);True;[0.9974399944477365, 0.0010306521965819343];523;0;1.0;True;9
0;(26, 1);True;[0.7757351883638498, 0.22225185918310755];502;0;0.4;False;0
0;(26, 1);False;[0.0674426835267071, 0.9310175766082224];611;0;0.6;True;1
0;(26, 1);True;[0.7299383749688021, 0.2685293294759112];639;0;0.4;False;2
0;(26, 1);False;[0.37641260711625013, 0.6205994904075578];595;0;0.6;True;3
0;(26, 1);False;[0.06745667421989704, 0.9312106358616884];694;0;0.6;True;4
0;(26, 1);False;[0.0005524596803016256, 0.9988705769383444];562;0;0.6;True;5
0;(26, 1);False;[0.00013975083762482335, 0.9993512074196143];487;0;0.6;True;6
0;(26, 1);True;[0.9454868490808069, 0.053340717579310366];662;0;0.4;False;7
0;(26, 1);False;[0.08491947563817817, 0.9129703479234684];633;0;0.6;True;8
0;(26, 1);True;[0.9032004631621583, 0.09519663411536959];510;0;0.4;False;9
0;(26, 2);False;[0.13285081640827262, 0.866296053424805];614;0;0.9;True;0
0;(26, 2);False;[0.0001232650093076587, 0.9988269278457519];480;0;0.9;True;1
0;(26, 2);False;[0.00020333607501333547, 0.9993494216053961];700;0;0.9;True;2
0;(26, 2);False;[0.060043500777796306, 0.9392383307199363];560;0;0.9;True;3
0;(26, 2);False;[0.02295550324455582, 0.976092924902084];517;0;0.9;True;4
0;(26, 2);False;[0.20143957171438934, 0.7967089967783383];549;0;0.9;True;5
0;(26, 2);True;[0.621935343913016, 0.37722285444216513];543;0;0.1;False;6
0;(26, 2);False;[0.4684204187175322, 0.5307898728546867];638;0;0.9;True;7
0;(26, 2);False;[0.00033510610435723775, 0.9989373067880565];567;0;0.9;True;8
0;(26, 2);False;[0.3204576917888182, 0.678408898404265];600;0;0.9;True;9
0;(26, 3);False;[3.114811998727073e-05, 0.9982449869045851];565;0;1.0;True;0
0;(26, 3);False;[5.823720774039347e-05, 0.9990145153050722];546;0;1.0;True;1
0;(26, 3);False;[3.998563400247133e-05, 0.9980120916491508];522;0;1.0;True;2
0;(26, 3);False;[2.4252698003242514e-05, 0.998019690802169];546;0;1.0;True;3
0;(26, 3);False;[4.525270028819031e-05, 0.9967570907601049];550;0;1.0;True;4
0;(26, 3);False;[4.5336630790090884e-05, 0.9986057673452358];434;0;1.0;True;5
0;(26, 3);False;[5.138773510665784e-05, 0.9988896076676974];522;0;1.0;True;6
0;(26, 3);False;[2.4280214190154536e-05, 0.9991518306790235];446;0;1.0;True;7
0;(26, 3);False;[4.531964207643566e-05, 0.9982312072790136];564;0;1.0;True;8
0;(26, 3);False;[3.1148179397651466e-05, 0.9982467687696134];483;0;1.0;True;9
3;(27, 0);False;[3.530833825150643e-05, 0.9986096903108239];384;0;1.0;True;0
3;(27, 0);False;[4.001584696267266e-05, 0.9987656826782961];443;0;1.0;True;1
3;(27, 0);False;[3.114782293706682e-05, 0.9982353649116351];496;0;1.0;True;2
3;(27, 0);False;[5.134178694207273e-05, 0.9979968937490633];342;0;1.0;True;3
3;(27, 0);False;[2.1430933233874872e-05, 0.9993251351396908];358;0;1.0;True;4
3;(27, 0);False;[3.998559586921734e-05, 0.9980106667708326];420;0;1.0;True;5
3;(27, 0);False;[3.116469987879253e-05, 0.998776623084545];370;0;1.0;True;6
3;(27, 0);False;[4.0002683208848356e-05, 0.9984375846755271];404;0;1.0;True;7
3;(27, 0);False;[5.1409008617657256e-05, 0.9993034687587362];384;0;1.0;True;8
3;(27, 0);False;[4.535552902601561e-05, 0.9990222486268546];348;0;1.0;True;9
3;(27, 1);False;[5.8212442466722615e-05, 0.9985894814773633];436;0;1.0;True;0
3;(27, 1);False;[0.0001793373867627165, 0.9987587857016577];441;0;1.0;True;1
3;(27, 1);False;[8.475621608983399e-05, 0.9992683522582754];392;0;1.0;True;2
3;(27, 1);False;[0.00012327935181217085, 0.9989432546563494];497;0;1.0;True;3
3;(27, 1);False;[0.00012320589348690353, 0.9983475142209246];469;0;1.0;True;4
3;(27, 1);False;[7.477669998356703e-05, 0.9989959556468128];466;0;1.0;True;5
3;(27, 1);False;[7.473164398832693e-05, 0.998394092118404];419;0;1.0;True;6
3;(27, 1);False;[9.600053371834478e-05, 0.9988439350380034];409;0;1.0;True;7
3;(27, 1);False;[0.00012318180869057713, 0.9981526946428374];410;0;1.0;True;8
3;(27, 1);False;[6.596321331544364e-05, 0.9985879361524759];438;0;1.0;True;9
3;(27, 2);False;[0.0004300390249150466, 0.998366881568249];491;0;1.0;True;0
3;(27, 2);False;[0.0003351316718993494, 0.9990129686246392];387;0;1.0;True;1
3;(27, 2);False;[0.0009098158747535876, 0.9977343271718284];440;0;1.0;True;2
3;(27, 2);False;[0.0006253776647523072, 0.9978473134970167];529;0;1.0;True;3
3;(27, 2);False;[0.0004870100123491643, 0.997776575409616];465;0;1.0;True;4
3;(27, 2);False;[0.0011687454400069908, 0.9981773992415582];349;0;1.0;True;5
3;(27, 2);False;[0.002469233256434254, 0.9961598139058231];446;0;1.0;True;6
3;(27, 2);False;[0.0013234277896072664, 0.9974729662672102];453;0;1.0;True;7
3;(27, 2);False;[0.0002957109217006771, 0.9988722421243165];397;0;1.0;True;8
3;(27, 2);False;[0.0010314506257888252, 0.9982123204075657];407;0;1.0;True;9
3;(27, 3);True;[0.9983376526363411, 0.0008033953010830988];305;0;1.0;True;0
3;(27, 3);True;[0.9974378597496151, 0.001030650230770751];423;0;1.0;True;1
3;(27, 3);True;[0.9974384526434458, 0.0010306507222231952];362;0;1.0;True;2
3;(27, 3);True;[0.9961380480598965, 0.001029306984743304];465;0;1.0;True;3
3;(27, 3);True;[0.9967671580181802, 0.001498578628457001];439;0;1.0;True;4
3;(27, 3);True;[0.9973502226311297, 0.0009094658380552176];475;0;1.0;True;5
3;(27, 3);True;[0.9979391930977729, 0.0007087109527608436];420;0;1.0;True;6
3;(27, 3);True;[0.9950550958018864, 0.0013202195914023462];454;0;1.0;True;7
3;(27, 3);True;[0.9983128212280018, 0.000487271799662557];386;0;1.0;True;8
3;(27, 3);True;[0.9972296429748129, 0.000551552108558974];363;0;1.0;True;9
0;(28, 0);True;[0.9968726989593416, 0.0011672177619584984];573;0;1.0;True;0
0;(28, 0);True;[0.9974327599018412, 0.0010306448248093303];508;0;1.0;True;1
0;(28, 0);True;[0.9978436338702529, 0.0006253752791303898];525;0;1.0;True;2
0;(28, 0);True;[0.9981507943054769, 0.00048719257499237924];416;0;1.0;True;3
0;(28, 0);True;[0.9981370173745074, 0.0003348377629025396];541;0;1.0;True;4
0;(28, 0);True;[0.9970072933827404, 0.00048663441806456653];428;0;1.0;True;5
0;(28, 0);True;[0.9978426843438164, 0.000429813314665114];500;0;1.0;True;6
0;(28, 0);True;[0.9979330197878069, 0.000708706559558143];434;0;1.0;True;7
0;(28, 0);True;[0.9972936639453657, 0.0004867743615426881];524;0;1.0;True;8
0;(28, 0);True;[0.9964577709576159, 0.000707658714517909];501;0;1.0;True;9
0;(28, 1);False;[5.1372251176346786e-05, 0.9985884116189171];663;0;1.0;True;0
0;(28, 1);False;[9.595412744387672e-05, 0.9983612970791457];841;0;1.0;True;1
0;(28, 1);False;[9.58887208204206e-05, 0.9976802166460147];503;0;1.0;True;2
0;(28, 1);False;[5.138680397899395e-05, 0.9988715284894576];533;0;1.0;True;3
0;(28, 1);False;[9.598762557891563e-05, 0.9987097957258041];531;0;1.0;True;4
0;(28, 1);False;[3.531379364307755e-05, 0.9987642557938919];609;0;1.0;True;5
0;(28, 1);False;[5.127665807588669e-05, 0.9967299693826065];506;0;1.0;True;6
0;(28, 1);False;[4.000916915496579e-05, 0.9985991103712106];467;0;1.0;True;7
0;(28, 1);False;[3.998490947686419e-05, 0.9979933316113279];606;0;1.0;True;8
0;(28, 1);False;[5.822049280145609e-05, 0.998727631303615];504;0;1.0;True;9
0;(28, 2);False;[3.527807950742005e-05, 0.9977541453805998];514;0;1.0;True;0
0;(28, 2);False;[4.5336111956495155e-05, 0.9985938798480183];736;0;1.0;True;1
0;(28, 2);False;[6.59376778458437e-05, 0.9982010360541568];622;0;1.0;True;2
0;(28, 2);False;[0.00022976790736571373, 0.9965650223863151];649;0;1.0;True;3
0;(28, 2);False;[8.450319301269155e-05, 0.9962855778308443];553;0;1.0;True;4
0;(28, 2);False;[7.467992013082052e-05, 0.9977034740769474];639;0;1.0;True;5
0;(28, 2);False;[6.588663655844671e-05, 0.9974287276499495];647;0;1.0;True;6
0;(28, 2);False;[5.137176125471769e-05, 0.9985787830607311];529;0;1.0;True;7
0;(28, 2);False;[5.822149223103036e-05, 0.9987452297781132];468;0;1.0;True;8
0;(28, 2);False;[6.584028109102596e-05, 0.9967270086471255];634;0;1.0;True;9
0;(28, 3);False;[0.0005522592439259809, 0.9985080599578854];544;0;1.0;True;0
0;(28, 3);False;[0.0002303554707549381, 0.9991133928010014];598;0;1.0;True;1
0;(28, 3);False;[0.00048700908345216895, 0.9977749139086931];606;0;1.0;True;2
0;(28, 3);False;[0.00033506999352741346, 0.998829187493417];661;0;1.0;True;3
0;(28, 3);False;[7.468091722198173e-05, 0.9977165271036129];580;0;1.0;True;4
0;(28, 3);False;[0.0003796679319525809, 0.9987872068815269];417;0;1.0;True;5
0;(28, 3);False;[0.009696857390165613, 0.9891062352854745];571;0;1.0;True;6
0;(28, 3);False;[0.00012326395132013768, 0.9988183648821419];472;0;1.0;True;7
0;(28, 3);False;[0.0007090006262814876, 0.9983472766612488];588;0;1.0;True;8
0;(28, 3);False;[0.00020325794172269766, 0.9989655002256139];636;0;1.0;True;9
1;(29, 0);False;[3.5242636759976126e-05, 0.9967516425683263];525;0;1.0;True;0
1;(29, 0);False;[3.11471694365899e-05, 0.9982146960343565];364;0;1.0;True;1
1;(29, 0);False;[2.7422503776988596e-05, 0.995861798248645];613;0;1.0;True;2
1;(29, 0);False;[2.744746426907748e-05, 0.9967679870009228];481;0;1.0;True;3
1;(29, 0);False;[5.8019734018629605e-05, 0.9952840152730645];500;0;1.0;True;4
1;(29, 0);False;[5.127695148411717e-05, 0.9967357725239236];516;0;1.0;True;5
1;(29, 0);False;[3.994988098692449e-05, 0.9971189297829722];533;0;1.0;True;6
1;(29, 0);False;[3.5255747096941326e-05, 0.9971220114774799];521;0;1.0;True;7
1;(29, 0);False;[3.9963179812170074e-05, 0.9974507871445025];485;0;1.0;True;8
1;(29, 0);False;[5.798444298457733e-05, 0.994678004462416];459;0;1.0;True;9
1;(29, 1);True;[0.9952418593680128, 0.002795430035775876];386;0;1.0;True;0
1;(29, 1);True;[0.9950921596227907, 0.0008007834429624366];482;0;1.0;True;1
1;(29, 1);True;[0.997996181320499, 0.0008031202904535745];455;0;1.0;True;2
1;(29, 1);True;[0.9952952335123189, 0.0014963657866950248];479;0;1.0;True;3
1;(29, 1);True;[0.9966775070931829, 0.00048647363718741667];547;0;1.0;True;4
1;(29, 1);True;[0.9941937274197139, 0.002174790077098631];453;0;1.0;True;5
1;(29, 1);True;[0.9968674866468532, 0.0011672116396737478];457;0;1.0;True;6
1;(29, 1);True;[0.9948610869952647, 0.0010279875473509358];531;0;1.0;True;7
1;(29, 1);True;[0.9944465348315402, 0.0009068178261949255];492;0;1.0;True;8
1;(29, 1);True;[0.9955662064171213, 0.0008011649952913934];461;0;1.0;True;9
1;(29, 2);False;[4.533580930630631e-05, 0.9985879361524759];510;0;1.0;True;0
1;(29, 2);False;[5.821199834272661e-05, 0.9985821114163175];590;0;1.0;True;1
1;(29, 2);False;[3.529517469767568e-05, 0.9982370279927745];428;0;1.0;True;2
1;(29, 2);False;[3.530207569306562e-05, 0.9984327122981486];492;0;1.0;True;3
1;(29, 2);False;[3.530837192417783e-05, 0.9986101659038767];464;0;1.0;True;4
1;(29, 2);False;[4.5328589536554404e-05, 0.9984285530299519];563;0;1.0;True;5
1;(29, 2);False;[3.9918309252372265e-05, 0.996331016794266];733;0;1.0;True;6
1;(29, 2);False;[3.9994520042117344e-05, 0.9982334643006728];667;0;1.0;True;7
1;(29, 2);False;[4.000951255789291e-05, 0.9986071938869623];617;0;1.0;True;8
1;(29, 2);False;[3.532699783139365e-05, 0.9991374309644212];548;0;1.0;True;9
1;(29, 3);False;[0.0001086833081735382, 0.9979300519934957];506;0;1.0;True;0
1;(29, 3);False;[3.1132825584993286e-05, 0.9977550948227843];578;0;1.0;True;1
1;(29, 3);False;[3.525564622958408e-05, 0.9971192854519139];430;0;1.0;True;2
1;(29, 3);False;[2.1397542929147755e-05, 0.9977680305108267];598;0;1.0;True;3
1;(29, 3);False;[3.11328552755836e-05, 0.9977560442658725];373;0;1.0;True;4
1;(29, 3);False;[3.993517741169787e-05, 0.9967519978741834];530;0;1.0;True;5
1;(29, 3);False;[2.748762133505601e-05, 0.9982265746017434];463;0;1.0;True;6
1;(29, 3);False;[3.991849959815753e-05, 0.9963364603671497];472;0;1.0;True;7
1;(29, 3);False;[2.422230220126223e-05, 0.9967682239527238];481;0;1.0;True;8
1;(29, 3);False;[3.1140753978192025e-05, 0.9980088856757957];432;0;1.0;True;9
0;(30, 0);True;[0.9949868773849704, 0.002176524667120469];460;0;1.0;True;0
0;(30, 0);True;[0.9965373194449785, 0.0014982335270373839];502;0;1.0;True;1
0;(30, 0);True;[0.9959938729660918, 0.002468822370287292];396;0;1.0;True;2
0;(30, 0);True;[0.9970978331769694, 0.0016986757153201644];562;0;1.0;True;3
0;(30, 0);True;[0.9929010587016686, 0.004598043353185058];368;0;1.0;True;4
0;(30, 0);True;[0.9961753108656582, 0.0024692721116715342];443;0;1.0;True;5
0;(30, 0);True;[0.9932466963577842, 0.0052120796757457975];497;0;1.0;True;6
0;(30, 0);True;[0.996463097595407, 0.0024699845660547406];354;0;1.0;True;7
0;(30, 0);True;[0.9934303111162281, 0.004600495241723788];384;0;1.0;True;8
0;(30, 0);True;[0.9961180573919057, 0.0019229601013869247];453;0;1.0;True;9
0;(30, 1);False;[3.532302258191246e-05, 0.999024747193181];427;0;1.0;True;0
0;(30, 1);False;[1.668753089964164e-05, 0.9991515926371669];410;0;1.0;True;1
0;(30, 1);False;[4.003760526471561e-05, 0.9993083495734817];417;0;1.0;True;2
0;(30, 1);False;[5.8221214609983244e-05, 0.9987403543879331];539;0;1.0;True;3
0;(30, 1);False;[5.134178694207273e-05, 0.9979960625824544];448;0;1.0;True;4
0;(30, 1);False;[8.464490574499833e-05, 0.9979565263874713];444;0;1.0;True;5
0;(30, 1);False;[6.599756971207348e-05, 0.9991074429310318];405;0;1.0;True;6
0;(30, 1);False;[2.1415773505312587e-05, 0.9986183685537005];428;0;1.0;True;7
0;(30, 1);False;[2.1432220874784084e-05, 0.9993851391359867];401;0;1.0;True;8
0;(30, 1);False;[3.1168950267871224e-05, 0.9989120888060004];422;0;1.0;True;9
0;(30, 2);False;[2.1422289648177085e-05, 0.9989216048696697];413;0;1.0;True;0
0;(30, 2);False;[1.6687594557641552e-05, 0.9991558769339935];431;0;1.0;True;1
0;(30, 2);False;[1.2991615137639304e-05, 0.99879457996786];483;0;1.0;True;2
0;(30, 2);False;[1.668912242249248e-05, 0.9992468073912023];396;0;1.0;True;3
0;(30, 2);False;[2.428449832015136e-05, 0.9993275160906003];315;0;1.0;True;4
0;(30, 2);False;[1.8909467857899024e-05, 0.9991524256966755];433;0;1.0;True;5
0;(30, 2);False;[1.8896326024293246e-05, 0.9984579062058432];418;0;1.0;True;6
0;(30, 2);False;[1.890944982443379e-05, 0.999151711629009];408;0;1.0;True;7
0;(30, 2);False;[1.6683711864002684e-05, 0.9989227943985387];544;0;1.0;True;8
0;(30, 2);False;[1.8909467857899024e-05, 0.9991524256966755];417;0;1.0;True;9
0;(30, 3);False;[1.66918283596971e-05, 0.9994084759853765];393;0;1.0;True;0
0;(30, 3);False;[2.4274657526087734e-05, 0.9989226754339591];458;0;1.0;True;1
0;(30, 3);False;[2.1427234251495155e-05, 0.9991524256966755];464;0;1.0;True;2
0;(30, 3);False;[2.750650206820965e-05, 0.9989128024698372];359;0;1.0;True;3
0;(30, 3);False;[3.1159707155156234e-05, 0.998615872108144];454;0;1.0;True;4
0;(30, 3);False;[3.530177269421981e-05, 0.9984236809291115];491;0;1.0;True;5
0;(30, 3);False;[2.750983376502623e-05, 0.9990339085014373];367;0;1.0;True;6
0;(30, 3);False;[1.8914337522757057e-05, 0.9994097857565011];357;0;1.0;True;7
0;(30, 3);False;[2.7474884167127373e-05, 0.997764232930582];514;0;1.0;True;8
0;(30, 3);False;[2.7505636417760907e-05, 0.9988812816208492];540;0;1.0;True;9
0;(31, 0);True;[0.996967005974292, 0.0014988794959826146];268;0;1.0;True;0
0;(31, 0);True;[0.9965817157554426, 0.0024702790287110545];274;0;1.0;True;1
0;(31, 0);True;[0.9974339459160253, 0.0014995815167852882];333;0;1.0;True;2
0;(31, 0);True;[0.9947237689258993, 0.0040652093713844754];385;0;1.0;True;3
0;(31, 0);True;[0.9957448879594271, 0.0035912162171443263];340;0;1.0;True;4
0;(31, 0);True;[0.9959917441456952, 0.0031700231148030803];333;0;1.0;True;5
0;(31, 0);True;[0.9972305912213343, 0.0016989017180377808];332;0;1.0;True;6
0;(31, 0);True;[0.9962873528348215, 0.0021793702287003507];280;0;1.0;True;7
0;(31, 0);True;[0.9965387401315485, 0.0019237726808266477];473;0;1.0;True;8
0;(31, 0);True;[0.9966135653558478, 0.0021800832397392937];287;0;1.0;True;9
0;(31, 1);False;[7.463314303536399e-05, 0.997078159401497];476;0;1.0;True;0
0;(31, 1);False;[8.46804316140554e-05, 0.9983750802438744];427;0;1.0;True;1
0;(31, 1);False;[3.9984871344301164e-05, 0.997992975630617];466;0;1.0;True;2
0;(31, 1);False;[5.1387931135684325e-05, 0.9988932949890257];534;0;1.0;True;3
0;(31, 1);False;[4.0026075708685895e-05, 0.9990207019344488];396;0;1.0;True;4
0;(31, 1);False;[7.474461619028664e-05, 0.9985680847587168];434;0;1.0;True;5
0;(31, 1);False;[4.535509648404674e-05, 0.9990123737481872];380;0;1.0;True;6
0;(31, 1);False;[6.597321635398222e-05, 0.998738927539714];438;0;1.0;True;7
0;(31, 1);False;[5.824242867135859e-05, 0.9991041110798073];385;0;1.0;True;8
0;(31, 1);False;[3.999394792001107e-05, 0.9982188534820008];426;0;1.0;True;9
0;(31, 2);False;[7.479067856314057e-05, 0.9991828924581933];405;0;1.0;True;0
0;(31, 2);False;[0.00020317945092089868, 0.9985799717163635];387;0;1.0;True;1
0;(31, 2);False;[0.0001397047314646463, 0.9990211778395495];464;0;1.0;True;2
0;(31, 2);False;[0.00012331215774648605, 0.9992088383060181];397;0;1.0;True;3
0;(31, 2);False;[0.00010880516339784045, 0.9990485431130441];249;0;1.0;True;4
0;(31, 2);False;[5.82210480379904e-05, 0.9987372628085228];434;0;1.0;True;5
0;(31, 2);False;[0.00010879499493341777, 0.9989551504991797];499;0;1.0;True;6
0;(31, 2);False;[7.480751338157524e-05, 0.9994083569047825];336;0;1.0;True;7
0;(31, 2);False;[0.00015812423210479607, 0.9978723591564587];386;0;1.0;True;8
0;(31, 2);False;[0.00010870621690159595, 0.998140342747063];410;0;1.0;True;9
0;(31, 3);False;[2.4277389393654072e-05, 0.9990358121483648];477;0;1.0;True;0
0;(31, 3);False;[2.7447254862342514e-05, 0.9967612361030028];485;0;1.0;True;1
0;(31, 3);False;[2.749344151208966e-05, 0.998438178861012];514;0;1.0;True;2
0;(31, 3);False;[4.000916915496579e-05, 0.9985987537094118];476;0;1.0;True;3
0;(31, 3);False;[2.7502095404145442e-05, 0.9987521265448706];434;0;1.0;True;4
0;(31, 3);False;[3.1154061586295e-05, 0.9984355644242765];454;0;1.0;True;5
0;(31, 3);False;[5.818979646257796e-05, 0.9982009172917393];393;0;1.0;True;6
0;(31, 3);False;[2.4258319044106384e-05, 0.9982504512775086];506;0;1.0;True;7
0;(31, 3);False;[3.997499623482045e-05, 0.9977460755069668];392;0;1.0;True;8
0;(31, 3);False;[4.5328416622037654e-05, 0.9984248691676545];608;0;1.0;True;9
2;(32, 0);False;[8.476009601030678e-05, 0.9993145399420313];360;0;1.0;True;0
2;(32, 0);False;[6.59226505047929e-05, 0.9979731477984706];487;0;1.0;True;1
2;(32, 0);False;[7.47296484647843e-05, 0.9983680697391942];432;0;1.0;True;2
2;(32, 0);False;[5.140351783637297e-05, 0.9991968173624446];453;0;1.0;True;3
2;(32, 0);False;[5.822099251409868e-05, 0.9987360737331233];471;0;1.0;True;4
2;(32, 0);False;[9.597060047536925e-05, 0.9985321879448099];363;0;1.0;True;5
2;(32, 0);False;[6.598101851858694e-05, 0.9988572557830662];433;0;1.0;True;6
2;(32, 0);False;[0.0009094402520558934, 0.9973224760349801];460;0;1.0;True;7
2;(32, 0);False;[9.599760405926026e-05, 0.9988133699508351];426;0;1.0;True;8
2;(32, 0);False;[5.1399253080616285e-05, 0.9991137498210781];423;0;1.0;True;9
2;(32, 1);False;[2.4289153826309974e-05, 0.9995192217861872];393;0;1.0;True;0
2;(32, 1);False;[3.5326593548300896e-05, 0.9991254117522622];409;0;1.0;True;1
2;(32, 1);False;[3.1168504395650264e-05, 0.9988981718235137];427;0;1.0;True;2
2;(32, 1);False;[3.1175876968790554e-05, 0.9991339799071328];345;0;1.0;True;3
2;(32, 1);False;[3.118304311586728e-05, 0.9993645417357127];403;0;1.0;True;4
2;(32, 1);False;[2.7517705517608867e-05, 0.9993194208108509];322;0;1.0;True;5
2;(32, 1);False;[4.5283567592528066e-05, 0.9974373852954639];303;0;1.0;True;6
2;(32, 1);False;[2.7519568828650265e-05, 0.9993874013262781];365;0;1.0;True;7
2;(32, 1);False;[4.0015274535484524e-05, 0.9987510563959016];305;0;1.0;True;8
2;(32, 1);False;[3.1168474671062314e-05, 0.9988974581701296];359;0;1.0;True;9
2;(32, 2);True;[0.9990510417451333, 0.0006261319772656374];357;0;1.0;True;0
2;(32, 2);True;[0.9984588568988916, 0.0008034926115139357];279;0;1.0;True;1
2;(32, 2);True;[0.9982512828884048, 0.0008033255819591321];354;0;1.0;True;2
2;(32, 2);True;[0.9976287221849234, 0.0011681030482683112];428;0;1.0;True;3
2;(32, 2);True;[0.9979336134406681, 0.0003347694340738922];472;0;1.0;True;4
2;(32, 2);True;[0.9977555694280614, 0.0015000649726838885];465;0;1.0;True;5
2;(32, 2);True;[0.9987108658305629, 0.000552371437192978];465;0;1.0;True;6
2;(32, 2);True;[0.9987297716687678, 0.0003350364427043231];389;0;1.0;True;7
2;(32, 2);True;[0.9978983557200709, 0.0010311260664327008];336;0;1.0;True;8
2;(32, 2);True;[0.9983882696752094, 0.0005521928868053217];368;0;1.0;True;9
2;(32, 3);False;[7.47448300366548e-05, 0.9985704621621758];566;0;1.0;True;0
2;(32, 3);False;[8.466379719221956e-05, 0.9981794183894163];512;0;1.0;True;1
2;(32, 3);False;[0.0001396728924506756, 0.9987935096571279];483;0;1.0;True;2
2;(32, 3);False;[0.000108765013872366, 0.9986801900650935];413;0;1.0;True;3
2;(32, 3);False;[4.5343678867886144e-05, 0.9987612828532979];410;0;1.0;True;4
2;(32, 3);False;[0.00013963173895751888, 0.9984995025177117];421;0;1.0;True;5
2;(32, 3);False;[5.822099251409868e-05, 0.998736668212512];386;0;1.0;True;6
2;(32, 3);False;[7.473014734067438e-05, 0.9983744860959404];464;0;1.0;True;7
2;(32, 3);False;[4.5360027707032773e-05, 0.9991207707378241];491;0;1.0;True;8
2;(32, 3);False;[9.60390853724696e-05, 0.9992445458099745];419;0;1.0;True;9
0;(33, 0);True;[0.997447229046105, 0.0003346063314426048];436;0;1.0;True;0
0;(33, 0);True;[0.9989313590714691, 0.0004875737148987744];372;0;1.0;True;1
0;(33, 0);True;[0.9984529148206611, 0.00048734011514528887];319;0;1.0;True;2
0;(33, 0);True;[0.9977000328507966, 0.0003346912242633746];384;0;1.0;True;3
0;(33, 0);True;[0.9990884038643753, 0.0003351569217614834];414;0;1.0;True;4
0;(33, 0);True;[0.9985043755697519, 0.0002956020851365837];458;0;1.0;True;5
0;(33, 0);True;[0.9988831847443774, 0.0003797045037489726];279;0;1.0;True;6
0;(33, 0);True;[0.99898596217222, 0.0004303056837183686];270;0;1.0;True;7
0;(33, 0);True;[0.9976593334816194, 0.000802849585065687];258;0;1.0;True;8
0;(33, 0);True;[0.9974482964046206, 0.0003346066505482214];426;0;1.0;True;9
0;(33, 1);False;[3.116889081787324e-05, 0.9989101856274026];363;0;1.0;True;0
0;(33, 1);False;[7.469865342465861e-05, 0.997953795756888];477;0;1.0;True;1
0;(33, 1);False;[3.531386099885781e-05, 0.9987660395159874];402;0;1.0;True;2
0;(33, 1);False;[4.5360200742136475e-05, 0.9991248167506976];387;0;1.0;True;3
0;(33, 1);False;[3.5333264811000766e-05, 0.9993148970921532];416;0;1.0;True;4
0;(33, 1);False;[3.5302345027556285e-05, 0.9984399614195887];392;0;1.0;True;5
0;(33, 1);False;[2.4284567798757756e-05, 0.9993312066571571];428;0;1.0;True;6
0;(33, 1);False;[4.5360503555156265e-05, 0.9991313618455537];410;0;1.0;True;7
0;(33, 1);False;[5.139420445938229e-05, 0.9990153481339895];521;0;1.0;True;8
0;(33, 1);False;[5.819051789053672e-05, 0.9982135081621507];434;0;1.0;True;9
0;(33, 2);False;[3.115988545294087e-05, 0.9986218160862189];490;0;1.0;True;0
0;(33, 2);False;[9.585617135287701e-05, 0.997341922187168];448;0;1.0;True;1
0;(33, 2);False;[2.7512877242308915e-05, 0.9991435002364706];460;0;1.0;True;2
0;(33, 2);False;[3.1147585298943364e-05, 0.9982275248421087];475;0;1.0;True;3
0;(33, 2);False;[4.002115184415853e-05, 0.9988976959770096];409;0;1.0;True;4
0;(33, 2);False;[2.7521642238528163e-05, 0.9994626549971048];372;0;1.0;True;5
0;(33, 2);False;[3.996344659606788e-05, 0.9974577847053727];446;0;1.0;True;6
0;(33, 2);False;[2.140803433190331e-05, 0.998257103719227];490;0;1.0;True;7
0;(33, 2);False;[2.7498449947930182e-05, 0.9986201517827422];633;0;1.0;True;8
0;(33, 2);False;[2.4267412620690735e-05, 0.9986246692175622];425;0;1.0;True;9
0;(33, 3);False;[2.427759776905293e-05, 0.9990440217835957];283;0;1.0;True;0
0;(33, 3);False;[2.7466893691411396e-05, 0.9974737965336808];511;0;1.0;True;1
0;(33, 3);False;[2.4267528337007336e-05, 0.9986293056024448];400;0;1.0;True;2
0;(33, 3);False;[2.4280167879365362e-05, 0.9991493315040699];397;0;1.0;True;3
0;(33, 3);False;[2.1407911834498736e-05, 0.9982514016568146];449;0;1.0;True;4
0;(33, 3);False;[2.7474622147463015e-05, 0.9977546202177331];366;0;1.0;True;5
0;(33, 3);False;[2.426745890715116e-05, 0.9986265712709013];405;0;1.0;True;6
0;(33, 3);False;[2.7506606997388012e-05, 0.9989160141378461];420;0;1.0;True;7
0;(33, 3);False;[3.1154180429835223e-05, 0.9984386541399145];297;0;1.0;True;8
0;(33, 3);False;[2.1427193382328173e-05, 0.9991506405866243];416;0;1.0;True;9
0;(34, 0);True;[0.9988364422841824, 0.00023029155155278623];581;0;1.0;True;0
0;(34, 0);True;[0.9988347772741706, 0.00033507159126945786];570;0;1.0;True;1
0;(34, 0);True;[0.9986264524578551, 0.00017931361524343422];523;0;1.0;True;2
0;(34, 0);True;[0.9987417813544595, 0.00020321239398534167];493;0;1.0;True;3
0;(34, 0);True;[0.9987108658305629, 0.0002302625631232127];498;0;1.0;True;4
0;(34, 0);True;[0.9991618273250322, 0.0002610396413195625];405;0;1.0;True;5
0;(34, 0);True;[0.9983891014009179, 0.0005521934134177466];533;0;1.0;True;6
0;(34, 0);True;[0.9979749285973688, 0.0002954451040133197];550;0;1.0;True;7
0;(34, 0);True;[0.999150759578353, 0.0003351776983910725];328;0;1.0;True;8
0;(34, 0);True;[0.9989330244750604, 0.00033510482603133597];427;0;1.0;True;9
0;(34, 1);False;[2.745736055869318e-05, 0.9971278192229558];432;0;1.0;True;0
0;(34, 1);False;[2.4274101929627924e-05, 0.9989003129030124];397;0;1.0;True;1
0;(34, 1);False;[3.525584796458716e-05, 0.9971252115837704];375;0;1.0;True;2
0;(34, 1);False;[2.7422137649507155e-05, 0.9958490303343716];470;0;1.0;True;3
0;(34, 1);False;[3.532689676018671e-05, 0.9991348128937992];305;0;1.0;True;4
0;(34, 1);False;[2.140768725774416e-05, 0.9982413044168477];564;0;1.0;True;5
0;(34, 1);False;[3.11014287975641e-05, 0.9967482081062853];531;0;1.0;True;6
0;(34, 1);False;[2.42391943256893e-05, 0.9974638336138846];475;0;1.0;True;7
0;(34, 1);False;[2.749824015220684e-05, 0.9986126623351681];489;0;1.0;True;8
0;(34, 1);False;[2.425237419695151e-05, 0.9980055612059309];504;0;1.0;True;9
0;(34, 2);False;[3.1140605487859744e-05, 0.9980044925539943];486;0;1.0;True;0
0;(34, 2);False;[3.116853412026656e-05, 0.9988994801699942];432;0;1.0;True;1
0;(34, 2);False;[2.4282159323064757e-05, 0.9992319289061669];365;0;1.0;True;2
0;(34, 2);False;[3.528662606729188e-05, 0.9979955876304174];390;0;1.0;True;3
0;(34, 2);False;[2.1421921913359537e-05, 0.9989051897717635];443;0;1.0;True;4
0;(34, 2);False;[3.99939860612302e-05, 0.9982203976546883];467;0;1.0;True;5
0;(34, 2);False;[3.994938570071399e-05, 0.9971069589968852];316;0;1.0;True;6
0;(34, 2);False;[3.1178463728184974e-05, 0.9992174078742715];415;0;1.0;True;7
0;(34, 2);False;[4.533598224902397e-05, 0.9985917401228477];381;0;1.0;True;8
0;(34, 2);False;[4.5268541436268156e-05, 0.9971057738358234];471;0;1.0;True;9
0;(34, 3);False;[3.529392929588912e-05, 0.9982022239115208];512;0;1.0;True;0
0;(34, 3);False;[2.1402910455765388e-05, 0.9980187408758312];578;0;1.0;True;1
0;(34, 3);False;[2.4270861203715556e-05, 0.9987671096810107];423;0;1.0;True;2
0;(34, 3);False;[2.4266949760942084e-05, 0.9986058862720738];388;0;1.0;True;3
0;(34, 3);False;[1.89091432581561e-05, 0.9991355269493887];399;0;1.0;True;4
0;(34, 3);False;[2.141197503900764e-05, 0.998441030886522];455;0;1.0;True;5
0;(34, 3);False;[1.8912696125252343e-05, 0.9993235875130079];383;0;1.0;True;6
0;(34, 3);False;[2.4262830698088766e-05, 0.9984362773989649];635;0;1.0;True;7
0;(34, 3);False;[4.532737914878898e-05, 0.9984020535610041];411;0;1.0;True;8
0;(34, 3);False;[2.1424639214071316e-05, 0.9990315288897276];523;0;1.0;True;9
1;(35, 0);False;[0.00020329496889369577, 0.999147665390907];613;0;1.0;True;0
1;(35, 0);False;[0.00015832009042989633, 0.9991089899321981];548;0;1.0;True;1
1;(35, 0);False;[5.8285824935367854e-05, 0.9998480312584627];814;0;1.0;True;2
1;(35, 0);False;[0.003585383301272911, 0.9941272762536368];635;0;1.0;True;3
1;(35, 0);False;[0.0003347719881717248, 0.9979413300305952];519;0;1.0;True;4
1;(35, 0);False;[0.0009101864444498044, 0.9981404615022735];927;0;1.0;True;5
1;(35, 0);False;[0.00020318216367734375, 0.99859376092261];609;0;1.0;True;6
1;(35, 0);False;[0.00017943695353741577, 0.9993134684924319];429;0;1.0;True;7
1;(35, 0);False;[7.482263941549406e-05, 0.9996103375223172];472;0;1.0;True;8
1;(35, 0);False;[9.604027604996863e-05, 0.9992574011727564];599;0;1.0;True;9
1;(35, 1);True;[0.980974818475892, 0.017967181571606962];408;0;1.0;True;0
1;(35, 1);True;[0.98352353957394, 0.015897180962533567];362;0;1.0;True;1
1;(35, 1);True;[0.9605947645083514, 0.03724630187363059];450;0;1.0;True;2
1;(35, 1);True;[0.9733246238332931, 0.025938222640405018];405;0;1.0;True;3
1;(35, 1);True;[0.9514666942398763, 0.047370738767624224];415;0;1.0;True;4
1;(35, 1);True;[0.9850150704130374, 0.014050482083792235];471;0;1.0;True;5
1;(35, 1);True;[0.9821876075972208, 0.015875584020820108];352;0;1.0;True;6
1;(35, 1);True;[0.9663552366312755, 0.03306685707904516];443;0;1.0;True;7
1;(35, 1);True;[0.985531894437564, 0.014057860491381302];304;0;1.0;True;8
1;(35, 1);True;[0.9833716950218203, 0.015894725113470617];539;0;1.0;True;9
1;(35, 2);False;[0.00023019427905183082, 0.9984141742580616];512;0;0.7;True;0
1;(35, 2);False;[0.0007093025940827361, 0.9987723420417407];642;0;0.7;True;1
1;(35, 2);True;[0.9899034334057167, 0.008564341366591496];475;0;0.3;False;2
1;(35, 2);True;[0.9906874102211745, 0.008571127239018973];565;0;0.3;False;3
1;(35, 2);False;[7.479146315269767e-05, 0.9991931278156385];515;0;0.7;True;4
1;(35, 2);False;[0.0001582476338292346, 0.998651656020876];601;0;0.7;True;5
1;(35, 2);False;[0.0007093479172563676, 0.9988364422841824];562;0;0.7;True;6
1;(35, 2);False;[9.604027604996863e-05, 0.9992571631057484];533;0;0.7;True;7
1;(35, 2);False;[0.004607155705080778, 0.9948687564314413];551;0;0.7;True;8
1;(35, 2);True;[0.9616645996154914, 0.0372877866615042];494;0;0.3;False;9
1;(35, 3);True;[0.9657791494124798, 0.03304714568997726];464;0;0.5;False;0
1;(35, 3);True;[0.8788169175387713, 0.11893492758689354];462;0;0.5;False;1
1;(35, 3);True;[0.8509377332600271, 0.1478708099462714];527;0;0.5;False;2
1;(35, 3);True;[0.5922518096066289, 0.40704831908718814];676;0;0.5;False;3
1;(35, 3);False;[0.00020318061352636872, 0.998586153097212];566;0;0.5;True;4
1;(35, 3);False;[0.005904412757701989, 0.9929695793894742];736;0;0.5;True;5
1;(35, 3);False;[0.0075651871828087205, 0.990844214002989];677;0;0.5;True;6
1;(35, 3);False;[0.4373619435079794, 0.5615838517561937];508;0;0.5;True;7
1;(35, 3);True;[0.9233064067863104, 0.07578960230710848];479;0;0.5;False;8
1;(35, 3);False;[0.002181380977619674, 0.9972067634341353];707;0;0.5;True;9
1;(36, 0);False;[3.532278677608365e-05, 0.999018084460448];614;0;1.0;True;0
1;(36, 0);False;[3.115394274320813e-05, 0.9984310486585303];573;0;1.0;True;1
1;(36, 0);False;[3.524206539464991e-05, 0.9967348249799857];535;0;1.0;True;2
1;(36, 0);False;[3.9949576194683654e-05, 0.9971118185202034];473;0;1.0;True;3
1;(36, 0);False;[2.4271162110041406e-05, 0.9987792392282664];529;0;1.0;True;4
1;(36, 0);False;[3.997442439200248e-05, 0.9977323098535252];443;0;1.0;True;5
1;(36, 0);False;[3.52276498885565e-05, 0.996327111711337];577;0;1.0;True;6
1;(36, 0);False;[3.529483809826469e-05, 0.9982280000207352];739;0;1.0;True;7
1;(36, 0);False;[2.749315309592303e-05, 0.9984273647870248];540;0;1.0;True;8
1;(36, 0);False;[2.750978129423245e-05, 0.9990320047999858];496;0;1.0;True;9
1;(36, 1);True;[0.9989260060986734, 0.00048757092498758083];399;0;1.0;True;0
1;(36, 1);True;[0.9984468539861152, 0.00048733709419026953];562;0;1.0;True;1
1;(36, 1);True;[0.9979708920624657, 0.00048710476915019685];502;0;1.0;True;2
1;(36, 1);True;[0.9986410751716214, 0.0002956424007462058];498;0;1.0;True;3
1;(36, 1);True;[0.9983774567229201, 0.0005521870941017934];510;0;1.0;True;4
1;(36, 1);True;[0.9980842882628989, 0.0005520249230722998];399;0;1.0;True;5
1;(36, 1);True;[0.9988584452353075, 0.00020323603877062205];497;0;1.0;True;6
1;(36, 1);True;[0.9979045285832588, 0.0005519254326125432];453;0;1.0;True;7
1;(36, 1);True;[0.9981253784254135, 0.00033483361168800215];535;0;1.0;True;8
1;(36, 1);True;[0.997400976779736, 0.0003791409291752264];566;0;1.0;True;9
1;(36, 2);False;[0.00015808442617497081, 0.9976216035699819];638;0;1.0;True;0
1;(36, 2);False;[3.998529080449462e-05, 0.9980031864254035];747;0;1.0;True;1
1;(36, 2);False;[0.00010870787563948456, 0.9981550700115255];668;0;1.0;True;2
1;(36, 2);False;[7.476728731042901e-05, 0.9988705769383444];590;0;1.0;True;3
1;(36, 2);False;[0.0006256723590330838, 0.9983175735466951];648;0;1.0;True;4
1;(36, 2);False;[4.000222541708911e-05, 0.9984260575238436];571;0;1.0;True;5
1;(36, 2);False;[4.53189937783925e-05, 0.9982174280760697];513;0;1.0;True;6
1;(36, 2);False;[7.463478009468627e-05, 0.9970998478194897];718;0;1.0;True;7
1;(36, 2);False;[3.527824772681291e-05, 0.9977580616321644];647;0;1.0;True;8
1;(36, 2);False;[5.134149316285185e-05, 0.9979910758297011];633;0;1.0;True;9
1;(36, 3);False;[3.1154150718907664e-05, 0.9984378222566919];554;0;1.0;True;0
1;(36, 3);False;[3.52871645025837e-05, 0.9980106667708326];529;0;1.0;True;1
1;(36, 3);False;[3.5302277693740976e-05, 0.998437941163529];622;0;1.0;True;2
1;(36, 3);False;[3.114788234688097e-05, 0.9982369091098646];553;0;1.0;True;3
1;(36, 3);False;[2.4274564925794666e-05, 0.9989189878878861];689;0;1.0;True;4
1;(36, 3);False;[2.7487857264214883e-05, 0.9982354836781511];483;0;1.0;True;5
1;(36, 3);False;[3.116458099512387e-05, 0.9987724608721443];598;0;1.0;True;6
1;(36, 3);False;[1.89051763781734e-05, 0.9989255303552002];599;0;1.0;True;7
1;(36, 3);False;[4.000230171535183e-05, 0.9984278400607794];410;0;1.0;True;8
1;(36, 3);False;[3.114785264195973e-05, 0.9982363151603684];560;0;1.0;True;9
0;(37, 0);True;[0.9985169741038618, 0.0004301038283105814];626;0;1.0;True;0
0;(37, 0);True;[0.9988786649772743, 0.0002957128957906441];411;0;1.0;True;1
0;(37, 0);True;[0.9975638279950517, 0.0007084443684752824];586;0;1.0;True;2
0;(37, 0);True;[0.9978947943987271, 0.00037932863406990635];491;0;1.0;True;3
0;(37, 0);True;[0.9979941627756622, 0.00062546951811621];507;0;1.0;True;4
0;(37, 0);True;[0.9971674082580647, 0.0006249513793748466];436;0;1.0;True;5
0;(37, 0);True;[0.9984555293028293, 0.0004873415094385369];443;0;1.0;True;6
0;(37, 0);True;[0.9983926662297846, 0.0002608385697836385];573;0;1.0;True;7
0;(37, 0);True;[0.9983187616589582, 0.0006256729557210277];404;0;1.0;True;8
0;(37, 0);True;[0.99863655754633, 0.00043015530885256645];315;0;1.0;True;9
0;(37, 1);False;[2.425295242550409e-05, 0.9980299023350312];627;0;1.0;True;0
0;(37, 1);False;[2.1407891418332785e-05, 0.9982506889303561];518;0;1.0;True;1
0;(37, 1);False;[2.423165958416969e-05, 0.9971530657575157];519;0;1.0;True;2
0;(37, 1);False;[1.889964216834461e-05, 0.9986337042647647];558;0;1.0;True;3
0;(37, 1);False;[2.1384486890179494e-05, 0.9971594664118643];546;0;1.0;True;4
0;(37, 1);False;[1.8896326024293246e-05, 0.9984580249988363];579;0;1.0;True;5
0;(37, 1);False;[2.1391340317026305e-05, 0.9974786594705319];550;0;1.0;True;6
0;(37, 1);False;[2.4212209522564186e-05, 0.9963535011277772];541;0;1.0;True;7
0;(37, 1);False;[3.528733276529729e-05, 0.9980154161407692];507;0;1.0;True;8
0;(37, 1);False;[3.991811890749464e-05, 0.9963269934038479];663;0;1.0;True;9
0;(37, 2);False;[1.4723450415442497e-05, 0.9989318348177183];529;0;1.0;True;0
0;(37, 2);False;[1.8877863585105935e-05, 0.9974822176810482];524;0;1.0;True;1
0;(37, 2);False;[1.664076028093741e-05, 0.9963508976013793];512;0;1.0;True;2
0;(37, 2);False;[2.1407911834498736e-05, 0.9982511641200091];563;0;1.0;True;3
0;(37, 2);False;[1.6647966759933905e-05, 0.9967826739416293];489;0;1.0;True;4
0;(37, 2);False;[2.1402951278616317e-05, 0.9980204032475157];677;0;1.0;True;5
0;(37, 2);False;[1.6683743685688047e-05, 0.9989245786363531];563;0;1.0;True;6
0;(37, 2);False;[1.2989657701506483e-05, 0.9986442850359227];564;0;1.0;True;7
0;(37, 2);False;[1.8877827578472974e-05, 0.9974805571347789];500;0;1.0;True;8
0;(37, 2);False;[2.4246315190950262e-05, 0.9977564001620708];481;0;1.0;True;9
0;(37, 3);False;[5.1372447146306664e-05, 0.9985928099848599];543;0;1.0;True;0
0;(37, 3);False;[2.1415977743018047e-05, 0.9986275223570571];478;0;1.0;True;1
0;(37, 3);False;[2.1384364527514077e-05, 0.9971536582498922];527;0;1.0;True;2
0;(37, 3);False;[3.117248774685024e-05, 0.9990259369611751];408;0;1.0;True;3
0;(37, 3);False;[3.5308506615184565e-05, 0.9986143266261629];495;0;1.0;True;4
0;(37, 3);False;[4.002134268033665e-05, 0.9989025728329842];712;0;1.0;True;5
0;(37, 3);False;[3.9950338179645856e-05, 0.9971303082339203];493;0;1.0;True;6
0;(37, 3);False;[8.464555153684282e-05, 0.9979643621211899];694;0;1.0;True;7
0;(37, 3);False;[5.1171676942e-05, 0.9946901529013761];420;0;1.0;True;8
0;(37, 3);False;[3.528713085013726e-05, 0.998009598113429];555;0;1.0;True;9
3;(38, 0);False;[1.668350502452727e-05, 0.9989101856274026];353;0;1.0;True;0
3;(38, 0);False;[4.530641863131591e-05, 0.997940499142613];459;0;1.0;True;1
3;(38, 0);False;[3.533245610600374e-05, 0.9992918026552542];359;0;1.0;True;2
3;(38, 0);False;[3.117786905185461e-05, 0.9991983646183188];382;0;1.0;True;3
3;(38, 0);False;[2.4270421424257554e-05, 0.9987489159851337];365;0;1.0;True;4
3;(38, 0);False;[3.115346737539412e-05, 0.9984158378695628];268;0;1.0;True;5
3;(38, 0);False;[2.427970477633178e-05, 0.9991301718356921];696;0;1.0;True;6
3;(38, 0);False;[2.1421778907079715e-05, 0.9988985285922534];433;0;1.0;True;7
3;(38, 0);False;[2.7509650117685848e-05, 0.9990271267305862];497;0;1.0;True;8
3;(38, 0);False;[2.7497951685700733e-05, 0.9986020822478147];283;0;1.0;True;9
3;(38, 1);False;[3.529463614015892e-05, 0.9982215855350925];443;0;1.0;True;0
3;(38, 1);False;[5.1386558948202365e-05, 0.9988666519013315];456;0;1.0;True;1
3;(38, 1);False;[3.532278677608365e-05, 0.9990178465086063];407;0;1.0;True;2
3;(38, 1);False;[4.000848235795384e-05, 0.9985822303403383];545;0;1.0;True;3
3;(38, 1);False;[3.114057578987825e-05, 0.9980029489476615];501;0;1.0;True;4
3;(38, 1);False;[5.137989455875546e-05, 0.9987367871549394];603;0;1.0;True;5
3;(38, 1);False;[2.427718102004371e-05, 0.9990267697996141];527;0;1.0;True;6
3;(38, 1);False;[3.997434814691148e-05, 0.9977302923069986];510;0;1.0;True;7
3;(38, 1);False;[3.530813621615238e-05, 0.9986042219951458];441;0;1.0;True;8
3;(38, 1);False;[2.7512142579034672e-05, 0.9991176767595608];373;0;1.0;True;9
3;(38, 2);False;[4.5296611574995475e-05, 0.9977247149794001];317;0;1.0;True;0
3;(38, 2);False;[3.5326324028809406e-05, 0.9991183907447471];396;0;1.0;True;1
3;(38, 2);False;[5.129465688737916e-05, 0.9970802926333417];372;0;1.0;True;2
3;(38, 2);False;[4.5308406223032026e-05, 0.9979837146000337];527;0;1.0;True;3
3;(38, 2);False;[3.531338951109387e-05, 0.9987524832614484];364;0;1.0;True;4
3;(38, 2);False;[1.8907141682865165e-05, 0.999029387296371];576;0;1.0;True;5
3;(38, 2);False;[2.7512667336514472e-05, 0.99913647898553];378;0;1.0;True;6
3;(38, 2);False;[3.527767578414988e-05, 0.9977419221191235];454;0;1.0;True;7
3;(38, 2);False;[3.117498503255517e-05, 0.9991060149768163];412;0;1.0;True;8
3;(38, 2);False;[3.999318510326702e-05, 0.998200323363658];452;0;1.0;True;9
3;(38, 3);True;[0.988080871686196, 0.009686805790748992];437;0;1.0;True;0
3;(38, 3);True;[0.9856347217350766, 0.012407308019456149];475;0;1.0;True;1
3;(38, 3);True;[0.9610175707546548, 0.037262698349922296];481;0;1.0;True;2
3;(38, 3);True;[0.9660079215192625, 0.0330549705163473];645;0;1.0;True;3
3;(38, 3);True;[0.9751309638237856, 0.02293288346500769];542;0;1.0;True;4
3;(38, 3);True;[0.990692792050615, 0.007564032914920203];542;0;1.0;True;5
3;(38, 3);True;[0.9816271859282337, 0.015866525234488196];624;0;1.0;True;6
3;(38, 3);True;[0.9834664629973151, 0.014028396845696454];423;0;1.0;True;7
3;(38, 3);True;[0.9858528383130267, 0.012410053470354392];529;0;1.0;True;8
3;(38, 3);True;[0.9902174133447355, 0.007560401727149377];557;0;1.0;True;9
3;(39, 0);False;[3.529510737753668e-05, 0.9982352461451334];467;0;1.0;True;0
3;(39, 0);False;[3.114797146181466e-05, 0.9982402352800592];414;0;1.0;True;1
3;(39, 0);False;[3.529507371751533e-05, 0.998234295781208];434;0;1.0;True;2
3;(39, 0);False;[4.525248450701471e-05, 0.9967525901282518];533;0;1.0;True;3
3;(39, 0);False;[2.7481933433872745e-05, 0.9980204032475157];503;0;1.0;True;4
3;(39, 0);False;[3.52947707787677e-05, 0.9982260994237955];440;0;1.0;True;5
3;(39, 0);False;[3.529500639756893e-05, 0.9982321576399985];425;0;1.0;True;6
3;(39, 0);False;[2.7481854807542976e-05, 0.9980170785069158];403;0;1.0;True;7
3;(39, 0);False;[4.531908021759576e-05, 0.9982193286564994];437;0;1.0;True;8
3;(39, 0);False;[3.114788234688097e-05, 0.9982376218264848];412;0;1.0;True;9
3;(39, 1);False;[3.116883136798865e-05, 0.9989082823361427];467;0;1.0;True;0
3;(39, 1);False;[2.4258087699851207e-05, 0.9982413044168477];379;0;1.0;True;1
3;(39, 1);False;[3.5287029892990504e-05, 0.9980069860769598];500;0;1.0;True;2
3;(39, 1);False;[3.112368223044898e-05, 0.9974619359814535];513;0;1.0;True;3
3;(39, 1);False;[3.989912705331202e-05, 0.9958525769350421];465;0;1.0;True;4
3;(39, 1);False;[2.74747269550289e-05, 0.9977581803418925];435;0;1.0;True;5
3;(39, 1);False;[3.1164343229147064e-05, 0.9987650881816371];379;0;1.0;True;6
3;(39, 1);False;[2.7498554846392084e-05, 0.9986240748048388];451;0;1.0;True;7
3;(39, 1);False;[2.4246430806666238e-05, 0.9977616220009127];512;0;1.0;True;8
3;(39, 1);False;[3.113267713246643e-05, 0.9977497545416698];432;0;1.0;True;9
3;(39, 2);False;[4.530875190005733e-05, 0.997992025729707];440;0;1.0;True;0
3;(39, 2);False;[5.136309041507308e-05, 0.9984107281397648];388;0;1.0;True;1
3;(39, 2);False;[6.588544271579432e-05, 0.9974103454975431];362;0;1.0;True;2
3;(39, 2);False;[5.1363041431436294e-05, 0.9984098963960398];515;0;1.0;True;3
3;(39, 2);False;[7.45383971777223e-05, 0.9958125012679875];404;0;1.0;True;4
3;(39, 2);False;[6.577959097068018e-05, 0.9958075363231409];431;0;1.0;True;5
3;(39, 2);False;[6.588607105133589e-05, 0.9974199514100814];334;0;1.0;True;6
3;(39, 2);False;[4.5336111956495155e-05, 0.9985942365080763];403;0;1.0;True;7
3;(39, 2);False;[3.9963179812170074e-05, 0.9974509058176722];479;0;1.0;True;8
3;(39, 2);False;[5.816161228017952e-05, 0.9977172391002442];483;0;1.0;True;9
3;(39, 3);True;[0.9974281345296676, 0.0014995722210836432];361;0;1.0;True;0
3;(39, 3);True;[0.9964597831468545, 0.001029639317982583];353;0;1.0;True;1
3;(39, 3);True;[0.9975542190710441, 0.0009096519002736505];434;0;1.0;True;2
3;(39, 3);True;[0.9969388067319059, 0.0013227186687261934];439;0;1.0;True;3
3;(39, 3);True;[0.9961688045021317, 0.0013216972945846105];497;0;1.0;True;4
3;(39, 3);True;[0.9980194533204998, 0.0006254853254126538];461;0;1.0;True;5
3;(39, 3);True;[0.9990522316025949, 0.0006261325743919075];811;0;1.0;True;6
3;(39, 3);True;[0.9964606118739624, 0.0010296402999236238];415;0;1.0;True;7
3;(39, 3);True;[0.9972266791297825, 0.0010304320490345641];425;0;1.0;True;8
3;(39, 3);True;[0.9968644066673795, 0.0006247615821759818];411;0;1.0;True;9
3;(40, 0);False;[5.823604142615758e-05, 0.9989946469413732];491;0;1.0;True;0
3;(40, 0);False;[1.6693675015727563e-05, 0.999519340879991];277;0;1.0;True;1
3;(40, 0);False;[1.891132539693392e-05, 0.9992506163724987];377;0;1.0;True;2
3;(40, 0);False;[2.4258295909581584e-05, 0.9982500949726607];472;0;1.0;True;3
3;(40, 0);False;[4.536422399438284e-05, 0.9992139562499304];407;0;1.0;True;4
3;(40, 0);False;[1.6687483156301068e-05, 0.9991490935209668];472;0;1.0;True;5
3;(40, 0);False;[2.750650206820965e-05, 0.9989122077693192];492;0;1.0;True;6
3;(40, 0);False;[2.14340196138172e-05, 0.9994692045157983];521;0;1.0;True;7
3;(40, 0);False;[1.6687339927098918e-05, 0.999140049100061];363;0;1.0;True;8
3;(40, 0);False;[2.7512273767466284e-05, 0.999122317759627];388;0;1.0;True;9
3;(40, 1);False;[2.143404005490095e-05, 0.9994702762487295];470;0;1.0;True;0
3;(40, 1);False;[2.1436390909562877e-05, 0.9995796064340502];458;0;1.0;True;1
3;(40, 1);False;[3.118161570210674e-05, 0.9993185874957714];386;0;1.0;True;2
3;(40, 1);False;[2.7519726297336728e-05, 0.9993931163928796];431;0;1.0;True;3
3;(40, 1);False;[2.142915519027538e-05, 0.9992420462286222];499;0;1.0;True;4
3;(40, 1);False;[3.118589813942128e-05, 0.9994555102064784];433;0;1.0;True;5
3;(40, 1);False;[2.4292559164500984e-05, 0.9996597732851947];343;0;1.0;True;6
3;(40, 1);False;[2.751555368157026e-05, 0.9992407369099816];438;0;1.0;True;7
3;(40, 1);False;[2.1438169553532486e-05, 0.9996625132387654];374;0;1.0;True;8
3;(40, 1);False;[1.6696142849131928e-05, 0.999667278412272];461;0;1.0;True;9
3;(40, 2);False;[2.749349395171775e-05, 0.9984404366993397];379;0;1.0;True;0
3;(40, 2);False;[4.002596119332854e-05, 0.99901796548452];449;0;1.0;True;1
3;(40, 2);False;[2.1429216499667865e-05, 0.9992449029350807];408;0;1.0;True;2
3;(40, 2);False;[2.4271254697353738e-05, 0.9987830446250203];508;0;1.0;True;3
3;(40, 2);False;[2.4263062087576916e-05, 0.9984459033044955];374;0;1.0;True;4
3;(40, 2);False;[5.822077041906135e-05, 0.9987326253410831];410;0;1.0;True;5
3;(40, 2);False;[2.7506606997388012e-05, 0.9989163710292477];630;0;1.0;True;6
3;(40, 2);False;[3.997488186560243e-05, 0.9977437022731137];509;0;1.0;True;7
3;(40, 2);False;[3.116874219337437e-05, 0.9989056655055494];386;0;1.0;True;8
3;(40, 2);False;[3.11596180066465e-05, 0.9986131378133825];472;0;1.0;True;9
3;(40, 3);True;[0.9986391729744003, 0.0007092078982911877];442;0;1.0;True;0
3;(40, 3);True;[0.9980945010376764, 0.0005520304508458833];493;0;1.0;True;1
3;(40, 3);True;[0.9977164083988406, 0.0005518212237438922];549;0;1.0;True;2
3;(40, 3);True;[0.9969731672731298, 0.000802297353529535];560;0;1.0;True;3
3;(40, 3);True;[0.9978455331581654, 0.000625376471940211];444;0;1.0;True;4
3;(40, 3);True;[0.9980208782113626, 0.0006254862201772291];479;0;1.0;True;5
3;(40, 3);True;[0.9984589756919978, 0.0008034929946491605];527;0;1.0;True;6
3;(40, 3);True;[0.9986309700374332, 0.0004301528474911878];623;0;1.0;True;7
3;(40, 3);True;[0.9971388420992999, 0.0009092728766663878];506;0;1.0;True;8
3;(40, 3);True;[0.9976658593364285, 0.0008028545618518022];503;0;1.0;True;9
1;(41, 0);False;[0.0007087126424614414, 0.9979419236884];589;0;1.0;True;0
1;(41, 0);False;[0.0003350997127764929, 0.9989181552555889];470;0;1.0;True;1
1;(41, 0);False;[0.0002301938399915061, 0.9984125106493323];537;0;1.0;True;2
1;(41, 0);False;[0.0021806571439383915, 0.996875779196539];576;0;1.0;True;3
1;(41, 0);False;[0.00029537917990201903, 0.9977520093132182];465;0;1.0;True;4
1;(41, 0);False;[0.00026097193657122284, 0.9989024538708129];516;0;1.0;True;5
1;(41, 0);False;[0.005903697678383203, 0.9928492341543121];574;0;1.0;True;6
1;(41, 0);False;[0.00012331474496565732, 0.9992297864179164];462;0;1.0;True;7
1;(41, 0);False;[0.00020307503733316284, 0.9980665943071657];515;0;1.0;True;8
1;(41, 0);False;[0.00017944722129601608, 0.9993707327432085];479;0;1.0;True;9
1;(41, 1);True;[0.99813891756944, 0.0010313743943382737];471;0;1.0;True;0
1;(41, 1);True;[0.998377100256514, 0.001168979529973791];435;0;1.0;True;1
1;(41, 1);True;[0.9978913518156652, 0.0011684105499417151];440;0;1.0;True;2
1;(41, 1);True;[0.9978885028705055, 0.0011684072070970997];479;0;1.0;True;3
1;(41, 1);True;[0.9980953324024618, 0.0013242534729576312];475;0;1.0;True;4
1;(41, 1);True;[0.9986202705950388, 0.0008036225048223968];414;0;1.0;True;5
1;(41, 1);True;[0.9972409052018882, 0.0019251280489980935];373;0;1.0;True;6
1;(41, 1);True;[0.9975580151551711, 0.0014997681580645385];485;0;1.0;True;7
1;(41, 1);True;[0.9986307321777965, 0.0009106331510610064];409;0;1.0;True;8
1;(41, 1);True;[0.9976417733044782, 0.001699602598611107];465;0;1.0;True;9
1;(41, 2);False;[3.53383533378801e-05, 0.9994586062780848];380;0;1.0;True;0
1;(41, 2);False;[3.527838230290473e-05, 0.9977622153195027];519;0;1.0;True;1
1;(41, 2);False;[4.5359811414081376e-05, 0.9991164867659986];448;0;1.0;True;2
1;(41, 2);False;[3.5313995710803745e-05, 0.9987692501307692];375;0;1.0;True;3
1;(41, 2);False;[4.00212663457562e-05, 0.998901264482453];455;0;1.0;True;4
1;(41, 2);False;[4.534986305314053e-05, 0.9988974581701296];521;0;1.0;True;5
1;(41, 2);False;[3.5327031521860225e-05, 0.9991382640121222];562;0;1.0;True;6
1;(41, 2);False;[4.003065659164791e-05, 0.9991355269493887];515;0;1.0;True;7
1;(41, 2);False;[3.117620401847072e-05, 0.999144690262207];444;0;1.0;True;8
1;(41, 2);False;[3.117920708954856e-05, 0.9992412130362276];560;0;1.0;True;9
1;(41, 3);False;[5.8270652016081123e-05, 0.9995880632511469];388;0;1.0;True;0
1;(41, 3);False;[4.529764834402222e-05, 0.9977467877569908];533;0;1.0;True;1
1;(41, 3);False;[4.000264505933499e-05, 0.9984366338865];514;0;1.0;True;2
1;(41, 3);False;[4.5355572280439375e-05, 0.9990232004387561];448;0;1.0;True;3
1;(41, 3);False;[4.537127636184513e-05, 0.999368946894099];362;0;1.0;True;4
1;(41, 3);False;[4.003073294413885e-05, 0.9991368359556989];421;0;1.0;True;5
1;(41, 3);False;[4.5297821141167076e-05, 0.9977511785828647];479;0;1.0;True;6
1;(41, 3);False;[3.116455127427757e-05, 0.9987717474248455];419;0;1.0;True;7
1;(41, 3);False;[5.1380972563152184e-05, 0.9987581910928331];474;0;1.0;True;8
1;(41, 3);False;[5.8236874505371176e-05, 0.9990085665472824];508;0;1.0;True;9
0;(42, 0);True;[0.9986768609175579, 0.00026091295814737863];489;0;1.0;True;0
0;(42, 0);True;[0.9992200263939693, 0.00020330970409416458];394;0;1.0;True;1
0;(42, 0);True;[0.9993145399420313, 0.00023040182876326096];374;0;1.0;True;2
0;(42, 0);True;[0.9991269587812511, 0.0002957862284682561];296;0;1.0;True;3
0;(42, 0);True;[0.9991499265202336, 0.00033517737874086254];325;0;1.0;True;4
0;(42, 0);True;[0.9992249063940263, 0.00026105607232555984];349;0;1.0;True;5
0;(42, 0);True;[0.9988602292419012, 0.00020323642641297243];367;0;1.0;True;6
0;(42, 0);True;[0.9989381395526089, 0.00023031505242758363];405;0;1.0;True;7
0;(42, 0);True;[0.9987593801945651, 0.00029567736418746626];418;0;1.0;True;8
0;(42, 0);True;[0.99895300930214, 0.000379730939022763];380;0;1.0;True;9
0;(42, 1);False;[2.143109673954341e-05, 0.9993328733090567];365;0;1.0;True;0
0;(42, 1);False;[3.111377006915008e-05, 0.9971435833735502];656;0;1.0;True;1
0;(42, 1);False;[2.7488145624825737e-05, 0.998245818394718];380;0;1.0;True;2
0;(42, 1);False;[2.750269865572822e-05, 0.9987740068314034];463;0;1.0;True;3
0;(42, 1);False;[1.4729475398370715e-05, 0.9993407307272031];502;0;1.0;True;4
0;(42, 1);False;[1.666882597430858e-05, 0.9980314459830525];461;0;1.0;True;5
0;(42, 1);False;[1.8899479952110837e-05, 0.9986251447014936];404;0;1.0;True;6
0;(42, 1);False;[2.1427132078723867e-05, 0.9991477844404394];454;0;1.0;True;7
0;(42, 1);False;[2.7519805032017853e-05, 0.9993958549175042];354;0;1.0;True;8
0;(42, 1);False;[1.4731554519207241e-05, 0.9994813510835698];419;0;1.0;True;9
0;(42, 2);False;[2.4246546422933513e-05, 0.9977656569924411];424;0;1.0;True;0
0;(42, 2);False;[1.8916393979984318e-05, 0.9995188645048612];620;0;1.0;True;1
0;(42, 2);False;[2.1412158820252266e-05, 0.9984499438529243];425;0;1.0;True;2
0;(42, 2);False;[2.7481749972786544e-05, 0.9980136352696245];441;0;1.0;True;3
0;(42, 2);False;[2.4274541775776594e-05, 0.9989185121477553];410;0;1.0;True;4
0;(42, 2);False;[2.423949483941417e-05, 0.9974762873372394];448;0;1.0;True;5
0;(42, 2);False;[2.4252790520119733e-05, 0.9980232530339883];432;0;1.0;True;6
0;(42, 2);False;[2.744756897304408e-05, 0.9967718956684853];454;0;1.0;True;7
0;(42, 2);False;[1.8896326024293246e-05, 0.9984581439080794];422;0;1.0;True;8
0;(42, 2);False;[1.8899660192456526e-05, 0.998634655357714];365;0;1.0;True;9
0;(42, 3);False;[0.0021793587974785586, 0.9962823829708334];605;0;1.0;True;0
0;(42, 3);False;[9.60312089546883e-05, 0.9991627794443931];535;0;1.0;True;1
0;(42, 3);False;[6.595082171730244e-05, 0.9984002711863351];521;0;1.0;True;2
0;(42, 3);False;[5.819068437518199e-05, 0.9982162402006127];441;0;1.0;True;3
0;(42, 3);False;[9.591487811801102e-05, 0.9979528458932699];509;0;1.0;True;4
0;(42, 3);False;[4.5368204336962264e-05, 0.9993007307781012];371;0;1.0;True;5
0;(42, 3);False;[5.13415421259386e-05, 0.9979916695170988];398;0;1.0;True;6
0;(42, 3);False;[6.59731534370502e-05, 0.9987380951737715];451;0;1.0;True;7
0;(42, 3);False;[3.9994520042117344e-05, 0.9982337018332667];461;0;1.0;True;8
0;(42, 3);False;[5.141616712387617e-05, 0.9994418162011424];428;0;1.0;True;9
0;(43, 0);True;[0.9990444976998053, 0.00037976570602003986];483;0;1.0;True;0
0;(43, 0);True;[0.9979808651588209, 0.00029544707632875626];650;0;1.0;True;1
0;(43, 0);True;[0.9993865678963391, 0.00026109839937672014];334;0;1.0;True;2
0;(43, 0);True;[0.9991044680384118, 0.000379788523591895];489;0;1.0;True;3
0;(43, 0);True;[0.9992490689775487, 0.0002958223373894672];468;0;1.0;True;4
0;(43, 0);True;[0.9987690123544682, 0.00029568018399999383];531;0;1.0;True;5
0;(43, 0);True;[0.9990901887469232, 0.0002610209709771622];493;0;1.0;True;6
0;(43, 0);True;[0.9987413056987241, 0.00043020043630726733];425;0;1.0;True;7
0;(43, 0);True;[0.9993507311827874, 0.00029585252557338623];446;0;1.0;True;8
0;(43, 0);True;[0.9989732328190857, 0.00020325949246364228];485;0;1.0;True;9
0;(43, 1);False;[1.8911343432187842e-05, 0.9992516876383808];457;0;1.0;True;0
0;(43, 1);False;[3.5267819641140156e-05, 0.9974638336138846];348;0;1.0;True;1
0;(43, 1);False;[3.114788234688097e-05, 0.9982376218264848];389;0;1.0;True;2
0;(43, 1);False;[2.1434080937126933e-05, 0.999471705247151];470;0;1.0;True;3
0;(43, 1);False;[3.528682797956351e-05, 0.9980015243147619];596;0;1.0;True;4
0;(43, 1);False;[2.428012156866452e-05, 0.9991480224232306];435;0;1.0;True;5
0;(43, 1);False;[2.4277551463254176e-05, 0.9990424750574807];449;0;1.0;True;6
0;(43, 1);False;[2.142931868237847e-05, 0.9992495451077649];423;0;1.0;True;7
0;(43, 1);False;[2.142917562672005e-05, 0.9992433555489785];466;0;1.0;True;8
0;(43, 1);False;[3.116446211190872e-05, 0.9987686556319868];455;0;1.0;True;9
0;(43, 2);False;[3.117905841585799e-05, 0.9992359757763258];550;0;1.0;True;0
0;(43, 2);False;[3.5319014096902436e-05, 0.9989114939896186];337;0;1.0;True;1
0;(43, 2);False;[3.117902868120495e-05, 0.9992353806507548];481;0;1.0;True;2
0;(43, 2);False;[2.751775800351692e-05, 0.9993215636657946];312;0;1.0;True;3
0;(43, 2);False;[4.000962702619027e-05, 0.9986106413809024];400;0;1.0;True;4
0;(43, 2);False;[3.116903944308081e-05, 0.9989155382828426];604;0;1.0;True;5
0;(43, 2);False;[2.7523348325824426e-05, 0.9995239855784952];438;0;1.0;True;6
0;(43, 2);False;[3.117269584635144e-05, 0.9990321237775858];429;0;1.0;True;7
0;(43, 2);False;[3.1183994761342624e-05, 0.9993950214223428];368;0;1.0;True;8
0;(43, 2);False;[3.533825223418484e-05, 0.9994559864932372];491;0;1.0;True;9
0;(43, 3);False;[2.4287903005640633e-05, 0.9994681327840164];374;0;1.0;True;0
0;(43, 3);False;[2.42801447240039e-05, 0.9991482604642365];505;0;1.0;True;1
0;(43, 3);False;[2.4280214190154536e-05, 0.9991514736453391];385;0;1.0;True;2
0;(43, 3);False;[3.118414345857158e-05, 0.999399188730583];449;0;1.0;True;3
0;(43, 3);False;[3.113312249217062e-05, 0.9977638767992798];461;0;1.0;True;4
0;(43, 3);False;[1.8909612126240027e-05, 0.9991602802420534];451;0;1.0;True;5
0;(43, 3);False;[2.7517994191342002e-05, 0.9993296589629029];557;0;1.0;True;6
0;(43, 3);False;[2.4280214190154536e-05, 0.9991514736453391];376;0;1.0;True;7
0;(43, 3);False;[3.1172933676053903e-05, 0.9990403333825073];466;0;1.0;True;8
0;(43, 3);False;[2.4277620921985427e-05, 0.9990448546952633];414;0;1.0;True;9
1;(44, 0);False;[1.8896091753515017e-05, 0.998445427905908];360;0;1.0;True;0
1;(44, 0);False;[1.4721316280897167e-05, 0.9987862554107406];333;0;1.0;True;1
1;(44, 0);False;[2.1402849221634992e-05, 0.9980152974004362];304;0;1.0;True;2
1;(44, 0);False;[2.4274078780051396e-05, 0.9988988854774076];256;0;1.0;True;3
1;(44, 0);False;[1.668741949872612e-05, 0.999144571271201];281;0;1.0;True;4
1;(44, 0);False;[1.4725065262291721e-05, 0.9990412852116389];296;0;1.0;True;5
1;(44, 0);False;[1.4723281919888516e-05, 0.998919939485117];264;0;1.0;True;6
1;(44, 0);False;[1.668372777483778e-05, 0.9989238649641029];387;0;1.0;True;7
1;(44, 0);False;[2.7498345049868435e-05, 0.9986165853278429];270;0;1.0;True;8
1;(44, 0);False;[2.423135916758388e-05, 0.997141568178332];328;0;1.0;True;9
1;(44, 1);True;[0.9979352754382083, 0.0007087079113099195];399;0;1.0;True;0
1;(44, 1);True;[0.9987404733307996, 0.0004302000260363559];348;0;1.0;True;1
1;(44, 1);True;[0.9972405497217534, 0.0008025123839772759];395;0;1.0;True;2
1;(44, 1);True;[0.9976458073467683, 0.0006252512393302289];433;0;1.0;True;3
1;(44, 1);True;[0.997915806099562, 0.0005519317489340013];441;0;1.0;True;4
1;(44, 1);True;[0.9987449918912614, 0.00043020187225853836];331;0;1.0;True;5
1;(44, 1);True;[0.9966709942008625, 0.0008020540789592506];378;0;1.0;True;6
1;(44, 1);True;[0.9964634525664011, 0.0013220880976668997];453;0;1.0;True;7
1;(44, 1);True;[0.9972322511192889, 0.0008025058786523245];375;0;1.0;True;8
1;(44, 1);True;[0.9981330981249483, 0.0008032305898149919];384;0;1.0;True;9
1;(44, 2);False;[0.0006255825639845653, 0.9981744299070573];371;0;1.0;True;0
1;(44, 2);False;[0.004066690611542138, 0.9950863757816654];483;0;1.0;True;1
1;(44, 2);False;[0.0008031168438425972, 0.9979915507795911];389;0;1.0;True;2
1;(44, 2);False;[0.0004874491144326001, 0.9986763854090026];416;0;1.0;True;3
1;(44, 2);False;[0.0002606796637334789, 0.997784289623662];506;0;1.0;True;4
1;(44, 2);False;[0.0006253696133148083, 0.9978346130570975];525;0;1.0;True;5
1;(44, 2);False;[0.00015828778276472544, 0.9989049518468116];459;0;1.0;True;6
1;(44, 2);False;[0.007560405332230711, 0.9902178809062441];641;0;1.0;True;7
1;(44, 2);False;[0.00020321220018699318, 0.9987410679290758];439;0;1.0;True;8
1;(44, 2);False;[0.00010876646605166388, 0.998692911963728];392;0;1.0;True;9
1;(44, 3);False;[0.017958676137561486, 0.9805106658314972];392;0;1.0;True;0
1;(44, 3);False;[0.014006119246726957, 0.9819049023391951];507;0;1.0;True;1
1;(44, 3);False;[0.11876145696961007, 0.8775349894814417];508;0;1.0;True;2
1;(44, 3);False;[0.26797434955382904, 0.7284297614675073];498;0;1.0;True;3
1;(44, 3);False;[0.08456771670725684, 0.909188732271858];540;0;1.0;True;4
1;(44, 3);False;[0.001168260131401931, 0.9977626899281669];449;0;1.0;True;5
1;(44, 3);False;[0.00968092293494319, 0.987480808788769];500;0;1.0;True;6
1;(44, 3);False;[0.003583428001912761, 0.9935850422668648];462;0;1.0;True;7
1;(44, 3);False;[0.31998865313346725, 0.6774159839994176];467;0;1.0;True;8
1;(44, 3);False;[0.014032464505928589, 0.9837519138226253];677;0;1.0;True;9
3;(45, 0);False;[3.531871095267376e-05, 0.9989024538708129];461;0;1.0;True;0
3;(45, 0);False;[5.137254513156694e-05, 0.998593998657189];445;0;1.0;True;1
3;(45, 0);False;[2.7512877242308915e-05, 0.9991438572091479];486;0;1.0;True;2
3;(45, 0);False;[6.598064097325072e-05, 0.9988514279643128];471;0;1.0;True;3
3;(45, 0);False;[2.750282979912759e-05, 0.9987792392282664];485;0;1.0;True;4
3;(45, 0);False;[5.819068437518199e-05, 0.9982161214363864];538;0;1.0;True;5
3;(45, 0);False;[4.529764834402222e-05, 0.9977472623583163];495;0;1.0;True;6
3;(45, 0);False;[5.819018492267513e-05, 0.9982080442238653];590;0;1.0;True;7
3;(45, 0);False;[2.427449547580668e-05, 0.9989164899930765];413;0;1.0;True;8
3;(45, 0);False;[3.11594397103922e-05, 0.9986076694788261];510;0;1.0;True;9
3;(45, 1);False;[1.6685812225432847e-05, 0.9990484241334887];529;0;1.0;True;0
3;(45, 1);False;[3.116455127427757e-05, 0.9987717474248455];630;0;1.0;True;1
3;(45, 1);False;[2.427736624094238e-05, 0.999034027479264];377;0;1.0;True;2
3;(45, 1);False;[2.1415977743018047e-05, 0.998627284614497];652;0;1.0;True;3
3;(45, 1);False;[2.4277389393654072e-05, 0.9990358121483648];544;0;1.0;True;4
3;(45, 1);False;[7.477620079690557e-05, 0.9989895312255848];624;0;1.0;True;5
3;(45, 1);False;[2.4267528337007336e-05, 0.9986297812048395];514;0;1.0;True;6
3;(45, 1);False;[2.1427193382328173e-05, 0.9991508785700958];676;0;1.0;True;7
3;(45, 1);False;[2.428019103474891e-05, 0.999150997620011];459;0;1.0;True;8
3;(45, 1);False;[2.4284243566961918e-05, 0.9993176351116024];434;0;1.0;True;9
3;(45, 2);False;[2.1384364527514077e-05, 0.9971530657575157];522;0;1.0;True;0
3;(45, 2);False;[2.749839749884929e-05, 0.9986181308133196];589;0;1.0;True;1
3;(45, 2);False;[3.113288496620223e-05, 0.9977568750002771];478;0;1.0;True;2
3;(45, 2);False;[2.4267435763909914e-05, 0.9986260957862907];463;0;1.0;True;3
3;(45, 2);False;[2.749839749884929e-05, 0.9986182496253757];744;0;1.0;True;4
3;(45, 2);False;[2.7493572611347423e-05, 0.9984429323576219];460;0;1.0;True;5
3;(45, 2);False;[2.1407952666889047e-05, 0.9982536587241337];542;0;1.0;True;6
3;(45, 2);False;[3.114782293706682e-05, 0.9982357212112254];445;0;1.0;True;7
3;(45, 2);False;[2.4277574616142515e-05, 0.9990427130151887];419;0;1.0;True;8
3;(45, 2);False;[4.000916915496579e-05, 0.9985994669168846];515;0;1.0;True;9
3;(45, 3);True;[0.9966818885722671, 0.0004864757249102567];367;0;1.0;True;0
3;(45, 3);True;[0.9978410227328087, 0.0006253734899199238];447;0;1.0;True;1
3;(45, 3);True;[0.9983141281104818, 0.000487272264361379];635;0;1.0;True;2
3;(45, 3);True;[0.9989183931836857, 0.0004302765483297787];453;0;1.0;True;3
3;(45, 3);True;[0.998096044901806, 0.0007088221436491918];545;0;1.0;True;4
3;(45, 3);True;[0.998508654301553, 0.0005522595072637722];461;0;1.0;True;5
3;(45, 3);True;[0.998790655578299, 0.00037966919923314004];436;0;1.0;True;6
3;(45, 3);True;[0.9974165123229877, 0.0006251075509055842];445;0;1.0;True;7
3;(45, 3);True;[0.9982496197835167, 0.0008033244327934912];475;0;1.0;True;8
3;(45, 3);True;[0.9983866061096438, 0.00026083707725764026];536;0;1.0;True;9
3;(46, 0);False;[1.2993362212625222e-05, 0.9989288610294336];386;0;1.0;True;0
3;(46, 0);False;[1.4723450415442497e-05, 0.9989313590714691];413;0;1.0;True;1
3;(46, 0);False;[1.4723436374072681e-05, 0.9989307642436127];356;0;1.0;True;2
3;(46, 0);False;[1.6689154254497673e-05, 0.9992491879809996];369;0;1.0;True;3
3;(46, 0);False;[1.2978488617655856e-05, 0.9977855952334582];371;0;1.0;True;4
3;(46, 0);False;[1.6678891579744263e-05, 0.9986344176134558];538;0;1.0;True;5
3;(46, 0);False;[1.4721260123639315e-05, 0.9987826878975272];445;0;1.0;True;6
3;(46, 0);False;[2.1412199660743065e-05, 0.9984510133305501];397;0;1.0;True;7
3;(46, 0);False;[1.470644209856521e-05, 0.9977775248731445];389;0;1.0;True;8
3;(46, 0);False;[2.1415977743018047e-05, 0.998627284614497];389;0;1.0;True;9
3;(46, 1);False;[1.6664534436422355e-05, 0.9977749139086931];361;0;1.0;True;0
3;(46, 1);False;[2.7493651271202145e-05, 0.9984453091144135];389;0;1.0;True;1
3;(46, 1);False;[2.1422330507990922e-05, 0.9989239839288242];333;0;1.0;True;2
3;(46, 1);False;[1.2998691622697816e-05, 0.9993385877729901];371;0;1.0;True;3
3;(46, 1);False;[1.8899479952110837e-05, 0.9986244314756815];356;0;1.0;True;4
3;(46, 1);False;[2.1429012135708384e-05, 0.9992357377144223];446;0;1.0;True;5
3;(46, 1);False;[1.8899335761071893e-05, 0.9986167042559694];356;0;1.0;True;6
3;(46, 1);False;[2.428012156866452e-05, 0.9991481414146475];385;0;1.0;True;7
3;(46, 1);False;[1.4713554572063276e-05, 0.9982597172238065];383;0;1.0;True;8
3;(46, 1);False;[1.2991602747875526e-05, 0.998793152925897];399;0;1.0;True;9
3;(46, 2);False;[1.2991615137639304e-05, 0.9987938663884862];381;0;1.0;True;0
3;(46, 2);False;[2.1397481710373954e-05, 0.99776541957122];522;0;1.0;True;1
3;(46, 2);False;[1.4723408291373226e-05, 0.9989289799947498];518;0;1.0;True;2
3;(46, 2);False;[2.1391319916664177e-05, 0.9974780663205582];533;0;1.0;True;3
3;(46, 2);False;[2.426324720075627e-05, 0.9984530337292956];405;0;1.0;True;4
3;(46, 2);False;[1.6681532223026056e-05, 0.998792082616694];569;0;1.0;True;5
3;(46, 2);False;[1.8902508218063427e-05, 0.998784471652541];343;0;1.0;True;6
3;(46, 2);False;[1.2991615137639304e-05, 0.9987942231199719];398;0;1.0;True;7
3;(46, 2);False;[1.8902526244908628e-05, 0.9987860176303911];326;0;1.0;True;8
3;(46, 2);False;[1.6672514400772404e-05, 0.9982528271112583];422;0;1.0;True;9
3;(46, 3);True;[0.9977048980520883, 0.0003346928201993022];410;0;1.0;True;0
3;(46, 3);True;[0.998568916866721, 0.00033498244891062677];439;0;1.0;True;1
3;(46, 3);True;[0.9983492965014102, 0.0002955561376849322];467;0;1.0;True;2
3;(46, 3);True;[0.9988618944106231, 0.00020323681405606215];459;0;1.0;True;3
3;(46, 3);True;[0.9975815040953268, 0.00020297629095076305];326;0;1.0;True;4
3;(46, 3);True;[0.9982164778453156, 0.000429974231283387];467;0;1.0;True;5
3;(46, 3);True;[0.9979770658390729, 0.0002954459492897517];471;0;1.0;True;6
3;(46, 3);True;[0.9982117264726995, 0.0004299721810113698];569;0;1.0;True;7
3;(46, 3);True;[0.9985755735232172, 0.00023023138267458366];492;0;1.0;True;8
3;(46, 3);True;[0.9987138383885531, 0.00023026322191063256];338;0;1.0;True;9
2;(47, 0);False;[7.478347498919975e-05, 0.9990867379691202];409;0;1.0;True;0
2;(47, 0);False;[2.142721381690192e-05, 0.9991512356035676];617;0;1.0;True;1
2;(47, 0);False;[5.8243428477490255e-05, 0.9991208897259954];598;0;1.0;True;2
2;(47, 0);False;[4.001584696267266e-05, 0.998765325957004];383;0;1.0;True;3
2;(47, 0);False;[3.53303670370981e-05, 0.9992325240296822];527;0;1.0;True;4
2;(47, 0);False;[6.599756971207348e-05, 0.999107918935609];637;0;1.0;True;5
2;(47, 0);False;[2.1425068293059212e-05, 0.9990511607250004];555;0;1.0;True;6
2;(47, 0);False;[0.00017933807088186025, 0.998762472074982];595;0;1.0;True;7
2;(47, 0);False;[5.140895959022948e-05, 0.999302516447143];457;0;1.0;True;8
2;(47, 0);False;[2.7519936256986976e-05, 0.9993999031496331];485;0;1.0;True;9
2;(47, 1);False;[2.1419164103432418e-05, 0.9987759095180002];553;0;1.0;True;0
2;(47, 1);False;[2.751282476571017e-05, 0.9991415961517143];547;0;1.0;True;1
2;(47, 1);False;[3.530180636062981e-05, 0.9984252257673483];564;0;1.0;True;2
2;(47, 1);False;[1.6687690045096738e-05, 0.999160756271804];564;0;1.0;True;3
2;(47, 1);False;[1.4723422332716258e-05, 0.9989296936706544];503;0;1.0;True;4
2;(47, 1);False;[1.4723422332716258e-05, 0.9989292179254249];596;0;1.0;True;5
2;(47, 1);False;[1.8902526244908628e-05, 0.9987854230053542];621;0;1.0;True;6
2;(47, 1);False;[1.6681245868004757e-05, 0.9987753148989812];503;0;1.0;True;7
2;(47, 1);False;[1.4725247821338505e-05, 0.9990538973821609];562;0;1.0;True;8
2;(47, 1);False;[1.2998654433195974e-05, 0.9993354924221848];488;0;1.0;True;9
2;(47, 2);True;[0.9983374149627902, 0.00043002631147061055];551;0;1.0;True;0
2;(47, 2);True;[0.9991949131179202, 0.0002303741446599716];361;0;1.0;True;1
2;(47, 2);True;[0.9990069010177487, 0.00026099906614468477];504;0;1.0;True;2
2;(47, 2);True;[0.9984510133305501, 0.00020315329405649584];610;0;1.0;True;3
2;(47, 2);True;[0.9990379537554941, 0.00023033811636509642];434;0;1.0;True;4
2;(47, 2);True;[0.9988780701807952, 0.0002957126137769848];351;0;1.0;True;5
2;(47, 2);True;[0.9971207076646289, 0.00037903445971065766];359;0;1.0;True;6
2;(47, 2);True;[0.9990881658957844, 0.0002610202241912423];539;0;1.0;True;7
2;(47, 2);True;[0.9991764657297626, 0.000179412313313748];453;0;1.0;True;8
2;(47, 2);True;[0.9988727178424109, 0.0002957109217006771];368;0;1.0;True;9
2;(47, 3);False;[2.7521852212795934e-05, 0.9994695617793733];583;0;1.0;True;0
2;(47, 3);False;[3.529527567812494e-05, 0.9982396413285839];563;0;1.0;True;1
2;(47, 3);False;[3.11330037289599e-05, 0.9977601979448125];542;0;1.0;True;2
2;(47, 3);False;[1.8912858454921923e-05, 0.9993319209112729];529;0;1.0;True;3
2;(47, 3);False;[2.427759776905293e-05, 0.9990443787207316];408;0;1.0;True;4
2;(47, 3);False;[0.00017935637203759865, 0.9988649867246786];534;0;1.0;True;5
2;(47, 3);False;[3.5330333343450535e-05, 0.9992316908452274];587;0;1.0;True;6
2;(47, 3);False;[3.5287198155062226e-05, 0.9980114979496043];477;0;1.0;True;7
2;(47, 3);False;[8.474134470659303e-05, 0.9990932825819093];436;0;1.0;True;8
2;(47, 3);False;[7.474540029662768e-05, 0.9985781886753207];517;0;1.0;True;9
2;(48, 0);False;[4.0037452533663594e-05, 0.9993053735009798];369;0;1.0;True;0
2;(48, 0);False;[3.1183935282649576e-05, 0.9993924020368533];957;0;1.0;True;1
2;(48, 0);False;[4.0040507265404936e-05, 0.9993815672731281];474;0;1.0;True;2
2;(48, 0);False;[0.00010881751209662625, 0.9991620653693271];337;0;1.0;True;3
2;(48, 0);False;[5.1419354450736696e-05, 0.9995038588044886];473;0;1.0;True;4
2;(48, 0);False;[5.824870551640868e-05, 0.9992119328573914];539;0;1.0;True;5
2;(48, 0);False;[2.752337457414734e-05, 0.9995251765519373];415;0;1.0;True;6
2;(48, 0);False;[4.5349949551222315e-05, 0.9988991234009146];508;0;1.0;True;7
2;(48, 0);False;[4.0034436214766284e-05, 0.9992299054190708];588;0;1.0;True;8
2;(48, 0);False;[4.003065659164791e-05, 0.9991354079594741];506;0;1.0;True;9
2;(48, 1);False;[1.668767413048293e-05, 0.9991605182278209];328;0;1.0;True;0
2;(48, 1);False;[2.7512562384217795e-05, 0.9991325518568328];317;0;1.0;True;1
2;(48, 1);False;[4.004199653163253e-05, 0.9994185968987769];356;0;1.0;True;2
2;(48, 1);False;[2.1435307440166262e-05, 0.9995288685466269];361;0;1.0;True;3
2;(48, 1);False;[1.8905086231482535e-05, 0.9989213669408079];404;0;1.0;True;4
2;(48, 1);False;[2.747451734029694e-05, 0.9977507039796762];396;0;1.0;True;5
2;(48, 1);False;[2.4277273630316405e-05, 0.999031052979696];316;0;1.0;True;6
2;(48, 1);False;[2.428449832015136e-05, 0.9993279923163642];447;0;1.0;True;7
2;(48, 1);False;[1.6683664131588444e-05, 0.9989202963779209];327;0;1.0;True;8
2;(48, 1);False;[2.142226921829939e-05, 0.9989212479763984];478;0;1.0;True;9
2;(48, 2);True;[0.9990826922849118, 0.0002610189795527904];544;0;1.0;True;0
2;(48, 2);True;[0.9989643105295956, 0.00037973528472335353];300;0;1.0;True;1
2;(48, 2);True;[0.9988309714477551, 0.0003350703130752128];379;0;1.0;True;2
2;(48, 2);True;[0.997840547854556, 0.0002030289497112348];576;0;1.0;True;3
2;(48, 2);True;[0.9992850173887515, 0.00020332288912621246];337;0;1.0;True;4
2;(48, 2);True;[0.9976549435244996, 0.0003792374825174867];432;0;1.0;True;5
2;(48, 2);True;[0.9994050230029472, 0.00013975843460802407];1602;0;1.0;True;6
2;(48, 2);True;[0.9983873190493714, 0.0002608373260113802];466;0;1.0;True;7
2;(48, 2);True;[0.9992820414439019, 0.0002033223074155927];421;0;1.0;True;8
2;(48, 2);True;[0.9994788503280827, 0.00020336225541157628];318;0;1.0;True;9
2;(48, 3);False;[2.4271162110041406e-05, 0.9987791202807832];470;0;1.0;True;0
2;(48, 3);False;[2.751563240431342e-05, 0.9992437126154957];392;0;1.0;True;1
2;(48, 3);False;[2.7498581071070085e-05, 0.9986249069594996];492;0;1.0;True;2
2;(48, 3);False;[2.7498607295773094e-05, 0.9986260957862907];487;0;1.0;True;3
2;(48, 3);False;[1.8911397538052802e-05, 0.9992547824387871];459;0;1.0;True;4
2;(48, 3);False;[2.1427295555391782e-05, 0.9991558769339935];376;0;1.0;True;5
2;(48, 3);False;[3.532315732880713e-05, 0.9990289113873596];428;0;1.0;True;6
2;(48, 3);False;[3.116886109291677e-05, 0.9989099477012607];404;0;1.0;True;7
2;(48, 3);False;[1.888830840703442e-05, 0.9980340583159124];312;0;1.0;True;8
2;(48, 3);False;[3.1141050960980775e-05, 0.998018503394388];413;0;1.0;True;9
1;(49, 0);False;[2.4291354500504257e-05, 0.9996097419410437];278;0;1.0;True;0
1;(49, 0);False;[3.1193780550789135e-05, 0.9997077842497862];306;0;1.0;True;1
1;(49, 0);False;[4.000935993400586e-05, 0.9986042219951458];381;0;1.0;True;2
1;(49, 0);False;[2.4294065078509498e-05, 0.9997219620661811];248;0;1.0;True;3
1;(49, 0);False;[3.1185392543288246e-05, 0.9994391965766551];356;0;1.0;True;4
1;(49, 0);False;[2.1433856085848986e-05, 0.9994617023592821];310;0;1.0;True;5
1;(49, 0);False;[0.0001397758959066089, 0.9995297022115971];342;0;1.0;True;6
1;(49, 0);False;[3.531382732095162e-05, 0.9987649692358392];393;0;1.0;True;7
1;(49, 0);False;[2.428625850611651e-05, 0.9994002603302633];460;0;1.0;True;8
1;(49, 0);False;[3.5329895328956245e-05, 0.9992190742200567];417;0;1.0;True;9
1;(49, 1);True;[0.9993133494813257, 0.00023040160903505918];328;0;1.0;True;0
1;(49, 1);True;[0.9989066170900891, 0.0002609729321020545];301;0;1.0;True;1
1;(49, 1);True;[0.999461226011623, 0.00033528192060960205];284;0;1.0;True;2
1;(49, 1);True;[0.9991608752647373, 0.00026103939237287976];273;0;1.0;True;3
1;(49, 1);True;[0.998348821265044, 0.00029555585582076904];346;0;1.0;True;4
1;(49, 1);True;[0.9986763854090026, 0.00026091270932151025];322;0;1.0;True;5
1;(49, 1);True;[0.9993654941645853, 0.0002304134746578247];270;0;1.0;True;6
1;(49, 1);True;[0.9989412323352912, 0.00023031571136517679];339;0;1.0;True;7
1;(49, 1);True;[0.9995430412947702, 0.0002611392390357077];277;0;1.0;True;8
1;(49, 1);True;[0.9992479977144739, 0.00029582205527143635];315;0;1.0;True;9
1;(49, 2);False;[4.003016030400656e-05, 0.9991232697250253];246;0;1.0;True;0
1;(49, 2);False;[2.7527889658140647e-05, 0.9996893179370663];248;0;1.0;True;1
1;(49, 2);False;[2.7528729755482708e-05, 0.9997195791862302];247;0;1.0;True;2
1;(49, 2);False;[2.429040471139625e-05, 0.9995707924467956];256;0;1.0;True;3
1;(49, 2);False;[2.752689207584539e-05, 0.999653221266674];275;0;1.0;True;4
1;(49, 2);False;[2.4291539829538413e-05, 0.9996179610346884];341;0;1.0;True;5
1;(49, 2);False;[3.118768266188177e-05, 0.999513267085003];302;0;1.0;True;6
1;(49, 2);False;[2.1438169553532486e-05, 0.9996622749588658];308;0;1.0;True;7
1;(49, 2);False;[3.118369736901184e-05, 0.9993847819607607];253;0;1.0;True;8
1;(49, 2);False;[3.1193007093987396e-05, 0.9996831229484373];186;0;1.0;True;9
1;(49, 3);False;[2.7524424527590778e-05, 0.9995631696432455];433;0;1.0;True;0
1;(49, 3);False;[2.7525789526947165e-05, 0.9996129580899547];296;0;1.0;True;1
1;(49, 3);False;[2.7515265033438958e-05, 0.9992309766627493];434;0;1.0;True;2
1;(49, 3);False;[3.118768266188177e-05, 0.9995131479919229];330;0;1.0;True;3
1;(49, 3);False;[2.1429236936171005e-05, 0.9992457361305521];254;0;1.0;True;4
1;(49, 3);False;[3.116868274377326e-05, 0.9989042380722958];339;0;1.0;True;5
1;(49, 3);False;[2.750261996998876e-05, 0.99877150964795];407;0;1.0;True;6
1;(49, 3);False;[2.7521563498590755e-05, 0.9994597970863605];236;0;1.0;True;7
1;(49, 3);False;[3.1185868398245376e-05, 0.9994547956895017];246;0;1.0;True;8
1;(49, 3);False;[3.5335556242346684e-05, 0.9993797813464861];316;0;1.0;True;9
0;(50, 0);True;[0.9930276472462155, 0.005904759067395819];398;0;1.0;True;0
0;(50, 0);True;[0.993028352428628, 0.005904761883005024];483;0;1.0;True;1
0;(50, 0);True;[0.9978663054471915, 0.001926335561491668];1203;0;1.0;True;2
0;(50, 0);True;[0.989200361020268, 0.0096977775743857];513;0;1.0;True;3
0;(50, 0);True;[0.9955671516911216, 0.0035905758271731997];419;0;1.0;True;4
0;(50, 0);True;[0.9916756351039854, 0.007571535195041904];342;0;1.0;True;5
0;(50, 0);True;[0.9940303256369936, 0.004603273287999111];366;0;1.0;True;6
0;(50, 0);True;[0.9944472419477038, 0.004605205303666493];472;0;1.0;True;7
0;(50, 0);True;[0.9938616784456308, 0.004602491930136213];403;0;1.0;True;8
0;(50, 0);True;[0.993942932834017, 0.005215734366968742];373;0;1.0;True;9
0;(50, 1);False;[0.00037963027754616535, 0.9986879182411041];513;0;1.0;True;0
0;(50, 1);False;[0.00029568102994899603, 0.9987712717548388];545;0;1.0;True;1
0;(50, 1);False;[0.0001233047491918689, 0.9991483794556818];418;0;1.0;True;2
0;(50, 1);False;[0.0016989114392592008, 0.9972361632326995];873;0;1.0;True;3
0;(50, 1);False;[5.825376081255759e-05, 0.999298111872412];613;0;1.0;True;4
0;(50, 1);False;[0.00012324702475472948, 0.9986811412023155];614;0;1.0;True;5
0;(50, 1);False;[9.597298014698863e-05, 0.9985573868038139];552;0;1.0;True;6
0;(50, 1);False;[4.536054681432411e-05, 0.9991325518568328];495;0;1.0;True;7
0;(50, 1);False;[0.00013975910102976088, 0.9994099047790921];494;0;1.0;True;8
0;(50, 1);False;[0.00012329216742857494, 0.9990468773424056];412;0;1.0;True;9
0;(50, 2);False;[0.00013975083762482335, 0.9993503740198587];355;0;1.0;True;0
0;(50, 2);False;[0.00012330380845487838, 0.9991406441106969];460;0;1.0;True;1
0;(50, 2);False;[0.00010883422139047934, 0.9993152541842348];468;0;1.0;True;2
0;(50, 2);False;[5.1409008617657256e-05, 0.9993027545249562];504;0;1.0;True;3
0;(50, 2);False;[9.605328287318669e-05, 0.9993927592148026];390;0;1.0;True;4
0;(50, 2);False;[0.00017941077341211922, 0.9991675398221704];497;0;1.0;True;5
0;(50, 2);False;[0.00010870901603646505, 0.9981654030821586];561;0;1.0;True;6
0;(50, 2);False;[0.0001088066161131959, 0.9990623453028517];506;0;1.0;True;7
0;(50, 2);False;[0.00015836448647987342, 0.999388949168132];527;0;1.0;True;8
0;(50, 2);False;[0.00015833337773819942, 0.999192294722194];468;0;1.0;True;9
0;(50, 3);False;[0.00037923983337357785, 0.9976608760919117];484;0;1.0;True;0
0;(50, 3);False;[0.00020325871709169106, 0.9989693070298032];691;0;1.0;True;1
0;(50, 3);False;[0.0059030164629016784, 0.9927346745677752];675;0;1.0;True;2
0;(50, 3);False;[0.0005519322752973857, 0.9979168746565341];447;0;1.0;True;3
0;(50, 3);False;[0.000379832351662442, 0.9992199073939915];581;0;1.0;True;4
0;(50, 3);False;[0.0013236177521628429, 0.9976163833930365];587;0;1.0;True;5
0;(50, 3);False;[0.0007091456765119375, 0.9985516812824784];583;0;1.0;True;6
0;(50, 3);False;[0.00013973151382717016, 0.9992121709136237];561;0;1.0;True;7
0;(50, 3);False;[0.0014993791695369863, 0.9972994736194403];779;0;1.0;True;8
0;(50, 3);False;[0.0021809119143169947, 0.9969922444909644];417;0;1.0;True;9
0;(51, 0);True;[0.9969647546016025, 0.0014988759223796778];306;0;1.0;True;0
0;(51, 0);True;[0.9972418536913072, 0.0008025135319812708];399;0;1.0;True;1
0;(51, 0);True;[0.995788859226416, 0.0016964456533062069];420;0;1.0;True;2
0;(51, 0);True;[0.9972313026390031, 0.0008025051133234443];369;0;1.0;True;3
0;(51, 0);True;[0.9955740046067655, 0.0024677807448609825];481;0;1.0;True;4
0;(51, 0);True;[0.9969673613569185, 0.0014988794959826146];346;0;1.0;True;5
0;(51, 0);True;[0.9973195116818361, 0.0013232239730699685];328;0;1.0;True;6
0;(51, 0);True;[0.996865354334504, 0.001167209413396346];366;0;1.0;True;7
0;(51, 0);True;[0.9963435605326686, 0.001923395696660005];442;0;1.0;True;8
0;(51, 0);True;[0.995309995155927, 0.0024671265699487775];422;0;1.0;True;9
0;(51, 1);False;[3.533744341503606e-05, 0.9994327665126158];283;0;1.0;True;0
0;(51, 1);False;[3.530779949313131e-05, 0.9985943553172896];315;0;1.0;True;1
0;(51, 1);False;[2.4270699178777605e-05, 0.9987597370300046];396;0;1.0;True;2
0;(51, 1);False;[3.528672702328328e-05, 0.997998199637054];292;0;1.0;True;3
0;(51, 1);False;[3.997469125096621e-05, 0.9977382433456052];439;0;1.0;True;4
0;(51, 1);False;[4.000188207670775e-05, 0.998417620388253];320;0;1.0;True;5
0;(51, 1);False;[3.5301671695182466e-05, 0.9984210665303391];358;0;1.0;True;6
0;(51, 1);False;[4.002989307474819e-05, 0.9991158917697491];384;0;1.0;True;7
0;(51, 1);False;[3.1154002164694897e-05, 0.9984336629672083];350;0;1.0;True;8
0;(51, 1);False;[3.532679568926894e-05, 0.9991311238085738];316;0;1.0;True;9
0;(51, 2);False;[5.8201007353490084e-05, 0.9983934979591557];365;0;1.0;True;0
0;(51, 2);False;[6.590542672084482e-05, 0.9977130858324403];457;0;1.0;True;1
0;(51, 2);False;[4.001474027749685e-05, 0.9987380951737715];477;0;1.0;True;2
0;(51, 2);False;[5.13936163027541e-05, 0.9990042835799068];304;0;1.0;True;3
0;(51, 2);False;[0.00010858737204835027, 0.9970486502786332];338;0;1.0;True;4
0;(51, 2);False;[9.604549688711096e-05, 0.9993118018728949];304;0;1.0;True;5
0;(51, 2);False;[3.994984288776722e-05, 0.9971182186776291];307;0;1.0;True;6
0;(51, 2);False;[5.1371663270952545e-05, 0.9985770000218108];392;0;1.0;True;7
0;(51, 2);False;[4.526823923715969e-05, 0.9970996107888551];425;0;1.0;True;8
0;(51, 2);False;[4.5359465347504377e-05, 0.9991085139271106];505;0;1.0;True;9
0;(51, 3);False;[4.001557982896583e-05, 0.9987589046467191];343;0;1.0;True;0
0;(51, 3);False;[4.0009436245876604e-05, 0.9986058862720738];361;0;1.0;True;1
0;(51, 3);False;[6.588632238723035e-05, 0.997423509411174];417;0;1.0;True;2
0;(51, 3);False;[4.002599936507792e-05, 0.9990189172923408];382;0;1.0;True;3
0;(51, 3);False;[5.822065937186039e-05, 0.9987309607366641];366;0;1.0;True;4
0;(51, 3);False;[7.460553196795418e-05, 0.9967095997096717];456;0;1.0;True;5
0;(51, 3);False;[4.001523637396313e-05, 0.998750580735749];391;0;1.0;True;6
0;(51, 3);False;[6.595012986927834e-05, 0.9983896955575496];366;0;1.0;True;7
0;(51, 3);False;[2.4267412620690735e-05, 0.9986247881466515];366;0;1.0;True;8
0;(51, 3);False;[5.8104121189509225e-05, 0.996731627286924];469;0;1.0;True;9
3;(52, 0);False;[2.428625850611651e-05, 0.9994004984895363];416;0;1.0;True;0
3;(52, 0);False;[3.117269584635144e-05, 0.9990328376434832];393;0;1.0;True;1
3;(52, 0);False;[2.751282476571017e-05, 0.9991415961517143];311;0;1.0;True;2
3;(52, 0);False;[2.7498345049868435e-05, 0.9986165853278429];397;0;1.0;True;3
3;(52, 0);False;[2.1419327519309273e-05, 0.9987841149245382];432;0;1.0;True;4
3;(52, 0);False;[3.527811315123445e-05, 0.9977549761134235];455;0;1.0;True;5
3;(52, 0);False;[2.7502593741458968e-05, 0.9987702014690838];555;0;1.0;True;6
3;(52, 0);False;[2.1438926033051632e-05, 0.9996973000659463];237;0;1.0;True;7
3;(52, 0);False;[2.426734319116563e-05, 0.9986222915687917];379;0;1.0;True;8
3;(52, 0);False;[3.1164372949794963e-05, 0.998765325957004];253;0;1.0;True;9
3;(52, 1);False;[2.14246800783666e-05, 0.9990339085014373];289;0;1.0;True;0
3;(52, 1);False;[3.1147585298943364e-05, 0.9982275248421087];458;0;1.0;True;1
3;(52, 1);False;[2.428625850611651e-05, 0.9994007365906931];360;0;1.0;True;2
3;(52, 1);False;[2.4274449175925077e-05, 0.9989148246170512];331;0;1.0;True;3
3;(52, 1);False;[2.750986000046065e-05, 0.9990341464571049];420;0;1.0;True;4
3;(52, 1);False;[2.427991317160381e-05, 0.9991393350412399];533;0;1.0;True;5
3;(52, 1);False;[1.6689138338487488e-05, 0.9992482357211345];405;0;1.0;True;6
3;(52, 1);False;[2.426734319116563e-05, 0.9986224104975978];420;0;1.0;True;7
3;(52, 1);False;[2.1424863968659924e-05, 0.9990424750574807];344;0;1.0;True;8
3;(52, 1);False;[3.1172547203708824e-05, 0.999027840592913];279;0;1.0;True;9
3;(52, 2);False;[3.5308506615184565e-05, 0.9986142076983195];452;0;1.0;True;0
3;(52, 2);False;[3.5308405596881346e-05, 0.9986113545968655];580;0;1.0;True;1
3;(52, 2);False;[3.996363715708528e-05, 0.9974628846810978];499;0;1.0;True;2
3;(52, 2);False;[3.533289415224614e-05, 0.9993038259049012];1148;0;1.0;True;3
3;(52, 2);False;[3.53402069568907e-05, 0.9995106470114303];505;0;1.0;True;4
3;(52, 2);False;[2.4252698003242514e-05, 0.9980193345796864];336;0;1.0;True;5
3;(52, 2);False;[3.532292152207879e-05, 0.9990216537448767];451;0;1.0;True;6
3;(52, 2);False;[4.0002606909857996e-05, 0.9984353267274158];463;0;1.0;True;7
3;(52, 2);False;[4.5379628128678066e-05, 0.9995524502931971];372;0;1.0;True;8
3;(52, 2);False;[2.7515527440705925e-05, 0.9992406179075374];363;0;1.0;True;9
3;(52, 3);True;[0.9992513305690138, 0.0002958231837451741];381;0;1.0;True;0
3;(52, 3);True;[0.9989663328973748, 0.0002957388421978955];316;0;1.0;True;1
3;(52, 3);True;[0.9989078066011104, 0.00015828823563035233];502;0;1.0;True;2
3;(52, 3);True;[0.9991720622922137, 0.0001794114578112114];414;0;1.0;True;3
3;(52, 3);True;[0.9984462597954675, 0.00020315232534841125];368;0;1.0;True;4
3;(52, 3);True;[0.9991881291490692, 0.00023037260675177045];308;0;1.0;True;5
3;(52, 3);True;[0.9992668047776955, 0.00015834515605737926];327;0;1.0;True;6
3;(52, 3);True;[0.9988605859970893, 0.00020323662023442486];497;0;1.0;True;7
3;(52, 3);True;[0.9980395202561592, 0.00023010780033348136];467;0;1.0;True;8
3;(52, 3);True;[0.9991584951179692, 0.0002610386455342559];330;0;1.0;True;9
0;(53, 0);True;[0.9940386885511682, 0.005216236776467278];384;0;1.0;True;0
0;(53, 0);True;[0.9946522935041657, 0.004606154044440722];389;0;1.0;True;1
0;(53, 0);True;[0.9917809221206211, 0.006682566908311695];501;0;1.0;True;2
0;(53, 0);True;[0.9895555658438445, 0.00970126026790012];304;0;1.0;True;3
0;(53, 0);True;[0.9905911290383912, 0.00857029352505043];454;0;1.0;True;4
0;(53, 0);True;[0.9915845540521321, 0.006681244643216989];486;0;1.0;True;5
0;(53, 0);True;[0.9966817702226505, 0.002799474508380391];331;0;1.0;True;6
0;(53, 0);True;[0.9949310582561005, 0.004607445700127653];294;0;1.0;True;7
0;(53, 0);True;[0.9885542018347143, 0.010981845236729649];343;0;1.0;True;8
0;(53, 0);True;[0.9925677585906735, 0.006687868153128959];384;0;1.0;True;9
0;(53, 1);False;[9.598643555416077e-05, 0.9986973111387423];390;0;1.0;True;0
0;(53, 1);False;[0.00017933721573333832, 0.9987577154292827];413;0;1.0;True;1
0;(53, 1);False;[0.0002955045610192502, 0.9981754988571638];456;0;1.0;True;2
0;(53, 1);False;[7.474461619028664e-05, 0.9985677282242478];508;0;1.0;True;3
0;(53, 1);False;[5.139395939330255e-05, 0.999010708096006];439;0;1.0;True;4
0;(53, 1);False;[5.822959934932377e-05, 0.9988837794276166];627;0;1.0;True;5
0;(53, 1);False;[8.472090081511116e-05, 0.9988521415848111];609;0;1.0;True;6
0;(53, 1);False;[0.0008037060461259817, 0.9987237074096371];503;0;1.0;True;7
0;(53, 1);False;[0.00012322622236909538, 0.9985124576211861];479;0;1.0;True;8
0;(53, 1);False;[0.00023022918702748845, 0.9985658262829853];506;0;1.0;True;9
0;(53, 2);False;[0.0011674582261745655, 0.9970778039793751];431;0;1.0;True;0
0;(53, 2);False;[9.601197855591776e-05, 0.9989633588900957];554;0;1.0;True;1
0;(53, 2);False;[0.004068220888102328, 0.9954610599070434];385;0;1.0;True;2
0;(53, 2);False;[0.0003348310571200212, 0.9981177776542918];675;0;1.0;True;3
0;(53, 2);False;[6.599700325281985e-05, 0.9990994702224678];459;0;1.0;True;4
0;(53, 2);False;[0.00012324608445813976, 0.9986737697672122];536;0;1.0;True;5
0;(53, 2);False;[0.00029537467280780594, 0.9977364632013548];481;0;1.0;True;6
0;(53, 2);False;[0.00020284876623920877, 0.9969549204870293];574;0;1.0;True;7
0;(53, 2);False;[0.00037965978524998783, 0.998765801624179];434;0;1.0;True;8
0;(53, 2);False;[0.00010880640858124333, 0.9990598465843392];483;0;1.0;True;9
0;(53, 3);True;[0.8508019797545842, 0.14784720850811445];442;0;0.9;False;0
0;(53, 3);True;[0.9228010981822931, 0.07574812574569079];466;0;0.9;False;1
0;(53, 3);True;[0.8163826034765932, 0.18215958105612431];362;0;0.9;False;2
0;(53, 3);True;[0.7302798598814355, 0.2686549387454005];504;0;0.9;False;3
0;(53, 3);False;[0.46844666428347687, 0.5308196129771366];524;0;0.1;True;4
0;(53, 3);True;[0.9138682728796143, 0.08500299250769348];670;0;0.9;False;5
0;(53, 3);True;[0.9443192596047005, 0.05327484391053428];387;0;0.9;False;6
0;(53, 3);True;[0.9448130856276145, 0.05330270604948961];351;0;0.9;False;7
0;(53, 3);True;[0.8664958662276382, 0.13288144879678274];424;0;0.9;False;8
0;(53, 3);True;[0.7049711228200688, 0.29387569483197773];469;0;0.9;False;9
2;(54, 0);False;[0.0013236158587138147, 0.9976148410838154];433;0;1.0;True;0
2;(54, 0);False;[0.000910520259890924, 0.9985067525890483];685;0;1.0;True;1
2;(54, 0);False;[0.000487190484193159, 0.9981465186177438];634;0;1.0;True;2
2;(54, 0);False;[0.0035880684472993454, 0.9948718242224668];618;0;1.0;True;3
2;(54, 0);False;[0.00037976389516035684, 0.9990396195112538];442;0;1.0;True;4
2;(54, 0);False;[0.0003795804998086734, 0.9985573868038139];598;0;1.0;True;5
2;(54, 0);False;[0.00023023138267458366, 0.9985750980628887];476;0;1.0;True;6
2;(54, 0);False;[0.0005518191187169939, 0.9977123738387728];493;0;1.0;True;7
2;(54, 0);False;[0.053250233677621626, 0.9438830855061707];678;0;1.0;True;8
2;(54, 0);False;[0.00020323506966798084, 0.9988534498710016];527;0;1.0;True;9
2;(54, 1);False;[3.1178969211983937e-05, 0.9992335952761682];715;0;1.0;True;0
2;(54, 1);False;[0.0001582873299003942, 0.9989018591764559];587;0;1.0;True;1
2;(54, 1);False;[3.9994596325683213e-05, 0.9982352461451334];596;0;1.0;True;2
2;(54, 1);False;[3.533569103705356e-05, 0.9993835913582055];592;0;1.0;True;3
2;(54, 1);False;[0.00013967489050172017, 0.9988076615715541];624;0;1.0;True;4
2;(54, 1);False;[3.11757283109792e-05, 0.9991294577839298];555;0;1.0;True;5
2;(54, 1);False;[5.819085086030358e-05, 0.9982193286564994];518;0;1.0;True;6
2;(54, 1);False;[2.751544871826307e-05, 0.9992370470265124];542;0;1.0;True;7
2;(54, 1);False;[3.5308506615184565e-05, 0.9986142076983195];796;0;1.0;True;8
2;(54, 1);False;[6.598252872153532e-05, 0.9988797353792591];630;0;1.0;True;9
2;(54, 2);True;[0.9970063453485484, 0.00048663395397404184];562;0;1.0;True;0
2;(54, 2);True;[0.9970627528625737, 0.0004294773264821725];635;0;1.0;True;1
2;(54, 2);True;[0.995401290009608, 0.0004858507364071124];682;0;1.0;True;2
2;(54, 2);True;[0.9974057202293114, 0.00037914273706436897];611;0;1.0;True;3
2;(54, 2);True;[0.9975468643152856, 0.00048689786084544075];584;0;1.0;True;4
2;(54, 2);True;[0.9979756410107616, 0.00029544538577186164];591;0;1.0;True;5
2;(54, 2);True;[0.9976600454374359, 0.00037923947170246145];525;0;1.0;True;6
2;(54, 2);True;[0.9958188847386336, 0.0005507718124300382];600;0;1.0;True;7
2;(54, 2);True;[0.9973492738064262, 0.00042960083305838495];551;0;1.0;True;8
2;(54, 2);True;[0.9971176259741507, 0.0003790331945487667];668;0;1.0;True;9
2;(54, 3);False;[6.602237280538284e-05, 0.9994833755452759];582;0;1.0;True;0
2;(54, 3);False;[0.05333151096323377, 0.9453237248154083];838;0;1.0;True;1
2;(54, 3);False;[0.0001397193878429611, 0.9991256497878813];614;0;1.0;True;2
2;(54, 3);False;[5.1372202183973626e-05, 0.9985873417616172];662;0;1.0;True;3
2;(54, 3);False;[8.474110226000791e-05, 0.9990905457005536];663;0;1.0;True;4
2;(54, 3);False;[8.473205141715351e-05, 0.9989838207928404];735;0;1.0;True;5
2;(54, 3);False;[0.00020321200638882947, 0.9987399976756872];567;0;1.0;True;6
2;(54, 3);False;[0.0001088066161131959, 0.999061869319987];625;0;1.0;True;7
2;(54, 3);False;[0.00020323565112901105, 0.9988564232022248];661;0;1.0;True;8
2;(54, 3);False;[0.00010876729587711068, 0.9987006403544498];631;0;1.0;True;9
3;(55, 0);False;[4.5308190176230457e-05, 0.9979793215890325];437;0;1.0;True;0
3;(55, 0);False;[2.1430933233874872e-05, 0.9993248970565455];361;0;1.0;True;1
3;(55, 0);False;[2.428771770435314e-05, 0.9994606306355447];341;0;1.0;True;2
3;(55, 0);False;[2.752292835606215e-05, 0.9995085033437799];901;0;1.0;True;3
3;(55, 0);False;[2.7524398278266547e-05, 0.9995628123462101];466;0;1.0;True;4
3;(55, 0);False;[2.7506449603770572e-05, 0.9989101856274026];415;0;1.0;True;5
3;(55, 0);False;[2.7498135254945397e-05, 0.9986089770960495];356;0;1.0;True;6
3;(55, 0);False;[2.1422064920594033e-05, 0.9989116129528667];449;0;1.0;True;7
3;(55, 0);False;[2.1434939481885423e-05, 0.9995120761548411];340;0;1.0;True;8
3;(55, 0);False;[3.115358621666761e-05, 0.9984199970847903];548;0;1.0;True;9
3;(55, 1);False;[1.89051222901073e-05, 0.9989232702569989];314;0;1.0;True;0
3;(55, 1);False;[2.4274449175925077e-05, 0.9989148246170512];450;0;1.0;True;1
3;(55, 1);False;[3.1132291159209474e-05, 0.9977371752122131];538;0;1.0;True;2
3;(55, 1);False;[3.530830457886714e-05, 0.9986081449546632];465;0;1.0;True;3
3;(55, 1);False;[2.4282228794979214e-05, 0.999234190400676];319;0;1.0;True;4
3;(55, 1);False;[2.4252559228588416e-05, 0.9980138727499093];539;0;1.0;True;5
3;(55, 1);False;[2.4252605486718216e-05, 0.9980151786601171];390;0;1.0;True;6
3;(55, 1);False;[4.005807649640943e-05, 0.9998195497023271];814;0;1.0;True;7
3;(55, 1);False;[1.889625394066752e-05, 0.9984542221190071];322;0;1.0;True;8
3;(55, 1);False;[3.117584723717157e-05, 0.999133265852649];391;0;1.0;True;9
3;(55, 2);False;[4.536777167411279e-05, 0.9992920407305149];461;0;0.9;True;0
3;(55, 2);False;[4.002996942578283e-05, 0.9991181527690137];389;0;0.9;True;1
3;(55, 2);False;[0.00012333638565165296, 0.9994047849007691];575;0;0.9;True;2
3;(55, 2);False;[8.475993434340772e-05, 0.9993122780330025];832;0;0.9;True;3
3;(55, 2);False;[5.826053893095467e-05, 0.9994144294514347];320;0;0.9;True;4
3;(55, 2);False;[6.593711190064386e-05, 0.9981928402022449];423;0;0.9;True;5
3;(55, 2);False;[3.118928881940361e-05, 0.9995645989199378];338;0;0.9;True;6
3;(55, 2);False;[0.00010862341586086295, 0.9973797495038529];704;0;0.9;True;7
3;(55, 2);False;[4.531830227070171e-05, 0.9982023426740938];424;0;0.9;True;8
3;(55, 2);True;[0.6223112755289668, 0.3774508684931946];1996;0;0.1;False;9
3;(55, 3);True;[0.9963385903882949, 0.0019233856080745442];441;0;1.0;True;0
3;(55, 3);True;[0.9981256159322879, 0.0008032244616752997];534;0;1.0;True;1
3;(55, 3);True;[0.9983535738713337, 0.000803407943110729];456;0;1.0;True;2
3;(55, 3);True;[0.9989935761836525, 0.0004876039399599743];403;0;1.0;True;3
3;(55, 3);True;[0.9975517278406212, 0.00048690018256089914];493;0;1.0;True;4
3;(55, 3);True;[0.9983699709551185, 0.00043004046032754813];565;0;1.0;True;5
3;(55, 3);True;[0.9992091954183627, 0.00043040192659145386];435;0;1.0;True;6
3;(55, 3);True;[0.9982164778453156, 0.0007089076609698566];423;0;1.0;True;7
3;(55, 3);True;[0.9971380123437993, 0.0013229829673993103];586;0;1.0;True;8
3;(55, 3);True;[0.9990611554333447, 0.0005525650636730384];302;0;1.0;True;9
3;(56, 0);False;[2.1415875623921848e-05, 0.9986231237219665];344;0;1.0;True;0
3;(56, 0);False;[2.14378424355211e-05, 0.9996476223379697];359;0;1.0;True;1
3;(56, 0);False;[2.7525632023566724e-05, 0.9996074787238038];344;0;1.0;True;2
3;(56, 0);False;[3.117849346229923e-05, 0.9992184791045519];331;0;1.0;True;3
3;(56, 0);False;[2.4287578729315274e-05, 0.9994545575172896];326;0;1.0;True;4
3;(56, 0);False;[3.119455402676939e-05, 0.9997325658897344];304;0;1.0;True;5
3;(56, 0);False;[2.1436309136377063e-05, 0.9995755567467169];396;0;1.0;True;6
3;(56, 0);False;[4.001474027749685e-05, 0.9987384518853379];484;0;1.0;True;7
3;(56, 0);False;[2.752261338294582e-05, 0.9994973088259921];313;0;1.0;True;8
3;(56, 0);False;[2.143911004561949e-05, 0.9997058780131393];278;0;1.0;True;9
3;(56, 1);False;[3.1181258858876146e-05, 0.9993068019727941];367;0;1.0;True;0
3;(56, 1);False;[4.002550313517542e-05, 0.9990063061449097];466;0;1.0;True;1
3;(56, 1);False;[2.144062309772601e-05, 0.9997771283082456];965;0;1.0;True;2
3;(56, 1);False;[2.1432466148490648e-05, 0.9993969265136098];478;0;1.0;True;3
3;(56, 1);False;[1.667881204878125e-05, 0.9986300189479939];422;0;1.0;True;4
3;(56, 1);False;[4.002985489928548e-05, 0.9991155348070632];454;0;1.0;True;5
3;(56, 1);False;[4.536370484500975e-05, 0.9992022922383406];310;0;1.0;True;6
3;(56, 1);False;[1.8917404251390706e-05, 0.9995717453049632];544;0;1.0;True;7
3;(56, 1);False;[5.1411901318655866e-05, 0.9993589460235496];460;0;1.0;True;8
3;(56, 1);False;[2.7527679637810995e-05, 0.9996816933277003];460;0;1.0;True;9
3;(56, 2);False;[4.536379136949268e-05, 0.9992038395026926];335;0;1.0;True;0
3;(56, 2);False;[3.1185303321292136e-05, 0.9994369340945964];408;0;1.0;True;1
3;(56, 2);False;[2.751264109840277e-05, 0.9991349319418003];354;0;1.0;True;2
3;(56, 2);False;[2.752967489563814e-05, 0.9997542508559912];433;0;1.0;True;3
3;(56, 2);False;[3.118729600668335e-05, 0.9995007624181653];311;0;1.0;True;4
3;(56, 2);False;[2.1438782913257445e-05, 0.9996909858262986];450;0;1.0;True;5
3;(56, 2);False;[2.1433733440691576e-05, 0.9994555102064784];395;0;1.0;True;6
3;(56, 2);False;[5.824276193816217e-05, 0.9991098228980301];424;0;1.0;True;7
3;(56, 2);False;[2.4274263977281764e-05, 0.9989067360527563];338;0;1.0;True;8
3;(56, 2);False;[3.532302258191246e-05, 0.9990249851466665];570;0;1.0;True;9
3;(56, 3);True;[0.9991583760671605, 0.0003798089881359062];379;0;1.0;True;0
3;(56, 3);True;[0.9984675324361337, 0.0003349485874214306];485;0;1.0;True;1
3;(56, 3);True;[0.9985595263391266, 0.0004873921714654777];370;0;1.0;True;2
3;(56, 3);True;[0.9986784066125802, 0.0003796266571269746];358;0;1.0;True;3
3;(56, 3);True;[0.9988735504368346, 0.00029571120371272273];377;0;1.0;True;4
3;(56, 3);True;[0.9987206158817572, 0.0003350335670758098];370;0;1.0;True;5
3;(56, 3);True;[0.9989160141378461, 0.0004302755224717689];275;0;1.0;True;6
3;(56, 3);True;[0.9992812081599926, 0.0002610707615246208];412;0;1.0;True;7
3;(56, 3);True;[0.9989559832786075, 0.0003797320254432482];330;0;1.0;True;8
3;(56, 3);True;[0.998784471652541, 0.0003796668457154684];438;0;1.0;True;9
3;(57, 0);False;[0.00013937417284318727, 0.9966574949248256];666;0;1.0;True;0
3;(57, 0);False;[9.603166686826782e-05, 0.9991680159135389];722;0;1.0;True;1
3;(57, 0);False;[0.00015826665047646596, 0.9987718663714508];657;0;1.0;True;2
3;(57, 0);False;[0.00029573207335044306, 0.9989442062766974];718;0;1.0;True;3
3;(57, 0);False;[5.1436177001974614e-05, 0.9998313473105228];1474;0;1.0;True;4
3;(57, 0);False;[0.00015830453965585964, 0.9990101132209];867;0;1.0;True;5
3;(57, 0);False;[9.602205114161844e-05, 0.9990676997040928];848;0;1.0;True;6
3;(57, 0);False;[0.00020321026221367317, 0.9987314362712049];631;0;1.0;True;7
3;(57, 0);False;[0.00013969060950013584, 0.9989197016729414];623;0;1.0;True;8
3;(57, 0);False;[0.0001581619363540542, 0.9981108895671867];710;0;1.0;True;9
3;(57, 1);False;[8.462351667462934e-05, 0.9977041860642637];660;0;1.0;True;0
3;(57, 1);False;[9.598744249722381e-05, 0.9987074176418242];711;0;1.0;True;1
3;(57, 1);False;[0.00042988710334369406, 0.9980138727499093];752;0;1.0;True;2
3;(57, 1);False;[9.602150170060651e-05, 0.9990619883011437];580;0;1.0;True;3
3;(57, 1);False;[0.00015831797664275123, 0.9990957814422025];703;0;1.0;True;4
3;(57, 1);False;[0.00012324655460553788, 0.9986775742970769];602;0;1.0;True;5
3;(57, 1);False;[0.0001793938353665018, 0.9990738870699025];581;0;1.0;True;6
3;(57, 1);False;[0.00020284837933626077, 0.9969525507598612];629;0;1.0;True;7
3;(57, 1);False;[0.00013947123645162562, 0.9973515269763035];552;0;1.0;True;8
3;(57, 1);False;[0.0002955989841635678, 0.9984939165893366];635;0;1.0;True;9
3;(57, 2);False;[5.825326081866364e-05, 0.9992896599222936];860;0;1.0;True;0
3;(57, 2);False;[7.479695551006225e-05, 0.999266566708447];730;0;1.0;True;1
3;(57, 2);False;[5.821266452999127e-05, 0.9985931665282842];912;0;1.0;True;2
3;(57, 2);False;[5.8162222422974e-05, 0.9977280378168292];617;0;1.0;True;3
3;(57, 2);False;[3.530854028801653e-05, 0.998615277700657];744;0;1.0;True;4
3;(57, 2);False;[7.481971385908066e-05, 0.999570911546744];761;0;1.0;True;5
3;(57, 2);False;[5.8190739870169596e-05, 0.9982175468404516];706;0;1.0;True;6
3;(57, 2);False;[5.138058055893648e-05, 0.9987509374517747];619;0;1.0;True;7
3;(57, 2);False;[8.470934775386057e-05, 0.9987166920153423];576;0;1.0;True;8
3;(57, 2);False;[5.8162166955182735e-05, 0.9977272071064345];717;0;1.0;True;9
3;(57, 3);True;[0.9986148021051697, 0.0007091906514902799];601;0;1.0;True;0
3;(57, 3);True;[0.9958926560699042, 0.0004860905757791976];736;0;1.0;True;1
3;(57, 3);True;[0.9967832659818432, 0.0007078898972815957];785;0;1.0;True;2
3;(57, 3);True;[0.9976620626096275, 0.0008028514992105419];809;0;1.0;True;3
3;(57, 3);True;[0.996779831178758, 0.0007078875344480904];733;0;1.0;True;4
3;(57, 3);True;[0.9979131945409142, 0.0005519301698468601];733;0;1.0;True;5
3;(57, 3);True;[0.9977545015084286, 0.000708579844279512];687;0;1.0;True;6
3;(57, 3);True;[0.9966907701709511, 0.0008020701419859833];796;0;1.0;True;7
3;(57, 3);True;[0.998018503394388, 0.0006254847289036481];660;0;1.0;True;8
3;(57, 3);True;[0.9969744706609341, 0.00080229811866028];753;0;1.0;True;9
1;(58, 0);False;[2.7481540304473417e-05, 0.9980060361627144];467;0;1.0;True;0
1;(58, 0);False;[1.8912786308230097e-05, 0.9993283494712937];560;0;1.0;True;1
1;(58, 0);False;[2.4267204332711334e-05, 0.9986157531801166];547;0;1.0;True;2
1;(58, 0);False;[2.428232142450768e-05, 0.9992387134050489];529;0;1.0;True;3
1;(58, 0);False;[3.117248774685024e-05, 0.9990259369611751];406;0;1.0;True;4
1;(58, 0);False;[2.752544827076194e-05, 0.9996006891901057];406;0;1.0;True;5
1;(58, 0);False;[2.7517416846904024e-05, 0.9993091828800238];536;0;1.0;True;6
1;(58, 0);False;[2.1384017837097654e-05, 0.9971370641853092];517;0;1.0;True;7
1;(58, 0);False;[1.8916357899860532e-05, 0.9995167207904968];268;0;1.0;True;8
1;(58, 0);False;[1.8896091753515017e-05, 0.9984461410038742];500;0;1.0;True;9
1;(58, 1);True;[0.9984539844177046, 0.0008034887801717351];361;0;1.0;True;0
1;(58, 1);True;[0.998304267204337, 0.0006256640054616199];534;0;1.0;True;1
1;(58, 1);True;[0.9983005842654818, 0.0006256616187474014];492;0;1.0;True;2
1;(58, 1);True;[0.9988754535456329, 0.0007093756537611151];464;0;1.0;True;3
1;(58, 1);True;[0.9973241360858778, 0.0007082741313821934];461;0;1.0;True;4
1;(58, 1);True;[0.9982215855350925, 0.0007089113793482678];480;0;1.0;True;5
1;(58, 1);True;[0.9986234803924693, 0.0006258639250922282];413;0;1.0;True;6
1;(58, 1);True;[0.9984413873757543, 0.0007090675688546603];441;0;1.0;True;7
1;(58, 1);True;[0.9984260575238436, 0.0009104468881353598];353;0;1.0;True;8
1;(58, 1);True;[0.9987793581757638, 0.0008037508860949064];523;0;1.0;True;9
1;(58, 2);False;[1.668361639931077e-05, 0.9989168467683587];501;0;1.0;True;0
1;(58, 2);False;[2.7512798527448327e-05, 0.9991411201310922];438;0;1.0;True;1
1;(58, 2);False;[4.002996942578283e-05, 0.9991177957473637];461;0;1.0;True;2
1;(58, 2);False;[2.7487909693191855e-05, 0.9982373842929583];519;0;1.0;True;3
1;(58, 2);False;[1.8914139104500822e-05, 0.9993989506297949];521;0;1.0;True;4
1;(58, 2);False;[2.428232142450768e-05, 0.9992385944028456];567;0;1.0;True;5
1;(58, 2);False;[2.4284405682318715e-05, 0.9993237065253333];641;0;1.0;True;6
1;(58, 2);False;[2.75193063828418e-05, 0.9993772810778176];371;0;1.0;True;7
1;(58, 2);False;[1.8902436110854548e-05, 0.9987807851980175];525;0;1.0;True;8
1;(58, 2);False;[2.4267088617939704e-05, 0.9986111168581545];473;0;1.0;True;9
1;(58, 3);False;[0.0003351949599551092, 0.999202530292276];685;0;0.9;True;0
1;(58, 3);False;[0.0024709222572149676, 0.9968410699233801];679;0;0.9;True;1
1;(58, 3);False;[0.002470883376011818, 0.996825670761354];580;0;0.9;True;2
1;(58, 3);False;[0.0008032145035480168, 0.9981132648363886];627;0;0.9;True;3
1;(58, 3);False;[0.009699858714974632, 0.9894124736158716];578;0;0.9;True;4
1;(58, 3);False;[0.0027988071412053997, 0.9964445142284343];591;0;0.9;True;5
1;(58, 3);True;[0.6500238673929534, 0.34793270383219094];580;0;0.1;False;6
1;(58, 3);False;[0.002178844454550688, 0.9960473277927744];689;0;0.9;True;7
1;(58, 3);False;[0.004065073682647148, 0.9946908606539571];586;0;0.9;True;8
1;(58, 3);False;[0.0011692292776176953, 0.998590432528195];1151;0;0.9;True;9
2;(59, 0);True;[0.9939815627361489, 0.004062174902928643];492;0;1.0;False;0
2;(59, 0);True;[0.984792700125556, 0.012396710600036484];438;0;1.0;False;1
2;(59, 0);True;[0.9946228098605153, 0.003165666700354516];454;0;1.0;False;2
2;(59, 0);True;[0.9801108475583626, 0.017951355953566086];519;0;1.0;False;3
2;(59, 0);True;[0.9891109001366286, 0.009696903628495067];639;0;1.0;False;4
2;(59, 0);True;[0.9725757686439815, 0.025918267870423322];515;0;1.0;False;5
2;(59, 0);True;[0.9889566262750171, 0.00969539174939052];474;0;1.0;False;6
2;(59, 0);True;[0.9948850391809557, 0.003588116353501285];661;0;1.0;False;7
2;(59, 0);True;[0.9885886858629955, 0.009691781762527905];633;0;1.0;False;8
2;(59, 0);True;[0.9727407653526869, 0.02592266179381359];611;0;1.0;False;9
2;(59, 1);False;[2.750999117800805e-05, 0.999039500532761];548;0;1.0;True;0
2;(59, 1);False;[3.5308506615184565e-05, 0.9986139699589294];675;0;1.0;True;1
2;(59, 1);False;[0.00022985447755227898, 0.9969407024406307];603;0;1.0;True;2
2;(59, 1);False;[2.751781048952508e-05, 0.9993234684425284];613;0;1.0;True;3
2;(59, 1);False;[7.475659252915531e-05, 0.9987275123622779];742;0;1.0;True;4
2;(59, 1);False;[3.114102126257445e-05, 0.9980174347285932];554;0;1.0;True;5
2;(59, 1);False;[2.143267054539032e-05, 0.9994062136892078];649;0;1.0;True;6
2;(59, 1);False;[2.1407993499357235e-05, 0.9982555593735457];645;0;1.0;True;7
2;(59, 1);False;[0.00015824506826606346, 0.998635606451569];602;0;1.0;True;8
2;(59, 1);False;[5.1381070564673416e-05, 0.9987599748040975];650;0;1.0;True;9
2;(59, 2);True;[0.9909105781469965, 0.005892169843114789];438;0;1.0;True;0
2;(59, 2);True;[0.9913669402057073, 0.006679779305704052];708;0;1.0;True;1
2;(59, 2);True;[0.9934434874974447, 0.004600556665372001];561;0;1.0;True;2
2;(59, 2);True;[0.9909090563563274, 0.005892161414304247];594;0;1.0;True;3
2;(59, 2);True;[0.9943286599923538, 0.002464693762160052];512;0;1.0;True;4
2;(59, 2);True;[0.9936624848978607, 0.004601570273977573];622;0;1.0;True;5
2;(59, 2);True;[0.9939845069849168, 0.00406218652492089];549;0;1.0;True;6
2;(59, 2);True;[0.9952445751629659, 0.002795436700608392];695;0;1.0;True;7
2;(59, 2);True;[0.9954752357595379, 0.0016959110359410783];611;0;1.0;True;8
2;(59, 2);True;[0.9954708644522773, 0.002796072598703588];723;0;1.0;True;9
2;(59, 3);False;[5.1416069055413626e-05, 0.9994405063880405];713;0;1.0;True;0
2;(59, 3);False;[9.602305845830582e-05, 0.9990779326603012];539;0;1.0;True;1
2;(59, 3);False;[5.8162277890818155e-05, 0.9977294618270288];666;0;1.0;True;2
2;(59, 3);False;[1.8896308003361036e-05, 0.9984568366045985];490;0;1.0;True;3
2;(59, 3);False;[0.00012337414833208353, 0.9997113584423853];1618;0;1.0;True;4
2;(59, 3);False;[2.422234840168128e-05, 0.9967707111377586];595;0;1.0;True;5
2;(59, 3);False;[2.1419347946381545e-05, 0.9987849473288344];619;0;1.0;True;6
2;(59, 3);False;[5.824315075184321e-05, 0.9991167247994914];526;0;1.0;True;7
2;(59, 3);False;[2.143528699787384e-05, 0.9995276775687857];563;0;1.0;True;8
2;(59, 3);False;[3.532312364203528e-05, 0.9990281975242677];597;0;1.0;True;9
3;(60, 0);False;[0.00026073510820946586, 0.997996775010934];449;0;1.0;True;0
3;(60, 0);False;[0.00029567059674711775, 0.9987360737331233];480;0;1.0;True;1
3;(60, 0);False;[0.0003796228557239839, 0.9986685385041834];443;0;1.0;True;2
3;(60, 0);False;[0.00020330524464448206, 0.999198483615731];387;0;1.0;True;3
3;(60, 0);False;[0.0001793762146527327, 0.9989751362341005];390;0;1.0;True;4
3;(60, 0);False;[0.00012329134436730776, 0.9990405713397053];528;0;1.0;True;5
3;(60, 0);False;[0.0002954989247707973, 0.9981566140855446];367;0;1.0;True;6
3;(60, 0);False;[0.0002031804197583284, 0.9985850832423318];515;0;1.0;True;7
3;(60, 0);False;[0.0002956392993502645, 0.9986304944344724];550;0;1.0;True;8
3;(60, 0);False;[0.0010316085165815309, 0.9983650992563701];408;0;1.0;True;9
3;(60, 1);False;[0.0005522552938741805, 0.9985008099932969];480;0;1.0;True;0
3;(60, 1);False;[0.000708988793655694, 0.9983306427431372];366;0;1.0;True;1
3;(60, 1);False;[0.0014997560006456444, 0.9975499484936683];521;0;1.0;True;2
3;(60, 1);False;[0.0006256651988221434, 0.9983062869574822];434;0;1.0;True;3
3;(60, 1);False;[0.0011686284126030074, 0.9980771631438883];574;0;1.0;True;4
3;(60, 1);False;[0.0009104481905410119, 0.9984276023657577];530;0;1.0;True;5
3;(60, 1);False;[0.0005524141082197485, 0.9987882770692308];561;0;1.0;True;6
3;(60, 1);False;[0.0011683938358142767, 0.9978772258950945];500;0;1.0;True;7
3;(60, 1);False;[0.0009096349839536883, 0.9975357136000457];477;0;1.0;True;8
3;(60, 1);False;[0.0010309682494804447, 0.9977456009062058];437;0;1.0;True;9
3;(60, 2);False;[0.002469957477253596, 0.9964520893812259];652;0;1.0;True;0
3;(60, 2);False;[0.0007082673767859212, 0.9973145317927301];552;0;1.0;True;1
3;(60, 2);False;[0.0014995507696843832, 0.9974137845633737];550;0;1.0;True;2
3;(60, 2);False;[0.0019237185593363707, 0.9965110386168722];481;0;1.0;True;3
3;(60, 2);False;[0.0008024970774142672, 0.9972215815226827];407;0;1.0;True;4
3;(60, 2);False;[0.0005518117511860861, 0.9976988462879228];537;0;1.0;True;5
3;(60, 2);False;[0.0035892029694774446, 0.9951867206007919];460;0;1.0;True;6
3;(60, 2);False;[0.0009087544686906867, 0.996570468397877];463;0;1.0;True;7
3;(60, 2);False;[0.0005513882835574397, 0.9969332382389394];575;0;1.0;True;8
3;(60, 2);False;[0.0006249323076633149, 0.9971369457816435];481;0;1.0;True;9
3;(60, 3);True;[0.9961724716904649, 0.0024692650470374607];432;0;1.0;True;0
3;(60, 3);True;[0.9944042143585038, 0.004063903070806626];508;0;1.0;True;1
3;(60, 3);True;[0.9966174727217411, 0.0021800915561127295];453;0;1.0;True;2
3;(60, 3);True;[0.9957649817283087, 0.003169302170839978];393;0;1.0;True;3
3;(60, 3);True;[0.9931537973186593, 0.005905508066765792];500;0;1.0;True;4
3;(60, 3);True;[0.9931093527814626, 0.0040586104581745944];370;0;1.0;True;5
3;(60, 3);True;[0.989943853021857, 0.007558314673673884];425;0;1.0;True;6
3;(60, 3);True;[0.9931046501123145, 0.002789426153640201];487;0;1.0;True;7
3;(60, 3);True;[0.9906987588756345, 0.007564079803621008];380;0;1.0;True;8
3;(60, 3);True;[0.9952482359365251, 0.0027954473643734697];443;0;1.0;True;9
2;(61, 0);False;[0.002180389926994692, 0.9967536560472167];564;0;0.2;True;0
2;(61, 0);True;[0.5898700901694856, 0.4054113888529515];666;0;0.8;False;1
2;(61, 0);True;[0.7532425051392508, 0.24454202323680133];422;0;0.8;False;2
2;(61, 0);True;[0.9362494702519293, 0.05985242172976574];475;0;0.8;False;3
2;(61, 0);True;[0.9789061475356253, 0.017929293608166776];380;0;0.8;False;4
2;(61, 0);False;[0.37592895245191876, 0.6198020601794956];581;0;0.2;True;5
2;(61, 0);True;[0.9798669925157373, 0.01794688825561657];561;0;0.8;False;6
2;(61, 0);True;[0.9379260488632697, 0.059959613421629226];583;0;0.8;False;7
2;(61, 0);True;[0.9772450509368641, 0.020282073065865252];383;0;0.8;False;8
2;(61, 0);True;[0.7288197359289883, 0.26811778917774143];625;0;0.8;False;9
2;(61, 1);False;[3.997533934443778e-05, 0.9977550948227843];544;0;1.0;True;0
2;(61, 1);False;[4.5297691543246634e-05, 0.9977483305025074];471;0;1.0;True;1
2;(61, 1);False;[3.5256419553364594e-05, 0.9971409756931393];523;0;1.0;True;2
2;(61, 1);False;[2.4253044943351856e-05, 0.9980339395733614];500;0;1.0;True;3
2;(61, 1);False;[5.805205686605528e-05, 0.9958383906081439];600;0;1.0;True;4
2;(61, 1);False;[5.814536265047555e-05, 0.9974386897546299];498;0;1.0;True;5
2;(61, 1);False;[4.533680373594226e-05, 0.9986098092381293];385;0;1.0;True;6
2;(61, 1);False;[3.5327065212358926e-05, 0.9991387400313836];488;0;1.0;True;7
2;(61, 1);False;[6.586445975077711e-05, 0.9970928553233799];609;0;1.0;True;8
2;(61, 1);False;[2.140813641360923e-05, 0.9982619743099272];649;0;1.0;True;9
2;(61, 2);True;[0.9915963922780363, 0.003156034122770088];461;0;1.0;True;0
2;(61, 2);True;[0.991961883334173, 0.0027862171345963637];525;0;1.0;True;1
2;(61, 2);True;[0.9757145176865262, 0.020250308579744452];381;0;1.0;True;2
2;(61, 2);True;[0.9955799122825669, 0.002467796042392643];506;0;1.0;True;3
2;(61, 2);True;[0.9901362989145533, 0.006671487096911654];438;0;1.0;True;4
2;(61, 2);True;[0.9943821717696294, 0.002793014414696029];486;0;1.0;True;5
2;(61, 2);True;[0.9870880638247859, 0.010965555943600415];540;0;1.0;True;6
2;(61, 2);True;[0.990916898817425, 0.005892206368099804];465;0;1.0;True;7
2;(61, 2);True;[0.9935775104239041, 0.0027907552421156537];478;0;1.0;True;8
2;(61, 2);True;[0.9939781473074182, 0.004062161343979714];596;0;1.0;True;9
2;(61, 3);False;[0.0016986562756305802, 0.9970865739585755];620;0;1.0;True;0
2;(61, 3);False;[0.0001396330705959006, 0.9985084165872918];707;0;1.0;True;1
2;(61, 3);False;[6.595094750863204e-05, 0.9984018159883505];617;0;1.0;True;2
2;(61, 3);False;[4.532850307921358e-05, 0.9984265329132083];514;0;1.0;True;3
2;(61, 3);False;[0.0014988587692041815, 0.9969533801289111];655;0;1.0;True;4
2;(61, 3);False;[0.00010878140387840257, 0.9988308524941109];592;0;1.0;True;5
2;(61, 3);False;[4.5319512416085106e-05, 0.9982288314967189];559;0;1.0;True;6
2;(61, 3);False;[4.000245431231386e-05, 0.9984314051441985];647;0;1.0;True;7
2;(61, 3);False;[4.001607593584074e-05, 0.9987711528083044];447;0;1.0;True;8
2;(61, 3);False;[2.7502908485467375e-05, 0.9987822122223099];581;0;1.0;True;9
0;(62, 0);True;[0.9989446821453577, 0.0008038838877240784];460;0;1.0;True;0
0;(62, 0);True;[0.9988030234284018, 0.0009107903536164378];355;0;1.0;True;1
0;(62, 0);True;[0.9990528265027808, 0.0006261331715187471];366;0;1.0;True;2
0;(62, 0);True;[0.9978420909773755, 0.0015001951605157432];377;0;1.0;True;3
0;(62, 0);True;[0.9982543714527127, 0.000910290178922202];358;0;1.0;True;4
0;(62, 0);True;[0.9977839334852009, 0.0016998441250054583];327;0;1.0;True;5
0;(62, 0);True;[0.9984524394187351, 0.0010316985399062822];446;0;1.0;True;6
0;(62, 0);True;[0.99776660644558, 0.0010309898802820523];360;0;1.0;True;7
0;(62, 0);True;[0.9967188368493307, 0.0019241203789109236];487;0;1.0;True;8
0;(62, 0);True;[0.9988023099592714, 0.0009107899193178574];316;0;1.0;True;9
0;(62, 1);False;[5.138058055893648e-05, 0.9987506996798333];540;0;1.0;True;0
0;(62, 1);False;[4.003733798575693e-05, 0.999302397379174];419;0;1.0;True;1
0;(62, 1);False;[3.999413862647046e-05, 0.9982237236536574];471;0;1.0;True;2
0;(62, 1);False;[4.533615519240135e-05, 0.9985948307867872];470;0;1.0;True;3
0;(62, 1);False;[4.5328114023220536e-05, 0.9984184522546438];455;0;1.0;True;4
0;(62, 1);False;[5.825303860053273e-05, 0.9992854935942628];425;0;1.0;True;5
0;(62, 1);False;[5.142715197542276e-05, 0.9996557229239486];431;0;1.0;True;6
0;(62, 1);False;[5.137234916123328e-05, 0.9985900758694956];386;0;1.0;True;7
0;(62, 1);False;[0.00010886546738784735, 0.9996019994458726];406;0;1.0;True;8
0;(62, 1);False;[4.003050388710293e-05, 0.9991315998244333];517;0;1.0;True;9
0;(62, 2);False;[5.135265795508562e-05, 0.9982074502915436];466;0;1.0;True;0
0;(62, 2);False;[3.1178790805001464e-05, 0.9992278819942348];399;0;1.0;True;1
0;(62, 2);False;[7.473135891027269e-05, 0.9983902897145351];569;0;1.0;True;2
0;(62, 2);False;[5.8242706393562475e-05, 0.9991088708872882];410;0;1.0;True;3
0;(62, 2);False;[4.535483696084544e-05, 0.9990070198760592];436;0;1.0;True;4
0;(62, 2);False;[4.0040583636684564e-05, 0.9993831151059462];508;0;1.0;True;5
0;(62, 2);False;[4.53713629007696e-05, 0.9993706137252826];493;0;1.0;True;6
0;(62, 2);False;[4.5328330165026636e-05, 0.998422492575751];446;0;1.0;True;7
0;(62, 2);False;[6.596208099155988e-05, 0.9985703432395565];513;0;1.0;True;8
0;(62, 2);False;[4.537430532241429e-05, 0.9994353861202493];429;0;1.0;True;9
0;(62, 3);False;[5.826792908971568e-05, 0.9995412547886642];551;0;1.0;True;0
0;(62, 3);False;[5.824837221559577e-05, 0.9992063389303102];397;0;1.0;True;1
0;(62, 3);False;[5.140469438299103e-05, 0.9992188361621799];452;0;1.0;True;2
0;(62, 3);False;[8.477197937166559e-05, 0.9994547956895017];459;0;1.0;True;3
0;(62, 3);False;[0.00015826921638954075, 0.9987873257136991];549;0;1.0;True;4
0;(62, 3);False;[8.474045573917203e-05, 0.9990828112685483];603;0;1.0;True;5
0;(62, 3);False;[7.468091722198173e-05, 0.9977162896940823];481;0;1.0;True;6
0;(62, 3);False;[5.826142792301134e-05, 0.9994300278286724];335;0;1.0;True;7
0;(62, 3);False;[5.8248150016113364e-05, 0.9992020541844618];345;0;1.0;True;8
0;(62, 3);False;[9.60470540338345e-05, 0.9993276351615621];549;0;1.0;True;9
1;(63, 0);False;[7.471696388258237e-05, 0.9981978290090223];398;0;1.0;True;0
1;(63, 0);False;[9.59352784441448e-05, 0.9981652843239807];598;0;1.0;True;1
1;(63, 0);False;[0.0003351316718993494, 0.9990129686246392];530;0;1.0;True;2
1;(63, 0);False;[8.459914779516014e-05, 0.9974168680980761];729;0;1.0;True;3
1;(63, 0);False;[5.138773510665784e-05, 0.9988897266283389];418;0;1.0;True;4
1;(63, 0);False;[0.18196214573527028, 0.8154977719088865];496;0;1.0;True;5
1;(63, 0);False;[5.819051789053672e-05, 0.9982138645701469];476;0;1.0;True;6
1;(63, 0);False;[5.8162166955182735e-05, 0.9977274442862613];413;0;1.0;True;7
1;(63, 0);False;[6.59378664953231e-05, 0.998204243109595];631;0;1.0;True;8
1;(63, 0);False;[0.00023029089268431475, 0.9988331121506548];734;0;1.0;True;9
1;(63, 1);True;[0.9986370330359218, 0.0007092065455857626];603;0;1.0;True;0
1;(63, 1);True;[0.996976248052891, 0.0021808765566490697];383;0;1.0;True;1
1;(63, 1);True;[0.9983514351259695, 0.0009103787315062385];582;0;1.0;True;2
1;(63, 1);True;[0.9964555221269242, 0.002179737098837324];468;0;1.0;True;3
1;(63, 1);True;[0.9975494739861995, 0.0014997552855064255];474;0;1.0;True;4
1;(63, 1);True;[0.9976569604540905, 0.001499916915640246];529;0;1.0;True;5
1;(63, 1);True;[0.9969745892774333, 0.002180873436882362];423;0;1.0;True;6
1;(63, 1);True;[0.9978851792663247, 0.0009099534105312367];631;0;1.0;True;7
1;(63, 1);True;[0.9984285530299519, 0.0009104490588124817];482;0;1.0;True;8
1;(63, 1);True;[0.9980250339222951, 0.0010312568614008453];650;0;1.0;True;9
1;(63, 2);False;[0.022943690038346908, 0.9755906036432709];704;0;0.7;True;0
1;(63, 2);False;[0.005907755634972637, 0.9935316164127682];706;0;0.7;True;1
1;(63, 2);True;[0.6503599072776154, 0.3481125522717688];523;0;0.3;False;2
1;(63, 2);True;[0.7766651406002583, 0.22251828833606796];545;0;0.3;False;3
1;(63, 2);False;[0.0009096475627257211, 0.9975495926711105];557;0;0.7;True;4
1;(63, 2);False;[0.3481126767665412, 0.6503601011000005];559;0;0.7;True;5
1;(63, 2);False;[0.00010862279431447001, 0.9973745317535353];472;0;0.7;True;6
1;(63, 2);False;[0.0010313616076790208, 0.9981265660765478];624;0;0.7;True;7
1;(63, 2);True;[0.59213878672256, 0.40697063967070957];429;0;0.3;False;8
1;(63, 2);False;[0.0002032104560101735, 0.9987323875735014];587;0;0.7;True;9
1;(63, 3);False;[0.0003348981209889886, 0.9983172172178895];556;0;0.9;True;0
1;(63, 3);False;[0.0001579863111869235, 0.9970024348331012];543;0;0.9;True;1
1;(63, 3);False;[0.01096785162028131, 0.9872946230610691];735;0;0.9;True;2
1;(63, 3);False;[0.005906437408558569, 0.9933102065336352];694;0;0.9;True;3
1;(63, 3);True;[0.5614224011875512, 0.4372362056786933];464;0;0.1;False;4
1;(63, 3);False;[0.406408597434681, 0.5913210200944856];674;0;0.9;True;5
1;(63, 3);False;[0.0021806571439383915, 0.9968758975691929];592;0;0.9;True;6
1;(63, 3);False;[0.4370706955794476, 0.5612098820134013];470;0;0.9;True;7
1;(63, 3);False;[0.00010876615486875354, 0.9986900584048855];509;0;0.9;True;8
1;(63, 3);False;[0.06751451711864216, 0.9320091532567834];478;0;0.9;True;9
1;(64, 0);False;[0.0014985371835075927, 0.9967396808330906];447;0;1.0;True;0
1;(64, 0);False;[0.000295740534433966, 0.9989722811710862];396;0;1.0;True;1
1;(64, 0);False;[0.00033494667083572315, 0.998462184506044];382;0;1.0;True;2
1;(64, 0);False;[9.595577461977864e-05, 0.9983785261229022];416;0;1.0;True;3
1;(64, 0);False;[0.0005525974731006774, 0.9991196997286066];362;0;1.0;True;4
1;(64, 0);False;[0.00037932917670425813, 0.9978959814269825];539;0;1.0;True;5
1;(64, 0);False;[0.00037953217639571317, 0.9984298602964005];404;0;1.0;True;6
1;(64, 0);False;[0.0001794467078941322, 0.9993676372346665];455;0;1.0;True;7
1;(64, 0);False;[0.0004873954251701097, 0.9985661829330237];355;0;1.0;True;8
1;(64, 0);False;[0.00015830499256942846, 0.9990138014522671];319;0;1.0;True;9
1;(64, 1);True;[0.9916824353725167, 0.007571589351075466];518;0;1.0;True;0
1;(64, 1);True;[0.9981367797487216, 0.0010313724271496089];410;0;1.0;True;1
1;(64, 1);True;[0.9944048038283894, 0.0040639050086270796];434;0;1.0;True;2
1;(64, 1);True;[0.9984625410028292, 0.00080349567660085];328;0;1.0;True;3
1;(64, 1);True;[0.9950512008168083, 0.003588715234996318];413;0;1.0;True;4
1;(64, 1);True;[0.9978679671003, 0.001699987598204981];400;0;1.0;True;5
1;(64, 1);True;[0.9974389270981047, 0.001499588667364226];412;0;1.0;True;6
1;(64, 1);True;[0.9881072925338854, 0.00968706445982352];607;0;1.0;True;7
1;(64, 1);True;[0.9955643158718133, 0.0035905655544680526];399;0;1.0;True;8
1;(64, 1);True;[0.9925738656630849, 0.005208549241822716];396;0;1.0;True;9
1;(64, 2);False;[0.015889276605920283, 0.9830348550303784];626;0;0.8;True;0
1;(64, 2);False;[0.20113221791674632, 0.7954933651656872];432;0;0.8;True;1
1;(64, 2);False;[0.002796600623994461, 0.9956589662269981];655;0;0.8;True;2
1;(64, 2);False;[0.04205226299458983, 0.9571049979339187];553;0;0.8;True;3
1;(64, 2);False;[0.0024692450306840153, 0.9961645456542227];454;0;0.8;True;4
1;(64, 2);True;[0.7036715019031716, 0.29333392347356546];666;0;0.2;False;5
1;(64, 2);True;[0.7965182858358895, 0.2013913584408707];538;0;0.2;False;6
1;(64, 2);False;[0.06733680223764577, 0.9295558957935719];576;0;0.8;True;7
1;(64, 2);False;[0.003588071869149701, 0.9948728860454241];456;0;0.8;True;8
1;(64, 2);False;[0.004599266940963592, 0.9931652029000775];609;0;0.8;True;9
1;(64, 3);False;[2.142935955559914e-05, 0.9992514495727339];567;0;1.0;True;0
1;(64, 3);False;[3.5327065212358926e-05, 0.9991392160508717];541;0;1.0;True;1
1;(64, 3);False;[5.819101734590148e-05, 0.9982217042999691];501;0;1.0;True;2
1;(64, 3);False;[4.5343895083911384e-05, 0.998765325957004];555;0;1.0;True;3
1;(64, 3);False;[1.8896416129212092e-05, 0.998463135203166];538;0;1.0;True;4
1;(64, 3);False;[4.003065659164791e-05, 0.9991357649292603];534;0;1.0;True;5
1;(64, 3);False;[3.1168950267871224e-05, 0.9989128024698372];561;0;1.0;True;6
1;(64, 3);False;[2.747501517789661e-05, 0.9977687425442123];582;0;1.0;True;7
1;(64, 3);False;[3.1179177354753734e-05, 0.9992404988469438];455;0;1.0;True;8
1;(64, 3);False;[3.526805508002253e-05, 0.997470712822983];488;0;1.0;True;9
1;(65, 0);False;[5.134164005225217e-05, 0.9979939253000675];377;0;1.0;True;0
1;(65, 0);False;[4.0015656152700095e-05, 0.9987606883592578];446;0;1.0;True;1
1;(65, 0);False;[3.117902868120495e-05, 0.9992354997107386];439;0;1.0;True;2
1;(65, 0);False;[3.529493907775093e-05, 0.9982302570351428];383;0;1.0;True;3
1;(65, 0);False;[4.0040507265404936e-05, 0.9993814481957403];475;0;1.0;True;4
1;(65, 0);False;[3.1183994761342624e-05, 0.9993946642435849];339;0;1.0;True;5
1;(65, 0);False;[3.532699783139365e-05, 0.999136955003941];351;0;1.0;True;6
1;(65, 0);False;[3.533043442448963e-05, 0.999234190400676];359;0;1.0;True;7
1;(65, 0);False;[3.5335893230078003e-05, 0.9993890682464136];414;0;1.0;True;8
1;(65, 0);False;[3.117608509091733e-05, 0.9991413581122961];431;0;1.0;True;9
1;(65, 1);True;[0.9977108311488533, 0.00033469473533246047];369;0;1.0;True;0
1;(65, 1);True;[0.9989281472378333, 0.00033510290855162656];394;0;1.0;True;1
1;(65, 1);True;[0.9988358476291253, 0.00033507223036840887];407;0;1.0;True;2
1;(65, 1);True;[0.9994071662159685, 0.0003352636953688463];534;0;1.0;True;3
1;(65, 1);True;[0.9989664518671537, 0.0002957388421978955];434;0;1.0;True;4
1;(65, 1);True;[0.9982674388920532, 0.0003794702879769814];395;0;1.0;True;5
1;(65, 1);True;[0.9989674036258952, 0.00029573912423656813];419;0;1.0;True;6
1;(65, 1);True;[0.999292755014804, 0.0002958353151097329];315;0;1.0;True;7
1;(65, 1);True;[0.9990408092969598, 0.0003797642573316027];403;0;1.0;True;8
1;(65, 1);True;[0.9982113700654667, 0.0004299721810113698];537;0;1.0;True;9
1;(65, 2);False;[3.533821853301737e-05, 0.9994544384893809];439;0;1.0;True;0
1;(65, 2);False;[4.000237801376008e-05, 0.9984293849054516];506;0;1.0;True;1
1;(65, 2);False;[4.0002606909857996e-05, 0.9984356832146114];375;0;1.0;True;2
1;(65, 2);False;[3.1141050960980775e-05, 0.9980186221351026];525;0;1.0;True;3
1;(65, 2);False;[2.7498528621739094e-05, 0.9986231237219665];431;0;1.0;True;4
1;(65, 2);False;[3.533023226270063e-05, 0.9992287151755137];605;0;1.0;True;5
1;(65, 2);False;[3.5344993113733264e-05, 0.9996458354703824];435;0;1.0;True;6
1;(65, 2);False;[3.530204202639877e-05, 0.9984314051441985];479;0;1.0;True;7
1;(65, 2);False;[3.529470345939911e-05, 0.9982236048885407];526;0;1.0;True;8
1;(65, 2);False;[5.824259530452201e-05, 0.9991063719942567];363;0;1.0;True;9
1;(65, 3);False;[2.4280214190154536e-05, 0.9991513545953671];347;0;1.0;True;0
1;(65, 3);False;[2.750983376502623e-05, 0.9990335515680422];480;0;1.0;True;1
1;(65, 3);False;[2.142917562672005e-05, 0.9992429984244252];455;0;1.0;True;2
1;(65, 3);False;[4.002619022437088e-05, 0.9990237953216551];410;0;1.0;True;3
1;(65, 3);False;[2.7517784246508484e-05, 0.9993222779711863];378;0;1.0;True;4
1;(65, 3);False;[3.533009748881729e-05, 0.9992250253945996];505;0;1.0;True;5
1;(65, 3);False;[3.1159528858391824e-05, 0.9986108791195002];394;0;1.0;True;6
1;(65, 3);False;[3.1181437279980975e-05, 0.9993122780330025];360;0;1.0;True;7
1;(65, 3);False;[3.1154358695995595e-05, 0.998445190206699];482;0;1.0;True;8
1;(65, 3);False;[3.52871645025837e-05, 0.9980110229902215];426;0;1.0;True;9
3;(66, 0);False;[3.5256150569256156e-05, 0.997133508366838];619;0;1.0;True;0
3;(66, 0);False;[2.7498554846392084e-05, 0.9986240748048388];507;0;1.0;True;1
3;(66, 0);False;[5.127685368118713e-05, 0.9967339960248228];439;0;1.0;True;2
3;(66, 0);False;[3.116469987879253e-05, 0.9987761474122161];553;0;1.0;True;3
3;(66, 0);False;[3.526775237317673e-05, 0.9974614615158499];492;0;1.0;True;4
3;(66, 0);False;[4.000230171535183e-05, 0.9984280777558578];516;0;1.0;True;5
3;(66, 0);False;[3.528622224621465e-05, 0.9979840708098024];461;0;1.0;True;6
3;(66, 0);False;[4.0015503505377144e-05, 0.9987572397659586];453;0;1.0;True;7
3;(66, 0);False;[3.113267713246643e-05, 0.9977501104356246];517;0;1.0;True;8
3;(66, 0);False;[4.5328286936582964e-05, 0.9984216607059939];546;0;1.0;True;9
3;(66, 1);False;[2.749333663313354e-05, 0.9984343760567719];485;0;1.0;True;0
3;(66, 1);False;[3.5277810358059906e-05, 0.9977461942152689];412;0;1.0;True;1
3;(66, 1);False;[2.1411893358960798e-05, 0.9984372280714191];644;0;1.0;True;2
3;(66, 1);False;[3.117596616381762e-05, 0.999136955003941];695;0;1.0;True;3
3;(66, 1);False;[3.1147763527365985e-05, 0.9982338205995847];397;0;1.0;True;4
3;(66, 1);False;[3.530200835976403e-05, 0.9984305732670156];619;0;1.0;True;5
3;(66, 1);False;[3.1140189718696194e-05, 0.997990719617432];531;0;1.0;True;6
3;(66, 1);False;[2.7487962122268828e-05, 0.9982394036783664];547;0;1.0;True;7
3;(66, 1);False;[2.4258018297004872e-05, 0.998237859476278];493;0;1.0;True;8
3;(66, 1);False;[2.4262622449436153e-05, 0.9984277212713777];433;0;1.0;True;9
3;(66, 2);False;[0.0008022985012259261, 0.9969748262783478];685;0;0.9;True;0
3;(66, 2);False;[4.531908021759576e-05, 0.9982193286564994];482;0;0.9;True;1
3;(66, 2);False;[0.0014978620781136301, 0.9962904291756554];647;0;0.9;True;2
3;(66, 2);False;[0.0009105684540244912, 0.9985596452604577];358;0;0.9;True;3
3;(66, 2);False;[0.001029940326758589, 0.9967506952413756];614;0;0.9;True;4
3;(66, 2);False;[0.00020311377451679268, 0.9982572224883294];461;0;0.9;True;5
3;(66, 2);False;[0.001031131474918341, 0.9979035789988763];568;0;0.9;True;6
3;(66, 2);True;[0.94605913878791, 0.05337300415385225];558;0;0.1;False;7
3;(66, 2);False;[0.00037914364101217305, 0.9974077364228278];654;0;0.9;True;8
3;(66, 2);False;[5.819040690103783e-05, 0.9982111325381868];435;0;0.9;True;9
3;(66, 3);True;[0.9977650636718045, 0.0010309884054402532];456;0;1.0;True;0
3;(66, 3);True;[0.9972941380989518, 0.001167711546449485];399;0;1.0;True;1
3;(66, 3);True;[0.9798521122256121, 0.017946614409923633];596;0;1.0;True;2
3;(66, 3);True;[0.9679908795286617, 0.029230789451677522];514;0;1.0;True;3
3;(66, 3);True;[0.9114277665240971, 0.08477598941891541];588;0;1.0;True;4
3;(66, 3);True;[0.9963441523120705, 0.0016973915541261663];461;0;1.0;True;5
3;(66, 3);True;[0.9600200334989651, 0.037224019213581316];500;0;1.0;True;6
3;(66, 3);True;[0.9968729359360347, 0.0011672183185314317];463;0;1.0;True;7
3;(66, 3);True;[0.9962614399927854, 0.0009084728492021675];418;0;1.0;True;8
3;(66, 3);True;[0.9959941095019723, 0.002468822370287292];528;0;1.0;True;9
1;(67, 0);False;[4.533680373594226e-05, 0.9986099281654487];421;0;1.0;True;0
1;(67, 0);False;[4.5355442517291834e-05, 0.999020107053392];415;0;1.0;True;1
1;(67, 0);False;[4.529764834402222e-05, 0.9977473810667596];444;0;1.0;True;2
1;(67, 0);False;[4.5319555636160737e-05, 0.9982299006212937];393;0;1.0;True;3
1;(67, 0);False;[4.5297605144838994e-05, 0.997746312923585];394;0;1.0;True;4
1;(67, 0);False;[4.00159996113058e-05, 0.998769606969735];358;0;1.0;True;5
1;(67, 0);False;[5.129671150119435e-05, 0.9971201149596711];441;0;1.0;True;6
1;(67, 0);False;[3.997522497423812e-05, 0.9977518906042243];389;0;1.0;True;7
1;(67, 0);False;[3.117620401847072e-05, 0.999144571271201];526;0;1.0;True;8
1;(67, 0);False;[5.8212553498251055e-05, 0.9985910268046421];420;0;1.0;True;9
1;(67, 1);True;[0.9970114406947276, 0.0019246847192921721];430;0;1.0;True;0
1;(67, 1);True;[0.9963409572642247, 0.0019233901937886482];504;0;1.0;True;1
1;(67, 1);True;[0.9968799254972502, 0.002180666502323672];442;0;1.0;True;2
1;(67, 1);True;[0.9971472576328256, 0.0014991503998864426];421;0;1.0;True;3
1;(67, 1);True;[0.9961190036537336, 0.0019229619352654592];336;0;1.0;True;4
1;(67, 1);True;[0.9957965427703959, 0.002468332692739006];380;0;1.0;True;5
1;(67, 1);True;[0.9971317304623575, 0.001924916926880201];405;0;1.0;True;6
1;(67, 1);True;[0.9968243678001735, 0.0027998750050661748];320;0;1.0;True;7
1;(67, 1);True;[0.9971030478546494, 0.0011674877309829253];484;0;1.0;True;8
1;(67, 1);True;[0.9967158761469184, 0.0019241139564769875];464;0;1.0;True;9
1;(67, 2);False;[9.602269216010595e-05, 0.9990740060524903];767;0;1.0;True;0
1;(67, 2);False;[5.822160327981987e-05, 0.998746775578953];387;0;1.0;True;1
1;(67, 2);False;[7.474468747234137e-05, 0.998568916866721];560;0;1.0;True;2
1;(67, 2);False;[5.821249798246036e-05, 0.9985903136031973];578;0;1.0;True;3
1;(67, 2);False;[5.139435149959105e-05, 0.99901796548452];515;0;1.0;True;4
1;(67, 2);False;[5.139386136719785e-05, 0.9990089234717509];448;0;1.0;True;5
1;(67, 2);False;[9.591506106129714e-05, 0.9979546268882955];542;0;1.0;True;6
1;(67, 2);False;[4.5355442517291834e-05, 0.9990203450057722];552;0;1.0;True;7
1;(67, 2);False;[5.820217296608594e-05, 0.9984129859160162];470;0;1.0;True;8
1;(67, 2);False;[6.596321331544364e-05, 0.9985874606862609];432;0;1.0;True;9
1;(67, 3);False;[8.469626157381425e-05, 0.9985620225275759];503;0;1.0;True;0
1;(67, 3);False;[6.595126198800572e-05, 0.9984071632464068];609;0;1.0;True;1
1;(67, 3);False;[7.473200033742399e-05, 0.9983995582373585];504;0;1.0;True;2
1;(67, 3);False;[5.1388029150477994e-05, 0.9988950791741494];444;0;1.0;True;3
1;(67, 3);False;[7.468098844328837e-05, 0.9977175949826009];639;0;1.0;True;4
1;(67, 3);False;[4.5336717262934106e-05, 0.9986074316247393];442;0;1.0;True;5
1;(67, 3);False;[7.468091722198173e-05, 0.9977171203953873];566;0;1.0;True;6
1;(67, 3);False;[5.823004360760531e-05, 0.9988917487288393];456;0;1.0;True;7
1;(67, 3);False;[7.475680640978811e-05, 0.9987301283773613];537;0;1.0;True;8
1;(67, 3);False;[5.817747807323353e-05, 0.9979902446679377];483;0;1.0;True;9
2;(68, 0);False;[3.118934830830773e-05, 0.9995657899708634];451;0;1.0;True;0
2;(68, 0);False;[3.117599589555001e-05, 0.9991381450218817];628;0;1.0;True;1
2;(68, 0);False;[4.533645784489924e-05, 0.9986020822478147];692;0;1.0;True;2
2;(68, 0);False;[2.429047420690099e-05, 0.999574008324933];579;0;1.0;True;3
2;(68, 0);False;[7.480202024894376e-05, 0.9993346590937036];488;0;1.0;True;4
2;(68, 0);False;[2.1434101378269168e-05, 0.9994730151593174];636;0;1.0;True;5
2;(68, 0);False;[3.5338151130778844e-05, 0.9994526522579883];633;0;1.0;True;6
2;(68, 0);False;[4.5359984448359986e-05, 0.999120413773395];519;0;1.0;True;7
2;(68, 0);False;[5.1415872919049694e-05, 0.9994364578169169];619;0;1.0;True;8
2;(68, 0);False;[4.5364570097265566e-05, 0.9992214546856206];559;0;1.0;True;9
2;(68, 1);False;[0.04199451258615426, 0.9557905977073274];575;0;0.9;True;0
2;(68, 1);False;[6.601846916263323e-05, 0.9994239551290687];559;0;0.9;True;1
2;(68, 1);False;[0.0002031829387572663, 0.9985975649151704];515;0;0.9;True;2
2;(68, 1);False;[9.603230795094743e-05, 0.9991744425294605];605;0;0.9;True;3
2;(68, 1);False;[0.00017938032029545122, 0.998998097052204];627;0;0.9;True;4
2;(68, 1);True;[0.4989315369394634, 0.4989315369394634];790;0;0.1;False;5
2;(68, 1);False;[0.02928054976868907, 0.9696385723636943];614;0;0.9;True;6
2;(68, 1);False;[6.600354930072402e-05, 0.999198483615731];433;0;0.9;True;7
2;(68, 1);False;[0.00037982891043262656, 0.9992106236363705];900;0;0.9;True;8
2;(68, 1);False;[0.4672511098827581, 0.529464872357405];907;0;0.9;True;9
2;(68, 2);True;[0.9972979322645628, 0.0011677160009240244];663;0;1.0;True;0
2;(68, 2);True;[0.9970095446193578, 0.0019246810482509051];509;0;1.0;True;1
2;(68, 2);True;[0.9966113157094721, 0.0021800780420220068];633;0;1.0;True;2
2;(68, 2);True;[0.996869381987859, 0.00192441032825679];396;0;1.0;True;3
2;(68, 2);True;[0.9980880883394232, 0.0007088167357860348];624;0;1.0;True;4
2;(68, 2);True;[0.9957602539644159, 0.0031692870584656024];631;0;1.0;True;5
2;(68, 2);True;[0.9977593672076411, 0.0015000706949885527];709;0;1.0;True;6
2;(68, 2);True;[0.9943291313471958, 0.003164730944026188];469;0;1.0;True;7
2;(68, 2);True;[0.9950920419253201, 0.0031671599553609307];650;0;1.0;True;8
2;(68, 2);True;[0.9976627745673916, 0.0008028522648697616];574;0;1.0;True;9
2;(68, 3);False;[9.605346608045918e-05, 0.9993949024015243];561;0;1.0;True;0
2;(68, 3);False;[0.0009105198257211343, 0.9985062771614881];618;0;1.0;True;1
2;(68, 3);False;[0.00013975936759934537, 0.9994115717949354];618;0;1.0;True;2
2;(68, 3);False;[0.00020327868386198935, 0.999067937667809];659;0;1.0;True;3
2;(68, 3);False;[8.474102144463367e-05, 0.9990897127507932];630;0;1.0;True;4
2;(68, 3);False;[0.00010876667350743203, 0.9986955276556541];686;0;1.0;True;5
2;(68, 3);False;[0.0001397308475369791, 0.9992080051994747];609;0;1.0;True;6
2;(68, 3);False;[0.000108853528489522, 0.9994931407013622];611;0;1.0;True;7
2;(68, 3);False;[0.00017942446189002178, 0.9992439506792993];704;0;1.0;True;8
2;(68, 3);False;[5.825337192804699e-05, 0.9992920407305149];722;0;1.0;True;9
1;(69, 0);False;[7.475431117381334e-05, 0.9986974300764826];509;0;1.0;True;0
1;(69, 0);False;[2.7512614860316087e-05, 0.999134217886636];368;0;1.0;True;1
1;(69, 0);False;[2.4267574623688472e-05, 0.9986318021978396];555;0;1.0;True;2
1;(69, 0);False;[2.4284590958337394e-05, 0.9993315637550668];449;0;1.0;True;3
1;(69, 0);False;[1.890759246962443e-05, 0.9990535403834716];387;0;1.0;True;4
1;(69, 0);False;[2.4280167879365362e-05, 0.9991500455700354];562;0;1.0;True;5
1;(69, 0);False;[1.8905248495835592e-05, 0.9989295747052531];475;0;1.0;True;6
1;(69, 0);False;[2.7493651271202145e-05, 0.9984459033044955];476;0;1.0;True;7
1;(69, 0);False;[2.7517915461841727e-05, 0.9993266827687703];552;0;1.0;True;8
1;(69, 0);False;[3.1179088150539386e-05, 0.9992374041489386];636;0;1.0;True;9
1;(69, 1);False;[8.472162798355635e-05, 0.9988609428686874];617;0;1.0;False;0
1;(69, 1);False;[5.141641229585088e-05, 0.9994472937574911];391;0;1.0;False;1
1;(69, 1);False;[5.820239499017948e-05, 0.9984167885225553];746;0;1.0;False;2
1;(69, 1);False;[0.00013963453541278848, 0.998518994636081];602;0;1.0;False;3
1;(69, 1);False;[8.477311120725408e-05, 0.9994678946086261];463;0;1.0;False;4
1;(69, 1);False;[0.00013976656517032077, 0.9994630122583387];494;0;1.0;False;5
1;(69, 1);False;[0.00015832039240179234, 0.9991101798586753];664;0;1.0;False;6
1;(69, 1);False;[8.474958830321997e-05, 0.9991902714316797];586;0;1.0;False;7
1;(69, 1);False;[8.466500832621593e-05, 0.9981939092882722];526;0;1.0;False;8
1;(69, 1);False;[0.0004304037736801013, 0.9992133611374737];545;0;1.0;False;9
1;(69, 2);True;[0.9989938141297134, 0.0004303091718900761];473;0;1.0;False;0
1;(69, 2);True;[0.9990020230709259, 0.00048760812511612205];394;0;1.0;False;1
1;(69, 2);True;[0.9990362880606635, 0.000552551362698057];443;0;1.0;False;2
1;(69, 2);True;[0.9987416624114371, 0.00043020043630726733];589;0;1.0;False;3
1;(69, 2);True;[0.9984514887317971, 0.00048733941800016073];521;0;1.0;False;4
1;(69, 2);True;[0.9987442784635845, 0.000430201667122349];424;0;1.0;False;5
1;(69, 2);True;[0.9993408497415702, 0.00026108644751407674];453;0;1.0;False;6
1;(69, 2);True;[0.9993666847455807, 0.0003798881401582354];394;0;1.0;False;7
1;(69, 2);True;[0.9993208494190816, 0.00023040336686654074];582;0;1.0;False;8
1;(69, 2);True;[0.998268864485611, 0.0003794708308139709];591;0;1.0;False;9
1;(69, 3);False;[2.4284590958337394e-05, 0.9993320399827595];510;0;1.0;True;0
1;(69, 3);False;[3.530244602852005e-05, 0.9984432888475332];484;0;1.0;True;1
1;(69, 3);False;[2.7510017413592594e-05, 0.9990399764468167];696;0;1.0;True;2
1;(69, 3);False;[3.9994214909308845e-05, 0.9982257431276396];518;0;1.0;True;3
1;(69, 3);False;[5.140376294803103e-05, 0.9992011020276753];425;0;1.0;True;4
1;(69, 3);False;[3.11599151693375e-05, 0.9986233614635359];477;0;1.0;True;5
1;(69, 3);False;[2.7515527440705925e-05, 0.9992401417815749];804;0;1.0;True;6
1;(69, 3);False;[4.003749071637198e-05, 0.9993059686682373];398;0;1.0;True;7
1;(69, 3);False;[2.7502908485467375e-05, 0.998781855495114];496;0;1.0;True;8
1;(69, 3);False;[2.7506606997388012e-05, 0.9989160141378461];426;0;1.0;True;9
0;(70, 0);True;[0.9990333136125162, 0.0002303370180299867];543;0;1.0;True;0
0;(70, 0);True;[0.9985659452050667, 0.00023022918702748845];554;0;1.0;True;1
0;(70, 0);True;[0.9988856825559038, 0.00017936013512351577];397;0;1.0;True;2
0;(70, 0);True;[0.9989900071158365, 0.00017937878066841956];491;0;1.0;True;3
0;(70, 0);True;[0.9988362043756052, 0.00023029155155278623];504;0;1.0;True;4
0;(70, 0);True;[0.9989388532350575, 0.00023031527207323854];488;0;1.0;True;5
0;(70, 0);True;[0.9991477844404394, 0.00020329496889369577];409;0;1.0;True;6
0;(70, 0);True;[0.998883898387564, 0.0003797046848062323];466;0;1.0;True;7
0;(70, 0);True;[0.9989649053774277, 0.0002957382781213571];431;0;1.0;True;8
0;(70, 0);True;[0.998676028719604, 0.00026091270932151025];487;0;1.0;True;9
0;(70, 1);False;[4.531912343725922e-05, 0.9982205165356316];453;0;1.0;True;0
0;(70, 1);False;[3.117608509091733e-05, 0.9991412391216871];411;0;1.0;True;1
0;(70, 1);False;[3.998513827300605e-05, 0.997999743236041];442;0;1.0;True;2
0;(70, 1);False;[3.116865301901522e-05, 0.9989025728329842];433;0;1.0;True;3
0;(70, 1);False;[4.0009436245876604e-05, 0.9986058862720738];595;0;1.0;True;4
0;(70, 1);False;[4.534843585861012e-05, 0.998865819312658];428;0;1.0;True;5
0;(70, 1);False;[3.529500639756893e-05, 0.9982325139384439];385;0;1.0;True;6
0;(70, 1);False;[4.5186977801147976e-05, 0.9953095224091589];375;0;1.0;True;7
0;(70, 1);False;[2.426301580950275e-05, 0.9984440018277375];452;0;1.0;True;8
0;(70, 1);False;[3.530833825150643e-05, 0.9986095714997862];327;0;1.0;True;9
0;(70, 2);False;[7.475559442762649e-05, 0.9987146707342796];482;0;1.0;True;0
0;(70, 2);False;[0.00012320448351541647, 0.9983365832801401];457;0;1.0;True;1
0;(70, 2);False;[6.600858516400529e-05, 0.9992746611528783];440;0;1.0;True;2
0;(70, 2);False;[4.000935993400586e-05, 0.9986036275945933];420;0;1.0;True;3
0;(70, 2);False;[6.60088369672549e-05, 0.9992781132195773];352;0;1.0;True;4
0;(70, 2);False;[5.825287193749085e-05, 0.9992834698823638];405;0;1.0;True;5
0;(70, 2);False;[5.8201562404195786e-05, 0.9984030042008718];284;0;1.0;True;6
0;(70, 2);False;[5.8201506898887015e-05, 0.9984015782995244];412;0;1.0;True;7
0;(70, 2);False;[4.536011422450211e-05, 0.999123388771651];495;0;1.0;True;8
0;(70, 2);False;[4.53281572514993e-05, 0.9984192840054963];478;0;1.0;True;9
0;(70, 3);False;[5.8248205565904504e-05, 0.9992030063421558];572;0;1.0;True;0
0;(70, 3);False;[6.600858516400529e-05, 0.9992745420882284];417;0;1.0;True;1
0;(70, 3);False;[7.475595089092844e-05, 0.998718713416762];481;0;1.0;True;2
0;(70, 3);False;[5.129646689999615e-05, 0.9971156110635505];479;0;1.0;True;3
0;(70, 3);False;[6.595094750863204e-05, 0.9984021724635813];477;0;1.0;True;4
0;(70, 3);False;[4.537170905811807e-05, 0.9993779954230356];372;0;1.0;True;5
0;(70, 3);False;[6.595119909201102e-05, 0.9984057373391194];465;0;1.0;True;6
0;(70, 3);False;[9.591332311416729e-05, 0.9979369374385164];536;0;1.0;True;7
0;(70, 3);False;[4.533628490036734e-05, 0.9985980405024484];528;0;1.0;True;8
0;(70, 3);False;[9.602058597257311e-05, 0.9990523505826038];450;0;1.0;True;9
2;(71, 0);False;[5.1411950348889095e-05, 0.9993598985052597];333;0;1.0;True;0
2;(71, 0);False;[2.4287764029542473e-05, 0.99946241682302];296;0;1.0;True;1
2;(71, 0);False;[4.53281572514993e-05, 0.9984194029101257];350;0;1.0;True;2
2;(71, 0);False;[4.536790147253438e-05, 0.9992946596784599];348;0;1.0;True;3
2;(71, 0);False;[5.826053893095467e-05, 0.9994143103701313];382;0;1.0;True;4
2;(71, 0);False;[3.118768266188177e-05, 0.9995129098058054];332;0;1.0;True;5
2;(71, 0);False;[4.5368334136621715e-05, 0.9993043020612083];405;0;1.0;True;6
2;(71, 0);False;[2.1427111644228073e-05, 0.9991471893673933];344;0;1.0;True;7
2;(71, 0);False;[5.138043355812664e-05, 0.9987478457233352];367;0;1.0;True;8
2;(71, 0);False;[3.533292784833588e-05, 0.9993051353643754];318;0;1.0;True;9
2;(71, 1);False;[3.5322753089665185e-05, 0.9990174895809497];392;0;1.0;True;0
2;(71, 1);False;[7.477491718936367e-05, 0.9989724001415735];422;0;1.0;True;1
2;(71, 1);False;[3.531342318858253e-05, 0.9987534345837923];319;0;1.0;True;2
2;(71, 1);False;[4.532785465441367e-05, 0.9984128671283817];427;0;1.0;True;3
2;(71, 1);False;[4.004035452328269e-05, 0.9993772810778176];354;0;1.0;True;4
2;(71, 1);False;[3.531830676441626e-05, 0.9988913918462349];348;0;1.0;True;5
2;(71, 1);False;[3.5329760556358195e-05, 0.9992151464759071];361;0;1.0;True;6
2;(71, 1);False;[2.7506239747014932e-05, 0.9989025728329842];398;0;1.0;True;7
2;(71, 1);False;[9.602223428932107e-05, 0.999069484491499];464;0;1.0;True;8
2;(71, 1);False;[3.116413518540541e-05, 0.9987580721478566];376;0;1.0;True;9
2;(71, 2);True;[0.9977331405681685, 0.0013237730242008827];369;0;1.0;True;0
2;(71, 2);True;[0.9962522112673184, 0.002798268024736959];294;0;1.0;True;1
2;(71, 2);True;[0.9965814790800132, 0.0024702790287110545];388;0;1.0;True;2
2;(71, 2);True;[0.9972350963333723, 0.001698909819051768];396;0;1.0;True;3
2;(71, 2);True;[0.9968748312874012, 0.0021806550643026722];443;0;1.0;True;4
2;(71, 2);True;[0.9972341478503802, 0.0019251151974247573];342;0;1.0;True;5
2;(71, 2);True;[0.9971267524395411, 0.0019249077481829128];360;0;1.0;True;6
2;(71, 2);True;[0.996569166002306, 0.001697775243304426];388;0;1.0;True;7
2;(71, 2);True;[0.9972943751758294, 0.002181572376101179];298;0;1.0;True;8
2;(71, 2);True;[0.9880790100788004, 0.010976568060783946];433;0;1.0;True;9
2;(71, 3);False;[2.7502488827589933e-05, 0.9987663962375344];396;0;1.0;True;0
2;(71, 3);False;[3.532666092849506e-05, 0.9991276727730706];380;0;1.0;True;1
2;(71, 3);False;[3.532979424945951e-05, 0.9992162176456011];506;0;1.0;True;2
2;(71, 3);False;[3.532649247825062e-05, 0.9991229127597034];360;0;1.0;True;3
2;(71, 3);False;[2.750946647157144e-05, 0.9990196311488014];332;0;1.0;True;4
2;(71, 3);False;[3.999390977882832e-05, 0.9982184971884311];418;0;1.0;True;5
2;(71, 3);False;[2.7515265033438958e-05, 0.9992305005995438];309;0;1.0;True;6
2;(71, 3);False;[2.7502488827589933e-05, 0.9987663962375344];301;0;1.0;True;7
2;(71, 3);False;[4.535950860568211e-05, 0.9991093468925457];402;0;1.0;True;8
2;(71, 3);False;[5.137979655947728e-05, 0.9987357170224064];453;0;1.0;True;9
3;(72, 0);False;[3.5340240659954486e-05, 0.9995113615683354];327;0;1.0;True;0
3;(72, 0);False;[5.138062955929989e-05, 0.9987516508842084];491;0;1.0;True;1
3;(72, 0);False;[2.7521642238528163e-05, 0.9994626549971048];389;0;1.0;True;2
3;(72, 0);False;[5.823659681097583e-05, 0.9990035697344128];400;0;1.0;True;3
3;(72, 0);False;[4.5359984448359986e-05, 0.9991202947271238];425;0;1.0;True;4
3;(72, 0);False;[3.527770942757926e-05, 0.9977435835651082];313;0;1.0;True;5
3;(72, 0);False;[4.0050895096768784e-05, 0.9996409513780614];284;0;1.0;True;6
3;(72, 0);False;[4.529764834402222e-05, 0.9977470249414723];519;0;1.0;True;7
3;(72, 0);False;[3.118589813942128e-05, 0.999455272034096];414;0;1.0;True;8
3;(72, 0);False;[5.1372447146306664e-05, 0.9985920966658901];480;0;1.0;True;9
3;(72, 1);False;[5.823665234974897e-05, 0.9990045215285182];711;0;1.0;True;0
3;(72, 1);False;[4.5327941110517724e-05, 0.9984139365662932];497;0;1.0;True;1
3;(72, 1);False;[7.460574541639862e-05, 0.9967120865163592];522;0;1.0;True;2
3;(72, 1);False;[5.142141405932818e-05, 0.9995438749715612];315;0;1.0;True;3
3;(72, 1);False;[4.5349646808657865e-05, 0.9988928192611313];484;0;1.0;True;4
3;(72, 1);False;[5.13800415580232e-05, 0.9987398787328774];443;0;1.0;True;5
3;(72, 1);False;[5.13281769367936e-05, 0.9977321911468752];654;0;1.0;True;6
3;(72, 1);False;[5.8228877436845226e-05, 0.9988717662901646];508;0;1.0;True;7
3;(72, 1);False;[6.595082171730244e-05, 0.9983999147117831];538;0;1.0;True;8
3;(72, 1);False;[3.1172814760975856e-05, 0.9990365260168977];475;0;1.0;True;9
3;(72, 2);False;[5.826681772776563e-05, 0.9995225564471458];1058;0;1.0;True;0
3;(72, 2);False;[5.1393175189700096e-05, 0.9989952418072695];504;0;1.0;True;1
3;(72, 2);False;[5.139920406249211e-05, 0.9991124408450139];559;0;1.0;True;2
3;(72, 2);False;[3.117584723717157e-05, 0.9991331468630038];449;0;1.0;True;3
3;(72, 2);False;[3.9994100485105836e-05, 0.9982232485932752];435;0;1.0;True;4
3;(72, 2);False;[6.602161724361116e-05, 0.9994714670709094];313;0;1.0;True;5
3;(72, 2);False;[4.0015274535484524e-05, 0.9987512941679278];429;0;1.0;True;6
3;(72, 2);False;[3.534347630373413e-05, 0.9996029523628811];1017;0;1.0;True;7
3;(72, 2);False;[9.586165644392652e-05, 0.9973991977016798];496;0;1.0;True;8
3;(72, 2);False;[0.00026087762724956426, 0.9985418155887312];617;0;1.0;True;9
3;(72, 3);True;[0.9884978211293161, 0.010981216868482638];419;0;0.9;True;0
3;(72, 3);True;[0.9957509158156749, 0.003591238478742686];433;0;0.9;True;1
3;(72, 3);True;[0.989242823018255, 0.0066654645995447145];374;0;0.9;True;2
3;(72, 3);True;[0.9948719418938905, 0.004065814210555143];472;0;0.9;True;3
3;(72, 3);False;[0.16331609105030415, 0.8293875335088626];569;0;0.1;False;4
3;(72, 3);True;[0.985484772324777, 0.014057183473349255];575;0;0.9;True;5
3;(72, 3);True;[0.9930295278879001, 0.005904770329840694];596;0;0.9;True;6
3;(72, 3);True;[0.9971166778350457, 0.002471605723699671];409;0;0.9;True;7
3;(72, 3);True;[0.9572109346219138, 0.042056915334847594];362;0;0.9;True;8
3;(72, 3);True;[0.9619677574232834, 0.03729954122753625];629;0;0.9;True;9
0;(73, 0);True;[0.9986814978935401, 0.0003796277432491065];466;0;1.0;True;0
0;(73, 0);True;[0.9980436762770912, 0.0004298998126725336];381;0;1.0;True;1
0;(73, 0);True;[0.9957545803064267, 0.0006240660529406192];357;0;1.0;True;2
0;(73, 0);True;[0.998726680005849, 0.0003350354841587429];370;0;1.0;True;3
0;(73, 0);True;[0.9960847017729387, 0.0002948854989455175];525;0;1.0;True;4
0;(73, 0);True;[0.99642214407186, 0.0003787688683642366];443;0;1.0;True;5
0;(73, 0);True;[0.9954700379389689, 0.000428791211742841];490;0;1.0;True;6
0;(73, 0);True;[0.998272547191231, 0.0003794722783830726];323;0;1.0;True;7
0;(73, 0);True;[0.9974573102417438, 0.000334609522512465];388;0;1.0;True;8
0;(73, 0);True;[0.9984697904570778, 0.00033494922628577015];415;0;1.0;True;9
0;(73, 1);False;[3.519208999676047e-05, 0.9953220405412372];577;0;1.0;True;0
0;(73, 1);False;[3.528699624067244e-05, 0.9980060361627144];323;0;1.0;True;1
0;(73, 1);False;[5.120335866845099e-05, 0.9953057436874259];459;0;1.0;True;2
0;(73, 1);False;[2.7481749972786544e-05, 0.9980135165295033];419;0;1.0;True;3
0;(73, 1);False;[2.7481828598816378e-05, 0.9980164848044027];451;0;1.0;True;4
0;(73, 1);False;[1.89051763781734e-05, 0.9989256492038295];316;0;1.0;True;5
0;(73, 1);False;[5.1250551466202604e-05, 0.9962232243562361];491;0;1.0;True;6
0;(73, 1);False;[3.5267584203829504e-05, 0.9974573102417438];443;0;1.0;True;7
0;(73, 1);False;[3.525604970074457e-05, 0.9971310193478853];428;0;1.0;True;8
0;(73, 1);False;[2.7457386744085228e-05, 0.9971286487378123];441;0;1.0;True;9
0;(73, 2);False;[3.5294737119067354e-05, 0.998225149184787];432;0;1.0;True;0
0;(73, 2);False;[3.1140189718696194e-05, 0.9979906008800373];420;0;1.0;True;1
0;(73, 2);False;[2.4263085226647098e-05, 0.9984469727777934];433;0;1.0;True;2
0;(73, 2);False;[2.7474648349317005e-05, 0.9977560442658725];396;0;1.0;True;3
0;(73, 2);False;[2.4252582357642287e-05, 0.9980149414118901];462;0;1.0;True;4
0;(73, 2);False;[2.4239587305925223e-05, 0.9974794897417415];492;0;1.0;True;5
0;(73, 2);False;[2.7407967042855085e-05, 0.9953339688097257];523;0;1.0;True;6
0;(73, 2);False;[2.7466841302519228e-05, 0.9974722546771403];421;0;1.0;True;7
0;(73, 2);False;[2.7457700970737643e-05, 0.9971403829761338];603;0;1.0;True;8
0;(73, 2);False;[2.4252790520119733e-05, 0.9980228968102342];474;0;1.0;True;9
0;(73, 3);False;[5.134124834811856e-05, 0.9979862078387235];297;0;1.0;True;0
0;(73, 3);False;[2.4222510103841894e-05, 0.996777225610015];335;0;1.0;True;1
0;(73, 3);False;[3.9974958111711416e-05, 0.9977447701811879];430;0;1.0;True;2
0;(73, 3);False;[3.997503435796583e-05, 0.9977469062330715];409;0;1.0;True;3
0;(73, 3);False;[2.740809773453785e-05, 0.9953390468026546];359;0;1.0;True;4
0;(73, 3);False;[5.117206735240151e-05, 0.9946974657514069];477;0;1.0;True;5
0;(73, 3);False;[3.5146140365122966e-05, 0.9940218447594094];516;0;1.0;True;6
0;(73, 3);False;[3.989943146065498e-05, 0.9958596706380092];419;0;1.0;True;7
0;(73, 3);False;[2.4263038948528797e-05, 0.9984445960170415];457;0;1.0;True;8
0;(73, 3);False;[5.1230809230442254e-05, 0.9958395726397588];344;0;1.0;True;9
0;(74, 0);True;[0.9972358075220679, 0.00026053650744006443];569;0;1.0;True;0
0;(74, 0);True;[0.9962562341237906, 0.00012294778547105765];638;0;1.0;True;1
0;(74, 0);True;[0.9984686020488364, 0.00017928523036325083];343;0;1.0;True;2
0;(74, 0);True;[0.9978133674917717, 0.00023005579705850766];582;0;1.0;True;3
0;(74, 0);True;[0.9976677578213912, 0.0001231220282595231];575;0;1.0;True;4
0;(74, 0);True;[0.9986023199843748, 0.00020318390761132736];450;0;1.0;True;5
0;(74, 0);True;[0.9976821151582982, 0.00010865636290958399];541;0;1.0;True;6
0;(74, 0);True;[0.9966772703950042, 0.00012299973914527127];564;0;1.0;True;7
0;(74, 0);True;[0.9978676111643062, 0.0001791773746155912];566;0;1.0;True;8
0;(74, 0);True;[0.9970765002243287, 9.583066980202771e-05];557;0;1.0;True;9
0;(74, 1);False;[2.7457570042528786e-05, 0.9971351678710338];533;0;1.0;True;0
0;(74, 1);False;[1.887779157190869e-05, 0.9974785407940603];531;0;1.0;True;1
0;(74, 1);False;[2.7474648349317005e-05, 0.9977558068469388];462;0;1.0;True;2
0;(74, 1);False;[2.138430334644393e-05, 0.9971505764575772];360;0;1.0;True;3
0;(74, 1);False;[2.1403012513038702e-05, 0.9980234902841912];626;0;1.0;True;4
0;(74, 1);False;[2.1397400085614668e-05, 0.9977615032907752];515;0;1.0;True;5
0;(74, 1);False;[1.8877755565413084e-05, 0.9974769989301863];613;0;1.0;True;6
0;(74, 1);False;[1.8883283366387574e-05, 0.9977686238332276];494;0;1.0;True;7
0;(74, 1);False;[2.140774850571631e-05, 0.9982443929502824];389;0;1.0;True;8
0;(74, 1);False;[2.4172595469024927e-05, 0.9947232969207779];631;0;1.0;True;9
0;(74, 2);False;[1.886472572524468e-05, 0.9967884776218847];482;0;1.0;True;0
0;(74, 2);False;[2.1424782239445812e-05, 0.9990384297269647];337;0;1.0;True;1
0;(74, 2);False;[2.1345386908426508e-05, 0.99533633074991];527;0;1.0;True;2
0;(74, 2);False;[2.4187561356465517e-05, 0.9953389286124918];516;0;1.0;True;3
0;(74, 2);False;[2.7474988975692784e-05, 0.9977679117999267];472;0;1.0;True;4
0;(74, 2);False;[2.4252790520119733e-05, 0.9980226593278021];609;0;1.0;True;5
0;(74, 2);False;[2.7457700970737643e-05, 0.997140264339909];619;0;1.0;True;6
0;(74, 2);False;[1.888346345226985e-05, 0.9977784743375766];475;0;1.0;True;7
0;(74, 2);False;[2.1391299516321507e-05, 0.9974768802539121];681;0;1.0;True;8
0;(74, 2);False;[1.889257804035137e-05, 0.998260311187227];526;0;1.0;True;9
0;(74, 3);False;[3.528713085013726e-05, 0.9980098355927531];604;0;1.0;True;0
0;(74, 3);False;[2.7482116896183683e-05, 0.9980265775627866];654;0;1.0;True;1
0;(74, 3);False;[3.114090246923237e-05, 0.9980137540097598];612;0;1.0;True;2
0;(74, 3);False;[2.425272113242873e-05, 0.9980204032475157];502;0;1.0;True;3
0;(74, 3);False;[2.743597543580335e-05, 0.9963507792910657];591;0;1.0;True;4
0;(74, 3);False;[1.8871707448984562e-05, 0.9971572143723875];579;0;1.0;True;5
0;(74, 3);False;[2.4271277844237006e-05, 0.9987839959764743];548;0;1.0;True;6
0;(74, 3);False;[2.140315539403891e-05, 0.9980294273668895];597;0;1.0;True;7
0;(74, 3);False;[2.747485796504849e-05, 0.9977631647693666];370;0;1.0;True;8
0;(74, 3);False;[2.427130099114235e-05, 0.9987849473288344];522;0;1.0;True;9
0;(75, 0);True;[0.9928800226700971, 0.0011625430315326567];491;0;1.0;True;0
0;(75, 0);True;[0.9941785277142493, 0.00116406348106211];517;0;1.0;True;1
0;(75, 0);True;[0.9956216239839716, 0.0011657532253386798];461;0;1.0;True;2
0;(75, 0);True;[0.9938592056927663, 0.00149420679864475];559;0;1.0;True;3
0;(75, 0);True;[0.995660620495307, 0.0014969153001330028];519;0;1.0;True;4
0;(75, 0);True;[0.9930511580666094, 0.0016917813251565862];664;0;1.0;True;5
0;(75, 0);True;[0.9952812989070243, 0.0014963450946766212];476;0;1.0;True;6
0;(75, 0);True;[0.9888771172136519, 0.0051891510507534756];826;0;1.0;True;7
0;(75, 0);True;[0.995884261790855, 0.0009081289585785627];391;0;1.0;True;8
0;(75, 0);True;[0.9956574297257674, 0.0014969103036474771];432;0;1.0;True;9
0;(75, 1);False;[2.421172462561009e-05, 0.9963336202687141];534;0;1.0;True;0
0;(75, 1);False;[3.114039760258408e-05, 0.997997368701722];451;0;1.0;True;1
0;(75, 1);False;[1.8856415804406908e-05, 0.9963495959567219];550;0;1.0;True;2
0;(75, 1);False;[2.7435242826001464e-05, 0.9963246267930651];569;0;1.0;True;3
0;(75, 1);False;[2.133189478347845e-05, 0.9947072553646642];520;0;1.0;True;4
0;(75, 1);False;[3.105637729499466e-05, 0.9953045627529248];567;0;1.0;True;5
0;(75, 1);False;[3.108722459850809e-05, 0.9962933874544573];535;0;1.0;True;6
0;(75, 1);False;[2.4221886401456196e-05, 0.9967510505468952];548;0;1.0;True;7
0;(75, 1);False;[2.7466710330725976e-05, 0.9974670359784039];483;0;1.0;True;8
0;(75, 1);False;[2.7390407749775574e-05, 0.9946968761080354];584;0;1.0;True;9
0;(75, 2);False;[0.00023019362046165778, 0.998411916479123];574;0;1.0;True;0
0;(75, 2);False;[0.0008031126313381563, 0.9979863265755956];714;0;1.0;True;1
0;(75, 2);False;[0.0019211619086870987, 0.9951863660846091];531;0;1.0;True;2
0;(75, 2);False;[0.0005507660346340951, 0.995808363580375];533;0;1.0;True;3
0;(75, 2);False;[0.0006256628121033725, 0.998302366345969];654;0;1.0;True;4
0;(75, 2);False;[0.0005512045314091628, 0.9966013699897209];696;0;1.0;True;5
0;(75, 2);False;[0.00012299692393687734, 0.996654060787185];504;0;1.0;True;6
0;(75, 2);False;[0.0021796674615135823, 0.9964235643622356];722;0;1.0;True;7
0;(75, 2);False;[0.0005515457965821303, 0.9972180251706374];621;0;1.0;True;8
0;(75, 2);False;[0.0002951136604208868, 0.9968551665539561];526;0;1.0;True;9
0;(75, 3);False;[4.525226872686803e-05, 0.9967472605505255];468;0;1.0;True;0
0;(75, 3);False;[7.46054608186084e-05, 0.9967086521906149];719;0;1.0;True;1
0;(75, 3);False;[5.8201950942839346e-05, 0.99840965870529];491;0;1.0;True;2
0;(75, 3);False;[4.52691458405373e-05, 0.9971189297829722];601;0;1.0;True;3
0;(75, 3);False;[5.134124834811856e-05, 0.9979857328913763];555;0;1.0;True;4
0;(75, 3);False;[5.805194614064958e-05, 0.9958361443345912];607;0;1.0;True;5
0;(75, 3);False;[9.565517670760766e-05, 0.9952501249547084];500;0;1.0;True;6
0;(75, 3);False;[0.00013937257784148584, 0.996646245783822];708;0;1.0;True;7
0;(75, 3);False;[6.570441792195257e-05, 0.9946699844804106];468;0;1.0;True;8
0;(75, 3);False;[7.463357009085579e-05, 0.9970839666594044];627;0;1.0;True;9
1;(76, 0);False;[9.597197335564089e-05, 0.9985463324366914];435;0;1.0;True;0
1;(76, 0);False;[6.59729646866142e-05, 0.9987350034850866];381;0;1.0;True;1
1;(76, 0);False;[0.0001230848122790618, 0.9973665866321967];534;0;1.0;True;2
1;(76, 0);False;[0.00013968981018634355, 0.9989143488789032];403;0;1.0;True;3
1;(76, 0);False;[8.469634234650212e-05, 0.9985626169033638];473;0;1.0;True;4
1;(76, 0);False;[5.1363580254010215e-05, 0.998419640486964];476;0;1.0;True;5
1;(76, 0);False;[0.00012320518849914304, 0.9983420487355719];342;0;1.0;True;6
1;(76, 0);False;[9.591414634835592e-05, 0.9979448917503692];414;0;1.0;True;7
1;(76, 0);False;[7.478376026606143e-05, 0.9990910216970805];460;0;1.0;True;8
1;(76, 0);False;[5.8242706393562475e-05, 0.9991086329138222];370;0;1.0;True;9
1;(76, 1);True;[0.9953156634998578, 0.002177244014518493];519;0;1.0;True;0
1;(76, 1);True;[0.997665384773824, 0.0014999290743635597];416;0;1.0;True;1
1;(76, 1);True;[0.9979083273945124, 0.001031136391748086];427;0;1.0;True;2
1;(76, 1);True;[0.9956705475538153, 0.0014969302896896458];465;0;1.0;True;3
1;(76, 1);True;[0.9974769989301863, 0.0011679253803960476];490;0;1.0;True;4
1;(76, 1);True;[0.9972305912213343, 0.0016989017180377808];414;0;1.0;True;5
1;(76, 1);True;[0.9977377685162658, 0.0013237787052305756];421;0;1.0;True;6
1;(76, 1);True;[0.9953153094012213, 0.0024671395105765634];468;0;1.0;True;7
1;(76, 1);True;[0.9964653464431952, 0.00132209061935223];539;0;1.0;True;8
1;(76, 1);True;[0.9970972404856085, 0.0016986749053286567];352;0;1.0;True;9
1;(76, 2);False;[0.00033499075508171164, 0.9985929287939034];521;0;1.0;True;0
1;(76, 2);False;[0.00023033548036963174, 0.9990268887765907];459;0;1.0;True;1
1;(76, 2);False;[0.0002303143934918757, 0.9989351656292638];446;0;1.0;True;2
1;(76, 2);False;[0.00013967329205859792, 0.9987966016432002];552;0;1.0;True;3
1;(76, 2);False;[0.00012315256080691554, 0.9979159248280579];507;0;1.0;True;4
1;(76, 2);False;[0.0001088068236455443, 0.9990635351737757];521;0;1.0;True;5
1;(76, 2);False;[0.0004301963336157604, 0.9987321498059761];390;0;1.0;True;6
1;(76, 2);False;[0.00037952729010096793, 0.9984170262150027];435;0;1.0;True;7
1;(76, 2);False;[0.0002957859463846614, 0.999126244789942];405;0;1.0;True;8
1;(76, 2);False;[0.00037924128006149255, 0.9976650289100907];470;0;1.0;True;9
1;(76, 3);False;[0.00010868299722854413, 0.9979264905590335];397;0;1.0;True;0
1;(76, 3);False;[8.457123710835941e-05, 0.9970881147546394];439;0;1.0;True;1
1;(76, 3);False;[8.472098161129686e-05, 0.9988534498710016];369;0;1.0;True;2
1;(76, 3);False;[9.597215640782763e-05, 0.998548590752087];481;0;1.0;True;3
1;(76, 3);False;[0.00013957914939815633, 0.998123478256256];477;0;1.0;True;4
1;(76, 3);False;[5.8162333358715215e-05, 0.9977302923069986];504;0;1.0;True;5
1;(76, 3);False;[8.474789102659633e-05, 0.9991709911698546];344;0;1.0;True;6
1;(76, 3);False;[5.821260901409469e-05, 0.9985920966658901];439;0;1.0;True;7
1;(76, 3);False;[8.464514791636263e-05, 0.9979591382918749];557;0;1.0;True;8
1;(76, 3);False;[6.592296484923563e-05, 0.9979787279089803];403;0;1.0;True;9
2;(77, 0);False;[0.00012331368655125357, 0.9992214546856206];446;0;1.0;True;0
2;(77, 0);False;[7.47560221837928e-05, 0.9987200214119234];520;0;1.0;True;1
2;(77, 0);False;[0.000295007575738596, 0.9964967150696608];609;0;1.0;True;2
2;(77, 0);False;[0.00048726994087170056, 0.9983089007070453];561;0;1.0;True;3
2;(77, 0);False;[5.8212442466722615e-05, 0.9985893626687299];537;0;1.0;True;4
2;(77, 0);False;[0.00012324631953161463, 0.9986756720303328];572;0;1.0;True;5
2;(77, 0);False;[0.0001396899434049913, 0.9989154194354162];504;0;1.0;True;6
2;(77, 0);False;[0.00015803830002220277, 0.9973306574260139];470;0;1.0;True;7
2;(77, 0);False;[0.00015830287898386017, 0.9990001196046818];460;0;1.0;True;8
2;(77, 0);False;[0.00017917600760592391, 0.9978606077080184];570;0;1.0;True;9
2;(77, 1);False;[7.465862829042202e-05, 0.9974184098690021];446;0;1.0;True;0
2;(77, 1);False;[7.465855709043967e-05, 0.9974175796486336];412;0;1.0;True;1
2;(77, 1);False;[4.531912343725922e-05, 0.9982205165356316];509;0;1.0;True;2
2;(77, 1);False;[4.5343332924390234e-05, 0.9987537913008373];520;0;1.0;True;3
2;(77, 1);False;[0.00015812513690149847, 0.9978787690746352];445;0;1.0;True;4
2;(77, 1);False;[5.8051669328059296e-05, 0.9958316522664062];426;0;1.0;True;5
2;(77, 1);False;[5.820183993153366e-05, 0.9984077574137875];422;0;1.0;True;6
2;(77, 1);False;[8.450270948292597e-05, 0.9962801349998908];438;0;1.0;True;7
2;(77, 1);False;[0.00012324596692157047, 0.9986719863261644];430;0;1.0;True;8
2;(77, 1);False;[5.8051558603392766e-05, 0.9958296425048745];517;0;1.0;True;9
2;(77, 2);True;[0.9973491553775619, 0.0009094645370548311];407;0;1.0;True;0
2;(77, 2);True;[0.9949841632198668, 0.0027947063295234442];585;0;1.0;True;1
2;(77, 2);True;[0.9685782194645111, 0.029248524380980377];488;0;1.0;True;2
2;(77, 2);True;[0.9950455353690606, 0.0035886947002617773];426;0;1.0;True;3
2;(77, 2);True;[0.9961614699340284, 0.0013216878411026897];467;0;1.0;True;4
2;(77, 2);True;[0.9940353904986251, 0.005216219365427688];425;0;1.0;True;5
2;(77, 2);True;[0.9963295968677827, 0.0019233681824606594];513;0;1.0;True;6
2;(77, 2);True;[0.9970808853146285, 0.0011674615663041208];469;0;1.0;True;7
2;(77, 2);True;[0.9949694110419254, 0.0009072944611013603];619;0;1.0;True;8
2;(77, 2);True;[0.9908851786685591, 0.007565501029843726];500;0;1.0;True;9
2;(77, 3);False;[5.132803008591152e-05, 0.9977293431207175];521;0;1.0;True;0
2;(77, 3);False;[7.469900961644405e-05, 0.9979587820910052];530;0;1.0;True;1
2;(77, 3);False;[5.818979646257796e-05, 0.9982006797669467];620;0;1.0;True;2
2;(77, 3);False;[6.588625955316685e-05, 0.9974226791865608];487;0;1.0;True;3
2;(77, 3);False;[3.116449183266999e-05, 0.9987698447461777];571;0;1.0;True;4
2;(77, 3);False;[4.528421538379194e-05, 0.9974513800460175];543;0;1.0;True;5
2;(77, 3);False;[5.136323736626372e-05, 0.9984134612991569];597;0;1.0;True;6
2;(77, 3);False;[3.5277911288829324e-05, 0.9977492797068521];593;0;1.0;True;7
2;(77, 3);False;[7.476643167162563e-05, 0.9988592777015518];551;0;1.0;True;8
2;(77, 3);False;[5.135280487642871e-05, 0.9982108950109635];592;0;1.0;True;9
1;(78, 0);False;[4.00343980349709e-05, 0.9992287151755137];465;0;1.0;True;0
1;(78, 0);False;[4.004722849565475e-05, 0.9995493536399783];232;0;1.0;True;1
1;(78, 0);False;[4.003432167548936e-05, 0.9992270488136508];350;0;1.0;True;2
1;(78, 0);False;[2.14246800783666e-05, 0.9990336705458264];441;0;1.0;True;3
1;(78, 0);False;[5.137989455875546e-05, 0.9987375005772652];597;0;1.0;True;4
1;(78, 0);False;[5.1415921953070536e-05, 0.9994370531785955];430;0;1.0;True;5
1;(78, 0);False;[0.00012329934005218641, 0.9991053010004739];438;0;1.0;True;6
1;(78, 0);False;[3.532288783553182e-05, 0.9990208209107028];436;0;1.0;True;7
1;(78, 0);False;[2.750978129423245e-05, 0.9990316478672708];490;0;1.0;True;8
1;(78, 0);False;[2.42860732173755e-05, 0.9993926401360812];351;0;1.0;True;9
1;(78, 1);True;[0.9989285041335696, 0.0003351032281308162];394;0;1.0;True;0
1;(78, 1);True;[0.9981361859750004, 0.0003348374435765172];528;0;1.0;True;1
1;(78, 1);True;[0.9983516728028582, 0.00029555670141406495];564;0;1.0;True;2
1;(78, 1);True;[0.9989663328973748, 0.00037973600901162037];436;0;1.0;True;3
1;(78, 1);True;[0.9990378347771998, 0.0003797631708189014];390;0;1.0;True;4
1;(78, 1);True;[0.9986041030685059, 0.00033499426929301727];429;0;1.0;True;5
1;(78, 1);True;[0.9984135800868621, 0.00023019405952156378];556;0;1.0;True;6
1;(78, 1);True;[0.9992670428470006, 0.00015834515605737926];478;0;1.0;True;7
1;(78, 1);True;[0.9993344210082892, 0.0002610847045798189];368;0;1.0;True;8
1;(78, 1);True;[0.9986477327741706, 0.0002956443743787445];389;0;1.0;True;9
1;(78, 2);False;[2.7506528300466715e-05, 0.9989137540611757];470;0;1.0;True;0
1;(78, 2);False;[3.118372710811729e-05, 0.9993860916426612];346;0;1.0;True;1
1;(78, 2);False;[3.533798262574498e-05, 0.9994475319279722];598;0;1.0;True;2
1;(78, 2);False;[2.7515501199866616e-05, 0.9992395466535227];348;0;1.0;True;3
1;(78, 2);False;[2.4290520537347943e-05, 0.9995753185166357];370;0;1.0;True;4
1;(78, 2);False;[2.4289223318235897e-05, 0.9995221991646277];363;0;1.0;True;5
1;(78, 2);False;[3.1178731336234165e-05, 0.9992263346926531];442;0;1.0;True;6
1;(78, 2);False;[2.751529127405304e-05, 0.9992316908452274];342;0;1.0;True;7
1;(78, 2);False;[2.7509702588229427e-05, 0.9990290303645912];425;0;1.0;True;8
1;(78, 2);False;[2.7502672427123387e-05, 0.9987734122135171];453;0;1.0;True;9
1;(78, 3);False;[3.1181734650757774e-05, 0.9993218018063139];390;0;1.0;True;0
1;(78, 3);False;[2.7519883766924238e-05, 0.9993988315503358];532;0;1.0;True;1
1;(78, 3);False;[2.4271254697353738e-05, 0.9987832825209357];414;0;1.0;True;2
1;(78, 3);False;[3.118919958626018e-05, 0.9995618594965581];361;0;1.0;True;3
1;(78, 3);False;[2.751282476571017e-05, 0.9991423101539938];405;0;1.0;True;4
1;(78, 3);False;[3.531854254033767e-05, 0.9988982907851751];418;0;1.0;True;5
1;(78, 3);False;[3.117275530360694e-05, 0.9990343844128291];340;0;1.0;True;6
1;(78, 3);False;[3.1187593433333586e-05, 0.9995095751770304];387;0;1.0;True;7
1;(78, 3);False;[2.4274449175925077e-05, 0.9989145866898044];451;0;1.0;True;8
1;(78, 3);False;[2.428625850611651e-05, 0.9994001412506481];453;0;1.0;True;9
0;(79, 0);True;[0.9976657408699716, 0.0014999297895856474];325;0;1.0;True;0
0;(79, 0);True;[0.9981477062940325, 0.0009101929546338508];403;0;1.0;True;1
0;(79, 0);True;[0.9976263494624843, 0.0014998704273129152];300;0;1.0;True;2
0;(79, 0);True;[0.9984299790860568, 0.0009104503612212389];427;0;1.0;True;3
0;(79, 0);True;[0.9978887403210147, 0.0017000232657383805];373;0;1.0;True;4
0;(79, 0);True;[0.9979319514458959, 0.0013240362708497662];278;0;1.0;True;5
0;(79, 0);True;[0.9981405802574982, 0.0009101864444498044];384;0;1.0;True;6
0;(79, 0);True;[0.9969388067319059, 0.001698404389771805];333;0;1.0;True;7
0;(79, 0);True;[0.9978982369936652, 0.0010311260664327008];371;0;1.0;True;8
0;(79, 0);True;[0.9980918884304157, 0.0013242490527921686];383;0;1.0;True;9
0;(79, 1);False;[3.1101784727206913e-05, 0.9967601701759319];342;0;1.0;True;0
0;(79, 1);False;[3.5313692609648046e-05, 0.9987606883592578];416;0;1.0;True;1
0;(79, 1);False;[3.117236883347328e-05, 0.9990215347685236];328;0;1.0;True;2
0;(79, 1);False;[3.527760849738737e-05, 0.9977407352741263];282;0;1.0;True;3
0;(79, 1);False;[3.117216073615511e-05, 0.9990155860852363];228;0;1.0;True;4
0;(79, 1);False;[4.5354577439129125e-05, 0.9990014282009915];315;0;1.0;True;5
0;(79, 1);False;[2.7488066980722775e-05, 0.998242729856873];330;0;1.0;True;6
0;(79, 1);False;[1.8916484180594862e-05, 0.9995236282954663];211;0;1.0;True;7
0;(79, 1);False;[3.533805002766211e-05, 0.9994501516324829];295;0;1.0;True;8
0;(79, 1);False;[2.4257810089657252e-05, 0.998229781855442];391;0;1.0;True;9
0;(79, 2);False;[0.0002606108096588625, 0.9975204114727256];519;0;1.0;True;0
0;(79, 2);False;[0.0008024947814549964, 0.9972187363471585];527;0;1.0;True;1
0;(79, 2);False;[7.457387721136598e-05, 0.9962865244837742];307;0;1.0;True;2
0;(79, 2);False;[0.00017942275077317062, 0.9992344284622109];411;0;1.0;True;3
0;(79, 2);False;[0.00015816012634469275, 0.9980991325210353];506;0;1.0;True;4
0;(79, 2);False;[0.0004297153592702827, 0.997615553007881];555;0;1.0;True;5
0;(79, 2);False;[0.0021815661345814742, 0.9972915297926175];413;0;1.0;True;6
0;(79, 2);False;[0.0002950053250179968, 0.9964894940938637];494;0;1.0;True;7
0;(79, 2);False;[0.0006257362078702413, 0.9984194029101257];399;0;1.0;True;8
0;(79, 2);False;[0.0007091314744797673, 0.9985312370656942];570;0;1.0;True;9
0;(79, 3);False;[7.47655047406386e-05, 0.9988470272964597];344;0;1.0;True;0
0;(79, 3);False;[3.112341509488803e-05, 0.9974529218702908];395;0;1.0;True;1
0;(79, 3);False;[2.426296953151685e-05, 0.9984421004708348];468;0;1.0;True;2
0;(79, 3);False;[2.4262946392557003e-05, 0.9984411497937412];345;0;1.0;True;3
0;(79, 3);False;[3.11134140023467e-05, 0.9971322045389539];376;0;1.0;True;4
0;(79, 3);False;[3.532258465805472e-05, 0.9990123737481872];216;0;1.0;True;5
0;(79, 3);False;[7.475559442762649e-05, 0.9987141950914558];388;0;1.0;True;6
0;(79, 3);False;[2.4274310276810126e-05, 0.9989087581876898];322;0;1.0;True;7
0;(79, 3);False;[3.118741497700306e-05, 0.9995037397125295];278;0;1.0;True;8
0;(79, 3);False;[3.5210788881063017e-05, 0.9958509218840726];426;0;1.0;True;9
3;(80, 0);False;[5.825731644845923e-05, 0.9993596603556619];568;0;1.0;True;0
3;(80, 0);False;[6.602168020676188e-05, 0.9994726578945081];473;0;1.0;True;1
3;(80, 0);False;[3.533818483188204e-05, 0.9994537239731703];363;0;1.0;True;2
3;(80, 0);False;[4.537677191110268e-05, 0.9994896871937023];317;0;1.0;True;3
3;(80, 0);False;[4.534956031115352e-05, 0.9988902024710465];519;0;1.0;True;4
3;(80, 0);False;[6.603679309960663e-05, 0.9997017081458754];1036;0;1.0;True;5
3;(80, 0);False;[2.1429257372693637e-05, 0.999247164458953];475;0;1.0;True;6
3;(80, 0);False;[3.118322154718173e-05, 0.9993697803093433];354;0;1.0;True;7
3;(80, 0);False;[7.48026622825888e-05, 0.9993433498609243];442;0;1.0;True;8
3;(80, 0);False;[5.1403959038199e-05, 0.9992045536076135];533;0;1.0;True;9
3;(80, 1);False;[2.750999117800805e-05, 0.999039500532761];524;0;1.0;True;0
3;(80, 1);False;[6.599712913223382e-05, 0.9991007791815387];519;0;1.0;True;1
3;(80, 1);False;[4.002107550994207e-05, 0.998896506594315];371;0;1.0;True;2
3;(80, 1);False;[7.468056111646735e-05, 0.9977118990217447];520;0;1.0;True;3
3;(80, 1);False;[6.600342340906455e-05, 0.9991966983652307];438;0;1.0;True;4
3;(80, 1);False;[5.823581927371332e-05, 0.99899095889702];436;0;1.0;True;5
3;(80, 1);False;[4.5364397045494134e-05, 0.9992172888746055];529;0;1.0;True;6
3;(80, 1);False;[4.5360157483298665e-05, 0.9991237457371429];536;0;1.0;True;7
3;(80, 1);False;[5.138763709242501e-05, 0.9988873477670581];601;0;1.0;True;8
3;(80, 1);False;[5.825737200699216e-05, 0.9993606128380529];418;0;1.0;True;9
3;(80, 2);False;[3.117861239903984e-05, 0.9992225259202394];433;0;1.0;True;0
3;(80, 2);False;[2.7529438607557195e-05, 0.9997455529365188];432;0;1.0;True;1
3;(80, 2);False;[3.114066488390769e-05, 0.9980060361627144];456;0;1.0;True;2
3;(80, 2);False;[3.529487175806134e-05, 0.9982285939652841];488;0;1.0;True;3
3;(80, 2);False;[2.7502436370805496e-05, 0.9987647313442858];579;0;1.0;True;4
3;(80, 2);False;[5.141533354790677e-05, 0.9994262174653975];486;0;1.0;True;5
3;(80, 2);False;[3.9985023874771474e-05, 0.997996181320499];514;0;1.0;True;6
3;(80, 2);False;[2.7521589745211527e-05, 0.9994603924619422];389;0;1.0;True;7
3;(80, 2);False;[1.8915437879955254e-05, 0.9994678946086261];590;0;1.0;True;8
3;(80, 2);False;[4.0030389359076476e-05, 0.9991286248017281];575;0;1.0;True;9
3;(80, 3);True;[0.9987355980801063, 0.0008037156271057653];395;0;1.0;True;0
3;(80, 3);True;[0.9987793581757638, 0.0003796650353271869];480;0;1.0;True;1
3;(80, 3);True;[0.998449230752242, 0.000803484948847804];530;0;1.0;True;2
3;(80, 3);True;[0.9980084109500229, 0.0006254784655934341];514;0;1.0;True;3
3;(80, 3);True;[0.9990389056405102, 0.0003797635329894564];521;0;1.0;True;4
3;(80, 3);True;[0.9983067621736013, 0.0006256654971626299];419;0;1.0;True;5
3;(80, 3);True;[0.9985667771950395, 0.0004873956575784145];579;0;1.0;True;6
3;(80, 3);True;[0.9987749581742488, 0.0004874972306142743];465;0;1.0;True;7
3;(80, 3);True;[0.9982508076986952, 0.0009102867064473688];445;0;1.0;True;8
3;(80, 3);True;[0.9970061083401411, 0.00048663395397404184];455;0;1.0;True;9
0;(81, 0);True;[0.9989733517896864, 0.00029574081647425253];442;0;1.0;True;0
0;(81, 0);True;[0.9991236267486314, 0.00029578538221827896];443;0;1.0;True;1
0;(81, 0);True;[0.9994195494373399, 0.0002611068656104543];431;0;1.0;True;2
0;(81, 0);True;[0.9993008498458714, 0.0002958378542955071];395;0;1.0;True;3
0;(81, 0);True;[0.9992939453928094, 0.00029583559724040935];412;0;1.0;True;4
0;(81, 0);True;[0.9985746226027865, 0.000487399608536553];449;0;1.0;True;5
0;(81, 0);True;[0.9989123266163635, 0.0002609744254054226];344;0;1.0;True;6
0;(81, 0);True;[0.9993770429240775, 0.0002610959093602181];428;0;1.0;True;7
0;(81, 0);True;[0.9992413320387428, 0.00017942394855325299];425;0;1.0;True;8
0;(81, 0);True;[0.9991279108092284, 0.00029578651055211987];405;0;1.0;True;9
0;(81, 1);False;[3.531847517562809e-05, 0.9988960307486042];363;0;1.0;True;0
0;(81, 1);False;[5.1415529682213165e-05, 0.9994301469118486];454;0;1.0;True;1
0;(81, 1);False;[4.0037147073307434e-05, 0.999297040498593];440;0;1.0;True;2
0;(81, 1);False;[4.002077017453221e-05, 0.9988884182946335];417;0;1.0;True;3
0;(81, 1);False;[3.532608820094113e-05, 0.9991113698447256];372;0;1.0;True;4
0;(81, 1);False;[4.5382917329199425e-05, 0.9996253464213816];388;0;1.0;True;5
0;(81, 1);False;[4.003016030400656e-05, 0.9991232697250253];565;0;1.0;True;6
0;(81, 1);False;[5.125480388372424e-05, 0.996305930255168];518;0;1.0;True;7
0;(81, 1);False;[3.5322618344312566e-05, 0.9990138014522671];602;0;1.0;True;8
0;(81, 1);False;[4.003997267052622e-05, 0.9993677563104088];347;0;1.0;True;9
0;(81, 2);False;[4.0008673133719e-05, 0.9985865096382596];469;0;1.0;True;0
0;(81, 2);False;[4.5367209218577096e-05, 0.9992790655079149];417;0;1.0;True;1
0;(81, 2);False;[3.1190448873500664e-05, 0.9996016421058651];371;0;1.0;True;2
0;(81, 2);False;[4.5349041329592013e-05, 0.9988792596578225];666;0;1.0;True;3
0;(81, 2);False;[4.003393988026634e-05, 0.999217050817154];438;0;1.0;True;4
0;(81, 2);False;[5.825948327050575e-05, 0.9993966883551881];420;0;1.0;True;5
0;(81, 2);False;[5.12953906685802e-05, 0.9970945145277638];431;0;1.0;True;6
0;(81, 2);False;[5.8269596172386666e-05, 0.9995696013608177];430;0;1.0;True;7
0;(81, 2);False;[4.5385644084039954e-05, 0.9996850290835055];1289;0;1.0;True;8
0;(81, 2);False;[5.1407979051492775e-05, 0.99928311280164];422;0;1.0;True;9
0;(81, 3);False;[9.593536993519952e-05, 0.9981654030821586];437;0;1.0;True;0
0;(81, 3);False;[4.537659881278511e-05, 0.9994861145499384];391;0;1.0;True;1
0;(81, 3);False;[7.473107383330594e-05, 0.9983863684244385];485;0;1.0;True;2
0;(81, 3);False;[8.473940515333393e-05, 0.9990704364065577];498;0;1.0;True;3
0;(81, 3);False;[0.0001397051311636609, 0.9990237953216551];412;0;1.0;True;4
0;(81, 3);False;[0.00012333791475679424, 0.9994174061977631];334;0;1.0;True;5
0;(81, 3);False;[5.827209688582413e-05, 0.9996129580899547];431;0;1.0;True;6
0;(81, 3);False;[6.60082074609319e-05, 0.9992688283976797];422;0;1.0;True;7
0;(81, 3);False;[6.598970265759833e-05, 0.9989890553355597];442;0;1.0;True;8
0;(81, 3);False;[0.00010882519182612779, 0.9992321669671631];390;0;1.0;True;9
3;(82, 0);False;[3.119062734719133e-05, 0.9996070022775747];347;0;1.0;True;0
3;(82, 0);False;[2.7531827836017138e-05, 0.9998320623149408];265;0;1.0;True;1
3;(82, 0);False;[3.1199284547167645e-05, 0.9998843803602065];658;0;1.0;True;2
3;(82, 0);False;[3.1193007093987396e-05, 0.9996835994891372];428;0;1.0;True;3
3;(82, 0);False;[3.535426392270351e-05, 0.9999082172721176];696;0;1.0;True;4
3;(82, 0);False;[4.539538383166085e-05, 0.9998996358499792];976;0;1.0;True;5
3;(82, 0);False;[4.538335013648981e-05, 0.9996348760876577];346;0;1.0;True;6
3;(82, 0);False;[3.534826290334735e-05, 0.9997388806538758];326;0;1.0;True;7
3;(82, 0);False;[4.0058573130151345e-05, 0.9998324198246163];299;0;1.0;True;8
3;(82, 0);False;[3.1195387022350666e-05, 0.9997597318122907];297;0;1.0;True;9
3;(82, 1);False;[6.601846916263323e-05, 0.9994238360466302];361;0;1.0;True;0
3;(82, 1);False;[8.480440435995811e-05, 0.999837067447481];967;0;1.0;True;1
3;(82, 1);False;[4.0045318940519476e-05, 0.999501476968004];338;0;1.0;True;2
3;(82, 1);False;[3.532699783139365e-05, 0.9991376690029038];313;0;1.0;True;3
3;(82, 1);False;[4.003756708189798e-05, 0.9993082305048178];278;0;1.0;True;4
3;(82, 1);False;[4.004745764838992e-05, 0.9995550705636237];289;0;1.0;True;5
3;(82, 1);False;[4.0045357130729856e-05, 0.999502072426593];373;0;1.0;True;6
3;(82, 1);False;[5.1421659256322284e-05, 0.9995488772214536];314;0;1.0;True;7
3;(82, 1);False;[5.1438580672822107e-05, 0.9998779445874486];855;0;1.0;True;8
3;(82, 1);False;[2.750993870691403e-05, 0.9990374778424019];523;0;1.0;True;9
3;(82, 2);False;[0.00043037709428042046, 0.9991513545953671];413;0;1.0;True;0
3;(82, 2);False;[5.1433675341404246e-05, 0.9997827286751891];271;0;1.0;True;1
3;(82, 2);False;[4.00599484557247e-05, 0.9998665034129377];735;0;1.0;True;2
3;(82, 2);False;[3.1200177178627665e-05, 0.999912984788169];694;0;1.0;True;3
3;(82, 2);False;[4.5381662211398474e-05, 0.99959794958054];341;0;1.0;True;4
3;(82, 2);False;[4.539551370908157e-05, 0.9999028538701035];551;0;1.0;True;5
3;(82, 2);False;[8.480335298130486e-05, 0.9998243163809589];765;0;1.0;True;6
3;(82, 2);False;[3.1198778734009726e-05, 0.9998681719033375];861;0;1.0;True;7
3;(82, 2);False;[4.539044876500577e-05, 0.9997908314617086];210;0;1.0;True;8
3;(82, 2);False;[3.535385932757689e-05, 0.999896656226848];907;0;1.0;True;9
3;(82, 3);True;[0.9931410983461688, 0.005905432036181749];206;0;1.0;True;0
3;(82, 3);True;[0.9960901426085293, 0.00317033602830233];250;0;1.0;True;1
3;(82, 3);True;[0.9958860351523477, 0.0031696875607353124];342;0;1.0;True;2
3;(82, 3);True;[0.9972658018968942, 0.0024719746384589455];849;0;1.0;True;3
3;(82, 3);True;[0.9949927783334872, 0.004066308617092794];336;0;1.0;True;4
3;(82, 3);True;[0.9933509049493585, 0.005906679624684229];231;0;1.0;True;5
3;(82, 3);True;[0.9972652091056899, 0.0024719734597298646];1018;0;1.0;True;6
3;(82, 3);True;[0.9981346420487803, 0.0017004416044816336];765;0;1.0;True;7
3;(82, 3);True;[0.996656310762101, 0.00317213852746952];577;0;1.0;True;8
3;(82, 3);True;[0.994484614238692, 0.005218575358325551];183;0;1.0;True;9
1;(83, 0);False;[2.143637046623718e-05, 0.9995786535683888];332;0;1.0;True;0
1;(83, 0);False;[3.532322470244722e-05, 0.999031052979696];360;0;1.0;True;1
1;(83, 0);False;[0.00010876688096359589, 0.9986968356204498];454;0;1.0;True;2
1;(83, 0);False;[3.531409674510043e-05, 0.998772223095079];342;0;1.0;True;3
1;(83, 0);False;[3.115438840712149e-05, 0.9984456656051734];361;0;1.0;True;4
1;(83, 0);False;[2.7517653031800924e-05, 0.999317397030244];363;0;1.0;True;5
1;(83, 0);False;[1.887163545927107e-05, 0.9971535398442559];426;0;1.0;True;6
1;(83, 0);False;[6.595151357258435e-05, 0.9984101339706162];402;0;1.0;True;7
1;(83, 0);False;[1.6693786458403305e-05, 0.9995263674977084];387;0;1.0;True;8
1;(83, 0);False;[4.5349949551222315e-05, 0.998899004439154];448;0;1.0;True;9
1;(83, 1);True;[0.998508891899629, 0.0005522597706016889];342;0;1.0;True;0
1;(83, 1);True;[0.9988325174975803, 0.0004302396189822586];314;0;1.0;True;1
1;(83, 1);True;[0.9988356097206896, 0.000335071910818781];426;0;1.0;True;2
1;(83, 1);True;[0.9980929572921282, 0.0005520296611605538];313;0;1.0;True;3
1;(83, 1);True;[0.9982679140896795, 0.0003794704689225583];449;0;1.0;True;4
1;(83, 1);True;[0.9980917696809843, 0.0003794035249487777];406;0;1.0;True;5
1;(83, 1);True;[0.998446497494931, 0.00048733709419026953];334;0;1.0;True;6
1;(83, 1);True;[0.9989983349993418, 0.0004876062650422883];413;0;1.0;True;7
1;(83, 1);True;[0.9986320399414752, 0.00043015325771710613];481;0;1.0;True;8
1;(83, 1);True;[0.9987747203965888, 0.0004874972306142743];348;0;1.0;True;9
1;(83, 2);False;[1.8912840418223164e-05, 0.9993307304298616];459;0;1.0;True;0
1;(83, 2);False;[1.472527590754659e-05, 0.9990553251455828];452;0;1.0;True;1
1;(83, 2);False;[2.139138111780892e-05, 0.9974805571347789];535;0;1.0;True;2
1;(83, 2);False;[2.7493651271202145e-05, 0.9984456656051734];320;0;1.0;True;3
1;(83, 2);False;[2.1403114570798664e-05, 0.9980282399475243];422;0;1.0;True;4
1;(83, 2);False;[2.4282437211915166e-05, 0.9992432364880587];372;0;1.0;True;5
1;(83, 2);False;[1.6690618592371104e-05, 0.999336563895398];456;0;1.0;True;6
1;(83, 2);False;[2.4267435763909914e-05, 0.9986260957862907];392;0;1.0;True;7
1;(83, 2);False;[1.891753053911021e-05, 0.9995784153375696];583;0;1.0;True;8
1;(83, 2);False;[1.8871689451530443e-05, 0.997155910513506];536;0;1.0;True;9
1;(83, 3);False;[6.599020612099547e-05, 0.9989963124504772];423;0;1.0;True;0
1;(83, 3);False;[4.5355139738058e-05, 0.9990138014522671];533;0;1.0;True;1
1;(83, 3);False;[5.8176923252212806e-05, 0.9979802714778505];415;0;1.0;True;2
1;(83, 3);False;[3.533579213342116e-05, 0.9993864488183554];315;0;1.0;True;3
1;(83, 3);False;[5.822115908593268e-05, 0.9987395220208014];598;0;1.0;True;4
1;(83, 3);False;[5.817747807323353e-05, 0.9979901259305994];543;0;1.0;True;5
1;(83, 3);False;[8.475597360070155e-05, 0.9992660905701204];492;0;1.0;True;6
1;(83, 3);False;[4.5355182992110514e-05, 0.9990140394031455];436;0;1.0;True;7
1;(83, 3);False;[7.47910351937371e-05, 0.9991881291490692];350;0;1.0;True;8
1;(83, 3);False;[3.1183786586413276e-05, 0.9993876394824868];373;0;1.0;True;9
1;(84, 0);False;[2.7488066980722775e-05, 0.9982433238101861];483;0;1.0;True;0
1;(84, 0);False;[2.1412220081017674e-05, 0.9984519641332705];452;0;1.0;True;1
1;(84, 0);False;[2.747485796504849e-05, 0.9977630460590454];486;0;1.0;True;2
1;(84, 0);False;[2.4258319044106384e-05, 0.9982502137409293];590;0;1.0;True;3
1;(84, 0);False;[2.1412281341958354e-05, 0.9984555293028293];520;0;1.0;True;4
1;(84, 0);False;[2.7498607295773094e-05, 0.9986259769733011];696;0;1.0;True;5
1;(84, 0);False;[2.748159272140173e-05, 0.9980078172526661];595;0;1.0;True;6
1;(84, 0);False;[1.8902580325547375e-05, 0.9987887527473365];557;0;1.0;True;7
1;(84, 0);False;[2.7519936256986976e-05, 0.9994006175110212];448;0;1.0;True;8
1;(84, 0);False;[3.108861804285721e-05, 0.9963381171529705];593;0;1.0;True;9
1;(84, 1);True;[0.9949303503326118, 0.00042855879965752623];577;0;1.0;True;0
1;(84, 1);True;[0.9952668926972159, 0.0006237602178412372];546;0;1.0;True;1
1;(84, 1);True;[0.9964175280261229, 0.00037876724286808725];449;0;1.0;True;2
1;(84, 1);True;[0.9956034265056048, 0.000294743233562341];616;0;1.0;True;3
1;(84, 1);True;[0.9966842571919616, 0.00048647688476015035];712;0;1.0;True;4
1;(84, 1);True;[0.9918824772227813, 0.002169734264801699];642;0;1.0;True;5
1;(84, 1);True;[0.9964623871897841, 0.00033427590144187127];490;0;1.0;True;6
1;(84, 1);True;[0.9965990020310853, 0.00020277642822025754];650;0;1.0;True;7
1;(84, 1);True;[0.9975309688354821, 0.00026061354358939575];748;0;1.0;True;8
1;(84, 1);True;[0.9950650107993954, 0.0002945836182156113];480;0;1.0;True;9
1;(84, 2);False;[3.9918651875439234e-05, 0.996339655400575];706;0;1.0;True;0
1;(84, 2);False;[2.4252698003242514e-05, 0.9980195720613273];543;0;1.0;True;1
1;(84, 2);False;[2.4258157102896102e-05, 0.9982441552989337];668;0;1.0;True;2
1;(84, 2);False;[3.1123919686205806e-05, 0.9974689336205377];517;0;1.0;True;3
1;(84, 2);False;[1.6681484496847808e-05, 0.9987898230529711];635;0;1.0;True;4
1;(84, 2);False;[3.5278012219887506e-05, 0.9977514160006972];579;0;1.0;True;5
1;(84, 2);False;[3.5228053039322455e-05, 0.9963390638558223];680;0;1.0;True;6
1;(84, 2);False;[3.5313962032769086e-05, 0.9987690123544682];513;0;1.0;True;7
1;(84, 2);False;[5.1372692109807774e-05, 0.9985973271797424];474;0;1.0;True;8
1;(84, 2);False;[2.7466893691411396e-05, 0.9974745081248507];559;0;1.0;True;9
1;(84, 3);False;[3.9935482094084295e-05, 0.9967600515849435];573;0;1.0;True;0
1;(84, 3);False;[3.117284448970284e-05, 0.9990373588641643];565;0;1.0;True;1
1;(84, 3);False;[2.42801447240039e-05, 0.9991484984471412];700;0;1.0;True;2
1;(84, 3);False;[3.5302479695572186e-05, 0.9984442395266635];498;0;1.0;True;3
1;(84, 3);False;[3.11480308719121e-05, 0.9982422546712348];499;0;1.0;True;4
1;(84, 3);False;[5.134115042255211e-05, 0.9979844270196984];611;0;1.0;True;5
1;(84, 3);False;[3.531904777975512e-05, 0.9989123266163635];630;0;1.0;True;6
1;(84, 3);False;[4.526962073526707e-05, 0.9971293598505937];587;0;1.0;True;7
1;(84, 3);False;[3.1154299273828796e-05, 0.998442575751604];574;0;1.0;True;8
1;(84, 3);False;[3.1132944347524433e-05, 0.9977588923682487];734;0;1.0;True;9
3;(85, 0);False;[2.1433488152482083e-05, 0.9994439596094168];292;0;1.0;True;0
3;(85, 0);False;[4.005039855821674e-05, 0.9996278479507126];199;0;1.0;True;1
3;(85, 0);False;[2.752673456615613e-05, 0.9996472649816528];333;0;1.0;True;2
3;(85, 0);False;[3.117227964873824e-05, 0.9990189172923408];466;0;1.0;True;3
3;(85, 0);False;[4.004493704041886e-05, 0.9994913544008007];395;0;1.0;True;4
3;(85, 0);False;[3.118902112073921e-05, 0.9995553087597882];274;0;1.0;True;5
3;(85, 0);False;[3.533225393264662e-05, 0.9992857316680204];289;0;1.0;True;6
3;(85, 0);False;[3.1183667629934744e-05, 0.9993845438052331];355;0;1.0;True;7
3;(85, 0);False;[2.7511906441434164e-05, 0.9991087519005482];340;0;1.0;True;8
3;(85, 0);False;[2.1438558012654063e-05, 0.9996803828801888];263;0;1.0;True;9
3;(85, 1);False;[4.004573903483678e-05, 0.9995121952477934];352;0;1.0;True;0
3;(85, 1);False;[9.602232586330338e-05, 0.9990709123353504];510;0;1.0;True;1
3;(85, 1);False;[3.1181020965657824e-05, 0.9992991832473795];363;0;1.0;True;2
3;(85, 1);False;[5.823659681097583e-05, 0.9990040456313521];431;0;1.0;True;3
3;(85, 1);False;[8.478030680118037e-05, 0.9995529267134249];380;0;1.0;True;4
3;(85, 1);False;[2.4284289885524856e-05, 0.9993196589508595];324;0;1.0;True;5
3;(85, 1);False;[4.5355226246204275e-05, 0.9990152291583874];578;0;1.0;True;6
3;(85, 1);False;[5.135329461727483e-05, 0.9982201601252603];686;0;1.0;True;7
3;(85, 1);False;[5.140435122077903e-05, 0.9992126470262583];426;0;1.0;True;8
3;(85, 1);False;[5.820067432560747e-05, 0.998387556734803];421;0;1.0;True;9
3;(85, 2);False;[1.669665238275054e-05, 0.9996974192100633];312;0;1.0;True;0
3;(85, 2);False;[3.997480561963887e-05, 0.9977413288126008];357;0;1.0;True;1
3;(85, 2);False;[5.1393763341280126e-05, 0.9990065440940028];284;0;1.0;True;2
3;(85, 2);False;[2.7521589745211527e-05, 0.9994606306355447];304;0;1.0;True;3
3;(85, 2);False;[4.530896794953741e-05, 0.9979960625824544];559;0;1.0;True;4
3;(85, 2);False;[3.117260666068082e-05, 0.9990295062736593];408;0;1.0;True;5
3;(85, 2);False;[4.534956031115352e-05, 0.9988907971584637];453;0;1.0;True;6
3;(85, 2);False;[4.004749584063993e-05, 0.9995560233777132];322;0;1.0;True;7
3;(85, 2);False;[4.53597248971896e-05, 0.9991145827908785];453;0;1.0;True;8
3;(85, 2);False;[4.5367944738757434e-05, 0.9992953739064542];398;0;1.0;True;9
3;(85, 3);True;[0.9986810222665151, 0.0004874514387766467];468;0;1.0;True;0
3;(85, 3);True;[0.9986157531801166, 0.0005523187614595158];390;0;1.0;True;1
3;(85, 3);True;[0.9993322780676066, 0.00026108420660073947];377;0;1.0;True;2
3;(85, 3);True;[0.9993839485330059, 0.0002610976523692761];376;0;1.0;True;3
3;(85, 3);True;[0.9990414041903442, 0.00037976461950319385];341;0;1.0;True;4
3;(85, 3);True;[0.999164088544567, 0.0002610401392136404];363;0;1.0;True;5
3;(85, 3);True;[0.9976736906972926, 0.0016996568985345958];354;0;1.0;True;6
3;(85, 3);True;[0.9983715155940254, 0.0004300410755058012];344;0;1.0;True;7
3;(85, 3);True;[0.9991504025450513, 0.0003351776983910725];389;0;1.0;True;8
3;(85, 3);True;[0.998612305668529, 0.0005523169178998322];360;0;1.0;True;9
1;(86, 0);False;[4.5390924932260533e-05, 0.9998017942419198];318;0;1.0;True;0
1;(86, 0);False;[4.004726668768622e-05, 0.9995498300587302];383;0;1.0;True;1
1;(86, 0);False;[2.7522902108164782e-05, 0.9995080269738154];312;0;1.0;True;2
1;(86, 0);False;[3.119464327523202e-05, 0.999735901989869];390;0;1.0;True;3
1;(86, 0);False;[5.824198431858687e-05, 0.9990963763683208];424;0;1.0;True;4
1;(86, 0);False;[6.598945092734018e-05, 0.9989846535961693];522;0;1.0;True;5
1;(86, 0);False;[0.00020336089782658833, 0.9994721815998046];587;0;1.0;True;6
1;(86, 0);False;[7.480744203960506e-05, 0.9994072852964206];371;0;1.0;True;7
1;(86, 0);False;[5.8264595067457146e-05, 0.9994842091723022];360;0;1.0;True;8
1;(86, 0);False;[5.1421463098633464e-05, 0.9995454232884848];297;0;1.0;True;9
1;(86, 1);True;[0.8516502901650885, 0.14799462495211968];431;0;0.9;True;0
1;(86, 1);True;[0.902565010530669, 0.09512965718800154];597;0;0.9;True;1
1;(86, 1);True;[0.6213096167624851, 0.3768433317407535];632;0;0.9;True;2
1;(86, 1);False;[0.3206156940698195, 0.6787434499002228];524;0;0.1;False;3
1;(86, 1);True;[0.9322635400843586, 0.0675329503735181];402;0;0.9;True;4
1;(86, 1);True;[0.9516969402410231, 0.04738220362997853];414;0;0.9;True;5
1;(86, 1);True;[0.9766656917628955, 0.022968976295258032];461;0;0.9;True;6
1;(86, 1);True;[0.9522902865623131, 0.047411742662865644];303;0;0.9;True;7
1;(86, 1);True;[0.9393696969401637, 0.060051890238720124];447;0;0.9;True;8
1;(86, 1);True;[0.8920480018665133, 0.10653993355525444];327;0;0.9;True;9
1;(86, 2);False;[0.0008031080359039657, 0.9979807464225986];465;0;1.0;True;0
1;(86, 2);False;[7.47744893250796e-05, 0.9989666898067541];429;0;1.0;True;1
1;(86, 2);False;[6.60253321722446e-05, 0.9995276775687857];287;0;1.0;True;2
1;(86, 2);False;[0.00015835210265633754, 0.9993108494951929];505;0;1.0;True;3
1;(86, 2);False;[0.00012334285507219886, 0.9994578917588948];392;0;1.0;True;4
1;(86, 2);False;[5.140356685861108e-05, 0.9991977695151482];381;0;1.0;True;5
1;(86, 2);False;[7.465898429135228e-05, 0.9974237465188057];456;0;1.0;True;6
1;(86, 2);False;[6.601815436279151e-05, 0.9994189540860882];506;0;1.0;True;7
1;(86, 2);False;[9.601188699180341e-05, 0.9989618124051578];273;0;1.0;True;8
1;(86, 2);False;[6.600348635486427e-05, 0.999197174412332];518;0;1.0;True;9
1;(86, 3);False;[7.477570161357652e-05, 0.9989828690184577];493;0;1.0;True;0
1;(86, 3);False;[8.476163186122721e-05, 0.9993327542956396];373;0;1.0;True;1
1;(86, 3);False;[3.533582583227464e-05, 0.9993865678963391];415;0;1.0;True;2
1;(86, 3);False;[0.0001233312103595316, 0.9993635892495771];417;0;1.0;True;3
1;(86, 3);False;[7.481928573846871e-05, 0.9995655517431101];307;0;1.0;True;4
1;(86, 3);False;[7.479096386748174e-05, 0.999187177005552];484;0;1.0;True;5
1;(86, 3);False;[5.824265084901576e-05, 0.9991081569089049];402;0;1.0;True;6
1;(86, 3);False;[0.00013977576260599048, 0.9995291067365475];1190;0;1.0;True;7
1;(86, 3);False;[6.59511361960763e-05, 0.9984052619596564];716;0;1.0;True;8
1;(86, 3);False;[5.825776091820626e-05, 0.9993670419143387];487;0;1.0;True;9
3;(87, 0);False;[2.7466788913726983e-05, 0.9974703567964467];527;0;1.0;True;0
3;(87, 0);False;[2.4271115816517687e-05, 0.9987770987571003];495;0;1.0;True;1
3;(87, 0);False;[3.114794175680844e-05, 0.9982386909604741];613;0;1.0;True;2
3;(87, 0);False;[2.4283965657439534e-05, 0.9993060877366318];536;0;1.0;True;3
3;(87, 0);False;[2.7506528300466715e-05, 0.9989137540611757];560;0;1.0;True;4
3;(87, 0);False;[1.6690570840196585e-05, 0.9993334686090304];515;0;1.0;True;5
3;(87, 0);False;[1.4729447304152745e-05, 0.9993381116003462];577;0;1.0;True;6
3;(87, 0);False;[4.534796013708114e-05, 0.9988551149121397];536;0;1.0;True;7
3;(87, 0);False;[3.531386099885781e-05, 0.998765801624179];467;0;1.0;True;8
3;(87, 0);False;[1.8905014114439333e-05, 0.9989175605518842];520;0;1.0;True;9
3;(87, 1);False;[4.002134268033665e-05, 0.9989028107573695];527;0;1.0;True;0
3;(87, 1);False;[5.821249798246036e-05, 0.998590432528195];678;0;1.0;True;1
3;(87, 1);False;[3.532319101561111e-05, 0.9990292683190969];588;0;1.0;True;2
3;(87, 1);False;[5.137234916123328e-05, 0.9985900758694956];486;0;1.0;True;3
3;(87, 1);False;[3.117902868120495e-05, 0.9992354997107386];436;0;1.0;True;4
3;(87, 1);False;[0.00037973709544661096, 0.9989689501194888];594;0;1.0;True;5
3;(87, 1);False;[2.750269865572822e-05, 0.9987744825027128];754;0;1.0;True;6
3;(87, 1);False;[3.999429119229272e-05, 0.9982274060765398];536;0;1.0;True;7
3;(87, 1);False;[3.114779323220224e-05, 0.998234295781208];500;0;1.0;True;8
3;(87, 1);False;[4.5355139738058e-05, 0.9990136824768492];512;0;1.0;True;9
3;(87, 2);True;[0.4984354458844712, 0.4984354458844712];607;0;0.1;False;0
3;(87, 2);False;[4.528473362347513e-05, 0.9974630033557068];532;0;0.9;True;1
3;(87, 2);False;[0.00012324772998187963, 0.9986862537111992];492;0;0.9;True;2
3;(87, 2);False;[8.470975168047017e-05, 0.998720734822273];561;0;0.9;True;3
3;(87, 2);False;[0.0011665678659226115, 0.9963175267624722];556;0;0.9;True;4
3;(87, 2);False;[0.00048749862535703395, 0.9987775744298822];582;0;0.9;True;5
3;(87, 2);False;[8.446387496245791e-05, 0.995822194736835];585;0;0.9;True;6
3;(87, 2);False;[4.000264505933499e-05, 0.9984365150960519];487;0;0.9;True;7
3;(87, 2);False;[0.0002031538752835638, 0.9984541032102311];447;0;0.9;True;8
3;(87, 2);False;[0.0009098189115967693, 0.9977375313339847];724;0;0.9;True;9
3;(87, 3);True;[0.9980424888407733, 0.00042989940268831913];309;0;1.0;True;0
3;(87, 3);True;[0.998176924203222, 0.00029550512465000814];432;0;1.0;True;1
3;(87, 3);True;[0.9989427787883692, 0.00023031615065795293];385;0;1.0;True;2
3;(87, 3);True;[0.9986075505517756, 0.00033499554719717775];457;0;1.0;True;3
3;(87, 3);True;[0.9989340950515884, 0.00033510514561235424];417;0;1.0;True;4
3;(87, 3);True;[0.9992072910920871, 0.0003351965582930414];372;0;1.0;True;5
3;(87, 3);True;[0.9974959766325161, 0.00029530341352134685];411;0;1.0;True;6
3;(87, 3);True;[0.9974946718661826, 0.0002953031318982001];376;0;1.0;True;7
3;(87, 3);True;[0.9989706155857514, 0.00037973763866527187];299;0;1.0;True;8
3;(87, 3);True;[0.9989313590714691, 0.0003351041868702137];302;0;1.0;True;9
0;(88, 0);True;[0.9987254910593161, 0.00033503516464415895];507;0;1.0;True;0
0;(88, 0);True;[0.9986025577209914, 0.00033499394981773885];453;0;1.0;True;1
0;(88, 0);True;[0.9985021173543532, 0.0005522558205461215];449;0;1.0;True;2
0;(88, 0);True;[0.9983477518968799, 0.0007090009643594121];456;0;1.0;True;3
0;(88, 0);True;[0.9980181471723293, 0.0006254847289036481];475;0;1.0;True;4
0;(88, 0);True;[0.9986466628533158, 0.0002956440924304323];772;0;1.0;True;5
0;(88, 0);True;[0.9982497385517286, 0.0008033244327934912];511;0;1.0;True;6
0;(88, 0);True;[0.9986372707808026, 0.0007092065455857626];449;0;1.0;True;7
0;(88, 0);True;[0.9988376315953587, 0.0003350725499183415];471;0;1.0;True;8
0;(88, 0);True;[0.9977187815677725, 0.0005518225393897814];544;0;1.0;True;9
0;(88, 1);False;[4.0026228396338686e-05, 0.9990249851466665];601;0;1.0;True;0
0;(88, 1);False;[3.524293925125196e-05, 0.9967594595585179];498;0;1.0;True;1
0;(88, 1);False;[2.4282437211915166e-05, 0.9992434745517488];467;0;1.0;True;2
0;(88, 1);False;[2.4258295909581584e-05, 0.9982499760881949];486;0;1.0;True;3
0;(88, 1);False;[4.0037796179349944e-05, 0.9993134684924319];540;0;1.0;True;4
0;(88, 1);False;[5.13878821283576e-05, 0.9988921056115713];447;0;1.0;True;5
0;(88, 1);False;[3.528713085013726e-05, 0.9980098355927531];511;0;1.0;True;6
0;(88, 1);False;[3.1172517475265355e-05, 0.9990270077535814];497;0;1.0;True;7
0;(88, 1);False;[3.532986163575853e-05, 0.9992182410468168];416;0;1.0;True;8
0;(88, 1);False;[5.1387931135684325e-05, 0.9988935329112012];456;0;1.0;True;9
0;(88, 2);False;[3.1168920542858056e-05, 0.9989116129528667];458;0;1.0;True;0
0;(88, 2);False;[5.821222040430106e-05, 0.998586153097212];542;0;1.0;True;1
0;(88, 2);False;[8.47773153003177e-05, 0.999517197164605];449;0;1.0;True;2
0;(88, 2);False;[7.477591554888092e-05, 0.9989858432001175];492;0;1.0;True;3
0;(88, 2);False;[4.53748245931009e-05, 0.9994468174748747];599;0;1.0;True;4
0;(88, 2);False;[5.819046239576081e-05, 0.9982120827638525];450;0;1.0;True;5
0;(88, 2);False;[7.473107383330594e-05, 0.9983866061096438];539;0;1.0;True;6
0;(88, 2);False;[3.531891304853711e-05, 0.9989082823361427];576;0;1.0;True;7
0;(88, 2);False;[7.47975975002361e-05, 0.99927585150933];481;0;1.0;True;8
0;(88, 2);False;[0.00012326359865964866, 0.998815034925162];570;0;1.0;True;9
0;(88, 3);False;[0.00017941214221291432, 0.9991750375605783];436;0;1.0;True;0
0;(88, 3);False;[8.47318898037452e-05, 0.9989823932479032];570;0;1.0;True;1
0;(88, 3);False;[7.476742991784824e-05, 0.9988725988837951];391;0;1.0;True;2
0;(88, 3);False;[0.00012315326549353713, 0.9979211481988249];568;0;1.0;True;3
0;(88, 3);False;[9.605392410016919e-05, 0.9993990696510955];529;0;1.0;True;4
0;(88, 3);False;[0.00048727528491452455, 0.9983201874420282];506;0;1.0;True;5
0;(88, 3);False;[0.00010874987087218223, 0.9985408647004475];473;0;1.0;True;6
0;(88, 3);False;[6.599756971207348e-05, 0.9991080379222499];518;0;1.0;True;7
0;(88, 3);False;[6.597384552660241e-05, 0.9987490348127501];538;0;1.0;True;8
0;(88, 3);False;[9.589045832175748e-05, 0.9976987275852541];547;0;1.0;True;9
1;(89, 0);False;[3.530810254370577e-05, 0.9986025577209914];313;0;1.0;True;0
1;(89, 0);False;[0.0001088019467400046, 0.9990187983163136];431;0;1.0;True;1
1;(89, 0);False;[8.475896434848876e-05, 0.9993007307781012];294;0;1.0;True;2
1;(89, 0);False;[7.482106959051332e-05, 0.9995892543591239];310;0;1.0;True;3
1;(89, 0);False;[8.47817621640922e-05, 0.9995696013608177];312;0;1.0;True;4
1;(89, 0);False;[0.00017939246670537634, 0.9990659148617217];389;0;1.0;True;5
1;(89, 0);False;[5.8256094174139765e-05, 0.9993383496866398];274;0;1.0;True;6
1;(89, 0);False;[0.00015811593837626687, 0.997820370151859];390;0;1.0;True;7
1;(89, 0);False;[0.00015835935160624768, 0.9993564458651776];407;0;1.0;True;8
1;(89, 0);False;[0.00015826227342664192, 0.9987441595202649];407;0;1.0;True;9
1;(89, 1);True;[0.9984617090997043, 0.00033494667083572315];450;0;1.0;True;0
1;(89, 1);True;[0.9989141109517696, 0.0004302747017871221];422;0;1.0;True;1
1;(89, 1);True;[0.9990077337240185, 0.0005525355543029059];393;0;1.0;True;2
1;(89, 1);True;[0.9985615470736995, 0.0003795821287949504];391;0;1.0;True;3
1;(89, 1);True;[0.998932667577709, 0.0005524939276926095];220;0;1.0;True;4
1;(89, 1);True;[0.9983528609557033, 0.0002955569832790345];436;0;1.0;True;5
1;(89, 1);True;[0.9993358495797949, 0.0002610849535697148];298;0;1.0;True;6
1;(89, 1);True;[0.9989273145979014, 0.00033510290855162656];281;0;1.0;True;7
1;(89, 1);True;[0.9986822112763714, 0.00037962810529050767];382;0;1.0;True;8
1;(89, 1);True;[0.9987380951737715, 0.00043019900036078923];326;0;1.0;True;9
1;(89, 2);False;[4.0050895096768784e-05, 0.9996401175039297];248;0;1.0;True;0
1;(89, 2);False;[3.116853412026656e-05, 0.9988993613244783];392;0;1.0;True;1
1;(89, 2);False;[3.998517640582364e-05, 0.9980000994515309];347;0;1.0;True;2
1;(89, 2);False;[3.5301974693161387e-05, 0.9984297413905258];330;0;1.0;True;3
1;(89, 2);False;[3.533003010206841e-05, 0.9992233590970523];263;0;1.0;True;4
1;(89, 2);False;[2.7515343755356286e-05, 0.9992339523391977];360;0;1.0;True;5
1;(89, 2);False;[7.482791997760424e-05, 0.9996803828801888];889;0;1.0;True;6
1;(89, 2);False;[5.824242867135859e-05, 0.9991036350770442];413;0;1.0;True;7
1;(89, 2);False;[5.136299244784623e-05, 0.9984084703686191];299;0;1.0;True;8
1;(89, 2);False;[4.536392115652652e-05, 0.9992066959836];368;0;1.0;True;9
1;(89, 3);False;[5.823626357944929e-05, 0.9989982160257659];392;0;1.0;True;0
1;(89, 3);False;[5.824276193816217e-05, 0.9991098228980301];331;0;1.0;True;1
1;(89, 3);False;[9.600089993201674e-05, 0.9988473841632136];316;0;1.0;True;2
1;(89, 3);False;[0.0001087274713962435, 0.9983350388115005];338;0;1.0;True;3
1;(89, 3);False;[4.5381272699138896e-05, 0.999588658790412];313;0;1.0;True;4
1;(89, 3);False;[5.8242873027520463e-05, 0.9991118458511737];313;0;1.0;True;5
1;(89, 3);False;[5.139342025204046e-05, 0.998999881657119];258;0;1.0;True;6
1;(89, 3);False;[0.00029544144117672636, 0.9979618689370766];303;0;1.0;True;7
1;(89, 3);False;[4.535539926299182e-05, 0.9990190362683822];241;0;1.0;True;8
1;(89, 3);False;[7.48028049574805e-05, 0.9993448975763822];239;0;1.0;True;9
0;(90, 0);True;[0.9545651711547574, 0.04194067109523695];593;0;0.7;True;0
0;(90, 0);True;[0.9775615308403118, 0.015800809424378354];678;0;0.7;True;1
0;(90, 0);False;[0.34743181746424723, 0.6490881271495758];551;0;0.3;False;2
0;(90, 0);True;[0.9909128022358044, 0.005892183891159154];448;0;0.7;True;3
0;(90, 0);False;[0.11839805389168563, 0.8748499404275559];722;0;0.3;False;4
0;(90, 0);True;[0.9912786090964201, 0.005894358932367863];519;0;0.7;True;5
0;(90, 0);True;[0.9897184343751673, 0.00666866913754392];572;0;0.7;True;6
0;(90, 0);True;[0.9302550063837012, 0.0673874406174244];526;0;0.7;True;7
0;(90, 0);True;[0.9911846733165882, 0.003574770183669741];595;0;0.7;True;8
0;(90, 0);False;[0.13273424353612076, 0.8655359286854356];759;0;0.3;False;9
0;(90, 1);False;[2.4115446123972385e-05, 0.9923710790015006];638;0;1.0;True;0
0;(90, 1);False;[2.7474988975692784e-05, 0.9977679117999267];525;0;1.0;True;1
0;(90, 1);False;[1.2953868891337418e-05, 0.9958921830463872];693;0;1.0;True;2
0;(90, 1);False;[3.5278281370787736e-05, 0.9977598418149505];651;0;1.0;True;3
0;(90, 1);False;[3.110222964498854e-05, 0.9967740275488455];586;0;1.0;True;4
0;(90, 1);False;[0.0004285585953048148, 0.9949299963710563];701;0;1.0;True;5
0;(90, 1);False;[3.524317452403926e-05, 0.9967662104444057];513;0;1.0;True;6
0;(90, 1);False;[4.518719326996252e-05, 0.9953143643663409];669;0;1.0;True;7
0;(90, 1);False;[5.1203602825673484e-05, 0.9953101128791767];681;0;1.0;True;8
0;(90, 1);False;[2.137639206980199e-05, 0.9967818447145905];541;0;1.0;True;9
0;(90, 2);False;[0.00010832496554085189, 0.9946399102395928];643;0;1.0;True;0
0;(90, 2);False;[3.105726583778691e-05, 0.9953334960515708];670;0;1.0;True;1
0;(90, 2);False;[5.123110237632278e-05, 0.9958453654960328];565;0;1.0;True;2
0;(90, 2);False;[3.110211099962445e-05, 0.9967707111377586];773;0;1.0;True;3
0;(90, 2);False;[4.5211720333608006e-05, 0.9958544684914798];538;0;1.0;True;4
0;(90, 2);False;[3.9918347321456704e-05, 0.9963320817984505];578;0;1.0;True;5
0;(90, 2);False;[5.125597702651109e-05, 0.9963284135585966];600;0;1.0;True;6
0;(90, 2);False;[8.462400089566121e-05, 0.9977096445731372];724;0;1.0;True;7
0;(90, 2);False;[8.441676575327508e-05, 0.9952671285969904];584;0;1.0;True;8
0;(90, 2);False;[2.134554976142589e-05, 0.995343534794788];576;0;1.0;True;9
0;(90, 3);False;[0.0001580857830303074, 0.9976300273588794];580;0;1.0;True;0
0;(90, 3);False;[0.00020259376391855536, 0.9957017481210483];710;0;1.0;True;1
0;(90, 3);False;[2.7474962773513946e-05, 0.9977673184779493];529;0;1.0;True;2
0;(90, 3);False;[6.588726490537371e-05, 0.9974377410779977];620;0;1.0;True;3
0;(90, 3);False;[0.059902958603251004, 0.937039909259944];643;0;1.0;True;4
0;(90, 3);False;[4.529747554753652e-05, 0.9977433461491395];585;0;1.0;True;5
0;(90, 3);False;[6.581297302526857e-05, 0.9963130299711488];573;0;1.0;True;6
0;(90, 3);False;[5.812673385099405e-05, 0.9971190484166587];630;0;1.0;True;7
0;(90, 3);False;[5.134183590543964e-05, 0.997997368701722];579;0;1.0;True;8
0;(90, 3);False;[5.135378436279151e-05, 0.9982294254417625];746;0;1.0;True;9
3;(91, 0);False;[3.118738523438059e-05, 0.9995030251610733];346;0;1.0;True;0
3;(91, 0);False;[2.429485282456155e-05, 0.9997538934033633];368;0;1.0;True;1
3;(91, 0);False;[2.7521511005424305e-05, 0.9994575345576673];366;0;1.0;True;2
3;(91, 0);False;[2.750949270665558e-05, 0.9990207019344488];438;0;1.0;True;3
3;(91, 0);False;[3.534199326356322e-05, 0.9995611448744606];406;0;1.0;True;4
3;(91, 0);False;[3.5344352674904816e-05, 0.9996280861642202];376;0;1.0;True;5
3;(91, 0);False;[2.1424659646209218e-05, 0.9990325996881274];372;0;1.0;True;6
3;(91, 0);False;[2.4291493497147317e-05, 0.9996154595591916];317;0;1.0;True;7
3;(91, 0);False;[2.7522954603984556e-05, 0.999510051547733];325;0;1.0;True;8
3;(91, 0);False;[3.118765291900401e-05, 0.999511599754084];408;0;1.0;True;9
3;(91, 1);False;[2.7526760817708415e-05, 0.9996483371091738];400;0;1.0;True;0
3;(91, 1);False;[1.8911199150638074e-05, 0.9992437126154957];356;0;1.0;True;1
3;(91, 1);False;[4.004337128808376e-05, 0.9994527713438601];470;0;1.0;True;2
3;(91, 1);False;[2.428426672623234e-05, 0.9993181113326575];318;0;1.0;True;3
3;(91, 1);False;[3.117867186758029e-05, 0.9992239542154635];457;0;1.0;True;4
3;(91, 1);False;[2.751274605099972e-05, 0.9991393350412399];464;0;1.0;True;5
3;(91, 1);False;[0.0001088469886046816, 0.9994331237049913];462;0;1.0;True;6
3;(91, 1);False;[3.532322470244722e-05, 0.9990306960473211];358;0;1.0;True;7
3;(91, 1);False;[0.0002033432500464402, 0.9993850200581732];409;0;1.0;True;8
3;(91, 1);False;[3.533791522395641e-05, 0.9994457457670984];424;0;1.0;True;9
3;(91, 2);False;[3.533316372186388e-05, 0.9993120399529204];342;0;1.0;True;0
3;(91, 2);False;[4.5368204336962264e-05, 0.9993010879232876];355;0;1.0;True;1
3;(91, 2);False;[3.118928881940361e-05, 0.9995638842667907];321;0;1.0;True;2
3;(91, 2);False;[4.531851836572161e-05, 0.9982069751226993];378;0;1.0;True;3
3;(91, 2);False;[2.4279890016485254e-05, 0.9991386210410864];391;0;1.0;True;4
3;(91, 2);False;[2.4289153826309974e-05, 0.9995196981614873];350;0;1.0;True;5
3;(91, 2);False;[2.1419307092256483e-05, 0.9987830446250203];576;0;1.0;True;6
3;(91, 2);False;[3.52947707787677e-05, 0.9982259806583961];525;0;1.0;True;7
3;(91, 2);False;[3.5333062633016214e-05, 0.9993088257319442];343;0;1.0;True;8
3;(91, 2);False;[5.1393714328391374e-05, 0.9990061871703845];488;0;1.0;True;9
3;(91, 3);True;[0.998348464808862, 0.0007090016405157445];392;0;1.0;True;0
3;(91, 3);True;[0.9991916996226384, 0.00029580541078382265];454;0;1.0;True;1
3;(91, 3);True;[0.99877376905397, 0.0004874967657009078];363;0;1.0;True;2
3;(91, 3);True;[0.9983880319896081, 0.0005521928868053217];413;0;1.0;True;3
3;(91, 3);True;[0.9987064664795767, 0.000552369066677027];501;0;1.0;True;4
3;(91, 3);True;[0.998793747439261, 0.0003796704665179292];328;0;1.0;True;5
3;(91, 3);True;[0.9983686638833098, 0.00043003984515017506];473;0;1.0;True;6
3;(91, 3);True;[0.9989158951740741, 0.0006260471911167847];308;0;1.0;True;7
3;(91, 3);True;[0.9986164663997306, 0.0005523192881919843];435;0;1.0;True;8
3;(91, 3);True;[0.998508773100584, 0.0005522595072637722];345;0;1.0;True;9
1;(92, 0);False;[4.000924546647265e-05, 0.9986005367871751];302;0;1.0;True;0
1;(92, 0);False;[3.117233910519991e-05, 0.99902129681586];351;0;1.0;True;1
1;(92, 0);False;[4.0015007405599045e-05, 0.9987443974069183];405;0;1.0;True;2
1;(92, 0);False;[3.532642509837774e-05, 0.9991208897259954];355;0;1.0;True;3
1;(92, 0);False;[3.532982794259296e-05, 0.9992171698749537];391;0;1.0;True;4
1;(92, 0);False;[3.1187533947776616e-05, 0.9995077887889182];398;0;1.0;True;5
1;(92, 0);False;[3.117236883347328e-05, 0.9990218916976255];363;0;1.0;True;6
1;(92, 0);False;[4.0039743560620316e-05, 0.9993623986722695];321;0;1.0;True;7
1;(92, 0);False;[2.429014989624662e-05, 0.9995606684503158];961;0;1.0;True;8
1;(92, 0);False;[4.0020655674354085e-05, 0.9988854446355983];357;0;1.0;True;9
1;(92, 1);True;[0.9976548248270543, 0.0008028457567896682];351;0;1.0;True;0
1;(92, 1);True;[0.9979133132690995, 0.0005519301698468601];444;0;1.0;True;1
1;(92, 1);True;[0.9944322703637359, 0.001919705891309851];252;0;1.0;True;2
1;(92, 1);True;[0.9989224375048423, 0.0007094091419619585];382;0;1.0;True;3
1;(92, 1);True;[0.9975530326815865, 0.0007084365988281019];392;0;1.0;True;4
1;(92, 1);True;[0.9972281017278607, 0.0010304335230804885];363;0;1.0;True;5
1;(92, 1);True;[0.9984542221190071, 0.0007090766978770681];400;0;1.0;True;6
1;(92, 1);True;[0.9982536587241337, 0.0008033274972388533];356;0;1.0;True;7
1;(92, 1);True;[0.9987352413695592, 0.0004301977695533372];385;0;1.0;True;8
1;(92, 1);True;[0.9984491119602953, 0.000709072978631529];349;0;1.0;True;9
1;(92, 2);False;[4.5364094206482575e-05, 0.9992107426934044];393;0;1.0;True;0
1;(92, 2);False;[4.0009283622280666e-05, 0.9986023199843748];359;0;1.0;True;1
1;(92, 2);False;[5.139910602638401e-05, 0.9991107748515233];289;0;1.0;True;2
1;(92, 2);False;[5.8162111487444375e-05, 0.9977263763967313];388;0;1.0;True;3
1;(92, 2);False;[5.137230016876667e-05, 0.9985898381358504];396;0;1.0;True;4
1;(92, 2);False;[5.817708969796345e-05, 0.9979834771269251];470;0;1.0;True;5
1;(92, 2);False;[3.533801632668747e-05, 0.9994488417502814];333;0;1.0;True;6
1;(92, 2);False;[4.5297518746596145e-05, 0.9977445327649369];436;0;1.0;True;7
1;(92, 2);False;[6.595075882172761e-05, 0.9983987263867099];347;0;1.0;True;8
1;(92, 2);False;[5.134159108907203e-05, 0.997992500680049];404;0;1.0;True;9
1;(92, 3);False;[0.4067560430639607, 0.5918265505021342];440;0;1.0;True;0
1;(92, 3);False;[5.1399400135269286e-05, 0.9991158917697491];413;0;1.0;True;1
1;(92, 3);False;[5.140846931852334e-05, 0.9992923978725956];442;0;1.0;True;2
1;(92, 3);False;[5.812606864712234e-05, 0.997108144391513];459;0;1.0;True;3
1;(92, 3);False;[8.469456536516289e-05, 0.9985421722301939];341;0;1.0;True;4
1;(92, 3);False;[5.816161228017952e-05, 0.997717832392442];513;0;1.0;True;5
1;(92, 3);False;[0.00012324596692157047, 0.9986722240793665];453;0;1.0;True;6
1;(92, 3);False;[0.00012331274574607667, 0.999213480136672];361;0;1.0;True;7
1;(92, 3);False;[5.135295179819214e-05, 0.9982137458062033];476;0;1.0;True;8
1;(92, 3);False;[7.473093129523037e-05, 0.9983851802317157];497;0;1.0;True;9
1;(93, 0);False;[3.113306311050863e-05, 0.997762334029725];539;0;1.0;True;0
1;(93, 0);False;[2.4280098413347222e-05, 0.9991467133441065];456;0;1.0;True;1
1;(93, 0);False;[2.1419266238209348e-05, 0.9987813798202932];537;0;1.0;True;2
1;(93, 0);False;[5.1313444991761316e-05, 0.997445212772757];504;0;1.0;True;3
1;(93, 0);False;[2.750986000046065e-05, 0.9990348603244475];436;0;1.0;True;4
1;(93, 0);False;[3.117266611776622e-05, 0.9990316478672708];458;0;1.0;True;5
1;(93, 0);False;[0.00020302798159606882, 0.9978353253703247];487;0;1.0;True;6
1;(93, 0);False;[7.479766883281779e-05, 0.9992765657238815];405;0;1.0;True;7
1;(93, 0);False;[4.0009436245876604e-05, 0.9986060051989262];386;0;1.0;True;8
1;(93, 0);False;[3.53302659562518e-05, 0.9992296674167761];456;0;1.0;True;9
1;(93, 1);True;[0.9958667639277698, 0.001922475101918178];472;0;1.0;True;0
1;(93, 1);True;[0.9974394015529893, 0.001030651705128787];518;0;1.0;True;1
1;(93, 1);True;[0.9967691715284124, 0.0016981152935298515];399;0;1.0;True;2
1;(93, 1);True;[0.9969502996519354, 0.001322734436855456];539;0;1.0;True;3
1;(93, 1);True;[0.9961793329477251, 0.0013217111598137394];447;0;1.0;True;4
1;(93, 1);True;[0.9963464008914195, 0.0019234011995471053];439;0;1.0;True;5
1;(93, 1);True;[0.9961794512376806, 0.0013217111598137394];550;0;1.0;True;6
1;(93, 1);True;[0.994407750720001, 0.004063916635569206];350;0;1.0;True;7
1;(93, 1);True;[0.9943924268863743, 0.0014950085686660885];496;0;1.0;True;8
1;(93, 1);True;[0.997240312425483, 0.0010304462982334945];496;0;1.0;True;9
1;(93, 2);False;[0.4672283567119085, 0.5294390896370544];459;0;0.4;True;0
1;(93, 2);True;[0.5606342898660415, 0.43662242396435413];483;0;0.6;False;1
1;(93, 2);True;[0.8334478014733567, 0.1641156003378582];516;0;0.6;False;2
1;(93, 2);True;[0.8163778347914028, 0.1821585170186341];549;0;0.6;False;3
1;(93, 2);True;[0.8172893419595921, 0.18236190447645273];686;0;0.6;False;4
1;(93, 2);False;[0.24468922520807138, 0.7536958742346];729;0;0.4;True;5
1;(93, 2);False;[0.0006259698785470162, 0.9987924393475427];646;0;0.4;True;6
1;(93, 2);False;[0.20126151854437133, 0.7960046997689123];489;0;0.4;True;7
1;(93, 2);True;[0.752787524231117, 0.2443943271382156];668;0;0.6;False;8
1;(93, 2);True;[0.7527807040778001, 0.24439211295861352];537;0;0.6;False;9
1;(93, 3);False;[2.7488040766071788e-05, 0.998242492322131];442;0;1.0;True;0
1;(93, 3);False;[3.1168771918217447e-05, 0.9989069739781332];449;0;1.0;True;1
1;(93, 3);False;[4.0026113880544486e-05, 0.9990221296504307];510;0;1.0;True;2
1;(93, 3);False;[8.469601925621281e-05, 0.9985594075340571];406;0;1.0;True;3
1;(93, 3);False;[2.1391299516321507e-05, 0.9974767618098953];470;0;1.0;True;4
1;(93, 3);False;[3.982583256686417e-05, 0.9940227867155516];510;0;1.0;True;5
1;(93, 3);False;[5.1230955803172844e-05, 0.9958417006711809];481;0;1.0;True;6
1;(93, 3);False;[5.81900184394588e-05, 0.9982050746819967];611;0;1.0;True;7
1;(93, 3);False;[5.1296515820142484e-05, 0.9971160851324832];508;0;1.0;True;8
1;(93, 3);False;[3.529453516153939e-05, 0.9982188534820008];368;0;1.0;True;9
1;(94, 0);False;[1.6693706856416147e-05, 0.9995213654768257];371;0;1.0;True;0
1;(94, 0);False;[3.532271940327884e-05, 0.9990164189150462];716;0;1.0;True;1
1;(94, 0);False;[2.1429053008344365e-05, 0.9992371660866947];456;0;1.0;True;2
1;(94, 0);False;[1.8915528076006745e-05, 0.9994725388644436];429;0;1.0;True;3
1;(94, 0);False;[2.1432650105612634e-05, 0.9994047849007691];546;0;1.0;True;4
1;(94, 0);False;[2.749847617250814e-05, 0.9986209839341339];371;0;1.0;True;5
1;(94, 0);False;[2.4277505157543747e-05, 0.9990404523610992];339;0;1.0;True;6
1;(94, 0);False;[1.8907376090638684e-05, 0.9990417611846967];408;0;1.0;True;7
1;(94, 0);False;[2.1432568346696824e-05, 0.9994016891122335];369;0;1.0;True;8
1;(94, 0);False;[1.8916664583106283e-05, 0.999532679650347];380;0;1.0;True;9
1;(94, 1);True;[0.9973578116357454, 0.0016991188385678928];540;0;1.0;True;0
1;(94, 1);True;[0.9976103326303217, 0.0013236101783829818];523;0;1.0;True;1
1;(94, 1);True;[0.9958744485366054, 0.00316964977534031];491;0;1.0;True;2
1;(94, 1);True;[0.9950885003500679, 0.0040666983681463134];482;0;1.0;True;3
1;(94, 1);True;[0.996169277657037, 0.0031705884979362246];508;0;1.0;True;4
1;(94, 1);True;[0.9956661749252631, 0.0035909336780789412];483;0;1.0;True;5
1;(94, 1);True;[0.9973586415741492, 0.0016991196487710844];452;0;1.0;True;6
1;(94, 1);True;[0.9968798068920138, 0.0019244305162304269];523;0;1.0;True;7
1;(94, 1);True;[0.9963607201901797, 0.002798572265818433];497;0;1.0;True;8
1;(94, 1);True;[0.9978909958713301, 0.001168409992800282];447;0;1.0;True;9
1;(94, 2);False;[3.9917395605237246e-05, 0.9963084151268093];487;0;1.0;True;0
1;(94, 2);False;[2.428220563765231e-05, 0.9992332381551032];376;0;1.0;True;1
1;(94, 2);False;[2.751531751469215e-05, 0.9992327620908201];366;0;1.0;True;2
1;(94, 2);False;[3.116883136798865e-05, 0.9989088771506119];342;0;1.0;True;3
1;(94, 2);False;[2.427718102004371e-05, 0.9990265318457037];393;0;1.0;True;4
1;(94, 2);False;[2.1429134753850196e-05, 0.9992415701019792];440;0;1.0;True;5
1;(94, 2);False;[2.140783016995176e-05, 0.9982479566813992];572;0;1.0;True;6
1;(94, 2);False;[3.1185868398245376e-05, 0.999454914775629];375;0;1.0;True;7
1;(94, 2);False;[2.4289176990263192e-05, 0.9995201745370145];407;0;1.0;True;8
1;(94, 2);False;[1.8918306325026028e-05, 0.9996193904479123];402;0;1.0;True;9
1;(94, 3);False;[5.137259412426716e-05, 0.9985956629170788];463;0;1.0;True;0
1;(94, 3);False;[6.60313772486604e-05, 0.9996195095536512];382;0;1.0;True;1
1;(94, 3);False;[5.139405741959422e-05, 0.9990127306740159];443;0;1.0;True;2
1;(94, 3);False;[8.472065842701639e-05, 0.9988496438571571];355;0;1.0;True;3
1;(94, 3);False;[5.823670788857507e-05, 0.9990059492213764];458;0;1.0;True;4
1;(94, 3);False;[8.478531982305366e-05, 0.9996117669246398];1317;0;1.0;True;5
1;(94, 3);False;[8.472130479681018e-05, 0.9988571368262917];504;0;1.0;True;6
1;(94, 3);False;[5.824870551640868e-05, 0.9992120519145813];331;0;1.0;True;7
1;(94, 3);False;[9.606839864800205e-05, 0.9995500682536459];484;0;1.0;True;8
1;(94, 3);False;[9.601225324878476e-05, 0.998965976104418];447;0;1.0;True;9
1;(95, 0);False;[0.00048719513042583365, 0.9981560201838237];630;0;1.0;True;0
1;(95, 0);False;[4.0030389359076476e-05, 0.9991288627799557];790;0;1.0;True;1
1;(95, 0);False;[0.0001087662585962914, 0.9986914851832875];711;0;1.0;True;2
1;(95, 0);False;[6.596214389793238e-05, 0.9985712942721611];610;0;1.0;True;3
1;(95, 0);False;[9.603963491409639e-05, 0.9992510925034521];716;0;1.0;True;4
1;(95, 0);False;[0.0031705552373136815, 0.9961586310302191];668;0;1.0;True;5
1;(95, 0);False;[0.00048726877913101606, 0.9983068809486118];572;0;1.0;True;6
1;(95, 0);False;[7.482470878056507e-05, 0.9996372585620616];577;0;1.0;True;7
1;(95, 0);False;[0.00017945937223601995, 0.999438005792924];569;0;1.0;True;8
1;(95, 0);False;[0.00037962846733225413, 0.9986832812353117];1142;0;1.0;True;9
1;(95, 1);True;[0.9989069739781332, 0.0008038536058794672];975;0;1.0;True;0
1;(95, 1);True;[0.9986358441961102, 0.0006258716844548895];653;0;1.0;True;1
1;(95, 1);True;[0.99783781800597, 0.0013239119008018555];646;0;1.0;True;2
1;(95, 1);True;[0.9976270611624843, 0.0011681013772846922];557;0;1.0;True;3
1;(95, 1);True;[0.9972295243279682, 0.0010304349971285215];658;0;1.0;True;4
1;(95, 1);True;[0.9981076831602622, 0.001031342427987375];645;0;1.0;True;5
1;(95, 1);True;[0.9977660128920682, 0.001030989388667885];559;0;1.0;True;6
1;(95, 1);True;[0.9978423284168408, 0.0006253743845245169];465;0;1.0;True;7
1;(95, 1);True;[0.9976674019568113, 0.0008028557103452867];560;0;1.0;True;8
1;(95, 1);True;[0.9984541032102311, 0.0007090766978770681];634;0;1.0;True;9
1;(95, 2);False;[9.597197335564089e-05, 0.9985470456067245];522;0;1.0;True;0
1;(95, 2);False;[4.536028725993585e-05, 0.999127196759082];649;0;1.0;True;1
1;(95, 2);False;[5.823659681097583e-05, 0.9990039266570961];620;0;1.0;True;2
1;(95, 2);False;[4.5377377760414214e-05, 0.999503501528654];847;0;1.0;True;3
1;(95, 2);False;[6.599052078756925e-05, 0.9990013092270472];839;0;1.0;True;4
1;(95, 2);False;[4.003435985521193e-05, 0.9992278819942348];561;0;1.0;True;5
1;(95, 2);False;[6.59824028699694e-05, 0.9988785460179501];842;0;1.0;True;6
1;(95, 2);False;[5.139979228306751e-05, 0.9991238647256686];638;0;1.0;True;7
1;(95, 2);False;[4.003054206318456e-05, 0.999132789894153];448;0;1.0;True;8
1;(95, 2);False;[5.826159461053213e-05, 0.9994325283456534];686;0;1.0;True;9
1;(95, 3);False;[6.598152191572909e-05, 0.9988647489255856];494;0;1.0;True;0
1;(95, 3);False;[4.003428349580321e-05, 0.9992258585734964];534;0;1.0;True;1
1;(95, 3);False;[4.0058916957118005e-05, 0.9998407617436356];947;0;1.0;True;2
1;(95, 3);False;[5.8229155094431636e-05, 0.998876167183296];654;0;1.0;True;3
1;(95, 3);False;[3.532679568926894e-05, 0.9991312428561352];454;0;1.0;True;4
1;(95, 3);False;[4.0037452533663594e-05, 0.9993048972859949];546;0;1.0;True;5
1;(95, 3);False;[5.13936163027541e-05, 0.9990036887086264];475;0;1.0;True;6
1;(95, 3);False;[5.1408714453791965e-05, 0.9992971595077569];439;0;1.0;True;7
1;(95, 3);False;[5.140856737249052e-05, 0.9992948977544013];749;0;1.0;True;8
1;(95, 3);False;[5.134149316285185e-05, 0.997990957092264];511;0;1.0;True;9
1;(96, 0);False;[3.116455127427757e-05, 0.9987713907013873];486;0;1.0;True;0
1;(96, 0);False;[2.142929824579737e-05, 0.9992490689775487];658;0;1.0;True;1
1;(96, 0);False;[2.7519700052493078e-05, 0.9993921638795098];436;0;1.0;True;2
1;(96, 0);False;[2.4295362556206344e-05, 0.9997753409763884];1186;0;1.0;True;3
1;(96, 0);False;[2.428236773940442e-05, 0.9992401417815749];473;0;1.0;True;4
1;(96, 0);False;[3.1181704913552475e-05, 0.9993208494190816];395;0;1.0;True;5
1;(96, 0);False;[3.118387580406997e-05, 0.9993912113670478];442;0;1.0;True;6
1;(96, 0);False;[4.002115184415853e-05, 0.9988978149386144];471;0;1.0;True;7
1;(96, 0);False;[2.7517653031800924e-05, 0.9993171589489422];466;0;1.0;True;8
1;(96, 0);False;[2.428255299987477e-05, 0.999247402523579];467;0;1.0;True;9
1;(96, 1);True;[0.9991918186774176, 0.00029580541078382265];325;0;1.0;True;0
1;(96, 1);True;[0.9990002385784845, 0.00048760719507831823];472;0;1.0;True;1
1;(96, 1);True;[0.9977648262507246, 0.0007085869397362228];463;0;1.0;True;2
1;(96, 1);True;[0.9989728759073687, 0.0003797385440314336];400;0;1.0;True;3
1;(96, 1);True;[0.9989963124504772, 0.0004876053350080323];360;0;1.0;True;4
1;(96, 1);True;[0.998790298731813, 0.0006259686846053627];462;0;1.0;True;5
1;(96, 1);True;[0.9987095578473922, 0.000552370647019864];520;0;1.0;True;6
1;(96, 1);True;[0.9982144585062852, 0.0004299734111734069];524;0;1.0;True;7
1;(96, 1);True;[0.9996577480879734, 0.00017949874008608665];1115;0;1.0;True;8
1;(96, 1);True;[0.9994420543703182, 0.00037991694327031483];409;0;1.0;True;9
1;(96, 2);False;[5.14160200212525e-05, 0.9994389584081604];439;0;1.0;True;0
1;(96, 2);False;[7.473143017968429e-05, 0.9983917155997604];691;0;1.0;True;1
1;(96, 2);False;[5.1387686099518054e-05, 0.9988885372551333];502;0;1.0;True;2
1;(96, 2);False;[0.00012294602670145843, 0.9962422726105993];406;0;1.0;True;3
1;(96, 2);False;[0.24488432841269278, 0.754296879372349];659;0;1.0;True;4
1;(96, 2);False;[5.825326081866364e-05, 0.9992901361300172];444;0;1.0;True;5
1;(96, 2);False;[9.598689325424356e-05, 0.9987017104493987];517;0;1.0;True;6
1;(96, 2);False;[6.596271005798449e-05, 0.9985798529088615];322;0;1.0;True;7
1;(96, 2);False;[6.599744383181917e-05, 0.9991055390313017];353;0;1.0;True;8
1;(96, 2);False;[0.00012315397018419096, 0.9979269652458389];389;0;1.0;True;9
1;(96, 3);False;[4.537980123855158e-05, 0.999556976221802];444;0;1.0;True;0
1;(96, 3);False;[6.600902582032247e-05, 0.9992807320146894];709;0;1.0;True;1
1;(96, 3);False;[5.139391038022683e-05, 0.9990091614214673];412;0;1.0;True;2
1;(96, 3);False;[2.7519988747149827e-05, 0.9994022844532005];539;0;1.0;True;3
1;(96, 3);False;[3.118946728645637e-05, 0.9995700777892202];399;0;1.0;True;4
1;(96, 3);False;[7.481065249562021e-05, 0.9994502707180568];399;0;1.0;True;5
1;(96, 3);False;[4.003050388710293e-05, 0.9991318378615267];368;0;1.0;True;6
1;(96, 3);False;[2.7512903480645824e-05, 0.999144690262207];549;0;1.0;True;7
1;(96, 3);False;[3.116478904184164e-05, 0.9987786446072651];501;0;1.0;True;8
1;(96, 3);False;[4.003435985521193e-05, 0.9992281200542669];457;0;1.0;True;9
0;(97, 0);True;[0.9969632144604136, 0.0014988737782220055];342;0;1.0;True;0
0;(97, 0);True;[0.9979847832297215, 0.0015004097805053223];319;0;1.0;True;1
0;(97, 0);True;[0.9975518465258004, 0.0014997588612059298];413;0;1.0;True;2
0;(97, 0);True;[0.9956618023159138, 0.0014969167277033592];308;0;1.0;True;3
0;(97, 0);True;[0.9977388366502932, 0.0009098202131040931];457;0;1.0;True;4
0;(97, 0);True;[0.9976141291602578, 0.001030832084173497];322;0;1.0;True;5
0;(97, 0);True;[0.9980921259293212, 0.0011686456873396733];321;0;1.0;True;6
0;(97, 0);True;[0.9976105700146394, 0.0010308286434059482];356;0;1.0;True;7
0;(97, 0);True;[0.9967176526137237, 0.0019241176264366117];314;0;1.0;True;8
0;(97, 0);True;[0.9977674371887787, 0.0011682657021136237];332;0;1.0;True;9
0;(97, 1);False;[3.5335556242346684e-05, 0.999379424173175];399;0;1.0;True;0
0;(97, 1);False;[1.889953402403406e-05, 0.9986274035438978];426;0;1.0;True;1
0;(97, 1);False;[4.5371103284491375e-05, 0.9993654941645853];377;0;1.0;True;2
0;(97, 1);False;[2.428433620417614e-05, 0.9993210875012625];379;0;1.0;True;3
0;(97, 1);False;[3.1181348069300946e-05, 0.9993102542668609];519;0;1.0;True;4
0;(97, 1);False;[3.531382732095162e-05, 0.9987644935690606];444;0;1.0;True;5
0;(97, 1);False;[1.8907376090638684e-05, 0.9990417611846967];431;0;1.0;True;6
0;(97, 1);False;[4.5368074537674166e-05, 0.9992984689584956];353;0;1.0;True;7
0;(97, 1);False;[3.1154210140791114e-05, 0.9984399614195887];574;0;1.0;True;8
0;(97, 1);False;[3.117263638920934e-05, 0.9990303391150738];385;0;1.0;True;9
0;(97, 2);False;[9.598652709400273e-05, 0.9986977867735249];494;0;1.0;True;0
0;(97, 2);False;[3.1159707155156234e-05, 0.998615872108144];525;0;1.0;True;1
0;(97, 2);False;[4.000913099926694e-05, 0.9985981593121142];519;0;1.0;True;2
0;(97, 2);False;[2.7506659462127298e-05, 0.9989182742196302];470;0;1.0;True;3
0;(97, 2);False;[4.5349646808657865e-05, 0.9988925813391258];441;0;1.0;True;4
0;(97, 2);False;[4.533598224902397e-05, 0.9985917401228477];400;0;1.0;True;5
0;(97, 2);False;[7.47754163674561e-05, 0.99897882422004];411;0;1.0;True;6
0;(97, 2);False;[4.001531269704231e-05, 0.9987527211500845];432;0;1.0;True;7
0;(97, 2);False;[5.140239033779971e-05, 0.9991746805186013];389;0;1.0;True;8
0;(97, 2);False;[2.75126935746512e-05, 0.9991370739940398];381;0;1.0;True;9
0;(97, 3);False;[4.536435378265442e-05, 0.9992164557028542];426;0;1.0;True;0
0;(97, 3);False;[2.1434060496004194e-05, 0.9994712288947245];461;0;1.0;True;1
0;(97, 3);False;[0.0001231806339429068, 0.998143193224613];533;0;1.0;True;2
0;(97, 3);False;[3.118164543922696e-05, 0.9993193017990358];411;0;1.0;True;3
0;(97, 3);False;[2.4287926168400974e-05, 0.9994688472523511];340;0;1.0;True;4
0;(97, 3);False;[6.59728388532902e-05, 0.9987336955865714];427;0;1.0;True;5
0;(97, 3);False;[6.599014318786076e-05, 0.9989954797537273];436;0;1.0;True;6
0;(97, 3);False;[0.00023035722823441118, 0.9991211277605373];406;0;1.0;True;7
0;(97, 3);False;[4.002634291246051e-05, 0.9990279595700171];356;0;1.0;True;8
0;(97, 3);False;[4.536461336031158e-05, 0.9992225259202394];363;0;1.0;True;9
0;(98, 0);True;[0.9985706998912082, 0.00048739751684884306];375;0;1.0;True;0
0;(98, 0);True;[0.9991212467487511, 0.000295784535970723];500;0;1.0;True;1
0;(98, 0);True;[0.9989714483780716, 0.00037973800081147753];460;0;1.0;True;2
0;(98, 0);True;[0.9992097904701768, 0.00033519751729945904];383;0;1.0;True;3
0;(98, 0);True;[0.9988398912672389, 0.00033507350856996784];810;0;1.0;True;4
0;(98, 0);True;[0.9988754535456329, 0.0002957117677376207];544;0;1.0;True;5
0;(98, 0);True;[0.9993650179209501, 0.0003798875967242805];345;0;1.0;True;6
0;(98, 0);True;[0.9984228490583643, 0.0003795294617797548];477;0;1.0;True;7
0;(98, 0);True;[0.9974518545068256, 0.00033460792697373085];492;0;1.0;True;8
0;(98, 0);True;[0.998968474239268, 0.00029573940627550976];358;0;1.0;True;9
0;(98, 1);False;[0.0002952972178741595, 0.9974753383926048];575;0;0.8;True;0
0;(98, 1);True;[0.7763201503417952, 0.22241944697214827];468;0;0.2;False;1
0;(98, 1);False;[4.001596144909292e-05, 0.9987686556319868];672;0;0.8;True;2
0;(98, 1);False;[0.00017931327323018152, 0.9986246692175622];622;0;0.8;True;3
0;(98, 1);False;[0.00037952855691208347, 0.998420472355038];510;0;0.8;True;4
0;(98, 1);False;[5.1404155129115e-05, 0.9992087193073728];951;0;0.8;True;5
0;(98, 1);False;[0.00017901801741176772, 0.9969807506231363];527;0;0.8;True;6
0;(98, 1);False;[0.4368775668070664, 0.5609618997609701];597;0;0.8;True;7
0;(98, 1);False;[8.468067388706018e-05, 0.9983782884396206];435;0;0.8;True;8
0;(98, 1);True;[0.833890146677299, 0.16420270327168707];693;0;0.2;False;9
0;(98, 2);False;[2.428750924209455e-05, 0.9994515805439553];568;0;1.0;True;0
0;(98, 2);False;[2.428614270048772e-05, 0.999395497680276];463;0;1.0;True;1
0;(98, 2);False;[1.6685621272558678e-05, 0.9990372398859408];445;0;1.0;True;2
0;(98, 2);False;[2.752143226586236e-05, 0.999454200317254];289;0;1.0;True;3
0;(98, 2);False;[1.89023820306284e-05, 0.9987784068287274];444;0;1.0;True;4
0;(98, 2);False;[3.116862329428553e-05, 0.9989017402143695];481;0;1.0;True;5
0;(98, 2);False;[1.6696015468156904e-05, 0.9996591776453729];281;0;1.0;True;6
0;(98, 2);False;[2.751954258395679e-05, 0.9993864488183554];528;0;1.0;True;7
0;(98, 2);False;[2.751271981281295e-05, 0.9991381450218817];434;0;1.0;True;8
0;(98, 2);False;[3.525564622958408e-05, 0.9971192854519139];508;0;1.0;True;9
0;(98, 3);False;[4.534960355988507e-05, 0.9988913918462349];484;0;1.0;True;0
0;(98, 3);False;[2.7493598831273992e-05, 0.9984441207353105];330;0;1.0;True;1
0;(98, 3);False;[2.427731993558523e-05, 0.9990329566211824];544;0;1.0;True;2
0;(98, 3);False;[3.534816177130064e-05, 0.9997361402873183];228;0;1.0;True;3
0;(98, 3);False;[3.5326627238381914e-05, 0.9991268397923571];567;0;1.0;True;4
0;(98, 3);False;[3.117560938524049e-05, 0.9991254117522622];502;0;1.0;True;5
0;(98, 3);False;[2.4292188492292914e-05, 0.9996439294682329];703;0;1.0;True;6
0;(98, 3);False;[2.4289107498469813e-05, 0.999517197164605];371;0;1.0;True;7
0;(98, 3);False;[2.142480267172011e-05, 0.9990389056405102];469;0;1.0;True;8
0;(98, 3);False;[4.0015503505377144e-05, 0.998757120937366];335;0;1.0;True;9
3;(99, 0);False;[4.0033978059624794e-05, 0.9992184791045519];450;0;1.0;True;0
3;(99, 0);False;[5.142249293484784e-05, 0.9995655517431101];516;0;1.0;True;1
3;(99, 0);False;[4.0021113677032104e-05, 0.9988973392085674];664;0;1.0;True;2
3;(99, 0);False;[6.598932506257122e-05, 0.9989826310750036];621;0;1.0;True;3
3;(99, 0);False;[4.004306578257126e-05, 0.9994451503420663];733;0;1.0;True;4
3;(99, 0);False;[6.599731795180497e-05, 0.9991039920936342];557;0;1.0;True;5
3;(99, 0);False;[4.0030313007240876e-05, 0.9991269587812511];569;0;1.0;True;6
3;(99, 0);False;[4.0030389359076476e-05, 0.9991285058126356];699;0;1.0;True;7
3;(99, 0);False;[0.00010858788983452381, 0.9970538646990937];556;0;1.0;True;8
3;(99, 0);False;[4.004932911147438e-05, 0.9996012847659854];443;0;1.0;True;9
3;(99, 1);False;[0.0006258701922622913, 0.9986333477068665];536;0;0.6;True;0
3;(99, 1);False;[0.022975148836484414, 0.9769282076561769];1157;0;0.6;True;1
3;(99, 1);True;[0.6785167102028654, 0.32050858027190093];623;0;0.4;False;2
3;(99, 1);False;[0.002799450480401065, 0.9966734809112288];723;0;0.6;True;3
3;(99, 1);False;[0.004607434715134176, 0.9949288163456809];694;0;0.6;True;4
3;(99, 1);True;[0.7766951389462597, 0.22252688300609527];632;0;0.4;False;5
3;(99, 1);True;[0.6504761529323222, 0.3481748052125096];540;0;0.4;False;6
3;(99, 1);False;[0.001500635880098236, 0.998135235821583];1374;0;0.6;True;7
3;(99, 1);False;[0.0006259695800613893, 0.9987918447186827];728;0;0.6;True;8
3;(99, 1);True;[0.851311912373581, 0.14793583473274396];464;0;0.4;False;9
3;(99, 2);False;[0.00017945423793564287, 0.9994094285142933];865;0;0.7;True;0
3;(99, 2);False;[0.00026099881723669745, 0.9990060681958733];607;0;0.7;True;1
3;(99, 2);True;[0.7543953023520946, 0.24491629627215578];822;0;0.3;False;2
3;(99, 2);False;[0.001168258460193603, 0.9977613845806517];906;0;0.7;True;3
3;(99, 2);True;[0.9035039817214949, 0.09522861906200242];396;0;0.3;False;4
3;(99, 2);False;[6.599706619249682e-05, 0.9991005412100002];667;0;0.7;True;5
3;(99, 2);False;[0.00033522884635123494, 0.9993034687587362];481;0;0.7;True;6
3;(99, 2);False;[0.0024711390605944776, 0.9969284991254275];961;0;0.7;True;7
3;(99, 2);True;[0.7764369041000163, 0.2224529107431564];397;0;0.3;False;8
3;(99, 2);False;[0.0001794360979173857, 0.9993084686421597];507;0;0.7;True;9
3;(99, 3);True;[0.9827615637680222, 0.015884860063495373];517;0;1.0;True;0
3;(99, 3);True;[0.9931937770881336, 0.004599400722093288];558;0;1.0;True;1
3;(99, 3);True;[0.9230785142947365, 0.0757709025273944];620;0;1.0;True;2
3;(99, 3);True;[0.9806897149717076, 0.017961956205517732];692;0;1.0;True;3
3;(99, 3);True;[0.9899024995017907, 0.008564333199002992];617;0;1.0;True;4
3;(99, 3);True;[0.9874956881312835, 0.010970085006060473];566;0;1.0;True;5
3;(99, 3);True;[0.9948682843575222, 0.004065798700734374];614;0;1.0;True;6
3;(99, 3);True;[0.9958246774745648, 0.00359150391612412];427;0;1.0;True;7
3;(99, 3);True;[0.9923682615281824, 0.00668652570875751];664;0;1.0;True;8
3;(99, 3);True;[0.9921407994808644, 0.00589948497380098];589;0;1.0;True;9
3;(100, 0);False;[1.66955537202691e-05, 0.9996320171607799];338;0;1.0;True;0
3;(100, 0);False;[1.4730472777826143e-05, 0.9994077615601981];368;0;1.0;True;1
3;(100, 0);False;[1.8909485891381456e-05, 0.999153853775381];344;0;1.0;True;2
3;(100, 0);False;[1.6678780236502233e-05, 0.9986274035438978];554;0;1.0;True;3
3;(100, 0);False;[1.6691939790045043e-05, 0.9994157392303615];362;0;1.0;True;4
3;(100, 0);False;[2.142226921829939e-05, 0.9989214859052318];441;0;1.0;True;5
3;(100, 0);False;[1.3002969125175983e-05, 0.9996669210198342];268;0;1.0;True;6
3;(100, 0);False;[1.0123342942684876e-05, 0.9993337066942177];388;0;1.0;True;7
3;(100, 0);False;[1.0127726976650824e-05, 0.9997660469080581];320;0;1.0;True;8
3;(100, 0);False;[2.7498528621739094e-05, 0.9986226482389974];293;0;1.0;True;9
3;(100, 1);False;[1.4726876909962195e-05, 0.9991636125132288];412;0;1.0;True;0
3;(100, 1);False;[2.7493782371460117e-05, 0.998450300345339];548;0;1.0;True;1
3;(100, 1);False;[2.7519962502055886e-05, 0.9994014510108497];402;0;1.0;True;2
3;(100, 1);False;[2.4282506684624673e-05, 0.9992459741948377];504;0;1.0;True;3
3;(100, 1);False;[2.7517941704983457e-05, 0.9993276351615621];419;0;1.0;True;4
3;(100, 1);False;[2.4252906166712556e-05, 0.9980277649801739];488;0;1.0;True;5
3;(100, 1);False;[2.4277620921985427e-05, 0.9990453306118695];475;0;1.0;True;6
3;(100, 1);False;[3.117611482276315e-05, 0.9991423101539938];462;0;1.0;True;7
3;(100, 1);False;[1.891132539693392e-05, 0.9992509734416104];544;0;1.0;True;8
3;(100, 1);False;[1.6693945663516343e-05, 0.9995355380022184];411;0;1.0;True;9
3;(100, 2);False;[2.751308714970482e-05, 0.9991515926371669];558;0;1.0;True;0
3;(100, 2);False;[1.6685844051124333e-05, 0.9990508037854415];377;0;1.0;True;1
3;(100, 2);False;[2.4280214190154536e-05, 0.9991513545953671];393;0;1.0;True;2
3;(100, 2);False;[2.14160390147095e-05, 0.9986309700374332];514;0;1.0;True;3
3;(100, 2);False;[1.8902670460289124e-05, 0.9987936286063248];528;0;1.0;True;4
3;(100, 2);False;[1.8912948638673726e-05, 0.9993360877237185];389;0;1.0;True;5
3;(100, 2);False;[1.4731470224817295e-05, 0.9994757540774111];382;0;1.0;True;6
3;(100, 2);False;[2.1427295555391782e-05, 0.9991550438716075];476;0;1.0;True;7
3;(100, 2);False;[1.4730528970227549e-05, 0.9994120480607557];372;0;1.0;True;8
3;(100, 2);False;[1.8909576059051587e-05, 0.9991586141106332];446;0;1.0;True;9
3;(100, 3);True;[0.9989338571197517, 0.0004875748773664833];503;0;1.0;True;0
3;(100, 3);True;[0.9991267207453202, 0.0002957862284682561];419;0;1.0;True;1
3;(100, 3);True;[0.9989915537607202, 0.0004303081459542857];403;0;1.0;True;2
3;(100, 3);True;[0.9993262065436307, 0.0002958451898435011];510;0;1.0;True;3
3;(100, 3);True;[0.9981804874610685, 0.0002955059700981608];441;0;1.0;True;4
3;(100, 3);True;[0.9990386676837091, 0.0003797635329894564];421;0;1.0;True;5
3;(100, 3);True;[0.9989306452780838, 0.0003351038672901098];514;0;1.0;True;6
3;(100, 3);True;[0.9988846120312604, 0.00037970504692101073];418;0;1.0;True;7
3;(100, 3);True;[0.9980067485983137, 0.00026073784344394965];500;0;1.0;True;8
3;(100, 3);True;[0.9992013400813272, 0.00037982528811913405];385;0;1.0;True;9
3;(101, 0);False;[2.7502724884358066e-05, 0.9987750771212363];380;0;1.0;True;0
3;(101, 0);False;[2.7506423371588557e-05, 0.9989100666643246];426;0;1.0;True;1
3;(101, 0);False;[1.8913958726074126e-05, 0.9993894254231716];319;0;1.0;True;2
3;(101, 0);False;[1.8909377690744834e-05, 0.9991477844404394];454;0;1.0;True;3
3;(101, 0);False;[1.8909413757554915e-05, 0.9991496885369888];483;0;1.0;True;4
3;(101, 0);False;[1.4729180411754584e-05, 0.9993200160446428];360;0;1.0;True;5
3;(101, 0);False;[2.7512798527448327e-05, 0.999140763101235];264;0;1.0;True;6
3;(101, 0);False;[2.1427172947773917e-05, 0.9991495695453877];377;0;1.0;True;7
3;(101, 0);False;[1.669060267496442e-05, 0.999335611494097];372;0;1.0;True;8
3;(101, 0);False;[2.1427091209751767e-05, 0.9991458803475187];437;0;1.0;True;9
3;(101, 1);False;[1.669049125354265e-05, 0.9993293018656739];433;0;1.0;True;0
3;(101, 1);False;[1.4725261864435852e-05, 0.999054254322825];384;0;1.0;True;1
3;(101, 1);False;[1.2994936020280339e-05, 0.9990492569906742];434;0;1.0;True;2
3;(101, 1);False;[1.469725848990966e-05, 0.9971544880184123];487;0;1.0;True;3
3;(101, 1);False;[1.889953402403406e-05, 0.9986277600996737];447;0;1.0;True;4
3;(101, 1);False;[1.299632410332395e-05, 0.9991567099970742];495;0;1.0;True;5
3;(101, 1);False;[1.6675949186667472e-05, 0.9984583814941363];527;0;1.0;True;6
3;(101, 1);False;[2.427731993558523e-05, 0.9990325996881274];544;0;1.0;True;7
3;(101, 1);False;[1.4723324043596236e-05, 0.9989230323277405];545;0;1.0;True;8
3;(101, 1);False;[1.6678732518197472e-05, 0.9986249069594996];421;0;1.0;True;9
3;(101, 2);False;[1.8907376090638684e-05, 0.999042118121025];448;0;1.0;True;0
3;(101, 2);False;[1.8902418084095308e-05, 0.9987800716284991];338;0;1.0;True;1
3;(101, 2);False;[1.890734002771514e-05, 0.9990405713397053];516;0;1.0;True;2
3;(101, 2);False;[1.4730402537625826e-05, 0.9994033560562002];466;0;1.0;True;3
3;(101, 2);False;[1.8909413757554915e-05, 0.9991493315040699];351;0;1.0;True;4
3;(101, 2);False;[1.8899588096111983e-05, 0.9986306133642553];466;0;1.0;True;5
3;(101, 2);False;[1.6693866060770036e-05, 0.9995312504774765];381;0;1.0;True;6
3;(101, 2);False;[2.4271115816517687e-05, 0.9987772175880698];452;0;1.0;True;7
3;(101, 2);False;[1.4719028046131331e-05, 0.9986314455243646];422;0;1.0;True;8
3;(101, 2);False;[1.890944982443379e-05, 0.9991511166117822];333;0;1.0;True;9
3;(101, 3);True;[0.9985726018417532, 0.00023023072397825646];453;0;1.0;True;0
3;(101, 3);True;[0.999062464284065, 0.00020327752069535795];410;0;1.0;True;1
3;(101, 3);True;[0.9987390464824106, 0.0002032118125908506];439;0;1.0;True;2
3;(101, 3);True;[0.9991695630084955, 0.00017941111561133895];425;0;1.0;True;3
3;(101, 3);True;[0.9987969583756627, 0.0002609443121054955];382;0;1.0;True;4
3;(101, 3);True;[0.9985437173680154, 0.0002608781248346245];400;0;1.0;True;5
3;(101, 3);True;[0.9959758982586887, 0.00037859931253090185];443;0;1.0;True;6
3;(101, 3);True;[0.9988001693223871, 0.0002609450586742289];465;0;1.0;True;7
3;(101, 3);True;[0.9989979780786564, 0.00017938032029545122];443;0;1.0;True;8
3;(101, 3);True;[0.9975583709807331, 0.00022999700582615926];352;0;1.0;True;9
2;(102, 0);False;[2.7515474959052333e-05, 0.9992378802154332];383;0;1.0;True;0
2;(102, 0);False;[2.7512903480645824e-05, 0.9991452852756066];378;0;1.0;True;1
2;(102, 0);False;[5.13874900714263e-05, 0.9988852068316348];433;0;1.0;True;2
2;(102, 0);False;[2.4286096378390817e-05, 0.9993939498864522];391;0;1.0;True;3
2;(102, 0);False;[4.5364570097265566e-05, 0.9992210976270569];519;0;1.0;True;4
2;(102, 0);False;[3.534509423671436e-05, 0.9996489327134428];450;0;1.0;True;5
2;(102, 0);False;[4.003737616835607e-05, 0.9993032306807528];338;0;1.0;True;6
2;(102, 0);False;[3.532282046253425e-05, 0.9990193931965912];361;0;1.0;True;7
2;(102, 0);False;[3.1187712404787897e-05, 0.999513743457465];385;0;1.0;True;8
2;(102, 0);False;[3.9994253050782596e-05, 0.998226930898196];471;0;1.0;True;9
2;(102, 1);False;[3.116853412026656e-05, 0.9988993613244783];502;0;1.0;True;0
2;(102, 1);False;[3.1185868398245376e-05, 0.9994545575172896];360;0;1.0;True;1
2;(102, 1);False;[2.4284289885524856e-05, 0.999319182729067];425;0;1.0;True;2
2;(102, 1);False;[3.1197380352072435e-05, 0.9998233630346849];1081;0;1.0;True;3
2;(102, 1);False;[3.11837568472511e-05, 0.9993866869743369];451;0;1.0;True;4
2;(102, 1);False;[3.118589813942128e-05, 0.9994559864932372];464;0;1.0;True;5
2;(102, 1);False;[2.7531749066938544e-05, 0.9998294406054757];773;0;1.0;True;6
2;(102, 1);False;[2.4284452001190867e-05, 0.9993256113061515];432;0;1.0;True;7
2;(102, 1);False;[2.7524582024061853e-05, 0.9995694822610254];573;0;1.0;True;8
2;(102, 1);False;[3.53418584448153e-05, 0.9995573335167511];588;0;1.0;True;9
2;(102, 2);True;[0.9990841201476394, 0.00033515532361255246];489;0;1.0;True;0
2;(102, 2);True;[0.9990320047999858, 0.00023033657869740929];497;0;1.0;True;1
2;(102, 2);True;[0.999142905165976, 0.00020329399951005454];503;0;1.0;True;2
2;(102, 2);True;[0.9989657381649876, 0.00020325794172269766];408;0;1.0;True;3
2;(102, 2);True;[0.9992171698749537, 0.00020330912242126745];383;0;1.0;True;4
2;(102, 2);True;[0.9993598985052597, 0.0002304123759633795];392;0;1.0;True;5
2;(102, 2);True;[0.9990290303645912, 0.0002303359197001143];435;0;1.0;True;6
2;(102, 2);True;[0.9990226055562115, 0.0002303346017111805];430;0;1.0;True;7
2;(102, 2);True;[0.9988685549969865, 0.0002957097936551843];430;0;1.0;True;8
2;(102, 2);True;[0.9991213657369792, 0.000295784535970723];387;0;1.0;True;9
2;(102, 3);False;[2.749341529231312e-05, 0.9984369904903957];604;0;1.0;True;0
2;(102, 3);False;[2.4289153826309974e-05, 0.9995196981614873];319;0;1.0;True;1
2;(102, 3);False;[1.8909377690744834e-05, 0.999147665390907];378;0;1.0;True;2
2;(102, 3);False;[2.427998263709197e-05, 0.9991418341330315];374;0;1.0;True;3
2;(102, 3);False;[2.4287740866936762e-05, 0.9994613450985165];290;0;1.0;True;4
2;(102, 3);False;[2.1435246113347483e-05, 0.999526010213828];428;0;1.0;True;5
2;(102, 3);False;[3.52947707787677e-05, 0.9982260994237955];666;0;1.0;True;6
2;(102, 3);False;[2.1433999172752945e-05, 0.9994681327840164];464;0;1.0;True;7
2;(102, 3);False;[2.749842372337723e-05, 0.9986194384442415];449;0;1.0;True;8
2;(102, 3);False;[2.7517626788934493e-05, 0.9993169208676973];550;0;1.0;True;9
1;(103, 0);False;[4.004077456552091e-05, 0.9993877585024403];590;0;1.0;True;0
1;(103, 0);False;[3.5314231457945666e-05, 0.9987765041373733];579;0;1.0;True;1
1;(103, 0);False;[5.138724503736318e-05, 0.9988803300604447];621;0;1.0;True;2
1;(103, 0);False;[7.469986448365881e-05, 0.997970060917512];488;0;1.0;True;3
1;(103, 0);False;[5.127744050156552e-05, 0.9967458393346115];673;0;1.0;True;4
1;(103, 0);False;[4.002619022437088e-05, 0.9990241523097153];455;0;1.0;True;5
1;(103, 0);False;[5.13878821283576e-05, 0.9988928192611313];573;0;1.0;True;6
1;(103, 0);False;[8.468099691881144e-05, 0.998382209581755];620;0;1.0;True;7
1;(103, 0);False;[5.1387931135684325e-05, 0.9988932949890257];491;0;1.0;True;8
1;(103, 0);False;[3.5329895328956245e-05, 0.9992188361621799];505;0;1.0;True;9
1;(103, 1);True;[0.9878307087954613, 0.009684353396865842];528;0;0.8;True;0
1;(103, 1);True;[0.9847684222911158, 0.014046965133253621];561;0;0.8;True;1
1;(103, 1);True;[0.561611166393337, 0.4373832161687759];588;0;0.8;True;2
1;(103, 1);True;[0.5298689445486736, 0.46760770233997323];698;0;0.8;True;3
1;(103, 1);False;[0.09525459629171845, 0.9037504468148011];773;0;0.2;False;4
1;(103, 1);True;[0.9038549293053132, 0.09526561150433514];496;0;0.8;True;5
1;(103, 1);True;[0.7041544419777168, 0.2935352341003923];692;0;0.8;True;6
1;(103, 1);True;[0.7302108276227862, 0.2686295431974226];688;0;0.8;True;7
1;(103, 1);False;[0.017975845321178963, 0.9814477919610678];528;0;0.2;False;8
1;(103, 1);True;[0.9727404265328936, 0.025922655613370135];502;0;0.8;True;9
1;(103, 2);False;[9.601197855591776e-05, 0.998963239920685];575;0;1.0;True;0
1;(103, 2);False;[7.468027623327844e-05, 0.9977077457761703];605;0;1.0;True;1
1;(103, 2);False;[4.5355182992110514e-05, 0.9990143963295692];412;0;1.0;True;2
1;(103, 2);False;[8.466476609803061e-05, 0.9981908210272369];471;0;1.0;True;3
1;(103, 2);False;[5.1387980143057795e-05, 0.9988944844841829];422;0;1.0;True;4
1;(103, 2);False;[9.570673209122097e-05, 0.9957869677945986];437;0;1.0;True;5
1;(103, 2);False;[9.588908660755941e-05, 0.9976841323751126];526;0;1.0;True;6
1;(103, 2);False;[6.598183654089326e-05, 0.9988695064298899];382;0;1.0;True;7
1;(103, 2);False;[0.00013954733900461335, 0.9978956254809961];555;0;1.0;True;8
1;(103, 2);False;[5.820200644857159e-05, 0.9984106093523989];768;0;1.0;True;9
1;(103, 3);False;[5.13627475305966e-05, 0.9984038360550845];408;0;1.0;True;0
1;(103, 3);False;[3.1140753978192025e-05, 0.9980087669362395];482;0;1.0;True;1
1;(103, 3);False;[3.534563356416644e-05, 0.9996644193054423];837;0;1.0;True;2
1;(103, 3);False;[5.123041837187749e-05, 0.9958312975204788];489;0;1.0;True;3
1;(103, 3);False;[4.52836971500395e-05, 0.9974394015529893];565;0;1.0;True;4
1;(103, 3);False;[4.534921432278593e-05, 0.9988831847443774];395;0;1.0;True;5
1;(103, 3);False;[5.131334711922551e-05, 0.99744319673572];367;0;1.0;True;6
1;(103, 3);False;[3.531874463523735e-05, 0.9989036433768766];723;0;1.0;True;7
1;(103, 3);False;[3.532285414901697e-05, 0.9990203450057722];446;0;1.0;True;8
1;(103, 3);False;[5.1363335333957714e-05, 0.9984152436973732];359;0;1.0;True;9
3;(104, 0);False;[3.9877520067048574e-05, 0.995313301608717];505;0;1.0;True;0
3;(104, 0);False;[2.426324720075627e-05, 0.9984537467164586];417;0;1.0;True;1
3;(104, 0);False;[3.1141199453437245e-05, 0.9980230155514714];443;0;1.0;True;2
3;(104, 0);False;[2.1419450082035107e-05, 0.9987898230529711];442;0;1.0;True;3
3;(104, 0);False;[2.7506580765055896e-05, 0.9989149435806959];387;0;1.0;True;4
3;(104, 0);False;[4.0002492461645316e-05, 0.9984328312043771];425;0;1.0;True;5
3;(104, 0);False;[3.118179412525345e-05, 0.9993237065253333];434;0;1.0;True;6
3;(104, 0);False;[3.5327065212358926e-05, 0.9991395730801761];307;0;1.0;True;7
3;(104, 0);False;[3.117275530360694e-05, 0.99903462236861];419;0;1.0;True;8
3;(104, 0);False;[2.428019103474891e-05, 0.9991508785700958];456;0;1.0;True;9
3;(104, 1);False;[1.6697623724285134e-05, 0.9997560381210482];601;0;1.0;True;0
3;(104, 1);False;[2.427463437598135e-05, 0.9989216048696697];529;0;1.0;True;1
3;(104, 1);False;[3.1113592035239035e-05, 0.9971383680195477];507;0;1.0;True;2
3;(104, 1);False;[2.4282460369462914e-05, 0.9992443077460291];384;0;1.0;True;3
3;(104, 1);False;[3.534721788615055e-05, 0.9997094521989232];883;0;1.0;True;4
3;(104, 1);False;[2.1419307092256483e-05, 0.9987824500017535];422;0;1.0;True;5
3;(104, 1);False;[3.532315732880713e-05, 0.9990287924101422];434;0;1.0;True;6
3;(104, 1);False;[2.1422330507990922e-05, 0.9989241028935597];495;0;1.0;True;7
3;(104, 1);False;[1.890752034302071e-05, 0.9990492569906742];388;0;1.0;True;8
3;(104, 1);False;[1.668154813178248e-05, 0.9987935096571279];416;0;1.0;True;9
3;(104, 2);False;[2.753019998752353e-05, 0.9997726003935014];905;0;1.0;True;0
3;(104, 2);False;[4.5368204336962264e-05, 0.9993013260007606];396;0;1.0;True;1
3;(104, 2);False;[3.5333365900426876e-05, 0.9993170398792287];510;0;1.0;True;2
3;(104, 2);False;[3.118783137669605e-05, 0.9995177926325594];399;0;1.0;True;3
3;(104, 2);False;[3.533572473581062e-05, 0.9993838294553344];360;0;1.0;True;4
3;(104, 2);False;[3.5335893230078003e-05, 0.9993887110116113];361;0;1.0;True;5
3;(104, 2);False;[3.115967743895799e-05, 0.9986149210330838];559;0;1.0;True;6
3;(104, 2);False;[3.117272557496502e-05, 0.9990339085014373];450;0;1.0;True;7
3;(104, 2);False;[2.7506580765055896e-05, 0.9989155382828426];420;0;1.0;True;8
3;(104, 2);False;[3.532682937954274e-05, 0.999132789894153];428;0;1.0;True;9
3;(104, 3);True;[0.9984688397536189, 0.0003349489068534481];502;0;1.0;True;0
3;(104, 3);True;[0.9982477191454135, 0.0002301558644424346];466;0;1.0;True;1
3;(104, 3);True;[0.9991210087723376, 0.00023035722823441118];457;0;1.0;True;2
3;(104, 3);True;[0.9982146960343565, 0.0002607920567378979];425;0;1.0;True;3
3;(104, 3);True;[0.997710949852962, 0.00033469473533246047];395;0;1.0;True;4
3;(104, 3);True;[0.9987971962748922, 0.0002609443121054955];527;0;1.0;True;5
3;(104, 3);True;[0.998506158362754, 0.0002956023670448346];496;0;1.0;True;6
3;(104, 3);True;[0.9983097322504153, 0.0003348955659288426];609;0;1.0;True;7
3;(104, 3);True;[0.997450668471347, 0.00033460728876036745];543;0;1.0;True;8
3;(104, 3);True;[0.9986788821220981, 0.00026091345579982723];458;0;1.0;True;9
3;(105, 0);False;[1.8902544271771017e-05, 0.9987869689846769];678;0;1.0;True;0
3;(105, 0);False;[2.1407728089706124e-05, 0.9982429673916715];740;0;1.0;True;1
3;(105, 0);False;[1.887779157190869e-05, 0.997479015267788];608;0;1.0;True;2
3;(105, 0);False;[2.1356972927060433e-05, 0.9958766948965598];716;0;1.0;True;3
3;(105, 0);False;[1.889207356082639e-05, 0.9982331078856786];426;0;1.0;True;4
3;(105, 0);False;[2.4155358135839966e-05, 0.9940135995568434];742;0;1.0;True;5
3;(105, 0);False;[2.42222098006885e-05, 0.996764433891055];657;0;1.0;True;6
3;(105, 0);False;[3.522768348427745e-05, 0.9963280584037317];533;0;1.0;True;7
3;(105, 0);False;[2.7422556081313564e-05, 0.9958636902863331];859;0;1.0;True;8
3;(105, 0);False;[3.1101784727206913e-05, 0.9967599332260455];456;0;1.0;True;9
3;(105, 1);True;[0.97776674399077, 0.020292902916189223];732;0;0.7;False;0
3;(105, 1);True;[0.9721616627528648, 0.025907233817501065];650;0;0.7;False;1
3;(105, 1);True;[0.9121436003361936, 0.08484257423267876];707;0;0.7;False;2
3;(105, 1);True;[0.9142556218638159, 0.08503901333973989];881;0;0.7;False;3
3;(105, 1);False;[0.004059942160443079, 0.9934348992138312];506;0;0.3;True;4
3;(105, 1);False;[0.0671437530768416, 0.9268908721391035];568;0;0.3;True;5
3;(105, 1);True;[0.8918908445879614, 0.10652116379625086];640;0;0.7;False;6
3;(105, 1);True;[0.8794017427488587, 0.1190140963478246];588;0;0.7;False;7
3;(105, 1);True;[0.9134016862698416, 0.08495959319154289];755;0;0.7;False;8
3;(105, 1);False;[0.0035931072324129243, 0.9962688942934133];942;0;0.3;True;9
3;(105, 2);False;[4.534981980416151e-05, 0.9988957928258339];627;0;1.0;True;0
3;(105, 2);False;[8.472090081511116e-05, 0.9988527362495687];759;0;1.0;True;1
3;(105, 2);False;[3.531877831783306e-05, 0.9989050708092805];585;0;1.0;True;2
3;(105, 2);False;[7.475623606279381e-05, 0.9987231129379631];455;0;1.0;True;3
3;(105, 2);False;[4.001531269704231e-05, 0.9987527211500845];578;0;1.0;True;4
3;(105, 2);False;[4.0026075708685895e-05, 0.9990211778395495];588;0;1.0;True;5
3;(105, 2);False;[6.595094750863204e-05, 0.9984018159883505];774;0;1.0;True;6
3;(105, 2);False;[4.5343419410016776e-05, 0.9987550993419393];897;0;1.0;True;7
3;(105, 2);False;[4.5269318528953535e-05, 0.997122722585528];595;0;1.0;True;8
3;(105, 2);False;[6.59730905201782e-05, 0.9987371438660386];701;0;1.0;True;9
3;(105, 3);True;[0.5881716532555633, 0.40424407137130985];600;0;0.5;True;0
3;(105, 3);True;[0.5593752721935914, 0.43564190001514924];1010;0;0.5;True;1
3;(105, 3);False;[0.31930151200657214, 0.6759612860771489];774;0;0.5;False;2
3;(105, 3);False;[0.0847697845095225, 0.911361125364082];870;0;0.5;False;3
3;(105, 3);False;[0.012391941169463227, 0.9844138732516305];658;0;0.5;False;4
3;(105, 3);False;[0.14716575384907485, 0.8468804156772832];778;0;0.5;False;5
3;(105, 3);True;[0.729050748550543, 0.2682027899554614];579;0;0.5;True;6
3;(105, 3);True;[0.675601004352803, 0.31913133647621017];595;0;0.5;True;7
3;(105, 3);True;[0.81438139160607, 0.1817130584541701];739;0;0.5;True;8
3;(105, 3);False;[0.0014969274345244272, 0.995668775039683];736;0;0.5;False;9
3;(106, 0);False;[2.7493651271202145e-05, 0.9984460220960605];486;0;1.0;True;0
3;(106, 0);False;[4.00159996113058e-05, 0.9987694880233989];515;0;1.0;True;1
3;(106, 0);False;[2.4267412620690735e-05, 0.9986247881466515];382;0;1.0;True;2
3;(106, 0);False;[3.117890974287635e-05, 0.9992314527843447];382;0;1.0;True;3
3;(106, 0);False;[3.115967743895799e-05, 0.998615277700657];406;0;1.0;True;4
3;(106, 0);False;[4.537491113879309e-05, 0.9994493180920381];356;0;1.0;True;5
3;(106, 0);False;[2.4257902626035572e-05, 0.998233226651926];465;0;1.0;True;6
3;(106, 0);False;[4.0002606909857996e-05, 0.9984355644242765];440;0;1.0;True;7
3;(106, 0);False;[4.538356654168285e-05, 0.9996399983957353];407;0;1.0;True;8
3;(106, 0);False;[3.1176055359099874e-05, 0.9991399300514504];347;0;1.0;True;9
3;(106, 1);False;[1.2989484272023248e-05, 0.9986306133642553];380;0;1.0;True;0
3;(106, 1);False;[1.668745132748324e-05, 0.9991467133441065];382;0;1.0;True;1
3;(106, 1);False;[2.1407626009947242e-05, 0.998237859476278];409;0;1.0;True;2
3;(106, 1);False;[1.2989471884291622e-05, 0.9986296622751556];368;0;1.0;True;3
3;(106, 1);False;[1.4729377068842254e-05, 0.9993334686090304];320;0;1.0;True;4
3;(106, 1);False;[1.668360048858189e-05, 0.998916252065433];387;0;1.0;True;5
3;(106, 1);False;[8.932259775270893e-06, 0.9991592091323249];461;0;1.0;True;6
3;(106, 1);False;[1.4730557066508636e-05, 0.9994138341032329];340;0;1.0;True;7
3;(106, 1);False;[1.4721344359606426e-05, 0.9987885149663924];427;0;1.0;True;8
3;(106, 1);False;[1.889618185731677e-05, 0.9984507757462465];465;0;1.0;True;9
3;(106, 2);False;[1.6687594557641552e-05, 0.9991551628638605];368;0;1.0;True;0
3;(106, 2);False;[2.1384262559161076e-05, 0.9971489171599041];478;0;1.0;True;1
3;(106, 2);False;[1.6689106506512654e-05, 0.9992463312622907];385;0;1.0;True;2
3;(106, 2);False;[1.668907467459853e-05, 0.9992443077460291];377;0;1.0;True;3
3;(106, 2);False;[2.7422373016612637e-05, 0.9958571878130363];418;0;1.0;True;4
3;(106, 2);False;[2.1419245811215e-05, 0.9987798338496219];397;0;1.0;True;5
3;(106, 2);False;[2.137616782370117e-05, 0.9967714217631942];478;0;1.0;True;6
3;(106, 2);False;[1.668361639931077e-05, 0.9989174415879278];400;0;1.0;True;7
3;(106, 2);False;[1.8892433901969633e-05, 0.998252114383782];458;0;1.0;True;8
3;(106, 2);False;[2.749349395171775e-05, 0.9984404366993397];433;0;1.0;True;9
3;(106, 3);True;[0.9985100804720666, 0.0001396333369251009];382;0;1.0;True;0
3;(106, 3);True;[0.9990109460461476, 0.00015830453965585964];430;0;1.0;True;1
3;(106, 3);True;[0.9991669447955177, 0.00017941060231275413];327;0;1.0;True;2
3;(106, 3);True;[0.9982841894834498, 0.0001792520633659206];398;0;1.0;True;3
3;(106, 3);True;[0.9986799521937333, 0.00012324690721726345];495;0;1.0;True;4
3;(106, 3);True;[0.9992088383060181, 0.00013973098079476313];484;0;1.0;True;5
3;(106, 3);True;[0.9981319104660415, 0.00013958034742074665];583;0;1.0;True;6
3;(106, 3);True;[0.9995004051434376, 9.606363463198008e-05];420;0;1.0;True;7
3;(106, 3);True;[0.9995766287100558, 0.00013978242779264232];371;0;1.0;True;8
3;(106, 3);True;[0.9990592516799731, 0.00010880630481541549];463;0;1.0;True;9
0;(107, 0);True;[0.9805129578951877, 0.017958718954433];609;0;1.0;True;0
0;(107, 0);True;[0.7960817551158994, 0.20128100118831938];537;0;1.0;True;1
0;(107, 0);True;[0.9959969474731226, 0.002468829433654855];444;0;1.0;True;2
0;(107, 0);True;[0.9698816234140155, 0.029287887747470223];542;0;1.0;True;3
0;(107, 0);True;[0.9956697204110706, 0.002796631295193816];412;0;1.0;True;4
0;(107, 0);True;[0.9971432276959415, 0.0013229899067393332];543;0;1.0;True;5
0;(107, 0);True;[0.9950961733928971, 0.00316717354736607];527;0;1.0;True;6
0;(107, 0);True;[0.9648164280896835, 0.03301420403827422];543;0;1.0;True;7
0;(107, 0);True;[0.9867449571057595, 0.012421284188091155];455;0;1.0;True;8
0;(107, 0);True;[0.9915993225355072, 0.005896264860708317];741;0;1.0;True;9
0;(107, 1);False;[0.0420559427125448, 0.9571888727233404];526;0;0.7;True;0
0;(107, 1);False;[0.014035917590180119, 0.9839937829923815];628;0;0.7;True;1
0;(107, 1);False;[0.0005516891488622425, 0.99747735472685];524;0;0.7;True;2
0;(107, 1);False;[0.4681240296990645, 0.530454020096904];457;0;0.7;True;3
0;(107, 1);True;[0.8516471682885599, 0.14799407804077322];919;0;0.3;False;4
0;(107, 1);False;[0.06742932271203822, 0.9308330668888499];856;0;0.7;True;5
0;(107, 1);True;[0.9007983448040223, 0.0949434498584901];351;0;0.3;False;6
0;(107, 1);True;[0.6215439313070417, 0.3769854506960437];353;0;0.3;False;7
0;(107, 1);False;[0.017946443258487457, 0.9798426125388026];725;0;0.7;True;8
0;(107, 1);False;[0.0016928222937012262, 0.9936621318500775];523;0;0.7;True;9
0;(107, 2);False;[3.997469125096621e-05, 0.9977381246382492];448;0;1.0;True;0
0;(107, 2);False;[3.5242905640981986e-05, 0.9967592226088005];541;0;1.0;True;1
0;(107, 2);False;[3.9962913030053236e-05, 0.9974441454175411];464;0;1.0;True;2
0;(107, 2);False;[3.987744400678773e-05, 0.995311293820263];456;0;1.0;True;3
0;(107, 2);False;[2.7474648349317005e-05, 0.997755450718644];521;0;1.0;True;4
0;(107, 2);False;[4.52834812210597e-05, 0.9974354877133496];381;0;1.0;True;5
0;(107, 2);False;[3.115949914236361e-05, 0.9986099281654487];438;0;1.0;True;6
0;(107, 2);False;[3.5267214234088246e-05, 0.9974463988017483];430;0;1.0;True;7
0;(107, 2);False;[3.5255982455230505e-05, 0.9971284117003312];488;0;1.0;True;8
0;(107, 2);False;[3.531372628742576e-05, 0.9987615207440299];418;0;1.0;True;9
0;(107, 3);False;[9.59355529175707e-05, 0.9981675409641827];359;0;0.9;True;0
0;(107, 3);False;[0.0001581930114115751, 0.9983065245074044];571;0;0.9;True;1
0;(107, 3);False;[0.0040510736798035326, 0.9912652560194403];630;0;0.9;True;2
0;(107, 3);True;[0.7052039285676431, 0.2939727514700672];1277;0;0.1;False;3
0;(107, 3);False;[0.0004299680804966646, 0.9982022239115208];450;0;0.9;True;4
0;(107, 3);False;[0.00017921685151850626, 0.9980880883394232];464;0;0.9;True;5
0;(107, 3);False;[0.00010868372276824749, 0.9979333759794812];544;0;0.9;True;6
0;(107, 3);False;[9.575384057620573e-05, 0.9962768218558021];539;0;0.9;True;7
0;(107, 3);False;[0.0001582671032816328, 0.9987746014496437];451;0;0.9;True;8
0;(107, 3);False;[0.00010854678529608447, 0.9966764414877078];466;0;0.9;True;9
3;(108, 0);False;[1.890730396486038e-05, 0.9990383107486137];271;0;1.0;True;0
3;(108, 0);False;[1.6689202002619302e-05, 0.9992520447078754];344;0;1.0;True;1
3;(108, 0);False;[2.4284243566961918e-05, 0.999317397030244];345;0;1.0;True;2
3;(108, 0);False;[2.1432445708907892e-05, 0.9993958549175042];261;0;1.0;True;3
3;(108, 0);False;[1.6687546814118854e-05, 0.9991520686627784];285;0;1.0;True;4
3;(108, 0);False;[2.1412220081017674e-05, 0.9984519641332705];460;0;1.0;True;5
3;(108, 0);False;[1.8892307781787698e-05, 0.9982454620915238];466;0;1.0;True;6
3;(108, 0);False;[2.7523269581005872e-05, 0.9995210081947333];283;0;1.0;True;7
3;(108, 0);False;[1.8907358059168314e-05, 0.9990406903183254];333;0;1.0;True;8
3;(108, 0);False;[2.7481854807542976e-05, 0.9980175534691805];418;0;1.0;True;9
3;(108, 1);False;[2.1424782239445812e-05, 0.9990384297269647];292;0;1.0;True;0
3;(108, 1);False;[1.6689090590548e-05, 0.9992446648710502];301;0;1.0;True;1
3;(108, 1);False;[2.4262830698088766e-05, 0.9984362773989649];337;0;1.0;True;2
3;(108, 1);False;[1.6695474109855e-05, 0.9996271332232517];238;0;1.0;True;3
3;(108, 1);False;[2.424647705310699e-05, 0.9977630460590454];398;0;1.0;True;4
3;(108, 1);False;[2.4282506684624673e-05, 0.9992454980663231];303;0;1.0;True;5
3;(108, 1);False;[3.112380095810094e-05, 0.9974654941323136];378;0;1.0;True;6
3;(108, 1);False;[2.747477935896177e-05, 0.9977605538424924];412;0;1.0;True;7
3;(108, 1);False;[1.2987254670640898e-05, 0.9984587381057995];534;0;1.0;True;8
3;(108, 1);False;[2.749354639144586e-05, 0.9984421004708348];456;0;1.0;True;9
3;(108, 2);False;[2.4246292067873224e-05, 0.9977558068469388];447;0;1.0;True;0
3;(108, 2);False;[1.8892361833191147e-05, 0.9982491445945987];452;0;1.0;True;1
3;(108, 2);False;[2.747417671976835e-05, 0.9977384805280557];445;0;1.0;True;2
3;(108, 2);False;[1.8914157142438106e-05, 0.9994000222292199];357;0;1.0;True;3
3;(108, 2);False;[2.4279820551262085e-05, 0.9991354079594741];484;0;1.0;True;4
3;(108, 2);False;[1.4713456348817441e-05, 0.9982535399554554];472;0;1.0;True;5
3;(108, 2);False;[3.1168593569584194e-05, 0.998901026558436];481;0;1.0;True;6
3;(108, 2);False;[1.8909521958397915e-05, 0.9991555198988632];395;0;1.0;True;7
3;(108, 2);False;[1.4732271040996446e-05, 0.9995299404017163];306;0;1.0;True;8
3;(108, 2);False;[2.748788347869087e-05, 0.9982366715765078];459;0;1.0;True;9
3;(108, 3);True;[0.9981606521850538, 0.00048719745355878724];399;0;1.0;True;0
3;(108, 3);True;[0.9992882314749832, 0.0002610725043657983];316;0;1.0;True;1
3;(108, 3);True;[0.9977126110150735, 0.0005518193818449171];425;0;1.0;True;2
3;(108, 3);True;[0.9991656356916016, 0.00026104063710866783];331;0;1.0;True;3
3;(108, 3);True;[0.9991245787734336, 0.0002303581069791759];335;0;1.0;True;4
3;(108, 3);True;[0.998801715324535, 0.00026094555638790445];305;0;1.0;True;5
3;(108, 3);True;[0.999163969551251, 0.0002610401392136404];317;0;1.0;True;6
3;(108, 3);True;[0.9989201774136388, 0.0004302773690179476];343;0;1.0;True;7
3;(108, 3);True;[0.9983509598885852, 0.0007090033309093967];295;0;1.0;True;8
3;(108, 3);True;[0.9990129686246392, 0.0003351316718993494];486;0;1.0;True;9
3;(109, 0);False;[6.60185950829902e-05, 0.9994262174653975];463;0;1.0;True;0
3;(109, 0);False;[0.00012315220846511685, 0.9979129570845862];668;0;1.0;True;1
3;(109, 0);False;[9.603936014288992e-05, 0.9992476405882617];673;0;1.0;True;2
3;(109, 0);False;[7.474440234453029e-05, 0.9985647564498826];495;0;1.0;True;3
3;(109, 0);False;[7.475680640978811e-05, 0.9987303661444052];759;0;1.0;True;4
3;(109, 0);False;[9.603853583398729e-05, 0.9992394275930566];933;0;1.0;True;5
3;(109, 0);False;[0.00013951021386690668, 0.9976302647478835];606;0;1.0;True;6
3;(109, 0);False;[0.0002302878179897054, 0.9988203867219033];420;0;1.0;True;7
3;(109, 0);False;[7.478347498919975e-05, 0.999087213963833];624;0;1.0;True;8
3;(109, 0);False;[0.00013963147263136648, 0.9984971255156747];588;0;1.0;True;9
3;(109, 1);False;[0.00020321123119802293, 0.9987359547907808];753;0;1.0;True;0
3;(109, 1);False;[5.8201950942839346e-05, 0.9984091833239598];1443;0;1.0;True;1
3;(109, 1);False;[0.0003796635870227772, 0.9987755527930554];962;0;1.0;True;2
3;(109, 1);False;[0.0010315367003274998, 0.998295713370184];1267;0;1.0;True;3
3;(109, 1);False;[0.00013965384579907008, 0.9986571249450779];658;0;1.0;True;4
3;(109, 1);False;[0.00020323468202821827, 0.9988515469204073];484;0;1.0;True;5
3;(109, 1);False;[0.00023028606103978847, 0.9988124185714022];895;0;1.0;True;6
3;(109, 1);False;[0.00023019340093201885, 0.9984107281397648];576;0;1.0;True;7
3;(109, 1);False;[0.00017937706998721642, 0.9989796570192034];785;0;1.0;True;8
3;(109, 1);False;[0.0009097915803730465, 0.9977075086010262];772;0;1.0;True;9
3;(109, 2);False;[9.596986828058793e-05, 0.9985244620200834];817;0;1.0;True;0
3;(109, 2);False;[0.00020302120491916286, 0.9978024482073525];853;0;1.0;True;1
3;(109, 2);False;[0.00020320580494517557, 0.9987096767865912];498;0;1.0;True;2
3;(109, 2);False;[0.0002956700328007471, 0.9987342900645445];1007;0;1.0;True;3
3;(109, 2);False;[0.00013957635405210023, 0.9981026952687948];616;0;1.0;True;4
3;(109, 2);False;[0.00010887854977106469, 0.9997229151848368];2101;0;1.0;True;5
3;(109, 2);False;[0.00026053079276229947, 0.9972144688312748];498;0;1.0;True;6
3;(109, 2);False;[0.00017925137957486886, 0.9982805067348804];640;0;1.0;True;7
3;(109, 2);False;[0.00022992353791308375, 0.9972396012335746];679;0;1.0;True;8
3;(109, 2);False;[0.000486963569669698, 0.9976814031867322];428;0;1.0;True;9
3;(109, 3);True;[0.9847481922895868, 0.014046677117264143];751;0;1.0;True;0
3;(109, 3);True;[0.9857883084629016, 0.014061514270210594];1051;0;1.0;True;1
3;(109, 3);True;[0.9819229468310146, 0.01587130750829134];527;0;1.0;True;2
3;(109, 3);True;[0.9851968111129042, 0.014053075142525155];1055;0;1.0;True;3
3;(109, 3);True;[0.9772389039356315, 0.02028194734005585];666;0;1.0;True;4
3;(109, 3);True;[0.9912513169062078, 0.008576004455253085];1034;0;1.0;True;5
3;(109, 3);True;[0.9758535630861982, 0.022949877670998806];596;0;1.0;True;6
3;(109, 3);True;[0.9831562882861097, 0.0140239692538472];475;0;1.0;True;7
3;(109, 3);True;[0.9803218273225924, 0.01795521687167831];597;0;1.0;True;8
3;(109, 3);True;[0.9888547362099388, 0.010985181426924055];1480;0;1.0;True;9
0;(110, 0);True;[0.9987385708279779, 0.00020321161879305655];383;0;1.0;True;0
0;(110, 0);True;[0.9987122926386915, 0.00023026300231461652];378;0;1.0;True;1
0;(110, 0);True;[0.99903462236861, 0.00023033723769658968];361;0;1.0;True;2
0;(110, 0);True;[0.9989413513020808, 0.00023031571136517679];387;0;1.0;True;3
0;(110, 0);True;[0.9982921492361435, 0.00017925360190532423];317;0;1.0;True;4
0;(110, 0);True;[0.9982433238101861, 0.00023015476697636772];436;0;1.0;True;5
0;(110, 0);True;[0.9992801368624623, 0.00029583164743542367];427;0;1.0;True;6
0;(110, 0);True;[0.9988189595267907, 0.00012326406887385827];408;0;1.0;True;7
0;(110, 0);True;[0.9985987537094118, 0.00020318332629833634];391;0;1.0;True;8
0;(110, 0);True;[0.9991936039191993, 0.0001583335287367472];384;0;1.0;True;9
0;(110, 1);False;[4.5340435751224345e-05, 0.9986894639532404];499;0;1.0;True;0
0;(110, 1);False;[1.8909485891381456e-05, 0.9991530207146818];474;0;1.0;True;1
0;(110, 1);False;[1.6672514400772404e-05, 0.9982529459960637];496;0;1.0;True;2
0;(110, 1);False;[1.4728028615824185e-05, 0.9992418081652724];539;0;1.0;True;3
0;(110, 1);False;[2.1429196063184213e-05, 0.9992443077460291];460;0;1.0;True;4
0;(110, 1);False;[1.8911217185771597e-05, 0.9992450219380353];537;0;1.0;True;5
0;(110, 1);False;[2.4274518625780598e-05, 0.9989173226239857];406;0;1.0;True;6
0;(110, 1);False;[1.6681341319132346e-05, 0.998781141924831];503;0;1.0;True;7
0;(110, 1);False;[2.1427234251495155e-05, 0.9991529017226839];515;0;1.0;True;8
0;(110, 1);False;[2.4263177783148508e-05, 0.9984501815532649];405;0;1.0;True;9
0;(110, 2);False;[2.428232142450768e-05, 0.9992379992757149];398;0;1.0;True;0
0;(110, 2);False;[2.751285100399703e-05, 0.9991432621965987];473;0;1.0;True;1
0;(110, 2);False;[1.8911217185771597e-05, 0.9992449029350807];446;0;1.0;True;2
0;(110, 2);False;[2.4284544639200205e-05, 0.9993300161184282];436;0;1.0;True;3
0;(110, 2);False;[2.4262946392557003e-05, 0.998441030886522];362;0;1.0;True;4
0;(110, 2);False;[2.7512798527448327e-05, 0.9991411201310922];519;0;1.0;True;5
0;(110, 2);False;[1.8915437879955254e-05, 0.9994677755209522];480;0;1.0;True;6
0;(110, 2);False;[1.8909521958397915e-05, 0.9991558769339935];380;0;1.0;True;7
0;(110, 2);False;[1.6685812225432847e-05, 0.9990484241334887];468;0;1.0;True;8
0;(110, 2);False;[2.427736624094238e-05, 0.9990348603244475];466;0;1.0;True;9
0;(110, 3);False;[3.1148179397651466e-05, 0.9982464123498688];414;0;1.0;True;0
0;(110, 3);False;[6.597346802231027e-05, 0.9987429704366543];464;0;1.0;True;1
0;(110, 3);False;[3.118396502198192e-05, 0.9993932354716578];359;0;1.0;True;2
0;(110, 3);False;[5.138077656067049e-05, 0.9987543859070424];491;0;1.0;True;3
0;(110, 3);False;[4.533645784489924e-05, 0.9986019633214296];506;0;1.0;True;4
0;(110, 3);False;[3.5323292076215814e-05, 0.9990323617328282];435;0;1.0;True;5
0;(110, 3);False;[2.7498659745254145e-05, 0.998627879029131];485;0;1.0;True;6
0;(110, 3);False;[3.5333466990142196e-05, 0.9993202541847933];407;0;1.0;True;7
0;(110, 3);False;[4.000275950798425e-05, 0.9984393672330429];461;0;1.0;True;8
0;(110, 3);False;[2.1422330507990922e-05, 0.9989239839288242];358;0;1.0;True;9
3;(111, 0);False;[9.603139211985808e-05, 0.9991652786529841];504;0;1.0;True;0
3;(111, 0);False;[3.5256251438056325e-05, 0.9971363530670334];438;0;1.0;True;1
3;(111, 0);False;[2.7487988336844812e-05, 0.9982404728142642];314;0;1.0;True;2
3;(111, 0);False;[7.483776850788778e-05, 0.9998123997851859];613;0;1.0;True;3
3;(111, 0);False;[3.532709890288976e-05, 0.999140049100061];459;0;1.0;True;4
3;(111, 0);False;[1.4731540470108755e-05, 0.9994801602496136];380;0;1.0;True;5
3;(111, 0);False;[2.428940863101036e-05, 0.9995299404017163];306;0;1.0;True;6
3;(111, 0);False;[4.532824370818052e-05, 0.9984209477417432];400;0;1.0;True;7
3;(111, 0);False;[4.5360157483298665e-05, 0.9991236267486314];452;0;1.0;True;8
3;(111, 0);False;[1.8915582193844086e-05, 0.9994751586926784];422;0;1.0;True;9
3;(111, 1);False;[3.118928881940361e-05, 0.9995642415933003];439;0;1.0;True;0
3;(111, 1);False;[3.1153675347920224e-05, 0.9984228490583643];421;0;1.0;True;1
3;(111, 1);False;[4.531864802322816e-05, 0.9982097071432808];419;0;1.0;True;2
3;(111, 1);False;[3.5313894676796114e-05, 0.9987665150672306];423;0;1.0;True;3
3;(111, 1);False;[4.532798433863159e-05, 0.998415719081589];368;0;1.0;True;4
3;(111, 1);False;[4.5336328136438466e-05, 0.9985991103712106];337;0;1.0;True;5
3;(111, 1);False;[3.1168801643088876e-05, 0.9989080445267423];490;0;1.0;True;6
3;(111, 1);False;[5.1394106432810166e-05, 0.9990134445260559];399;0;1.0;True;7
3;(111, 1);False;[5.8220381754784646e-05, 0.998725728825256];448;0;1.0;True;8
3;(111, 1);False;[2.4274449175925077e-05, 0.9989144677262022];466;0;1.0;True;9
3;(111, 2);False;[2.1426866431798592e-05, 0.9991349319418003];375;0;1.0;True;0
3;(111, 2);False;[1.668902692684119e-05, 0.9992413320387428];460;0;1.0;True;1
3;(111, 2);False;[1.472672241968556e-05, 0.999153139706694];382;0;1.0;True;2
3;(111, 2);False;[2.1422146639442375e-05, 0.9989155382828426];360;0;1.0;True;3
3;(111, 2);False;[2.4288968515479508e-05, 0.999511957061903];372;0;1.0;True;4
3;(111, 2);False;[2.142915519027538e-05, 0.9992422842920288];369;0;1.0;True;5
3;(111, 2);False;[2.4277343088252766e-05, 0.9990339085014373];419;0;1.0;True;6
3;(111, 2);False;[1.8912750234987393e-05, 0.9993262065436307];379;0;1.0;True;7
3;(111, 2);False;[1.4725177606052661e-05, 0.9990487810721974];446;0;1.0;True;8
3;(111, 2);False;[2.1424516621653115e-05, 0.9990259369611751];417;0;1.0;True;9
3;(111, 3);True;[0.9972367560066384, 0.0008025093226413181];467;0;1.0;True;0
3;(111, 3);True;[0.9982325139384439, 0.001031471283023057];365;0;1.0;True;1
3;(111, 3);True;[0.9974605125853198, 0.0008026895786931805];362;0;1.0;True;2
3;(111, 3);True;[0.9985629734360079, 0.0010318126791299359];346;0;1.0;True;3
3;(111, 3);True;[0.9987408300432153, 0.0010319967060168757];319;0;1.0;True;4
3;(111, 3);True;[0.9988334690124372, 0.0008037941954482986];345;0;1.0;True;5
3;(111, 3);True;[0.9978401916960148, 0.0015001922991232837];350;0;1.0;True;6
3;(111, 3);True;[0.998247125073274, 0.0011688273661626454];295;0;1.0;True;7
3;(111, 3);True;[0.9896400871276277, 0.00970208834316583];443;0;1.0;True;8
3;(111, 3);True;[0.9990171327697217, 0.0006261107796519849];361;0;1.0;True;9
2;(112, 0);False;[2.7493284193805512e-05, 0.998431999326006];384;0;1.0;True;0
2;(112, 0);False;[2.748762133505601e-05, 0.9982271685454441];343;0;1.0;True;1
2;(112, 0);False;[2.7474569743830004e-05, 0.9977528400442632];499;0;1.0;True;2
2;(112, 0);False;[3.089761910869207e-05, 0.9902170619820903];540;0;1.0;True;3
2;(112, 0);False;[2.7502252772847882e-05, 0.9987577154292827];548;0;1.0;True;4
2;(112, 0);False;[3.113249899036861e-05, 0.9977442955810478];532;0;1.0;True;5
2;(112, 0);False;[2.4279727931273675e-05, 0.9991317188720515];399;0;1.0;True;6
2;(112, 0);False;[3.528665971925692e-05, 0.9979964187966306];542;0;1.0;True;7
2;(112, 0);False;[3.111240516853226e-05, 0.9971006775432323];464;0;1.0;True;8
2;(112, 0);False;[3.5170214509881006e-05, 0.9947028915984926];509;0;1.0;True;9
2;(112, 1);False;[2.748159272140173e-05, 0.9980079359921091];536;0;1.0;True;0
2;(112, 1);False;[3.5145537046816336e-05, 0.9940054724544791];515;0;1.0;True;1
2;(112, 1);False;[2.4200090011568097e-05, 0.9958539954861009];581;0;1.0;True;2
2;(112, 1);False;[2.1402400176698463e-05, 0.9979944002513135];529;0;1.0;True;3
2;(112, 1);False;[2.1407523930675114e-05, 0.9982338205995847];492;0;1.0;True;4
2;(112, 1);False;[2.7435609128457056e-05, 0.9963381171529705];540;0;1.0;True;5
2;(112, 1);False;[2.4252351068096154e-05, 0.9980046112930419];403;0;1.0;True;6
2;(112, 1);False;[3.51456040816723e-05, 0.9940071211983159];566;0;1.0;True;7
2;(112, 1);False;[3.5145537046816336e-05, 0.9940050012530652];653;0;1.0;True;8
2;(112, 1);False;[2.425769441968076e-05, 0.998224436477072];486;0;1.0;True;9
2;(112, 2);True;[0.9973157174341274, 0.00017907829344161077];488;0;1.0;True;0
2;(112, 2);True;[0.9978090946433663, 0.00023005470006959812];477;0;1.0;True;1
2;(112, 2);True;[0.9969309871746209, 0.000229852285499614];490;0;1.0;True;2
2;(112, 2);True;[0.9979693485081026, 0.0002954436952246405];402;0;1.0;True;3
2;(112, 2);True;[0.9984662251203602, 0.00017928471742482605];430;0;1.0;True;4
2;(112, 2);True;[0.9978619134176777, 0.00017917634935736296];420;0;1.0;True;5
2;(112, 2);True;[0.9984651556264404, 0.00033494762912720605];363;0;1.0;True;6
2;(112, 2);True;[0.9980661193215622, 0.0002030748436658078];448;0;1.0;True;7
2;(112, 2);True;[0.9956895748085223, 0.00020259125222402401];492;0;1.0;True;8
2;(112, 2);True;[0.9987070609413422, 0.00023026168474291818];423;0;1.0;True;9
2;(112, 3);False;[2.427088435022356e-05, 0.9987675853490352];589;0;1.0;True;0
2;(112, 3);False;[2.7446940755235636e-05, 0.9967498660409401];454;0;1.0;True;1
2;(112, 3);False;[2.1419102822800028e-05, 0.9987736501071381];374;0;1.0;True;2
2;(112, 3);False;[2.4270745471506648e-05, 0.9987621152385654];459;0;1.0;True;3
2;(112, 3);False;[2.7481645138430026e-05, 0.9980099543324364];591;0;1.0;True;4
2;(112, 3);False;[2.4279774241223714e-05, 0.999133265852649];548;0;1.0;True;5
2;(112, 3);False;[2.4246107084050775e-05, 0.9977484489787714];509;0;1.0;True;6
2;(112, 3);False;[2.7474622147463015e-05, 0.9977549761134235];526;0;1.0;True;7
2;(112, 3);False;[3.1185570988046274e-05, 0.9994447931453926];356;0;1.0;True;8
2;(112, 3);False;[3.114072428006893e-05, 0.9980081734710378];535;0;1.0;True;9
0;(113, 0);True;[0.9986788821220981, 0.00048745050903769806];344;0;1.0;True;0
0;(113, 0);True;[0.9992781132195773, 0.00043043168620682893];373;0;1.0;True;1
0;(113, 0);True;[0.9983156726629908, 0.0004872731937603526];418;0;1.0;True;2
0;(113, 0);True;[0.9989135161341839, 0.00043027449661620494];387;0;1.0;True;3
0;(113, 0);True;[0.9989856052559551, 0.0004303056837183686];373;0;1.0;True;4
0;(113, 0);True;[0.9988563043618316, 0.0004875369823467009];388;0;1.0;True;5
0;(113, 0);True;[0.9976245697501501, 0.0011680980353246256];445;0;1.0;True;6
0;(113, 0);True;[0.9985672526514061, 0.0004873958899868302];437;0;1.0;True;7
0;(113, 0);True;[0.9988564232022248, 0.0004875369823467009];388;0;1.0;True;8
0;(113, 0);True;[0.9982146960343565, 0.0004299736162007553];516;0;1.0;True;9
0;(113, 1);False;[8.46631512611723e-05, 0.9981716980992291];393;0;1.0;True;0
0;(113, 1);False;[3.5322483599473954e-05, 0.9990095183461484];467;0;1.0;True;1
0;(113, 1);False;[6.596189227280236e-05, 0.9985680847587168];484;0;1.0;True;2
0;(113, 1);False;[7.475395471833017e-05, 0.9986919606990325];527;0;1.0;True;3
0;(113, 1);False;[0.00020323390675091118, 0.9988472652076148];611;0;1.0;True;4
0;(113, 1);False;[4.533503107224089e-05, 0.9985701055106091];585;0;1.0;True;5
0;(113, 1);False;[5.822848871844852e-05, 0.9988646299679188];478;0;1.0;True;6
0;(113, 1);False;[7.480665728242365e-05, 0.9993960930175547];489;0;1.0;True;7
0;(113, 1);False;[3.1159409994449006e-05, 0.9986068373385294];675;0;1.0;True;8
0;(113, 1);False;[5.822821106403964e-05, 0.9988602292419012];568;0;1.0;True;9
0;(113, 2);False;[2.7517206906475278e-05, 0.9993015640782902];443;0;1.0;True;0
0;(113, 2);False;[2.750178066944196e-05, 0.9987408300432153];423;0;1.0;True;1
0;(113, 2);False;[2.1397093995540506e-05, 0.9977470249414723];538;0;1.0;True;2
0;(113, 2);False;[1.889913750018958e-05, 0.9986063617470619];510;0;1.0;True;3
0;(113, 2);False;[1.891368816165948e-05, 0.9993754951588352];326;0;1.0;True;4
0;(113, 2);False;[2.1426784694945704e-05, 0.9991313618455537];368;0;1.0;True;5
0;(113, 2);False;[2.7487595120830023e-05, 0.9982259806583961];481;0;1.0;True;6
0;(113, 2);False;[2.751492390773313e-05, 0.9992187171623438];370;0;1.0;True;7
0;(113, 2);False;[3.118515461853254e-05, 0.9994320520700734];433;0;1.0;True;8
0;(113, 2);False;[2.1418918981954805e-05, 0.9987644935690606];477;0;1.0;True;9
0;(113, 3);False;[5.140827321115005e-05, 0.9992888266901976];451;0;1.0;True;0
0;(113, 3);False;[3.529483809826469e-05, 0.9982277624894982];533;0;1.0;True;1
0;(113, 3);False;[4.532759528709091e-05, 0.9984071632464068];425;0;1.0;True;2
0;(113, 3);False;[3.531830676441626e-05, 0.9988916297679571];479;0;1.0;True;3
0;(113, 3);False;[4.535929231520598e-05, 0.9991053010004739];420;0;1.0;True;4
0;(113, 3);False;[3.114746648056152e-05, 0.9982238425349969];555;0;1.0;True;5
0;(113, 3);False;[5.140812613111101e-05, 0.9992858506758374];564;0;1.0;True;6
0;(113, 3);False;[4.529665477323115e-05, 0.9977255456877199];387;0;1.0;True;7
0;(113, 3);False;[4.531869124247944e-05, 0.9982105386040275];510;0;1.0;True;8
0;(113, 3);False;[5.137974755990828e-05, 0.9987346467747519];474;0;1.0;True;9
3;(114, 0);False;[0.00015830514354090602, 0.9990147532561205];464;0;1.0;True;0
3;(114, 0);False;[8.476211687256277e-05, 0.9993384687007233];497;0;1.0;True;1
3;(114, 0);False;[0.0009103778633018381, 0.9983506034316396];585;0;1.0;True;2
3;(114, 0);False;[0.0002032118125908506, 0.9987391653088529];504;0;1.0;True;3
3;(114, 0);False;[0.0008022954407058648, 0.9969711531186933];583;0;1.0;True;4
3;(114, 0);False;[0.0003793251974037043, 0.997885772658388];503;0;1.0;True;5
3;(114, 0);False;[0.00017925103768032114, 0.9982778931758729];350;0;1.0;True;6
3;(114, 0);False;[0.00026087762724956426, 0.9985419345079531];732;0;1.0;True;7
3;(114, 0);False;[0.00012326301089440905, 0.9988107536014368];556;0;1.0;True;8
3;(114, 0);False;[9.595504253810918e-05, 0.9983700897376494];400;0;1.0;True;9
3;(114, 1);False;[8.475573111226288e-05, 0.999262757608186];452;0;1.0;True;0
3;(114, 1);False;[5.127724489402654e-05, 0.9967416940557458];501;0;1.0;True;1
3;(114, 1);False;[3.53437122476809e-05, 0.9996100992839467];393;0;1.0;True;2
3;(114, 1);False;[3.5333264811000766e-05, 0.9993145399420313];405;0;1.0;True;3
3;(114, 1);False;[7.479738350289923e-05, 0.9992727565273398];434;0;1.0;True;4
3;(114, 1);False;[6.596333913040836e-05, 0.9985893626687299];561;0;1.0;True;5
3;(114, 1);False;[5.823659681097583e-05, 0.9990034507602135];412;0;1.0;True;6
3;(114, 1);False;[6.59730276033662e-05, 0.9987365493863669];441;0;1.0;True;7
3;(114, 1);False;[4.53554857716331e-05, 0.9990214157921847];487;0;1.0;True;8
3;(114, 1);False;[6.593748919690403e-05, 0.9981978290090223];500;0;1.0;True;9
3;(114, 2);False;[7.46334989147708e-05, 0.9970827815256714];351;0;1.0;True;0
3;(114, 2);False;[9.583057841082277e-05, 0.9970757891492447];353;0;1.0;True;1
3;(114, 2);False;[3.534971249447936e-05, 0.9997795114417571];974;0;1.0;True;2
3;(114, 2);False;[8.47308393241049e-05, 0.9989696639402451];263;0;1.0;True;3
3;(114, 2);False;[5.135319666873197e-05, 0.9982179032498899];337;0;1.0;True;4
3;(114, 2);False;[0.00013965331306294249, 0.9986529638119557];407;0;1.0;True;5
3;(114, 2);False;[5.816133494466158e-05, 0.9977133230089102];351;0;1.0;True;6
3;(114, 2);False;[7.471553878318413e-05, 0.9981790621099221];319;0;1.0;True;7
3;(114, 2);False;[0.00012324596692157047, 0.9986728186370106];361;0;1.0;True;8
3;(114, 2);False;[3.99943674754221e-05, 0.9982293066759673];345;0;1.0;True;9
3;(114, 3);True;[0.9969434275137306, 0.0013227249759553419];380;0;1.0;True;0
3;(114, 3);True;[0.9970126257436648, 0.0019246874725777172];463;0;1.0;True;1
3;(114, 3);True;[0.9974658499248736, 0.0008026937889786162];422;0;1.0;True;2
3;(114, 3);True;[0.9963249817147316, 0.0011665767661630598];389;0;1.0;True;3
3;(114, 3);True;[0.9976142478528613, 0.0010308325757126557];304;0;1.0;True;4
3;(114, 3);True;[0.9954640131736847, 0.0016958924365548947];327;0;1.0;True;5
3;(114, 3);True;[0.9973186817759937, 0.0013232227111458523];313;0;1.0;True;6
3;(114, 3);True;[0.9967678686410826, 0.0014985800576136315];335;0;1.0;True;7
3;(114, 3);True;[0.9971452426623477, 0.0013229930609968306];348;0;1.0;True;8
3;(114, 3);True;[0.9968721066339066, 0.0011672172053858304];389;0;1.0;True;9
3;(115, 0);False;[2.7510227299169652e-05, 0.9990475912769976];589;0;1.0;True;0
3;(115, 0);False;[3.116912861854553e-05, 0.9989180362915617];609;0;1.0;True;1
3;(115, 0);False;[4.537214175851755e-05, 0.99938787758058];583;0;1.0;True;2
3;(115, 0);False;[8.474158715387181e-05, 0.9990962573830688];615;0;1.0;True;3
3;(115, 0);False;[3.5338420740504305e-05, 0.9994603924619422];463;0;1.0;True;4
3;(115, 0);False;[5.1404988523853226e-05, 0.9992250253945996];457;0;1.0;True;5
3;(115, 0);False;[4.536491620278887e-05, 0.9992290722949622];724;0;1.0;True;6
3;(115, 0);False;[2.1440193707222664e-05, 0.9997568721791682];930;0;1.0;True;7
3;(115, 0);False;[2.4274750126734045e-05, 0.9989271956327834];648;0;1.0;True;8
3;(115, 0);False;[2.4263409175946734e-05, 0.9984600452955341];555;0;1.0;True;9
3;(115, 1);False;[3.116903944308081e-05, 0.998915776210316];594;0;1.0;True;0
3;(115, 1);False;[4.003069476787518e-05, 0.999136002967346];458;0;1.0;True;1
3;(115, 1);False;[2.7515763609385854e-05, 0.9992484737860157];396;0;1.0;True;2
3;(115, 1);False;[4.534393832724015e-05, 0.998766990734972];704;0;1.0;True;3
3;(115, 1);False;[5.140915570022111e-05, 0.9993060877366318];782;0;1.0;True;4
3;(115, 1);False;[2.143418314303304e-05, 0.9994762304319942];495;0;1.0;True;5
3;(115, 1);False;[2.7498659745254145e-05, 0.9986276412864861];784;0;1.0;True;6
3;(115, 1);False;[3.113324125583438e-05, 0.997768149221741];563;0;1.0;True;7
3;(115, 1);False;[4.001573247657994e-05, 0.9987630665700838];499;0;1.0;True;8
3;(115, 1);False;[3.532713259345272e-05, 0.9991414771610769];564;0;1.0;True;9
3;(115, 2);False;[3.5287029892990504e-05, 0.9980066298590118];618;0;1.0;True;0
3;(115, 2);False;[2.7498685970032184e-05, 0.9986283545145906];617;0;1.0;True;1
3;(115, 2);False;[4.004585360677907e-05, 0.9995149343896135];727;0;1.0;True;2
3;(115, 2);False;[0.00012333897337915125, 0.9994256221101737];475;0;1.0;True;3
3;(115, 2);False;[1.8907394122126252e-05, 0.9990433079097066];502;0;1.0;True;4
3;(115, 2);False;[3.998529080449462e-05, 0.9980029489476615];466;0;1.0;True;5
3;(115, 2);False;[3.116874219337437e-05, 0.9989057844681033];501;0;1.0;True;6
3;(115, 2);False;[3.5287097197722916e-05, 0.9980087669362395];685;0;1.0;True;7
3;(115, 2);False;[4.534981980416151e-05, 0.998896387632866];610;0;1.0;True;8
3;(115, 2);False;[4.53713629007696e-05, 0.9993703755731314];610;0;1.0;True;9
3;(115, 3);True;[0.9973348074763788, 0.0007082815615124948];630;0;1.0;True;0
3;(115, 3);True;[0.997999743236041, 0.0011685375851242558];467;0;1.0;True;1
3;(115, 3);True;[0.9973169030769342, 0.0013232208182619343];539;0;1.0;True;2
3;(115, 3);True;[0.998348821265044, 0.0009103761268955211];505;0;1.0;True;3
3;(115, 3);True;[0.9983477518968799, 0.0009103752586936046];411;0;1.0;True;4
3;(115, 3);True;[0.9971295971204626, 0.0019249132553960336];418;0;1.0;True;5
3;(115, 3);True;[0.9978899273420686, 0.001168408878518212];464;0;1.0;True;6
3;(115, 3);True;[0.9976646728141972, 0.0008028537961903918];494;0;1.0;True;7
3;(115, 3);True;[0.9970980702071814, 0.0016986757153201644];476;0;1.0;True;8
3;(115, 3);True;[0.9977618594212302, 0.00116825901726278];528;0;1.0;True;9
0;(116, 0);True;[0.9961402954783072, 0.00022966997992292086];469;0;1.0;True;0
0;(116, 0);True;[0.9976619439113351, 0.00037924019504503913];446;0;1.0;True;1
0;(116, 0);True;[0.9978350879325258, 0.0004298100354622708];557;0;1.0;True;2
0;(116, 0);True;[0.9980376205990137, 0.0004298973527731116];390;0;1.0;True;3
0;(116, 0);True;[0.9983143657784889, 0.00033489716283914946];505;0;1.0;True;4
0;(116, 0);True;[0.9987258477663807, 0.00033503516464415895];400;0;1.0;True;5
0;(116, 0);True;[0.9984194029101257, 0.00037952819496561897];585;0;1.0;True;6
0;(116, 0);True;[0.9981557826697144, 0.00048719513042583365];461;0;1.0;True;7
0;(116, 0);True;[0.9981720543760948, 0.0002955037155751289];403;0;1.0;True;8
0;(116, 0);True;[0.9981340481601326, 0.00033483680492538603];391;0;1.0;True;9
0;(116, 1);False;[3.114066488390769e-05, 0.9980055612059309];530;0;1.0;True;0
0;(116, 1);False;[6.590454679434011e-05, 0.9976994395691833];463;0;1.0;True;1
0;(116, 1);False;[4.5318820900480596e-05, 0.998213151870489];479;0;1.0;True;2
0;(116, 1);False;[4.5296568376800996e-05, 0.9977235283871719];577;0;1.0;True;3
0;(116, 1);False;[4.5318820900480596e-05, 0.99821303310663];441;0;1.0;True;4
0;(116, 1);False;[4.5318604804018094e-05, 0.9982089944465912];438;0;1.0;True;5
0;(116, 1);False;[4.002542679265955e-05, 0.9990047594771861];395;0;1.0;True;6
0;(116, 1);False;[4.529617959490453e-05, 0.9977149844072715];426;0;1.0;True;7
0;(116, 1);False;[3.1123355731741414e-05, 0.9974512616050286];479;0;1.0;True;8
0;(116, 1);False;[5.7943205143040105e-05, 0.9939713160223099];497;0;1.0;True;9
0;(116, 2);False;[4.53425978032248e-05, 0.9987375005772652];472;0;1.0;True;0
0;(116, 2);False;[5.132749163627175e-05, 0.9977186630950314];446;0;1.0;True;1
0;(116, 2);False;[5.123017408678881e-05, 0.9958268050104392];542;0;1.0;True;2
0;(116, 2);False;[3.532258465805472e-05, 0.9990127306740159];429;0;1.0;True;3
0;(116, 2);False;[4.52836971500395e-05, 0.9974397573362422];377;0;1.0;True;4
0;(116, 2);False;[4.5296784368185374e-05, 0.9977282749968535];422;0;1.0;True;5
0;(116, 2);False;[3.114042730039564e-05, 0.9979979621604987];452;0;1.0;True;6
0;(116, 2);False;[3.5277473924247375e-05, 0.9977368193228723];438;0;1.0;True;7
0;(116, 2);False;[4.000897837683542e-05, 0.9985942365080763];411;0;1.0;True;8
0;(116, 2);False;[4.531873446177194e-05, 0.9982113700654667];504;0;1.0;True;9
0;(116, 3);False;[0.00013969020984266797, 0.9989176793995653];690;0;1.0;True;0
0;(116, 3);False;[4.5283567592528066e-05, 0.9974373852954639];398;0;1.0;True;1
0;(116, 3);False;[9.54545124825322e-05, 0.993162615798232];509;0;1.0;True;2
0;(116, 3);False;[5.136284549735631e-05, 0.9984058561259057];443;0;1.0;True;3
0;(116, 3);False;[5.810401036479881e-05, 0.9967294954972488];437;0;1.0;True;4
0;(116, 3);False;[5.1353245642980045e-05, 0.9982192098919056];446;0;1.0;True;5
0;(116, 3);False;[4.0015503505377144e-05, 0.998756883047682];451;0;1.0;True;6
0;(116, 3);False;[5.80788032365796e-05, 0.9962975287811747];512;0;1.0;True;7
0;(116, 3);False;[5.13281769367936e-05, 0.9977323098535252];480;0;1.0;True;8
0;(116, 3);False;[7.439983859247993e-05, 0.9939617761850681];408;0;1.0;True;9
0;(117, 0);True;[0.9972946124849642, 0.00020291784023914461];339;0;1.0;True;0
0;(117, 0);True;[0.9983132965634502, 0.0001581940674673842];406;0;1.0;True;1
0;(117, 0);True;[0.9976106887068195, 0.00017913124380273718];419;0;1.0;True;2
0;(117, 0);True;[0.998041895123144, 0.00023010845867812066];397;0;1.0;True;3
0;(117, 0);True;[0.9981162337565458, 0.00015816284136650264];403;0;1.0;True;4
0;(117, 0);True;[0.9978638127403834, 0.00017917669110945387];422;0;1.0;True;5
0;(117, 0);True;[0.9965628911850015, 0.00022976746911862768];392;0;1.0;True;6
0;(117, 0);True;[0.9984905887601901, 0.0002955978565450819];400;0;1.0;True;7
0;(117, 0);True;[0.9978591832783086, 0.00017917583673044882];454;0;1.0;True;8
0;(117, 0);True;[0.9985702244332001, 0.00023023028484841864];366;0;1.0;True;9
0;(117, 1);False;[2.427403248096458e-05, 0.9988971012854853];306;0;1.0;True;0
0;(117, 1);False;[2.1422105779979237e-05, 0.9989133971707093];372;0;1.0;True;1
0;(117, 1);False;[2.748159272140173e-05, 0.9980079359921091];405;0;1.0;True;2
0;(117, 1);False;[3.52867606753446e-05, 0.9979995057591183];417;0;1.0;True;3
0;(117, 1);False;[4.523142921436112e-05, 0.9962886543981637];328;0;1.0;True;4
0;(117, 1);False;[3.114767441302719e-05, 0.9982301381530394];584;0;1.0;True;5
0;(117, 1);False;[3.5308001526558605e-05, 0.9986004179772264];483;0;1.0;True;6
0;(117, 1);False;[3.530803519890888e-05, 0.9986013689222215];313;0;1.0;True;7
0;(117, 1);False;[2.750639713943156e-05, 0.9989088771506119];441;0;1.0;True;8
0;(117, 1);False;[2.7457491485903142e-05, 0.9971326786157758];370;0;1.0;True;9
0;(117, 2);False;[3.1147347662632934e-05, 0.9982200413605675];493;0;1.0;True;0
0;(117, 2);False;[3.530150336409569e-05, 0.9984163132540614];462;0;1.0;True;1
0;(117, 2);False;[2.7457229632107527e-05, 0.9971234336940832];563;0;1.0;True;2
0;(117, 2);False;[3.530173902784193e-05, 0.998422492575751];328;0;1.0;True;3
0;(117, 2);False;[2.7515238792849897e-05, 0.9992294293563755];387;0;1.0;True;4
0;(117, 2);False;[3.527774307104072e-05, 0.9977442955810478];435;0;1.0;True;5
0;(117, 2);False;[4.000871128898119e-05, 0.9985874606862609];342;0;1.0;True;6
0;(117, 2);False;[2.7466396000970206e-05, 0.9974561241997779];452;0;1.0;True;7
0;(117, 2);False;[3.526711333392331e-05, 0.9974433151757511];475;0;1.0;True;8
0;(117, 2);False;[3.107287871920529e-05, 0.9958336615682728];352;0;1.0;True;9
0;(117, 3);False;[3.531864358764296e-05, 0.998901264482453];355;0;1.0;True;0
0;(117, 3);False;[2.7466736525034664e-05, 0.997468696502164];474;0;1.0;True;1
0;(117, 3);False;[2.4267435763909914e-05, 0.9986256203019065];414;0;1.0;True;2
0;(117, 3);False;[2.4257972028550964e-05, 0.9982365528098505];474;0;1.0;True;3
0;(117, 3);False;[3.114797146181466e-05, 0.9982399976297004];562;0;1.0;True;4
0;(117, 3);False;[3.528686163172111e-05, 0.9980017617921648];482;0;1.0;True;5
0;(117, 3);False;[3.531372628742576e-05, 0.9987622341840234];403;0;1.0;True;6
0;(117, 3);False;[3.994988098692449e-05, 0.9971197595225935];624;0;1.0;True;7
0;(117, 3);False;[3.996340848397344e-05, 0.9974570731261332];511;0;1.0;True;8
0;(117, 3);False;[2.1419307092256483e-05, 0.9987825689496332];369;0;1.0;True;9
1;(118, 0);True;[0.9560912591074305, 0.04200772084966935];419;0;0.5;False;0
1;(118, 0);False;[0.0027953753847486176, 0.9952224954086619];737;0;0.5;True;1
1;(118, 0);True;[0.49827421114888737, 0.49827421114888737];596;0;0.5;False;2
1;(118, 0);True;[0.903007667165188, 0.09517630009232293];584;0;0.5;False;3
1;(118, 0);False;[7.476707339981017e-05, 0.9988672465747279];473;0;0.5;True;4
1;(118, 0);False;[0.4364904985458747, 0.5604648942756068];620;0;0.5;True;5
1;(118, 0);True;[0.9772510851198922, 0.020282198792454013];790;0;0.5;False;6
1;(118, 0);False;[8.470926696876977e-05, 0.9987152652009285];727;0;0.5;True;7
1;(118, 0);False;[9.597233946036351e-05, 0.9985502548200533];603;0;0.5;True;8
1;(118, 0);True;[0.9450236189988086, 0.05331458968633379];569;0;0.5;False;9
1;(118, 1);True;[0.9216729295401516, 0.07565551777092284];586;0;0.9;True;0
1;(118, 1);True;[0.9844342045705735, 0.014042196884894699];503;0;0.9;True;1
1;(118, 1);True;[0.9851026360459656, 0.012400612614097993];579;0;0.9;True;2
1;(118, 1);True;[0.879047793440254, 0.11896618033102194];565;0;0.9;True;3
1;(118, 1);True;[0.9769309371658708, 0.02027555569336473];524;0;0.9;True;4
1;(118, 1);True;[0.9809779155983193, 0.01796724154364566];526;0;0.9;True;5
1;(118, 1);True;[0.9913730320417726, 0.007569224898414714];666;0;0.9;True;6
1;(118, 1);True;[0.9832752182365164, 0.015893163875866822];550;0;0.9;True;7
1;(118, 1);False;[0.03725403734001809, 0.9607942361775437];706;0;0.1;False;8
1;(118, 1);True;[0.9936714305134936, 0.004601611963960589];602;0;0.9;True;9
1;(118, 2);False;[0.00017937826746234562, 0.9989864380607716];487;0;1.0;True;0
1;(118, 2);False;[0.00010879499493341777, 0.9989553884360882];625;0;1.0;True;1
1;(118, 2);False;[9.601207012011944e-05, 0.9989643105295956];588;0;1.0;True;2
1;(118, 2);False;[7.475716287886924e-05, 0.9987348846591395];540;0;1.0;True;3
1;(118, 2);False;[0.0002955039973895673, 0.9981734797172345];638;0;1.0;True;4
1;(118, 2);False;[0.3482262345370579, 0.6505722549457034];632;0;1.0;True;5
1;(118, 2);False;[0.0001396328042672083, 0.9985071091017463];820;0;1.0;True;6
1;(118, 2);False;[0.00029573940627550976, 0.9989690690895795];716;0;1.0;True;7
1;(118, 2);False;[0.00020325910477729693, 0.9989716863188621];564;0;1.0;True;8
1;(118, 2);False;[0.00010870746095263957, 0.9981513882040884];586;0;1.0;True;9
1;(118, 3);False;[0.00012318216111706286, 0.998155307525465];728;0;1.0;True;0
1;(118, 3);False;[0.00023015147460956565, 0.9982283564339057];591;0;1.0;True;1
1;(118, 3);False;[5.821272004594079e-05, 0.9985943553172896];599;0;1.0;True;2
1;(118, 3);False;[5.820228397802684e-05, 0.9984151249094702];662;0;1.0;True;3
1;(118, 3);False;[5.824320629686668e-05, 0.9991172007503346];380;0;1.0;True;4
1;(118, 3);False;[5.1380972563152184e-05, 0.9987578343742167];575;0;1.0;True;5
1;(118, 3);False;[0.00023029111230692912, 0.9988341826201047];781;0;1.0;True;6
1;(118, 3);False;[9.597261403982198e-05, 0.9985531076306943];566;0;1.0;True;7
1;(118, 3);False;[0.0005522637206855096, 0.998516260955306];764;0;1.0;True;8
1;(118, 3);False;[7.468084600074301e-05, 0.9977155776981285];500;0;1.0;True;9
1;(119, 0);False;[5.1421365020069666e-05, 0.9995429221690519];264;0;1.0;True;0
1;(119, 0);False;[6.60136214115071e-05, 0.9993510883458439];316;0;1.0;True;1
1;(119, 0);False;[6.597239843854629e-05, 0.998726323298487];363;0;1.0;True;2
1;(119, 0);False;[7.473093129523037e-05, 0.998384704978268];346;0;1.0;True;3
1;(119, 0);False;[4.536798800502175e-05, 0.9992962072021763];339;0;1.0;True;4
1;(119, 0);False;[7.482963267237479e-05, 0.9997034952297159];612;0;1.0;True;5
1;(119, 0);False;[5.1404008060857874e-05, 0.9992059818189865];426;0;1.0;True;6
1;(119, 0);False;[6.600864811472764e-05, 0.9992752563018441];314;0;1.0;True;7
1;(119, 0);False;[5.1412440653793085e-05, 0.9993700184031817];328;0;1.0;True;8
1;(119, 0);False;[5.136323736626372e-05, 0.9984134612991569];411;0;1.0;True;9
1;(119, 1);True;[0.9985125764206695, 0.0004301017774205988];391;0;1.0;True;0
1;(119, 1);True;[0.9988277602857291, 0.00043023756744477724];286;0;1.0;True;1
1;(119, 1);True;[0.9989688311494124, 0.0003797369143738967];337;0;1.0;True;2
1;(119, 1);True;[0.9989944089951139, 0.00043030937707752765];359;0;1.0;True;3
1;(119, 1);True;[0.9993183494141861, 0.0005527073631122699];185;0;1.0;True;4
1;(119, 1);True;[0.999298111872412, 0.00037986223733766256];261;0;1.0;True;5
1;(119, 1);True;[0.9992189552201923, 0.0003798319894262564];347;0;1.0;True;6
1;(119, 1);True;[0.9987652070111777, 0.0002956790560717558];368;0;1.0;True;7
1;(119, 1);True;[0.9989305263125693, 0.0003351038672901098];394;0;1.0;True;8
1;(119, 1);True;[0.998968474239268, 0.0003797369143738967];345;0;1.0;True;9
1;(119, 2);False;[3.119184694474346e-05, 0.9996466693492839];301;0;1.0;True;0
1;(119, 2);False;[3.53402069568907e-05, 0.9995104088259088];328;0;1.0;True;1
1;(119, 2);False;[3.533808372866888e-05, 0.999450389803645];291;0;1.0;True;2
1;(119, 2);False;[4.0025923021615565e-05, 0.9990171327697217];312;0;1.0;True;3
1;(119, 2);False;[2.7526997082805607e-05, 0.9996567950896345];327;0;1.0;True;4
1;(119, 2);False;[4.536452683426082e-05, 0.9992197883358656];340;0;1.0;True;5
1;(119, 2);False;[3.118152649091624e-05, 0.9993156113346119];331;0;1.0;True;6
1;(119, 2);False;[2.4294783316529507e-05, 0.999751391238546];310;0;1.0;True;7
1;(119, 2);False;[4.538161893209342e-05, 0.9995962819919902];360;0;1.0;True;8
1;(119, 2);False;[3.118390554334559e-05, 0.999391330445599];348;0;1.0;True;9
1;(119, 3);False;[9.60464128527145e-05, 0.9993212065132902];414;0;1.0;True;0
1;(119, 3);False;[6.600342340906455e-05, 0.9991961032630525];375;0;1.0;True;1
1;(119, 3);False;[8.476785638409872e-05, 0.999405975528573];305;0;1.0;True;2
1;(119, 3);False;[9.605822959219935e-05, 0.999444078694253];357;0;1.0;True;3
1;(119, 3);False;[8.476179353136404e-05, 0.9993346590937036];430;0;1.0;True;4
1;(119, 3);False;[0.00010865574117466707, 0.997676657032329];375;0;1.0;True;5
1;(119, 3);False;[8.468115843514918e-05, 0.9983837543558243];381;0;1.0;True;6
1;(119, 3);False;[5.826476176403923e-05, 0.99948718635918];320;0;1.0;True;7
1;(119, 3);False;[5.8248483315654834e-05, 0.9992074100905624];397;0;1.0;True;8
1;(119, 3);False;[5.8257705359302435e-05, 0.9993657323155734];401;0;1.0;True;9
1;(120, 0);False;[2.417250325806697e-05, 0.9947196403940887];540;0;1.0;True;0
1;(120, 0);False;[2.74811995968763e-05, 0.9979939253000675];399;0;1.0;True;1
1;(120, 0);False;[2.141575308164917e-05, 0.9986171797361083];364;0;1.0;True;2
1;(120, 0);False;[2.746665794218354e-05, 0.9974653754574082];330;0;1.0;True;3
1;(120, 0);False;[2.426711176084989e-05, 0.998612305668529];422;0;1.0;True;4
1;(120, 0);False;[3.5277574854054245e-05, 0.9977391925403536];432;0;1.0;True;5
1;(120, 0);False;[2.7466317419093327e-05, 0.9974532778906041];420;0;1.0;True;6
1;(120, 0);False;[3.530170536149614e-05, 0.9984222548820023];422;0;1.0;True;7
1;(120, 0);False;[2.1411832099130144e-05, 0.9984344948469654];359;0;1.0;True;8
1;(120, 0);False;[2.423910186067735e-05, 0.9974600381203932];361;0;1.0;True;9
1;(120, 1);True;[0.9957997344494546, 0.0024683409317019837];330;0;1.0;True;0
1;(120, 1);True;[0.9964651097954019, 0.0010296452096428754];422;0;1.0;True;1
1;(120, 1);True;[0.9795776147901473, 0.017941591794275284];427;0;1.0;True;2
1;(120, 1);True;[0.5283981327830449, 0.46630971551252093];642;0;1.0;True;3
1;(120, 1);True;[0.9949911261014411, 0.0027947249862632566];417;0;1.0;True;4
1;(120, 1);True;[0.850475661527382, 0.14779050290548873];526;0;1.0;True;5
1;(120, 1);True;[0.9962784783104871, 0.00217935048390037];399;0;1.0;True;6
1;(120, 1);True;[0.8506650563712772, 0.14782341699565085];567;0;1.0;True;7
1;(120, 1);True;[0.9894884501674681, 0.00856075246191151];625;0;1.0;True;8
1;(120, 1);True;[0.7527842936244751, 0.24439327831379823];417;0;1.0;True;9
1;(120, 2);False;[3.117248774685024e-05, 0.9990255800306281];414;0;1.0;True;0
1;(120, 2);False;[3.991800470100373e-05, 0.9963239167181365];573;0;1.0;True;1
1;(120, 2);False;[5.1393812354215614e-05, 0.9990074957746421];504;0;1.0;True;2
1;(120, 2);False;[4.536790147253438e-05, 0.9992946596784599];344;0;1.0;True;3
1;(120, 2);False;[3.533565733832863e-05, 0.9993820435246498];302;0;1.0;True;4
1;(120, 2);False;[3.99940242024857e-05, 0.9982209915947138];456;0;1.0;True;5
1;(120, 2);False;[3.99848332117745e-05, 0.9979917882546208];378;0;1.0;True;6
1;(120, 2);False;[5.1352755902600976e-05, 0.9982097071432808];479;0;1.0;True;7
1;(120, 2);False;[5.8144641782337416e-05, 0.9974264743056641];457;0;1.0;True;8
1;(120, 2);False;[4.0034054418450936e-05, 0.9992197883358656];448;0;1.0;True;9
1;(120, 3);False;[2.4279936326744446e-05, 0.9991401680905284];383;0;1.0;True;0
1;(120, 3);False;[2.75065545327488e-05, 0.9989139919882242];389;0;1.0;True;1
1;(120, 3);False;[2.4277458851921636e-05, 0.9990385487053298];454;0;1.0;True;2
1;(120, 3);False;[3.531844149332148e-05, 0.9988953170967498];432;0;1.0;True;3
1;(120, 3);False;[2.4274449175925077e-05, 0.9989147056534207];366;0;1.0;True;4
1;(120, 3);False;[3.531864358764296e-05, 0.9989009075964488];485;0;1.0;True;5
1;(120, 3);False;[2.746616025601404e-05, 0.9974474663916119];509;0;1.0;True;6
1;(120, 3);False;[2.4271092669788942e-05, 0.9987761474122161];524;0;1.0;True;7
1;(120, 3);False;[3.5301974693161387e-05, 0.998429147210062];350;0;1.0;True;8
1;(120, 3);False;[3.527740663786989e-05, 0.9977350391811625];507;0;1.0;True;9
1;(121, 0);False;[6.59826545733413e-05, 0.9988815195401632];408;0;1.0;True;0
1;(121, 0);False;[2.428023734558225e-05, 0.9991525446886167];391;0;1.0;True;1
1;(121, 0);False;[0.00010878223381781638, 0.9988379883424757];399;0;1.0;True;2
1;(121, 0);False;[7.460702611988963e-05, 0.9967293771419791];595;0;1.0;True;3
1;(121, 0);False;[0.0004874512063417433, 0.9986806655754604];703;0;1.0;True;4
1;(121, 0);False;[2.1415977743018047e-05, 0.9986276412864861];267;0;1.0;True;5
1;(121, 0);False;[5.135358846402437e-05, 0.9982256242460738];657;0;1.0;True;6
1;(121, 0);False;[2.142474137495567e-05, 0.9990364070387735];484;0;1.0;True;7
1;(121, 0);False;[2.7523033347901952e-05, 0.9995126716197447];390;0;1.0;True;8
1;(121, 0);False;[2.426745890715116e-05, 0.9986265712709013];437;0;1.0;True;9
1;(121, 1);True;[0.9440264815711418, 0.05325833424284082];376;0;0.9;True;0
1;(121, 1);True;[0.986384227758314, 0.012416742131536646];399;0;0.9;True;1
1;(121, 1);True;[0.8662911351794383, 0.13285005623197838];335;0;0.9;True;2
1;(121, 1);True;[0.9635036844114377, 0.03296928220717567];512;0;0.9;True;3
1;(121, 1);True;[0.921691765909366, 0.07565706902739641];518;0;0.9;True;4
1;(121, 1);False;[0.03304077215036651, 0.9655929412416885];683;0;0.1;False;5
1;(121, 1);True;[0.7963387748565497, 0.2013459649575108];544;0;0.9;True;6
1;(121, 1);True;[0.9118303925296407, 0.08481343062499137];519;0;0.9;True;7
1;(121, 1);True;[0.9570284534050081, 0.04204889437981337];351;0;0.9;True;8
1;(121, 1);True;[0.9312477482835865, 0.06745936012174536];538;0;0.9;True;9
1;(121, 2);True;[0.77592977983099, 0.2223076105735328];378;0;0.7;False;0
1;(121, 2);True;[0.49805003069192266, 0.49805003069192266];428;0;0.7;False;1
1;(121, 2);True;[0.8151135233162508, 0.18187641912721525];428;0;0.7;False;2
1;(121, 2);True;[0.8790472301906211, 0.11896609523980935];453;0;0.7;False;3
1;(121, 2);False;[0.0009092590023692152, 0.9971236707303809];531;0;0.3;True;4
1;(121, 2);False;[0.0016952803879765619, 0.9951046722407797];541;0;0.3;True;5
1;(121, 2);True;[0.9891055351912285, 0.00969684814252618];424;0;0.7;False;6
1;(121, 2);False;[0.009681084504123763, 0.9874974318404657];471;0;0.3;True;7
1;(121, 2);True;[0.9735445569043556, 0.022895575430508845];421;0;0.7;False;8
1;(121, 2);True;[0.8489363145500829, 0.14752300452286304];531;0;0.7;False;9
1;(121, 3);False;[4.5336025484806466e-05, 0.9985928099848599];619;0;1.0;True;0
1;(121, 3);False;[2.7474884167127373e-05, 0.9977641142201338];500;0;1.0;True;1
1;(121, 3);False;[5.8229321689618995e-05, 0.9988786649772743];375;0;1.0;True;2
1;(121, 3);False;[2.142235093792707e-05, 0.9989252924254034];462;0;1.0;True;3
1;(121, 3);False;[5.1398664866211536e-05, 0.9991018501704744];386;0;1.0;True;4
1;(121, 3);False;[0.00010874966344846252, 0.9985393195670401];610;0;1.0;True;5
1;(121, 3);False;[8.468180450358079e-05, 0.9983912403432017];472;0;1.0;True;6
1;(121, 3);False;[0.022955131082316962, 0.9760769110787136];674;0;1.0;True;7
1;(121, 3);False;[9.601216168440843e-05, 0.9989651433166596];501;0;1.0;True;8
1;(121, 3);False;[0.000334771030382754, 0.997938124749253];639;0;1.0;True;9
3;(122, 0);False;[3.112380095810094e-05, 0.9974652567825171];607;0;1.0;True;0
3;(122, 0);False;[2.1412158820252266e-05, 0.9984494684524129];531;0;1.0;True;1
3;(122, 0);False;[2.4172849050973075e-05, 0.994733087251469];577;0;1.0;True;2
3;(122, 0);False;[2.422267180708199e-05, 0.9967836215310547];512;0;1.0;True;3
3;(122, 0);False;[3.1164818762914694e-05, 0.9987798338496219];620;0;1.0;True;4
3;(122, 0);False;[2.7510069884836737e-05, 0.9990419991422347];414;0;1.0;True;5
3;(122, 0);False;[1.8899696240731934e-05, 0.9986364386158391];547;0;1.0;True;6
3;(122, 0);False;[2.1391483120105938e-05, 0.9974853016595588];463;0;1.0;True;7
3;(122, 0);False;[2.4267551480336867e-05, 0.9986309700374332];607;0;1.0;True;8
3;(122, 0);False;[2.749391347234323e-05, 0.9984548163143933];511;0;1.0;True;9
3;(122, 1);True;[0.9892421228273314, 0.009698189142321054];499;0;0.9;False;0
3;(122, 1);True;[0.9944513684227839, 0.00460522287116408];546;0;0.9;False;1
3;(122, 1);True;[0.9659032529685526, 0.03305139277270927];457;0;0.9;False;2
3;(122, 1);True;[0.9917781077083346, 0.007572318690060419];436;0;0.9;False;3
3;(122, 1);True;[0.937924895828531, 0.05995952764877556];520;0;0.9;False;4
3;(122, 1);True;[0.9912885667832125, 0.005894417956300001];474;0;0.9;False;5
3;(122, 1);True;[0.990371262217289, 0.008568389364981466];460;0;0.9;False;6
3;(122, 1);False;[0.01239499055660973, 0.9846561821171579];634;0;0.1;True;7
3;(122, 1);True;[0.9943372638739786, 0.004604695875386769];414;0;0.9;False;8
3;(122, 1);True;[0.9912310534280352, 0.0075681421895508255];416;0;0.9;False;9
3;(122, 2);False;[3.99853670704571e-05, 0.9980047300321035];647;0;1.0;True;0
3;(122, 2);False;[3.530857396088061e-05, 0.998616109847987];547;0;1.0;True;1
3;(122, 2);False;[3.113312249217062e-05, 0.9977644701192107];528;0;1.0;True;2
3;(122, 2);False;[8.468148146874885e-05, 0.9983879132049426];570;0;1.0;True;3
3;(122, 2);False;[5.1381021563889436e-05, 0.9987594991396975];480;0;1.0;True;4
3;(122, 2);False;[3.115450725190844e-05, 0.998449230752242];524;0;1.0;True;5
3;(122, 2);False;[5.825348303764225e-05, 0.9992938263840283];417;0;1.0;True;6
3;(122, 2);False;[3.528750102881322e-05, 0.9980205219884563];536;0;1.0;True;7
3;(122, 2);False;[5.137283908846912e-05, 0.9986002990510395];477;0;1.0;True;8
3;(122, 2);False;[3.113324125583438e-05, 0.9977680305108267];550;0;1.0;True;9
3;(122, 3);True;[0.9973369419539496, 0.0019253134883916022];450;0;1.0;True;0
3;(122, 3);True;[0.9978443461899197, 0.0013239201076023423];388;0;1.0;True;1
3;(122, 3);True;[0.9224419763503184, 0.07571863989712446];515;0;1.0;True;2
3;(122, 3);True;[0.9977687425442123, 0.0010309918467410661];369;0;1.0;True;3
3;(122, 3);True;[0.9978902835183621, 0.0009099581834393363];435;0;1.0;True;4
3;(122, 3);True;[0.9941980871003417, 0.004604050387745214];424;0;1.0;True;5
3;(122, 3);True;[0.9981792996295707, 0.0006255855470017976];466;0;1.0;True;6
3;(122, 3);True;[0.9948684024917989, 0.004065800639458735];446;0;1.0;True;7
3;(122, 3);True;[0.9973001850862493, 0.0011677182281676665];465;0;1.0;True;8
3;(122, 3);True;[0.9986359631265304, 0.0009106379275344962];549;0;1.0;True;9
2;(123, 0);False;[0.11905967559924219, 0.8797386483415397];753;0;0.9;True;0
2;(123, 0);False;[0.40668489153509674, 0.5917230256385002];462;0;0.9;True;1
2;(123, 0);False;[0.001922420100251128, 0.9958380358598162];715;0;0.9;True;2
2;(123, 0);False;[6.598221409307059e-05, 0.9988756913472744];600;0;0.9;True;3
2;(123, 0);True;[0.6502401167127572, 0.3480484433793733];591;0;0.1;False;4
2;(123, 0);False;[0.003589268005749744, 0.9952044303509692];871;0;0.9;True;5
2;(123, 0);False;[0.041979697037620625, 0.9554535540244066];742;0;0.9;True;6
2;(123, 0);False;[0.0952343861217222, 0.9035587721130778];930;0;0.9;True;7
2;(123, 0);False;[5.1387833121077607e-05, 0.9988915108070889];725;0;0.9;True;8
2;(123, 0);False;[0.24466554094068144, 0.7536228766357062];619;0;0.9;True;9
2;(123, 1);True;[0.8348148625223238, 0.16438478816558122];632;0;0.8;False;0
2;(123, 1);True;[0.9900486546618463, 0.009706095560339788];1004;0;0.8;False;1
2;(123, 1);False;[0.00012329263775176597, 0.9990509227652803];531;0;0.2;True;2
2;(123, 1);True;[0.9572073295153197, 0.042056754900753675];673;0;0.8;False;3
2;(123, 1);True;[0.8795725189486479, 0.11903719597905614];572;0;0.8;False;4
2;(123, 1);True;[0.9733212354199617, 0.025938129878258095];653;0;0.8;False;5
2;(123, 1);True;[0.9314825850691091, 0.06747637867963899];719;0;0.8;False;6
2;(123, 1);True;[0.8797092188427669, 0.11905570162014964];590;0;0.8;False;7
2;(123, 1);False;[0.03720369237472922, 0.9594958081797405];480;0;0.2;True;8
2;(123, 1);True;[0.9134054632595997, 0.08495993754331407];698;0;0.8;False;9
2;(123, 2);True;[0.9963417856605296, 0.001923392028077351];587;0;1.0;True;0
2;(123, 2);True;[0.9972957981026808, 0.0014993734498702776];524;0;1.0;True;1
2;(123, 2);True;[0.9963654538208198, 0.0027985856104827114];662;0;1.0;True;2
2;(123, 2);True;[0.9954662576807337, 0.002796059266022255];592;0;1.0;True;3
2;(123, 2);True;[0.9958002069653552, 0.0016964650676970815];749;0;1.0;True;4
2;(123, 2);True;[0.9966062242645032, 0.002180067646624609];642;0;1.0;True;5
2;(123, 2);True;[0.9949691752127163, 0.0027946636860144156];530;0;1.0;True;6
2;(123, 2);True;[0.9967164683795237, 0.0013224241546200633];588;0;1.0;True;7
2;(123, 2);True;[0.997434657478766, 0.0014995822318416476];497;0;1.0;True;8
2;(123, 2);True;[0.9951194282777616, 0.004608317992211139];818;0;1.0;True;9
2;(123, 3);True;[0.6781081390787908, 0.320315613588422];676;0;0.7;False;0
2;(123, 3);True;[0.7747238959448025, 0.22196211904538724];716;0;0.7;False;1
2;(123, 3);True;[0.7041250629778479, 0.2935229871115358];614;0;0.7;False;2
2;(123, 3);True;[0.7039128361214742, 0.2934345440332859];757;0;0.7;False;3
2;(123, 3);True;[0.7968633106646165, 0.20147859738007373];790;0;0.7;False;4
2;(123, 3);False;[8.47099132516533e-05, 0.998723350703337];595;0;0.3;True;5
2;(123, 3);True;[0.9451918604595182, 0.05332407307645183];638;0;0.7;False;6
2;(123, 3);True;[0.6774462271516779, 0.32000295806070655];794;0;0.7;False;7
2;(123, 3);False;[0.0006258114027053046, 0.9985394383697195];568;0;0.3;True;8
2;(123, 3);False;[0.22155360987313644, 0.7732981049670291];688;0;0.3;True;9
1;(124, 0);False;[3.111347334653095e-05, 0.9971344565219469];466;0;1.0;True;0
1;(124, 0);False;[2.423912497689727e-05, 0.9974608683761029];348;0;1.0;True;1
1;(124, 0);False;[3.525594883252157e-05, 0.9971275821856719];648;0;1.0;True;2
1;(124, 0);False;[2.748751647830206e-05, 0.9982228921819283];459;0;1.0;True;3
1;(124, 0);False;[1.2989372782863906e-05, 0.9986219348987134];588;0;1.0;True;4
1;(124, 0);False;[2.7466369806986263e-05, 0.9974550568328859];351;0;1.0;True;5
1;(124, 0);False;[2.7447307213876476e-05, 0.9967624203903929];440;0;1.0;True;6
1;(124, 0);False;[2.4239263674679743e-05, 0.9974660870425706];502;0;1.0;True;7
1;(124, 0);False;[2.141575308164917e-05, 0.9986168230678557];457;0;1.0;True;8
1;(124, 0);False;[2.7371763326940213e-05, 0.9940188999371683];509;0;1.0;True;9
1;(124, 1);True;[0.9972971021444761, 0.0011677148873037964];513;0;1.0;True;0
1;(124, 1);True;[0.9957652182098304, 0.003169302170839978];415;0;1.0;True;1
1;(124, 1);True;[0.9899046014783037, 0.008564353617988857];436;0;1.0;True;2
1;(124, 1);True;[0.9964623871897841, 0.001322086836826038];464;0;1.0;True;3
1;(124, 1);True;[0.9931061785120289, 0.004058598846413543];538;0;1.0;True;4
1;(124, 1);True;[0.9958472570387727, 0.0019224375172754381];435;0;1.0;True;5
1;(124, 1);True;[0.9944477138218347, 0.0009068191234091591];559;0;1.0;True;6
1;(124, 1);True;[0.9956737383653934, 0.002796641963515919];440;0;1.0;True;7
1;(124, 1);True;[0.9978831611783382, 0.0009099516749344985];481;0;1.0;True;8
1;(124, 1);True;[0.9965385032343006, 0.0014982349558649];382;0;1.0;True;9
1;(124, 2);False;[5.134168901547899e-05, 0.9979945189891604];564;0;1.0;True;0
1;(124, 2);False;[0.0001232042485217374, 0.9983342070146085];482;0;1.0;True;1
1;(124, 2);False;[8.46640394176328e-05, 0.998182150334577];601;0;1.0;True;2
1;(124, 2);False;[6.5981962391379e-05, 0.9988715284894576];412;0;1.0;True;3
1;(124, 2);False;[5.822032623152835e-05, 0.9987246587045717];387;0;1.0;True;4
1;(124, 2);False;[3.115955857444838e-05, 0.9986118301907109];443;0;1.0;True;5
1;(124, 2);False;[3.115955857444838e-05, 0.9986113545968655];547;0;1.0;True;6
1;(124, 2);False;[0.00010868206439889963, 0.9979179429823046];428;0;1.0;True;7
1;(124, 2);False;[5.135251103416288e-05, 0.9982047182771387];537;0;1.0;True;8
1;(124, 2);False;[5.1362698547286815e-05, 0.9984030042008718];535;0;1.0;True;9
1;(124, 3);False;[1.890514031944547e-05, 0.9989237459993958];361;0;1.0;True;0
1;(124, 3);False;[2.425804143126492e-05, 0.9982394036783664];608;0;1.0;True;1
1;(124, 3);False;[2.425267487407835e-05, 0.9980187408758312];570;0;1.0;True;2
1;(124, 3);False;[2.423147471198381e-05, 0.997146072423865];522;0;1.0;True;3
1;(124, 3);False;[5.8176423917818105e-05, 0.9979720791812419];653;0;1.0;True;4
1;(124, 3);False;[3.5255747096941326e-05, 0.9971217744415767];486;0;1.0;True;5
1;(124, 3);False;[5.137176125471769e-05, 0.9985789018681058];542;0;1.0;True;6
1;(124, 3);False;[3.1132647442046006e-05, 0.9977485676873558];453;0;1.0;True;7
1;(124, 3);False;[3.996302736502809e-05, 0.997447229046105];444;0;1.0;True;8
1;(124, 3);False;[3.1154002164694897e-05, 0.9984329499943868];451;0;1.0;True;9
3;(125, 0);False;[0.0001582686126415453, 0.9987836392486413];486;0;1.0;True;0
3;(125, 0);False;[9.60473288270534e-05, 0.9993308495012064];433;0;1.0;True;1
3;(125, 0);False;[6.600946647958136e-05, 0.9992877553263335];410;0;1.0;True;2
3;(125, 0);False;[9.605932889768691e-05, 0.9994559864932372];501;0;1.0;True;3
3;(125, 0);False;[9.606830703008133e-05, 0.9995486390268218];532;0;1.0;True;4
3;(125, 0);False;[0.00012332356543898136, 0.9993012069329336];479;0;1.0;True;5
3;(125, 0);False;[6.60284176108481e-05, 0.9995749611861663];510;0;1.0;True;6
3;(125, 0);False;[0.00010879489117847484, 0.9989543178367397];442;0;1.0;True;7
3;(125, 0);False;[9.603945173320474e-05, 0.9992484737860157];380;0;1.0;True;8
3;(125, 0);False;[0.00015835466995481388, 0.9993269208523411];362;0;1.0;True;9
3;(125, 1);False;[2.4286327989758845e-05, 0.9994029988744636];475;0;1.0;True;0
3;(125, 1);False;[2.750983376502623e-05, 0.9990331945766232];462;0;1.0;True;1
3;(125, 1);False;[2.4277620921985427e-05, 0.999044735716147];380;0;1.0;True;2
3;(125, 1);False;[3.1184024500731696e-05, 0.9993952595803672];505;0;1.0;True;3
3;(125, 1);False;[2.75247132718095e-05, 0.9995735318946571];352;0;1.0;True;4
3;(125, 1);False;[2.143109673954341e-05, 0.9993322780676066];686;0;1.0;True;5
3;(125, 1);False;[3.533333220391937e-05, 0.9993165637168522];412;0;1.0;True;6
3;(125, 1);False;[3.117593643211357e-05, 0.99913647898553];462;0;1.0;True;7
3;(125, 1);False;[4.003054206318456e-05, 0.9991321948300373];415;0;1.0;True;8
3;(125, 1);False;[1.6697798890247714e-05, 0.9997662852126928];321;0;1.0;True;9
3;(125, 2);False;[5.8243039661955196e-05, 0.9991145827908785];506;0;1.0;True;0
3;(125, 2);False;[5.824853886576383e-05, 0.9992088383060181];571;0;1.0;True;1
3;(125, 2);False;[4.5336717262934106e-05, 0.9986077882896375];536;0;1.0;True;2
3;(125, 2);False;[4.005467663077068e-05, 0.9997347105325703];633;0;1.0;True;3
3;(125, 2);False;[3.531402938887052e-05, 0.9987703204155048];518;0;1.0;True;4
3;(125, 2);False;[4.5355356008733054e-05, 0.9990178465086063];488;0;1.0;True;5
3;(125, 2);False;[0.0001583859339284271, 0.999523866484138];567;0;1.0;True;6
3;(125, 2);False;[5.8264595067457146e-05, 0.9994840900826845];461;0;1.0;True;7
3;(125, 2);False;[4.002138084768147e-05, 0.9989035244145777];451;0;1.0;True;8
3;(125, 2);False;[4.004554808232805e-05, 0.9995069552004041];310;0;1.0;True;9
3;(125, 3);True;[0.9983513163456581, 0.0007090036689886108];516;0;1.0;True;0
3;(125, 3);True;[0.9987095578473922, 0.001031964228299082];396;0;1.0;True;1
3;(125, 3);True;[0.9988811626612134, 0.0007093797128527783];415;0;1.0;True;2
3;(125, 3);True;[0.9986304944344724, 0.0009106331510610064];382;0;1.0;True;3
3;(125, 3);True;[0.9981335731424275, 0.0010313689845784738];510;0;1.0;True;4
3;(125, 3);True;[0.9989677605356571, 0.0008039022873766551];364;0;1.0;True;5
3;(125, 3);True;[0.9980866632364107, 0.0013242421068476794];390;0;1.0;True;6
3;(125, 3);True;[0.9977690986772513, 0.0011682673733323112];401;0;1.0;True;7
3;(125, 3);True;[0.9987957691129159, 0.0006259719679503892];387;0;1.0;True;8
3;(125, 3);True;[0.9986415506633642, 0.0007092095891765974];467;0;1.0;True;9
3;(126, 0);False;[4.531908021759576e-05, 0.9982194474211075];319;0;1.0;True;0
3;(126, 0);False;[3.528608764021588e-05, 0.9979797965333285];492;0;1.0;True;1
3;(126, 0);False;[3.118363789088602e-05, 0.9993828769508158];397;0;1.0;True;2
3;(126, 0);False;[3.9963294147908196e-05, 0.9974544639291855];549;0;1.0;True;3
3;(126, 0);False;[1.8871581467166167e-05, 0.9971502210096412];526;0;1.0;True;4
3;(126, 0);False;[4.533615519240135e-05, 0.9985950685216209];435;0;1.0;True;5
3;(126, 0);False;[2.7506292211053742e-05, 0.9989048328843568];411;0;1.0;True;6
3;(126, 0);False;[2.7466893691411396e-05, 0.9974739152095881];407;0;1.0;True;7
3;(126, 0);False;[3.999429119229272e-05, 0.9982280000207352];433;0;1.0;True;8
3;(126, 0);False;[2.745759622812061e-05, 0.9971363530670334];339;0;1.0;True;9
3;(126, 1);False;[9.605859602596404e-05, 0.999448008210929];352;0;1.0;True;0
3;(126, 1);False;[4.5336068720630194e-05, 0.9985935231880876];500;0;1.0;True;1
3;(126, 1);False;[5.8201506898887015e-05, 0.9984022912499435];373;0;1.0;True;2
3;(126, 1);False;[0.0001231814562650997, 0.9981496066255139];423;0;1.0;True;3
3;(126, 1);False;[4.0034054418450936e-05, 0.9992206215103957];366;0;1.0;True;4
3;(126, 1);False;[5.8211942827465354e-05, 0.9985805661028352];393;0;1.0;True;5
3;(126, 1);False;[4.002145718248032e-05, 0.9989056655055494];424;0;1.0;True;6
3;(126, 1);False;[0.0002607385894219706, 0.9980094793737881];484;0;1.0;True;7
3;(126, 1);False;[1.891720580096338e-05, 0.9995618594965581];766;0;1.0;True;8
3;(126, 1);False;[7.471610881968164e-05, 0.9981871388555197];535;0;1.0;True;9
3;(126, 2);False;[3.115403187548078e-05, 0.9984346137534063];402;0;1.0;True;0
3;(126, 2);False;[2.1419245811215e-05, 0.9987801905760957];468;0;1.0;True;1
3;(126, 2);False;[5.819035140636777e-05, 0.9982105386040275];505;0;1.0;True;2
3;(126, 2);False;[5.8125846914190135e-05, 0.9971037589491734];450;0;1.0;True;3
3;(126, 2);False;[3.117602562731077e-05, 0.9991387400313836];337;0;1.0;True;4
3;(126, 2);False;[4.0002416163018774e-05, 0.9984305732670156];310;0;1.0;True;5
3;(126, 2);False;[3.117578777401868e-05, 0.9991311238085738];398;0;1.0;True;6
3;(126, 2);False;[3.117599589555001e-05, 0.9991385020508033];393;0;1.0;True;7
3;(126, 2);False;[2.7481881016294573e-05, 0.9980180284316713];558;0;1.0;True;8
3;(126, 2);False;[3.116897999291274e-05, 0.9989138730246928];325;0;1.0;True;9
3;(126, 3);True;[0.9974365550593008, 0.0010306487564148241];347;0;1.0;True;0
3;(126, 3);True;[0.9977555694280614, 0.0015000649726838885];324;0;1.0;True;1
3;(126, 3);True;[0.9972286944970076, 0.0008025028173411827];310;0;1.0;True;2
3;(126, 3);True;[0.9987038506427364, 0.0007092538918108245];274;0;1.0;True;3
3;(126, 3);True;[0.9989897691706823, 0.000552525542553238];366;0;1.0;True;4
3;(126, 3);True;[0.9964524445803031, 0.002179730862568382];316;0;1.0;True;5
3;(126, 3);True;[0.9977643514087342, 0.0011682618026126496];408;0;1.0;True;6
3;(126, 3);True;[0.9963187100587285, 0.001697348657561871];417;0;1.0;True;7
3;(126, 3);True;[0.9981689662988774, 0.001168735965924068];297;0;1.0;True;8
3;(126, 3);True;[0.9965643119080273, 0.0016977663381422356];339;0;1.0;True;9
2;(127, 0);False;[3.996272247248873e-05, 0.997439638664399];466;0;1.0;True;0
2;(127, 0);False;[3.114066488390769e-05, 0.9980055612059309];455;0;1.0;True;1
2;(127, 0);False;[3.531844149332148e-05, 0.9988950791741494];491;0;1.0;True;2
2;(127, 0);False;[5.131207479324742e-05, 0.9974186469754217];418;0;1.0;True;3
2;(127, 0);False;[3.1172517475265355e-05, 0.9990267697996141];426;0;1.0;True;4
2;(127, 0);False;[3.5242468710389185e-05, 0.996746668299624];464;0;1.0;True;5
2;(127, 0);False;[4.534925757118752e-05, 0.9988840173475255];442;0;1.0;True;6
2;(127, 0);False;[4.532781142642348e-05, 0.9984110846181776];430;0;1.0;True;7
2;(127, 0);False;[2.751264109840277e-05, 0.9991355269493887];455;0;1.0;True;8
2;(127, 0);False;[4.003000760135476e-05, 0.9991193427645602];505;0;1.0;True;9
2;(127, 1);False;[3.115403187548078e-05, 0.9984347325436281];382;0;1.0;True;0
2;(127, 1);False;[5.1296124460278135e-05, 0.9971092109228622];544;0;1.0;True;1
2;(127, 1);False;[3.994999528461432e-05, 0.9971221298793724];441;0;1.0;True;2
2;(127, 1);False;[5.139876290147819e-05, 0.9991037540631749];264;0;1.0;True;3
2;(127, 1);False;[5.131241733944576e-05, 0.9974256440785829];470;0;1.0;True;4
2;(127, 1);False;[5.817548074232144e-05, 0.9979556952544819];425;0;1.0;True;5
2;(127, 1);False;[3.5313490543656204e-05, 0.9987554560595789];459;0;1.0;True;6
2;(127, 1);False;[3.116431350852751e-05, 0.9987636611818109];324;0;1.0;True;7
2;(127, 1);False;[4.52836971500395e-05, 0.9974397573362422];385;0;1.0;True;8
2;(127, 1);False;[2.1421901483832543e-05, 0.9989042380722958];379;0;1.0;True;9
2;(127, 2);True;[0.996283093016161, 0.002179360875878061];302;0;1.0;True;0
2;(127, 2);True;[0.996973285889474, 0.0019246112997971878];429;0;1.0;True;1
2;(127, 2);True;[0.995796306281435, 0.00169645859620877];377;0;1.0;True;2
2;(127, 2);True;[0.997321645894464, 0.0013232271278855242];452;0;1.0;True;3
2;(127, 2);True;[0.9936584829258162, 0.004601552720413513];411;0;1.0;True;4
2;(127, 2);True;[0.9960880135823676, 0.0016969553547057645];466;0;1.0;True;5
2;(127, 2);True;[0.9965374377774425, 0.0014982335270373839];431;0;1.0;True;6
2;(127, 2);True;[0.9964580076036662, 0.002179743335124108];371;0;1.0;True;7
2;(127, 2);True;[0.9976401122603095, 0.0016995993568795058];511;0;1.0;True;8
2;(127, 2);True;[0.9963393004736812, 0.0016973834603518133];498;0;1.0;True;9
2;(127, 3);False;[4.5327638514874974e-05, 0.9984078762008141];472;0;1.0;True;0
2;(127, 3);False;[5.821144319249651e-05, 0.9985727206483925];520;0;1.0;True;1
2;(127, 3);False;[7.475530925820876e-05, 0.9987109847699175];504;0;1.0;True;2
2;(127, 3);False;[7.47153250206188e-05, 0.9981760927704746];547;0;1.0;True;3
2;(127, 3);False;[5.817675680693837e-05, 0.9979775407822953];444;0;1.0;True;4
2;(127, 3);False;[4.535453418565412e-05, 0.9989997626833588];363;0;1.0;True;5
2;(127, 3);False;[4.531830227070171e-05, 0.9982017487451644];472;0;1.0;True;6
2;(127, 3);False;[6.586445975077711e-05, 0.9970924996638657];521;0;1.0;True;7
2;(127, 3);False;[7.477477456766362e-05, 0.9989702587912649];541;0;1.0;True;8
2;(127, 3);False;[7.469879590116897e-05, 0.9979555765212542];515;0;1.0;True;9
0;(128, 0);True;[0.9994401491348515, 0.00015837264220961805];364;0;1.0;True;0
0;(128, 0);True;[0.9995615021708999, 0.00015839182493327278];317;0;1.0;True;1
0;(128, 0);True;[0.9992860887496802, 0.0002033230830301222];315;0;1.0;True;2
0;(128, 0);True;[0.9994182396534195, 0.0002958725586854193];384;0;1.0;True;3
0;(128, 0);True;[0.9989655002256139, 0.00020325794172269766];487;0;1.0;True;4
0;(128, 0);True;[0.9994094285142933, 0.00013975910102976088];560;0;1.0;True;5
0;(128, 0);True;[0.998862726996025, 0.0002032370078778843];507;0;1.0;True;6
0;(128, 0);True;[0.9994185968987769, 0.0001794557782103322];497;0;1.0;True;7
0;(128, 0);True;[0.9991920566706971, 0.00029580541078382265];388;0;1.0;True;8
0;(128, 0);True;[0.9992828747285062, 0.0002033225013189477];499;0;1.0;True;9
0;(128, 1);False;[2.750978129423245e-05, 0.9990317668448283];433;0;1.0;True;0
0;(128, 1);False;[2.1412199660743065e-05, 0.9984514887317971];361;0;1.0;True;1
0;(128, 1);False;[2.4290543702604558e-05, 0.9995769860411214];403;0;1.0;True;2
0;(128, 1);False;[2.75247132718095e-05, 0.9995737701243124];584;0;1.0;True;3
0;(128, 1);False;[2.143628869312935e-05, 0.9995751994161622];548;0;1.0;True;4
0;(128, 1);False;[2.1433999172752945e-05, 0.9994682518717328];388;0;1.0;True;5
0;(128, 1);False;[2.1429114317444506e-05, 0.9992401417815749];442;0;1.0;True;6
0;(128, 1);False;[1.8919118228075797e-05, 0.9996628706005333];430;0;1.0;True;7
0;(128, 1);False;[2.1431035424771523e-05, 0.9993298971053514];488;0;1.0;True;8
0;(128, 1);False;[3.117890974287635e-05, 0.9992316908452274];391;0;1.0;True;9
0;(128, 2);False;[4.5349517062463215e-05, 0.9988892509021439];455;0;1.0;True;0
0;(128, 2);False;[3.533801632668747e-05, 0.9994484845522884];385;0;1.0;True;1
0;(128, 2);False;[2.429045104171065e-05, 0.9995731745939177];454;0;1.0;True;2
0;(128, 2);False;[3.5333062633016214e-05, 0.9993090638694281];447;0;1.0;True;3
0;(128, 2);False;[4.0002187268012316e-05, 0.9984245126843199];306;0;1.0;True;4
0;(128, 2);False;[3.534617289984807e-05, 0.9996800254830662];394;0;1.0;True;5
0;(128, 2);False;[3.535139814031289e-05, 0.9998270572365549];860;0;1.0;True;6
0;(128, 2);False;[2.4286212183798727e-05, 0.9993981171320517];301;0;1.0;True;7
0;(128, 2);False;[5.1408224184423615e-05, 0.9992877553263335];605;0;1.0;True;8
0;(128, 2);False;[3.117902868120495e-05, 0.9992358567744486];539;0;1.0;True;9
0;(128, 3);False;[4.536426725709877e-05, 0.9992144323634158];349;0;1.0;True;0
0;(128, 3);False;[5.138013955776868e-05, 0.9987422570104213];412;0;1.0;True;1
0;(128, 3);False;[3.533565733832863e-05, 0.999382400698897];367;0;1.0;True;2
0;(128, 3);False;[3.119074633021913e-05, 0.9996111713425146];413;0;1.0;True;3
0;(128, 3);False;[3.533582583227464e-05, 0.9993865678963391];466;0;1.0;True;4
0;(128, 3);False;[4.537443513952883e-05, 0.9994383630453468];377;0;1.0;True;5
0;(128, 3);False;[4.004298940655732e-05, 0.999442887904705];458;0;1.0;True;6
0;(128, 3);False;[4.5371665788305086e-05, 0.9993774000965375];321;0;1.0;True;7
0;(128, 3);False;[3.119190643852682e-05, 0.999647860585283];457;0;1.0;True;8
0;(128, 3);False;[3.118589813942128e-05, 0.9994551529479262];375;0;1.0;True;9
1;(129, 0);False;[0.0005516962516868861, 0.9974901646525003];453;0;1.0;True;0
1;(129, 0);False;[0.000487108020936205, 0.9979773033106558];564;0;1.0;True;1
1;(129, 0);False;[0.00020318390761132736, 0.9986019633214296];580;0;1.0;True;2
1;(129, 0);False;[0.0009099542783308472, 0.9978862475581635];416;0;1.0;True;3
1;(129, 0);False;[0.00026099906614468477, 0.9990070198760592];491;0;1.0;True;4
1;(129, 0);False;[0.0004303081459542857, 0.9989914347879519];404;0;1.0;True;5
1;(129, 0);False;[0.0009101938226619084, 0.9981485377031354];623;0;1.0;True;6
1;(129, 0);False;[0.0002956426826929047, 0.9986423829488449];560;0;1.0;True;7
1;(129, 0);False;[0.00020315096916485298, 0.9984404366993397];521;0;1.0;True;8
1;(129, 0);False;[0.0006257412802534777, 0.9984278400607794];660;0;1.0;True;9
1;(129, 1);True;[0.9944511327163622, 0.00460522287116408];409;0;1.0;True;0
1;(129, 1);True;[0.9949847530335384, 0.004066275654786623];499;0;1.0;True;1
1;(129, 1);True;[0.995996592668312, 0.002797548919656253];535;0;1.0;True;2
1;(129, 1);True;[0.9959922172165012, 0.0031700246263882542];461;0;1.0;True;3
1;(129, 1);True;[0.9961759023131878, 0.0024692732891125114];469;0;1.0;True;4
1;(129, 1);True;[0.9958726751957448, 0.00316964372971891];572;0;1.0;True;5
1;(129, 1);True;[0.995996592668312, 0.002797548919656253];488;0;1.0;True;6
1;(129, 1);True;[0.995460469347476, 0.003590190620843555];604;0;1.0;True;7
1;(129, 1);True;[0.9943837039876486, 0.0052180478419327075];454;0;1.0;True;8
1;(129, 1);True;[0.9948662783933173, 0.004607144720778704];488;0;1.0;True;9
1;(129, 2);False;[0.00015798872188511277, 0.9970176025003101];578;0;1.0;True;0
1;(129, 2);False;[0.0003349923524459168, 0.998597802650655];487;0;1.0;True;1
1;(129, 2);False;[0.00023037392495817144, 0.9991938419710649];753;0;1.0;True;2
1;(129, 2);False;[6.588764191640625e-05, 0.9974437896327231];576;0;1.0;True;3
1;(129, 2);False;[0.0002609450586742289, 0.9988002882723772];412;0;1.0;True;4
1;(129, 2);False;[0.00015828853754149008, 0.9989097097751756];591;0;1.0;True;5
1;(129, 2);False;[0.00023029089268431475, 0.9988338257580675];595;0;1.0;True;6
1;(129, 2);False;[0.0001233034556803573, 0.9991381450218817];627;0;1.0;True;7
1;(129, 2);False;[0.0001233043964146564, 0.9991458803475187];560;0;1.0;True;8
1;(129, 2);False;[0.00017937895173743718, 0.99899095889702];750;0;1.0;True;9
1;(129, 3);False;[0.000487495835875505, 0.9987717474248455];496;0;0.4;True;0
1;(129, 3);True;[0.9762179901186878, 0.022958447917341963];478;0;0.6;False;1
1;(129, 3);True;[0.7047387299731243, 0.29377881032226355];675;0;0.6;False;2
1;(129, 3);True;[0.8349883771991672, 0.16441896748041993];368;0;0.6;False;3
1;(129, 3);True;[0.8799434236314185, 0.11908738359665087];466;0;0.6;False;4
1;(129, 3);False;[0.08491990081323766, 0.9129749189858669];587;0;0.4;True;5
1;(129, 3);False;[0.0014999340809253364, 0.9976688258804681];439;0;0.4;True;6
1;(129, 3);True;[0.7967270066377891, 0.20144413432502414];516;0;0.6;False;7
1;(129, 3);True;[0.9391505255406116, 0.060037889369454964];430;0;0.6;False;8
1;(129, 3);False;[0.0021808963152751886, 0.996985253445845];488;0;0.4;True;9
3;(130, 0);False;[0.0003797867126234096, 0.9990998272375694];549;0;1.0;True;0
3;(130, 0);False;[0.001324035639500224, 0.9979313577940233];572;0;1.0;True;1
3;(130, 0);False;[0.00015837943897191806, 0.9994828991872873];594;0;1.0;True;2
3;(130, 0);False;[0.00023039875258750508, 0.9993007307781012];547;0;1.0;True;3
3;(130, 0);False;[0.0024684492177713, 0.9958433557068254];680;0;1.0;True;4
3;(130, 0);False;[0.00048765695459213705, 0.9991020881423247];498;0;1.0;True;5
3;(130, 0);False;[0.0001794360979173857, 0.9993090638694281];736;0;1.0;True;6
3;(130, 0);False;[0.00013980162530602378, 0.9997137412445506];426;0;1.0;True;7
3;(130, 0);False;[0.0002611367486297301, 0.9995342279208385];470;0;1.0;True;8
3;(130, 0);False;[5.142528830854008e-05, 0.9996199860349345];695;0;1.0;True;9
3;(130, 1);False;[6.60247654747049e-05, 0.9995194599738089];547;0;1.0;True;0
3;(130, 1);False;[2.4282390896885917e-05, 0.9992415701019792];597;0;1.0;True;1
3;(130, 1);False;[1.669168509319993e-05, 0.9994002603302633];514;0;1.0;True;2
3;(130, 1);False;[2.143626824990113e-05, 0.9995737701243124];341;0;1.0;True;3
3;(130, 1);False;[2.4289223318235897e-05, 0.9995219609472634];564;0;1.0;True;4
3;(130, 1);False;[2.75268133208881e-05, 0.9996504813676652];427;0;1.0;True;5
3;(130, 1);False;[2.1435164344528706e-05, 0.9995223182587862];576;0;1.0;True;6
3;(130, 1);False;[2.428227510969928e-05, 0.999236689962377];640;0;1.0;True;7
3;(130, 1);False;[2.428227510969928e-05, 0.9992363328983692];532;0;1.0;True;8
3;(130, 1);False;[4.004906175425085e-05, 0.9995948526409025];586;0;1.0;True;9
3;(130, 2);False;[0.0006261666115306462, 0.999106134021386];784;0;1.0;True;0
3;(130, 2);False;[2.7523033347901952e-05, 0.9995131479919229];358;0;1.0;True;1
3;(130, 2);False;[5.825748312421698e-05, 0.9993626367643493];649;0;1.0;True;2
3;(130, 2);False;[2.429248966303114e-05, 0.9996567950896345];528;0;1.0;True;3
3;(130, 2);False;[4.537443513952883e-05, 0.9994388393239343];513;0;1.0;True;4
3;(130, 2);False;[4.004944369368799e-05, 0.999603905280798];806;0;1.0;True;5
3;(130, 2);False;[5.1432841481585805e-05, 0.9997662852126928];392;0;1.0;True;6
3;(130, 2);False;[2.7515579922459622e-05, 0.9992416891627005];722;0;1.0;True;7
3;(130, 2);False;[2.751775800351692e-05, 0.9993215636657946];595;0;1.0;True;8
3;(130, 2);False;[9.607728600161196e-05, 0.99964226174479];650;0;1.0;True;9
3;(130, 3);True;[0.9984377034661024, 0.0006257475461954207];510;0;1.0;True;0
3;(130, 3);True;[0.9985674903796744, 0.0009105758353332659];413;0;1.0;True;1
3;(130, 3);True;[0.9966160516908854, 0.0005512126793482566];671;0;1.0;True;2
3;(130, 3);True;[0.9974353690420144, 0.0010306477735120446];536;0;1.0;True;3
3;(130, 3);True;[0.9983509598885852, 0.0009103782974039348];443;0;1.0;True;4
3;(130, 3);True;[0.997557303272166, 0.0009096545028123359];682;0;1.0;True;5
3;(130, 3);True;[0.9978856539334794, 0.0011684038642620481];593;0;1.0;True;6
3;(130, 3);True;[0.9979983183753529, 0.0008031222052438422];589;0;1.0;True;7
3;(130, 3);True;[0.9982477191454135, 0.0005521152169725968];551;0;1.0;True;8
3;(130, 3);True;[0.9982580541048666, 0.0009102936514102817];432;0;1.0;True;9
0;(131, 0);True;[0.9989112560631652, 0.00015828883945320367];376;0;1.0;True;0
0;(131, 0);True;[0.9990652009721888, 0.00020327810227784167];447;0;1.0;True;1
0;(131, 0);True;[0.9992687093337248, 0.00015834545807708422];387;0;1.0;True;2
0;(131, 0);True;[0.9986668740065789, 0.00013965517764828007];396;0;1.0;True;3
0;(131, 0);True;[0.9978477883784892, 0.00020303049870510235];428;0;1.0;True;4
0;(131, 0);True;[0.9992244302755503, 0.00020331047966061613];329;0;1.0;True;5
0;(131, 0);True;[0.9986473760950058, 0.0002956443743787445];312;0;1.0;True;6
0;(131, 0);True;[0.9990905457005536, 0.00023035019839696922];426;0;1.0;True;7
0;(131, 0);True;[0.997613773314807, 0.00017913175630206976];527;0;1.0;True;8
0;(131, 0);True;[0.9987900609505009, 0.00015826966920204875];386;0;1.0;True;9
0;(131, 1);False;[1.2991565578655088e-05, 0.9987908933597527];406;0;1.0;True;0
0;(131, 1);False;[2.1412199660743065e-05, 0.9984512510311453];392;0;1.0;True;1
0;(131, 1);False;[2.748138305428833e-05, 0.9980005744057152];482;0;1.0;True;2
0;(131, 1);False;[1.4719014008979014e-05, 0.9986306133642553];369;0;1.0;True;3
0;(131, 1);False;[2.1391421918669364e-05, 0.9974822176810482];426;0;1.0;True;4
0;(131, 1);False;[1.666882597430858e-05, 0.9980316834675754];439;0;1.0;True;5
0;(131, 1);False;[1.890746624824848e-05, 0.9990469963217768];339;0;1.0;True;6
0;(131, 1);False;[1.6685732661469702e-05, 0.9990443787207316];413;0;1.0;True;7
0;(131, 1);False;[1.4710131177244761e-05, 0.9980282399475243];312;0;1.0;True;8
0;(131, 1);False;[1.4719042083297034e-05, 0.9986328721027733];349;0;1.0;True;9
0;(131, 2);False;[1.4716543678673502e-05, 0.9984625410028292];319;0;1.0;True;0
0;(131, 2);False;[1.6672514400772404e-05, 0.9982523520370254];391;0;1.0;True;1
0;(131, 2);False;[1.668143677080611e-05, 0.9987862554107406];440;0;1.0;True;2
0;(131, 2);False;[1.668924975087754e-05, 0.9992547824387871];349;0;1.0;True;3
0;(131, 2);False;[2.142220792878321e-05, 0.9989183931836857];359;0;1.0;True;4
0;(131, 2);False;[2.1430912795754014e-05, 0.9993241827492816];467;0;1.0;True;5
0;(131, 2);False;[2.1419266238209348e-05, 0.998781260872555];405;0;1.0;True;6
0;(131, 2);False;[2.140293086718112e-05, 0.998019690802169];385;0;1.0;True;7
0;(131, 2);False;[2.1391340317026305e-05, 0.9974792523886147];401;0;1.0;True;8
0;(131, 2);False;[1.668918608656358e-05, 0.999250854437947];329;0;1.0;True;9
0;(131, 3);False;[1.891754858028182e-05, 0.9995796064340502];329;0;1.0;True;0
0;(131, 3);False;[2.1427132078723867e-05, 0.999147665390907];427;0;1.0;True;1
0;(131, 3);False;[2.4246430806666238e-05, 0.9977613845806517];501;0;1.0;True;2
0;(131, 3);False;[2.4252698003242514e-05, 0.998018859616574];674;0;1.0;True;3
0;(131, 3);False;[2.142915519027538e-05, 0.9992419271678584];461;0;1.0;True;4
0;(131, 3);False;[1.6689154254497673e-05, 0.99924835478265];348;0;1.0;True;5
0;(131, 3);False;[2.4280098413347222e-05, 0.9991467133441065];399;0;1.0;True;6
0;(131, 3);False;[1.472527590754659e-05, 0.9990552061652198];396;0;1.0;True;7
0;(131, 3);False;[1.4736627119317502e-05, 0.9998256272208392];417;0;1.0;True;8
0;(131, 3);False;[1.2987242285035584e-05, 0.9984579062058432];437;0;1.0;True;9
1;(132, 0);False;[2.7512929719007754e-05, 0.9991455233159605];402;0;1.0;True;0
1;(132, 0);False;[1.8912948638673726e-05, 0.9993363258095299];366;0;1.0;True;1
1;(132, 0);False;[3.114066488390769e-05, 0.9980061549019457];390;0;1.0;True;2
1;(132, 0);False;[2.7523112092044635e-05, 0.999515887136354];382;0;1.0;True;3
1;(132, 0);False;[1.6694757633210383e-05, 0.9995842517035216];327;0;1.0;True;4
1;(132, 0);False;[2.751277228921151e-05, 0.9991401680905284];460;0;1.0;True;5
1;(132, 0);False;[2.427991317160381e-05, 0.9991387400313836];432;0;1.0;True;6
1;(132, 0);False;[2.428442884174375e-05, 0.9993251351396908];320;0;1.0;True;7
1;(132, 0);False;[2.426734319116563e-05, 0.9986215783450174];438;0;1.0;True;8
1;(132, 0);False;[3.118396502198192e-05, 0.9993937117287399];306;0;1.0;True;9
1;(132, 1);True;[0.9986183685537005, 0.0005523203416584281];446;0;1.0;True;0
1;(132, 1);True;[0.9993008498458714, 0.0002958378542955071];350;0;1.0;True;1
1;(132, 1);True;[0.9982514016568146, 0.0008033259650147111];479;0;1.0;True;2
1;(132, 1);True;[0.9993152541842348, 0.0002304020484916723];349;0;1.0;True;3
1;(132, 1);True;[0.9991621843624163, 0.00043038160913949484];370;0;1.0;True;4
1;(132, 1);True;[0.9992583533831915, 0.00033521382082835814];334;0;1.0;True;5
1;(132, 1);True;[0.9995135052712056, 0.00020336943136849755];399;0;1.0;True;6
1;(132, 1);True;[0.998862726996025, 0.0006260140559891459];362;0;1.0;True;7
1;(132, 1);True;[0.9990541353425895, 0.0002957647908817336];402;0;1.0;True;8
1;(132, 1);True;[0.9994806366062967, 0.0001583789858453567];394;0;1.0;True;9
1;(132, 2);False;[2.1435021249846413e-05, 0.9995155298562198];381;0;1.0;True;0
1;(132, 2);False;[2.750269865572822e-05, 0.9987744825027128];368;0;1.0;True;1
1;(132, 2);False;[2.7515474959052333e-05, 0.9992385944028456];396;0;1.0;True;2
1;(132, 2);False;[2.7498528621739094e-05, 0.9986226482389974];432;0;1.0;True;3
1;(132, 2);False;[1.8914301446555647e-05, 0.9994077615601981];387;0;1.0;True;4
1;(132, 2);False;[2.7512903480645824e-05, 0.999144690262207];353;0;1.0;True;5
1;(132, 2);False;[1.6685764487009433e-05, 0.9990458065287025];381;0;1.0;True;6
1;(132, 2);False;[2.1435164344528706e-05, 0.9995221991646277];332;0;1.0;True;7
1;(132, 2);False;[2.4284289885524856e-05, 0.9993194208108509];440;0;1.0;True;8
1;(132, 2);False;[1.8917620745140303e-05, 0.9995834179348707];326;0;1.0;True;9
1;(132, 3);False;[4.535565878941065e-05, 0.9990249851466665];401;0;1.0;True;0
1;(132, 3);False;[4.530922721027338e-05, 0.9980022367471403];416;0;1.0;True;1
1;(132, 3);False;[2.4287972493987926e-05, 0.9994708716887305];408;0;1.0;True;2
1;(132, 3);False;[3.53086076337768e-05, 0.9986171797361083];335;0;1.0;True;3
1;(132, 3);False;[5.139405741959422e-05, 0.999012016822486];461;0;1.0;True;4
1;(132, 3);False;[3.534519535998477e-05, 0.9996520299951931];283;0;1.0;True;5
1;(132, 3);False;[3.529527567812494e-05, 0.9982403540471546];435;0;1.0;True;6
1;(132, 3);False;[3.1190924805611856e-05, 0.9996166507289067];269;0;1.0;True;7
1;(132, 3);False;[3.998540520349289e-05, 0.998006273641191];477;0;1.0;True;8
1;(132, 3);False;[3.533053550581792e-05, 0.9992377612133292];369;0;1.0;True;9
0;(133, 0);True;[0.998804331650258, 0.00026094630296019775];499;0;1.0;True;0
0;(133, 0);True;[0.9980421326101534, 0.00023010845867812066];471;0;1.0;True;1
0;(133, 0);True;[0.9986060051989262, 0.0002031846826979025];402;0;1.0;True;2
0;(133, 0);True;[0.9989332622904077, 0.00033510482603133597];536;0;1.0;True;3
0;(133, 0);True;[0.9987403543879331, 0.00020321200638882947];573;0;1.0;True;4
0;(133, 0);True;[0.9989420651031161, 0.00023031593101146013];548;0;1.0;True;5
0;(133, 0);True;[0.9980366706556101, 0.00023010714199072556];469;0;1.0;True;6
0;(133, 0);True;[0.9988859204762661, 0.00017936013512351577];483;0;1.0;True;7
0;(133, 0);True;[0.9986504671636564, 0.0002956452202252944];461;0;1.0;True;8
0;(133, 0);True;[0.9979814588401444, 0.00029544707632875626];566;0;1.0;True;9
0;(133, 1);False;[4.001554166715329e-05, 0.9987580721478566];610;0;1.0;True;0
0;(133, 1);False;[5.1353000772206695e-05, 0.9982148147984133];442;0;1.0;True;1
0;(133, 1);False;[4.5336111956495155e-05, 0.9985942365080763];437;0;1.0;True;2
0;(133, 1);False;[3.115955857444838e-05, 0.998611473524369];615;0;1.0;True;3
0;(133, 1);False;[5.13414441998118e-05, 0.9979894135068664];600;0;1.0;True;4
0;(133, 1);False;[3.530180636062981e-05, 0.9984246315895718];510;0;1.0;True;5
0;(133, 1);False;[6.597277593671821e-05, 0.998732506515419];503;0;1.0;True;6
0;(133, 1);False;[6.598189946610612e-05, 0.9988705769383444];464;0;1.0;True;7
0;(133, 1);False;[5.136309041507308e-05, 0.9984103716614793];500;0;1.0;True;8
0;(133, 1);False;[4.534969005747191e-05, 0.9988934139501063];544;0;1.0;True;9
0;(133, 2);False;[2.141589604770213e-05, 0.9986241937338572];563;0;1.0;True;0
0;(133, 2);False;[3.114096186584676e-05, 0.9980152974004362];534;0;1.0;True;1
0;(133, 2);False;[1.8902580325547375e-05, 0.9987881582369454];455;0;1.0;True;2
0;(133, 2);False;[2.7498554846392084e-05, 0.9986234803924693];567;0;1.0;True;3
0;(133, 2);False;[2.7498554846392084e-05, 0.9986234803924693];371;0;1.0;True;4
0;(133, 2);False;[1.6681452679471505e-05, 0.9987875636106341];463;0;1.0;True;5
0;(133, 2);False;[2.751295595739471e-05, 0.9991467133441065];416;0;1.0;True;6
0;(133, 2);False;[2.142721381690192e-05, 0.999151711629009];377;0;1.0;True;7
0;(133, 2);False;[1.8914373599027276e-05, 0.9994113336330238];508;0;1.0;True;8
0;(133, 2);False;[3.114806057700332e-05, 0.9982433238101861];538;0;1.0;True;9
0;(133, 3);False;[2.7502672427123387e-05, 0.9987735311603205];498;0;1.0;True;0
0;(133, 3);False;[4.00090546879784e-05, 0.9985957818427136];498;0;1.0;True;1
0;(133, 3);False;[2.749847617250814e-05, 0.9986206272645226];493;0;1.0;True;2
0;(133, 3);False;[2.7498528621739094e-05, 0.9986228859804537];440;0;1.0;True;3
0;(133, 3);False;[1.89026163793925e-05, 0.9987908933597527];442;0;1.0;True;4
0;(133, 3);False;[1.668382324016699e-05, 0.9989298126360698];623;0;1.0;True;5
0;(133, 3);False;[2.7466919885894953e-05, 0.9974753383926048];465;0;1.0;True;6
0;(133, 3);False;[2.426748205041448e-05, 0.9986276412864861];372;0;1.0;True;7
0;(133, 3);False;[2.426748205041448e-05, 0.9986279979586025];561;0;1.0;True;8
0;(133, 3);False;[2.426745890715116e-05, 0.9986271656851106];358;0;1.0;True;9
2;(134, 0);False;[5.8250094290324456e-05, 0.9992357377144223];369;0;1.0;True;0
2;(134, 0);False;[8.470878225984292e-05, 0.9987100334880075];452;0;1.0;True;1
2;(134, 0);False;[8.466371645056915e-05, 0.9981782306753939];343;0;1.0;True;2
2;(134, 0);False;[7.475587959813207e-05, 0.9987181189480606];435;0;1.0;True;3
2;(134, 0);False;[6.597208385838639e-05, 0.9987222805852009];324;0;1.0;True;4
2;(134, 0);False;[0.0001230433831160093, 0.9970308747466137];471;0;1.0;True;5
2;(134, 0);False;[5.823543050897501e-05, 0.9989835828491598];401;0;1.0;True;6
2;(134, 0);False;[6.598875867408167e-05, 0.9989744225257299];430;0;1.0;True;7
2;(134, 0);False;[7.476600385589594e-05, 0.9988538066237683];344;0;1.0;True;8
2;(134, 0);False;[7.47751311224238e-05, 0.998975493146625];544;0;1.0;True;9
2;(134, 1);False;[4.531856158484924e-05, 0.9982073315283629];603;0;1.0;True;0
2;(134, 1);False;[5.135256000775709e-05, 0.9982061436649209];510;0;1.0;True;1
2;(134, 1);False;[4.0020464841451856e-05, 0.9988808058986761];663;0;1.0;True;2
2;(134, 1);False;[5.8211554222118986e-05, 0.9985740282198524];600;0;1.0;True;3
2;(134, 1);False;[4.531864802322816e-05, 0.9982099446702215];786;0;1.0;True;4
2;(134, 1);False;[4.0015350858636485e-05, 0.9987537913008373];622;0;1.0;True;5
2;(134, 1);False;[4.002088467503792e-05, 0.9988911540408557];541;0;1.0;True;6
2;(134, 1);False;[6.592233616184907e-05, 0.9979685175967921];650;0;1.0;True;7
2;(134, 1);False;[6.59504443447532e-05, 0.9983942110200331];821;0;1.0;True;8
2;(134, 1);False;[5.8161556812970136e-05, 0.9977165271036129];624;0;1.0;True;9
2;(134, 2);True;[0.8905737482630481, 0.10636387176278222];640;0;0.9;True;0
2;(134, 2);True;[0.9555536835571162, 0.041984101114095874];523;0;0.9;True;1
2;(134, 2);True;[0.973114950588317, 0.025932632767435966];364;0;0.9;True;2
2;(134, 2);True;[0.9755275241271806, 0.022942207661500555];538;0;0.9;True;3
2;(134, 2);True;[0.6774369804371296, 0.3199985711483691];650;0;0.9;True;4
2;(134, 2);True;[0.9783339455347544, 0.020304672842913644];414;0;0.9;True;5
2;(134, 2);False;[0.4675910354255959, 0.5298500584604295];702;0;0.1;False;6
2;(134, 2);True;[0.9507564700410672, 0.04733537896216583];471;0;0.9;True;7
2;(134, 2);True;[0.945184832341968, 0.05332367896096651];571;0;0.9;True;8
2;(134, 2);True;[0.9389390234995867, 0.060024364023059475];679;0;0.9;True;9
2;(134, 3);False;[0.4022393096678267, 0.5852547421886399];712;0;0.9;True;0
2;(134, 3);False;[0.0007088157218162861, 0.9980869008502653];749;0;0.9;True;1
2;(134, 3);True;[0.850622174892147, 0.14781596310951395];472;0;0.1;False;2
2;(134, 3);False;[0.004054699174965905, 0.9921522987663796];668;0;0.9;True;3
2;(134, 3);False;[0.00010862372663539311, 0.9973824769381656];560;0;0.9;True;4
2;(134, 3);False;[0.007547125071607827, 0.9884783688243212];673;0;0.9;True;5
2;(134, 3);False;[0.00037932049464777786, 0.9978733087111331];505;0;0.9;True;6
2;(134, 3);False;[0.003587264402951224, 0.9946488734548837];702;0;0.9;True;7
2;(134, 3);False;[0.017964731456615264, 0.9808413061658874];774;0;0.9;True;8
2;(134, 3);False;[0.0009094615013945, 0.9973457165345716];663;0;0.9;True;9
3;(135, 0);False;[0.00048734081229141426, 0.9984542221190071];586;0;1.0;True;0
3;(135, 0);False;[5.134183590543964e-05, 0.9979970124872067];396;0;1.0;True;1
3;(135, 0);False;[8.470975168047017e-05, 0.9987208536465365];429;0;1.0;True;2
3;(135, 0);False;[0.00022993187040663414, 0.9972758794012782];533;0;1.0;True;3
3;(135, 0);False;[0.008572741768685402, 0.9908742929816068];521;0;1.0;True;4
3;(135, 0);False;[0.00017908000127344516, 0.9973259145656292];497;0;1.0;True;5
3;(135, 0);False;[0.00010883422139047934, 0.9993154922650828];447;0;1.0;True;6
3;(135, 0);False;[0.00043036129264663667, 0.999114701778313];313;0;1.0;True;7
3;(135, 0);False;[6.599033198744492e-05, 0.9989979780786564];453;0;1.0;True;8
3;(135, 0);False;[0.00020323662023442486, 0.9988607049542745];510;0;1.0;True;9
3;(135, 1);False;[6.586496225864305e-05, 0.9971004405124004];548;0;1.0;True;0
3;(135, 1);False;[0.00022985425834607176, 0.9969399916945104];537;0;1.0;True;1
3;(135, 1);False;[0.00023023072397825646, 0.9985726018417532];631;0;1.0;True;2
3;(135, 1);False;[6.600940352807856e-05, 0.9992866839636182];574;0;1.0;True;3
3;(135, 1);False;[0.00017941111561133895, 0.9991694440145275];629;0;1.0;True;4
3;(135, 1);False;[0.0001581940674673842, 0.9983130588956977];485;0;1.0;True;5
3;(135, 1);False;[0.0001792532600065378, 0.998290367173895];445;0;1.0;True;6
3;(135, 1);False;[0.00020325832940682465, 0.9989674036258952];563;0;1.0;True;7
3;(135, 1);False;[0.00013967435768531356, 0.998804093749329];545;0;1.0;True;8
3;(135, 1);False;[0.00013971858836449828, 0.9991198187748068];386;0;1.0;True;9
3;(135, 2);False;[0.00029588243466234667, 0.9994514615164011];428;0;1.0;True;0
3;(135, 2);False;[0.0002609729321020545, 0.9989062602021724];431;0;1.0;True;1
3;(135, 2);False;[0.000260913953453225, 0.9986813789576972];633;0;1.0;True;2
3;(135, 2);False;[0.0004295989894155774, 0.9973453607848628];451;0;1.0;True;3
3;(135, 2);False;[0.00026103839658852277, 0.9991575430026908];414;0;1.0;True;4
3;(135, 2);False;[0.37710750547584765, 0.6217451656186951];543;0;1.0;True;5
3;(135, 2);False;[0.0002953774897336298, 0.9977459570309848];487;0;1.0;True;6
3;(135, 2);False;[0.00020318332629833634, 0.9985991103712106];398;0;1.0;True;7
3;(135, 2);False;[0.000379730939022763, 0.9989527713657982];703;0;1.0;True;8
3;(135, 2);False;[9.603203320070356e-05, 0.9991712292163327];425;0;1.0;True;9
3;(135, 3);True;[0.996540397485761, 0.00149823781352402];389;0;1.0;True;0
3;(135, 3);True;[0.9976342985113581, 0.0011681097322266904];420;0;1.0;True;1
3;(135, 3);True;[0.997316547337503, 0.00132322018730123];376;0;1.0;True;2
3;(135, 3);True;[0.9962600201654599, 0.0027982893739091643];378;0;1.0;True;3
3;(135, 3);True;[0.9980934322905042, 0.0011686473591019345];514;0;1.0;True;4
3;(135, 3);True;[0.9968709219840924, 0.0011672160922412908];403;0;1.0;True;5
3;(135, 3);True;[0.9981775180011776, 0.0011687454400069908];432;0;1.0;True;6
3;(135, 3);True;[0.9982574601427889, 0.0008033305616959055];446;0;1.0;True;7
3;(135, 3);True;[0.9952944066813623, 0.0021771972964315387];463;0;1.0;True;8
3;(135, 3);True;[0.9966188935225795, 0.0011669205899191878];573;0;1.0;True;9
0;(136, 0);True;[0.9968712775645706, 0.0009090288066510623];471;0;1.0;True;0
0;(136, 0);True;[0.996320840041926, 0.0011665717597694524];493;0;1.0;True;1
0;(136, 0);True;[0.9944562020375218, 0.0035865682803304195];532;0;1.0;True;2
0;(136, 0);True;[0.997559438690443, 0.0009096566716002616];509;0;1.0;True;3
0;(136, 0);True;[0.9956223328629455, 0.0011657537812132675];712;0;1.0;True;4
0;(136, 0);True;[0.9974353690420144, 0.0014995836619553895];465;0;1.0;True;5
0;(136, 0);True;[0.9970996107888551, 0.0016986789552900575];460;0;1.0;True;6
0;(136, 0);True;[0.9973144131357857, 0.001323217032502222];545;0;1.0;True;7
0;(136, 0);True;[0.9947269539241141, 0.0011647053173865255];597;0;1.0;True;8
0;(136, 0);True;[0.9965345966420648, 0.0014982292405630116];522;0;1.0;True;9
0;(136, 1);False;[2.13974204917753e-05, 0.997762334029725];433;0;1.0;True;0
0;(136, 1);False;[3.524270398003527e-05, 0.9967533007407683];628;0;1.0;True;1
0;(136, 1);False;[2.7481618929903382e-05, 0.9980090044153659];537;0;1.0;True;2
0;(136, 1);False;[7.475431117381334e-05, 0.9986975490142371];480;0;1.0;True;3
0;(136, 1);False;[3.5313995710803745e-05, 0.9987697257998133];573;0;1.0;True;4
0;(136, 1);False;[6.588475155361965e-05, 0.9973996721376662];572;0;1.0;True;5
0;(136, 1);False;[3.11685638449112e-05, 0.9989004317486415];514;0;1.0;True;6
0;(136, 1);False;[2.1422289648177085e-05, 0.9989223185403052];376;0;1.0;True;7
0;(136, 1);False;[8.473108174132749e-05, 0.998972162200613];518;0;1.0;True;8
0;(136, 1);False;[2.4246338314049353e-05, 0.997757349606401];541;0;1.0;True;9
0;(136, 2);False;[4.532854630786338e-05, 0.9984276023657577];455;0;1.0;True;0
0;(136, 2);False;[2.7481854807542976e-05, 0.9980169597663849];569;0;1.0;True;1
0;(136, 2);False;[2.7466841302519228e-05, 0.9974718988822957];583;0;1.0;True;2
0;(136, 2);False;[5.1380874561817876e-05, 0.9987565263295327];460;0;1.0;True;3
0;(136, 2);False;[3.5278180438959506e-05, 0.9977566375811457];403;0;1.0;True;4
0;(136, 2);False;[9.604009286785411e-05, 0.99925549663828];425;0;1.0;True;5
0;(136, 2);False;[6.57456615463784e-05, 0.9952942889599703];611;0;1.0;True;6
0;(136, 2);False;[2.7506685694534465e-05, 0.9989192258161812];443;0;1.0;True;7
0;(136, 2);False;[3.525618419215748e-05, 0.9971345751574806];504;0;1.0;True;8
0;(136, 2);False;[5.13284216891974e-05, 0.9977365819085131];552;0;1.0;True;9
0;(136, 3);False;[2.1430974110175057e-05, 0.9993273970778213];439;0;1.0;True;0
0;(136, 3);False;[1.889625394066752e-05, 0.9984543409115619];436;0;1.0;True;1
0;(136, 3);False;[2.4239448606290922e-05, 0.9974737965336808];741;0;1.0;True;2
0;(136, 3);False;[3.526731513454187e-05, 0.9974488895368917];524;0;1.0;True;3
0;(136, 3);False;[2.4246338314049353e-05, 0.9977577057353735];522;0;1.0;True;4
0;(136, 3);False;[2.4267296904925914e-05, 0.9986200328542052];541;0;1.0;True;5
0;(136, 3);False;[2.138428295279278e-05, 0.997149983967032];465;0;1.0;True;6
0;(136, 3);False;[2.143109673954341e-05, 0.9993328733090567];417;0;1.0;True;7
0;(136, 3);False;[3.115938027853415e-05, 0.9986056485346647];447;0;1.0;True;8
0;(136, 3);False;[2.7457700970737643e-05, 0.9971405016123727];474;0;1.0;True;9
0;(137, 0);True;[0.9980088856757957, 0.0002607383407623931];463;0;1.0;True;0
0;(137, 0);True;[0.9982420171366059, 0.00023015454748378231];562;0;1.0;True;1
0;(137, 0);True;[0.9978887403210147, 0.0009099568817346446];444;0;1.0;True;2
0;(137, 0);True;[0.9988559474918907, 0.0006260095784037072];390;0;1.0;True;3
0;(137, 0);True;[0.9985718885372187, 0.0004873982140770823];484;0;1.0;True;4
0;(137, 0);True;[0.9987869689846769, 0.0003796679319525809];540;0;1.0;True;5
0;(137, 0);True;[0.9987894663230569, 0.0003796688371525486];443;0;1.0;True;6
0;(137, 0);True;[0.9986033898577219, 0.00033499426929301727];465;0;1.0;True;7
0;(137, 0);True;[0.9982626870444433, 0.0003794684785259581];461;0;1.0;True;8
0;(137, 0);True;[0.9984121541704104, 0.0002301938399915061];455;0;1.0;True;9
0;(137, 1);False;[1.8915473958324242e-05, 0.9994695617793733];403;0;1.0;True;0
0;(137, 1);False;[2.4286327989758845e-05, 0.9994031179544193];317;0;1.0;True;1
0;(137, 1);False;[2.142715251323915e-05, 0.9991487364882605];366;0;1.0;True;2
0;(137, 1);False;[2.751271981281295e-05, 0.9991381450218817];434;0;1.0;True;3
0;(137, 1);False;[2.4277551463254176e-05, 0.9990416422059489];447;0;1.0;True;4
0;(137, 1);False;[3.1176055359099874e-05, 0.9991396920705866];411;0;1.0;True;5
0;(137, 1);False;[3.532315732880713e-05, 0.999028435478575];447;0;1.0;True;6
0;(137, 1);False;[3.116853412026656e-05, 0.9988991234009146];550;0;1.0;True;7
0;(137, 1);False;[2.42801447240039e-05, 0.9991482604642365];385;0;1.0;True;8
0;(137, 1);False;[3.529497273764388e-05, 0.9982315636933293];636;0;1.0;True;9
0;(137, 2);True;[0.9809700001402633, 0.01796709589761321];602;0;1.0;False;0
0;(137, 2);True;[0.9515832583769245, 0.04737654427235417];372;0;1.0;False;1
0;(137, 2);True;[0.705051237650424, 0.29390908290378776];506;0;1.0;False;2
0;(137, 2);True;[0.8512986941476551, 0.14793352452310837];549;0;1.0;False;3
0;(137, 2);True;[0.9391399038257524, 0.06003720229426921];440;0;1.0;False;4
0;(137, 2);True;[0.9916809105493185, 0.007571578519837765];538;0;1.0;False;5
0;(137, 2);True;[0.7047563725886524, 0.29378616485860504];769;0;1.0;False;6
0;(137, 2);True;[0.9661001523788109, 0.03305813091598144];528;0;1.0;False;7
0;(137, 2);True;[0.9951890817281333, 0.004067109489339321];440;0;1.0;False;8
0;(137, 2);True;[0.9895493791930133, 0.009701200131108607];538;0;1.0;False;9
0;(137, 3);False;[2.1427070775294947e-05, 0.99914516628453];415;0;1.0;True;0
0;(137, 3);False;[1.6692910857420666e-05, 0.9994739678661001];320;0;1.0;True;1
0;(137, 3);False;[1.8907502311412768e-05, 0.9990486620926137];354;0;1.0;True;2
0;(137, 3);False;[1.668372777483778e-05, 0.9989242218583093];590;0;1.0;True;3
0;(137, 3);False;[1.6689170170523037e-05, 0.9992494260461076];491;0;1.0;True;4
0;(137, 3);False;[1.6692926777028607e-05, 0.9994748014271029];300;0;1.0;True;5
0;(137, 3);False;[1.2991577968383419e-05, 0.9987911312575375];518;0;1.0;True;6
0;(137, 3);False;[1.4719140343831792e-05, 0.9986389352290667];488;0;1.0;True;7
0;(137, 3);False;[2.4274449175925077e-05, 0.9989139919882242];402;0;1.0;True;8
0;(137, 3);False;[2.142915519027538e-05, 0.9992418081652724];440;0;1.0;True;9
2;(138, 0);False;[2.428461411793912e-05, 0.9993327542956396];770;0;1.0;True;0
2;(138, 0);False;[4.532854630786338e-05, 0.9984273647870248];759;0;1.0;True;1
2;(138, 0);False;[5.14160200212525e-05, 0.9994396728556398];510;0;1.0;True;2
2;(138, 0);False;[3.53186772701423e-05, 0.9989023349086557];427;0;1.0;True;3
2;(138, 0);False;[5.140876348098596e-05, 0.9992985880259965];629;0;1.0;True;4
2;(138, 0);False;[4.00263047403835e-05, 0.9990266508226519];468;0;1.0;True;5
2;(138, 0);False;[5.1353245642980045e-05, 0.9982195661857296];606;0;1.0;True;6
2;(138, 0);False;[5.823665234974897e-05, 0.9990052353746922];588;0;1.0;True;7
2;(138, 0);False;[4.535561553490439e-05, 0.9990241523097153];525;0;1.0;True;8
2;(138, 0);False;[4.003787254545858e-05, 0.9993157304041552];478;0;1.0;True;9
2;(138, 1);False;[2.1429134753850196e-05, 0.9992415701019792];370;0;1.0;True;0
2;(138, 1);False;[2.4282460369462914e-05, 0.9992444268070766];577;0;1.0;True;1
2;(138, 1);False;[2.4271208403653423e-05, 0.998781260872555];536;0;1.0;True;2
2;(138, 1);False;[3.529520835779333e-05, 0.9982385721935766];575;0;1.0;True;3
2;(138, 1);False;[3.1124127461479145e-05, 0.9974758128648092];496;0;1.0;True;4
2;(138, 1);False;[2.142931868237847e-05, 0.9992495451077649];462;0;1.0;True;5
2;(138, 1);False;[2.1403114570798664e-05, 0.9980275274965834];477;0;1.0;True;6
2;(138, 1);False;[2.4271162110041406e-05, 0.9987793581757638];494;0;1.0;True;7
2;(138, 1);False;[1.8905050172926546e-05, 0.9989189878878861];429;0;1.0;True;8
2;(138, 1);False;[1.6690618592371104e-05, 0.999336563895398];439;0;1.0;True;9
2;(138, 2);True;[0.9983532174134548, 0.0007090050213070791];604;0;1.0;True;0
2;(138, 2);True;[0.9982531835332933, 0.0005521181129397535];477;0;1.0;True;1
2;(138, 2);True;[0.9985532264350141, 0.000709147029101264];545;0;1.0;True;2
2;(138, 2);True;[0.9978936073718835, 0.0011684133356528674];475;0;1.0;True;3
2;(138, 2);True;[0.9985526321810626, 0.0007091463528062782];517;0;1.0;True;4
2;(138, 2);True;[0.9974721360014306, 0.0011679198113071314];585;0;1.0;True;5
2;(138, 2);True;[0.9979179429823046, 0.000551932801661272];555;0;1.0;True;6
2;(138, 2);True;[0.9978902835183621, 0.001168409435659114];497;0;1.0;True;7
2;(138, 2);True;[0.997840073208857, 0.0008029946901841197];483;0;1.0;True;8
2;(138, 2);True;[0.9982265746017434, 0.0007089150977461826];492;0;1.0;True;9
2;(138, 3);False;[3.1154210140791114e-05, 0.998439842512511];599;0;1.0;True;0
2;(138, 3);False;[1.890259835246134e-05, 0.998789942001729];559;0;1.0;True;1
2;(138, 3);False;[1.6675853766393827e-05, 0.998452558327313];751;0;1.0;True;2
2;(138, 3);False;[1.3001270354269717e-05, 0.9995370863062278];544;0;1.0;True;3
2;(138, 3);False;[3.11135326908284e-05, 0.9971363530670334];632;0;1.0;True;4
2;(138, 3);False;[3.11330037289599e-05, 0.9977601979448125];638;0;1.0;True;5
2;(138, 3);False;[3.1132825584993286e-05, 0.9977548574040765];612;0;1.0;True;6
2;(138, 3);False;[2.1431055863009326e-05, 0.9993312066571571];377;0;1.0;True;7
2;(138, 3);False;[2.7457753342195996e-05, 0.9971422795324923];474;0;1.0;True;8
2;(138, 3);False;[3.1175876968790554e-05, 0.9991345749141544];529;0;1.0;True;9
3;(139, 0);False;[4.004566265372402e-05, 0.9995096942696848];314;0;1.0;True;0
3;(139, 0);False;[3.1168950267871224e-05, 0.998912564543072];541;0;1.0;True;1
3;(139, 0);False;[4.53194259760575e-05, 0.9982271685454441];467;0;1.0;True;2
3;(139, 0);False;[3.5308708652658054e-05, 0.9986195573727078];291;0;1.0;True;3
3;(139, 0);False;[3.53269304505569e-05, 0.9991356459393174];429;0;1.0;True;4
3;(139, 0);False;[2.7521615991857328e-05, 0.9994614641854241];412;0;1.0;True;5
3;(139, 0);False;[3.531379364307755e-05, 0.998763423290569];477;0;1.0;True;6
3;(139, 0);False;[4.0016037773555074e-05, 0.9987707960850586];357;0;1.0;True;7
3;(139, 0);False;[3.532315732880713e-05, 0.999028673432939];409;0;1.0;True;8
3;(139, 0);False;[4.534999280032507e-05, 0.9989000749792221];396;0;1.0;True;9
3;(139, 1);False;[1.8902508218063427e-05, 0.9987851852252029];395;0;1.0;True;0
3;(139, 1);False;[2.4291354500504257e-05, 0.9996100992839467];735;0;1.0;True;1
3;(139, 1);False;[5.134203175937425e-05, 0.9980016430534563];528;0;1.0;True;2
3;(139, 1);False;[5.820256150880546e-05, 0.9984197593916357];563;0;1.0;True;3
3;(139, 1);False;[7.463385479587457e-05, 0.9970882331525069];444;0;1.0;True;4
3;(139, 1);False;[3.112371191231951e-05, 0.9974625288895954];394;0;1.0;True;5
3;(139, 1);False;[2.1416059438645605e-05, 0.9986310888510168];381;0;1.0;True;6
3;(139, 1);False;[2.747491036923124e-05, 0.9977648262507246];642;0;1.0;True;7
3;(139, 1);False;[3.998540520349289e-05, 0.9980060361627144];346;0;1.0;True;8
3;(139, 1);False;[5.1255781500848616e-05, 0.996324508485871];494;0;1.0;True;9
3;(139, 2);False;[0.00043035144257108453, 0.9990922116021578];978;0;1.0;True;0
3;(139, 2);False;[0.0001397308475369791, 0.9992078861427669];518;0;1.0;True;1
3;(139, 2);False;[0.0009098119702558199, 0.9977301738328908];613;0;1.0;True;2
3;(139, 2);False;[0.0001396318721207856, 0.9984999779420464];497;0;1.0;True;3
3;(139, 2);False;[9.598716787534084e-05, 0.9987048018024925];546;0;1.0;True;4
3;(139, 2);False;[0.0007088197777039839, 0.9980924822939784];648;0;1.0;True;5
3;(139, 2);False;[0.015884746446528732, 0.982754655349215];504;0;1.0;True;6
3;(139, 2);False;[0.003585636337511128, 0.9941976158076202];441;0;1.0;True;7
3;(139, 2);False;[0.00023040094985171116, 0.9993108494951929];471;0;1.0;True;8
3;(139, 2);False;[9.604696243626959e-05, 0.9993269208523411];503;0;1.0;True;9
3;(139, 3);True;[0.9987765041373733, 0.00048749816044233737];402;0;1.0;True;0
3;(139, 3);True;[0.9988258573840769, 0.0004875221041257781];429;0;1.0;True;1
3;(139, 3);True;[0.9992482357211345, 0.00029582205527143635];390;0;1.0;True;2
3;(139, 3);True;[0.9991257687766337, 0.00048766858137855887];407;0;1.0;True;3
3;(139, 3);True;[0.99740892217503, 0.0003791440025918981];339;0;1.0;True;4
3;(139, 3);True;[0.9992597817877922, 0.0003798475658941873];343;0;1.0;True;5
3;(139, 3);True;[0.9977070337863135, 0.000334693458575804];504;0;1.0;True;6
3;(139, 3);True;[0.9978901647929168, 0.00037932700617150834];379;0;1.0;True;7
3;(139, 3);True;[0.9976085531788346, 0.00042971249062034736];407;0;1.0;True;8
3;(139, 3);True;[0.9974510242586188, 0.000334607607866897];437;0;1.0;True;9
2;(140, 0);False;[3.534917310478822e-05, 0.9997647362190342];329;0;1.0;True;0
2;(140, 0);False;[8.472098161129686e-05, 0.9988533309146804];421;0;1.0;True;1
2;(140, 0);False;[6.600889991821739e-05, 0.9992790655079149];426;0;1.0;True;2
2;(140, 0);False;[9.602186799426514e-05, 0.9990654389353097];372;0;1.0;True;3
2;(140, 0);False;[0.0003797619032246788, 0.9990343844128291];557;0;1.0;True;4
2;(140, 0);False;[9.605227523943424e-05, 0.9993825197763984];324;0;1.0;True;5
2;(140, 0);False;[7.47556657201509e-05, 0.9987155030806997];319;0;1.0;True;6
2;(140, 0);False;[0.0001088252956099677, 0.9992334762164113];347;0;1.0;True;7
2;(140, 0);False;[6.601695813708283e-05, 0.9994016891122335];418;0;1.0;True;8
2;(140, 0);False;[4.003760526471561e-05, 0.9993090638694281];492;0;1.0;True;9
2;(140, 1);False;[3.53269304505569e-05, 0.9991354079594741];404;0;1.0;True;0
2;(140, 1);False;[6.596189227280236e-05, 0.998567609301954];378;0;1.0;True;1
2;(140, 1);False;[4.00212663457562e-05, 0.998901026558436];342;0;1.0;True;2
2;(140, 1);False;[5.138058055893648e-05, 0.9987501050758228];312;0;1.0;True;3
2;(140, 1);False;[5.141229356183092e-05, 0.9993666847455807];302;0;1.0;True;4
2;(140, 1);False;[5.1363531269906285e-05, 0.9984195216985378];353;0;1.0;True;5
2;(140, 1);False;[6.590630665909788e-05, 0.9977260202789412];330;0;1.0;True;6
2;(140, 1);False;[5.140886153551421e-05, 0.9993001355557963];361;0;1.0;True;7
2;(140, 1);False;[3.534317294954556e-05, 0.9995948526409025];740;0;1.0;True;8
2;(140, 1);False;[3.5318812000460885e-05, 0.9989054275804842];476;0;1.0;True;9
2;(140, 2);True;[0.9932562223940249, 0.0059061163466785135];480;0;1.0;True;0
2;(140, 2);True;[0.9952645309218086, 0.004067417857508994];253;0;1.0;True;1
2;(140, 2);True;[0.997702762090139, 0.0019260196067647554];381;0;1.0;True;2
2;(140, 2);True;[0.9949819207264594, 0.004066264021095299];387;0;1.0;True;3
2;(140, 2);True;[0.9971172705379604, 0.0024716069022534017];411;0;1.0;True;4
2;(140, 2);True;[0.9973346890492322, 0.001925308898092012];367;0;1.0;True;5
2;(140, 2);True;[0.9959377047057185, 0.0035919115291331285];321;0;1.0;True;6
2;(140, 2);True;[0.9973295904255913, 0.0019252987994714367];434;0;1.0;True;7
2;(140, 2);True;[0.99661676220606, 0.002180090516564315];502;0;1.0;True;8
2;(140, 2);True;[0.9963629685749357, 0.003171205394541709];384;0;1.0;True;9
2;(140, 3);True;[0.7053611721394414, 0.2940382915838714];465;0;0.2;False;0
2;(140, 3);False;[0.008570150494039646, 0.9905747528133145];997;0;0.8;True;1
2;(140, 3);False;[0.002469990454963867, 0.9964652281192915];479;0;0.8;True;2
2;(140, 3);False;[0.0013233987611865005, 0.9974511429318167];453;0;0.8;True;3
2;(140, 3);False;[0.0035891379343835792, 0.995168656655887];502;0;0.8;True;4
2;(140, 3);True;[0.531005716401511, 0.46861089997904753];544;0;0.2;False;5
2;(140, 3);False;[0.0015003861708035957, 0.9979692297732504];433;0;0.8;True;6
2;(140, 3);False;[0.0006257403851240365, 0.9984262952184977];641;0;0.8;True;7
2;(140, 3);False;[0.0066917694669931084, 0.9931468597812804];1146;0;0.8;True;8
2;(140, 3);False;[0.004067949314122977, 0.9953943210131176];634;0;0.8;True;9
2;(141, 0);False;[0.00010870808298350028, 0.9981573266286351];446;0;1.0;True;0
2;(141, 0);False;[0.00015819210622649275, 0.9983009407045683];499;0;1.0;True;1
2;(141, 0);False;[0.0001793105371476439, 0.998609214834251];338;0;1.0;True;2
2;(141, 0);False;[0.00010870673525446727, 0.9981453309428683];429;0;1.0;True;3
2;(141, 0);False;[0.00026091022107587814, 0.9986666361383904];384;0;1.0;True;4
2;(141, 0);False;[7.473093129523037e-05, 0.9983844672935155];396;0;1.0;True;5
2;(141, 0);False;[0.0002952972178741595, 0.9974751012727086];485;0;1.0;True;6
2;(141, 0);False;[0.00023019032753905614, 0.9983968251160261];406;0;1.0;True;7
2;(141, 0);False;[7.474383209217114e-05, 0.9985573868038139];429;0;1.0;True;8
2;(141, 0);False;[9.603926855266247e-05, 0.9992466883880351];401;0;1.0;True;9
2;(141, 1);False;[0.00010874862633579838, 0.9985295730294207];367;0;1.0;True;0
2;(141, 1);False;[0.00010872975261330742, 0.9983558314021143];428;0;1.0;True;1
2;(141, 1);False;[0.00013974070895626196, 0.9992787083705991];350;0;1.0;True;2
2;(141, 1);False;[6.599001732177141e-05, 0.9989929813187479];383;0;1.0;True;3
2;(141, 1);False;[5.824253976008123e-05, 0.9991055390313017];439;0;1.0;True;4
2;(141, 1);False;[6.600361224664379e-05, 0.9991995548257233];353;0;1.0;True;5
2;(141, 1);False;[5.1372496138913436e-05, 0.9985929287939034];455;0;1.0;True;6
2;(141, 1);False;[5.8252983046132456e-05, 0.9992850173887515];394;0;1.0;True;7
2;(141, 1);False;[0.00012322645740468627, 0.9985145969439899];410;0;1.0;True;8
2;(141, 1);False;[7.481165133225844e-05, 0.9994628931712466];468;0;1.0;True;9
2;(141, 2);True;[0.998169678966988, 0.0006255795809815569];383;0;1.0;True;0
2;(141, 2);True;[0.9982473627253295, 0.0005521149537036085];443;0;1.0;True;1
2;(141, 2);True;[0.996463807769529, 0.0010296437367246418];504;0;1.0;True;2
2;(141, 2);True;[0.9979311203333733, 0.0007087052078089447];424;0;1.0;True;3
2;(141, 2);True;[0.9979951126786063, 0.0008031195245387458];405;0;1.0;True;4
2;(141, 2);True;[0.9964593098539666, 0.0010296388270124137];418;0;1.0;True;5
2;(141, 2);True;[0.9962551692006815, 0.0009084672177026696];356;0;1.0;True;6
2;(141, 2);True;[0.9976617065147929, 0.0008028514992105419];332;0;1.0;True;7
2;(141, 2);True;[0.9983842296088195, 0.0005521907803606441];379;0;1.0;True;8
2;(141, 2);True;[0.9979775407822953, 0.000487108020936205];470;0;1.0;True;9
2;(141, 3);False;[9.593436353839652e-05, 0.9981557826697144];512;0;1.0;True;0
2;(141, 3);False;[9.586083366026042e-05, 0.9973903037523374];450;0;1.0;True;1
2;(141, 3);False;[0.00029581246341846924, 0.9992158605889089];308;0;1.0;True;2
2;(141, 3);False;[0.00010862351945227421, 0.9973809352227833];498;0;1.0;True;3
2;(141, 3);False;[0.00010880557845739142, 0.9990523505826038];510;0;1.0;True;4
2;(141, 3);False;[0.00023015103563088388, 0.9982266933672135];390;0;1.0;True;5
2;(141, 3);False;[9.602168484726117e-05, 0.9990640110992808];393;0;1.0;True;6
2;(141, 3);False;[0.00013971778889061012, 0.9991139877957629];306;0;1.0;True;7
2;(141, 3);False;[5.822060384833934e-05, 0.9987300094357268];450;0;1.0;True;8
2;(141, 3);False;[0.00012333673852038757, 0.9994077615601981];387;0;1.0;True;9
2;(142, 0);False;[0.0002033572129987335, 0.9994532476874897];185;0;1.0;True;0
2;(142, 0);False;[0.00010876615486875354, 0.9986904150992949];426;0;1.0;True;1
2;(142, 0);False;[8.473100093550956e-05, 0.9989719242597093];438;0;1.0;True;2
2;(142, 0);False;[0.00012326359865964866, 0.9988155106160111];463;0;1.0;True;3
2;(142, 0);False;[9.602241743737302e-05, 0.9990717452694368];412;0;1.0;True;4
2;(142, 0);False;[6.602866948975263e-05, 0.9995788917701732];326;0;1.0;True;5
2;(142, 0);False;[0.00010886214512813514, 0.9995721026051917];310;0;1.0;True;6
2;(142, 0);False;[8.474853760415917e-05, 0.9991781319491108];406;0;1.0;True;7
2;(142, 0);False;[0.00017928317861835692, 0.9984575495944772];484;0;1.0;True;8
2;(142, 0);False;[0.0001394257544026246, 0.9970263717178591];472;0;1.0;True;9
2;(142, 1);False;[0.00010874893746855909, 0.9985325444665895];475;0;1.0;True;0
2;(142, 1);False;[0.0001088253993939066, 0.9992340713408482];425;0;1.0;True;1
2;(142, 1);False;[8.476163186122721e-05, 0.9993327542956396];306;0;1.0;True;2
2;(142, 1);False;[0.0001583954502759302, 0.9995846090373124];328;0;1.0;True;3
2;(142, 1);False;[0.00012330251495323545, 0.9991304098142882];465;0;1.0;True;4
2;(142, 1);False;[5.13993020987872e-05, 0.9991139877957629];441;0;1.0;True;5
2;(142, 1);False;[0.0001397051311636609, 0.9990237953216551];558;0;1.0;True;6
2;(142, 1);False;[5.8236374656412945e-05, 0.9989996437096127];501;0;1.0;True;7
2;(142, 1);False;[6.599700325281985e-05, 0.9990991132656489];477;0;1.0;True;8
2;(142, 1);False;[5.1425239265586784e-05, 0.9996181992749325];1162;0;1.0;True;9
2;(142, 2);True;[0.9962924407950062, 0.0021793806207721926];470;0;1.0;True;0
2;(142, 2);True;[0.9865356113485514, 0.010959419068449747];461;0;1.0;True;1
2;(142, 2);True;[0.9964599014701117, 0.0027988511825349457];431;0;1.0;True;2
2;(142, 2);True;[0.9968743575652731, 0.002180654024485556];430;0;1.0;True;3
2;(142, 2);True;[0.9779988366177612, 0.017912672824429023];521;0;1.0;True;4
2;(142, 2);True;[0.9934278403618182, 0.00521303163764983];595;0;1.0;True;5
2;(142, 2);True;[0.9939800316006359, 0.00406216909194499];525;0;1.0;True;6
2;(142, 2);True;[0.991364011558225, 0.006679757009572391];506;0;1.0;True;7
2;(142, 2);True;[0.9858513325530908, 0.01095181808178432];513;0;1.0;True;8
2;(142, 2);True;[0.9957681733062094, 0.003169311238299193];392;0;1.0;True;9
2;(142, 3);False;[4.0021113677032104e-05, 0.9988974581701296];386;0;1.0;True;0
2;(142, 3);False;[6.596245843069473e-05, 0.998575930176737];515;0;1.0;True;1
2;(142, 3);False;[6.59969403132029e-05, 0.9990981613232669];399;0;1.0;True;2
2;(142, 3);False;[0.0001232266924407255, 0.9985159044393404];566;0;1.0;True;3
2;(142, 3);False;[4.001557982896583e-05, 0.9987593801945651];464;0;1.0;True;4
2;(142, 3);False;[0.00026110562055886485, 0.9994146675559106];396;0;1.0;True;5
2;(142, 3);False;[5.13874900714263e-05, 0.9988849689114426];408;0;1.0;True;6
2;(142, 3);False;[4.5383436698443204e-05, 0.9996364246910103];337;0;1.0;True;7
2;(142, 3);False;[6.595050724002813e-05, 0.9983956369108586];590;0;1.0;True;8
2;(142, 3);False;[5.8260927863310336e-05, 0.9994209783050605];447;0;1.0;True;9
2;(143, 0);False;[2.7457203446865313e-05, 0.9971224855494556];321;0;1.0;True;0
2;(143, 0);False;[2.1419184530348842e-05, 0.9987768608626578];394;0;1.0;True;1
2;(143, 0);False;[5.122875725624493e-05, 0.9957997344494546];348;0;1.0;True;2
2;(143, 0);False;[2.4270861203715556e-05, 0.9987666340132126];389;0;1.0;True;3
2;(143, 0);False;[2.1411893358960798e-05, 0.9984372280714191];558;0;1.0;True;4
2;(143, 0);False;[2.4274194528154796e-05, 0.9989034054522931];449;0;1.0;True;5
2;(143, 0);False;[2.7509676352945127e-05, 0.9990273646846385];398;0;1.0;True;6
2;(143, 0);False;[1.8892199679444727e-05, 0.9982404728142642];358;0;1.0;True;7
2;(143, 0);False;[2.4257763821600467e-05, 0.9982272873109849];410;0;1.0;True;8
2;(143, 0);False;[2.141179125934041e-05, 0.9984327122981486];439;0;1.0;True;9
2;(143, 1);False;[1.4718985934714542e-05, 0.9986290678594603];347;0;1.0;True;0
2;(143, 1);False;[2.422214050048951e-05, 0.9967619467216834];406;0;1.0;True;1
2;(143, 1);False;[1.6672419000152705e-05, 0.9982467687696134];413;0;1.0;True;2
2;(143, 1);False;[2.1402747165140308e-05, 0.9980110229902215];404;0;1.0;True;3
2;(143, 1);False;[2.1390952713472742e-05, 0.9974606312596465];468;0;1.0;True;4
2;(143, 1);False;[2.4211678445454268e-05, 0.9963317268742546];365;0;1.0;True;5
2;(143, 1);False;[1.89048879102757e-05, 0.9989101856274026];366;0;1.0;True;6
2;(143, 1);False;[1.6685684923273923e-05, 0.9990411662329479];383;0;1.0;True;7
2;(143, 1);False;[1.2994960806177428e-05, 0.9990519936426198];365;0;1.0;True;8
2;(143, 1);False;[1.6678764330385477e-05, 0.9986265712709013];387;0;1.0;True;9
2;(143, 2);True;[0.9986485649485456, 0.00037961525303219836];414;0;1.0;True;0
2;(143, 2);True;[0.998211845236403, 0.00042997238603813156];403;0;1.0;True;1
2;(143, 2);True;[0.9982156462634144, 0.0005520975782279393];332;0;1.0;True;2
2;(143, 2);True;[0.9988735504368346, 0.00029571120371272273];322;0;1.0;True;3
2;(143, 2);True;[0.9987320308641009, 0.0004301963336157604];279;0;1.0;True;4
2;(143, 2);True;[0.9979105827567568, 0.0005519288539443602];391;0;1.0;True;5
2;(143, 2);True;[0.9974885040930015, 0.0005516951994107983];448;0;1.0;True;6
2;(143, 2);True;[0.9969346599541743, 0.0005513890723252704];393;0;1.0;True;7
2;(143, 2);True;[0.9984241562011126, 0.0003795300047013932];333;0;1.0;True;8
2;(143, 2);True;[0.9982397600956086, 0.00023015410849923948];464;0;1.0;True;9
2;(143, 3);False;[4.521077176391631e-05, 0.9958338980661051];468;0;1.0;True;0
2;(143, 3);False;[3.530157069643408e-05, 0.9984180957736003];423;0;1.0;True;1
2;(143, 3);False;[3.52556126071958e-05, 0.9971188113814596];310;0;1.0;True;2
2;(143, 3);False;[3.11594397103922e-05, 0.9986071938869623];458;0;1.0;True;3
2;(143, 3);False;[2.7502147860279534e-05, 0.99875414813428];361;0;1.0;True;4
2;(143, 3);False;[3.997408129023821e-05, 0.9977236470927914];448;0;1.0;True;5
2;(143, 3);False;[4.002577033512769e-05, 0.9990138014522671];386;0;1.0;True;6
2;(143, 3);False;[3.1168593569584194e-05, 0.9989011455204374];387;0;1.0;True;7
2;(143, 3);False;[3.116871246855964e-05, 0.9989044759970777];468;0;1.0;True;8
2;(143, 3);False;[2.7474307727164207e-05, 0.9977437022731137];478;0;1.0;True;9
1;(144, 0);False;[2.7502593741458968e-05, 0.9987705583083895];488;0;1.0;True;0
1;(144, 0);False;[2.1430871919570778e-05, 0.9993220398887218];528;0;1.0;True;1
1;(144, 0);False;[3.5308169888631105e-05, 0.9986048163960521];620;0;1.0;True;2
1;(144, 0);False;[2.4274541775776594e-05, 0.9989182742196302];464;0;1.0;True;3
1;(144, 0);False;[4.004027815244007e-05, 0.9993754951588352];487;0;1.0;True;4
1;(144, 0);False;[2.1433672118376034e-05, 0.9994527713438601];440;0;1.0;True;5
1;(144, 0);False;[4.5308881529621754e-05, 0.9979946377270212];493;0;1.0;True;6
1;(144, 0);False;[9.598606939566592e-05, 0.9986933874801524];447;0;1.0;True;7
1;(144, 0);False;[3.532666092849506e-05, 0.9991276727730706];490;0;1.0;True;8
1;(144, 0);False;[0.00015824552100948303, 0.9986379841320413];512;0;1.0;True;9
1;(144, 1);True;[0.9966199590665267, 0.0021800977934136254];356;0;1.0;True;0
1;(144, 1);True;[0.9973589973285953, 0.0016991204589746622];441;0;1.0;True;1
1;(144, 1);True;[0.9976379766693393, 0.001168114188220191];472;0;1.0;True;2
1;(144, 1);True;[0.9974807944882162, 0.0013234378865985238];394;0;1.0;True;3
1;(144, 1);True;[0.9974761686610499, 0.0013234315759699604];425;0;1.0;True;4
1;(144, 1);True;[0.9953221587293946, 0.002177258549238888];482;0;1.0;True;5
1;(144, 1);True;[0.9970154696347253, 0.0019246929791606237];320;0;1.0;True;6
1;(144, 1);True;[0.9971327972510979, 0.0019249187626249108];350;0;1.0;True;7
1;(144, 1);True;[0.9978894526728812, 0.0009099573156360016];512;0;1.0;True;8
1;(144, 1);True;[0.9982527083426789, 0.0008033267311264168];398;0;1.0;True;9
1;(144, 2);False;[3.115979630392103e-05, 0.9986188440346317];565;0;1.0;True;0
1;(144, 2);False;[3.531372628742576e-05, 0.9987615207440299];510;0;1.0;True;1
1;(144, 2);False;[3.997450063723891e-05, 0.9977340897580623];575;0;1.0;True;2
1;(144, 2);False;[2.1429053008344365e-05, 0.9992374041489386];567;0;1.0;True;3
1;(144, 2);False;[4.535989793113817e-05, 0.999118509732635];398;0;1.0;True;4
1;(144, 2);False;[3.529497273764388e-05, 0.9982315636933293];404;0;1.0;True;5
1;(144, 2);False;[5.817681228864361e-05, 0.9979784904370583];469;0;1.0;True;6
1;(144, 2);False;[2.4274449175925077e-05, 0.9989139919882242];454;0;1.0;True;7
1;(144, 2);False;[2.7525842028274256e-05, 0.9996151021852797];434;0;1.0;True;8
1;(144, 2);False;[5.132793218555687e-05, 0.9977267322823472];625;0;1.0;True;9
1;(144, 3);False;[3.11757283109792e-05, 0.9991300527882583];467;0;1.0;True;0
1;(144, 3);False;[3.11596180066465e-05, 0.9986131378133825];475;0;1.0;True;1
1;(144, 3);False;[2.7457491485903142e-05, 0.9971330342896216];441;0;1.0;True;2
1;(144, 3);False;[2.751513383074391e-05, 0.9992263346926531];432;0;1.0;True;3
1;(144, 3);False;[3.5277810358059906e-05, 0.997746312923585];519;0;1.0;True;4
1;(144, 3);False;[3.1190567855847635e-05, 0.9996055728820653];295;0;1.0;True;5
1;(144, 3);False;[1.891280434487725e-05, 0.9993291827945134];355;0;1.0;True;6
1;(144, 3);False;[2.1422187498983447e-05, 0.9989169657322442];493;0;1.0;True;7
1;(144, 3);False;[3.530184002707191e-05, 0.9984260575238436];524;0;1.0;True;8
1;(144, 3);False;[2.142472094273983e-05, 0.9990355741923005];518;0;1.0;True;9
3;(145, 0);False;[0.00015824506826606346, 0.9986348931020287];375;0;1.0;True;0
3;(145, 0);False;[0.0001230851644280382, 0.9973697884522857];493;0;1.0;True;1
3;(145, 0);False;[0.00012308387322005037, 0.9973587602363557];546;0;1.0;True;2
3;(145, 0);False;[7.47667168834721e-05, 0.9988624890811871];504;0;1.0;True;3
3;(145, 0);False;[5.821216488882803e-05, 0.9985846077774753];585;0;1.0;True;4
3;(145, 0);False;[5.13874900714263e-05, 0.9988850878715316];454;0;1.0;True;5
3;(145, 0);False;[0.00015830287898386017, 0.998999881657119];438;0;1.0;True;6
3;(145, 0);False;[8.472114320389941e-05, 0.9988551149121397];503;0;1.0;True;7
3;(145, 0);False;[0.0001087882510679347, 0.9988931760279592];438;0;1.0;True;8
3;(145, 0);False;[6.599001732177141e-05, 0.9989932192646672];534;0;1.0;True;9
3;(145, 1);False;[0.0001088253993939066, 0.9992344284622109];305;0;1.0;True;0
3;(145, 1);False;[0.00023026080636597438, 0.9987032561828817];498;0;1.0;True;1
3;(145, 1);False;[0.00015819195536281592, 0.9983002278265227];519;0;1.0;True;2
3;(145, 1);False;[8.47398092232687e-05, 0.9990755528855759];594;0;1.0;True;3
3;(145, 1);False;[0.00013971792213594047, 0.9991150587988574];346;0;1.0;True;4
3;(145, 1);False;[0.00015826649954169824, 0.9987709150315505];486;0;1.0;True;5
3;(145, 1);False;[0.0001088249842587449, 0.9992309766627493];343;0;1.0;True;6
3;(145, 1);False;[0.00010872944153543492, 0.9983534550907679];517;0;1.0;True;7
3;(145, 1);False;[9.605273325346587e-05, 0.999386806052349];357;0;1.0;True;8
3;(145, 1);False;[0.00015826695234643325, 0.9987736501071381];439;0;1.0;True;9
3;(145, 2);False;[0.00010884076050822354, 0.9993751379870559];436;0;1.0;True;0
3;(145, 2);False;[7.477591554888092e-05, 0.9989853674281466];474;0;1.0;True;1
3;(145, 2);False;[0.00010878078142799752, 0.9988251438986357];472;0;1.0;True;2
3;(145, 2);False;[0.00010883339105443333, 0.9993073971990697];456;0;1.0;True;3
3;(145, 2);False;[4.537469477487213e-05, 0.9994439596094168];500;0;1.0;True;4
3;(145, 2);False;[8.470862069081697e-05, 0.9987071798802437];446;0;1.0;True;5
3;(145, 2);False;[7.479738350289923e-05, 0.9992722803860637];479;0;1.0;True;6
3;(145, 2);False;[5.8267762384071824e-05, 0.9995385154874427];455;0;1.0;True;7
3;(145, 2);False;[8.47673713399215e-05, 0.9994003794098927];463;0;1.0;True;8
3;(145, 2);False;[8.476155102627444e-05, 0.9993318018979692];468;0;1.0;True;9
3;(145, 3);True;[0.9975571848185995, 0.0007084396391146766];525;0;1.0;True;0
3;(145, 3);True;[0.9987755527930554, 0.0004874976955280841];344;0;1.0;True;1
3;(145, 3);True;[0.9986287111869617, 0.0007092004584432778];416;0;1.0;True;2
3;(145, 3);True;[0.9981705103943931, 0.0006255801775810207];521;0;1.0;True;3
3;(145, 3);True;[0.9980357207131108, 0.0004298965328097655];365;0;1.0;True;4
3;(145, 3);True;[0.9967808971268542, 0.0007078882095425729];460;0;1.0;True;5
3;(145, 3);True;[0.9987359547907808, 0.000430197974687668];404;0;1.0;True;6
3;(145, 3);True;[0.998442456960449, 0.00048733500277084153];377;0;1.0;True;7
3;(145, 3);True;[0.9980863069900237, 0.0005520259759772863];364;0;1.0;True;8
3;(145, 3);True;[0.9979288646923637, 0.0007087035181260724];523;0;1.0;True;9
1;(146, 0);False;[2.7512667336514472e-05, 0.9991363599373447];387;0;1.0;True;0
1;(146, 0);False;[1.8914265370423046e-05, 0.999405737426168];495;0;1.0;True;1
1;(146, 0);False;[1.8915473958324242e-05, 0.9994695617793733];387;0;1.0;True;2
1;(146, 0);False;[1.8909305557331046e-05, 0.9991438572091479];343;0;1.0;True;3
1;(146, 0);False;[1.891424733238255e-05, 0.999405261163355];334;0;1.0;True;4
1;(146, 0);False;[2.7509807529616828e-05, 0.9990329566211824];443;0;1.0;True;5
1;(146, 0);False;[1.4732299140600271e-05, 0.9995317268875997];543;0;1.0;True;6
1;(146, 0);False;[1.8916213580053555e-05, 0.9995085033437799];426;0;1.0;True;7
1;(146, 0);False;[1.8918937802164705e-05, 0.9996533404055377];267;0;1.0;True;8
1;(146, 0);False;[2.1427091209751767e-05, 0.9991454043248554];455;0;1.0;True;9
1;(146, 1);True;[0.9990359311264182, 0.00023033767703042407];490;0;1.0;True;0
1;(146, 1);True;[0.9987152652009285, 0.0002302636611032929];494;0;1.0;True;1
1;(146, 1);True;[0.9991919376740502, 0.0002303734855551997];395;0;1.0;True;2
1;(146, 1);True;[0.9991455233159605, 0.0002032945811396846];395;0;1.0;True;3
1;(146, 1);True;[0.9991921757255188, 0.00015833337773819942];402;0;1.0;True;4
1;(146, 1);True;[0.9986284734441188, 0.00017931395725733927];508;0;1.0;True;5
1;(146, 1);True;[0.9989923864541976, 0.0001793792938759618];452;0;1.0;True;6
1;(146, 1);True;[0.9986303756209595, 0.00017931429927189665];613;0;1.0;True;7
1;(146, 1);True;[0.9990881658957844, 0.0001793964016342568];499;0;1.0;True;8
1;(146, 1);True;[0.9980755005614693, 0.0002030767803476697];477;0;1.0;True;9
1;(146, 2);False;[4.003737616835607e-05, 0.9993031116708659];405;0;1.0;True;0
1;(146, 2);False;[4.536426725709877e-05, 0.9992144323634158];446;0;1.0;True;1
1;(146, 2);False;[2.4280075258052006e-05, 0.9991455233159605];473;0;1.0;True;2
1;(146, 2);False;[2.7506580765055896e-05, 0.9989156572465723];507;0;1.0;True;3
1;(146, 2);False;[5.139327321449601e-05, 0.9989976211580984];513;0;1.0;True;4
1;(146, 2);False;[3.118937805280234e-05, 0.999567457450362];490;0;1.0;True;5
1;(146, 2);False;[3.118381632560381e-05, 0.9993890682464136];595;0;1.0;True;6
1;(146, 2);False;[3.531887936581291e-05, 0.9989074497127689];572;0;1.0;True;7
1;(146, 2);False;[3.533521925782911e-05, 0.9993698993271699];474;0;1.0;True;8
1;(146, 2);False;[4.536816107049164e-05, 0.999299897478607];553;0;1.0;True;9
1;(146, 3);False;[2.143731087939826e-05, 0.9996222493095851];447;0;1.0;True;0
1;(146, 3);False;[4.000935993400586e-05, 0.9986037465211766];548;0;1.0;True;1
1;(146, 3);False;[2.4277505157543747e-05, 0.9990405713397053];348;0;1.0;True;2
1;(146, 3);False;[1.890515834880084e-05, 0.9989252924254034];459;0;1.0;True;3
1;(146, 3);False;[1.8911307361697203e-05, 0.9992493070426285];465;0;1.0;True;4
1;(146, 3);False;[2.4282251952328205e-05, 0.9992356187125734];543;0;1.0;True;5
1;(146, 3);False;[2.750991247140455e-05, 0.9990364070387735];566;0;1.0;True;6
1;(146, 3);False;[3.5287097197722916e-05, 0.9980092418945488];488;0;1.0;True;7
1;(146, 3);False;[2.427463437598135e-05, 0.9989224375048423];482;0;1.0;True;8
1;(146, 3);False;[3.117899894658026e-05, 0.999234190400676];471;0;1.0;True;9
1;(147, 0);False;[3.117876107060363e-05, 0.9992266917530881];535;0;1.0;True;0
1;(147, 0);False;[6.597340510513825e-05, 0.9987421380673424];500;0;1.0;True;1
1;(147, 0);False;[8.474853760415917e-05, 0.9991780128959625];560;0;1.0;True;2
1;(147, 0);False;[0.0013244081880441408, 0.9982119640001207];763;0;1.0;True;3
1;(147, 0);False;[0.00013973164708558965, 0.9992137181932729];558;0;1.0;True;4
1;(147, 0);False;[5.140851834548355e-05, 0.9992935883083421];558;0;1.0;True;5
1;(147, 0);False;[0.00013975017124248944, 0.9993462071478452];676;0;1.0;True;6
1;(147, 0);False;[4.5355442517291834e-05, 0.999019988077223];714;0;1.0;True;7
1;(147, 0);False;[0.0016998343984471827, 0.9977781182011912];461;0;1.0;True;8
1;(147, 0);False;[0.0002956418368536147, 0.9986394107197906];497;0;1.0;True;9
1;(147, 1);True;[0.9961640725015651, 0.002469243853256513];464;0;1.0;True;0
1;(147, 1);True;[0.9977350391811625, 0.0009098167424220337];518;0;1.0;True;1
1;(147, 1);True;[0.9978417348182834, 0.0013239169511345963];513;0;1.0;True;2
1;(147, 1);True;[0.9980879695904438, 0.0007088163977959574];596;0;1.0;True;3
1;(147, 1);True;[0.9973556771135099, 0.0009094706084058911];662;0;1.0;True;4
1;(147, 1);True;[0.9972979322645628, 0.0014993770246594137];566;0;1.0;True;5
1;(147, 1);True;[0.9970099002492822, 0.001030208018571554];523;0;1.0;True;6
1;(147, 1);True;[0.9975609809140122, 0.0007084423416025854];613;0;1.0;True;7
1;(147, 1);True;[0.9970100186378622, 0.001030208018571554];585;0;1.0;True;8
1;(147, 1);True;[0.9952935803145622, 0.003167801863711849];474;0;1.0;True;9
1;(147, 2);True;[0.9759938953972993, 0.02295317732954974];504;0;0.7;False;0
1;(147, 2);True;[0.9876634606681323, 0.010971947380249555];506;0;0.7;False;1
1;(147, 2);True;[0.9897803270207362, 0.009703467083359047];591;0;0.7;False;2
1;(147, 2);False;[0.11892469140439428, 0.8787411508637649];683;0;0.3;True;3
1;(147, 2);True;[0.9657701441418017, 0.03304683840831864];469;0;0.7;False;4
1;(147, 2);True;[0.9894866992564484, 0.008560736133587578];553;0;0.7;False;5
1;(147, 2);False;[0.017966941685453937, 0.9809619696334744];762;0;0.3;True;6
1;(147, 2);True;[0.9725693412377879, 0.02591809484789609];576;0;0.7;False;7
1;(147, 2);True;[0.8653034310631452, 0.13269858293621736];684;0;0.7;False;8
1;(147, 2);False;[0.24474196885728258, 0.7538582911781169];910;0;0.3;True;9
1;(147, 3);False;[4.537755086170325e-05, 0.9995070742927462];743;0;1.0;True;0
1;(147, 3);False;[7.478425950318796e-05, 0.9990972093236368];560;0;1.0;True;1
1;(147, 3);False;[8.474684034857784e-05, 0.9991587331033115];626;0;1.0;True;2
1;(147, 3);False;[0.00017933721573333832, 0.9987580721478566];560;0;1.0;True;3
1;(147, 3);False;[5.140464535967763e-05, 0.9992178839894015];704;0;1.0;True;4
1;(147, 3);False;[8.474845678169404e-05, 0.999177060820245];835;0;1.0;True;5
1;(147, 3);False;[0.00020325832940682465, 0.9989681174455464];597;0;1.0;True;6
1;(147, 3);False;[5.826137236061039e-05, 0.9994289561388997];578;0;1.0;True;7
1;(147, 3);False;[6.601840620254479e-05, 0.9994228834458077];635;0;1.0;True;8
1;(147, 3);False;[9.605896246112655e-05, 0.9994520568870173];635;0;1.0;True;9
3;(148, 0);False;[1.8899425880342317e-05, 0.9986219348987134];468;0;1.0;True;0
3;(148, 0);False;[3.5170449297176656e-05, 0.9947099683112075];461;0;1.0;True;1
3;(148, 0);False;[3.5267718739243136e-05, 0.9974608683761029];533;0;1.0;True;2
3;(148, 0);False;[3.985303615906497e-05, 0.9947023014887103];448;0;1.0;True;3
3;(148, 0);False;[2.7457386744085228e-05, 0.9971292414478428];474;0;1.0;True;4
3;(148, 0);False;[2.4222510103841894e-05, 0.9967771070169975];424;0;1.0;True;5
3;(148, 0);False;[3.524293925125196e-05, 0.9967600515849435];441;0;1.0;True;6
3;(148, 0);False;[2.427113896326851e-05, 0.9987778122082217];398;0;1.0;True;7
3;(148, 0);False;[5.137230016876667e-05, 0.9985892437438596];518;0;1.0;True;8
3;(148, 0);False;[3.991846152892786e-05, 0.9963350402009313];471;0;1.0;True;9
3;(148, 1);False;[3.519188862658237e-05, 0.9953156634998578];520;0;1.0;True;0
3;(148, 1);False;[2.141601859079287e-05, 0.9986296622751556];419;0;1.0;True;1
3;(148, 1);False;[5.819035140636777e-05, 0.9982103010769455];455;0;1.0;True;2
3;(148, 1);False;[3.1132766203897596e-05, 0.9977531959393187];438;0;1.0;True;3
3;(148, 1);False;[2.4239471722841523e-05, 0.9974752197165283];602;0;1.0;True;4
3;(148, 1);False;[2.740781021365838e-05, 0.9953285362758753];406;0;1.0;True;5
3;(148, 1);False;[3.1057117745556155e-05, 0.9953279457949278];559;0;1.0;True;6
3;(148, 1);False;[2.7457543856961932e-05, 0.997134693560865];534;0;1.0;True;7
3;(148, 1);False;[3.521109109898514e-05, 0.995859079378232];477;0;1.0;True;8
3;(148, 1);False;[3.517028159180554e-05, 0.9947052501883397];457;0;1.0;True;9
3;(148, 2);False;[3.998494760946358e-05, 0.9979946377270212];523;0;1.0;True;0
3;(148, 2);False;[3.1101755066247766e-05, 0.996758511992062];457;0;1.0;True;1
3;(148, 2);False;[2.4252605486718216e-05, 0.9980158911022429];607;0;1.0;True;2
3;(148, 2);False;[2.7481671346981662e-05, 0.9980110229902215];454;0;1.0;True;3
3;(148, 2);False;[4.525188032519688e-05, 0.996738970230284];431;0;1.0;True;4
3;(148, 2);False;[3.526734876809056e-05, 0.9974498382241275];513;0;1.0;True;5
3;(148, 2);False;[2.423138227641979e-05, 0.9971416868147118];539;0;1.0;True;6
3;(148, 2);False;[2.742266069026279e-05, 0.9958677099508817];495;0;1.0;True;7
3;(148, 2);False;[2.425820337170301e-05, 0.9982460560464625];490;0;1.0;True;8
3;(148, 2);False;[2.7474648349317005e-05, 0.9977553322415488];492;0;1.0;True;9
3;(148, 3);True;[0.9960818630879066, 0.00029488465527254454];507;0;1.0;True;0
3;(148, 3);True;[0.9980893945791286, 0.00037940262038136275];430;0;1.0;True;1
3;(148, 3);True;[0.9970114406947276, 0.0004866365064774047];567;0;1.0;True;2
3;(148, 3);True;[0.9982169529024758, 0.0004299744363111264];466;0;1.0;True;3
3;(148, 3);True;[0.9983146034465524, 0.00033489716283914946];599;0;1.0;True;4
3;(148, 3);True;[0.9972949679843705, 0.00048677482576711597];495;0;1.0;True;5
3;(148, 3);True;[0.9963268750963727, 0.0011665789912337818];735;0;1.0;True;6
3;(148, 3);True;[0.9966107235393469, 0.0005512097881302757];531;0;1.0;True;7
3;(148, 3);True;[0.9964152792862525, 0.0003787663398176852];638;0;1.0;True;8
3;(148, 3);True;[0.9978380552120913, 0.00042981126516040513];481;0;1.0;True;9
0;(149, 0);True;[0.9978476696580999, 0.0006253776647523072];418;0;1.0;True;0
0;(149, 0);True;[0.997757349606401, 0.001500067833833492];372;0;1.0;True;1
0;(149, 0);True;[0.9971431090593784, 0.0013229899067393332];367;0;1.0;True;2
0;(149, 0);True;[0.9981781119156897, 0.0006255849503972132];428;0;1.0;True;3
0;(149, 0);True;[0.9982358400939937, 0.000708921520479429];441;0;1.0;True;4
0;(149, 0);True;[0.9970820704461077, 0.0007081022469472476];439;0;1.0;True;5
0;(149, 0);True;[0.9838582929400803, 0.010929677332128655];608;0;1.0;True;6
0;(149, 0);True;[0.997337534787793, 0.0007082835879251956];426;0;1.0;True;7
0;(149, 0);True;[0.998025390146812, 0.0006254892027350573];538;0;1.0;True;8
0;(149, 0);True;[0.9985758112534664, 0.0004874000733572631];390;0;1.0;True;9
0;(149, 1);False;[4.002619022437088e-05, 0.9990239143564282];548;0;1.0;True;0
0;(149, 1);False;[3.999383349657193e-05, 0.9982167153738675];535;0;1.0;True;1
0;(149, 1);False;[5.138778411384435e-05, 0.9988902024710465];551;0;1.0;True;2
0;(149, 1);False;[4.0009283622280666e-05, 0.9986019633214296];459;0;1.0;True;3
0;(149, 1);False;[3.532699783139365e-05, 0.9991374309644212];362;0;1.0;True;4
0;(149, 1);False;[5.1296417979896474e-05, 0.9971141888581049];406;0;1.0;True;5
0;(149, 1);False;[3.116455127427757e-05, 0.9987713907013873];461;0;1.0;True;6
0;(149, 1);False;[2.7493625051225563e-05, 0.9984443584342648];479;0;1.0;True;7
0;(149, 1);False;[3.517038221493225e-05, 0.9947074915949894];622;0;1.0;True;8
0;(149, 1);False;[4.53090543696179e-05, 0.9979984371136659];509;0;1.0;True;9
0;(149, 2);False;[3.532292152207879e-05, 0.999022010674021];412;0;1.0;True;0
0;(149, 2);False;[2.1367220285751622e-05, 0.9963543295345115];601;0;1.0;True;1
0;(149, 2);False;[1.890240005735326e-05, 0.9987786446072651];379;0;1.0;True;2
0;(149, 2);False;[8.466387793394698e-05, 0.9981802498249338];384;0;1.0;True;3
0;(149, 2);False;[3.115967743895799e-05, 0.998615277700657];408;0;1.0;True;4
0;(149, 2);False;[3.116464043690152e-05, 0.9987738878845434];503;0;1.0;True;5
0;(149, 2);False;[3.112371191231951e-05, 0.997462766006503];418;0;1.0;True;6
0;(149, 2);False;[3.999383349657193e-05, 0.9982167153738675];566;0;1.0;True;7
0;(149, 2);False;[2.1415936895321135e-05, 0.9986253825597994];279;0;1.0;True;8
0;(149, 2);False;[2.1422146639442375e-05, 0.9989151815080277];448;0;1.0;True;9
0;(149, 3);False;[6.599020612099547e-05, 0.9989959556468128];560;0;1.0;True;0
0;(149, 3);False;[3.52871645025837e-05, 0.9980110229902215];405;0;1.0;True;1
0;(149, 3);False;[2.751277228921151e-05, 0.9991405251201729];368;0;1.0;True;2
0;(149, 3);False;[3.111335465827563e-05, 0.9971305452718524];606;0;1.0;True;3
0;(149, 3);False;[2.1429134753850196e-05, 0.9992407369099816];501;0;1.0;True;4
0;(149, 3);False;[3.995003338391693e-05, 0.9971228409875049];438;0;1.0;True;5
0;(149, 3);False;[3.9853188186623e-05, 0.9947058402998713];600;0;1.0;True;6
0;(149, 3);False;[2.7493572611347423e-05, 0.9984430511488336];515;0;1.0;True;7
0;(149, 3);False;[3.526751693631514e-05, 0.9974549381592224];484;0;1.0;True;8
0;(149, 3);False;[2.4277412546387847e-05, 0.9990364070387735];440;0;1.0;True;9
3;(150, 0);False;[4.0026037536863706e-05, 0.9990198691010683];475;0;1.0;True;0
3;(150, 0);False;[1.8919713645790743e-05, 0.9996936068090272];354;0;1.0;True;1
3;(150, 0);False;[2.4277412546387847e-05, 0.9990362880606635];445;0;1.0;True;2
3;(150, 0);False;[5.820217296608594e-05, 0.9984129859160162];425;0;1.0;True;3
3;(150, 0);False;[3.119181719789433e-05, 0.9996452398388653];322;0;1.0;True;4
3;(150, 0);False;[7.481521871483297e-05, 0.9995108851970086];336;0;1.0;True;5
3;(150, 0);False;[4.0043256723243435e-05, 0.9994494371775127];457;0;1.0;True;6
3;(150, 0);False;[3.534347630373413e-05, 0.9996030714666614];317;0;1.0;True;7
3;(150, 0);False;[2.7523007099904453e-05, 0.9995114806612027];278;0;1.0;True;8
3;(150, 0);False;[3.118566021080819e-05, 0.9994482463815804];313;0;1.0;True;9
3;(150, 1);False;[3.524297286155398e-05, 0.9967612361030028];556;0;1.0;True;0
3;(150, 1);False;[3.534013955085956e-05, 0.9995089797139717];292;0;1.0;True;1
3;(150, 1);False;[2.1433958290682914e-05, 0.9994658701782768];354;0;1.0;True;2
3;(150, 1);False;[4.5360157483298665e-05, 0.9991238647256686];440;0;1.0;True;3
3;(150, 1);False;[3.117599589555001e-05, 0.9991380260316554];425;0;1.0;True;4
3;(150, 1);False;[2.427736624094238e-05, 0.9990347413465217];526;0;1.0;True;5
3;(150, 1);False;[2.426745890715116e-05, 0.998626690200217];489;0;1.0;True;6
3;(150, 1);False;[2.143404005490095e-05, 0.999469799896984];404;0;1.0;True;7
3;(150, 1);False;[2.428012156866452e-05, 0.9991477844404394];654;0;1.0;True;8
3;(150, 1);False;[4.5349733306327196e-05, 0.9988940086394354];509;0;1.0;True;9
3;(150, 2);False;[3.117245801846347e-05, 0.9990252231002087];486;0;1.0;True;0
3;(150, 2);False;[2.1432466148490648e-05, 0.9993963311758346];487;0;1.0;True;1
3;(150, 2);False;[4.004310397063286e-05, 0.9994457457670984];485;0;1.0;True;2
3;(150, 2);False;[2.7512877242308915e-05, 0.9991435002364706];315;0;1.0;True;3
3;(150, 2);False;[4.002073200776977e-05, 0.9988879424527757];516;0;1.0;True;4
3;(150, 2);False;[3.53302996498351e-05, 0.9992308576614674];421;0;1.0;True;5
3;(150, 2);False;[4.536824760347415e-05, 0.999302397379174];325;0;1.0;True;6
3;(150, 2);False;[5.139391038022683e-05, 0.9990092803963468];397;0;1.0;True;7
3;(150, 2);False;[6.598938799492569e-05, 0.9989839397647021];530;0;1.0;True;8
3;(150, 2);False;[3.5327031521860225e-05, 0.9991383830023769];483;0;1.0;True;9
3;(150, 3);True;[0.9993774000965375, 0.0003798923065110494];385;0;1.0;True;0
3;(150, 3);True;[0.9985422910332128, 0.00026087762724956426];490;0;1.0;True;1
3;(150, 3);True;[0.9986289489298613, 0.00043015202704052466];418;0;1.0;True;2
3;(150, 3);True;[0.9987111035930211, 0.00023026278271880992];463;0;1.0;True;3
3;(150, 3);True;[0.9993393020905506, 0.0002610859495316729];437;0;1.0;True;4
3;(150, 3);True;[0.9987662772915806, 0.00017933875500361374];536;0;1.0;True;5
3;(150, 3);True;[0.9993899016784379, 0.00037989701635620944];340;0;1.0;True;6
3;(150, 3);True;[0.9992194312778974, 0.00020330951020301397];354;0;1.0;True;7
3;(150, 3);True;[0.9991896763333292, 0.0002958048465803149];417;0;1.0;True;8
3;(150, 3);True;[0.9991916996226384, 0.00029580541078382265];376;0;1.0;True;9
3;(151, 0);False;[2.7509964942448533e-05, 0.9990379537554941];500;0;1.0;True;0
3;(151, 0);False;[4.536033051889742e-05, 0.9991277917620639];469;0;1.0;True;1
3;(151, 0);False;[4.002134268033665e-05, 0.9989030486818115];473;0;1.0;True;2
3;(151, 0);False;[4.535561553490439e-05, 0.9990239143564282];588;0;1.0;True;3
3;(151, 0);False;[3.1172933676053903e-05, 0.9990399764468167];538;0;1.0;True;4
3;(151, 0);False;[4.5336630790090884e-05, 0.9986054107973122];531;0;1.0;True;5
3;(151, 0);False;[7.479132049943872e-05, 0.9991918186774176];619;0;1.0;True;6
3;(151, 0);False;[4.53554857716331e-05, 0.9990208209107028];571;0;1.0;True;7
3;(151, 0);False;[3.534522906780586e-05, 0.9996526256307561];549;0;1.0;True;8
3;(151, 0);False;[4.535007929865433e-05, 0.9989020971006712];401;0;1.0;True;9
3;(151, 1);False;[2.4284567798757756e-05, 0.9993304923453833];446;0;1.0;True;0
3;(151, 1);False;[2.426745890715116e-05, 0.9986263335285677];495;0;1.0;True;1
3;(151, 1);False;[2.7517889218725025e-05, 0.9993264446852564];493;0;1.0;True;2
3;(151, 1);False;[3.114800116684922e-05, 0.9982408292318881];431;0;1.0;True;3
3;(151, 1);False;[2.4284475160660072e-05, 0.9993271589359686];349;0;1.0;True;4
3;(151, 1);False;[2.428781035482017e-05, 0.9994640839846298];559;0;1.0;True;5
3;(151, 1);False;[2.7506449603770572e-05, 0.9989104234373126];506;0;1.0;True;6
3;(151, 1);False;[1.891289452837104e-05, 0.9993338257077483];470;0;1.0;True;7
3;(151, 1);False;[4.003428349580321e-05, 0.999225739572824];370;0;1.0;True;8
3;(151, 1);False;[2.1427295555391782e-05, 0.9991558769339935];430;0;1.0;True;9
3;(151, 2);False;[3.532285414901697e-05, 0.9990197501249278];505;0;1.0;True;0
3;(151, 2);False;[1.6678891579744263e-05, 0.9986342986832198];507;0;1.0;True;1
3;(151, 2);False;[2.4252698003242514e-05, 0.998019690802169];524;0;1.0;True;2
3;(151, 2);False;[3.1140843072731266e-05, 0.9980117354293805];460;0;1.0;True;3
3;(151, 2);False;[2.4284475160660072e-05, 0.9993268017814644];434;0;1.0;True;4
3;(151, 2);False;[2.1422105779979237e-05, 0.9989136350976727];460;0;1.0;True;5
3;(151, 2);False;[2.1424863968659924e-05, 0.9990418801634586];500;0;1.0;True;6
3;(151, 2);False;[2.428012156866452e-05, 0.999147308416869];510;0;1.0;True;7
3;(151, 2);False;[1.890249019123542e-05, 0.9987842338726163];484;0;1.0;True;8
3;(151, 2);False;[3.108888487975139e-05, 0.9963460457301428];581;0;1.0;True;9
3;(151, 3);True;[0.9982367903431791, 0.00023015345002399518];487;0;1.0;True;0
3;(151, 3);True;[0.9989034054522931, 0.00026097218545357475];520;0;1.0;True;1
3;(151, 3);True;[0.9989643105295956, 0.00029573799608349137];457;0;1.0;True;2
3;(151, 3);True;[0.9925387508564943, 0.004596366382853372];779;0;1.0;True;3
3;(151, 3);True;[0.9974471103733729, 0.0003346063314426048];472;0;1.0;True;4
3;(151, 3);True;[0.9988588019898583, 0.0002032362325917048];566;0;1.0;True;5
3;(151, 3);True;[0.9983511975653608, 0.00029555670141406495];466;0;1.0;True;6
3;(151, 3);True;[0.9984170262150027, 0.0002301949376438881];530;0;1.0;True;7
3;(151, 3);True;[0.9992839460871376, 0.00020332269522248763];411;0;1.0;True;8
3;(151, 3);True;[0.9986017255849544, 0.00020318390761132736];490;0;1.0;True;9
0;(152, 0);True;[0.999263114739801, 0.00015834455201969754];493;0;1.0;True;0
0;(152, 0);True;[0.9989380205862018, 0.00023031505242758363];345;0;1.0;True;1
0;(152, 0);True;[0.997338009194448, 0.00015803950576334422];589;0;1.0;True;2
0;(152, 0);True;[0.9992212166271766, 0.0002033098979855001];557;0;1.0;True;3
0;(152, 0);True;[0.9993246589152885, 0.00020333103324964152];587;0;1.0;True;4
0;(152, 0);True;[0.9990335515680422, 0.0001397064635019686];539;0;1.0;True;5
0;(152, 0);True;[0.9992212166271766, 0.0002033098979855001];631;0;1.0;True;6
0;(152, 0);True;[0.9986448794606758, 0.00015824657741583267];483;0;1.0;True;7
0;(152, 0);True;[0.9989409945180464, 0.00023031571136517679];470;0;1.0;True;8
0;(152, 0);True;[0.9986751964060825, 0.0002609124604958792];410;0;1.0;True;9
0;(152, 1);False;[1.6695505953975085e-05, 0.9996291582711716];612;0;1.0;True;0
0;(152, 1);False;[2.1441400111925166e-05, 0.9998133530919079];884;0;1.0;True;1
0;(152, 1);False;[3.113240991970195e-05, 0.9977418034113298];466;0;1.0;True;2
0;(152, 1);False;[2.749831882541552e-05, 0.9986151587727004];538;0;1.0;True;3
0;(152, 1);False;[3.112320732437024e-05, 0.9974466361470575];414;0;1.0;True;4
0;(152, 1);False;[2.1440582203021858e-05, 0.9997751026550465];320;0;1.0;True;5
0;(152, 1);False;[2.424647705310699e-05, 0.9977635206681047];623;0;1.0;True;6
0;(152, 1);False;[2.1427111644228073e-05, 0.9991469513848006];615;0;1.0;True;7
0;(152, 1);False;[3.117608509091733e-05, 0.9991411201310922];486;0;1.0;True;8
0;(152, 1);False;[3.528672702328328e-05, 0.997998199637054];426;0;1.0;True;9
0;(152, 2);False;[2.14372495468476e-05, 0.9996196286884972];581;0;1.0;True;0
0;(152, 2);False;[2.7525632023566724e-05, 0.9996075978572159];433;0;1.0;True;1
0;(152, 2);False;[1.669720970295093e-05, 0.9997307787248307];357;0;1.0;True;2
0;(152, 2);False;[2.7509571412058123e-05, 0.9990240333330647];414;0;1.0;True;3
0;(152, 2);False;[4.000237801376008e-05, 0.9984298602964005];483;0;1.0;True;4
0;(152, 2);False;[2.428598057353511e-05, 0.9993891872665374];347;0;1.0;True;5
0;(152, 2);False;[3.999432933383922e-05, 0.9982282375520287];446;0;1.0;True;6
0;(152, 2);False;[3.118152649091624e-05, 0.9993154922650828];433;0;1.0;True;7
0;(152, 2);False;[1.6687578643118807e-05, 0.9991548058289854];463;0;1.0;True;8
0;(152, 2);False;[2.144007102580119e-05, 0.9997510337869404];451;0;1.0;True;9
0;(152, 3);False;[3.533289415224614e-05, 0.9993043020612083];375;0;1.0;True;0
0;(152, 3);False;[3.525604970074457e-05, 0.9971311377508475];480;0;1.0;True;1
0;(152, 3);False;[4.004734307185843e-05, 0.9995522120977137];632;0;1.0;True;2
0;(152, 3);False;[3.996321792404643e-05, 0.9974525660823421];519;0;1.0;True;3
0;(152, 3);False;[2.427991317160381e-05, 0.9991392160508717];492;0;1.0;True;4
0;(152, 3);False;[3.531837412880463e-05, 0.9988934139501063];467;0;1.0;True;5
0;(152, 3);False;[3.1159707155156234e-05, 0.9986162286598027];630;0;1.0;True;6
0;(152, 3);False;[3.114767441302719e-05, 0.9982309697470134];535;0;1.0;True;7
0;(152, 3);False;[2.7519857521930416e-05, 0.9993972836931762];629;0;1.0;True;8
0;(152, 3);False;[2.4280075258052006e-05, 0.9991455233159605];442;0;1.0;True;9
0;(153, 0);True;[0.99854977937178, 0.0007091443239251909];416;0;1.0;True;0
0;(153, 0);True;[0.9988711716140775, 0.0005524599437349924];508;0;1.0;True;1
0;(153, 0);True;[0.9985100804720666, 0.0002956037765901218];621;0;1.0;True;2
0;(153, 0);True;[0.9989345707991406, 0.0005524949814921521];330;0;1.0;True;3
0;(153, 0);True;[0.9983750802438744, 0.000430042715985445];499;0;1.0;True;4
0;(153, 0);True;[0.998541696785769, 0.0006258125963469664];540;0;1.0;True;5
0;(153, 0);True;[0.9977709973586708, 0.001030994304820108];428;0;1.0;True;6
0;(153, 0);True;[0.998031564725307, 0.0009100870614216714];420;0;1.0;True;7
0;(153, 0);True;[0.9983490588250873, 0.0007090019785941526];453;0;1.0;True;8
0;(153, 0);True;[0.9985557226077151, 0.00070914871984155];572;0;1.0;True;9
0;(153, 1);False;[4.004482247109888e-05, 0.9994893299229335];407;0;1.0;True;0
0;(153, 1);False;[8.464353345368788e-05, 0.9979399054856556];489;0;1.0;True;1
0;(153, 1);False;[5.1404008060857874e-05, 0.9992057438223901];386;0;1.0;True;2
0;(153, 1);False;[5.138690199163774e-05, 0.9988734314781195];529;0;1.0;True;3
0;(153, 1);False;[5.1393567290005574e-05, 0.9990032128118572];429;0;1.0;True;4
0;(153, 1);False;[5.8260927863310336e-05, 0.9994215736575179];725;0;1.0;True;5
0;(153, 1);False;[5.8235541584349694e-05, 0.99898596217222];559;0;1.0;True;6
0;(153, 1);False;[6.59809555942142e-05, 0.998855828535272];435;0;1.0;True;7
0;(153, 1);False;[5.1418226604798885e-05, 0.9994818274408206];383;0;1.0;True;8
0;(153, 1);False;[8.476082351516849e-05, 0.9993235875130079];557;0;1.0;True;9
0;(153, 2);False;[4.534307346850036e-05, 0.9987478457233352];455;0;1.0;True;0
0;(153, 2);False;[6.590486105245743e-05, 0.9977041860642637];546;0;1.0;True;1
0;(153, 2);False;[5.826387272111257e-05, 0.9994715861590231];396;0;1.0;True;2
0;(153, 2);False;[4.003000760135476e-05, 0.999119223776573];547;0;1.0;True;3
0;(153, 2);False;[5.814430907698027e-05, 0.9974203071863965];695;0;1.0;True;4
0;(153, 2);False;[9.598533708286654e-05, 0.9986855403254804];469;0;1.0;True;5
0;(153, 2);False;[4.537651226387394e-05, 0.9994839709930808];499;0;1.0;True;6
0;(153, 2);False;[5.140361588089594e-05, 0.9991983646183188];340;0;1.0;True;7
0;(153, 2);False;[4.5370930207797855e-05, 0.999361446246347];478;0;1.0;True;8
0;(153, 2);False;[6.601324367961616e-05, 0.9993446594303591];557;0;1.0;True;9
0;(153, 3);False;[5.825737200699216e-05, 0.9993600175219095];480;0;1.0;True;0
0;(153, 3);False;[8.475435702421477e-05, 0.9992466883880351];499;0;1.0;True;1
0;(153, 3);False;[8.476583538500375e-05, 0.9993819244472052];318;0;1.0;True;2
0;(153, 3);False;[0.0001396855472566954, 0.9988834226641448];410;0;1.0;True;3
0;(153, 3);False;[6.598127021667794e-05, 0.9988610618259152];472;0;1.0;True;4
0;(153, 3);False;[9.59863440144061e-05, 0.9986957655307241];544;0;1.0;True;5
0;(153, 3);False;[5.1418422750141434e-05, 0.9994856381906444];512;0;1.0;True;6
0;(153, 3);False;[7.479659885123552e-05, 0.9992624005348633];426;0;1.0;True;7
0;(153, 3);False;[6.603301455210176e-05, 0.9996444059611562];334;0;1.0;True;8
0;(153, 3);False;[0.00013965384579907008, 0.9986568871954704];563;0;1.0;True;9
1;(154, 0);False;[4.0037147073307434e-05, 0.9992977547282891];447;0;1.0;True;0
1;(154, 0);False;[3.11596180066465e-05, 0.9986137322195958];476;0;1.0;True;1
1;(154, 0);False;[2.4282414054389498e-05, 0.9992422842920288];484;0;1.0;True;2
1;(154, 0);False;[3.113270682291517e-05, 0.9977512972917738];423;0;1.0;True;3
1;(154, 0);False;[3.5287029892990504e-05, 0.9980072235556624];426;0;1.0;True;4
1;(154, 0);False;[2.138407901735095e-05, 0.9971401459358632];410;0;1.0;True;5
1;(154, 0);False;[2.4267412620690735e-05, 0.9986246692175622];447;0;1.0;True;6
1;(154, 0);False;[2.746665794218354e-05, 0.9974658499248736];373;0;1.0;True;7
1;(154, 0);False;[2.4292373827689948e-05, 0.9996523873823071];993;0;1.0;True;8
1;(154, 0);False;[1.300378759038149e-05, 0.9997300638364871];1005;0;1.0;True;9
1;(154, 1);True;[0.9990919736326599, 0.0003351578806544999];324;0;1.0;True;0
1;(154, 1);True;[0.9988754535456329, 0.0002957117677376207];372;0;1.0;True;1
1;(154, 1);True;[0.9981724107692902, 0.0002955037155751289];501;0;1.0;True;2
1;(154, 1);True;[0.998924459671561, 0.00033510194981588634];362;0;1.0;True;3
1;(154, 1);True;[0.9987667529592088, 0.000295679620035337];369;0;1.0;True;4
1;(154, 1);True;[0.9977495171242328, 0.00029537861651148136];490;0;1.0;True;5
1;(154, 1);True;[0.999087689900618, 0.0003351566021310876];347;0;1.0;True;6
1;(154, 1);True;[0.998156732842691, 0.00048719559505153815];438;0;1.0;True;7
1;(154, 1);True;[0.9985100804720666, 0.0002956037765901218];420;0;1.0;True;8
1;(154, 1);True;[0.9979793215890325, 0.00048710895002190884];487;0;1.0;True;9
1;(154, 2);False;[3.532672830881774e-05, 0.9991295768312928];499;0;1.0;True;0
1;(154, 2);False;[3.9994062343777585e-05, 0.9982215855350925];483;0;1.0;True;1
1;(154, 2);False;[3.53137599652356e-05, 0.9987633044612407];431;0;1.0;True;2
1;(154, 2);False;[6.592283911127867e-05, 0.9979759972176487];486;0;1.0;True;3
1;(154, 2);False;[3.9985100140224825e-05, 0.9979986745903342];500;0;1.0;True;4
1;(154, 2);False;[7.483605562690487e-05, 0.9997895207110944];1062;0;1.0;True;5
1;(154, 2);False;[4.5355356008733054e-05, 0.9990178465086063];567;0;1.0;True;6
1;(154, 2);False;[3.528686163172111e-05, 0.9980018805308876];541;0;1.0;True;7
1;(154, 2);False;[4.536435378265442e-05, 0.9992159796465668];339;0;1.0;True;8
1;(154, 2);False;[3.532986163575853e-05, 0.9992185981043596];381;0;1.0;True;9
1;(154, 3);False;[4.531925309649689e-05, 0.9982230109469603];583;0;1.0;True;0
1;(154, 3);False;[3.525628506105385e-05, 0.9971374198607195];414;0;1.0;True;1
1;(154, 3);False;[2.4277389393654072e-05, 0.9990354552142896];373;0;1.0;True;2
1;(154, 3);False;[3.525621781509087e-05, 0.9971351678710338];590;0;1.0;True;3
1;(154, 3);False;[3.1172547203708824e-05, 0.9990274836616859];504;0;1.0;True;4
1;(154, 3);False;[2.4280098413347222e-05, 0.9991469513848006];461;0;1.0;True;5
1;(154, 3);False;[3.116889081787324e-05, 0.9989103044742064];415;0;1.0;True;6
1;(154, 3);False;[3.532305626858794e-05, 0.999025817984312];350;0;1.0;True;7
1;(154, 3);False;[3.528729911269038e-05, 0.9980148226716135];493;0;1.0;True;8
1;(154, 3);False;[3.530847294238471e-05, 0.9986136134080772];652;0;1.0;True;9
2;(155, 0);False;[3.118146701693104e-05, 0.9993135875617198];425;0;1.0;True;0
2;(155, 0);False;[2.7525553272214466e-05, 0.9996040243846919];296;0;1.0;True;1
2;(155, 0);False;[3.117593643211357e-05, 0.999136002967346];609;0;1.0;True;2
2;(155, 0);False;[4.0043180346865306e-05, 0.999447651013234];392;0;1.0;True;3
2;(155, 0);False;[2.4284289885524856e-05, 0.9993197779627171];375;0;1.0;True;4
2;(155, 0);False;[4.0030236655550904e-05, 0.9991252927635523];358;0;1.0;True;5
2;(155, 0);False;[4.000951255789291e-05, 0.9986074316247393];310;0;1.0;True;6
2;(155, 0);False;[3.1178731336234165e-05, 0.9992256205140032];542;0;1.0;True;7
2;(155, 0);False;[3.114782293706682e-05, 0.9982356024446811];292;0;1.0;True;8
2;(155, 0);False;[3.529490541789008e-05, 0.9982295442075718];389;0;1.0;True;9
2;(155, 1);False;[8.47078936340138e-05, 0.9986988568654163];430;0;1.0;True;0
2;(155, 1);False;[6.601418801339615e-05, 0.9993595412808842];645;0;1.0;True;1
2;(155, 1);False;[3.1159647722788075e-05, 0.9986143266261629];504;0;1.0;True;2
2;(155, 1);False;[3.117263638920934e-05, 0.9990304580924754];415;0;1.0;True;3
2;(155, 1);False;[4.5327941110517724e-05, 0.9984145307377049];537;0;1.0;True;4
2;(155, 1);False;[4.0037528899116774e-05, 0.9993064448837328];409;0;1.0;True;5
2;(155, 1);False;[3.533023226270063e-05, 0.9992290722949622];508;0;1.0;True;6
2;(155, 1);False;[5.8189962945159207e-05, 0.998204005584011];525;0;1.0;True;7
2;(155, 1);False;[7.479674151456213e-05, 0.99926370988189];389;0;1.0;True;8
2;(155, 1);False;[5.8144641782337416e-05, 0.9974267114140006];490;0;1.0;True;9
2;(155, 2);True;[0.9989323106804852, 0.00033510450645062246];402;0;1.0;True;0
2;(155, 2);True;[0.9986386974837896, 0.0007092075601145896];415;0;1.0;True;1
2;(155, 2);True;[0.9992140752491995, 0.00037983017825051027];449;0;1.0;True;2
2;(155, 2);True;[0.9989932192646672, 0.00043030896670272233];431;0;1.0;True;3
2;(155, 2);True;[0.9989911968424576, 0.00043030794076742116];494;0;1.0;True;4
2;(155, 2);True;[0.9989953607804913, 0.0005525287041387979];455;0;1.0;True;5
2;(155, 2);True;[0.9983170983254298, 0.0004872738908107461];493;0;1.0;True;6
2;(155, 2);True;[0.9988308524941109, 0.00043023900351998705];537;0;1.0;True;7
2;(155, 2);True;[0.9992859697418347, 0.00026107200640998896];390;0;1.0;True;8
2;(155, 2);True;[0.9990841201476394, 0.00033515532361255246];550;0;1.0;True;9
2;(155, 3);False;[0.0009106778772029058, 0.9986793577481038];472;0;1.0;True;0
2;(155, 3);False;[0.005905474275274259, 0.9931480358433017];351;0;1.0;True;1
2;(155, 3);False;[0.0004876039399599743, 0.9989932192646672];585;0;1.0;True;2
2;(155, 3);False;[0.0008036133081453055, 0.9986083826926666];541;0;1.0;True;3
2;(155, 3);False;[0.00048749537096346866, 0.9987710339780564];642;0;1.0;True;4
2;(155, 3);False;[0.0006259080950567575, 0.9986938631130664];478;0;1.0;True;5
2;(155, 3);False;[0.0008029862664787693, 0.9978295093221422];530;0;1.0;True;6
2;(155, 3);False;[0.0019246562689054971, 0.9969967471334532];518;0;1.0;True;7
2;(155, 3);False;[0.002799062056685074, 0.9965349516385291];605;0;1.0;True;8
2;(155, 3);False;[0.00116935138349374, 0.9986949332007535];1221;0;1.0;True;9
2;(156, 0);False;[0.00012326395132013768, 0.9988186027864701];392;0;1.0;True;0
2;(156, 0);False;[0.0046024195076133255, 0.9938460177813938];510;0;1.0;True;1
2;(156, 0);False;[6.598246579572237e-05, 0.9988787838203278];434;0;1.0;True;2
2;(156, 0);False;[5.822876637418138e-05, 0.9988695064298899];443;0;1.0;True;3
2;(156, 0);False;[0.00013976923103141422, 0.9994823037982984];893;0;1.0;True;4
2;(156, 0);False;[0.00017937826746234562, 0.9989869139495497];403;0;1.0;True;5
2;(156, 0);False;[5.822959934932377e-05, 0.9988841363075013];350;0;1.0;True;6
2;(156, 0);False;[9.593601037502561e-05, 0.9981720543760948];488;0;1.0;True;7
2;(156, 0);False;[0.00017921565512094115, 0.9980807256970354];409;0;1.0;True;8
2;(156, 0);False;[0.00026079006705999645, 0.9982068563595752];399;0;1.0;True;9
2;(156, 1);False;[1.89025622986506e-05, 0.9987872068815269];506;0;1.0;True;0
2;(156, 1);False;[2.4267320048034736e-05, 0.9986213404876176];489;0;1.0;True;1
2;(156, 1);False;[3.116431350852751e-05, 0.9987636611818109];365;0;1.0;True;2
2;(156, 1);False;[2.1412220081017674e-05, 0.9984526771196698];316;0;1.0;True;3
2;(156, 1);False;[1.8899570072068818e-05, 0.9986295433454859];474;0;1.0;True;4
2;(156, 1);False;[2.143628869312935e-05, 0.9995744847554361];268;0;1.0;True;5
2;(156, 1);False;[2.141595731915985e-05, 0.9986268091295468];429;0;1.0;True;6
2;(156, 1);False;[1.8905086231482535e-05, 0.9989208911995441];433;0;1.0;True;7
2;(156, 1);False;[2.428618902267297e-05, 0.9993975217935671];210;0;1.0;True;8
2;(156, 1);False;[2.748793590771784e-05, 0.9982377407094793];477;0;1.0;True;9
2;(156, 2);True;[0.9905886722644754, 0.00857027309190274];396;0;1.0;True;0
2;(156, 2);True;[0.9971316120593249, 0.0014991268100017028];383;0;1.0;True;1
2;(156, 2);True;[0.9967109022887726, 0.0019241047816085516];384;0;1.0;True;2
2;(156, 2);True;[0.9975518465258004, 0.0009096497314971004];340;0;1.0;True;3
2;(156, 2);True;[0.9979017983272952, 0.0010311295081930076];487;0;1.0;True;4
2;(156, 2);True;[0.9971272265137707, 0.000909262470923661];432;0;1.0;True;5
2;(156, 2);True;[0.998130841562614, 0.0010313660338123608];383;0;1.0;True;6
2;(156, 2);True;[0.997235570459113, 0.002181444428516356];358;0;1.0;True;7
2;(156, 2);True;[0.9976146036984813, 0.0010308325757126557];524;0;1.0;True;8
2;(156, 2);True;[0.997289158336543, 0.0014993634405060386];348;0;1.0;True;9
2;(156, 3);False;[2.428012156866452e-05, 0.9991479034318279];362;0;1.0;True;0
2;(156, 3);False;[2.4274564925794666e-05, 0.9989191068520266];419;0;1.0;True;1
2;(156, 3);False;[1.889964216834461e-05, 0.99863382319493];307;0;1.0;True;2
2;(156, 3);False;[2.750254128447442e-05, 0.9987690123544682];326;0;1.0;True;3
2;(156, 3);False;[2.7502724884358066e-05, 0.9987755527930554];383;0;1.0;True;4
2;(156, 3);False;[2.751285100399703e-05, 0.9991432621965987];343;0;1.0;True;5
2;(156, 3);False;[1.8899606120172336e-05, 0.9986318021978396];467;0;1.0;True;6
2;(156, 3);False;[2.428012156866452e-05, 0.9991475463995468];448;0;1.0;True;7
2;(156, 3);False;[3.526768510534161e-05, 0.9974599196783762];484;0;1.0;True;8
2;(156, 3);False;[1.6689202002619302e-05, 0.9992520447078754];356;0;1.0;True;9
0;(157, 0);True;[0.9939468193153563, 0.0052157542634543195];541;0;1.0;True;0
0;(157, 0);True;[0.9967592226088005, 0.0014985671952530226];615;0;1.0;True;1
0;(157, 0);True;[0.9973256774812541, 0.0013232321756060585];429;0;1.0;True;2
0;(157, 0);True;[0.9978911145968743, 0.0011684105499417151];505;0;1.0;True;3
0;(157, 0);True;[0.9973614876132711, 0.001699124509998347];650;0;1.0;True;4
0;(157, 0);True;[0.9981733609580955, 0.0006255819673828257];381;0;1.0;True;5
0;(157, 0);True;[0.9968775561804464, 0.0019244268456740134];517;0;1.0;True;6
0;(157, 0);True;[0.997966617842435, 0.001500381878170469];443;0;1.0;True;7
0;(157, 0);True;[0.9894777125240178, 0.008560658574474207];554;0;1.0;True;8
0;(157, 0);True;[0.9974737965336808, 0.001167921482031018];607;0;1.0;True;9
0;(157, 1);False;[3.522838900181845e-05, 0.9963479391518133];631;0;1.0;True;0
0;(157, 1);False;[3.1159974602215776e-05, 0.9986250258886171];558;0;1.0;True;1
0;(157, 1);False;[2.7474988975692784e-05, 0.997768505122257];561;0;1.0;True;2
0;(157, 1);False;[2.427759776905293e-05, 0.9990440217835957];417;0;1.0;True;3
0;(157, 1);False;[4.530944326201992e-05, 0.9980068673376297];499;0;1.0;True;4
0;(157, 1);False;[2.748843398846163e-05, 0.9982560345655173];604;0;1.0;True;5
0;(157, 1);False;[3.11599151693375e-05, 0.9986226482389974];418;0;1.0;True;6
0;(157, 1);False;[8.468188526248132e-05, 0.9983921909727734];532;0;1.0;True;7
0;(157, 1);False;[3.113324125583438e-05, 0.9977677930890408];584;0;1.0;True;8
0;(157, 1);False;[3.112415714377427e-05, 0.9974767618098953];606;0;1.0;True;9
0;(157, 2);False;[1.6678987017400468e-05, 0.9986400051416423];599;0;1.0;True;0
0;(157, 2);False;[1.8909594092637208e-05, 0.9991588520960039];400;0;1.0;True;1
0;(157, 2);False;[1.8907556406288177e-05, 0.9990513986847772];403;0;1.0;True;2
0;(157, 2);False;[2.1412179240487928e-05, 0.99845006264497];672;0;1.0;True;3
0;(157, 2);False;[2.1403134982409054e-05, 0.9980290711409316];577;0;1.0;True;4
0;(157, 2);False;[1.6689265666993977e-05, 0.999255734704891];397;0;1.0;True;5
0;(157, 2);False;[2.7466867496952823e-05, 0.9974729662672102];511;0;1.0;True;6
0;(157, 2);False;[2.4271115816517687e-05, 0.9987772175880698];529;0;1.0;True;7
0;(157, 2);False;[1.471024340706724e-05, 0.9980351269995078];439;0;1.0;True;8
0;(157, 2);False;[1.4716529643890462e-05, 0.9984617090997043];503;0;1.0;True;9
0;(157, 3);False;[3.5308506615184565e-05, 0.9986144455540203];566;0;1.0;True;0
0;(157, 3);False;[2.7515501199866616e-05, 0.9992396656558393];554;0;1.0;True;1
0;(157, 3);False;[4.0021419015062693e-05, 0.9989043570346796];418;0;1.0;True;2
0;(157, 3);False;[3.115985573657258e-05, 0.9986212216751938];550;0;1.0;True;3
0;(157, 3);False;[3.5327031521860225e-05, 0.9991385020508033];470;0;1.0;True;4
0;(157, 3);False;[3.5308506615184565e-05, 0.9986140888867444];488;0;1.0;True;5
0;(157, 3);False;[5.8229710413576396e-05, 0.9988856825559038];483;0;1.0;True;6
0;(157, 3);False;[7.473185779758126e-05, 0.9983974192772544];538;0;1.0;True;7
0;(157, 3);False;[4.5343246438928654e-05, 0.9987517698284202];698;0;1.0;True;8
0;(157, 3);False;[3.117617428653984e-05, 0.9991438572091479];447;0;1.0;True;9
1;(158, 0);False;[3.528696258838647e-05, 0.9980047300321035];409;0;1.0;True;0
1;(158, 0);False;[5.8126290380900395e-05, 0.9971118185202034];483;0;1.0;True;1
1;(158, 0);False;[5.8079523288461774e-05, 0.9963097167176675];475;0;1.0;True;2
1;(158, 0);False;[3.114785264195973e-05, 0.9982365528098505];471;0;1.0;True;3
1;(158, 0);False;[7.465820109154645e-05, 0.9974133101206744];457;0;1.0;True;4
1;(158, 0);False;[4.536011422450211e-05, 0.9991225557363524];365;0;1.0;True;5
1;(158, 0);False;[3.997484374260247e-05, 0.9977422780102845];443;0;1.0;True;6
1;(158, 0);False;[4.5336328136438466e-05, 0.9985993481070632];461;0;1.0;True;7
1;(158, 0);False;[7.477584423704478e-05, 0.9989844156522902];450;0;1.0;True;8
1;(158, 0);False;[3.5313591576507594e-05, 0.9987577154292827];253;0;1.0;True;9
1;(158, 1);True;[0.9976060615804477, 0.0010308242195788324];339;0;1.0;True;0
1;(158, 1);True;[0.7514053964995603, 0.24394560868981557];397;0;1.0;True;1
1;(158, 1);True;[0.9966123812453175, 0.0011669133563373347];437;0;1.0;True;2
1;(158, 1);True;[0.9971445315382393, 0.0013229917992929293];402;0;1.0;True;3
1;(158, 1);True;[0.9982544902214899, 0.0008033282633520204];524;0;1.0;True;4
1;(158, 1);True;[0.9952072642183012, 0.0035892782747425694];440;0;1.0;True;5
1;(158, 1);True;[0.9960862393973756, 0.0016969521180233756];400;0;1.0;True;6
1;(158, 1);True;[0.998118490285855, 0.0011686763366944445];278;0;1.0;True;7
1;(158, 1);True;[0.9955994088350193, 0.002177864941169936];496;0;1.0;True;8
1;(158, 1);True;[0.6451393384706205, 0.3453182141948653];408;0;1.0;True;9
1;(158, 2);False;[2.142705034085762e-05, 0.9991440952491616];351;0;1.0;True;0
1;(158, 2);False;[2.7481278221331492e-05, 0.997996775010934];385;0;1.0;True;1
1;(158, 2);False;[2.7422346864612265e-05, 0.9958561235483436];442;0;1.0;True;2
1;(158, 2);False;[2.4267158046736468e-05, 0.9986146832935238];390;0;1.0;True;3
1;(158, 2);False;[1.888324734941721e-05, 0.9977673184779493];398;0;1.0;True;4
1;(158, 2);False;[2.7466396000970206e-05, 0.997455531295443];441;0;1.0;True;5
1;(158, 2);False;[1.6694550656792957e-05, 0.9995717453049632];940;0;1.0;True;6
1;(158, 2);False;[3.1175639116632636e-05, 0.9991264827676027];807;0;1.0;True;7
1;(158, 2);False;[2.140280839897872e-05, 0.9980138727499093];290;0;1.0;True;8
1;(158, 2);False;[2.7481409262590024e-05, 0.9980016430534563];356;0;1.0;True;9
1;(158, 3);False;[2.142188105432503e-05, 0.9989026917951698];279;0;1.0;True;0
1;(158, 3);False;[2.7466605553741026e-05, 0.9974639520563663];344;0;1.0;True;1
1;(158, 3);False;[2.4252605486718216e-05, 0.9980151786601171];315;0;1.0;True;2
1;(158, 3);False;[2.4231312949978176e-05, 0.9971393161792776];405;0;1.0;True;3
1;(158, 3);False;[2.746663174794979e-05, 0.9974644265231546];357;0;1.0;True;4
1;(158, 3);False;[3.530813621615238e-05, 0.9986036275945933];385;0;1.0;True;5
1;(158, 3);False;[2.425265174493625e-05, 0.9980169597663849];396;0;1.0;True;6
1;(158, 3);False;[3.528682797956351e-05, 0.9980012868374155];396;0;1.0;True;7
1;(158, 3);False;[3.5227750675815454e-05, 0.9963301884069147];379;0;1.0;True;8
1;(158, 3);False;[2.7487595120830023e-05, 0.9982255054807309];237;0;1.0;True;9
2;(159, 0);False;[0.0013227312832145657, 0.9969480483169724];589;0;1.0;True;0
2;(159, 0);False;[0.0031683683614736028, 0.9954716914298245];553;0;1.0;True;1
2;(159, 0);False;[4.002160985251479e-05, 0.9989097097751756];370;0;1.0;True;2
2;(159, 0);False;[0.0002955056882818412, 0.998178943350119];465;0;1.0;True;3
2;(159, 0);False;[0.002180402403321626, 0.9967592226088005];573;0;1.0;True;4
2;(159, 0);False;[0.2933180833390031, 0.7036335453355431];571;0;1.0;True;5
2;(159, 0);False;[0.00013965317987922813, 0.9986521316339152];423;0;1.0;True;6
2;(159, 0);False;[5.137298606755097e-05, 0.9986029143841489];609;0;1.0;True;7
2;(159, 0);False;[2.743623708690218e-05, 0.9963608385016737];435;0;1.0;True;8
2;(159, 0);False;[0.0010302050711269866, 0.9970071747623501];712;0;1.0;True;9
2;(159, 1);False;[2.1425068293059212e-05, 0.9990513986847772];444;0;1.0;True;0
2;(159, 1);False;[2.1412322182682847e-05, 0.9984569553974644];465;0;1.0;True;1
2;(159, 1);False;[1.6683918706042464e-05, 0.9989355225275076];496;0;1.0;True;2
2;(159, 1);False;[2.7498685970032184e-05, 0.9986288301165324];696;0;1.0;True;3
2;(159, 1);False;[4.536482967616049e-05, 0.9992269298128366];581;0;1.0;True;4
2;(159, 1);False;[2.1422412227852404e-05, 0.9989274335630335];477;0;1.0;True;5
2;(159, 1);False;[1.8896380087192995e-05, 0.9984607584039401];506;0;1.0;True;6
2;(159, 1);False;[2.1419470509224263e-05, 0.9987901798992872];427;0;1.0;True;7
2;(159, 1);False;[1.299343656145289e-05, 0.9989348087311474];409;0;1.0;True;8
2;(159, 1);False;[8.472203196872279e-05, 0.9988659382704665];567;0;1.0;True;9
2;(159, 2);True;[0.9989708535263434, 0.00029573997035419993];524;0;1.0;True;0
2;(159, 2);True;[0.9984697904570778, 0.00033494922628577015];449;0;1.0;True;1
2;(159, 2);True;[0.9977540266713517, 0.00029537974329363125];615;0;1.0;True;2
2;(159, 2);True;[0.9978401916960148, 0.000429812289911538];558;0;1.0;True;3
2;(159, 2);True;[0.9976677578213912, 0.00037924236508105026];526;0;1.0;True;4
2;(159, 2);True;[0.996834673169532, 0.00033440089061739813];504;0;1.0;True;5
2;(159, 2);True;[0.9959456268501086, 0.00042899613320377604];417;0;1.0;True;6
2;(159, 2);True;[0.9989676415657223, 0.00037973655222872714];409;0;1.0;True;7
2;(159, 2);True;[0.9983137717829059, 0.000487272264361379];543;0;1.0;True;8
2;(159, 2);True;[0.9976652660751365, 0.00037924146089786994];424;0;1.0;True;9
2;(159, 3);False;[0.0330354473665291, 0.965437249117622];567;0;0.6;True;0
2;(159, 3);False;[0.002799296973178651, 0.9966185382641692];591;0;0.6;True;1
2;(159, 3);False;[0.022958103075538354, 0.9762033361645281];484;0;0.6;True;2
2;(159, 3);True;[0.6215718282527206, 0.3770023710489103];612;0;0.4;False;3
2;(159, 3);False;[0.005214441258196155, 0.9936967376072046];767;0;0.6;True;4
2;(159, 3);True;[0.5617660748853791, 0.4375038590236828];725;0;0.4;False;5
2;(159, 3);False;[0.0024711873726347487, 0.9969479299357509];633;0;0.6;True;6
2;(159, 3);True;[0.7047014929024061, 0.29376329635658543];726;0;0.4;False;7
2;(159, 3);True;[0.5613539392809467, 0.4371828874922191];749;0;0.4;False;8
2;(159, 3);False;[0.010976630869389895, 0.9880848295690366];498;0;0.6;True;9
0;(160, 0);True;[0.9982506889303561, 0.0011688312675513946];334;0;1.0;True;0
0;(160, 0);True;[0.9985567924311392, 0.0007091493961387932];437;0;1.0;True;1
0;(160, 0);True;[0.9987253721182339, 0.0006259277934783876];342;0;1.0;True;2
0;(160, 0);True;[0.9985453814278603, 0.0008035623451340849];437;0;1.0;True;3
0;(160, 0);True;[0.9970793445297362, 0.0007081002210533668];745;0;1.0;True;4
0;(160, 0);True;[0.9989167278044874, 0.0004302759328146793];428;0;1.0;True;5
0;(160, 0);True;[0.9983907649706413, 0.0005521942033373258];459;0;1.0;True;6
0;(160, 0);True;[0.9983214943341513, 0.0004872759819679095];669;0;1.0;True;7
0;(160, 0);True;[0.9984380599541467, 0.0009104577415727221];449;0;1.0;True;8
0;(160, 0);True;[0.9982369091098646, 0.0007089221965599978];611;0;1.0;True;9
0;(160, 1);False;[5.824870551640868e-05, 0.9992118138583774];502;0;1.0;True;0
0;(160, 1);False;[5.139993933926318e-05, 0.9991266017564544];462;0;1.0;True;1
0;(160, 1);False;[7.480758472361344e-05, 0.9994088331690706];681;0;1.0;True;2
0;(160, 1);False;[3.534374595408759e-05, 0.9996114095811407];362;0;1.0;True;3
0;(160, 1);False;[3.53304007307778e-05, 0.9992338333375613];439;0;1.0;True;4
0;(160, 1);False;[6.599763265229067e-05, 0.999108394940413];658;0;1.0;True;5
0;(160, 1);False;[6.596252133742718e-05, 0.9985771188289734];553;0;1.0;True;6
0;(160, 1);False;[5.8264872895358896e-05, 0.9994893299229335];583;0;1.0;True;7
0;(160, 1);False;[5.824864996614075e-05, 0.9992103855805068];646;0;1.0;True;8
0;(160, 1);False;[3.5302547029772786e-05, 0.9984457843967102];526;0;1.0;True;9
0;(160, 2);False;[6.603735990038073e-05, 0.9997101670434324];401;0;1.0;True;0
0;(160, 2);False;[5.8253427482818125e-05, 0.9992921597972498];651;0;1.0;True;1
0;(160, 2);False;[0.3206195925711702, 0.6787516827995161];518;0;1.0;True;2
0;(160, 2);False;[0.00043027531730046047, 0.9989153004717148];457;0;1.0;True;3
0;(160, 2);False;[0.00013978656036797894, 0.9996065258024803];328;0;1.0;True;4
0;(160, 2);False;[9.606409270017765e-05, 0.9995052879091038];484;0;1.0;True;5
0;(160, 2);False;[0.0004876325392429322, 0.9990522316025949];406;0;1.0;True;6
0;(160, 2);False;[0.00015822107471831961, 0.9984835766307475];607;0;1.0;True;7
0;(160, 2);False;[7.473192906746864e-05, 0.9983984886986191];633;0;1.0;True;8
0;(160, 2);False;[0.00037966847507230257, 0.9987885149663924];658;0;1.0;True;9
0;(160, 3);False;[2.75178367325667e-05, 0.999324301761678];462;0;1.0;True;0
0;(160, 3);False;[2.4277343088252766e-05, 0.9990331945766232];479;0;1.0;True;1
0;(160, 3);False;[2.4289130662378846e-05, 0.9995182690071783];468;0;1.0;True;2
0;(160, 3);False;[2.4286281667308534e-05, 0.9994014510108497];491;0;1.0;True;3
0;(160, 3);False;[3.117608509091733e-05, 0.9991410011405115];384;0;1.0;True;4
0;(160, 3);False;[1.8919280612866964e-05, 0.9996709714555467];724;0;1.0;True;5
0;(160, 3);False;[2.751285100399703e-05, 0.9991427861751828];527;0;1.0;True;6
0;(160, 3);False;[3.1168920542858056e-05, 0.9989114939896186];466;0;1.0;True;7
0;(160, 3);False;[2.751271981281295e-05, 0.9991377879930877];445;0;1.0;True;8
0;(160, 3);False;[3.1193126086093224e-05, 0.9996872926508961];546;0;1.0;True;9
3;(161, 0);False;[2.4252559228588416e-05, 0.9980136352696245];521;0;1.0;True;0
3;(161, 0);False;[2.4239333023868593e-05, 0.9974696452082383];495;0;1.0;True;1
3;(161, 0);False;[2.4239425489762364e-05, 0.9974732033865988];442;0;1.0;True;2
3;(161, 0);False;[3.107376773411383e-05, 0.99586227125773];409;0;1.0;True;3
3;(161, 0);False;[2.4262946392557003e-05, 0.9984411497937412];457;0;1.0;True;4
3;(161, 0);False;[2.4270907496753637e-05, 0.9987682989096328];409;0;1.0;True;5
3;(161, 0);False;[2.7493257974179005e-05, 0.998431761629994];366;0;1.0;True;6
3;(161, 0);False;[2.7481881016294573e-05, 0.9980181471723293];647;0;1.0;True;7
3;(161, 0);False;[3.1123147961619905e-05, 0.997444619874908];459;0;1.0;True;8
3;(161, 0);False;[2.4274426026017393e-05, 0.9989136350976727];564;0;1.0;True;9
3;(161, 1);False;[3.1154239851775336e-05, 0.9984406743974169];479;0;1.0;True;0
3;(161, 1);False;[2.7481566512925075e-05, 0.9980072235556624];521;0;1.0;True;1
3;(161, 1);False;[3.1140456998235515e-05, 0.9979995057591183];429;0;1.0;True;2
3;(161, 1);False;[3.991849959815753e-05, 0.9963357502837875];538;0;1.0;True;3
3;(161, 1);False;[3.113217239917003e-05, 0.9977337338698221];574;0;1.0;True;4
3;(161, 1);False;[2.1391217915145376e-05, 0.9974733220624356];583;0;1.0;True;5
3;(161, 1);False;[3.1113265642381266e-05, 0.9971275821856719];716;0;1.0;True;6
3;(161, 1);False;[3.114782293706682e-05, 0.9982350084959623];525;0;1.0;True;7
3;(161, 1);False;[3.1132291159209474e-05, 0.9977372939194562];595;0;1.0;True;8
3;(161, 1);False;[2.4246546422933513e-05, 0.9977656569924411];520;0;1.0;True;9
3;(161, 2);False;[3.111335465827563e-05, 0.9971310193478853];523;0;1.0;True;0
3;(161, 2);False;[4.530866548055376e-05, 0.9979902446679377];378;0;1.0;True;1
3;(161, 2);False;[3.996298925333346e-05, 0.9974461616887317];411;0;1.0;True;2
3;(161, 2);False;[5.127690258262883e-05, 0.9967349433359023];331;0;1.0;True;3
3;(161, 2);False;[2.74880145514458e-05, 0.9982405915813879];458;0;1.0;True;4
3;(161, 2);False;[3.9962913030053236e-05, 0.9974443827623142];404;0;1.0;True;5
3;(161, 2);False;[3.1101666083540055e-05, 0.996756024837467];486;0;1.0;True;6
3;(161, 2);False;[3.5277844001617626e-05, 0.9977469062330715];519;0;1.0;True;7
3;(161, 2);False;[3.5294602480586977e-05, 0.998221348005382];294;0;1.0;True;8
3;(161, 2);False;[2.4252605486718216e-05, 0.9980152974004362];405;0;1.0;True;9
3;(161, 3);True;[0.9969801582334987, 0.0008023027094600736];450;0;1.0;True;0
3;(161, 3);True;[0.9958664091693346, 0.001922474185210832];499;0;1.0;True;1
3;(161, 3);True;[0.9973350447951346, 0.0007082818992475423];476;0;1.0;True;2
3;(161, 3);True;[0.9967525901282518, 0.0010299422912157365];482;0;1.0;True;3
3;(161, 3);True;[0.9967123234548715, 0.0013224184794034585];494;0;1.0;True;4
3;(161, 3);True;[0.9944037429680692, 0.0014950256777792844];569;0;1.0;True;5
3;(161, 3);True;[0.9953227492069089, 0.0024671583334290566];512;0;1.0;True;6
3;(161, 3);True;[0.9974399944477365, 0.0010306521965819343];439;0;1.0;True;7
3;(161, 3);True;[0.9977071524899706, 0.000334693458575804];453;0;1.0;True;8
3;(161, 3);True;[0.9878455989302801, 0.008546538209851746];580;0;1.0;True;9
1;(162, 0);False;[7.47975975002361e-05, 0.9992752563018441];422;0;1.0;True;0
1;(162, 0);False;[3.5302277693740976e-05, 0.9984380599541467];350;0;1.0;True;1
1;(162, 0);False;[3.999444375869697e-05, 0.9982314448110703];430;0;1.0;True;2
1;(162, 0);False;[3.527807950742005e-05, 0.9977537894852058];362;0;1.0;True;3
1;(162, 0);False;[2.751277228921151e-05, 0.9991402870810099];337;0;1.0;True;4
1;(162, 0);False;[5.140239033779971e-05, 0.9991746805186013];375;0;1.0;True;5
1;(162, 0);False;[4.5328330165026636e-05, 0.998422492575751];299;0;1.0;True;6
1;(162, 0);False;[3.5308169888631105e-05, 0.9986044597322153];363;0;1.0;True;7
1;(162, 0);False;[4.5354880214609194e-05, 0.9990076147493232];377;0;1.0;True;8
1;(162, 0);False;[4.0042874842809564e-05, 0.9994403873036299];366;0;1.0;True;9
1;(162, 1);True;[0.9992215736857827, 0.00033520135335256713];444;0;1.0;True;0
1;(162, 1);True;[0.9982120827638525, 0.0002607915593169994];335;0;1.0;True;1
1;(162, 1);True;[0.9984195216985378, 0.00037952819496561897];443;0;1.0;True;2
1;(162, 1);True;[0.9990323617328282, 0.00023033679836359326];364;0;1.0;True;3
1;(162, 1);True;[0.9990687705412619, 0.00043034138751816696];433;0;1.0;True;4
1;(162, 1);True;[0.9980879695904438, 0.000379402077641949];357;0;1.0;True;5
1;(162, 1);True;[0.9977852390945312, 0.00026067991233709757];378;0;1.0;True;6
1;(162, 1);True;[0.9978386488084597, 0.00042981147011043625];442;0;1.0;True;7
1;(162, 1);True;[0.9989066170900891, 0.0002609729321020545];322;0;1.0;True;8
1;(162, 1);True;[0.9989100666643246, 0.00026097367875267045];356;0;1.0;True;9
1;(162, 2);False;[7.477420408358368e-05, 0.9989626450738447];365;0;1.0;True;0
1;(162, 2);False;[4.0015656152700095e-05, 0.9987605694139838];505;0;1.0;True;1
1;(162, 2);False;[2.74880145514458e-05, 0.9982407104647362];524;0;1.0;True;2
1;(162, 2);False;[3.996348470819867e-05, 0.997458377843286];505;0;1.0;True;3
1;(162, 2);False;[5.136113110603857e-05, 0.9983725849876437];308;0;1.0;True;4
1;(162, 2);False;[3.52871645025837e-05, 0.998010310551571];329;0;1.0;True;5
1;(162, 2);False;[4.5343678867886144e-05, 0.9987609261335771];342;0;1.0;True;6
1;(162, 2);False;[2.7474831762994595e-05, 0.9977620966092946];325;0;1.0;True;7
1;(162, 2);False;[2.750282979912759e-05, 0.9987792392282664];304;0;1.0;True;8
1;(162, 2);False;[3.996348470819867e-05, 0.9974588520751838];337;0;1.0;True;9
1;(162, 3);False;[4.5343116711045575e-05, 0.9987490348127501];423;0;1.0;True;0
1;(162, 3);False;[3.532285414901697e-05, 0.999019988077223];273;0;1.0;True;1
1;(162, 3);False;[3.117899894658026e-05, 0.9992343094023548];381;0;1.0;True;2
1;(162, 3);False;[3.5313894676796114e-05, 0.9987662772915806];460;0;1.0;True;3
1;(162, 3);False;[5.824004031507077e-05, 0.9990627022465342];358;0;1.0;True;4
1;(162, 3);False;[3.997469125096621e-05, 0.9977389553577339];434;0;1.0;True;5
1;(162, 3);False;[2.4279843706314393e-05, 0.9991363599373447];476;0;1.0;True;6
1;(162, 3);False;[3.9962913030053236e-05, 0.9974442640899206];473;0;1.0;True;7
1;(162, 3);False;[2.1424843536327167e-05, 0.9990409282756083];404;0;1.0;True;8
1;(162, 3);False;[3.531837412880463e-05, 0.9988937708334332];453;0;1.0;True;9
0;(163, 0);True;[0.9903572314506878, 0.008568270879734071];355;0;1.0;True;0
0;(163, 0);True;[0.9948676946128916, 0.004607151311356805];428;0;1.0;True;1
0;(163, 0);True;[0.9909533036738446, 0.008573424458771402];383;0;1.0;True;2
0;(163, 0);True;[0.997557066132785, 0.0016994583475391648];443;0;1.0;True;3
0;(163, 0);True;[0.9953434166040923, 0.0035897695092145534];419;0;1.0;True;4
0;(163, 0);True;[0.9958439469572671, 0.0027971207463623558];455;0;1.0;True;5
0;(163, 0);True;[0.9927169348039407, 0.006688872771149785];327;0;1.0;True;6
0;(163, 0);True;[0.9941183223679102, 0.005216654658852578];415;0;1.0;True;7
0;(163, 0);True;[0.9957454791514068, 0.0035912196419966304];399;0;1.0;True;8
0;(163, 0);True;[0.9974902833303549, 0.0021820010031693357];380;0;1.0;True;9
0;(163, 1);False;[7.475652123574703e-05, 0.998726917888339];628;0;1.0;True;0
0;(163, 1);False;[7.481586086176185e-05, 0.999519579067641];440;0;1.0;True;1
0;(163, 1);False;[6.599008025478608e-05, 0.9989940520758311];323;0;1.0;True;2
0;(163, 1);False;[0.00029578425388874233, 0.9991199377628649];435;0;1.0;True;3
0;(163, 1);False;[3.998517640582364e-05, 0.9980000994515309];488;0;1.0;True;4
0;(163, 1);False;[5.13990079904629e-05, 0.999108394940413];469;0;1.0;True;5
0;(163, 1);False;[5.8242706393562475e-05, 0.999108394940413];521;0;1.0;True;6
0;(163, 1);False;[4.5368074537674166e-05, 0.9992984689584956];458;0;1.0;True;7
0;(163, 1);False;[7.469979324435057e-05, 0.9979689923035886];568;0;1.0;True;8
0;(163, 1);False;[5.8162610698993975e-05, 0.9977343271718284];691;0;1.0;True;9
0;(163, 2);False;[5.142675961888744e-05, 0.9996479797235078];372;0;1.0;True;0
0;(163, 2);False;[4.530896794953741e-05, 0.9979963000585578];470;0;1.0;True;1
0;(163, 2);False;[3.531379364307755e-05, 0.998763780127453];622;0;1.0;True;2
0;(163, 2);False;[4.534294374111216e-05, 0.9987446351773592];424;0;1.0;True;3
0;(163, 2);False;[6.586439693756343e-05, 0.9970919072078287];510;0;1.0;True;4
0;(163, 2);False;[9.59711496251212e-05, 0.9985378932385193];492;0;1.0;True;5
0;(163, 2);False;[5.138724503736318e-05, 0.9988802112172073];507;0;1.0;True;6
0;(163, 2);False;[3.117882053942765e-05, 0.9992290722949622];440;0;1.0;True;7
0;(163, 2);False;[5.1352755902600976e-05, 0.9982094696163968];472;0;1.0;True;8
0;(163, 2);False;[2.750650206820965e-05, 0.9989129214332411];359;0;1.0;True;9
0;(163, 3);False;[0.00037952167998828363, 0.9984025289389394];655;0;1.0;True;0
0;(163, 3);False;[9.595559159883765e-05, 0.9983766248906862];551;0;1.0;True;1
0;(163, 3);False;[4.534960355988507e-05, 0.9988911540408557];347;0;1.0;True;2
0;(163, 3);False;[0.00013960697279834187, 0.9983220883343291];469;0;1.0;True;3
0;(163, 3);False;[0.0006250619471693934, 0.9973437006986365];579;0;1.0;True;4
0;(163, 3);False;[0.00010874790036281841, 0.9985229169120575];497;0;1.0;True;5
0;(163, 3);False;[8.476688629851972e-05, 0.9993944261438747];397;0;1.0;True;6
0;(163, 3);False;[5.1387833121077607e-05, 0.9988910350800442];761;0;1.0;True;7
0;(163, 3);False;[4.53282004798193e-05, 0.9984198781800904];609;0;1.0;True;8
0;(163, 3);False;[5.821222040430106e-05, 0.9985859153645007];607;0;1.0;True;9
2;(164, 0);False;[0.0001583034828625716, 0.9990038076828541];605;0;1.0;True;0
2;(164, 0);False;[0.00015833367973543897, 0.9991943180168051];564;0;1.0;True;1
2;(164, 0);False;[0.0007092065455857626, 0.9986373897113925];1022;0;1.0;True;2
2;(164, 0);False;[0.00015833367973543897, 0.9991949131179202];603;0;1.0;True;3
2;(164, 0);False;[0.0009104573074327435, 0.9984378222566919];487;0;1.0;True;4
2;(164, 0);False;[7.480316164590033e-05, 0.9993501359307004];528;0;1.0;True;5
2;(164, 0);False;[6.597346802231027e-05, 0.9987427326666096];537;0;1.0;True;6
2;(164, 0);False;[0.00017944722129601608, 0.9993706137252826];593;0;1.0;True;7
2;(164, 0);False;[0.00017931378625030521, 0.9986277600996737];568;0;1.0;True;8
2;(164, 0);False;[0.0002610565702509773, 0.9992271678726418];546;0;1.0;True;9
2;(164, 1);False;[4.001561799081477e-05, 0.9987596180848439];651;0;1.0;True;0
2;(164, 1);False;[4.0026113880544486e-05, 0.9990221296504307];669;0;1.0;True;1
2;(164, 1);False;[5.135358846402437e-05, 0.998226218189209];731;0;1.0;True;2
2;(164, 1);False;[4.5336544317412596e-05, 0.9986037465211766];564;0;1.0;True;3
2;(164, 1);False;[2.4282414054389498e-05, 0.9992419271678584];605;0;1.0;True;4
2;(164, 1);False;[2.4267296904925914e-05, 0.9986203895236041];613;0;1.0;True;5
2;(164, 1);False;[3.997503435796583e-05, 0.9977470249414723];581;0;1.0;True;6
2;(164, 1);False;[6.598989145592212e-05, 0.9989914347879519];534;0;1.0;True;7
2;(164, 1);False;[4.533641460870442e-05, 0.9986012501121738];614;0;1.0;True;8
2;(164, 1);False;[2.4282483527032753e-05, 0.9992447838739765];662;0;1.0;True;9
2;(164, 2);True;[0.9969410580459994, 0.0013227218223370082];533;0;1.0;True;0
2;(164, 2);True;[0.9973010149766999, 0.0011677193417910805];601;0;1.0;True;1
2;(164, 2);True;[0.9980909384353595, 0.0011686445728328278];425;0;1.0;True;2
2;(164, 2);True;[0.9967703558252309, 0.0016981177227050016];393;0;1.0;True;3
2;(164, 2);True;[0.9977153402888239, 0.0016997274099793548];560;0;1.0;True;4
2;(164, 2);True;[0.9974357248238288, 0.0014995836619553895];664;0;1.0;True;5
2;(164, 2);True;[0.9973012520552123, 0.0014993820293785227];539;0;1.0;True;6
2;(164, 2);True;[0.9970785150558961, 0.002181100151550975];431;0;1.0;True;7
2;(164, 2);True;[0.9973209346445518, 0.0013232258659583993];477;0;1.0;True;8
2;(164, 2);True;[0.9976649102114454, 0.0014999283591418128];541;0;1.0;True;9
2;(164, 3);False;[4.5359811414081376e-05, 0.9991162487907188];528;0;1.0;True;0
2;(164, 3);False;[0.00048753884215624164, 0.9988599913276582];686;0;1.0;True;1
2;(164, 3);False;[9.597224793405193e-05, 0.99854977937178];489;0;1.0;True;2
2;(164, 3);False;[5.8248261115748613e-05, 0.9992040774988353];744;0;1.0;True;3
2;(164, 3);False;[0.0002959160154497611, 0.9995656708715253];1222;0;1.0;True;4
2;(164, 3);False;[0.0001087300636920699, 0.9983593959959636];857;0;1.0;True;5
2;(164, 3);False;[0.000295804000277071, 0.999187177005552];779;0;1.0;True;6
2;(164, 3);False;[6.599064665461889e-05, 0.9990024989671283];561;0;1.0;True;7
2;(164, 3);False;[0.00017937895173743718, 0.9989907209516391];472;0;1.0;True;8
2;(164, 3);False;[0.0008039157040554888, 0.9989841777084678];1422;0;1.0;True;9
2;(165, 0);False;[2.1424557485714574e-05, 0.9990280785471354];430;0;1.0;True;0
2;(165, 0);False;[3.5277810358059906e-05, 0.9977457196144514];374;0;1.0;True;1
2;(165, 0);False;[2.1427091209751767e-05, 0.9991458803475187];384;0;1.0;True;2
2;(165, 0);False;[3.5286794327438014e-05, 0.9980006931442966];437;0;1.0;True;3
2;(165, 0);False;[3.11641649058549e-05, 0.9987591424206138];394;0;1.0;True;4
2;(165, 0);False;[2.7465872126037673e-05, 0.9974369108415384];373;0;1.0;True;5
2;(165, 0);False;[3.1172071552015444e-05, 0.9990128496493205];379;0;1.0;True;6
2;(165, 0);False;[3.115923169938496e-05, 0.9986008934496108];377;0;1.0;True;7
2;(165, 0);False;[2.1415936895321135e-05, 0.9986255013727182];372;0;1.0;True;8
2;(165, 0);False;[2.142188105432503e-05, 0.9989031676440537];411;0;1.0;True;9
2;(165, 1);False;[5.129676042157395e-05, 0.9971211817359847];452;0;1.0;True;0
2;(165, 1);False;[4.000947440186656e-05, 0.998606718411578];355;0;1.0;True;1
2;(165, 1);False;[9.598652709400273e-05, 0.998698381230124];457;0;1.0;True;2
2;(165, 1);False;[9.595495102829322e-05, 0.998369258027779];408;0;1.0;True;3
2;(165, 1);False;[4.000916915496579e-05, 0.9985989914451795];379;0;1.0;True;4
2;(165, 1);False;[0.00017901699306538613, 0.9969749446627629];573;0;1.0;True;5
2;(165, 1);False;[4.536405094393167e-05, 0.9992093144170648];250;0;1.0;True;6
2;(165, 1);False;[7.468056111646735e-05, 0.9977114244372405];410;0;1.0;True;7
2;(165, 1);False;[4.5319382756105515e-05, 0.9982253867154021];508;0;1.0;True;8
2;(165, 1);False;[6.581221985987348e-05, 0.9963022618796277];463;0;1.0;True;9
2;(165, 2);True;[0.9982399976297004, 0.00023015410849923948];550;0;1.0;True;0
2;(165, 2);True;[0.9976147223911412, 0.0004297151543660808];338;0;1.0;True;1
2;(165, 2);True;[0.9984126294369245, 0.0002301938399915061];413;0;1.0;True;2
2;(165, 2);True;[0.9991869390134348, 0.000295804000277071];465;0;1.0;True;3
2;(165, 2);True;[0.997553744561544, 0.00022999590911758748];584;0;1.0;True;4
2;(165, 2);True;[0.9985033058024857, 0.00043009788075657417];412;0;1.0;True;5
2;(165, 2);True;[0.9987340522965664, 0.00043019715415093166];342;0;1.0;True;6
2;(165, 2);True;[0.997938124749253, 0.000334771030382754];459;0;1.0;True;7
2;(165, 2);True;[0.9977832214409748, 0.00048701326350260044];374;0;1.0;True;8
2;(165, 2);True;[0.9982696961118467, 0.0003794711927057287];384;0;1.0;True;9
2;(165, 3);False;[1.6687514985179607e-05, 0.9991502835533651];308;0;1.0;True;0
2;(165, 3);False;[2.429128500248098e-05, 0.9996073596194983];911;0;1.0;True;1
2;(165, 3);False;[2.4282020379832115e-05, 0.9992259776323457];454;0;1.0;True;2
2;(165, 3);False;[7.46200478533967e-05, 0.9969031454713111];475;0;1.0;True;3
2;(165, 3);False;[2.751497638833568e-05, 0.9992206215103957];371;0;1.0;True;4
2;(165, 3);False;[3.530796785424044e-05, 0.9985994669168846];390;0;1.0;True;5
2;(165, 3);False;[2.1421942342906016e-05, 0.9989054275804842];428;0;1.0;True;6
2;(165, 3);False;[2.4274101929627924e-05, 0.9989000749792221];482;0;1.0;True;7
2;(165, 3);False;[2.428771770435314e-05, 0.9994602733751622];420;0;1.0;True;8
2;(165, 3);False;[2.423928679105398e-05, 0.9974678662399384];484;0;1.0;True;9
2;(166, 0);False;[0.0006257445624057178, 0.9984327122981486];613;0;1.0;True;0
2;(166, 0);False;[7.47916058062287e-05, 0.9991955081612287];585;0;1.0;True;1
2;(166, 0);False;[0.0002031846826979025, 0.9986061240095395];524;0;1.0;True;2
2;(166, 0);False;[5.137293707447696e-05, 0.9986019633214296];450;0;1.0;True;3
2;(166, 0);False;[5.819085086030358e-05, 0.9982195661857296];490;0;1.0;True;4
2;(166, 0);False;[3.11411697548893e-05, 0.9980218281397348];392;0;1.0;True;5
2;(166, 0);False;[0.00017931310222379977, 0.9986239558758346];510;0;1.0;True;6
2;(166, 0);False;[9.597252251324854e-05, 0.9985520378112179];408;0;1.0;True;7
2;(166, 0);False;[5.134198279582056e-05, 0.9980000994515309];484;0;1.0;True;8
2;(166, 0);False;[0.0007090023166727217, 0.9983495340615666];486;0;1.0;True;9
2;(166, 1);False;[6.600946647958136e-05, 0.9992882314749832];406;0;1.0;True;0
2;(166, 1);False;[3.998540520349289e-05, 0.9980055612059309];521;0;1.0;True;1
2;(166, 1);False;[3.117629321443348e-05, 0.9991475463995468];393;0;1.0;True;2
2;(166, 1);False;[4.537183886780462e-05, 0.9993814481957403];409;0;1.0;True;3
2;(166, 1);False;[4.5355226246204275e-05, 0.9990148722316661];414;0;1.0;True;4
2;(166, 1);False;[2.1434121819430894e-05, 0.999473253335928];336;0;1.0;True;5
2;(166, 1);False;[3.5302412361500023e-05, 0.9984416250740579];512;0;1.0;True;6
2;(166, 1);False;[4.000222541708911e-05, 0.9984261764292797];438;0;1.0;True;7
2;(166, 1);False;[3.5243040082254194e-05, 0.9967625389816631];476;0;1.0;True;8
2;(166, 1);False;[4.0026533773391636e-05, 0.9990321237775858];462;0;1.0;True;9
2;(166, 2);True;[0.99776541957122, 0.0015000799937801884];425;0;1.0;True;0
2;(166, 2);True;[0.998177280481953, 0.0011687454400069908];358;0;1.0;True;1
2;(166, 2);True;[0.997641536145017, 0.001699601788177627];281;0;1.0;True;2
2;(166, 2);True;[0.9987980286900906, 0.0006259734603856399];361;0;1.0;True;3
2;(166, 2);True;[0.9971474946747868, 0.0014991503998864426];331;0;1.0;True;4
2;(166, 2);True;[0.9985605961666258, 0.0010318102190997398];368;0;1.0;True;5
2;(166, 2);True;[0.9961354455603509, 0.0027979398017174235];395;0;1.0;True;6
2;(166, 2);True;[0.9967563801448863, 0.0021803961651492352];335;0;1.0;True;7
2;(166, 2);True;[0.9978945569467773, 0.0017000329933773665];359;0;1.0;True;8
2;(166, 2);True;[0.9976471125430765, 0.0016996115134048921];398;0;1.0;True;9
2;(166, 3);False;[4.536041703694433e-05, 0.9991296958205129];421;0;1.0;True;0
2;(166, 3);False;[2.426324720075627e-05, 0.9984536279239745];458;0;1.0;True;1
2;(166, 3);False;[3.1179236824371746e-05, 0.9992424032946716];405;0;1.0;True;2
2;(166, 3);False;[5.141611808962152e-05, 0.9994408636413572];346;0;1.0;True;3
2;(166, 3);False;[4.5343678867886144e-05, 0.9987605694139838];443;0;1.0;True;4
2;(166, 3);False;[4.002130451302823e-05, 0.9989019781385565];416;0;1.0;True;5
2;(166, 3);False;[5.824887216753032e-05, 0.9992141943066447];536;0;1.0;True;6
2;(166, 3);False;[4.001607593584074e-05, 0.9987716284782546];415;0;1.0;True;7
2;(166, 3);False;[4.003073294413885e-05, 0.9991375500127342];327;0;1.0;True;8
2;(166, 3);False;[5.823693004440914e-05, 0.9990095183461484];377;0;1.0;True;9
1;(167, 0);False;[5.138067855971002e-05, 0.9987528400944238];395;0;1.0;True;0
1;(167, 0);False;[3.115982602023263e-05, 0.9986199139256823];538;0;1.0;True;1
1;(167, 0);False;[3.527811315123445e-05, 0.9977545015084286];402;0;1.0;True;2
1;(167, 0);False;[4.003077112043893e-05, 0.9991385020508033];451;0;1.0;True;3
1;(167, 0);False;[3.530810254370577e-05, 0.9986031521209071];438;0;1.0;True;4
1;(167, 0);False;[4.0009550713955635e-05, 0.9986088581688433];412;0;1.0;True;5
1;(167, 0);False;[4.0002339864537766e-05, 0.9984290284205047];430;0;1.0;True;6
1;(167, 0);False;[2.4286351151017133e-05, 0.9994043086384101];369;0;1.0;True;7
1;(167, 0);False;[2.750988623592009e-05, 0.9990358121483648];408;0;1.0;True;8
1;(167, 0);False;[3.528726546011557e-05, 0.9980131603092245];397;0;1.0;True;9
1;(167, 1);True;[0.9979327823267613, 0.0007087062216206017];394;0;1.0;True;0
1;(167, 1);True;[0.997916043556568, 0.0005519317489340013];387;0;1.0;True;1
1;(167, 1);True;[0.9973338588985503, 0.0007082808860428829];487;0;1.0;True;2
1;(167, 1);True;[0.9973314875740309, 0.0007082791973716713];416;0;1.0;True;3
1;(167, 1);True;[0.9963595366120463, 0.0008018032315273285];589;0;1.0;True;4
1;(167, 1);True;[0.9958369720793138, 0.0013212568341604521];424;0;1.0;True;5
1;(167, 1);True;[0.9968691450120108, 0.0011672138659553962];552;0;1.0;True;6
1;(167, 1);True;[0.9955174108212962, 0.0003784249604966157];520;0;1.0;True;7
1;(167, 1);True;[0.9944011498616186, 0.0014950214004826293];430;0;1.0;True;8
1;(167, 1);True;[0.9954608234977553, 0.0009077427782814599];427;0;1.0;True;9
1;(167, 2);False;[3.1154328984898026e-05, 0.9984435265462894];332;0;1.0;True;0
1;(167, 2);False;[4.000203467206898e-05, 0.9984210665303391];392;0;1.0;True;1
1;(167, 2);False;[6.593805514534224e-05, 0.9982069751226993];460;0;1.0;True;2
1;(167, 2);False;[3.998532893745767e-05, 0.9980044925539943];407;0;1.0;True;3
1;(167, 2);False;[3.999417676787147e-05, 0.9982247927727615];470;0;1.0;True;4
1;(167, 2);False;[2.74880145514458e-05, 0.998241541951307];479;0;1.0;True;5
1;(167, 2);False;[3.531386099885781e-05, 0.998765563848699];405;0;1.0;True;6
1;(167, 2);False;[5.816150134581365e-05, 0.9977159338121914];357;0;1.0;True;7
1;(167, 2);False;[5.136284549735631e-05, 0.9984054996493597];491;0;1.0;True;8
1;(167, 2);False;[0.00017906138678519477, 0.9972219372282399];608;0;1.0;True;9
1;(167, 3);False;[0.000625586441909741, 0.9981808437410713];553;0;1.0;True;0
1;(167, 3);False;[0.0002304007301243476, 0.9993101352561375];917;0;1.0;True;1
1;(167, 3);False;[0.00013951393924126513, 0.9976563671980901];528;0;1.0;True;2
1;(167, 3);False;[0.029219202030431785, 0.9676071207608794];579;0;1.0;True;3
1;(167, 3);False;[0.00022985162788789098, 0.9969284991254275];516;0;1.0;True;4
1;(167, 3);False;[0.00042971269552327906, 0.9976091464064023];468;0;1.0;True;5
1;(167, 3);False;[0.0024688270791967553, 0.9959960017910385];623;0;1.0;True;6
1;(167, 3);False;[6.584084620511671e-05, 0.9967349433359023];609;0;1.0;True;7
1;(167, 3);False;[0.4358913775477253, 0.5596956076863115];521;0;1.0;True;8
1;(167, 3);False;[0.00020321316918058392, 0.9987459432064697];483;0;1.0;True;9
1;(168, 0);False;[0.00010854823456169706, 0.9966898229018545];482;0;1.0;True;0
1;(168, 0);False;[5.8162499762723775e-05, 0.9977326657412575];514;0;1.0;True;1
1;(168, 0);False;[9.588908660755941e-05, 0.9976847256476234];389;0;1.0;True;2
1;(168, 0);False;[0.00010870839400026537, 0.9981598208820612];551;0;1.0;True;3
1;(168, 0);False;[8.472178957739177e-05, 0.9988624890811871];460;0;1.0;True;4
1;(168, 0);False;[3.99940242024857e-05, 0.9982212292405478];388;0;1.0;True;5
1;(168, 0);False;[0.00020297725881944823, 0.997586130643258];540;0;1.0;True;6
1;(168, 0);False;[0.00037946902136035913, 0.9982637562052781];557;0;1.0;True;7
1;(168, 0);False;[0.00023010736143810155, 0.9980377391096289];576;0;1.0;True;8
1;(168, 0);False;[0.0019224182668893272, 0.9958372081142094];604;0;1.0;True;9
1;(168, 1);True;[0.9878113993342486, 0.00968416406647492];497;0;1.0;True;0
1;(168, 1);True;[0.9976394003187178, 0.0006252473634829282];640;0;1.0;True;1
1;(168, 1);True;[0.9930510406105442, 0.005211053342432191];437;0;1.0;True;2
1;(168, 1);True;[0.9919536723093884, 0.006683730080649384];381;0;1.0;True;3
1;(168, 1);True;[0.9966821255036007, 0.0004864757249102567];576;0;1.0;True;4
1;(168, 1);True;[0.9970388144079437, 0.0009091818304551031];579;0;1.0;True;5
1;(168, 1);True;[0.9959944643058983, 0.0027975435837602346];439;0;1.0;True;6
1;(168, 1);True;[0.9885771523845085, 0.00969167084952239];468;0;1.0;True;7
1;(168, 1);True;[0.9949899460035635, 0.0027947223210070863];562;0;1.0;True;8
1;(168, 1);True;[0.993999700946852, 0.0027919411796244625];690;0;1.0;True;9
1;(168, 2);False;[4.5319728516875445e-05, 0.9982335830669626];448;0;1.0;True;0
1;(168, 2);False;[0.00037890380886542737, 0.996777225610015];401;0;1.0;True;1
1;(168, 2);False;[0.0002301088975755933, 0.99804426999578];521;0;1.0;True;2
1;(168, 2);False;[9.600089993201674e-05, 0.9988472652076148];486;0;1.0;True;3
1;(168, 2);False;[9.591506106129714e-05, 0.9979541519559779];347;0;1.0;True;4
1;(168, 2);False;[0.00017921821883978907, 0.9980950949027936];381;0;1.0;True;5
1;(168, 2);False;[8.468180450358079e-05, 0.9983917155997604];385;0;1.0;True;6
1;(168, 2);False;[0.00017931429927189665, 0.9986304944344724];415;0;1.0;True;7
1;(168, 2);False;[6.593862109863803e-05, 0.998215052442777];539;0;1.0;True;8
1;(168, 2);False;[8.466452387053833e-05, 0.9981880891745495];448;0;1.0;True;9
1;(168, 3);False;[0.008562540601811396, 0.9896949642065294];681;0;1.0;True;0
1;(168, 3);False;[0.0002608390672942024, 0.9983946862780059];416;0;1.0;True;1
1;(168, 3);False;[0.025928125882269743, 0.9729457639019844];684;0;1.0;True;2
1;(168, 3);False;[0.005216674558848797, 0.994122328043661];613;0;1.0;True;3
1;(168, 3);False;[0.000802068229704027, 0.9966887570511521];708;0;1.0;True;4
1;(168, 3);False;[6.599807323549171e-05, 0.999115653794611];458;0;1.0;True;5
1;(168, 3);False;[0.010978708990074084, 0.9882718960329173];451;0;1.0;True;6
1;(168, 3);False;[0.0006247720090967996, 0.9968811101577639];499;0;1.0;True;7
1;(168, 3);False;[0.0003796688371525486, 0.9987895852717723];534;0;1.0;True;8
1;(168, 3);False;[5.136402111304775e-05, 0.9984285530299519];512;0;1.0;True;9
3;(169, 0);False;[4.530875190005733e-05, 0.9979921444672714];486;0;1.0;True;0
3;(169, 0);False;[0.0004874967657009078, 0.9987740068314034];484;0;1.0;True;1
3;(169, 0);False;[0.010979462864076958, 0.9883395459020271];438;0;1.0;True;2
3;(169, 0);False;[0.0001232467896799095, 0.9986791199932034];568;0;1.0;True;3
3;(169, 0);False;[0.04733491625344183, 0.9507470948266095];508;0;1.0;True;4
3;(169, 0);False;[0.0013229943227019353, 0.9971465465072802];575;0;1.0;True;5
3;(169, 0);False;[0.00048690343298113994, 0.9975580151551711];557;0;1.0;True;6
3;(169, 0);False;[0.0005521947299510063, 0.9983913591282632];558;0;1.0;True;7
3;(169, 0);False;[8.47095901095952e-05, 0.9987194268261772];511;0;1.0;True;8
3;(169, 0);False;[0.0011681097322266904, 0.9976345359013785];598;0;1.0;True;9
3;(169, 1);False;[0.0059039566734870865, 0.9928927150678358];662;0;0.7;True;0
3;(169, 1);False;[0.0849419723465245, 0.913212360004285];596;0;0.7;True;1
3;(169, 1);True;[0.4995126706976863, 0.4995126706976863];522;0;0.3;False;2
3;(169, 1);False;[0.008567175990151705, 0.9902310889184084];610;0;0.7;True;3
3;(169, 1);False;[0.11909848563822957, 0.8800253916785646];560;0;0.7;True;4
3;(169, 1);False;[0.2015810366788598, 0.797268501591436];544;0;0.7;True;5
3;(169, 1);False;[0.037296010911877536, 0.9618768670548015];561;0;0.7;True;6
3;(169, 1);True;[0.7047627786476364, 0.29378882654570176];504;0;0.3;False;7
3;(169, 1);False;[0.11912938372291913, 0.8802536731260812];709;0;0.7;True;8
3;(169, 1);True;[0.73044774518446, 0.26871669228663575];417;0;0.3;False;9
3;(169, 2);False;[9.588981818602313e-05, 0.9976919638794143];409;0;1.0;True;0
3;(169, 2);False;[5.135334359161633e-05, 0.9982209915947138];594;0;1.0;True;1
3;(169, 2);False;[4.00159996113058e-05, 0.9987697257998133];537;0;1.0;True;2
3;(169, 2);False;[4.534337616718289e-05, 0.9987543859070424];422;0;1.0;True;3
3;(169, 2);False;[4.5364094206482575e-05, 0.9992109806911913];357;0;1.0;True;4
3;(169, 2);False;[0.0002302300652838138, 0.9985697489754185];431;0;1.0;True;5
3;(169, 2);False;[9.591359752477841e-05, 0.9979391930977729];475;0;1.0;True;6
3;(169, 2);False;[7.476678818660371e-05, 0.9988640352960803];457;0;1.0;True;7
3;(169, 2);False;[7.47321428775386e-05, 0.9984008653496143];502;0;1.0;True;8
3;(169, 2);False;[5.1394106432810166e-05, 0.9990136824768492];446;0;1.0;True;9
3;(169, 3);True;[0.9983690203467038, 0.0004300400502092017];441;0;1.0;True;0
3;(169, 3);True;[0.9987439217499371, 0.0004874821211568148];590;0;1.0;True;1
3;(169, 3);True;[0.9973572187898492, 0.0004296041106651344];592;0;1.0;True;2
3;(169, 3);True;[0.9980885633354819, 0.00037940243946813857];626;0;1.0;True;3
3;(169, 3);True;[0.9978939635494904, 0.0009099616546609514];568;0;1.0;True;4
3;(169, 3);True;[0.9973547285158321, 0.0004296030864103389];603;0;1.0;True;5
3;(169, 3);True;[0.995466375886016, 0.0004287897805001496];661;0;1.0;True;6
3;(169, 3);True;[0.997402162523902, 0.000379141471541064];580;0;1.0;True;7
3;(169, 3);True;[0.998459451097036, 0.000334945712546982];596;0;1.0;True;8
3;(169, 3);True;[0.9979308828727796, 0.0003347684762922287];546;0;1.0;True;9
0;(170, 0);True;[0.9989438494916435, 0.0001232794693805785];423;0;1.0;True;0
0;(170, 0);True;[0.9993487072806023, 0.00013975057107150848];402;0;1.0;True;1
0;(170, 0);True;[0.999188486195852, 0.00015833277374544834];378;0;1.0;True;2
0;(170, 0);True;[0.9994937361549848, 0.00010885363230038587];429;0;1.0;True;3
0;(170, 0);True;[0.9993269208523411, 0.00015835466995481388];288;0;1.0;True;4
0;(170, 0);True;[0.9991887242464982, 0.00015833277374544834];391;0;1.0;True;5
0;(170, 0);True;[0.998468007845246, 0.00017928505938361283];412;0;1.0;True;6
0;(170, 0);True;[0.9988011206901525, 0.00013967395807434245];429;0;1.0;True;7
0;(170, 0);True;[0.9984412685847407, 0.00020315116290480701];364;0;1.0;True;8
0;(170, 0);True;[0.9993533504008885, 0.00013975123745574894];475;0;1.0;True;9
0;(170, 1);False;[2.423147471198381e-05, 0.997146072423865];307;0;1.0;True;0
0;(170, 1);False;[1.891531160620571e-05, 0.999461583272346];366;0;1.0;True;1
0;(170, 1);False;[1.66918283596971e-05, 0.9994089522497214];322;0;1.0;True;2
0;(170, 1);False;[1.2989409945810697e-05, 0.9986247881466515];281;0;1.0;True;3
0;(170, 1);False;[3.9992346021653156e-05, 0.9981791808697393];244;0;1.0;True;4
0;(170, 1);False;[3.1171595907579877e-05, 0.9989967883439592];420;0;1.0;True;5
0;(170, 1);False;[1.4729377068842254e-05, 0.9993333495373735];434;0;1.0;True;6
0;(170, 1);False;[1.299629931482658e-05, 0.9991540918177763];383;0;1.0;True;7
0;(170, 1);False;[1.8887912118710284e-05, 0.9980133977893962];281;0;1.0;True;8
0;(170, 1);False;[1.89093235906587e-05, 0.999144809253227];272;0;1.0;True;9
0;(170, 2);False;[1.6672514400772404e-05, 0.9982528271112583];381;0;1.0;True;0
0;(170, 2);False;[1.147130509468315e-05, 0.9993388258593972];399;0;1.0;True;1
0;(170, 2);False;[1.3000402454806083e-05, 0.9994702762487295];365;0;1.0;True;2
0;(170, 2);False;[2.1402992101545108e-05, 0.9980224218454266];364;0;1.0;True;3
0;(170, 2);False;[8.470635875681112e-05, 0.9986810222665151];403;0;1.0;True;4
0;(170, 2);False;[2.1397502116612427e-05, 0.9977656569924411];301;0;1.0;True;5
0;(170, 2);False;[1.890490593939035e-05, 0.9989112560631652];459;0;1.0;True;6
0;(170, 2);False;[1.146923764198278e-05, 0.9991583760671605];439;0;1.0;True;7
0;(170, 2);False;[1.6678764330385477e-05, 0.9986271656851106];478;0;1.0;True;8
0;(170, 2);False;[1.66759014764624e-05, 0.9984550540158939];447;0;1.0;True;9
0;(170, 3);False;[1.8904996085221518e-05, 0.9989161331016325];512;0;1.0;True;0
0;(170, 3);False;[1.8912858454921923e-05, 0.99933132567039];383;0;1.0;True;1
0;(170, 3);False;[2.426273814291138e-05, 0.9984323558120136];466;0;1.0;True;2
0;(170, 3);False;[1.8916502220768583e-05, 0.9995241046728666];376;0;1.0;True;3
0;(170, 3);False;[1.891289452837104e-05, 0.9993333495373735];302;0;1.0;True;4
0;(170, 3);False;[1.4716459470176029e-05, 0.9984567176955111];483;0;1.0;True;5
0;(170, 3);False;[2.428227510969928e-05, 0.9992362138382862];466;0;1.0;True;6
0;(170, 3);False;[1.8887804041519427e-05, 0.9980079359921091];360;0;1.0;True;7
0;(170, 3);False;[1.669170101163889e-05, 0.9994014510108497];415;0;1.0;True;8
0;(170, 3);False;[2.1415875623921848e-05, 0.9986227671678459];373;0;1.0;True;9
2;(171, 0);False;[4.536855047021272e-05, 0.9993088257319442];340;0;1.0;True;0
2;(171, 0);False;[7.477605817275722e-05, 0.9989879847001297];378;0;1.0;True;1
2;(171, 0);False;[2.750986000046065e-05, 0.9990347413465217];368;0;1.0;True;2
2;(171, 0);False;[4.528456087625509e-05, 0.9974587336333076];397;0;1.0;True;3
2;(171, 0);False;[5.8177311626371736e-05, 0.9979870389971249];385;0;1.0;True;4
2;(171, 0);False;[3.116903944308081e-05, 0.9989156572465723];483;0;1.0;True;5
2;(171, 0);False;[3.998548146967357e-05, 0.9980079359921091];440;0;1.0;True;6
2;(171, 0);False;[3.9985557735999716e-05, 0.9980099543324364];358;0;1.0;True;7
2;(171, 0);False;[4.5343722111008714e-05, 0.9987621152385654];431;0;1.0;True;8
2;(171, 0);False;[5.137989455875546e-05, 0.9987370249235686];452;0;1.0;True;9
2;(171, 1);False;[0.24458773734469377, 0.7533832247027229];478;0;0.4;True;0
2;(171, 1);False;[0.014039204162807602, 0.98422422251861];643;0;0.4;True;1
2;(171, 1);True;[0.6218139136782582, 0.3771492032817685];324;0;0.6;False;2
2;(171, 1);True;[0.5920151992559672, 0.4068856993299274];449;0;0.6;False;3
2;(171, 1);True;[0.7750310348096353, 0.22205011580608652];614;0;0.6;False;4
2;(171, 1);False;[0.005213735157232216, 0.9935620943596906];898;0;0.4;True;5
2;(171, 1);True;[0.7538269282784847, 0.2447317576396259];523;0;0.6;False;6
2;(171, 1);False;[0.0011669322750307496, 0.9966286027305885];511;0;0.4;True;7
2;(171, 1);True;[0.7041063240132232, 0.2935151842965624];507;0;0.6;False;8
2;(171, 1);True;[0.7538775454097469, 0.2447482124973957];420;0;0.6;False;9
2;(171, 2);True;[0.9962613216930943, 0.0009084728492021675];571;0;1.0;True;0
2;(171, 2);True;[0.9965331759614018, 0.0014982270973304243];344;0;1.0;True;1
2;(171, 2);True;[0.9969672429734038, 0.0014988794959826146];452;0;1.0;True;2
2;(171, 2);True;[0.9958404003873309, 0.001321261244338291];437;0;1.0;True;3
2;(171, 2);True;[0.9949854609957364, 0.0009073091706988239];399;0;1.0;True;4
2;(171, 2);True;[0.9958453654960328, 0.0013212681746474933];401;0;1.0;True;5
2;(171, 2);True;[0.9970825444990938, 0.0007081025845967914];460;0;1.0;True;6
2;(171, 2);True;[0.9949901818376957, 0.002176531932067453];610;0;1.0;True;7
2;(171, 2);True;[0.9972367560066384, 0.0008025093226413181];499;0;1.0;True;8
2;(171, 2);True;[0.9965372011125285, 0.001498232812624137];356;0;1.0;True;9
2;(171, 3);False;[5.819062888024731e-05, 0.998215408735117];467;0;1.0;True;0
2;(171, 3);False;[4.5328416622037654e-05, 0.9984252257673483];422;0;1.0;True;1
2;(171, 3);False;[7.465841469067868e-05, 0.9974162749848465];543;0;1.0;True;2
2;(171, 3);False;[3.1148179397651466e-05, 0.9982464123498688];375;0;1.0;True;3
2;(171, 3);False;[4.004081275139743e-05, 0.9993893063448474];315;0;1.0;True;4
2;(171, 3);False;[3.116452155345961e-05, 0.9987704393619401];402;0;1.0;True;5
2;(171, 3);False;[1.6675949186667472e-05, 0.9984580249988363];392;0;1.0;True;6
2;(171, 3);False;[7.471618007454961e-05, 0.9981877327757561];487;0;1.0;True;7
2;(171, 3);False;[4.5349733306327196e-05, 0.9988947224066417];419;0;1.0;True;8
2;(171, 3);False;[5.822149223103036e-05, 0.9987448729478569];370;0;1.0;True;9
0;(172, 0);True;[0.9983510786688543, 0.0009103782974039348];363;0;1.0;True;0
0;(172, 0);True;[0.9988131321640306, 0.0008037777146228433];290;0;1.0;True;1
0;(172, 0);True;[0.9991907475338795, 0.0006262194623337693];364;0;1.0;True;2
0;(172, 0);True;[0.9986165853278429, 0.0008036198224473732];304;0;1.0;True;3
0;(172, 0);True;[0.9981477062940325, 0.0009101929546338508];367;0;1.0;True;4
0;(172, 0);True;[0.9987402355613494, 0.000803719076286447];338;0;1.0;True;5
0;(172, 0);True;[0.9986214594163104, 0.0005523219218618614];296;0;1.0;True;6
0;(172, 0);True;[0.9977197309763056, 0.0005518230656490154];288;0;1.0;True;7
0;(172, 0);True;[0.9990023799930565, 0.0004876083576258502];341;0;1.0;True;8
0;(172, 0);True;[0.9989202963779209, 0.0004302773690179476];348;0;1.0;True;9
0;(172, 1);False;[0.00043043312292998106, 0.9992814462327292];409;0;1.0;True;0
0;(172, 1);False;[0.00023019274234435813, 0.9984072820333626];379;0;1.0;True;1
0;(172, 1);False;[0.015895437573819723, 0.9834159638796313];413;0;1.0;True;2
0;(172, 1);False;[0.00010870818665565644, 0.9981581580457513];439;0;1.0;True;3
0;(172, 1);False;[0.0002033077651909793, 0.9992110997482678];413;0;1.0;True;4
0;(172, 1);False;[0.00037978707481641584, 0.9991006601957624];427;0;1.0;True;5
0;(172, 1);False;[0.029300061256310305, 0.9702846986282396];449;0;1.0;True;6
0;(172, 1);False;[0.0002032563909935842, 0.9989584813884683];417;0;1.0;True;7
0;(172, 1);False;[0.00043033317948587384, 0.9990496139878328];624;0;1.0;True;8
0;(172, 1);False;[0.0002303873271514177, 0.9992515685764682];428;0;1.0;True;9
0;(172, 2);False;[3.118568995178556e-05, 0.9994486036376637];259;0;1.0;True;0
0;(172, 2);False;[5.140361588089594e-05, 0.9991982456209207];379;0;1.0;True;1
0;(172, 2);False;[3.117528234179824e-05, 0.9991151777863486];325;0;1.0;True;2
0;(172, 2);False;[2.4290312051032552e-05, 0.9995669810232084];304;0;1.0;True;3
0;(172, 2);False;[4.00471903036597e-05, 0.9995476862197713];293;0;1.0;True;4
0;(172, 2);False;[3.5335286654475526e-05, 0.9993713280657348];265;0;1.0;True;5
0;(172, 2);False;[3.117189318450159e-05, 0.9990064251194491];398;0;1.0;True;6
0;(172, 2);False;[2.1430831043465502e-05, 0.999320135114711];289;0;1.0;True;7
0;(172, 2);False;[3.1159528858391824e-05, 0.9986100469765289];301;0;1.0;True;8
0;(172, 2);False;[3.117899894658026e-05, 0.9992343094023548];338;0;1.0;True;9
0;(172, 3);False;[8.470813598558814e-05, 0.9987023049083332];387;0;1.0;True;0
0;(172, 3);False;[6.595057013536302e-05, 0.9983958745982705];384;0;1.0;True;1
0;(172, 3);False;[0.001924911419656576, 0.9971288857753497];361;0;1.0;True;2
0;(172, 3);False;[5.142376799873645e-05, 0.9995898499281906];361;0;1.0;True;3
0;(172, 3);False;[8.478394525530356e-05, 0.9995961628599268];314;0;1.0;True;4
0;(172, 3);False;[0.00012332180129384505, 0.9992864458896337];307;0;1.0;True;5
0;(172, 3);False;[4.533637137255082e-05, 0.9986000613149605];340;0;1.0;True;6
0;(172, 3);False;[0.0006257457559198916, 0.9984348513338641];415;0;1.0;True;7
0;(172, 3);False;[0.047384948831332756, 0.9517522244483685];456;0;1.0;True;8
0;(172, 3);False;[0.0001087268492544417, 0.9983298110661288];504;0;1.0;True;9
0;(173, 0);True;[0.9990403333825073, 0.0003797640762459366];393;0;1.0;True;0
0;(173, 0);True;[0.998963953737361, 0.00037973510365150266];467;0;1.0;True;1
0;(173, 0);True;[0.9988858015160779, 0.00037970540903613443];519;0;1.0;True;2
0;(173, 0);True;[0.9991554009065676, 0.00033517929664669496];301;0;1.0;True;3
0;(173, 0);True;[0.9988338257580675, 0.0004302402344454106];440;0;1.0;True;4
0;(173, 0);True;[0.9994892108327056, 0.00026112504403976653];433;0;1.0;True;5
0;(173, 0);True;[0.999463726723013, 0.0003352828798602436];298;0;1.0;True;6
0;(173, 0);True;[0.9988343014578659, 0.00023029111230692912];368;0;1.0;True;7
0;(173, 0);True;[0.9985027115782427, 0.0005522563472185648];359;0;1.0;True;8
0;(173, 0);True;[0.9982693396839161, 0.00037947101175980666];414;0;1.0;True;9
0;(173, 1);False;[3.117902868120495e-05, 0.9992353806507548];453;0;1.0;True;0
0;(173, 1);False;[4.534337616718289e-05, 0.99875414813428];507;0;1.0;True;1
0;(173, 1);False;[3.116889081787324e-05, 0.9989106613635679];478;0;1.0;True;2
0;(173, 1);False;[4.530883831972574e-05, 0.9979933316113279];506;0;1.0;True;3
0;(173, 1);False;[3.533053550581792e-05, 0.9992376421530759];417;0;1.0;True;4
0;(173, 1);False;[3.532699783139365e-05, 0.9991375500127342];452;0;1.0;True;5
0;(173, 1);False;[4.538161893209342e-05, 0.9995966393300816];349;0;1.0;True;6
0;(173, 1);False;[4.004066000810985e-05, 0.9993846628829899];381;0;1.0;True;7
0;(173, 1);False;[5.826131679826242e-05, 0.9994282416990811];436;0;1.0;True;8
0;(173, 1);False;[8.462295175359406e-05, 0.9976975410239327];452;0;1.0;True;9
0;(173, 2);False;[0.00010876542877875838, 0.9986841135555714];427;0;1.0;True;0
0;(173, 2);False;[0.00010879291985335891, 0.9989365931067128];462;0;1.0;True;1
0;(173, 2);False;[4.537170905811807e-05, 0.9993785907498883];631;0;1.0;True;2
0;(173, 2);False;[7.480273362000064e-05, 0.9993438260942337];688;0;1.0;True;3
0;(173, 2);False;[5.140410610631587e-05, 0.999207648145717];513;0;1.0;True;4
0;(173, 2);False;[8.473140496536982e-05, 0.9989759690301894];372;0;1.0;True;5
0;(173, 2);False;[6.599712913223382e-05, 0.9991010171531339];381;0;1.0;True;6
0;(173, 2);False;[0.00010884688480015366, 0.9994315757947204];329;0;1.0;True;7
0;(173, 2);False;[0.00010884740382378337, 0.9994366959848158];471;0;1.0;True;8
0;(173, 2);False;[6.60136843670324e-05, 0.9993518026723395];307;0;1.0;True;9
0;(173, 3);False;[8.478022594841778e-05, 0.999551616580163];468;0;1.0;True;0
0;(173, 3);False;[9.595513404801242e-05, 0.99837163437674];582;0;1.0;True;1
0;(173, 3);False;[7.479060723722531e-05, 0.9991822974223976];542;0;1.0;True;2
0;(173, 3);False;[4.534320319625972e-05, 0.9987503428476227];433;0;1.0;True;3
0;(173, 3);False;[4.5319512416085106e-05, 0.9982289503786667];541;0;1.0;True;4
0;(173, 3);False;[8.473148577157306e-05, 0.9989769207979983];402;0;1.0;True;5
0;(173, 3);False;[6.599706619249682e-05, 0.9991003032385184];561;0;1.0;True;6
0;(173, 3);False;[6.597239843854629e-05, 0.9987270368296053];487;0;1.0;True;7
0;(173, 3);False;[6.597252427103026e-05, 0.9987287014274843];523;0;1.0;True;8
0;(173, 3);False;[5.823593034982952e-05, 0.9989920296519356];514;0;1.0;True;9
0;(174, 0);True;[0.9985289786733016, 0.0007091297837805974];739;0;1.0;True;0
0;(174, 0);True;[0.9971663414322953, 0.00033451188955565517];705;0;1.0;True;1
0;(174, 0);True;[0.9959982484251764, 0.00037860779754633517];662;0;1.0;True;2
0;(174, 0);True;[0.9985073468156962, 0.0002956029308621429];661;0;1.0;True;3
0;(174, 0);True;[0.9978429217834229, 0.000429813314665114];423;0;1.0;True;4
0;(174, 0);True;[0.9987281069528378, 0.0003350358036736316];570;0;1.0;True;5
0;(174, 0);True;[0.9983465637501151, 0.0002955552920932491];505;0;1.0;True;6
0;(174, 0);True;[0.9988586830328997, 0.0004875381447268325];617;0;1.0;True;7
0;(174, 0);True;[0.9983706838829671, 0.000430040665386868];394;0;1.0;True;8
0;(174, 0);True;[0.9986137322195958, 0.0005523177079960859];432;0;1.0;True;9
0;(174, 1);False;[5.824887216753032e-05, 0.9992144323634158];495;0;1.0;True;0
0;(174, 1);False;[0.00015830257704536833, 0.9989983349993418];839;0;1.0;True;1
0;(174, 1);False;[0.003170012533727045, 0.995988551387425];573;0;1.0;True;2
0;(174, 1);False;[4.0002606909857996e-05, 0.9984356832146114];528;0;1.0;True;3
0;(174, 1);False;[9.595632368469611e-05, 0.9983835166712979];827;0;1.0;True;4
0;(174, 1);False;[4.003787254545858e-05, 0.999315135172916];560;0;1.0;True;5
0;(174, 1);False;[5.8162610698993975e-05, 0.9977349204741877];396;0;1.0;True;6
0;(174, 1);False;[0.00015812724811393807, 0.9978918267180958];454;0;1.0;True;7
0;(174, 1);False;[9.597334625555187e-05, 0.9985613093468462];626;0;1.0;True;8
0;(174, 1);False;[0.00010879540995417906, 0.9989588382950424];908;0;1.0;True;9
0;(174, 2);False;[2.1434080937126933e-05, 0.9994714670709094];1362;0;1.0;True;0
0;(174, 2);False;[1.6689106506512654e-05, 0.9992456170693487];559;0;1.0;True;1
0;(174, 2);False;[1.666882597430858e-05, 0.9980312084985862];530;0;1.0;True;2
0;(174, 2);False;[1.667884386112095e-05, 0.9986315644542608];622;0;1.0;True;3
0;(174, 2);False;[1.890510426078632e-05, 0.9989216048696697];751;0;1.0;True;4
0;(174, 2);False;[2.142224878844118e-05, 0.9989197016729414];596;0;1.0;True;5
0;(174, 2);False;[1.6678859767313552e-05, 0.9986328721027733];489;0;1.0;True;6
0;(174, 2);False;[1.891668262345205e-05, 0.9995337515386135];987;0;1.0;True;7
0;(174, 2);False;[1.6678875673521323e-05, 0.998633466520733];992;0;1.0;True;8
0;(174, 2);False;[3.527777671453427e-05, 0.9977448888893347];715;0;1.0;True;9
0;(174, 3);False;[1.4734392711823828e-05, 0.9996743071173864];1460;0;1.0;True;0
0;(174, 3);False;[1.66918283596971e-05, 0.9994085950659848];548;0;1.0;True;1
0;(174, 3);False;[1.669553779815591e-05, 0.9996313024594311];1050;0;1.0;True;2
0;(174, 3);False;[1.8896326024293246e-05, 0.9984582627011008];744;0;1.0;True;3
0;(174, 3);False;[1.6687658215884298e-05, 0.999159447175996];604;0;1.0;True;4
0;(174, 3);False;[1.8915419840796566e-05, 0.9994671800827958];507;0;1.0;True;5
0;(174, 3);False;[2.428449832015136e-05, 0.9993276351615621];920;0;1.0;True;6
0;(174, 3);False;[1.8907394122126252e-05, 0.9990427130151887];422;0;1.0;True;7
0;(174, 3);False;[1.890259835246134e-05, 0.9987898230529711];993;0;1.0;True;8
0;(174, 3);False;[1.6685764487009433e-05, 0.9990462824457622];509;0;1.0;True;9
3;(175, 0);False;[3.117614455463732e-05, 0.9991426671844037];417;0;1.0;True;0
3;(175, 0);False;[2.4271347285019263e-05, 0.9987870879330948];534;0;1.0;True;1
3;(175, 0);False;[3.1154328984898026e-05, 0.9984442395266635];559;0;1.0;True;2
3;(175, 0);False;[3.5323089955295546e-05, 0.9990264128687696];431;0;1.0;True;3
3;(175, 0);False;[1.4734266246059487e-05, 0.9996651340595625];298;0;1.0;True;4
3;(175, 0);False;[3.114111035787839e-05, 0.998020640729411];480;0;1.0;True;5
3;(175, 0);False;[3.114823880814551e-05, 0.9982485506378223];442;0;1.0;True;6
3;(175, 0);False;[2.750631844311067e-05, 0.9989061413558499];440;0;1.0;True;7
3;(175, 0);False;[2.1434060496004194e-05, 0.9994712288947245];398;0;1.0;True;8
3;(175, 0);False;[2.141940922771524e-05, 0.9987875636106341];493;0;1.0;True;9
3;(175, 1);False;[9.593564440888718e-05, 0.9981684911483524];429;0;1.0;True;0
3;(175, 1);False;[8.466412015959122e-05, 0.9981832192929514];498;0;1.0;True;1
3;(175, 1);False;[5.1434901630401974e-05, 0.9998062032627272];1222;0;1.0;True;2
3;(175, 1);False;[0.00015824642650020808, 0.9986439283579892];583;0;1.0;True;3
3;(175, 1);False;[5.139415544607286e-05, 0.9990142773540805];412;0;1.0;True;4
3;(175, 1);False;[7.47977401654675e-05, 0.999276922802266];784;0;1.0;True;5
3;(175, 1);False;[6.599750677191631e-05, 0.9991070859713644];563;0;1.0;True;6
3;(175, 1);False;[7.474468747234137e-05, 0.9985687979442857];555;0;1.0;True;7
3;(175, 1);False;[5.1404400243811914e-05, 0.9992137181932729];427;0;1.0;True;8
3;(175, 1);False;[2.4286281667308534e-05, 0.9994012128513499];375;0;1.0;True;9
3;(175, 2);False;[2.1422371367882697e-05, 0.9989258871337113];489;0;1.0;True;0
3;(175, 2);False;[2.143109673954341e-05, 0.9993326352240679];442;0;1.0;True;1
3;(175, 2);False;[2.143107630126662e-05, 0.9993318018979692];436;0;1.0;True;2
3;(175, 2);False;[2.428781035482017e-05, 0.9994640839846298];438;0;1.0;True;3
3;(175, 2);False;[2.4286281667308534e-05, 0.9994009747500795];516;0;1.0;True;4
3;(175, 2);False;[2.4282506684624673e-05, 0.999245855133606];416;0;1.0;True;5
3;(175, 2);False;[2.4290520537347943e-05, 0.999576033177958];479;0;1.0;True;6
3;(175, 2);False;[1.8912840418223164e-05, 0.9993304923453833];528;0;1.0;True;7
3;(175, 2);False;[2.4277412546387847e-05, 0.9990367639731889];492;0;1.0;True;8
3;(175, 2);False;[2.1422371367882697e-05, 0.9989254113902947];416;0;1.0;True;9
3;(175, 3);True;[0.9990486620926137, 0.00029576309850686694];483;0;1.0;True;0
3;(175, 3);True;[0.9984267706079754, 0.0003795309095725163];384;0;1.0;True;1
3;(175, 3);True;[0.9986051730600163, 0.00033499458876860036];437;0;1.0;True;2
3;(175, 3);True;[0.9985062771614881, 0.00029560264895335433];407;0;1.0;True;3
3;(175, 3);True;[0.9990842391314458, 0.00033515532361255246];389;0;1.0;True;4
3;(175, 3);True;[0.9992547824387871, 0.0002303879862957908];502;0;1.0;True;5
3;(175, 3);True;[0.9990477102564538, 0.00029576281644533065];450;0;1.0;True;6
3;(175, 3);True;[0.9992608531216649, 0.0003352147798841644];399;0;1.0;True;7
3;(175, 3);True;[0.9985065148752399, 0.0005522584539133606];482;0;1.0;True;8
3;(175, 3);True;[0.9992102665816771, 0.00033519783696887466];376;0;1.0;True;9
2;(176, 0);False;[1.669279942059017e-05, 0.9994668228782488];340;0;1.0;True;0
2;(176, 0);False;[2.4262761281672625e-05, 0.9984331876906817];442;0;1.0;True;1
2;(176, 0);False;[2.1433651677643177e-05, 0.9994516996296995];423;0;1.0;True;2
2;(176, 0);False;[3.118711755205471e-05, 0.9994942125181384];304;0;1.0;True;3
2;(176, 0);False;[1.8918270241254736e-05, 0.999618080140257];335;0;1.0;True;4
2;(176, 0);False;[2.747433392871834e-05, 0.9977444142891381];322;0;1.0;True;5
2;(176, 0);False;[1.4730402537625826e-05, 0.9994035942162108];357;0;1.0;True;6
2;(176, 0);False;[1.8916412020072018e-05, 0.9995199363492225];314;0;1.0;True;7
2;(176, 0);False;[2.7514897667469394e-05, 0.9992174078742715];511;0;1.0;True;8
2;(176, 0);False;[2.1434939481885423e-05, 0.9995121952477934];457;0;1.0;True;9
2;(176, 1);False;[3.117584723717157e-05, 0.9991331468630038];354;0;1.0;True;0
2;(176, 1);False;[6.596220680436487e-05, 0.9985721262665905];374;0;1.0;True;1
2;(176, 1);False;[3.9949538095817056e-05, 0.99711027768751];327;0;1.0;True;2
2;(176, 1);False;[3.532278677608365e-05, 0.9990177275327066];352;0;1.0;True;3
2;(176, 1);False;[4.535989793113817e-05, 0.9991182717568733];353;0;1.0;True;4
2;(176, 1);False;[3.532666092849506e-05, 0.9991273158061755];293;0;1.0;True;5
2;(176, 1);False;[4.537101674606208e-05, 0.9993632320820529];338;0;1.0;True;6
2;(176, 1);False;[8.467946252896778e-05, 0.9983634358456369];344;0;1.0;True;7
2;(176, 1);False;[6.597195802674245e-05, 0.9987196647069397];301;0;1.0;True;8
2;(176, 1);False;[8.475540779542382e-05, 0.9992590675852365];309;0;1.0;True;9
2;(176, 2);True;[0.9990108270710697, 0.0008039371712073713];252;0;1.0;True;0
2;(176, 2);True;[0.9990536594217889, 0.0004876332368073739];341;0;1.0;True;1
2;(176, 2);True;[0.9988586830328997, 0.0006260113694340395];438;0;1.0;True;2
2;(176, 2);True;[0.9985758112534664, 0.0004874000733572631];409;0;1.0;True;3
2;(176, 2);True;[0.9991486174967729, 0.0006261931856707023];223;0;1.0;True;4
2;(176, 2);True;[0.9982559157965563, 0.000803329412523141];271;0;1.0;True;5
2;(176, 2);True;[0.9984322370220745, 0.00062574426402753];308;0;1.0;True;6
2;(176, 2);True;[0.9983131776714574, 0.0009103435698902959];304;0;1.0;True;7
2;(176, 2);True;[0.9975507788242166, 0.0009096484302336524];477;0;1.0;True;8
2;(176, 2);True;[0.9986778121678708, 0.0008036688730056909];329;0;1.0;True;9
2;(176, 3);False;[2.4294806485851427e-05, 0.9997522252927893];296;0;1.0;True;0
2;(176, 3);False;[3.5334983370578974e-05, 0.9993627558394959];297;0;1.0;True;1
2;(176, 3);False;[1.669845179775181e-05, 0.9998057266053867];253;0;1.0;True;2
2;(176, 3);False;[2.4277204172578765e-05, 0.9990279595700171];315;0;1.0;True;3
2;(176, 3);False;[2.1424496189651616e-05, 0.9990245092397523];435;0;1.0;True;4
2;(176, 3);False;[2.4289061170718014e-05, 0.999515887136354];267;0;1.0;True;5
2;(176, 3);False;[2.749341529231312e-05, 0.9984369904903957];497;0;1.0;True;6
2;(176, 3);False;[2.4290126731365568e-05, 0.9995597156027074];1007;0;1.0;True;7
2;(176, 3);False;[2.427093064330579e-05, 0.9987699636925562];391;0;1.0;True;8
2;(176, 3);False;[2.7493467731891202e-05, 0.9984388918375674];512;0;1.0;True;9
1;(177, 0);False;[2.4282390896885917e-05, 0.9992414510994357];313;0;1.0;True;0
1;(177, 0);False;[3.116452155345961e-05, 0.9987705583083895];369;0;1.0;True;1
1;(177, 0);False;[2.1419266238209348e-05, 0.998781141924831];418;0;1.0;True;2
1;(177, 0);False;[3.1172517475265355e-05, 0.9990264128687696];414;0;1.0;True;3
1;(177, 0);False;[1.8911253256090238e-05, 0.9992469263943837];320;0;1.0;True;4
1;(177, 0);False;[2.4262992670498768e-05, 0.9984431699400592];291;0;1.0;True;5
1;(177, 0);False;[1.6692910857420666e-05, 0.9994737296893194];364;0;1.0;True;6
1;(177, 0);False;[3.528686163172111e-05, 0.9980021180083752];377;0;1.0;True;7
1;(177, 0);False;[2.7506292211053742e-05, 0.9989043570346796];371;0;1.0;True;8
1;(177, 0);False;[2.428785668018622e-05, 0.9994661083531846];308;0;1.0;True;9
1;(177, 1);True;[0.998226930898196, 0.0007089150977461826];335;0;1.0;True;0
1;(177, 1);True;[0.9987202591765612, 0.0006259245103650648];387;0;1.0;True;1
1;(177, 1);True;[0.9979395492916506, 0.0007087109527608436];335;0;1.0;True;2
1;(177, 1);True;[0.9969473375656148, 0.001322730021760315];404;0;1.0;True;3
1;(177, 1);True;[0.9983526233947553, 0.0007090043451475226];326;0;1.0;True;4
1;(177, 1);True;[0.9978937260977384, 0.0011684133356528674];436;0;1.0;True;5
1;(177, 1);True;[0.9982293066759673, 0.0010314678401219554];292;0;1.0;True;6
1;(177, 1);True;[0.9980313272408122, 0.0009100866274584468];336;0;1.0;True;7
1;(177, 1);True;[0.9969436645072373, 0.0016984132982807182];288;0;1.0;True;8
1;(177, 1);True;[0.9978917079924671, 0.0009099594851458902];291;0;1.0;True;9
1;(177, 2);False;[3.529514103759013e-05, 0.9982361963937535];329;0;1.0;True;0
1;(177, 2);False;[2.749824015220684e-05, 0.998612543407523];421;0;1.0;True;1
1;(177, 2);False;[2.7474753156982844e-05, 0.997759604395113];349;0;1.0;True;2
1;(177, 2);False;[2.7493625051225563e-05, 0.9984445960170415];327;0;1.0;True;3
1;(177, 2);False;[2.7512929719007754e-05, 0.9991455233159605];398;0;1.0;True;4
1;(177, 2);False;[2.7517705517608867e-05, 0.9993196589508595];355;0;1.0;True;5
1;(177, 2);False;[3.99943674754221e-05, 0.9982294254417625];407;0;1.0;True;6
1;(177, 2);False;[2.4291632494585723e-05, 0.9996216536921215];302;0;1.0;True;7
1;(177, 2);False;[2.1427172947773917e-05, 0.9991499265202336];353;0;1.0;True;8
1;(177, 2);False;[3.1172547203708824e-05, 0.9990273646846385];408;0;1.0;True;9
1;(177, 3);False;[2.1434121819430894e-05, 0.9994737296893194];389;0;1.0;True;0
1;(177, 3);False;[2.7506659462127298e-05, 0.9989181552555889];337;0;1.0;True;1
1;(177, 3);False;[2.1438926033051632e-05, 0.9996980148726712];252;0;1.0;True;2
1;(177, 3);False;[2.4274541775776594e-05, 0.9989181552555889];285;0;1.0;True;3
1;(177, 3);False;[2.142929824579737e-05, 0.99924835478265];335;0;1.0;True;4
1;(177, 3);False;[2.1376290139464537e-05, 0.996777225610015];508;0;1.0;True;5
1;(177, 3);False;[2.142929824579737e-05, 0.9992485928475595];272;0;1.0;True;6
1;(177, 3);False;[1.8909485891381456e-05, 0.999153139706694];345;0;1.0;True;7
1;(177, 3);False;[2.4284405682318715e-05, 0.9993245399028498];229;0;1.0;True;8
1;(177, 3);False;[1.891431948464775e-05, 0.9994091904110656];342;0;1.0;True;9
0;(178, 0);True;[0.9979080899393424, 0.0005519272748655016];355;0;1.0;True;0
0;(178, 0);True;[0.9979385996739432, 0.0007087102768817325];230;0;1.0;True;1
0;(178, 0);True;[0.9989180362915617, 0.0004302765483297787];319;0;1.0;True;2
0;(178, 0);True;[0.9987028994838859, 0.0005523669595602778];339;0;1.0;True;3
0;(178, 0);True;[0.9985567924311392, 0.0003795803188106297];403;0;1.0;True;4
0;(178, 0);True;[0.9959813380361804, 0.0014973971824448933];461;0;1.0;True;5
0;(178, 0);True;[0.9985458568740396, 0.0008035627283025613];331;0;1.0;True;6
0;(178, 0);True;[0.9973560328668987, 0.0009094710420753748];429;0;1.0;True;7
0;(178, 0);True;[0.9984462597954675, 0.0004873368618098899];335;0;1.0;True;8
0;(178, 0);True;[0.9982177844854656, 0.00042997484636689856];286;0;1.0;True;9
0;(178, 1);False;[4.535890299494794e-05, 0.9990966143970224];417;0;1.0;True;0
0;(178, 1);False;[3.532251728563542e-05, 0.9990103511709];383;0;1.0;True;1
0;(178, 1);False;[3.53124465544509e-05, 0.9987259665912526];382;0;1.0;True;2
0;(178, 1);False;[4.532781142642348e-05, 0.9984114410967179];386;0;1.0;True;3
0;(178, 1);False;[4.5359595122161346e-05, 0.9991116078769993];316;0;1.0;True;4
0;(178, 1);False;[4.5348262868385804e-05, 0.9988622511664058];343;0;1.0;True;5
0;(178, 1);False;[2.7517416846904024e-05, 0.9993091828800238];288;0;1.0;True;6
0;(178, 1);False;[6.600701141545758e-05, 0.9992506163724987];355;0;1.0;True;7
0;(178, 1);False;[3.532979424945951e-05, 0.999216812759759];268;0;1.0;True;8
0;(178, 1);False;[4.002573216359672e-05, 0.9990122547729393];395;0;1.0;True;9
0;(178, 2);False;[7.473955533815265e-05, 0.9984998591440618];510;0;1.0;True;0
0;(178, 2);False;[5.142725006502432e-05, 0.9996577480879734];319;0;1.0;True;1
0;(178, 2);False;[7.481543276319687e-05, 0.9995142198301541];258;0;1.0;True;2
0;(178, 2);False;[4.5367598610128325e-05, 0.9992882314749832];414;0;1.0;True;3
0;(178, 2);False;[5.1407979051492775e-05, 0.9992833508748303];319;0;1.0;True;4
0;(178, 2);False;[4.5354577439129125e-05, 0.9990009524215981];491;0;1.0;True;5
0;(178, 2);False;[5.135246206061538e-05, 0.9982035304168064];330;0;1.0;True;6
0;(178, 2);False;[4.534925757118752e-05, 0.9988836604676834];282;0;1.0;True;7
0;(178, 2);False;[4.537101674606208e-05, 0.9993628749146565];394;0;1.0;True;8
0;(178, 2);False;[3.531335583363733e-05, 0.9987515320562806];334;0;1.0;True;9
0;(178, 3);False;[5.824220649454896e-05, 0.9991001841946434];372;0;1.0;True;0
0;(178, 3);False;[4.003393988026634e-05, 0.9992171698749537];272;0;1.0;True;1
0;(178, 3);False;[2.7509597647242344e-05, 0.999025342077001];346;0;1.0;True;2
0;(178, 3);False;[4.004031633784317e-05, 0.9993766857517451];353;0;1.0;True;3
0;(178, 3);False;[5.142107078550067e-05, 0.9995380391031741];327;0;1.0;True;4
0;(178, 3);False;[4.0020808341331045e-05, 0.9988892509021439];379;0;1.0;True;5
0;(178, 3);False;[4.0048870785898195e-05, 0.9995899690304098];386;0;1.0;True;6
0;(178, 3);False;[4.004730487975412e-05, 0.9995511401605597];310;0;1.0;True;7
0;(178, 3);False;[5.8267095566265875e-05, 0.9995270820949422];274;0;1.0;True;8
0;(178, 3);False;[3.5330198569181594e-05, 0.9992274059325037];350;0;1.0;True;9
3;(179, 0);False;[1.89025622986506e-05, 0.9987879203398687];395;0;1.0;True;0
3;(179, 0);False;[2.1431035424771523e-05, 0.9993295399498686];390;0;1.0;True;1
3;(179, 0);False;[1.6687658215884298e-05, 0.9991593281832327];399;0;1.0;True;2
3;(179, 0);False;[2.142899169941963e-05, 0.9992347855255381];345;0;1.0;True;3
3;(179, 0);False;[2.1415650963624233e-05, 0.998612543407523];384;0;1.0;True;4
3;(179, 0);False;[2.4274564925794666e-05, 0.998919463744533];342;0;1.0;True;5
3;(179, 0);False;[1.891132539693392e-05, 0.9992504973107137];384;0;1.0;True;6
3;(179, 0);False;[1.6685812225432847e-05, 0.9990490190314074];518;0;1.0;True;7
3;(179, 0);False;[2.749829260098762e-05, 0.9986138511473824];424;0;1.0;True;8
3;(179, 0);False;[2.7521668485224027e-05, 0.9994628931712466];398;0;1.0;True;9
3;(179, 1);False;[2.1415977743018047e-05, 0.9986275223570571];536;0;1.0;True;0
3;(179, 1);False;[2.4258295909581584e-05, 0.9982493821309236];476;0;1.0;True;1
3;(179, 1);False;[3.5294804438500145e-05, 0.9982263369546367];462;0;1.0;True;2
3;(179, 1);False;[1.8909485891381456e-05, 0.9991533777489191];462;0;1.0;True;3
3;(179, 1);False;[3.1132914656849175e-05, 0.9977574683160444];581;0;1.0;True;4
3;(179, 1);False;[3.5329962715448064e-05, 0.9992215736857827];367;0;1.0;True;5
3;(179, 1);False;[2.7474648349317005e-05, 0.997755450718644];503;0;1.0;True;6
3;(179, 1);False;[2.751773176055038e-05, 0.999320135114711];554;0;1.0;True;7
3;(179, 1);False;[3.116853412026656e-05, 0.9988988854774076];569;0;1.0;True;8
3;(179, 1);False;[3.996348470819867e-05, 0.9974586149592067];519;0;1.0;True;9
3;(179, 2);False;[3.524256954004519e-05, 0.9967497476832515];382;0;1.0;True;0
3;(179, 2);False;[2.4262992670498768e-05, 0.9984426946590071];509;0;1.0;True;1
3;(179, 2);False;[2.7521589745211527e-05, 0.9994606306355447];391;0;1.0;True;2
3;(179, 2);False;[1.8911217185771597e-05, 0.9992447838739765];402;0;1.0;True;3
3;(179, 2);False;[1.8915473958324242e-05, 0.9994694426915007];316;0;1.0;True;4
3;(179, 2);False;[2.7525789526947165e-05, 0.9996129580899547];305;0;1.0;True;5
3;(179, 2);False;[3.117599589555001e-05, 0.9991385020508033];413;0;1.0;True;6
3;(179, 2);False;[2.427449547580668e-05, 0.9989167278044874];463;0;1.0;True;7
3;(179, 2);False;[2.428442884174375e-05, 0.9993253732228927];412;0;1.0;True;8
3;(179, 2);False;[2.1427070775294947e-05, 0.9991444522802094];516;0;1.0;True;9
3;(179, 3);True;[0.9990007144738369, 0.0004876074275876029];451;0;1.0;True;0
3;(179, 3);True;[0.9989358793095876, 0.0005524957718431281];506;0;1.0;True;1
3;(179, 3);True;[0.9989313590714691, 0.0003351041868702137];495;0;1.0;True;2
3;(179, 3);True;[0.9980234902841912, 0.0013241581269475631];480;0;1.0;True;3
3;(179, 3);True;[0.9990436648465875, 0.0005525553148675143];485;0;1.0;True;4
3;(179, 3);True;[0.9989312401058695, 0.0003351041868702137];497;0;1.0;True;5
3;(179, 3);True;[0.9988843742274952, 0.00037970486586357834];369;0;1.0;True;6
3;(179, 3);True;[0.9989306452780838, 0.00048757324991246685];382;0;1.0;True;7
3;(179, 3);True;[0.9981778743963238, 0.0006255846520951344];532;0;1.0;True;8
3;(179, 3);True;[0.9988592777015518, 0.00048753837720319135];506;0;1.0;True;9
3;(180, 0);False;[4.002107550994207e-05, 0.9988959117872119];298;0;1.0;True;0
3;(180, 0);False;[2.749847617250814e-05, 0.9986212216751938];424;0;1.0;True;1
3;(180, 0);False;[2.7481802390114773e-05, 0.9980157723618532];523;0;1.0;True;2
3;(180, 0);False;[2.1407564762325556e-05, 0.9982357212112254];377;0;1.0;True;3
3;(180, 0);False;[4.0015656152700095e-05, 0.9987612828532979];332;0;1.0;True;4
3;(180, 0);False;[2.143224131415242e-05, 0.9993857344670949];290;0;1.0;True;5
3;(180, 0);False;[2.750975505887309e-05, 0.9990309340022235];429;0;1.0;True;6
3;(180, 0);False;[1.6688963263377235e-05, 0.9992376421530759];403;0;1.0;True;7
3;(180, 0);False;[3.530820356114194e-05, 0.9986057673452358];588;0;1.0;True;8
3;(180, 0);False;[2.7506292211053742e-05, 0.9989043570346796];381;0;1.0;True;9
3;(180, 1);False;[5.823698558350007e-05, 0.9990109460461476];388;0;1.0;True;0
3;(180, 1);False;[0.00013967395807434245, 0.9988007639562032];487;0;1.0;True;1
3;(180, 1);False;[3.117890974287635e-05, 0.9992320479075765];350;0;1.0;True;2
3;(180, 1);False;[0.00012315279570200804, 0.9979175867961388];518;0;1.0;True;3
3;(180, 1);False;[3.53179025807843e-05, 0.998880092257699];433;0;1.0;True;4
3;(180, 1);False;[5.8253094154985986e-05, 0.9992869220376595];345;0;1.0;True;5
3;(180, 1);False;[8.474805267052458e-05, 0.9991724193332552];467;0;1.0;True;6
3;(180, 1);False;[0.00015833307574153588, 0.9991902714316797];436;0;1.0;True;7
3;(180, 1);False;[4.004726668768622e-05, 0.9995495918347805];302;0;1.0;True;8
3;(180, 1);False;[0.00017933704470412325, 0.998757358710836];477;0;1.0;True;9
3;(180, 2);False;[4.5355356008733054e-05, 0.9990178465086063];589;0;1.0;True;0
3;(180, 2);False;[2.750972882353875e-05, 0.999029863205609];623;0;1.0;True;1
3;(180, 2);False;[6.596157774273964e-05, 0.9985626169033638];431;0;1.0;True;2
3;(180, 2);False;[0.00010881595546076329, 0.9991477844404394];517;0;1.0;True;3
3;(180, 2);False;[3.117260666068082e-05, 0.999029863205609];355;0;1.0;True;4
3;(180, 2);False;[5.13990079904629e-05, 0.9991087519005482];503;0;1.0;True;5
3;(180, 2);False;[6.60136843670324e-05, 0.9993521598357789];475;0;1.0;True;6
3;(180, 2);False;[4.5359595122161346e-05, 0.9991113698447256];409;0;1.0;True;7
3;(180, 2);False;[3.533805002766211e-05, 0.9994494371775127];519;0;1.0;True;8
3;(180, 2);False;[3.1154091297137554e-05, 0.9984360397019344];567;0;1.0;True;9
3;(180, 3);True;[0.9985034247171214, 0.00043009788075657417];405;0;1.0;True;0
3;(180, 3);True;[0.9974544639291855, 0.0003346085651883116];480;0;1.0;True;1
3;(180, 3);True;[0.9979800340055612, 0.0004871094145654253];432;0;1.0;True;2
3;(180, 3);True;[0.998876167183296, 0.0002957120497504731];476;0;1.0;True;3
3;(180, 3);True;[0.9989080445267423, 0.0002609731809853558];435;0;1.0;True;4
3;(180, 3);True;[0.9974936044580411, 0.00029530285027532194];462;0;1.0;True;5
3;(180, 3);True;[0.998723350703337, 0.0003350342061022353];395;0;1.0;True;6
3;(180, 3);True;[0.9985601207134286, 0.000379581585798748];392;0;1.0;True;7
3;(180, 3);True;[0.9987622341840234, 0.0002956782101284009];391;0;1.0;True;8
3;(180, 3);True;[0.9976626558690146, 0.00037924037588089914];426;0;1.0;True;9
3;(181, 0);False;[2.1426825563333175e-05, 0.9991333849004658];312;0;1.0;True;0
3;(181, 0);False;[2.4289107498469813e-05, 0.9995173162581674];353;0;1.0;True;1
3;(181, 0);False;[3.118527358068349e-05, 0.9994357433717358];517;0;1.0;True;2
3;(181, 0);False;[3.534007214495699e-05, 0.9995065979234627];321;0;1.0;True;3
3;(181, 0);False;[3.533525295613625e-05, 0.9993709708954449];250;0;1.0;True;4
3;(181, 0);False;[3.1190181164879476e-05, 0.9995924703839341];381;0;1.0;True;5
3;(181, 0);False;[2.7521563498590755e-05, 0.9994590825663191];455;0;1.0;True;6
3;(181, 0);False;[4.5359595122161346e-05, 0.9991116078769993];484;0;1.0;True;7
3;(181, 0);False;[3.531338951109387e-05, 0.9987526022057593];424;0;1.0;True;8
3;(181, 0);False;[7.480729935586885e-05, 0.9994053802435803];338;0;1.0;True;9
3;(181, 1);False;[1.89025622986506e-05, 0.9987873257136991];336;0;1.0;True;0
3;(181, 1);False;[1.4736050918927919e-05, 0.9997864225814329];328;0;1.0;True;1
3;(181, 1);False;[1.6693690936064264e-05, 0.9995206509127686];348;0;1.0;True;2
3;(181, 1);False;[1.891531160620571e-05, 0.9994608688092039];223;0;1.0;True;3
3;(181, 1);False;[1.8904941997671236e-05, 0.9989137540611757];339;0;1.0;True;4
3;(181, 1);False;[1.6696716075546214e-05, 0.9997012315965431];264;0;1.0;True;5
3;(181, 1);False;[1.6687514985179607e-05, 0.9991506405866243];400;0;1.0;True;6
3;(181, 1);False;[1.8914121066580743e-05, 0.9993985933914601];353;0;1.0;True;7
3;(181, 1);False;[1.8911289326477682e-05, 0.9992488309125258];325;0;1.0;True;8
3;(181, 1);False;[2.142474137495567e-05, 0.9990366449950362];415;0;1.0;True;9
3;(181, 2);False;[6.592208468857322e-05, 0.9979653119957693];434;0;1.0;True;0
3;(181, 2);False;[5.13415421259386e-05, 0.9979914320420974];462;0;1.0;True;1
3;(181, 2);False;[0.0001396726260460292, 0.998791012308638];378;0;1.0;True;2
3;(181, 2);False;[2.752308584397204e-05, 0.9995151725762135];423;0;1.0;True;3
3;(181, 2);False;[6.592271337356153e-05, 0.9979740976814123];395;0;1.0;True;4
3;(181, 2);False;[5.139910602638401e-05, 0.9991104178906655];363;0;1.0;True;5
3;(181, 2);False;[5.8248483315654834e-05, 0.9992078861427669];473;0;1.0;True;6
3;(181, 2);False;[3.534934166318257e-05, 0.9997695023744665];810;0;1.0;True;7
3;(181, 2);False;[6.600877401635244e-05, 0.9992776370757488];419;0;1.0;True;8
3;(181, 2);False;[4.0020961008890385e-05, 0.9988929382221553];597;0;1.0;True;9
3;(181, 3);True;[0.9985096050429217, 0.0005522600339397314];475;0;1.0;True;0
3;(181, 3);True;[0.9983590395360059, 0.0008034125402610071];394;0;1.0;True;1
3;(181, 3);True;[0.999189914384259, 0.00048769974253315326];323;0;1.0;True;2
3;(181, 3);True;[0.9982116077090102, 0.0004299721810113698];518;0;1.0;True;3
3;(181, 3);True;[0.9986791199932034, 0.0009106774429579583];336;0;1.0;True;4
3;(181, 3);True;[0.9984537467164586, 0.0007090763597630312];448;0;1.0;True;5
3;(181, 3);True;[0.9982523520370254, 0.0008033267311264168];385;0;1.0;True;6
3;(181, 3);True;[0.9991830115119229, 0.00048769648679699044];726;0;1.0;True;7
3;(181, 3);True;[0.9987734122135171, 0.0007093032705267253];298;0;1.0;True;8
3;(181, 3);True;[0.9983187616589582, 0.00048727458786213673];396;0;1.0;True;9
2;(182, 0);False;[3.117888000836509e-05, 0.9992310957222084];397;0;1.0;True;0
2;(182, 0);False;[2.426287697580986e-05, 0.9984384164423182];317;0;1.0;True;1
2;(182, 0);False;[8.469561539508435e-05, 0.9985541774513167];366;0;1.0;True;2
2;(182, 0);False;[3.117599589555001e-05, 0.9991385020508033];380;0;1.0;True;3
2;(182, 0);False;[2.4284405682318715e-05, 0.9993238255958412];326;0;1.0;True;4
2;(182, 0);False;[4.001542718193403e-05, 0.998755575004244];328;0;1.0;True;5
2;(182, 0);False;[5.140846931852334e-05, 0.9992922788058324];299;0;1.0;True;6
2;(182, 0);False;[3.5333231114589674e-05, 0.999313230412066];366;0;1.0;True;7
2;(182, 0);False;[3.117888000836509e-05, 0.9992309766627493];371;0;1.0;True;8
2;(182, 0);False;[2.4287555566886278e-05, 0.9994539621451838];297;0;1.0;True;9
2;(182, 1);False;[2.7457543856961932e-05, 0.9971345751574806];464;0;1.0;True;0
2;(182, 1);False;[2.1438414895316667e-05, 0.9996737114689046];457;0;1.0;True;1
2;(182, 1);False;[1.8914265370423046e-05, 0.9994064518498994];321;0;1.0;True;2
2;(182, 1);False;[2.4263062087576916e-05, 0.9984461410038742];420;0;1.0;True;3
2;(182, 1);False;[2.426738947749363e-05, 0.998623599321417];316;0;1.0;True;4
2;(182, 1);False;[2.7493231754577503e-05, 0.9984306921729894];386;0;1.0;True;5
2;(182, 1);False;[1.6678796142634158e-05, 0.998628592373661];354;0;1.0;True;6
2;(182, 1);False;[2.1429134753850196e-05, 0.9992412130362276];345;0;1.0;True;7
2;(182, 1);False;[2.750254128447442e-05, 0.9987681799634525];319;0;1.0;True;8
2;(182, 1);False;[4.0007223260718545e-05, 0.9985506114645302];383;0;1.0;True;9
2;(182, 2);True;[0.9986377463869907, 0.0006258728782115296];369;0;1.0;True;0
2;(182, 2);True;[0.9981662345060022, 0.00048720024133295397];387;0;1.0;True;1
2;(182, 2);True;[0.9986423829488449, 0.0006258758626130914];330;0;1.0;True;2
2;(182, 2);True;[0.9991613512947713, 0.0005526203979899489];923;0;1.0;True;3
2;(182, 2);True;[0.9984708600721994, 0.001031717726220478];312;0;1.0;True;4
2;(182, 2);True;[0.9981773992415582, 0.0006255843537931977];280;0;1.0;True;5
2;(182, 2);True;[0.9949984430175222, 0.0027947463084041202];477;0;1.0;True;6
2;(182, 2);True;[0.9985072280168349, 0.0005522587172507752];387;0;1.0;True;7
2;(182, 2);True;[0.9925736308638748, 0.006687909610570033];395;0;1.0;True;8
2;(182, 2);True;[0.9978473134970167, 0.000803000816570788];440;0;1.0;True;9
2;(182, 3);False;[2.4262900114703505e-05, 0.998439248326036];490;0;1.0;True;0
2;(182, 3);False;[2.745767478504593e-05, 0.9971388420992999];403;0;1.0;True;1
2;(182, 3);False;[3.5308001526558605e-05, 0.9986004179772264];270;0;1.0;True;2
2;(182, 3);False;[3.530221036005409e-05, 0.998436396305618];372;0;1.0;True;3
2;(182, 3);False;[1.4726834776089658e-05, 0.9991609942576849];344;0;1.0;True;4
2;(182, 3);False;[2.143101498655321e-05, 0.9993293018656739];354;0;1.0;True;5
2;(182, 3);False;[2.4284475160660072e-05, 0.9993271589359686];433;0;1.0;True;6
2;(182, 3);False;[3.117620401847072e-05, 0.9991449283024191];340;0;1.0;True;7
2;(182, 3);False;[2.427095378988002e-05, 0.9987704393619401];463;0;1.0;True;8
2;(182, 3);False;[2.7524135786401084e-05, 0.9995529267134249];959;0;1.0;True;9
3;(183, 0);False;[1.471020132078347e-05, 0.9980329896334614];398;0;1.0;True;0
3;(183, 0);False;[1.669294269665173e-05, 0.9994756350469779];310;0;1.0;True;1
3;(183, 0);False;[3.530210935976458e-05, 0.9984331876906817];416;0;1.0;True;2
3;(183, 0);False;[2.423965665603999e-05, 0.9974823363579574];474;0;1.0;True;3
3;(183, 0);False;[2.4277644074940003e-05, 0.9990458065287025];442;0;1.0;True;4
3;(183, 0);False;[3.112397905042808e-05, 0.997471424411953];526;0;1.0;True;5
3;(183, 0);False;[3.529514103759013e-05, 0.9982358400939937];362;0;1.0;True;6
3;(183, 0);False;[2.7474831762994595e-05, 0.9977624527399613];503;0;1.0;True;7
3;(183, 0);False;[2.7506633229745146e-05, 0.9989173226239857];390;0;1.0;True;8
3;(183, 0);False;[2.4271000083094693e-05, 0.9987723420417407];387;0;1.0;True;9
3;(183, 1);False;[1.6681452679471505e-05, 0.9987873257136991];635;0;1.0;True;0
3;(183, 1);False;[1.8847642200979723e-05, 0.9958855621319755];471;0;1.0;True;1
3;(183, 1);False;[1.6647966759933905e-05, 0.9967827923032276];389;0;1.0;True;2
3;(183, 1);False;[2.4231428494157723e-05, 0.997144412901521];455;0;1.0;True;3
3;(183, 1);False;[1.6659672029164272e-05, 0.9974838782300819];382;0;1.0;True;4
3;(183, 1);False;[1.2965523738292917e-05, 0.9967883592596113];447;0;1.0;True;5
3;(183, 1);False;[1.666462979192609e-05, 0.9977807291740275];406;0;1.0;True;6
3;(183, 1);False;[1.296015848774099e-05, 0.9963756314928331];339;0;1.0;True;7
3;(183, 1);False;[1.8856631600195125e-05, 0.9963608385016737];450;0;1.0;True;8
3;(183, 1);False;[1.6664502651375694e-05, 0.9977728962760155];495;0;1.0;True;9
3;(183, 2);False;[4.002138084768147e-05, 0.9989042380722958];703;0;1.0;True;0
3;(183, 2);False;[6.599876558646437e-05, 0.999126244789942];445;0;1.0;True;1
3;(183, 2);False;[3.1154121008008444e-05, 0.9984371092809003];545;0;1.0;True;2
3;(183, 2);False;[3.110199235471296e-05, 0.9967666843472193];480;0;1.0;True;3
3;(183, 2);False;[3.519235849212366e-05, 0.9953293626716984];489;0;1.0;True;4
3;(183, 2);False;[5.129680934200021e-05, 0.997121892843441];510;0;1.0;True;5
3;(183, 2);False;[4.536011422450211e-05, 0.9991230317481299];435;0;1.0;True;6
3;(183, 2);False;[3.117269584635144e-05, 0.9990321237775858];426;0;1.0;True;7
3;(183, 2);False;[3.525621781509087e-05, 0.9971354049101211];563;0;1.0;True;8
3;(183, 2);False;[2.4287926168400974e-05, 0.9994686090767906];406;0;1.0;True;9
3;(183, 3);True;[0.9991951511119368, 0.00015833383073427478];348;0;1.0;True;0
3;(183, 3);True;[0.9985729583779624, 0.00023023094354348946];400;0;1.0;True;1
3;(183, 3);True;[0.9983861308555173, 0.00026083682850413755];424;0;1.0;True;2
3;(183, 3);True;[0.9987662772915806, 0.00017933875500361374];464;0;1.0;True;3
3;(183, 3);True;[0.9980432013023945, 0.00023010867812675234];355;0;1.0;True;4
3;(183, 3);True;[0.9982951192694823, 0.00017925411475472666];353;0;1.0;True;5
3;(183, 3);True;[0.9991442142401107, 0.00020329419338641297];350;0;1.0;True;6
3;(183, 3);True;[0.9993643035850083, 0.00012333132797739542];401;0;1.0;True;7
3;(183, 3);True;[0.999474682338606, 0.000123344972410806];415;0;1.0;True;8
3;(183, 3);True;[0.9983179299918475, 0.00015819482179727843];508;0;1.0;True;9
1;(184, 0);False;[3.1140783676343454e-05, 0.998009716853084];457;0;1.0;True;0
1;(184, 0);False;[2.4274402876131783e-05, 0.998912564543072];429;0;1.0;True;1
1;(184, 0);False;[2.4263062087576916e-05, 0.9984456656051734];470;0;1.0;True;2
1;(184, 0);False;[2.4277389393654072e-05, 0.9990355741923005];492;0;1.0;True;3
1;(184, 0);False;[1.891287649163788e-05, 0.9993322780676066];405;0;1.0;True;4
1;(184, 0);False;[2.1426743826636188e-05, 0.9991296958205129];380;0;1.0;True;5
1;(184, 0);False;[3.116443239117579e-05, 0.9987679420711344];345;0;1.0;True;6
1;(184, 0);False;[5.821238695103781e-05, 0.9985884116189171];684;0;1.0;True;7
1;(184, 0);False;[7.474454490829987e-05, 0.9985666583891074];624;0;1.0;True;8
1;(184, 0);False;[2.7474622147463015e-05, 0.9977543827991382];496;0;1.0;True;9
1;(184, 1);True;[0.9986778121678708, 0.0004874498117346503];377;0;1.0;True;0
1;(184, 1);True;[0.9970767372494694, 0.0007080981951652822];471;0;1.0;True;1
1;(184, 1);True;[0.9985414590636414, 0.0006258125963469664];353;0;1.0;True;2
1;(184, 1);True;[0.9981579205311334, 0.00048719605967768577];450;0;1.0;True;3
1;(184, 1);True;[0.9977542640898619, 0.0007085795064023932];373;0;1.0;True;4
1;(184, 1);True;[0.9989331433245814, 0.00048757441237906715];439;0;1.0;True;5
1;(184, 1);True;[0.9977579429224505, 0.0007085822094238544];517;0;1.0;True;6
1;(184, 1);True;[0.9964562322956473, 0.0007076577022047219];466;0;1.0;True;7
1;(184, 1);True;[0.9977634021900511, 0.001030986438987803];382;0;1.0;True;8
1;(184, 1);True;[0.9966162886065683, 0.0005512129421870068];396;0;1.0;True;9
1;(184, 2);False;[0.09509951934230729, 0.9022791109619763];516;0;0.9;True;0
1;(184, 2);False;[5.141234259243821e-05, 0.9993676372346665];348;0;0.9;True;1
1;(184, 2);False;[0.0066847532022746734, 0.9921053627459322];517;0;0.9;True;2
1;(184, 2);False;[5.139342025204046e-05, 0.998999881657119];450;0;0.9;True;3
1;(184, 2);False;[0.00048753884215624164, 0.9988599913276582];600;0;0.9;True;4
1;(184, 2);False;[0.0046032886531070264, 0.994033388065325];797;0;0.9;True;5
1;(184, 2);False;[0.0002957106396889005, 0.9988712905725233];550;0;0.9;True;6
1;(184, 2);False;[0.18207710401446656, 0.8160129305418203];608;0;0.9;True;7
1;(184, 2);True;[0.9453598395676085, 0.05333355815343811];543;0;0.1;False;8
1;(184, 2);False;[5.132793218555687e-05, 0.9977273258124916];410;0;0.9;True;9
1;(184, 3);False;[0.00033489716283914946, 0.9983144845544041];683;0;1.0;True;0
1;(184, 3);False;[0.0001087667772354645, 0.998695884352017];447;0;1.0;True;1
1;(184, 3);False;[0.001498232812624137, 0.9965372011125285];605;0;1.0;True;2
1;(184, 3);False;[0.00026087712966545314, 0.9985401515348288];537;0;1.0;True;3
1;(184, 3);False;[0.00037947101175980666, 0.9982691021428421];628;0;1.0;True;4
1;(184, 3);False;[0.0010308301180192057, 0.9976121123172575];565;0;1.0;True;5
1;(184, 3);False;[0.00017907778109523646, 0.997313227495939];669;0;1.0;True;6
1;(184, 3);False;[0.0003795794138217059, 0.9985544151764721];682;0;1.0;True;7
1;(184, 3);False;[9.60123448132484e-05, 0.9989668087765755];520;0;1.0;True;8
1;(184, 3);False;[0.0001233043964146564, 0.9991458803475187];509;0;1.0;True;9
1;(185, 0);False;[4.5319382756105515e-05, 0.9982255054807309];442;0;1.0;True;0
1;(185, 0);False;[5.822143670671503e-05, 0.9987440405769593];396;0;1.0;True;1
1;(185, 0);False;[4.528434494315673e-05, 0.9974538707935996];394;0;1.0;True;2
1;(185, 0);False;[2.7506580765055896e-05, 0.9989150625443547];448;0;1.0;True;3
1;(185, 0);False;[2.4267597767062147e-05, 0.9986323966151627];488;0;1.0;True;4
1;(185, 0);False;[4.0009779651096195e-05, 0.9986138511473824];415;0;1.0;True;5
1;(185, 0);False;[5.814530719876301e-05, 0.9974375039670391];516;0;1.0;True;6
1;(185, 0);False;[3.115441811827573e-05, 0.998446497494931];418;0;1.0;True;7
1;(185, 0);False;[3.5268088714276886e-05, 0.9974710686174045];342;0;1.0;True;8
1;(185, 0);False;[3.5314164101458816e-05, 0.9987738878845434];444;0;1.0;True;9
1;(185, 1);True;[0.9975549307195869, 0.0004869018077683072];631;0;1.0;True;0
1;(185, 1);True;[0.9977812040238122, 0.000487012334599404];498;0;1.0;True;1
1;(185, 1);True;[0.9969506550286066, 0.0005513977488458799];430;0;1.0;True;2
1;(185, 1);True;[0.9981768053274702, 0.0006255840554914033];532;0;1.0;True;3
1;(185, 1);True;[0.9982595984544073, 0.0008033324769874993];496;0;1.0;True;4
1;(185, 1);True;[0.9972318954100527, 0.0005515534235632418];530;0;1.0;True;5
1;(185, 1);True;[0.9967418126445501, 0.00042933911497128145];495;0;1.0;True;6
1;(185, 1);True;[0.9987407111003064, 0.0004302000260363559];391;0;1.0;True;7
1;(185, 1);True;[0.9978422096971011, 0.0006253743845245169];470;0;1.0;True;8
1;(185, 1);True;[0.9984851216778985, 0.0005522466038596692];480;0;1.0;True;9
1;(185, 2);False;[4.000272135839811e-05, 0.9984377034661024];462;0;1.0;True;0
1;(185, 2);False;[3.527824772681291e-05, 0.9977580616321644];531;0;1.0;True;1
1;(185, 2);False;[2.7493782371460117e-05, 0.9984507757462465];466;0;1.0;True;2
1;(185, 2);False;[3.9963370371915344e-05, 0.9974563615474014];505;0;1.0;True;3
1;(185, 2);False;[3.1179117885249143e-05, 0.9992383563403181];493;0;1.0;True;4
1;(185, 2);False;[2.4295455235836227e-05, 0.999778796504017];819;0;1.0;True;5
1;(185, 2);False;[2.7498738419663292e-05, 0.9986306133642553];570;0;1.0;True;6
1;(185, 2);False;[3.5327233665334385e-05, 0.9991439762582266];546;0;1.0;True;7
1;(185, 2);False;[2.4274796427189665e-05, 0.9989283851683101];492;0;1.0;True;8
1;(185, 2);False;[2.7513192104003324e-05, 0.9991558769339935];443;0;1.0;True;9
1;(185, 3);False;[4.0016037773555074e-05, 0.9987707960850586];475;0;1.0;True;0
1;(185, 3);False;[9.597325472828013e-05, 0.9985600017920407];615;0;1.0;True;1
1;(185, 3);False;[3.1172933676053903e-05, 0.9990402144039296];533;0;1.0;True;2
1;(185, 3);False;[3.116915834375713e-05, 0.9989195827087302];453;0;1.0;True;3
1;(185, 3);False;[3.999467260939458e-05, 0.9982375030597144];511;0;1.0;True;4
1;(185, 3);False;[5.13944495266306e-05, 0.999020107053392];543;0;1.0;True;5
1;(185, 3);False;[3.529544397951572e-05, 0.9982453432076096];432;0;1.0;True;6
1;(185, 3);False;[3.529561228170904e-05, 0.9982492633627541];504;0;1.0;True;7
1;(185, 3);False;[3.531433249291683e-05, 0.9987787635546916];567;0;1.0;True;8
1;(185, 3);False;[3.996359904480911e-05, 0.9974616986325037];496;0;1.0;True;9
0;(186, 0);True;[0.9983694955926853, 0.000430040255268326];393;0;1.0;True;0
0;(186, 0);True;[0.9982170717830089, 0.0004299746413389636];317;0;1.0;True;1
0;(186, 0);True;[0.9988913918462349, 0.0007093871545811516];366;0;1.0;True;2
0;(186, 0);True;[0.9983763873240835, 0.0004300431261063337];358;0;1.0;True;3
0;(186, 0);True;[0.9990400954253661, 0.00023033855570060675];437;0;1.0;True;4
0;(186, 0);True;[0.9992086003087415, 0.0003351971976303483];300;0;1.0;True;5
0;(186, 0);True;[0.9986471383477192, 0.0002956440924304323];404;0;1.0;True;6
0;(186, 0);True;[0.9993433498609243, 0.00033524227398406767];327;0;1.0;True;7
0;(186, 0);True;[0.9990454495910565, 0.0003797660681930126];316;0;1.0;True;8
0;(186, 0);True;[0.9986312077808706, 0.0004301528474911878];361;0;1.0;True;9
0;(186, 1);False;[3.5308405596881346e-05, 0.9986109980469471];470;0;1.0;True;0
0;(186, 1);False;[3.530830457886714e-05, 0.9986082638817845];452;0;1.0;True;1
0;(186, 1);False;[3.531864358764296e-05, 0.9989013833281953];380;0;1.0;True;2
0;(186, 1);False;[4.5252657131872876e-05, 0.9967564985033625];444;0;1.0;True;3
0;(186, 1);False;[2.426738947749363e-05, 0.9986241937338572];420;0;1.0;True;4
0;(186, 1);False;[2.426287697580986e-05, 0.998437941163529];424;0;1.0;True;5
0;(186, 1);False;[2.1430851481508396e-05, 0.9993210875012625];478;0;1.0;True;6
0;(186, 1);False;[2.425822650613956e-05, 0.9982467687696134];388;0;1.0;True;7
0;(186, 1);False;[3.5301974693161387e-05, 0.9984298602964005];381;0;1.0;True;8
0;(186, 1);False;[3.1164729599780556e-05, 0.9987772175880698];363;0;1.0;True;9
0;(186, 2);False;[3.117890974287635e-05, 0.9992319289061669];398;0;1.0;True;0
0;(186, 2);False;[4.0009779651096195e-05, 0.9986142076983195];420;0;1.0;True;1
0;(186, 2);False;[7.4745186448628e-05, 0.9985748603328093];402;0;1.0;True;2
0;(186, 2);False;[4.53090543696179e-05, 0.9979987933286896];376;0;1.0;True;3
0;(186, 2);False;[3.999455818388209e-05, 0.9982344145475968];492;0;1.0;True;4
0;(186, 2);False;[2.7519883766924238e-05, 0.9993981171320517];333;0;1.0;True;5
0;(186, 2);False;[3.999467260939458e-05, 0.9982367903431791];341;0;1.0;True;6
0;(186, 2);False;[4.001588512477635e-05, 0.9987666340132126];484;0;1.0;True;7
0;(186, 2);False;[5.821199834272661e-05, 0.99858175476059];429;0;1.0;True;8
0;(186, 2);False;[5.134129731097183e-05, 0.9979870389971249];605;0;1.0;True;9
0;(186, 3);False;[6.59730905201782e-05, 0.9987367871549394];396;0;1.0;True;0
0;(186, 3);False;[3.530221036005409e-05, 0.9984365150960519];460;0;1.0;True;1
0;(186, 3);False;[9.59868017140524e-05, 0.998701353750955];418;0;1.0;True;2
0;(186, 3);False;[4.5349949551222315e-05, 0.9988987665156753];386;0;1.0;True;3
0;(186, 3);False;[4.536011422450211e-05, 0.9991227937712911];982;0;1.0;True;4
0;(186, 3);False;[5.138062955929989e-05, 0.9987512941679278];535;0;1.0;True;5
0;(186, 3);False;[3.529500639756893e-05, 0.9982323951722814];374;0;1.0;True;6
0;(186, 3);False;[5.8126290380900395e-05, 0.9971115814867231];566;0;1.0;True;7
0;(186, 3);False;[5.821233143540595e-05, 0.9985876984193401];523;0;1.0;True;8
0;(186, 3);False;[5.1363629238160853e-05, 0.9984205912598088];363;0;1.0;True;9
0;(187, 0);True;[0.9990411662329479, 0.0003797644384173551];424;0;1.0;True;0
0;(187, 0);True;[0.9990569909303069, 0.0004876348644616186];349;0;1.0;True;1
0;(187, 0);True;[0.9990166568665481, 0.00043031902099811804];407;0;1.0;True;2
0;(187, 0);True;[0.9991496885369888, 0.00033517737874086254];343;0;1.0;True;3
0;(187, 0);True;[0.9989906019789699, 0.0004303077355806545];396;0;1.0;True;4
0;(187, 0);True;[0.999297040498593, 0.00037986169394076195];265;0;1.0;True;5
0;(187, 0);True;[0.9983129401199522, 0.000487271799662557];405;0;1.0;True;6
0;(187, 0);True;[0.9983054553007639, 0.0003348942884060797];511;0;1.0;True;7
0;(187, 0);True;[0.9991529017226839, 0.00033517833769240696];300;0;1.0;True;8
0;(187, 0);True;[0.998157683016572, 0.00048719605967768577];531;0;1.0;True;9
0;(187, 1);False;[2.4231544038888225e-05, 0.9971489171599041];445;0;1.0;True;0
0;(187, 1);False;[4.002580850669505e-05, 0.9990139204276992];440;0;1.0;True;1
0;(187, 1);False;[2.7506423371588557e-05, 0.9989100666643246];334;0;1.0;True;2
0;(187, 1);False;[2.1419327519309273e-05, 0.9987835203006341];488;0;1.0;True;3
0;(187, 1);False;[3.5333096329266634e-05, 0.9993102542668609];292;0;1.0;True;4
0;(187, 1);False;[2.4284475160660072e-05, 0.999326563697922];340;0;1.0;True;5
0;(187, 1);False;[1.890249019123542e-05, 0.9987836392486413];393;0;1.0;True;6
0;(187, 1);False;[3.1154061586295e-05, 0.9984349702403473];427;0;1.0;True;7
0;(187, 1);False;[2.1412220081017674e-05, 0.9984523206264065];503;0;1.0;True;8
0;(187, 1);False;[2.4280098413347222e-05, 0.9991471893673933];396;0;1.0;True;9
0;(187, 2);False;[1.892229400576741e-05, 0.9998305131175239];1120;0;1.0;True;0
0;(187, 2);False;[2.4282228794979214e-05, 0.9992349045272879];328;0;1.0;True;1
0;(187, 2);False;[2.1440418624985254e-05, 0.9997672384463482];621;0;1.0;True;2
0;(187, 2);False;[1.8909341624003545e-05, 0.9991458803475187];322;0;1.0;True;3
0;(187, 2);False;[2.7515501199866616e-05, 0.9992388324654298];569;0;1.0;True;4
0;(187, 2);False;[2.14340196138172e-05, 0.9994689663401527];336;0;1.0;True;5
0;(187, 2);False;[2.1415936895321135e-05, 0.9986259769733011];481;0;1.0;True;6
0;(187, 2);False;[2.1407911834498736e-05, 0.9982514016568146];472;0;1.0;True;7
0;(187, 2);False;[2.1435143902372752e-05, 0.9995214845708849];337;0;1.0;True;8
0;(187, 2);False;[3.114755559430541e-05, 0.9982271685454441];423;0;1.0;True;9
0;(187, 3);False;[3.53436111286537e-05, 0.9996073596194983];411;0;1.0;True;0
0;(187, 3);False;[4.0015503505377144e-05, 0.998757120937366];362;0;1.0;True;1
0;(187, 3);False;[3.5323089955295546e-05, 0.9990267697996141];406;0;1.0;True;2
0;(187, 3);False;[4.5336068720630194e-05, 0.99859376092261];377;0;1.0;True;3
0;(187, 3);False;[3.118580891597865e-05, 0.9994526522579883];328;0;1.0;True;4
0;(187, 3);False;[2.1432588786396538e-05, 0.9994026416928546];347;0;1.0;True;5
0;(187, 3);False;[3.118914009763972e-05, 0.9995592391792437];493;0;1.0;True;6
0;(187, 3);False;[2.4296868643999218e-05, 0.9998365907754261];349;0;1.0;True;7
0;(187, 3);False;[3.5302176693258815e-05, 0.9984354455177225];385;0;1.0;True;8
0;(187, 3);False;[3.5313692609648046e-05, 0.9987610450788936];359;0;1.0;True;9
3;(188, 0);False;[6.59728388532902e-05, 0.998733219934687];591;0;1.0;True;0
3;(188, 0);False;[2.1437924214556003e-05, 0.9996508387251318];678;0;1.0;True;1
3;(188, 0);False;[4.530914078986322e-05, 0.9980004556671479];478;0;1.0;True;2
3;(188, 0);False;[3.531847517562809e-05, 0.9988959117872119];376;0;1.0;True;3
3;(188, 0);False;[4.531903699797352e-05, 0.9982177844854656];432;0;1.0;True;4
3;(188, 0);False;[3.530221036005409e-05, 0.998435920911557];481;0;1.0;True;5
3;(188, 0);False;[4.534912782610648e-05, 0.9988809248582694];535;0;1.0;True;6
3;(188, 0);False;[1.8921734597156776e-05, 0.9998004834623841];283;0;1.0;True;7
3;(188, 0);False;[5.142563161052268e-05, 0.9996265376028781];355;0;1.0;True;8
3;(188, 0);False;[4.5336328136438466e-05, 0.9985988725191625];453;0;1.0;True;9
3;(188, 1);False;[1.891659242189526e-05, 0.9995293449265248];326;0;1.0;True;0
3;(188, 1);False;[1.6685732661469702e-05, 0.999043783825576];325;0;1.0;True;1
3;(188, 1);False;[2.427097693647632e-05, 0.9987713907013873];350;0;1.0;True;2
3;(188, 1);False;[1.8907430185152973e-05, 0.9990449736743936];419;0;1.0;True;3
3;(188, 1);False;[1.0124829825181065e-05, 0.999480755695503];252;0;1.0;True;4
3;(188, 1);False;[2.14372495468476e-05, 0.9996199860349345];418;0;1.0;True;5
3;(188, 1);False;[2.1432650105612634e-05, 0.999405142083144];245;0;1.0;True;6
3;(188, 1);False;[2.1407891418332785e-05, 0.9982504512775086];364;0;1.0;True;7
3;(188, 1);False;[1.8915365723423724e-05, 0.9994644412463745];324;0;1.0;True;8
3;(188, 1);False;[1.8871581467166167e-05, 0.9971506950950288];479;0;1.0;True;9
3;(188, 2);False;[5.138038455795016e-05, 0.9987464188644137];520;0;1.0;True;0
3;(188, 2);False;[3.114785264195973e-05, 0.9982364340432073];445;0;1.0;True;1
3;(188, 2);False;[7.477577292527664e-05, 0.9989835828491598];336;0;1.0;True;2
3;(188, 2);False;[4.0030236655550904e-05, 0.999125054786175];424;0;1.0;True;3
3;(188, 2);False;[1.892122933907813e-05, 0.9997740302606314];277;0;1.0;True;4
3;(188, 2);False;[3.533565733832863e-05, 0.999382400698897];460;0;1.0;True;5
3;(188, 2);False;[2.4277458851921636e-05, 0.9990380727919542];358;0;1.0;True;6
3;(188, 2);False;[3.117260666068082e-05, 0.9990301011603131];511;0;1.0;True;7
3;(188, 2);False;[4.537443513952883e-05, 0.999438005792924];399;0;1.0;True;8
3;(188, 2);False;[2.7474622147463015e-05, 0.9977545015084286];417;0;1.0;True;9
3;(188, 3);True;[0.9991158917697491, 0.0002303561298081692];474;0;1.0;True;0
3;(188, 3);True;[0.9981720543760948, 0.0002955037155751289];394;0;1.0;True;1
3;(188, 3);True;[0.9980908196860411, 0.0003794031631215529];390;0;1.0;True;2
3;(188, 3);True;[0.9986042219951458, 0.00033499426929301727];388;0;1.0;True;3
3;(188, 3);True;[0.998505445221923, 0.0005522576639018703];453;0;1.0;True;4
3;(188, 3);True;[0.9992477596497061, 0.00029582205527143635];484;0;1.0;True;5
3;(188, 3);True;[0.9990817403581757, 0.00033515468435511386];298;0;1.0;True;6
3;(188, 3);True;[0.9978837548015393, 0.00037932447389899763];470;0;1.0;True;7
3;(188, 3);True;[0.9986461872428812, 0.000295643810482389];365;0;1.0;True;8
3;(188, 3);True;[0.9985558415285932, 0.0003795799568148013];460;0;1.0;True;9
2;(189, 0);False;[2.7498161479223242e-05, 0.9986090960232699];373;0;1.0;True;0
2;(189, 0);False;[3.531834044659439e-05, 0.9988919866506465];542;0;1.0;True;1
2;(189, 0);False;[2.4282437211915166e-05, 0.9992433555489785];556;0;1.0;True;2
2;(189, 0);False;[2.7519253893980454e-05, 0.9993752570055207];423;0;1.0;True;3
2;(189, 0);False;[3.999390977882832e-05, 0.9982186159529403];457;0;1.0;True;4
2;(189, 0);False;[3.533767931870882e-05, 0.9994394346870316];283;0;1.0;True;5
2;(189, 0);False;[5.139302815285678e-05, 0.9989927433728854];342;0;1.0;True;6
2;(189, 0);False;[3.532268571692462e-05, 0.9990157050608809];376;0;1.0;True;7
2;(189, 0);False;[3.11757283109792e-05, 0.9991298148097472];475;0;1.0;True;8
2;(189, 0);False;[3.116874219337437e-05, 0.9989057844681033];336;0;1.0;True;9
2;(189, 1);False;[2.749839749884929e-05, 0.9986176552164735];440;0;1.0;True;0
2;(189, 1);False;[3.1147496185114485e-05, 0.9982250303032919];532;0;1.0;True;1
2;(189, 1);False;[3.115397245393735e-05, 0.9984328312043771];418;0;1.0;True;2
2;(189, 1);False;[3.1154269562787904e-05, 0.9984419815635024];567;0;1.0;True;3
2;(189, 1);False;[2.7474700753099948e-05, 0.9977571121871566];645;0;1.0;True;4
2;(189, 1);False;[1.890734002771514e-05, 0.9990402144039296];546;0;1.0;True;5
2;(189, 1);False;[2.7481566512925075e-05, 0.9980073422950348];556;0;1.0;True;6
2;(189, 1);False;[2.7506475835977602e-05, 0.9989117319161288];573;0;1.0;True;7
2;(189, 1);False;[3.114797146181466e-05, 0.9982402352800592];572;0;1.0;True;8
2;(189, 1);False;[4.523242135444587e-05, 0.996310190171474];526;0;1.0;True;9
2;(189, 2);True;[0.9958623895100364, 0.0019224668515678024];654;0;1.0;True;0
2;(189, 2);True;[0.9958405186370403, 0.0027971114099801827];541;0;1.0;True;1
2;(189, 2);True;[0.9961365101235532, 0.0010293055123089046];555;0;1.0;True;2
2;(189, 2);True;[0.9967639602213886, 0.001498574340995287];404;0;1.0;True;3
2;(189, 2);True;[0.9968680789695431, 0.0019244084929969606];459;0;1.0;True;4
2;(189, 2);True;[0.9973770220769987, 0.001925390607061106];495;0;1.0;True;5
2;(189, 2);True;[0.99653838490171, 0.0019237717635005682];355;0;1.0;True;6
2;(189, 2);True;[0.9970939220705296, 0.0016986692353989175];415;0;1.0;True;7
2;(189, 2);True;[0.9980928385425696, 0.0005520296611605538];395;0;1.0;True;8
2;(189, 2);True;[0.9972972207993609, 0.0011677148873037964];468;0;1.0;True;9
2;(189, 3);False;[3.111347334653095e-05, 0.997134693560865];451;0;1.0;True;0
2;(189, 3);False;[3.522785146336277e-05, 0.9963331468037735];501;0;1.0;True;1
2;(189, 3);False;[3.531840781104699e-05, 0.9988943655229748];507;0;1.0;True;2
2;(189, 3);False;[4.532837339351153e-05, 0.9984239185069679];549;0;1.0;True;3
2;(189, 3);False;[3.997469125096621e-05, 0.9977389553577339];491;0;1.0;True;4
2;(189, 3);False;[3.11328552755836e-05, 0.9977552135321595];494;0;1.0;True;5
2;(189, 3);False;[3.1101666083540055e-05, 0.9967556695301744];511;0;1.0;True;6
2;(189, 3);False;[2.74880145514458e-05, 0.9982410667662344];434;0;1.0;True;7
2;(189, 3);False;[3.114764470830425e-05, 0.9982291879101863];334;0;1.0;True;8
2;(189, 3);False;[2.7502646198543566e-05, 0.9987724608721443];556;0;1.0;True;9
1;(190, 0);False;[2.7493729931281914e-05, 0.9984481612765256];647;0;1.0;True;0
1;(190, 0);False;[3.117899894658026e-05, 0.9992345474639182];513;0;1.0;True;1
1;(190, 0);False;[2.426745890715116e-05, 0.9986269279426354];699;0;1.0;True;2
1;(190, 0);False;[2.1419225384240133e-05, 0.9987794771232754];401;0;1.0;True;3
1;(190, 0);False;[2.751295595739471e-05, 0.9991467133441065];463;0;1.0;True;4
1;(190, 0);False;[2.4252744261637008e-05, 0.9980209969523598];585;0;1.0;True;5
1;(190, 0);False;[1.8905248495835592e-05, 0.9989292179254249];683;0;1.0;True;6
1;(190, 0);False;[2.7515527440705925e-05, 0.9992399037186788];429;0;1.0;True;7
1;(190, 0);False;[1.472527590754659e-05, 0.9990554441259601];572;0;1.0;True;8
1;(190, 0);False;[2.4267412620690735e-05, 0.9986252636306393];577;0;1.0;True;9
1;(190, 1);True;[0.9967813710366504, 0.0007078885470900555];544;0;1.0;True;0
1;(190, 1);True;[0.9925768020445106, 0.002171252568535722];491;0;1.0;True;1
1;(190, 1);True;[0.9978444649099136, 0.000625375875535016];489;0;1.0;True;2
1;(190, 1);True;[0.9964522077035693, 0.0010296319534546252];449;0;1.0;True;3
1;(190, 1);True;[0.9988897266283389, 0.0007093858015338226];389;0;1.0;True;4
1;(190, 1);True;[0.9964494853652074, 0.0013220698155920944];364;0;1.0;True;5
1;(190, 1);True;[0.9982529459960637, 0.0005521181129397535];466;0;1.0;True;6
1;(190, 1);True;[0.9973410920304655, 0.0007082859520806741];560;0;1.0;True;7
1;(190, 1);True;[0.997759604395113, 0.0007085832230595607];461;0;1.0;True;8
1;(190, 1);True;[0.9987063475407602, 0.0007092555828058913];590;0;1.0;True;9
1;(190, 2);False;[3.985277011223389e-05, 0.9946951067168269];431;0;1.0;True;0
1;(190, 2);False;[2.7457727156454334e-05, 0.9971410940972837];558;0;1.0;True;1
1;(190, 2);False;[1.889627196154817e-05, 0.9984554105101331];320;0;1.0;True;2
1;(190, 2);False;[2.4239379256771387e-05, 0.9974716615309751];473;0;1.0;True;3
1;(190, 2);False;[2.746663174794979e-05, 0.9974640707311023];392;0;1.0;True;4
1;(190, 2);False;[2.1332220284844627e-05, 0.9947224714913591];488;0;1.0;True;5
1;(190, 2);False;[6.59506330307579e-05, 0.9983970628037208];439;0;1.0;True;6
1;(190, 2);False;[3.11685638449112e-05, 0.9989000749792221];315;0;1.0;True;7
1;(190, 2);False;[1.8864545818058442e-05, 0.9967788835929359];455;0;1.0;True;8
1;(190, 2);False;[2.420075931194799e-05, 0.995882251923148];551;0;1.0;True;9
1;(190, 3);False;[3.527797857616936e-05, 0.9977507039796762];606;0;1.0;True;0
1;(190, 3);False;[2.1397481710373954e-05, 0.9977647075402059];634;0;1.0;True;1
1;(190, 3);False;[2.4282483527032753e-05, 0.9992447838739765];330;0;1.0;True;2
1;(190, 3);False;[3.526788690923188e-05, 0.9974654941323136];540;0;1.0;True;3
1;(190, 3);False;[7.473135891027269e-05, 0.9983908838718741];669;0;1.0;True;4
1;(190, 3);False;[3.1168920542858056e-05, 0.9989112560631652];413;0;1.0;True;5
1;(190, 3);False;[2.7493756151358513e-05, 0.9984494684524129];560;0;1.0;True;6
1;(190, 3);False;[2.427113896326851e-05, 0.9987779311555491];410;0;1.0;True;7
1;(190, 3);False;[2.423949483941417e-05, 0.9974761686610499];511;0;1.0;True;8
1;(190, 3);False;[3.114755559430541e-05, 0.998226930898196];529;0;1.0;True;9
2;(191, 0);False;[1.6695362655913006e-05, 0.9996208198631803];250;0;1.0;True;0
2;(191, 0);False;[2.142472094273983e-05, 0.9990349793023876];456;0;1.0;True;1
2;(191, 0);False;[1.890245413763098e-05, 0.998781855495114];360;0;1.0;True;2
2;(191, 0);False;[1.1475802270379664e-05, 0.999730421280595];377;0;1.0;True;3
2;(191, 0);False;[1.669381829930445e-05, 0.9995279157584224];306;0;1.0;True;4
2;(191, 0);False;[2.4271092669788942e-05, 0.9987765041373733];345;0;1.0;True;5
2;(191, 0);False;[2.1427132078723867e-05, 0.9991479034318279];321;0;1.0;True;6
2;(191, 0);False;[1.668762638673257e-05, 0.9991574240101543];336;0;1.0;True;7
2;(191, 0);False;[1.6692815340091838e-05, 0.9994678946086261];314;0;1.0;True;8
2;(191, 0);False;[2.143095367201522e-05, 0.9993264446852564];363;0;1.0;True;9
2;(191, 1);False;[1.4728155028050285e-05, 0.9992507353761337];244;0;1.0;True;0
2;(191, 1);False;[2.1397461304154942e-05, 0.9977639955096997];348;0;1.0;True;1
2;(191, 1);False;[1.6683695953182764e-05, 0.9989216048696697];417;0;1.0;True;2
2;(191, 1);False;[1.669469394788556e-05, 0.999580440199522];226;0;1.0;True;3
2;(191, 1);False;[1.891127129127536e-05, 0.999247878653001];352;0;1.0;True;4
2;(191, 1);False;[1.6678732518197472e-05, 0.9986247881466515];446;0;1.0;True;5
2;(191, 1);False;[1.891273219839184e-05, 0.9993247779859099];354;0;1.0;True;6
2;(191, 1);False;[1.891280434487725e-05, 0.9993287065681824];380;0;1.0;True;7
2;(191, 1);False;[1.8915041022438096e-05, 0.9994469365018759];416;0;1.0;True;8
2;(191, 1);False;[2.4274449175925077e-05, 0.9989143488789032];396;0;1.0;True;9
2;(191, 2);True;[0.9967618283625603, 0.0014985707681198957];387;0;1.0;True;0
2;(191, 2);True;[0.9971599405016475, 0.000624946611392399];406;0;1.0;True;1
2;(191, 2);True;[0.9979345632859805, 0.0007087075733717337];385;0;1.0;True;2
2;(191, 2);True;[0.9985085353862945, 0.0005522595072637722];405;0;1.0;True;3
2;(191, 2);True;[0.9985105559014378, 0.0005522605606161928];333;0;1.0;True;4
2;(191, 2);True;[0.9982566285267466, 0.0008033301786381347];454;0;1.0;True;5
2;(191, 2);True;[0.9978373431292425, 0.0006253714025141832];344;0;1.0;True;6
2;(191, 2);True;[0.9970659525465355, 0.0004294787600198001];456;0;1.0;True;7
2;(191, 2);True;[0.9982694584544741, 0.0003794711927057287];348;0;1.0;True;8
2;(191, 2);True;[0.99816148360494, 0.000625574509909087];378;0;1.0;True;9
2;(191, 3);False;[2.1418898555291626e-05, 0.9987638989568379];366;0;1.0;True;0
2;(191, 3);False;[2.141583477641971e-05, 0.9986208650054977];357;0;1.0;True;1
2;(191, 3);False;[2.4274287127034908e-05, 0.9989074497127689];435;0;1.0;True;2
2;(191, 3);False;[3.5333130025549195e-05, 0.9993112066439958];279;0;1.0;True;3
2;(191, 3);False;[2.750978129423245e-05, 0.9990312909346835];422;0;1.0;True;4
2;(191, 3);False;[4.00018439279584e-05, 0.9984160755617838];389;0;1.0;True;5
2;(191, 3);False;[2.7512562384217795e-05, 0.9991323138777265];417;0;1.0;True;6
2;(191, 3);False;[2.1411913778943295e-05, 0.9984382976516581];369;0;1.0;True;7
2;(191, 3);False;[2.1432323071820697e-05, 0.9993901397770701];369;0;1.0;True;8
2;(191, 3);False;[2.744696693069058e-05, 0.9967505766515146];430;0;1.0;True;9
1;(192, 0);False;[0.0006255783877843363, 0.9981678973557666];466;0;1.0;True;0
1;(192, 0);False;[0.0599855367397598, 0.9383317534889002];811;0;1.0;True;1
1;(192, 0);False;[0.00010879437240524431, 0.9989499163667025];423;0;1.0;True;2
1;(192, 0);False;[5.13936163027541e-05, 0.9990039266570961];333;0;1.0;True;3
1;(192, 0);False;[8.468018934174379e-05, 0.9983719908411947];439;0;1.0;True;4
1;(192, 0);False;[0.00010879426865089506, 0.9989483699025749];398;0;1.0;True;5
1;(192, 0);False;[7.468056111646735e-05, 0.9977121364302305];512;0;1.0;True;6
1;(192, 0);False;[8.464539008841979e-05, 0.9979622251390481];556;0;1.0;True;7
1;(192, 0);False;[5.138048255834986e-05, 0.9987490348127501];469;0;1.0;True;8
1;(192, 0);False;[4.537430532241429e-05, 0.9994352670946236];417;0;1.0;True;9
1;(192, 1);True;[0.9991166057536598, 0.0002303561298081692];460;0;1.0;True;0
1;(192, 1);True;[0.9975180392401414, 0.00026061006404642185];495;0;1.0;True;1
1;(192, 1);True;[0.9985044943682738, 0.0002956020851365837];351;0;1.0;True;2
1;(192, 1);True;[0.997707864479912, 0.0003346937777645115];421;0;1.0;True;3
1;(192, 1);True;[0.9989273145979014, 0.00033510290855162656];567;0;1.0;True;4
1;(192, 1);True;[0.9987235884687673, 0.00033503452561590513];395;0;1.0;True;5
1;(192, 1);True;[0.9983030792255417, 0.0003348933302672056];413;0;1.0;True;6
1;(192, 1);True;[0.9955540366160736, 0.00033397127676129944];422;0;1.0;True;7
1;(192, 1);True;[0.9987372628085228, 0.00020321142499544733];410;0;1.0;True;8
1;(192, 1);True;[0.9977823906846339, 0.00026067916652695286];404;0;1.0;True;9
1;(192, 2);False;[8.469569616715599e-05, 0.9985553660776598];433;0;1.0;True;0
1;(192, 2);False;[5.141263677706394e-05, 0.9993740664143128];431;0;1.0;True;1
1;(192, 2);False;[4.5355312754515545e-05, 0.9990174895809497];368;0;1.0;True;2
1;(192, 2);False;[7.468070355846933e-05, 0.997713797826616];309;0;1.0;True;3
1;(192, 2);False;[4.5349906302160804e-05, 0.9988982907851751];384;0;1.0;True;4
1;(192, 2);False;[4.003435985521193e-05, 0.9992282391133855];461;0;1.0;True;5
1;(192, 2);False;[4.538313373232867e-05, 0.9996298730000804];630;0;1.0;True;6
1;(192, 2);False;[4.0009550713955635e-05, 0.9986085016198162];487;0;1.0;True;7
1;(192, 2);False;[5.824837221559577e-05, 0.999206219873801];473;0;1.0;True;8
1;(192, 2);False;[0.0001087303747717224, 0.9983623664618185];440;0;1.0;True;9
1;(192, 3);False;[3.528696258838647e-05, 0.9980053237276238];453;0;1.0;True;0
1;(192, 3);False;[4.53595518639011e-05, 0.9991102989037413];404;0;1.0;True;1
1;(192, 3);False;[3.530200835976403e-05, 0.9984306921729894];306;0;1.0;True;2
1;(192, 3);False;[5.140802807798543e-05, 0.9992839460871376];392;0;1.0;True;3
1;(192, 3);False;[5.825276082906116e-05, 0.9992814462327292];316;0;1.0;True;4
1;(192, 3);False;[3.5302143026495644e-05, 0.9984347325436281];539;0;1.0;True;5
1;(192, 3);False;[3.53401058478922e-05, 0.9995077887889182];435;0;1.0;True;6
1;(192, 3);False;[4.534285725639289e-05, 0.9987426137234741];336;0;1.0;True;7
1;(192, 3);False;[2.751773176055038e-05, 0.9993204922668324];498;0;1.0;True;8
1;(192, 3);False;[5.1415970987138134e-05, 0.9994383630453468];556;0;1.0;True;9
2;(193, 0);False;[1.6678764330385477e-05, 0.9986269279426354];403;0;1.0;True;0
2;(193, 0);False;[1.6694725790517604e-05, 0.9995823459351593];238;0;1.0;True;1
2;(193, 0);False;[1.6692847179140718e-05, 0.9994694426915007];209;0;1.0;True;2
2;(193, 0);False;[1.6693786458403305e-05, 0.9995263674977084];204;0;1.0;True;3
2;(193, 0);False;[1.8902580325547375e-05, 0.9987888716959669];257;0;1.0;True;4
2;(193, 0);False;[5.8209444695504614e-05, 0.9985377743197786];222;0;1.0;True;5
2;(193, 0);False;[1.4730276106109277e-05, 0.9993946642435849];305;0;1.0;True;6
2;(193, 0);False;[1.890741215363101e-05, 0.9990442597416722];360;0;1.0;True;7
2;(193, 0);False;[1.6694534735636362e-05, 0.999571387975771];277;0;1.0;True;8
2;(193, 0);False;[1.891112701027598e-05, 0.9992397846581703];306;0;1.0;True;9
2;(193, 1);False;[1.8911199150638074e-05, 0.9992438316764722];280;0;1.0;True;0
2;(193, 1);False;[3.5308270906259964e-05, 0.9986074316247393];260;0;1.0;True;1
2;(193, 1);False;[2.426734319116563e-05, 0.9986218160862189];303;0;1.0;True;2
2;(193, 1);False;[3.5294434183208766e-05, 0.9982164778453156];270;0;1.0;True;3
2;(193, 1);False;[2.1415916471501893e-05, 0.9986249069594996];342;0;1.0;True;4
2;(193, 1);False;[1.6681389044900955e-05, 0.9987835203006341];361;0;1.0;True;5
2;(193, 1);False;[2.1424843536327167e-05, 0.9990411662329479];365;0;1.0;True;6
2;(193, 1);False;[1.4729405162926261e-05, 0.9993354924221848];303;0;1.0;True;7
2;(193, 1);False;[1.8911108975228458e-05, 0.9992391895303306];293;0;1.0;True;8
2;(193, 1);False;[2.4274171378489963e-05, 0.9989024538708129];197;0;1.0;True;9
2;(193, 2);True;[0.9990505658258064, 0.0002957636626307465];360;0;1.0;True;0
2;(193, 2);True;[0.9989606227135314, 0.00020325697251561531];332;0;1.0;True;1
2;(193, 2);True;[0.9991897953878672, 0.000230373046153066];321;0;1.0;True;2
2;(193, 2);True;[0.9989656191952937, 0.00020325794172269766];331;0;1.0;True;3
2;(193, 2);True;[0.9991218417481897, 0.00029578481805297264];320;0;1.0;True;4
2;(193, 2);True;[0.9987078932814203, 0.00023026190433767768];391;0;1.0;True;5
2;(193, 2);True;[0.9988610618259152, 0.00020323662023442486];327;0;1.0;True;6
2;(193, 2);True;[0.9994383630453468, 0.00020335411003758976];423;0;1.0;True;7
2;(193, 2);True;[0.9993606128380529, 0.0002304123759633795];288;0;1.0;True;8
2;(193, 2);True;[0.9991405251201729, 0.0002032934178820885];384;0;1.0;True;9
2;(193, 3);False;[3.118146701693104e-05, 0.9993140637226783];431;0;1.0;True;0
2;(193, 3);False;[2.4295061349850883e-05, 0.9997628297719523];731;0;1.0;True;1
2;(193, 3);False;[4.0025923021615565e-05, 0.9990176085568211];381;0;1.0;True;2
2;(193, 3);False;[2.7519883766924238e-05, 0.9993979981108645];442;0;1.0;True;3
2;(193, 3);False;[2.1415855200161037e-05, 0.9986224104975978];383;0;1.0;True;4
2;(193, 3);False;[2.428426672623234e-05, 0.9993183494141861];435;0;1.0;True;5
2;(193, 3);False;[2.427998263709197e-05, 0.9991423101539938];424;0;1.0;True;6
2;(193, 3);False;[3.5322281483179815e-05, 0.9990035697344128];438;0;1.0;True;7
2;(193, 3);False;[2.1430851481508396e-05, 0.9993215636657946];461;0;1.0;True;8
2;(193, 3);False;[2.427752831038792e-05, 0.9990408092969598];513;0;1.0;True;9
2;(194, 0);False;[5.1399253080616285e-05, 0.9991137498210781];400;0;1.0;True;0
2;(194, 0);False;[8.476753302100552e-05, 0.9994018081920331];477;0;1.0;True;1
2;(194, 0);False;[5.827265261449568e-05, 0.9996228448983105];390;0;1.0;True;2
2;(194, 0);False;[6.601815436279151e-05, 0.9994191922498158];359;0;1.0;True;3
2;(194, 0);False;[3.532285414901697e-05, 0.9990204639819836];376;0;1.0;True;4
2;(194, 0);False;[7.48024482707615e-05, 0.9993400164086216];318;0;1.0;True;5
2;(194, 0);False;[6.59817736157404e-05, 0.998868673838837];394;0;1.0;True;6
2;(194, 0);False;[0.00010886017258440134, 0.9995534031338797];459;0;1.0;True;7
2;(194, 0);False;[7.481179402429541e-05, 0.9994647984500703];358;0;1.0;True;8
2;(194, 0);False;[4.001557982896583e-05, 0.998759023475524];490;0;1.0;True;9
2;(194, 1);False;[6.595038144953827e-05, 0.9983934979591557];450;0;1.0;True;0
2;(194, 1);False;[4.535985467258915e-05, 0.9991172007503346];381;0;1.0;True;1
2;(194, 1);False;[5.826726227000194e-05, 0.9995299404017163];282;0;1.0;True;2
2;(194, 1);False;[4.5349430565206334e-05, 0.9988874667274305];374;0;1.0;True;3
2;(194, 1);False;[2.143708599423705e-05, 0.9996120051634078];376;0;1.0;True;4
2;(194, 1);False;[3.533562363963584e-05, 0.9993812100991787];321;0;1.0;True;5
2;(194, 1);False;[5.140371392560591e-05, 0.999199911876589];362;0;1.0;True;6
2;(194, 1);False;[3.117861239903984e-05, 0.9992220498028976];340;0;1.0;True;7
2;(194, 1);False;[2.7529228575410048e-05, 0.999737570044111];266;0;1.0;True;8
2;(194, 1);False;[3.535085872490102e-05, 0.9998116847948291];315;0;1.0;True;9
2;(194, 2);True;[0.998912564543072, 0.0004302740862746642];374;0;1.0;True;0
2;(194, 2);True;[0.9988667708592391, 0.0005524575728392136];297;0;1.0;True;1
2;(194, 2);True;[0.9991025641443507, 0.00037978779920346456];361;0;1.0;True;2
2;(194, 2);True;[0.9988574936966577, 0.0004875376797744473];421;0;1.0;True;3
2;(194, 2);True;[0.9987950556489675, 0.0006259716694637661];265;0;1.0;True;4
2;(194, 2);True;[0.9988327554052794, 0.0004302398241365448];360;0;1.0;True;5
2;(194, 2);True;[0.9984577872966285, 0.0007090790646798411];345;0;1.0;True;6
2;(194, 2);True;[0.998929455739866, 0.00048757278492660275];394;0;1.0;True;7
2;(194, 2);True;[0.9989319537833888, 0.000552493664243038];342;0;1.0;True;8
2;(194, 2);True;[0.9989122077693192, 0.0006260448029408317];423;0;1.0;True;9
2;(194, 3);False;[2.7517548060485366e-05, 0.999313706631022];287;0;1.0;True;0
2;(194, 3);False;[4.002561764922226e-05, 0.9990096373210704];429;0;1.0;True;1
2;(194, 3);False;[2.7530121223102244e-05, 0.9997704556111892];328;0;1.0;True;2
2;(194, 3);False;[4.002588484993899e-05, 0.9990158240365397];361;0;1.0;True;3
2;(194, 3);False;[2.4288968515479508e-05, 0.999511599754084];383;0;1.0;True;4
2;(194, 3);False;[4.537616606988006e-05, 0.9994763495206755];357;0;1.0;True;5
2;(194, 3);False;[6.60178395644509e-05, 0.9994146675559106];419;0;1.0;True;6
2;(194, 3);False;[8.47549228224778e-05, 0.9992534731034581];337;0;1.0;True;7
2;(194, 3);False;[2.4274449175925077e-05, 0.9989148246170512];362;0;1.0;True;8
2;(194, 3);False;[3.530210935976458e-05, 0.9984331876906817];410;0;1.0;True;9
2;(195, 0);False;[4.539153097053655e-05, 0.9998152597371771];915;0;1.0;True;0
2;(195, 0);False;[2.7512667336514472e-05, 0.999136240947331];367;0;1.0;True;1
2;(195, 0);False;[2.4290312051032552e-05, 0.9995671001227027];512;0;1.0;True;2
2;(195, 0);False;[3.118768266188177e-05, 0.9995130288988571];343;0;1.0;True;3
2;(195, 0);False;[1.892074213870837e-05, 0.9997479359074758];705;0;1.0;True;4
2;(195, 0);False;[2.4286119539428223e-05, 0.9993946642435849];449;0;1.0;True;5
2;(195, 0);False;[2.143896692459689e-05, 0.9996995636611218];337;0;1.0;True;6
2;(195, 0);False;[2.4282414054389498e-05, 0.999242522355492];451;0;1.0;True;7
2;(195, 0);False;[2.4282298267092437e-05, 0.9992371660866947];470;0;1.0;True;8
2;(195, 0);False;[2.1433999172752945e-05, 0.9994677755209522];441;0;1.0;True;9
2;(195, 1);False;[2.143250702771464e-05, 0.9993987124708908];349;0;1.0;True;0
2;(195, 1);False;[1.8909503924881086e-05, 0.9991543298020699];388;0;1.0;True;1
2;(195, 1);False;[2.7488040766071788e-05, 0.9982417794858229];364;0;1.0;True;2
2;(195, 1);False;[2.750978129423245e-05, 0.9990317668448283];348;0;1.0;True;3
2;(195, 1);False;[2.750191180846402e-05, 0.9987453486052911];343;0;1.0;True;4
2;(195, 1);False;[2.1432466148490648e-05, 0.9993968074343919];370;0;1.0;True;5
2;(195, 1);False;[2.1422310078074263e-05, 0.9989227943985387];342;0;1.0;True;6
2;(195, 1);False;[4.533468519472217e-05, 0.9985632111632573];413;0;1.0;True;7
2;(195, 1);False;[2.4246315190950262e-05, 0.9977566375811457];594;0;1.0;True;8
2;(195, 1);False;[2.751531751469215e-05, 0.9992325240296822];388;0;1.0;True;9
2;(195, 2);True;[0.9989442062766974, 0.0002303163703046552];350;0;1.0;True;0
2;(195, 2);True;[0.9993364448815415, 0.0003798767282084331];315;0;1.0;True;1
2;(195, 2);True;[0.998592691059579, 0.0002031819699078251];467;0;1.0;True;2
2;(195, 2);True;[0.9981319104660415, 0.0003348358469509733];350;0;1.0;True;3
2;(195, 2);True;[0.9990861430487412, 0.00026101972633514934];337;0;1.0;True;4
2;(195, 2);True;[0.9995871103483321, 0.00023046467962985684];289;0;1.0;True;5
2;(195, 2);True;[0.9995847281389071, 0.0002611499480520506];264;0;1.0;True;6
2;(195, 2);True;[0.9987092011461458, 0.00023026234352782493];408;0;1.0;True;7
2;(195, 2);True;[0.9991933658673906, 0.00023037392495817144];342;0;1.0;True;8
2;(195, 2);True;[0.9991195807405769, 0.0002957839718070307];410;0;1.0;True;9
2;(195, 3);False;[2.7517679274692383e-05, 0.9993182303443308];372;0;1.0;True;0
2;(195, 3);False;[3.528713085013726e-05, 0.9980099543324364];350;0;1.0;True;1
2;(195, 3);False;[2.7531013899738946e-05, 0.9998028667097628];1285;0;1.0;True;2
2;(195, 3);False;[3.117248774685024e-05, 0.9990254610538075];405;0;1.0;True;3
2;(195, 3);False;[1.8915582193844086e-05, 0.9994753968697998];467;0;1.0;True;4
2;(195, 3);False;[2.4293926067151775e-05, 0.9997160049351446];949;0;1.0;True;5
2;(195, 3);False;[4.521051306654531e-05, 0.9958278692437994];454;0;1.0;True;6
2;(195, 3);False;[2.75126935746512e-05, 0.9991374309644212];421;0;1.0;True;7
2;(195, 3);False;[2.4267412620690735e-05, 0.9986252636306393];500;0;1.0;True;8
2;(195, 3);False;[2.1429134753850196e-05, 0.9992408559124402];391;0;1.0;True;9
2;(196, 0);False;[2.4274518625780598e-05, 0.9989175605518842];502;0;1.0;True;0
2;(196, 0);False;[6.59226505047929e-05, 0.9979736227398284];490;0;1.0;True;1
2;(196, 0);False;[2.4239471722841523e-05, 0.9974746268008426];459;0;1.0;True;2
2;(196, 0);False;[2.750991247140455e-05, 0.9990360501044858];465;0;1.0;True;3
2;(196, 0);False;[2.426280755926132e-05, 0.9984348513338641];529;0;1.0;True;4
2;(196, 0);False;[4.002638108457393e-05, 0.9990289113873596];515;0;1.0;True;5
2;(196, 0);False;[5.1341346273871795e-05, 0.9979881076303725];597;0;1.0;True;6
2;(196, 0);False;[3.532696414095921e-05, 0.9991367169656284];394;0;1.0;True;7
2;(196, 0);False;[8.472098161129686e-05, 0.9988536876674046];422;0;1.0;True;8
2;(196, 0);False;[0.00013973138056887777, 0.9992112187471968];401;0;1.0;True;9
2;(196, 1);False;[3.118616581128081e-05, 0.9994638458102044];491;0;1.0;True;0
2;(196, 1);False;[4.003775799635025e-05, 0.999312516171309];441;0;1.0;True;1
2;(196, 1);False;[4.5343678867886144e-05, 0.9987608071882749];543;0;1.0;True;2
2;(196, 1);False;[6.599014318786076e-05, 0.9989954797537273];548;0;1.0;True;3
2;(196, 1);False;[5.1419060227672245e-05, 0.9994982615559317];536;0;1.0;True;4
2;(196, 1);False;[7.475666382263159e-05, 0.998728582602287];516;0;1.0;True;5
2;(196, 1);False;[5.1372202183973626e-05, 0.9985876984193401];482;0;1.0;True;6
2;(196, 1);False;[4.536863700393795e-05, 0.9993106114154511];593;0;1.0;True;7
2;(196, 1);False;[0.00012324596692157047, 0.9986722240793665];566;0;1.0;True;8
2;(196, 1);False;[0.00017939588837776894, 0.9990844771572558];619;0;1.0;True;9
2;(196, 2);True;[0.9986293056024448, 0.0006258675063245797];373;0;1.0;True;0
2;(196, 2);True;[0.9980320396944657, 0.001031264237551092];466;0;1.0;True;1
2;(196, 2);True;[0.9988634406245956, 0.0005524557288161977];343;0;1.0;True;2
2;(196, 2);True;[0.9979963000585578, 0.0008031206734112629];344;0;1.0;True;3
2;(196, 2);True;[0.9983453756047644, 0.0007089992739714021];391;0;1.0;True;4
2;(196, 2);True;[0.9979927381553048, 0.0008031176097548695];394;0;1.0;True;5
2;(196, 2);True;[0.9974718988822957, 0.0013234258964299817];375;0;1.0;True;6
2;(196, 2);True;[0.997767674378169, 0.0011682657021136237];396;0;1.0;True;7
2;(196, 2);True;[0.9977604351324819, 0.0010309834893161604];319;0;1.0;True;8
2;(196, 2);True;[0.99783781800597, 0.0013239119008018555];414;0;1.0;True;9
2;(196, 3);False;[4.534981980416151e-05, 0.998896387632866];462;0;1.0;True;0
2;(196, 3);False;[3.530837192417783e-05, 0.998610760308321];424;0;1.0;True;1
2;(196, 3);False;[5.824864996614075e-05, 0.9992107426934044];461;0;1.0;True;2
2;(196, 3);False;[3.996298925333346e-05, 0.9974463988017483];557;0;1.0;True;3
2;(196, 3);False;[3.998513827300605e-05, 0.9979991495438404];486;0;1.0;True;4
2;(196, 3);False;[2.750988623592009e-05, 0.9990354552142896];600;0;1.0;True;5
2;(196, 3);False;[7.476685948980333e-05, 0.9988647489255856];427;0;1.0;True;6
2;(196, 3);False;[0.0001395485367541717, 0.9979042911289928];503;0;1.0;True;7
2;(196, 3);False;[5.8253094154985986e-05, 0.9992864458896337];592;0;1.0;True;8
2;(196, 3);False;[4.534986305314053e-05, 0.9988967444009685];485;0;1.0;True;9
2;(197, 0);False;[2.7506292211053742e-05, 0.9989051897717635];463;0;1.0;True;0
2;(197, 0);False;[3.532255097182901e-05, 0.9990115409217495];398;0;1.0;True;1
2;(197, 0);False;[4.000859682330377e-05, 0.9985844888531713];391;0;1.0;True;2
2;(197, 0);False;[3.117852319644185e-05, 0.999219669335916];440;0;1.0;True;3
2;(197, 0);False;[5.135256000775709e-05, 0.9982054309707754];450;0;1.0;True;4
2;(197, 0);False;[2.4282182480347492e-05, 0.9992327620908201];281;0;1.0;True;5
2;(197, 0);False;[3.5326526168235244e-05, 0.9991243407380698];320;0;1.0;True;6
2;(197, 0);False;[2.7512667336514472e-05, 0.99913647898553];375;0;1.0;True;7
2;(197, 0);False;[3.528682797956351e-05, 0.9980015243147619];330;0;1.0;True;8
2;(197, 0);False;[3.1187236521693674e-05, 0.9994980233733616];351;0;1.0;True;9
2;(197, 1);False;[3.998513827300605e-05, 0.9979995057591183];419;0;1.0;True;0
2;(197, 1);False;[4.0026075708685895e-05, 0.9990205829582092];411;0;1.0;True;1
2;(197, 1);False;[3.114779323220224e-05, 0.9982345333139997];482;0;1.0;True;2
2;(197, 1);False;[2.7502593741458968e-05, 0.9987704393619401];508;0;1.0;True;3
2;(197, 1);False;[3.114770411777846e-05, 0.9982319199915627];479;0;1.0;True;4
2;(197, 1);False;[3.11642837879363e-05, 0.998762472074982];368;0;1.0;True;5
2;(197, 1);False;[3.1185243840103207e-05, 0.9994344335665926];423;0;1.0;True;6
2;(197, 1);False;[3.530184002707191e-05, 0.9984260575238436];533;0;1.0;True;7
2;(197, 1);False;[3.5313692609648046e-05, 0.9987611639079531];354;0;1.0;True;8
2;(197, 1);False;[3.532268571692462e-05, 0.9990154671096059];424;0;1.0;True;9
2;(197, 2);True;[0.9956671202941819, 0.002796624627513168];345;0;1.0;True;0
2;(197, 2);True;[0.9979357503615424, 0.0013240413216569417];489;0;1.0;True;1
2;(197, 2);True;[0.9948685201628179, 0.004065800639458735];354;0;1.0;True;2
2;(197, 2);True;[0.9969796842291911, 0.0021808838361220763];402;0;1.0;True;3
2;(197, 2);True;[0.9916874762644404, 0.007571629065746263];337;0;1.0;True;4
2;(197, 2);True;[0.9948717060877837, 0.00460717108314768];434;0;1.0;True;5
2;(197, 2);True;[0.995043883049409, 0.003588687855376375];402;0;1.0;True;6
2;(197, 2);True;[0.9976418920003707, 0.001699602598611107];328;0;1.0;True;7
2;(197, 2);True;[0.9879569384360438, 0.010975212529290377];428;0;1.0;True;8
2;(197, 2);True;[0.9972347406231211, 0.0019251161153914361];425;0;1.0;True;9
2;(197, 3);False;[6.59966256160185e-05, 0.9990932825819093];490;0;1.0;True;0
2;(197, 3);False;[2.750637090729958e-05, 0.9989073307500167];400;0;1.0;True;1
2;(197, 3);False;[2.750639713943156e-05, 0.9989082823361427];444;0;1.0;True;2
2;(197, 3);False;[4.5336025484806466e-05, 0.998592691059579];453;0;1.0;True;3
2;(197, 3);False;[5.137950256276424e-05, 0.9987298904941064];461;0;1.0;True;4
2;(197, 3);False;[4.5343116711045575e-05, 0.9987489159851337];422;0;1.0;True;5
2;(197, 3);False;[4.5367685142038035e-05, 0.9992895409140229];343;0;1.0;True;6
2;(197, 3);False;[3.533791522395641e-05, 0.9994462220492041];303;0;1.0;True;7
2;(197, 3);False;[3.5302143026495644e-05, 0.9984346137534063];360;0;1.0;True;8
2;(197, 3);False;[3.996306547675906e-05, 0.9974484150774939];502;0;1.0;True;9
3;(198, 0);False;[5.1363286350087355e-05, 0.9984144119498866];437;0;1.0;True;0
3;(198, 0);False;[2.75221934243978e-05, 0.9994821847089076];399;0;1.0;True;1
3;(198, 0);False;[8.46796240423789e-05, 0.9983654557184913];398;0;1.0;True;2
3;(198, 0);False;[7.478361762749456e-05, 0.9990888798598818];575;0;1.0;True;3
3;(198, 0);False;[5.825220529009156e-05, 0.9992720423155108];403;0;1.0;True;4
3;(198, 0);False;[5.8221214609983244e-05, 0.9987403543879331];476;0;1.0;True;5
3;(198, 0);False;[5.13933712394789e-05, 0.9989992867884597];508;0;1.0;True;6
3;(198, 0);False;[0.00010880547469235523, 0.9990513986847772];545;0;1.0;True;7
3;(198, 0);False;[9.591149373015661e-05, 0.9979177055248466];355;0;1.0;True;8
3;(198, 0);False;[7.477377622338002e-05, 0.9989570538797409];451;0;1.0;True;9
3;(198, 1);False;[2.4277227325135896e-05, 0.9990290303645912];502;0;1.0;True;0
3;(198, 1);False;[3.5318609905175744e-05, 0.9989000749792221];626;0;1.0;True;1
3;(198, 1);False;[2.749831882541552e-05, 0.9986153965123736];599;0;1.0;True;2
3;(198, 1);False;[2.7481854807542976e-05, 0.9980169597663849];482;0;1.0;True;3
3;(198, 1);False;[4.0015465343637385e-05, 0.9987562885562609];540;0;1.0;True;4
3;(198, 1);False;[3.119178745107357e-05, 0.9996445250989693];621;0;1.0;True;5
3;(198, 1);False;[2.75178367325667e-05, 0.9993244208322567];474;0;1.0;True;6
3;(198, 1);False;[4.536374810723059e-05, 0.9992034824504236];545;0;1.0;True;7
3;(198, 1);False;[2.7519568828650265e-05, 0.9993871632282983];587;0;1.0;True;8
3;(198, 1);False;[3.53137599652356e-05, 0.998762709849726];469;0;1.0;True;9
3;(198, 2);False;[2.745709870614618e-05, 0.9971183370790712];622;0;1.0;True;0
3;(198, 2);False;[3.9993871637681935e-05, 0.9982174280760697];486;0;1.0;True;1
3;(198, 2);False;[3.531355789885835e-05, 0.9987574776557276];444;0;1.0;True;2
3;(198, 2);False;[7.474404593629597e-05, 0.9985604772451815];542;0;1.0;True;3
3;(198, 2);False;[4.00150837282415e-05, 0.998746775578953];639;0;1.0;True;4
3;(198, 2);False;[7.475609347672514e-05, 0.9987209725870806];469;0;1.0;True;5
3;(198, 2);False;[4.0014282347756185e-05, 0.998726917888339];448;0;1.0;True;6
3;(198, 2);False;[4.002103734288845e-05, 0.9988950791741494];680;0;1.0;True;7
3;(198, 2);False;[8.450287065920707e-05, 0.9962816731579767];478;0;1.0;True;8
3;(198, 2);False;[3.530813621615238e-05, 0.9986033898577219];582;0;1.0;True;9
3;(198, 3);True;[0.9968667757208293, 0.0009090249055310173];458;0;1.0;True;0
3;(198, 3);True;[0.9978353253703247, 0.0008029908612161875];523;0;1.0;True;1
3;(198, 3);True;[0.9978432779429386, 0.0006253749809282899];554;0;1.0;True;2
3;(198, 3);True;[0.9968646434100007, 0.0006247615821759818];551;0;1.0;True;3
3;(198, 3);True;[0.9983117520146174, 0.0007089752708965949];519;0;1.0;True;4
3;(198, 3);True;[0.9981714605813894, 0.0006255807741810534];472;0;1.0;True;5
3;(198, 3);True;[0.9957392143889906, 0.0006240562329477351];379;0;1.0;True;6
3;(198, 3);True;[0.9979815775764516, 0.0004871101113815306];462;0;1.0;True;7
3;(198, 3);True;[0.9978386488084597, 0.0008029935414918231];467;0;1.0;True;8
3;(198, 3);True;[0.9977617407110644, 0.0007085849124556267];556;0;1.0;True;9
2;(199, 0);False;[4.538759186637387e-05, 0.9997282766760562];223;0;1.0;True;0
2;(199, 0);False;[5.824226203867191e-05, 0.9991007791815387];344;0;1.0;True;1
2;(199, 0);False;[5.142376799873645e-05, 0.9995902072639825];325;0;1.0;True;2
2;(199, 0);False;[4.53766420873026e-05, 0.999487305390989];405;0;1.0;True;3
2;(199, 0);False;[5.8252538612837555e-05, 0.9992773990039197];376;0;1.0;True;4
2;(199, 0);False;[3.118583865709783e-05, 0.9994536048871849];400;0;1.0;True;5
2;(199, 0);False;[5.1386705966537106e-05, 0.9988691496715159];440;0;1.0;True;6
2;(199, 0);False;[3.533023226270063e-05, 0.9992291912960315];349;0;1.0;True;7
2;(199, 0);False;[4.537417550567116e-05, 0.9994331237049913];293;0;1.0;True;8
2;(199, 0);False;[6.603068455557958e-05, 0.9996092654646435];326;0;1.0;True;9
2;(199, 1);False;[6.599668855533533e-05, 0.9990942345196429];347;0;1.0;True;0
2;(199, 1);False;[5.1372202183973626e-05, 0.9985878172277755];557;0;1.0;True;1
2;(199, 1);False;[4.004745764838992e-05, 0.9995547132403925];327;0;1.0;True;2
2;(199, 1);False;[5.823604142615758e-05, 0.9989942900220055];302;0;1.0;True;3
2;(199, 1);False;[0.00010882446534201973, 0.9992258585734964];396;0;1.0;True;4
2;(199, 1);False;[0.00012329110920795492, 0.9990378347771998];374;0;1.0;True;5
2;(199, 1);False;[0.00015819980046479217, 0.9983500094144954];390;0;1.0;True;6
2;(199, 1);False;[5.823593034982952e-05, 0.9989921486247747];508;0;1.0;True;7
2;(199, 1);False;[4.002584667829882e-05, 0.9990148722316661];405;0;1.0;True;8
2;(199, 1);False;[3.531335583363733e-05, 0.9987518887726462];374;0;1.0;True;9
2;(199, 2);True;[0.9985710565429873, 0.0004873977492581453];416;0;1.0;True;0
2;(199, 2);True;[0.9988880614132188, 0.0003797063143254546];449;0;1.0;True;1
2;(199, 2);True;[0.9979122447159408, 0.0005519296434854837];436;0;1.0;True;2
2;(199, 2);True;[0.9987284636608367, 0.000335036123188825];434;0;1.0;True;3
2;(199, 2);True;[0.9982436802288279, 0.0005521128475562215];643;0;1.0;True;4
2;(199, 2);True;[0.9984652744202961, 0.00033494762912720605];515;0;1.0;True;5
2;(199, 2);True;[0.9987723420417407, 0.00048749606833168945];411;0;1.0;True;6
2;(199, 2);True;[0.9989288610294336, 0.00048757231994118214];470;0;1.0;True;7
2;(199, 2);True;[0.9986284734441188, 0.00043015182192810336];473;0;1.0;True;8
2;(199, 2);True;[0.9968360947442044, 0.00033440120952709095];421;0;1.0;True;9
2;(199, 3);False;[0.00013963240477512232, 0.9985040189417888];431;0;1.0;True;0
2;(199, 3);False;[5.825748312421698e-05, 0.9993618034132329];434;0;1.0;True;1
2;(199, 3);False;[8.472073922297092e-05, 0.9988504764323478];498;0;1.0;True;2
2;(199, 3);False;[8.466387793394698e-05, 0.9981802498249338];501;0;1.0;True;3
2;(199, 3);False;[6.599020612099547e-05, 0.9989958366735201];359;0;1.0;True;4
2;(199, 3);False;[0.00012330369086325921, 0.999140049100061];369;0;1.0;True;5
2;(199, 3);False;[0.00017925086673329185, 0.9982776555165488];471;0;1.0;True;6
2;(199, 3);False;[0.00010883391001371971, 0.9993128732625399];405;0;1.0;True;7
2;(199, 3);False;[5.82485944159258e-05, 0.9992097904701768];384;0;1.0;True;8
2;(199, 3);False;[5.825337192804699e-05, 0.9992913265049028];355;0;1.0;True;9
1;(200, 0);False;[0.0001397051311636609, 0.9990237953216551];497;0;0.9;True;0
1;(200, 0);False;[0.43729755830349815, 0.5615011795171811];573;0;0.9;True;1
1;(200, 0);True;[0.5298428263406721, 0.46758465310231084];529;0;0.1;False;2
1;(200, 0);False;[2.1424986563065664e-05, 0.9990481861744204];517;0;0.9;True;3
1;(200, 0);False;[0.00013965504446278751, 0.9986654472633375];483;0;0.9;True;4
1;(200, 0);False;[0.2937739074003199, 0.7047269474723055];402;0;0.9;True;5
1;(200, 0);False;[9.600044216514506e-05, 0.9988429835131764];536;0;0.9;True;6
1;(200, 0);False;[0.0016973405639920643, 0.9963140949561068];617;0;0.9;True;7
1;(200, 0);False;[5.819085086030358e-05, 0.9982187347174635];473;0;0.9;True;8
1;(200, 0);False;[0.2936718401481088, 0.7044821008699501];508;0;0.9;True;9
1;(200, 1);True;[0.9967533007407683, 0.0021803888873040034];545;0;1.0;True;0
1;(200, 1);True;[0.9958528134373666, 0.001922448517582621];528;0;1.0;True;1
1;(200, 1);True;[0.9971388420992999, 0.001499137532630568];531;0;1.0;True;2
1;(200, 1);True;[0.9980269337878545, 0.0010312588283690857];497;0;1.0;True;3
1;(200, 1);True;[0.9965787559244096, 0.0009087622686263308];520;0;1.0;True;4
1;(200, 1);True;[0.9971431090593784, 0.0013229899067393332];486;0;1.0;True;5
1;(200, 1);True;[0.9966180646638335, 0.0011669200334882225];578;0;1.0;True;6
1;(200, 1);True;[0.9972352147486928, 0.0010304408933417394];484;0;1.0;True;7
1;(200, 1);True;[0.9979168746565341, 0.0005519322752973857];617;0;1.0;True;8
1;(200, 1);True;[0.9975551680907216, 0.0009096527677857183];484;0;1.0;True;9
1;(200, 2);False;[4.533680373594226e-05, 0.9986093337614997];610;0;1.0;True;0
1;(200, 2);False;[1.8909612126240027e-05, 0.9991602802420534];633;0;1.0;True;1
1;(200, 2);False;[2.142935955559914e-05, 0.9992518066421435];494;0;1.0;True;2
1;(200, 2);False;[4.003065659164791e-05, 0.9991357649292603];528;0;1.0;True;3
1;(200, 2);False;[3.115994488576247e-05, 0.9986240748048388];469;0;1.0;True;4
1;(200, 2);False;[3.118179412525345e-05, 0.9993240636787312];541;0;1.0;True;5
1;(200, 2);False;[2.427759776905293e-05, 0.9990442597416722];587;0;1.0;True;6
1;(200, 2);False;[3.5267954177451914e-05, 0.9974671544212659];555;0;1.0;True;7
1;(200, 2);False;[3.527811315123445e-05, 0.9977549761134235];514;0;1.0;True;8
1;(200, 2);False;[5.139430248614139e-05, 0.9990176085568211];467;0;1.0;True;9
1;(200, 3);False;[0.00017925514045793333, 0.9983009407045683];693;0;0.7;True;0
1;(200, 3);False;[5.1381070564673416e-05, 0.9987604504687241];570;0;0.7;True;1
1;(200, 3);True;[0.64990204691256, 0.3478675083950922];629;0;0.3;False;2
1;(200, 3);False;[0.00015828717894590503, 0.9989011455204374];604;0;0.7;True;3
1;(200, 3);True;[0.8653366338168568, 0.13270367672100258];574;0;0.3;False;4
1;(200, 3);False;[0.0001581942183330753, 0.9983148409984535];678;0;0.7;True;5
1;(200, 3);False;[4.5336630790090884e-05, 0.9986057673452358];582;0;0.7;True;6
1;(200, 3);False;[0.00023019471811299298, 0.9984165509463956];616;0;0.7;True;7
1;(200, 3);False;[5.1412930963373016e-05, 0.9993789479229016];572;0;0.7;True;8
1;(200, 3);True;[0.9030180686070433, 0.09517741199693122];530;0;0.3;False;9
0;(201, 0);True;[0.9992668047776955, 0.00015834515605737926];400;0;1.0;True;0
0;(201, 0);True;[0.9986707974447423, 0.00013965571039152051];524;0;1.0;True;1
0;(201, 0);True;[0.9992654954266135, 0.00015834500504774283];436;0;1.0;True;2
0;(201, 0);True;[0.9987405922736803, 0.00020321220018699318];528;0;1.0;True;3
0;(201, 0);True;[0.9986712729506371, 0.00013965584357764817];551;0;1.0;True;4
0;(201, 0);True;[0.9994912353103317, 0.00010885332086809126];527;0;1.0;True;5
0;(201, 0);True;[0.9991470703760899, 0.0001233045140069484];532;0;1.0;True;6
0;(201, 0);True;[0.9978932511944038, 0.0001581275497180162];502;0;1.0;True;7
0;(201, 0);True;[0.999369184987739, 0.00012333191606839704];475;0;1.0;True;8
0;(201, 0);True;[0.9990673427004715, 0.00010880723871142863];461;0;1.0;True;9
0;(201, 1);False;[3.1016478328273836e-05, 0.9940263207948331];514;0;1.0;True;0
0;(201, 1);False;[2.7493572611347423e-05, 0.9984432888475332];364;0;1.0;True;1
0;(201, 1);False;[2.139138111780892e-05, 0.9974804386903255];463;0;1.0;True;2
0;(201, 1);False;[3.524324174512411e-05, 0.9967679870009228];562;0;1.0;True;3
0;(201, 1);False;[2.141226092162532e-05, 0.9984545786129493];469;0;1.0;True;4
0;(201, 1);False;[2.140319621735702e-05, 0.9980314459830525];488;0;1.0;True;5
0;(201, 1);False;[3.113312249217062e-05, 0.9977643514087342];438;0;1.0;True;6
0;(201, 1);False;[2.4252906166712556e-05, 0.9980277649801739];488;0;1.0;True;7
0;(201, 1);False;[2.7506764391906072e-05, 0.9989224375048423];428;0;1.0;True;8
0;(201, 1);False;[2.4277574616142515e-05, 0.9990430699518569];437;0;1.0;True;9
0;(201, 2);False;[3.524280481036439e-05, 0.9967562617864243];634;0;1.0;True;0
0;(201, 2);False;[2.4282483527032753e-05, 0.999245140999168];462;0;1.0;True;1
0;(201, 2);False;[2.744764750128115e-05, 0.9967750934907353];443;0;1.0;True;2
0;(201, 2);False;[2.751295595739471e-05, 0.9991467133441065];476;0;1.0;True;3
0;(201, 2);False;[1.8909576059051587e-05, 0.9991583760671605];406;0;1.0;True;4
0;(201, 2);False;[1.8911397538052802e-05, 0.9992541873020151];440;0;1.0;True;5
0;(201, 2);False;[2.426745890715116e-05, 0.9986263335285677];519;0;1.0;True;6
0;(201, 2);False;[1.8905212436970107e-05, 0.9989274335630335];423;0;1.0;True;7
0;(201, 2);False;[1.8911253256090238e-05, 0.9992470454557432];530;0;1.0;True;8
0;(201, 2);False;[1.6675965090099496e-05, 0.9984590946013542];522;0;1.0;True;9
0;(201, 3);False;[2.4284660437208828e-05, 0.9993350162510158];366;0;1.0;True;0
0;(201, 3);False;[3.5228221020169955e-05, 0.9963434422232262];495;0;1.0;True;1
0;(201, 3);False;[2.750673815942385e-05, 0.9989206532708523];352;0;1.0;True;2
0;(201, 3);False;[2.1427315990062966e-05, 0.9991561149187123];533;0;1.0;True;3
0;(201, 3);False;[2.1422514378117634e-05, 0.9989329055092624];306;0;1.0;True;4
0;(201, 3);False;[2.1416079862601188e-05, 0.9986326343589397];447;0;1.0;True;5
0;(201, 3);False;[1.4735741747518962e-05, 0.9997649745379049];1276;0;1.0;True;6
0;(201, 3);False;[3.1141199453437245e-05, 0.9980230155514714];424;0;1.0;True;7
0;(201, 3);False;[2.14194909364329e-05, 0.9987912500901766];445;0;1.0;True;8
0;(201, 3);False;[1.8902724541340474e-05, 0.9987957691129159];484;0;1.0;True;9
0;(202, 0);True;[0.9990399764468167, 0.0003797640762459366];291;0;1.0;True;0
0;(202, 0);True;[0.9989966693705674, 0.00048760556751642996];353;0;1.0;True;1
0;(202, 0);True;[0.9987109847699175, 0.000552371437192978];452;0;1.0;True;2
0;(202, 0);True;[0.9984587381057995, 0.0007090797409106558];290;0;1.0;True;3
0;(202, 0);True;[0.9991398110610115, 0.0004303719638162357];361;0;1.0;True;4
0;(202, 0);True;[0.9986304944344724, 0.0006258684016358695];385;0;1.0;True;5
0;(202, 0);True;[0.9993319209112729, 0.000261083957611556];281;0;1.0;True;6
0;(202, 0);True;[0.9991264827676027, 0.0002957862284682561];325;0;1.0;True;7
0;(202, 0);True;[0.9987889906446114, 0.0003796686561123824];308;0;1.0;True;8
0;(202, 0);True;[0.9990060681958733, 0.00033512911505735815];496;0;1.0;True;9
0;(202, 1);False;[1.473366203572283e-05, 0.9996242743185183];258;0;1.0;True;0
0;(202, 1);False;[1.667881204878125e-05, 0.9986297812048395];352;0;1.0;True;1
0;(202, 1);False;[3.1168504395650264e-05, 0.9988981718235137];310;0;1.0;True;2
0;(202, 1);False;[1.668741949872612e-05, 0.99914516628453];291;0;1.0;True;3
0;(202, 1);False;[2.4289014843054578e-05, 0.9995142198301541];276;0;1.0;True;4
0;(202, 1);False;[2.143250702771464e-05, 0.9993983552908139];339;0;1.0;True;5
0;(202, 1);False;[2.428227510969928e-05, 0.9992365709604146];412;0;1.0;True;6
0;(202, 1);False;[2.4279774241223714e-05, 0.9991333849004658];400;0;1.0;True;7
0;(202, 1);False;[1.669170101163889e-05, 0.9994009747500795];317;0;1.0;True;8
0;(202, 1);False;[1.4731399979860791e-05, 0.9994711098648302];365;0;1.0;True;9
0;(202, 2);False;[2.1441216079701597e-05, 0.999804177492423];208;0;1.0;True;0
0;(202, 2);False;[2.7521511005424305e-05, 0.9994577726724128];365;0;1.0;True;1
0;(202, 2);False;[2.1430810605442104e-05, 0.9993196589508595];294;0;1.0;True;2
0;(202, 2);False;[4.0015656152700095e-05, 0.9987609261335771];425;0;1.0;True;3
0;(202, 2);False;[3.533791522395641e-05, 0.9994459838790352];333;0;1.0;True;4
0;(202, 2);False;[2.7515212552285865e-05, 0.9992290722949622];420;0;1.0;True;5
0;(202, 2);False;[2.7522954603984556e-05, 0.999510051547733];309;0;1.0;True;6
0;(202, 2);False;[3.533552254375031e-05, 0.9993785907498883];344;0;1.0;True;7
0;(202, 2);False;[2.429316151890243e-05, 0.9996843142860659];257;0;1.0;True;8
0;(202, 2);False;[2.7524477026314333e-05, 0.9995649562176118];347;0;1.0;True;9
0;(202, 3);False;[4.003214549148964e-05, 0.9991728953687891];283;0;1.0;True;0
0;(202, 3);False;[2.7506659462127298e-05, 0.9989183931836857];361;0;1.0;True;1
0;(202, 3);False;[1.8912786308230097e-05, 0.9993282304002468];307;0;1.0;True;2
0;(202, 3);False;[2.42860732173755e-05, 0.9993922829581745];272;0;1.0;True;3
0;(202, 3);False;[1.6690459418987338e-05, 0.9993272780068878];325;0;1.0;True;4
0;(202, 3);False;[2.1430933233874872e-05, 0.9993251351396908];373;0;1.0;True;5
0;(202, 3);False;[2.7506475835977602e-05, 0.9989113750263848];340;0;1.0;True;6
0;(202, 3);False;[2.14290938810583e-05, 0.9992388324654298];275;0;1.0;True;7
0;(202, 3);False;[2.1439846111685045e-05, 0.9997407870116446];246;0;1.0;True;8
0;(202, 3);False;[2.4252466712593503e-05, 0.9980100730721337];369;0;1.0;True;9
0;(203, 0);True;[0.9969486406875306, 0.0024711885509889936];329;0;1.0;True;0
0;(203, 0);True;[0.9987092011461458, 0.0005523703836290771];477;0;1.0;True;1
0;(203, 0);True;[0.9983924285431367, 0.0010316365557911631];352;0;1.0;True;2
0;(203, 0);True;[0.9979174680674451, 0.0015003081898834617];443;0;1.0;True;3
0;(203, 0);True;[0.9985126953364093, 0.00043010198250915705];331;0;1.0;True;4
0;(203, 0);True;[0.9989700208508144, 0.0003797374575922986];347;0;1.0;True;5
0;(203, 0);True;[0.9792472527012707, 0.017935535722507327];525;0;1.0;True;6
0;(203, 0);True;[0.9989348087311474, 0.0005524952449423518];388;0;1.0;True;7
0;(203, 0);True;[0.9987126493410422, 0.0005523722273672222];474;0;1.0;True;8
0;(203, 0);True;[0.9980909384353595, 0.0013242477898904607];394;0;1.0;True;9
0;(203, 1);False;[3.116452155345961e-05, 0.9987702014690838];340;0;1.0;True;0
0;(203, 1);False;[2.7502803570397687e-05, 0.9987785257761258];398;0;1.0;True;1
0;(203, 1);False;[3.1181318332464316e-05, 0.999308706721391];292;0;1.0;True;2
0;(203, 1);False;[2.7509597647242344e-05, 0.9990245092397523];314;0;1.0;True;3
0;(203, 1);False;[3.117882053942765e-05, 0.9992288342347033];444;0;1.0;True;4
0;(203, 1);False;[3.114785264195973e-05, 0.9982364340432073];431;0;1.0;True;5
0;(203, 1);False;[4.534956031115352e-05, 0.9988906781976947];323;0;1.0;True;6
0;(203, 1);False;[2.1431035424771523e-05, 0.9993296589629029];469;0;1.0;True;7
0;(203, 1);False;[3.532696414095921e-05, 0.9991361219573314];315;0;1.0;True;8
0;(203, 1);False;[3.119068683864849e-05, 0.9996086698840086];282;0;1.0;True;9
0;(203, 2);False;[3.5277844001617626e-05, 0.9977474997752169];467;0;1.0;True;0
0;(203, 2);False;[2.751295595739471e-05, 0.9991463563704087];401;0;1.0;True;1
0;(203, 2);False;[3.999417676787147e-05, 0.9982252679500875];334;0;1.0;True;2
0;(203, 2);False;[2.7486808705675238e-05, 0.9981975914849646];352;0;1.0;True;3
0;(203, 2);False;[4.0009436245876604e-05, 0.9986055296078549];271;0;1.0;True;4
0;(203, 2);False;[2.4277250477715112e-05, 0.9990299821829539];531;0;1.0;True;5
0;(203, 2);False;[2.4274379726268253e-05, 0.9989113750263848];327;0;1.0;True;6
0;(203, 2);False;[3.5322988895269116e-05, 0.999023676345047];500;0;1.0;True;7
0;(203, 2);False;[2.4267320048034736e-05, 0.9986207461931305];440;0;1.0;True;8
0;(203, 2);False;[3.1132766203897596e-05, 0.997752602626092];463;0;1.0;True;9
0;(203, 3);False;[0.0003350709521717259, 0.9988328743591501];565;0;1.0;True;0
0;(203, 3);False;[0.00012327276816028718, 0.9988899645496644];463;0;1.0;True;1
0;(203, 3);False;[5.140802807798543e-05, 0.9992844222339722];290;0;1.0;True;2
0;(203, 3);False;[4.5364570097265566e-05, 0.9992207405686209];321;0;1.0;True;3
0;(203, 3);False;[8.472986966215011e-05, 0.9989583625359326];399;0;1.0;True;4
0;(203, 3);False;[0.00023041962744353505, 0.9993915685445717];275;0;1.0;True;5
0;(203, 3);False;[6.597258718736223e-05, 0.9987300094357268];294;0;1.0;True;6
0;(203, 3);False;[6.599700325281985e-05, 0.9990994702224678];462;0;1.0;True;7
0;(203, 3);False;[0.00013965264714564082, 0.9986489216281351];557;0;1.0;True;8
0;(203, 3);False;[8.47401324806038e-05, 0.9990793605743805];384;0;1.0;True;9
1;(204, 0);False;[9.575301871792668e-05, 0.9962685393917268];522;0;1.0;True;0
1;(204, 0);False;[0.00015828717894590503, 0.9989011455204374];524;0;1.0;True;1
1;(204, 0);False;[0.00048727156731331216, 0.9983124649008923];467;0;1.0;True;2
1;(204, 0);False;[0.00048733848847487456, 0.9984495873606369];547;0;1.0;True;3
1;(204, 0);False;[0.0016973842697275117, 0.9963400105595738];487;0;1.0;True;4
1;(204, 0);False;[8.471968888157205e-05, 0.9988381072969696];376;0;1.0;True;5
1;(204, 0);False;[0.00023015345002399518, 0.9982369091098646];492;0;1.0;True;6
1;(204, 0);False;[0.0010306276242116354, 0.9974160378789909];549;0;1.0;True;7
1;(204, 0);False;[0.0006252476616241754, 0.9976399935646287];448;0;1.0;True;8
1;(204, 0);False;[0.0008029912441121592, 0.9978355628081802];477;0;1.0;True;9
1;(204, 1);True;[0.997887315851146, 0.0009099555800318148];465;0;1.0;True;0
1;(204, 1);True;[0.9974085664027759, 0.000625102483659484];433;0;1.0;True;1
1;(204, 1);True;[0.9972318954100527, 0.0005515534235632418];486;0;1.0;True;2
1;(204, 1);True;[0.9985405081756972, 0.0006258119995258509];439;0;1.0;True;3
1;(204, 1);True;[0.9973535428280571, 0.00042960267670910456];399;0;1.0;True;4
1;(204, 1);True;[0.9983151974426302, 0.0006256708673157139];477;0;1.0;True;5
1;(204, 1);True;[0.9985078222437658, 0.0004300997265403957];536;0;1.0;True;6
1;(204, 1);True;[0.998090107190427, 0.0007088180877479561];494;0;1.0;True;7
1;(204, 1);True;[0.9979320701763127, 0.0007087058836832216];335;0;1.0;True;8
1;(204, 1);True;[0.9985112690459189, 0.00043010136724377587];379;0;1.0;True;9
1;(204, 2);False;[3.1168415221971454e-05, 0.9988949602128705];311;0;1.0;True;0
1;(204, 2);False;[3.108873663674965e-05, 0.9963420222790349];401;0;1.0;True;1
1;(204, 2);False;[3.52676178376348e-05, 0.9974581404951828];443;0;1.0;True;2
1;(204, 2);False;[3.114770411777846e-05, 0.998231682459393];425;0;1.0;True;3
1;(204, 2);False;[2.748775240656094e-05, 0.9982310885130065];473;0;1.0;True;4
1;(204, 2);False;[2.749829260098762e-05, 0.9986138511473824];452;0;1.0;True;5
1;(204, 2);False;[2.4262946392557003e-05, 0.9984406743974169];451;0;1.0;True;6
1;(204, 2);False;[2.7487831049763897e-05, 0.9982347709630576];499;0;1.0;True;7
1;(204, 2);False;[2.7466684136442268e-05, 0.9974659683675947];449;0;1.0;True;8
1;(204, 2);False;[2.426296953151685e-05, 0.9984416250740579];438;0;1.0;True;9
1;(204, 3);False;[4.51279350003347e-05, 0.9940087704077589];438;0;1.0;True;0
1;(204, 3);False;[6.597258718736223e-05, 0.9987294149603017];436;0;1.0;True;1
1;(204, 3);False;[5.127724489402654e-05, 0.9967421679469033];440;0;1.0;True;2
1;(204, 3);False;[3.5295040057526076e-05, 0.9982333455343972];498;0;1.0;True;3
1;(204, 3);False;[4.532837339351153e-05, 0.9984236809291115];516;0;1.0;True;4
1;(204, 3);False;[3.9985100140224825e-05, 0.9979984371136659];502;0;1.0;True;5
1;(204, 3);False;[5.132793218555687e-05, 0.9977272071064345];682;0;1.0;True;6
1;(204, 3);False;[4.526897315277982e-05, 0.9971158480979887];622;0;1.0;True;7
1;(204, 3);False;[8.462230613417158e-05, 0.9976900653483894];481;0;1.0;True;8
1;(204, 3);False;[4.000207282100024e-05, 0.9984222548820023];478;0;1.0;True;9
0;(205, 0);True;[0.9967686978564946, 0.001498580772192458];447;0;1.0;True;0
0;(205, 0);True;[0.9975631161078984, 0.0009096597079120446];636;0;1.0;True;1
0;(205, 0);True;[0.9941867756737339, 0.0021747745218434603];502;0;1.0;True;2
0;(205, 0);True;[0.9968729359360347, 0.0011672183185314317];518;0;1.0;True;3
0;(205, 0);True;[0.9971019813298924, 0.0011674866175803923];528;0;1.0;True;4
0;(205, 0);True;[0.995201951013315, 0.0011652619358727757];421;0;1.0;True;5
0;(205, 0);True;[0.9975613367406321, 0.0014997731640891984];590;0;1.0;True;6
0;(205, 0);True;[0.9967572091186654, 0.001029946711258018];613;0;1.0;True;7
0;(205, 0);True;[0.9971017442987506, 0.0011674860608795242];483;0;1.0;True;8
0;(205, 0);True;[0.99646605661892, 0.0013220918801966988];573;0;1.0;True;9
0;(205, 1);False;[1.8902526244908628e-05, 0.9987857797338243];516;0;1.0;True;0
0;(205, 1);False;[2.1419245811215e-05, 0.9987800716284991];523;0;1.0;True;1
0;(205, 1);False;[1.887793559857789e-05, 0.9974860132589364];569;0;1.0;True;2
0;(205, 1);False;[2.1412220081017674e-05, 0.9984520829255566];657;0;1.0;True;3
0;(205, 1);False;[1.667588557309104e-05, 0.9984544598203662];483;0;1.0;True;4
0;(205, 1);False;[2.4222510103841894e-05, 0.9967768700630849];578;0;1.0;True;5
0;(205, 1);False;[2.4239471722841523e-05, 0.9974746268008426];513;0;1.0;True;6
0;(205, 1);False;[1.888827238047956e-05, 0.9980327521486277];568;0;1.0;True;7
0;(205, 1);False;[3.522771708003043e-05, 0.996329005097026];516;0;1.0;True;8
0;(205, 1);False;[2.4252628615816204e-05, 0.9980164848044027];601;0;1.0;True;9
0;(205, 2);False;[3.532295520865789e-05, 0.9990228435091868];499;0;1.0;True;0
0;(205, 2);False;[3.995003338391693e-05, 0.9971230780236617];528;0;1.0;True;1
0;(205, 2);False;[7.479695551006225e-05, 0.999267161910757];518;0;1.0;True;2
0;(205, 2);False;[4.0009436245876604e-05, 0.9986060051989262];467;0;1.0;True;3
0;(205, 2);False;[3.532292152207879e-05, 0.9990221296504307];510;0;1.0;True;4
0;(205, 2);False;[3.114782293706682e-05, 0.9982356024446811];521;0;1.0;True;5
0;(205, 2);False;[4.002577033512769e-05, 0.9990132065753192];464;0;1.0;True;6
0;(205, 2);False;[2.428232142450768e-05, 0.9992383563403181];580;0;1.0;True;7
0;(205, 2);False;[2.749839749884929e-05, 0.9986181308133196];484;0;1.0;True;8
0;(205, 2);False;[2.749831882541552e-05, 0.998615277700657];625;0;1.0;True;9
0;(205, 3);False;[3.531365893190244e-05, 0.9987597370300046];578;0;1.0;True;0
0;(205, 3);False;[3.530833825150643e-05, 0.9986098092381293];514;0;1.0;True;1
0;(205, 3);False;[7.480651460018423e-05, 0.9993944261438747];424;0;1.0;True;2
0;(205, 3);False;[4.5328416622037654e-05, 0.9984247503786061];438;0;1.0;True;3
0;(205, 3);False;[5.1363041431436294e-05, 0.9984098963960398];442;0;1.0;True;4
0;(205, 3);False;[5.138043355812664e-05, 0.9987472512372934];450;0;1.0;True;5
0;(205, 3);False;[7.475559442762649e-05, 0.9987143140312069];529;0;1.0;True;6
0;(205, 3);False;[5.1380531558619806e-05, 0.9987499861318093];585;0;1.0;True;7
0;(205, 3);False;[4.533628490036734e-05, 0.9985983970477403];564;0;1.0;True;8
0;(205, 3);False;[4.5343246438928654e-05, 0.9987511752237727];530;0;1.0;True;9
1;(206, 0);False;[4.000909284360448e-05, 0.9985972083701755];438;0;1.0;True;0
1;(206, 0);False;[2.426280755926132e-05, 0.9984350890306116];342;0;1.0;True;1
1;(206, 0);False;[2.4287555566886278e-05, 0.9994539621451838];394;0;1.0;True;2
1;(206, 0);False;[4.003348173080492e-05, 0.9992061008754674];413;0;1.0;True;3
1;(206, 0);False;[3.53137599652356e-05, 0.9987631855156552];265;0;1.0;True;4
1;(206, 0);False;[1.891401283942151e-05, 0.9993931163928796];405;0;1.0;True;5
1;(206, 0);False;[2.143495992384643e-05, 0.9995127907127679];436;0;1.0;True;6
1;(206, 0);False;[2.4282066694154657e-05, 0.9992277629933215];373;0;1.0;True;7
1;(206, 0);False;[2.428605005638227e-05, 0.9993919257803954];416;0;1.0;True;8
1;(206, 0);False;[2.4279936326744446e-05, 0.9991401680905284];549;0;1.0;True;9
1;(206, 1);True;[0.9985666583891074, 0.0002302294065912557];457;0;1.0;True;0
1;(206, 1);True;[0.9984683643441105, 0.00017928523036325083];517;0;1.0;True;1
1;(206, 1);True;[0.9982706463932607, 0.0002031164863963573];612;0;1.0;True;2
1;(206, 1);True;[0.9975828089752407, 0.0002029764845241309];468;0;1.0;True;3
1;(206, 1);True;[0.9981106520638166, 0.0001581619363540542];536;0;1.0;True;4
1;(206, 1);True;[0.9990047594771861, 0.0002609985683289475];426;0;1.0;True;5
1;(206, 1);True;[0.9988840173475255, 0.0001793597930215335];579;0;1.0;True;6
1;(206, 1);True;[0.9988612996241304, 0.00020323662023442486];440;0;1.0;True;7
1;(206, 1);True;[0.9990328376434832, 0.00023033679836359326];351;0;1.0;True;8
1;(206, 1);True;[0.9976026211548319, 0.00017912970631353705];515;0;1.0;True;9
1;(206, 2);False;[4.536837740325739e-05, 0.9993050163542617];489;0;1.0;True;0
1;(206, 2);False;[2.428929281036064e-05, 0.9995255338355196];295;0;1.0;True;1
1;(206, 2);False;[3.9985023874771474e-05, 0.997996181320499];502;0;1.0;True;2
1;(206, 2);False;[1.6681484496847808e-05, 0.9987892284256686];588;0;1.0;True;3
1;(206, 2);False;[4.003756708189798e-05, 0.9993082305048178];527;0;1.0;True;4
1;(206, 2);False;[4.003019847976053e-05, 0.9991239837723651];507;0;1.0;True;5
1;(206, 2);False;[2.7517705517608867e-05, 0.9993190637172803];537;0;1.0;True;6
1;(206, 2);False;[3.1159707155156234e-05, 0.9986162286598027];549;0;1.0;True;7
1;(206, 2);False;[3.119202542643397e-05, 0.9996523873823071];404;0;1.0;True;8
1;(206, 2);False;[3.117581750558095e-05, 0.9991329088837557];473;0;1.0;True;9
1;(206, 3);False;[2.7524477026314333e-05, 0.9995654326438003];324;0;1.0;True;0
1;(206, 3);False;[3.5337713019362056e-05, 0.9994400301086586];518;0;1.0;True;1
1;(206, 3);False;[3.534708304747231e-05, 0.9997049248816312];386;0;1.0;True;2
1;(206, 3);False;[4.537439186711605e-05, 0.9994378867088114];537;0;1.0;True;3
1;(206, 3);False;[5.1351531572086665e-05, 0.9981854759737007];299;0;1.0;True;4
1;(206, 3);False;[4.536400768142203e-05, 0.9992087193073728];363;0;1.0;True;5
1;(206, 3);False;[2.751760054609309e-05, 0.9993156113346119];391;0;1.0;True;6
1;(206, 3);False;[5.822576776232969e-05, 0.9988181270941482];363;0;1.0;True;7
1;(206, 3);False;[4.536755534423537e-05, 0.9992871601117573];459;0;1.0;True;8
1;(206, 3);False;[6.597252427103026e-05, 0.9987284636608367];372;0;1.0;True;9
3;(207, 0);False;[5.138038455795016e-05, 0.9987466566353359];296;0;1.0;True;0
3;(207, 0);False;[4.0045318940519476e-05, 0.9995013578763287];348;0;1.0;True;1
3;(207, 0);False;[3.1188902144292545e-05, 0.999551616580163];268;0;1.0;True;2
3;(207, 0);False;[3.5333264811000766e-05, 0.9993148970921532];351;0;1.0;True;3
3;(207, 0);False;[2.7521301033759728e-05, 0.9994500325469231];344;0;1.0;True;4
3;(207, 0);False;[3.53302659562518e-05, 0.9992296674167761];285;0;1.0;True;5
3;(207, 0);False;[4.0026113880544486e-05, 0.9990215347685236];353;0;1.0;True;6
3;(207, 0);False;[4.005074231502018e-05, 0.9996367820725452];227;0;1.0;True;7
3;(207, 0);False;[3.117263638920934e-05, 0.9990306960473211];409;0;1.0;True;8
3;(207, 0);False;[3.534698191880119e-05, 0.999702065579845];217;0;1.0;True;9
3;(207, 1);False;[4.004069819387712e-05, 0.9993862107206024];362;0;1.0;True;0
3;(207, 1);False;[5.1399400135269286e-05, 0.9991160107573394];355;0;1.0;True;1
3;(207, 1);False;[5.1353441540439425e-05, 0.9982226546519067];372;0;1.0;True;2
3;(207, 1);False;[6.590561527805287e-05, 0.9977153402888239];355;0;1.0;True;3
3;(207, 1);False;[4.0026075708685895e-05, 0.9990209398869708];360;0;1.0;True;4
3;(207, 1);False;[3.1168771918217447e-05, 0.9989068550154376];463;0;1.0;True;5
3;(207, 1);False;[9.598689325424356e-05, 0.9987014726891768];340;0;1.0;True;6
3;(207, 1);False;[5.8211942827465354e-05, 0.9985812792973183];367;0;1.0;True;7
3;(207, 1);False;[4.535509648404674e-05, 0.9990122547729393];350;0;1.0;True;8
3;(207, 1);False;[4.5360070965746815e-05, 0.999122317759627];344;0;1.0;True;9
3;(207, 2);False;[0.0001395124756894748, 0.9976464005964891];488;0;1.0;True;0
3;(207, 2);False;[0.0002032013477744449, 0.9986877993044967];314;0;1.0;True;1
3;(207, 2);False;[0.0003794659453090206, 0.9982557970276094];439;0;1.0;True;2
3;(207, 2);False;[0.00017937433293122498, 0.9989650243470366];523;0;1.0;True;3
3;(207, 2);False;[0.00017937878066841956, 0.9989891743080447];359;0;1.0;True;4
3;(207, 2);False;[0.00013958021430661771, 0.9981304853004584];385;0;1.0;True;5
3;(207, 2);False;[0.00015786145720096765, 0.9962148242755187];419;0;1.0;True;6
3;(207, 2);False;[8.470950932427327e-05, 0.9987180000078563];395;0;1.0;True;7
3;(207, 2);False;[0.0011683854788402189, 0.9978698664345282];345;0;1.0;True;8
3;(207, 2);False;[0.00010873027107840602, 0.9983611781814363];330;0;1.0;True;9
3;(207, 3);True;[0.9980888008335961, 0.00037940243946813857];409;0;1.0;True;0
3;(207, 3);True;[0.9989023349086557, 0.0003350942800287104];431;0;1.0;True;1
3;(207, 3);True;[0.9985414590636414, 0.00026087737845739006];355;0;1.0;True;2
3;(207, 3);True;[0.9991142258286603, 0.0004303610874344298];319;0;1.0;True;3
3;(207, 3);True;[0.9979761159533059, 0.0002954456675306723];459;0;1.0;True;4
3;(207, 3);True;[0.9979781344616413, 0.00029544623104909976];407;0;1.0;True;5
3;(207, 3);True;[0.9992732327270081, 0.0004304294285087074];376;0;1.0;True;6
3;(207, 3);True;[0.9971623111861148, 0.00033451061349649866];406;0;1.0;True;7
3;(207, 3);True;[0.998240116512978, 0.00023015410849923948];534;0;1.0;True;8
3;(207, 3);True;[0.9985962573128905, 0.0002031827449870085];409;0;1.0;True;9
3;(208, 0);False;[3.1175520191234176e-05, 0.9991227937712911];375;0;1.0;True;0
3;(208, 0);False;[2.7512877242308915e-05, 0.9991436192273488];377;0;1.0;True;1
3;(208, 0);False;[2.4274611225897046e-05, 0.9989207722351912];553;0;1.0;True;2
3;(208, 0);False;[3.532672830881774e-05, 0.9991294577839298];337;0;1.0;True;3
3;(208, 0);False;[2.750993870691403e-05, 0.9990370019295365];416;0;1.0;True;4
3;(208, 0);False;[4.003019847976053e-05, 0.9991239837723651];465;0;1.0;True;5
3;(208, 0);False;[3.1168920542858056e-05, 0.9989113750263848];444;0;1.0;True;6
3;(208, 0);False;[2.4289176990263192e-05, 0.9995207700067427];394;0;1.0;True;7
3;(208, 0);False;[3.117216073615511e-05, 0.9990152291583874];408;0;1.0;True;8
3;(208, 0);False;[3.5318812000460885e-05, 0.9989060223932535];393;0;1.0;True;9
3;(208, 1);False;[3.1164372949794963e-05, 0.9987660395159874];421;0;1.0;True;0
3;(208, 1);False;[2.7509571412058123e-05, 0.9990243902630591];397;0;1.0;True;1
3;(208, 1);False;[2.7512483670258023e-05, 0.9991296958205129];347;0;1.0;True;2
3;(208, 1);False;[2.751285100399703e-05, 0.9991433811874486];555;0;1.0;True;3
3;(208, 1);False;[3.1147347662632934e-05, 0.9982196849503658];524;0;1.0;True;4
3;(208, 1);False;[3.1181348069300946e-05, 0.9993098971765659];495;0;1.0;True;5
3;(208, 1);False;[1.8909377690744834e-05, 0.9991479034318279];412;0;1.0;True;6
3;(208, 1);False;[1.8907430185152973e-05, 0.9990453306118695];517;0;1.0;True;7
3;(208, 1);False;[3.119458377622856e-05, 0.9997339956414152];1238;0;1.0;True;8
3;(208, 1);False;[3.117575804248476e-05, 0.9991304098142882];397;0;1.0;True;9
3;(208, 2);False;[3.5294467842620206e-05, 0.9982175468404516];532;0;1.0;True;0
3;(208, 2);False;[2.426722747573187e-05, 0.9986175364044881];472;0;1.0;True;1
3;(208, 2);False;[3.114785264195973e-05, 0.9982363151603684];420;0;1.0;True;2
3;(208, 2);False;[4.000222541708911e-05, 0.9984257010400848];445;0;1.0;True;3
3;(208, 2);False;[3.116853412026656e-05, 0.9988994801699942];401;0;1.0;True;4
3;(208, 2);False;[2.750254128447442e-05, 0.9987682989096328];405;0;1.0;True;5
3;(208, 2);False;[2.1429196063184213e-05, 0.9992440697403041];588;0;1.0;True;6
3;(208, 2);False;[2.7498056582261913e-05, 0.9986056485346647];412;0;1.0;True;7
3;(208, 2);False;[3.10884401528668e-05, 0.9963320817984505];510;0;1.0;True;8
3;(208, 2);False;[2.427088435022356e-05, 0.9987680610172863];444;0;1.0;True;9
3;(208, 3);True;[0.9979758784820055, 0.00029544538577186164];483;0;1.0;True;0
3;(208, 3);True;[0.9984161943498001, 0.00023019471811299298];501;0;1.0;True;1
3;(208, 3);True;[0.9975282405305944, 0.0002606127979691333];499;0;1.0;True;2
3;(208, 3);True;[0.9988597535297545, 0.00020323642641297243];433;0;1.0;True;3
3;(208, 3);True;[0.9982921492361435, 0.00017925360190532423];419;0;1.0;True;4
3;(208, 3);True;[0.99744758483215, 0.0003346063314426048];377;0;1.0;True;5
3;(208, 3);True;[0.9982123204075657, 0.0004299725910649911];379;0;1.0;True;6
3;(208, 3);True;[0.9971976355398887, 0.0002952149970500878];610;0;1.0;True;7
3;(208, 3);True;[0.9975885035023111, 0.00020297764596821454];589;0;1.0;True;8
3;(208, 3);True;[0.9993677563104088, 0.0001794467078941322];349;0;1.0;True;9
3;(209, 0);False;[3.1140813374523194e-05, 0.998011141730046];443;0;1.0;True;0
3;(209, 0);False;[1.8902544271771017e-05, 0.9987868500362731];387;0;1.0;True;1
3;(209, 0);False;[1.885664958328895e-05, 0.9963616669145086];498;0;1.0;True;2
3;(209, 0);False;[1.6681420862155888e-05, 0.9987861365786957];457;0;1.0;True;3
3;(209, 0);False;[2.426748205041448e-05, 0.9986276412864861];417;0;1.0;True;4
3;(209, 0);False;[3.528692893613259e-05, 0.9980040175979453];505;0;1.0;True;5
3;(209, 0);False;[2.4231497820929908e-05, 0.9971465465072802];430;0;1.0;True;6
3;(209, 0);False;[1.8896380087192995e-05, 0.9984609961068553];545;0;1.0;True;7
3;(209, 0);False;[2.423147471198381e-05, 0.9971457167453684];443;0;1.0;True;8
3;(209, 0);False;[1.8892487953733915e-05, 0.9982552030668747];367;0;1.0;True;9
3;(209, 1);False;[3.105726583778691e-05, 0.9953330237571285];491;0;1.0;True;0
3;(209, 1);False;[4.533615519240135e-05, 0.9985956629170788];386;0;1.0;True;1
3;(209, 1);False;[2.7436001600800943e-05, 0.9963517260059489];519;0;1.0;True;2
3;(209, 1);False;[3.5314130423263567e-05, 0.9987731744362253];567;0;1.0;True;3
3;(209, 1);False;[3.105708812719474e-05, 0.9953278276060833];506;0;1.0;True;4
3;(209, 1);False;[2.7509964942448533e-05, 0.9990380727919542];601;0;1.0;True;5
3;(209, 1);False;[3.1154180429835223e-05, 0.9984393672330429];698;0;1.0;True;6
3;(209, 1);False;[3.1159707155156234e-05, 0.998615872108144];613;0;1.0;True;7
3;(209, 1);False;[4.0002568760417385e-05, 0.9984342571503594];694;0;1.0;True;8
3;(209, 1);False;[3.108882558246587e-05, 0.9963441523120705];520;0;1.0;True;9
3;(209, 2);False;[3.105714736394581e-05, 0.9953292444826856];419;0;1.0;True;0
3;(209, 2);False;[2.7447542797014987e-05, 0.9967714217631942];476;0;1.0;True;1
3;(209, 2);False;[2.748809319539876e-05, 0.9982443929502824];477;0;1.0;True;2
3;(209, 2);False;[2.426748205041448e-05, 0.9986274035438978];454;0;1.0;True;3
3;(209, 2);False;[1.890240005735326e-05, 0.9987794771232754];474;0;1.0;True;4
3;(209, 2);False;[2.1397440897955388e-05, 0.9977634021900511];439;0;1.0;True;5
3;(209, 2);False;[3.1037960567443235e-05, 0.9947143325716247];451;0;1.0;True;6
3;(209, 2);False;[2.743597543580335e-05, 0.9963511344540297];456;0;1.0;True;7
3;(209, 2);False;[2.74578842712789e-05, 0.9971469021860727];431;0;1.0;True;8
3;(209, 2);False;[2.7447333389680903e-05, 0.9967636049112673];498;0;1.0;True;9
3;(209, 3);True;[0.9958464292855013, 0.0013212694347076173];464;0;1.0;True;0
3;(209, 3);True;[0.996258600340158, 0.0009084702500442153];492;0;1.0;True;1
3;(209, 3);True;[0.9980232530339883, 0.0006254877114543653];399;0;1.0;True;2
3;(209, 3);True;[0.9956657024729617, 0.0027966206269124092];428;0;1.0;True;3
3;(209, 3);True;[0.9899396470626937, 0.0024538149772250057];520;0;1.0;True;4
3;(209, 3);True;[0.9961732997147447, 0.000624328274130589];657;0;1.0;True;5
3;(209, 3);True;[0.9949839269238356, 0.0027947049969039377];405;0;1.0;True;6
3;(209, 3);True;[0.994043989528163, 0.0007059445843894277];582;0;1.0;True;7
3;(209, 3);True;[0.9948653347113248, 0.0019205418216827056];499;0;1.0;True;8
3;(209, 3);True;[0.9948675764786988, 0.0019205464006166865];564;0;1.0;True;9
1;(210, 0);False;[0.020325441713749497, 0.9793347096379429];663;0;0.9;True;0
1;(210, 0);False;[0.0006260776411587623, 0.9989644294991337];612;0;0.9;True;1
1;(210, 0);True;[0.9659061459819792, 0.03305148733363777];731;0;0.1;False;2
1;(210, 0);False;[0.0001582684617049063, 0.9987829256770839];552;0;0.9;True;3
1;(210, 0);False;[0.0003352940713205141, 0.9994973088259921];1194;0;0.9;True;4
1;(210, 0);False;[0.000626112272418189, 0.9990196311488014];761;0;0.9;True;5
1;(210, 0);False;[0.0024714584089088514, 0.997057657022012];1001;0;0.9;True;6
1;(210, 0);False;[0.0003797908778638359, 0.9991106558645565];699;0;0.9;True;7
1;(210, 0);False;[0.00026110835968019824, 0.9994249076727385];593;0;0.9;True;8
1;(210, 0);False;[0.0006262463373342348, 0.9992335952761682];502;0;0.9;True;9
1;(210, 1);True;[0.9960825727584062, 0.003170311840650242];406;0;1.0;True;0
1;(210, 1);True;[0.9970053973152577, 0.0019246727884336553];540;0;1.0;True;1
1;(210, 1);True;[0.9958852073668437, 0.003169684537887136];498;0;1.0;True;2
1;(210, 1);True;[0.9970095446193578, 0.0019246810482509051];543;0;1.0;True;3
1;(210, 1);True;[0.99661676220606, 0.002180090516564315];583;0;1.0;True;4
1;(210, 1);True;[0.9952082086880618, 0.0035892816977467065];475;0;1.0;True;5
1;(210, 1);True;[0.9968699743116751, 0.0021806446661538246];622;0;1.0;True;6
1;(210, 1);True;[0.9967850428008408, 0.0024707832302757254];435;0;1.0;True;7
1;(210, 1);True;[0.9969421241665103, 0.0024711720540806937];428;0;1.0;True;8
1;(210, 1);True;[0.995795006056857, 0.0024683291617632916];433;0;1.0;True;9
1;(210, 2);False;[6.602589887464834e-05, 0.9995362526060086];691;0;1.0;True;0
1;(210, 2);False;[4.0025693992102165e-05, 0.9990118978472806];647;0;1.0;True;1
1;(210, 2);False;[0.00029580343607625353, 0.9991851537835611];601;0;1.0;True;2
1;(210, 2);False;[4.537434859474454e-05, 0.9994368150687865];818;0;1.0;True;3
1;(210, 2);False;[2.428614270048772e-05, 0.9993956167593379];676;0;1.0;True;4
1;(210, 2);False;[0.00015838578287990184, 0.9995233901068512];530;0;1.0;True;5
1;(210, 2);False;[5.8189962945159207e-05, 0.998204005584011];598;0;1.0;True;6
1;(210, 2);False;[9.603130053722952e-05, 0.999164088544567];649;0;1.0;True;7
1;(210, 2);False;[4.537707483474733e-05, 0.9994963560969605];659;0;1.0;True;8
1;(210, 2);False;[2.7523007099904453e-05, 0.9995114806612027];695;0;1.0;True;9
1;(210, 3);False;[2.4298004064208277e-05, 0.999883188544078];1254;0;1.0;True;0
1;(210, 3);False;[5.826509515863415e-05, 0.9994929025200124];632;0;1.0;True;1
1;(210, 3);False;[0.00015837974105701254, 0.9994846855309152];792;0;1.0;True;2
1;(210, 3);False;[0.00020330912242126745, 0.9992172888746055];510;0;1.0;True;3
1;(210, 3);False;[0.0003352656137685879, 0.9994130005930769];561;0;1.0;True;4
1;(210, 3);False;[0.000261055076477574, 0.9992212166271766];577;0;1.0;True;5
1;(210, 3);False;[0.0002034051209691741, 0.9996888413936403];1068;0;1.0;True;6
1;(210, 3);False;[0.00017948744234132024, 0.9995949717437177];403;0;1.0;True;7
1;(210, 3);False;[0.00013978682698993802, 0.9996084316460356];549;0;1.0;True;8
1;(210, 3);False;[9.605896246112655e-05, 0.9994516996296995];611;0;1.0;True;9
0;(211, 0);True;[0.9969487593009567, 0.001698421396965733];310;0;1.0;True;0
0;(211, 0);True;[0.9973945727173675, 0.0019254245769788339];373;0;1.0;True;1
0;(211, 0);True;[0.9931761382664667, 0.002172563696967309];368;0;1.0;True;2
0;(211, 0);True;[0.996285814436001, 0.0021793660718854887];375;0;1.0;True;3
0;(211, 0);True;[0.997138723695423, 0.001499137532630568];357;0;1.0;True;4
0;(211, 0);True;[0.9971420424917709, 0.00132298864503844];303;0;1.0;True;5
0;(211, 0);True;[0.9976556552448985, 0.0014999147699934216];381;0;1.0;True;6
0;(211, 0);True;[0.9968734098895897, 0.002180651944852812];259;0;1.0;True;7
0;(211, 0);True;[0.9978435151503579, 0.0015001973065636696];206;0;1.0;True;8
0;(211, 0);True;[0.9980329896334614, 0.0010312652210417777];293;0;1.0;True;9
0;(211, 1);False;[0.0010306349958612107, 0.9974231536337167];262;0;0.9;True;0
0;(211, 1);False;[0.0014990932129278923, 0.9971092109228622];427;0;0.9;True;1
0;(211, 1);False;[0.0010311236080395151, 0.9978962188792713];371;0;0.9;True;2
0;(211, 1);False;[0.00042980819092166585, 0.9978309337094929];394;0;0.9;True;3
0;(211, 1);True;[0.9713165135053363, 0.025884710771728617];214;0;0.1;False;4
0;(211, 1);False;[0.0005510021857607104, 0.996235292159329];379;0;0.9;True;5
0;(211, 1);False;[0.0019233480056312887, 0.9963189466717537];442;0;0.9;True;6
0;(211, 1);False;[0.0013234258964299817, 0.997471542855336];401;0;0.9;True;7
0;(211, 1);False;[0.0019243910581158766, 0.9968590757954788];338;0;0.9;True;8
0;(211, 1);False;[0.0014978363658276397, 0.9962731538194012];305;0;0.9;True;9
0;(211, 2);False;[7.475580830540369e-05, 0.998717524363447];325;0;1.0;True;0
0;(211, 2);False;[5.125495052510418e-05, 0.9963080602110442];566;0;1.0;True;1
0;(211, 2);False;[4.532785465441367e-05, 0.9984122729579601];390;0;1.0;True;2
0;(211, 2);False;[3.53016380289009e-05, 0.998420472355038];392;0;1.0;True;3
0;(211, 2);False;[5.8160891210583534e-05, 0.9977052539300428];356;0;1.0;True;4
0;(211, 2);False;[3.1101814388194345e-05, 0.9967612361030028];428;0;1.0;True;5
0;(211, 2);False;[5.1230467229035005e-05, 0.9958323612949196];436;0;1.0;True;6
0;(211, 2);False;[5.132754058600559e-05, 0.9977197309763056];347;0;1.0;True;7
0;(211, 2);False;[5.1340611835275254e-05, 0.9979739789459952];323;0;1.0;True;8
0;(211, 2);False;[4.003008395260785e-05, 0.9991212467487511];383;0;1.0;True;9
0;(211, 3);False;[3.524280481036439e-05, 0.9967562617864243];549;0;1.0;True;0
0;(211, 3);False;[3.5267819641140156e-05, 0.9974631220303298];403;0;1.0;True;1
0;(211, 3);False;[3.998532893745767e-05, 0.9980040175979453];626;0;1.0;True;2
0;(211, 3);False;[3.530204202639877e-05, 0.998431761629994];370;0;1.0;True;3
0;(211, 3);False;[3.528682797956351e-05, 0.9980014055760816];485;0;1.0;True;4
0;(211, 3);False;[4.530883831972574e-05, 0.9979932131059858];513;0;1.0;True;5
0;(211, 3);False;[3.116446211190872e-05, 0.9987690123544682];365;0;1.0;True;6
0;(211, 3);False;[4.5284129011088015e-05, 0.9974488895368917];411;0;1.0;True;7
0;(211, 3);False;[4.521137539687197e-05, 0.9958469022872865];447;0;1.0;True;8
0;(211, 3);False;[4.530875190005733e-05, 0.997992025729707];487;0;1.0;True;9
0;(212, 0);True;[0.9994115717949354, 0.00023042424214063902];247;0;1.0;True;0
0;(212, 0);True;[0.9980884445864461, 0.00037940225855500064];236;0;1.0;True;1
0;(212, 0);True;[0.9989615744667192, 0.00037973419829354343];274;0;1.0;True;2
0;(212, 0);True;[0.9989645484686859, 0.00020325774788091148];326;0;1.0;True;3
0;(212, 0);True;[0.9992266917530881, 0.0002610565702509773];216;0;1.0;True;4
0;(212, 0);True;[0.9990103511709, 0.00033513071308131665];239;0;1.0;True;5
0;(212, 0);True;[0.9990095183461484, 0.00033513039347591537];323;0;1.0;True;6
0;(212, 0);True;[0.9987226372911188, 0.0003350342061022353];332;0;1.0;True;7
0;(212, 0);True;[0.9994767067868044, 0.00020336186752922637];193;0;1.0;True;8
0;(212, 0);True;[0.9987618774639629, 0.0002956782101284009];319;0;1.0;True;9
0;(212, 1);False;[3.118583865709783e-05, 0.99945384305917];283;0;1.0;True;0
0;(212, 1);False;[2.42876482167348e-05, 0.9994577726724128];319;0;1.0;True;1
0;(212, 1);False;[2.7519568828650265e-05, 0.999386806052349];281;0;1.0;True;2
0;(212, 1);False;[3.5329760556358195e-05, 0.9992158605889089];380;0;1.0;True;3
0;(212, 1);False;[2.427731993558523e-05, 0.9990328376434832];351;0;1.0;True;4
0;(212, 1);False;[2.4279936326744446e-05, 0.9991405251201729];266;0;1.0;True;5
0;(212, 1);False;[3.1181407543059275e-05, 0.9993113257130142];297;0;1.0;True;6
0;(212, 1);False;[4.5370930207797855e-05, 0.9993616843381999];356;0;1.0;True;7
0;(212, 1);False;[2.429142399872637e-05, 0.9996133154340073];261;0;1.0;True;8
0;(212, 1);False;[3.1193869797038835e-05, 0.9997110010050931];232;0;1.0;True;9
0;(212, 2);False;[3.5337814121514605e-05, 0.9994430069894135];351;0;1.0;True;0
0;(212, 2);False;[0.0006261042115229687, 0.9990066630685706];346;0;1.0;True;1
0;(212, 2);False;[0.0001397734965149275, 0.9995127907127679];317;0;1.0;True;2
0;(212, 2);False;[4.538495155935397e-05, 0.9996698992746561];807;0;1.0;True;3
0;(212, 2);False;[8.477901316623191e-05, 0.9995375626900422];436;0;1.0;True;4
0;(212, 2);False;[7.476557604261422e-05, 0.9988475031188265];353;0;1.0;True;5
0;(212, 2);False;[0.00023042050642633433, 0.9993951405013479];367;0;1.0;True;6
0;(212, 2);False;[4.5379238633877084e-05, 0.9995443513877017];326;0;1.0;True;7
0;(212, 2);False;[4.534865209731851e-05, 0.9988704579799834];350;0;1.0;True;8
0;(212, 2);False;[4.004027815244007e-05, 0.9993752570055207];379;0;1.0;True;9
0;(212, 3);False;[0.00033513007387081886, 0.9990088044969139];325;0;1.0;True;0
0;(212, 3);False;[5.824770561969141e-05, 0.9991945560688408];414;0;1.0;True;1
0;(212, 3);False;[4.5368334136621715e-05, 0.9993043020612083];279;0;1.0;True;2
0;(212, 3);False;[4.5377118109718785e-05, 0.9994977851908483];241;0;1.0;True;3
0;(212, 3);False;[5.825726088997928e-05, 0.9993585888576849];315;0;1.0;True;4
0;(212, 3);False;[0.00020336012206780712, 0.9994682518717328];292;0;1.0;True;5
0;(212, 3);False;[7.481557546244635e-05, 0.9995157680429617];243;0;1.0;True;6
0;(212, 3);False;[8.474853760415917e-05, 0.9991786079873665];253;0;1.0;True;7
0;(212, 3);False;[2.75265245546391e-05, 0.9996399983957353];921;0;1.0;True;8
0;(212, 3);False;[5.1425386394586964e-05, 0.9996214154801469];219;0;1.0;True;9
2;(213, 0);False;[3.1183429718339027e-05, 0.9993769239054001];617;0;1.0;True;0
2;(213, 0);False;[7.479124917291128e-05, 0.999190628479228];583;0;1.0;True;1
2;(213, 0);False;[6.602224687782042e-05, 0.9994815892621668];619;0;1.0;True;2
2;(213, 0);False;[4.536448357129733e-05, 0.9992195503359808];491;0;1.0;True;3
2;(213, 0);False;[3.533006379542678e-05, 0.9992244302755503];644;0;1.0;True;4
2;(213, 0);False;[3.531372628742576e-05, 0.9987618774639629];346;0;1.0;True;5
2;(213, 0);False;[0.00013974124202577906, 0.9992816843055226];462;0;1.0;True;6
2;(213, 0);False;[5.1412685807998554e-05, 0.9993748998338264];498;0;1.0;True;7
2;(213, 0);False;[5.140410610631587e-05, 0.9992081241980351];533;0;1.0;True;8
2;(213, 0);False;[3.1183935282649576e-05, 0.9993927592148026];391;0;1.0;True;9
2;(213, 1);False;[9.598762557891563e-05, 0.9987097957258041];496;0;1.0;True;0
2;(213, 1);False;[9.603185003431101e-05, 0.9991698010546334];687;0;1.0;True;1
2;(213, 1);False;[0.00015822228185392664, 0.9984914206873771];493;0;1.0;True;2
2;(213, 1);False;[0.00010880651234717014, 0.9990610364522873];493;0;1.0;True;3
2;(213, 1);False;[9.597224793405193e-05, 0.9985491851198799];498;0;1.0;True;4
2;(213, 1);False;[0.0010314594788385526, 0.998220872829922];480;0;1.0;True;5
2;(213, 1);False;[0.00012327935181217085, 0.9989426598214096];506;0;1.0;True;6
2;(213, 1);False;[0.00023023116310893186, 0.9985742659497338];608;0;1.0;True;7
2;(213, 1);False;[0.0001792828366631574, 0.9984548163143933];394;0;1.0;True;8
2;(213, 1);False;[0.0008035623451340849, 0.9985452626244739];473;0;1.0;True;9
2;(213, 2);True;[0.99660788196299, 0.0011669077920741138];522;0;1.0;True;0
2;(213, 2);True;[0.9973177332135026, 0.0013232214492229395];487;0;1.0;True;1
2;(213, 2);True;[0.997328048791959, 0.000708276833238739];473;0;1.0;True;2
2;(213, 2);True;[0.9966119076479076, 0.0011669127999098187];497;0;1.0;True;3
2;(213, 2);True;[0.9953325514629103, 0.0010284749044044007];548;0;1.0;True;4
2;(213, 2);True;[0.9972297613894858, 0.0010304349971285215];846;0;1.0;True;5
2;(213, 2);True;[0.9965812421726052, 0.0009087644352870019];514;0;1.0;True;6
2;(213, 2);True;[0.9967467868890201, 0.0010299359067437064];527;0;1.0;True;7
2;(213, 2);True;[0.9958356713379157, 0.0013212555741123448];436;0;1.0;True;8
2;(213, 2);True;[0.9921345800353325, 0.0019152704803134695];374;0;1.0;True;9
2;(213, 3);False;[0.010962800720349766, 0.9868399123040958];744;0;1.0;True;0
2;(213, 3);False;[0.00037962756222853543, 0.9986807845112184];577;0;1.0;True;1
2;(213, 3);False;[0.0002032592986203772, 0.9989727569368247];562;0;1.0;True;2
2;(213, 3);False;[0.0001582221309614721, 0.9984904699633227];502;0;1.0;True;3
2;(213, 3);False;[0.00023015432799140624, 0.998241541951307];584;0;1.0;True;4
2;(213, 3);False;[0.0001231815737401468, 0.998151031818399];459;0;1.0;True;5
2;(213, 3);False;[0.0010304404019893494, 0.9972347406231211];622;0;1.0;True;6
2;(213, 3);False;[0.00012308633826523595, 0.9973790379802832];489;0;1.0;True;7
2;(213, 3);False;[0.00012329263775176597, 0.9990504468460101];578;0;1.0;True;8
2;(213, 3);False;[0.0002301552059621665, 0.9982451056722458];511;0;1.0;True;9
3;(214, 0);False;[2.4262923253619222e-05, 0.998439842512511];518;0;1.0;True;0
3;(214, 0);False;[1.8913958726074126e-05, 0.9993901397770701];315;0;1.0;True;1
3;(214, 0);False;[3.110199235471296e-05, 0.9967660920847764];394;0;1.0;True;2
3;(214, 0);False;[3.5302143026495644e-05, 0.9984342571503594];516;0;1.0;True;3
3;(214, 0);False;[2.4271115816517687e-05, 0.9987772175880698];438;0;1.0;True;4
3;(214, 0);False;[1.890249019123542e-05, 0.9987835203006341];379;0;1.0;True;5
3;(214, 0);False;[2.1427193382328173e-05, 0.9991505215949098];308;0;1.0;True;6
3;(214, 0);False;[2.4282390896885917e-05, 0.9992410939755632];394;0;1.0;True;7
3;(214, 0);False;[2.7524424527590778e-05, 0.9995637651676795];291;0;1.0;True;8
3;(214, 0);False;[3.116449183266999e-05, 0.9987697257998133];376;0;1.0;True;9
3;(214, 1);False;[2.4267134903782145e-05, 0.9986134944803188];435;0;1.0;True;0
3;(214, 1);False;[2.141581435269786e-05, 0.9986199139256823];351;0;1.0;True;1
3;(214, 1);False;[1.8905068202195942e-05, 0.9989200584493708];393;0;1.0;True;2
3;(214, 1);False;[2.4262923253619222e-05, 0.9984400802104468];425;0;1.0;True;3
3;(214, 1);False;[2.4277412546387847e-05, 0.9990365260168977];395;0;1.0;True;4
3;(214, 1);False;[2.4274333426607425e-05, 0.9989097097751756];417;0;1.0;True;5
3;(214, 1);False;[1.8892487953733915e-05, 0.9982555593735457];337;0;1.0;True;6
3;(214, 1);False;[1.8904978056020895e-05, 0.9989151815080277];407;0;1.0;True;7
3;(214, 1);False;[1.8902436110854548e-05, 0.998781260872555];388;0;1.0;True;8
3;(214, 1);False;[2.1411995459068033e-05, 0.9984416250740579];438;0;1.0;True;9
3;(214, 2);False;[3.5301907360052436e-05, 0.9984279588501954];358;0;1.0;True;0
3;(214, 2);False;[3.987744400678773e-05, 0.9953115301940396];385;0;1.0;True;1
3;(214, 2);False;[1.8877611540117424e-05, 0.9974697638836517];417;0;1.0;True;2
3;(214, 2);False;[2.7435739951947867e-05, 0.9963427323668672];459;0;1.0;True;3
3;(214, 2);False;[3.530204202639877e-05, 0.9984316428401256];401;0;1.0;True;4
3;(214, 2);False;[2.1397155213205046e-05, 0.9977498732504095];447;0;1.0;True;5
3;(214, 2);False;[2.7498135254945397e-05, 0.9986086204307266];366;0;1.0;True;6
3;(214, 2);False;[3.993513932656301e-05, 0.9967514058525413];336;0;1.0;True;7
3;(214, 2);False;[4.5268886809148116e-05, 0.9971135961570219];348;0;1.0;True;8
3;(214, 2);False;[3.5313692609648046e-05, 0.9987606883592578];365;0;1.0;True;9
3;(214, 3);True;[0.9991160107573394, 0.0002303561298081692];402;0;1.0;True;0
3;(214, 3);True;[0.9985390818454785, 0.0002608768808737535];370;0;1.0;True;1
3;(214, 3);True;[0.9981360672202986, 0.0003348374435765172];336;0;1.0;True;2
3;(214, 3);True;[0.9991169627748847, 0.00023035634949299856];390;0;1.0;True;3
3;(214, 3);True;[0.9984652744202961, 0.00033494762912720605];329;0;1.0;True;4
3;(214, 3);True;[0.9990464014250625, 0.00029576253438406335];409;0;1.0;True;5
3;(214, 3);True;[0.9986291867890733, 0.00017931412826453641];430;0;1.0;True;6
3;(214, 3);True;[0.998439842512511, 0.00020315096916485298];411;0;1.0;True;7
3;(214, 3);True;[0.9990358121483648, 0.00023033745736340214];454;0;1.0;True;8
3;(214, 3);True;[0.9982410667662344, 0.00023015432799140624];363;0;1.0;True;9
0;(215, 0);True;[0.9956296590570252, 0.0031688714964080854];419;0;1.0;True;0
0;(215, 0);True;[0.9960889598156555, 0.0031703330048357273];474;0;1.0;True;1
0;(215, 0);True;[0.9978436338702529, 0.0015001973065636696];515;0;1.0;True;2
0;(215, 0);True;[0.9979972499635361, 0.0011685347991168703];573;0;1.0;True;3
0;(215, 0);True;[0.9973023192575193, 0.0014993834593013365];550;0;1.0;True;4
0;(215, 0);True;[0.9973007778982439, 0.0014993813144176273];598;0;1.0;True;5
0;(215, 0);True;[0.9879651991876299, 0.010975301497266577];491;0;1.0;True;6
0;(215, 0);True;[0.9892394399951169, 0.009698161395619045];459;0;1.0;True;7
0;(215, 0);True;[0.9956722023050124, 0.0035909542256250524];444;0;1.0;True;8
0;(215, 0);True;[0.9971338640409798, 0.001924921516245258];457;0;1.0;True;9
0;(215, 1);False;[5.823626357944929e-05, 0.9989977401316036];392;0;1.0;True;0
0;(215, 1);False;[7.475623606279381e-05, 0.9987225183503764];573;0;1.0;True;1
0;(215, 1);False;[0.00010880578598776065, 0.9990548492242155];382;0;1.0;True;2
0;(215, 1);False;[7.474433106274746e-05, 0.9985638055397527];411;0;1.0;True;3
0;(215, 1);False;[9.598707633488778e-05, 0.9987037317042313];457;0;1.0;True;4
0;(215, 1);False;[0.00013971818862698238, 0.9991173197962371];382;0;1.0;True;5
0;(215, 1);False;[0.00012315209101807463, 0.997911413852175];694;0;1.0;True;6
0;(215, 1);False;[5.138778411384435e-05, 0.9988900835103484];558;0;1.0;True;7
0;(215, 1);False;[0.00010864859147881876, 0.9976109258589475];623;0;1.0;True;8
0;(215, 1);False;[6.592145600958049e-05, 0.9979551015884847];450;0;1.0;True;9
0;(215, 2);False;[5.8229432753342026e-05, 0.998880686939097];482;0;1.0;True;0
0;(215, 2);False;[7.483077449066672e-05, 0.999718626070755];858;0;1.0;True;1
0;(215, 2);False;[7.483056039840986e-05, 0.9997160049351446];883;0;1.0;True;2
0;(215, 2);False;[0.00022999568977650066, 0.9975526768579287];639;0;1.0;True;3
0;(215, 2);False;[5.814547355405927e-05, 0.9974410617985103];564;0;1.0;True;4
0;(215, 2);False;[8.464474429780706e-05, 0.997954983087682];516;0;1.0;True;5
0;(215, 2);False;[5.814497448959833e-05, 0.9974318112308489];388;0;1.0;True;6
0;(215, 2);False;[0.00013967329205859792, 0.9987958880623818];483;0;1.0;True;7
0;(215, 2);False;[0.0005519278012246191, 0.9979089208003408];422;0;1.0;True;8
0;(215, 2);False;[8.472170878043554e-05, 0.9988621322090365];319;0;1.0;True;9
0;(215, 3);False;[2.749370371123032e-05, 0.9984480423684714];535;0;1.0;True;0
0;(215, 3);False;[1.8912768271600144e-05, 0.999327039923232];424;0;1.0;True;1
0;(215, 3);False;[2.428019103474891e-05, 0.9991508785700958];356;0;1.0;True;2
0;(215, 3);False;[3.116458099512387e-05, 0.9987724608721443];452;0;1.0;True;3
0;(215, 3);False;[3.528696258838647e-05, 0.9980054424667704];435;0;1.0;True;4
0;(215, 3);False;[2.7502593741458968e-05, 0.9987704393619401];436;0;1.0;True;5
0;(215, 3);False;[2.4231567147900443e-05, 0.997149983967032];517;0;1.0;True;6
0;(215, 3);False;[2.426738947749363e-05, 0.9986239558758346];326;0;1.0;True;7
0;(215, 3);False;[2.7435844611189663e-05, 0.9963460457301428];512;0;1.0;True;8
0;(215, 3);False;[3.531382732095162e-05, 0.9987647313442858];569;0;1.0;True;9
0;(216, 0);True;[0.9961177025439519, 0.001922959184448313];397;0;1.0;True;0
0;(216, 0);True;[0.9984615903062729, 0.0007090817696069695];286;0;1.0;True;1
0;(216, 0);True;[0.9977421595347533, 0.0009098232499617556];373;0;1.0;True;2
0;(216, 0);True;[0.9968779115311872, 0.0009090348750932985];481;0;1.0;True;3
0;(216, 0);True;[0.9979319514458959, 0.0007087055457460025];377;0;1.0;True;4
0;(216, 0);True;[0.9974209003020238, 0.000625110233581914];467;0;1.0;True;5
0;(216, 0);True;[0.9969492332905613, 0.0005513969600656372];427;0;1.0;True;6
0;(216, 0);True;[0.9974435525203266, 0.0010306561282155495];645;0;1.0;True;7
0;(216, 0);True;[0.9959926902875319, 0.0008015081274158652];371;0;1.0;True;8
0;(216, 0);True;[0.9973029120707825, 0.0004867787716926275];555;0;1.0;True;9
0;(216, 1);False;[4.0030465711057705e-05, 0.9991304098142882];391;0;1.0;True;0
0;(216, 1);False;[0.0010293025674464249, 0.9961334347218508];608;0;1.0;True;1
0;(216, 1);False;[4.531908021759576e-05, 0.9982193286564994];536;0;1.0;True;2
0;(216, 1);False;[0.0001232794693805785, 0.9989437305245563];389;0;1.0;True;3
0;(216, 1);False;[0.00026053675590715855, 0.9972373487809296];550;0;1.0;True;4
0;(216, 1);False;[3.1102051677112135e-05, 0.9967679870009228];412;0;1.0;True;5
0;(216, 1);False;[6.595138778017507e-05, 0.9984089457496097];518;0;1.0;True;6
0;(216, 1);False;[3.529510737753668e-05, 0.9982354836781511];625;0;1.0;True;7
0;(216, 1);False;[4.531959885627759e-05, 0.9982307320988605];593;0;1.0;True;8
0;(216, 1);False;[0.00010872975261330742, 0.9983558314021143];507;0;1.0;True;9
0;(216, 2);False;[3.114806057700332e-05, 0.998242611089495];465;0;1.0;True;0
0;(216, 2);False;[7.46798489105327e-05, 0.9977021688069028];566;0;1.0;True;1
0;(216, 2);False;[4.530922721027338e-05, 0.9980019992696243];592;0;1.0;True;2
0;(216, 2);False;[3.996359904480911e-05, 0.9974612241670129];394;0;1.0;True;3
0;(216, 2);False;[4.52695343904002e-05, 0.9971282932976927];702;0;1.0;True;4
0;(216, 2);False;[3.526798781161004e-05, 0.9974683404763474];471;0;1.0;True;5
0;(216, 2);False;[4.5269318528953535e-05, 0.9971229596216566];626;0;1.0;True;6
0;(216, 2);False;[3.991876608378173e-05, 0.9963423772068982];510;0;1.0;True;7
0;(216, 2);False;[5.816266616720842e-05, 0.997735988605166];608;0;1.0;True;8
0;(216, 2);False;[0.0009087696352936888, 0.9965869251815073];728;0;1.0;True;9
0;(216, 3);False;[3.105732507487694e-05, 0.9953350315894172];599;0;1.0;True;0
0;(216, 3);False;[2.4252466712593503e-05, 0.9980094793737881];380;0;1.0;True;1
0;(216, 3);False;[2.747501517789661e-05, 0.9977692173882925];571;0;1.0;True;2
0;(216, 3);False;[2.7493677491203728e-05, 0.9984468539861152];319;0;1.0;True;3
0;(216, 3);False;[1.8896416129212092e-05, 0.9984630164095649];448;0;1.0;True;4
0;(216, 3);False;[2.7466998469495503e-05, 0.9974775920795252];637;0;1.0;True;5
0;(216, 3);False;[3.5256083323549696e-05, 0.9971318490975668];340;0;1.0;True;6
0;(216, 3);False;[3.9899393409610104e-05, 0.9958588428744195];336;0;1.0;True;7
0;(216, 3);False;[2.743618475648279e-05, 0.9963588265122377];315;0;1.0;True;8
0;(216, 3);False;[2.7493284193805512e-05, 0.998432593508167];370;0;1.0;True;9
0;(217, 0);True;[0.9982489070583304, 0.00055211574351095];369;0;1.0;True;0
0;(217, 0);True;[0.9971505764575772, 0.0006249409494604893];383;0;1.0;True;1
0;(217, 0);True;[0.9982148147984133, 0.0004299736162007553];464;0;1.0;True;2
0;(217, 0);True;[0.9985716508079033, 0.0004873979816675584];393;0;1.0;True;3
0;(217, 0);True;[0.9970069377537458, 0.00048663441806456653];447;0;1.0;True;4
0;(217, 0);True;[0.9981777555204588, 0.0006255846520951344];432;0;1.0;True;5
0;(217, 0);True;[0.9981632652047135, 0.0004871988474438766];503;0;1.0;True;6
0;(217, 0);True;[0.9962425092054715, 0.0005510061268495511];381;0;1.0;True;7
0;(217, 0);True;[0.9987691313007476, 0.00029568046598272565];351;0;1.0;True;8
0;(217, 0);True;[0.9979380060181158, 0.000334771030382754];380;0;1.0;True;9
0;(217, 1);False;[1.891127129127536e-05, 0.999247878653001];449;0;1.0;True;0
0;(217, 1);False;[2.4271254697353738e-05, 0.9987826878975272];367;0;1.0;True;1
0;(217, 1);False;[2.42391943256893e-05, 0.9974635962644832];419;0;1.0;True;2
0;(217, 1);False;[3.11642837879363e-05, 0.9987633044612407];447;0;1.0;True;3
0;(217, 1);False;[3.115967743895799e-05, 0.9986156342521034];414;0;1.0;True;4
0;(217, 1);False;[4.537651226387394e-05, 0.9994837328139163];929;0;1.0;True;5
0;(217, 1);False;[6.58859453837482e-05, 0.9974180540933638];434;0;1.0;True;6
0;(217, 1);False;[3.524287203074407e-05, 0.9967583936333468];412;0;1.0;True;7
0;(217, 1);False;[2.1412138400036075e-05, 0.9984488742602092];381;0;1.0;True;8
0;(217, 1);False;[4.0030465711057705e-05, 0.9991306478510981];404;0;1.0;True;9
0;(217, 2);False;[2.427095378988002e-05, 0.9987706771385808];376;0;1.0;True;0
0;(217, 2);False;[2.1422228358602453e-05, 0.9989195827087302];413;0;1.0;True;1
0;(217, 2);False;[3.1140516394000237e-05, 0.9980016430534563];333;0;1.0;True;2
0;(217, 2);False;[2.4274171378489963e-05, 0.9989031676440537];419;0;1.0;True;3
0;(217, 2);False;[4.004226384169046e-05, 0.9994253839449139];395;0;1.0;True;4
0;(217, 2);False;[4.538049368464931e-05, 0.9995715070757905];384;0;1.0;True;5
0;(217, 2);False;[2.7502488827589933e-05, 0.998766990734972];555;0;1.0;True;6
0;(217, 2);False;[2.7509623882451587e-05, 0.9990254610538075];288;0;1.0;True;7
0;(217, 2);False;[1.8871509477933253e-05, 0.9971472576328256];427;0;1.0;True;8
0;(217, 2);False;[2.1421962772471976e-05, 0.9989066170900891];248;0;1.0;True;9
0;(217, 3);False;[4.52836971500395e-05, 0.997440113119622];365;0;1.0;True;0
0;(217, 3);False;[3.117263638920934e-05, 0.9990306960473211];459;0;1.0;True;1
0;(217, 3);False;[4.002103734288845e-05, 0.9988949602128705];405;0;1.0;True;2
0;(217, 3);False;[3.52871645025837e-05, 0.998010310551571];551;0;1.0;True;3
0;(217, 3);False;[3.116458099512387e-05, 0.9987726987655388];339;0;1.0;True;4
0;(217, 3);False;[2.1419347946381545e-05, 0.9987850662770116];360;0;1.0;True;5
0;(217, 3);False;[2.750639713943156e-05, 0.9989085202618878];386;0;1.0;True;6
0;(217, 3);False;[2.425813396852574e-05, 0.998242729856873];368;0;1.0;True;7
0;(217, 3);False;[3.1132736513392225e-05, 0.9977522467312483];447;0;1.0;True;8
0;(217, 3);False;[5.812579148108924e-05, 0.9971034035179261];343;0;1.0;True;9
1;(218, 0);False;[6.601853212278169e-05, 0.9994250267553045];386;0;1.0;True;0
1;(218, 0);False;[5.139969424583747e-05, 0.9991220797248017];267;0;1.0;True;1
1;(218, 0);False;[4.538373966658025e-05, 0.9996436912218565];246;0;1.0;True;2
1;(218, 0);False;[8.47768302020163e-05, 0.9995120761548411];220;0;1.0;True;3
1;(218, 0);False;[4.0055822620654756e-05, 0.9997637830023131];359;0;1.0;True;4
1;(218, 0);False;[6.604309115926844e-05, 0.999796670304583];235;0;1.0;True;5
1;(218, 0);False;[5.826448393666739e-05, 0.999482065619531];258;0;1.0;True;6
1;(218, 0);False;[8.475613526004608e-05, 0.9992677570552564];320;0;1.0;True;7
1;(218, 0);False;[4.005490582612454e-05, 0.9997407870116446];381;0;1.0;True;8
1;(218, 0);False;[5.827687632560273e-05, 0.9996949173320633];361;0;1.0;True;9
1;(218, 1);True;[0.9971597034567277, 0.0021812780038631017];272;0;1.0;True;0
1;(218, 1);True;[0.9956046077947095, 0.004068808713869156];259;0;1.0;True;1
1;(218, 1);True;[0.9984745443366638, 0.0013247562051578877];195;0;1.0;True;2
1;(218, 1);True;[0.9968754236144551, 0.002800017862745715];231;0;1.0;True;3
1;(218, 1);True;[0.9979121259878827, 0.0010311403252287626];406;0;1.0;True;4
1;(218, 1);True;[0.9898222543547482, 0.009703874265584861];564;0;1.0;True;5
1;(218, 1);True;[0.9967875300278429, 0.0027997708704163645];215;0;1.0;True;6
1;(218, 1);True;[0.9979799152694377, 0.0017001781039335038];281;0;1.0;True;7
1;(218, 1);True;[0.9959459816367636, 0.0035919423588893842];304;0;1.0;True;8
1;(218, 1);True;[0.9981164713774403, 0.0017004107930785727];235;0;1.0;True;9
1;(218, 2);False;[5.1427593380103104e-05, 0.9996641810250884];256;0;1.0;True;0
1;(218, 2);False;[3.534212808282543e-05, 0.9995655517431101];636;0;1.0;True;1
1;(218, 2);False;[6.603112535942662e-05, 0.9996158169041386];241;0;1.0;True;2
1;(218, 2);False;[3.532689676018671e-05, 0.9991345749141544];340;0;1.0;True;3
1;(218, 2);False;[6.602218391412929e-05, 0.9994801602496136];287;0;1.0;True;4
1;(218, 2);False;[0.0001794237774413231, 0.9992403798445277];373;0;1.0;True;5
1;(218, 2);False;[4.5381705490744794e-05, 0.9995986642580427];469;0;1.0;True;6
1;(218, 2);False;[4.5381532373607144e-05, 0.9995947335090094];333;0;1.0;True;7
1;(218, 2);False;[5.1424013206955035e-05, 0.9995949717437177];271;0;1.0;True;8
1;(218, 2);False;[4.538984274117866e-05, 0.9997776049374032];224;0;1.0;True;9
1;(218, 3);False;[0.00037978526385483875, 0.9990959004273978];443;0;1.0;True;0
1;(218, 3);False;[5.827959967008265e-05, 0.9997413827291892];322;0;1.0;True;1
1;(218, 3);False;[6.60284176108481e-05, 0.9995746038849159];966;0;1.0;True;2
1;(218, 3);False;[5.1409008617657256e-05, 0.9993031116708659];285;0;1.0;True;3
1;(218, 3);False;[8.479025227902029e-05, 0.9996700184155075];300;0;1.0;True;4
1;(218, 3);False;[5.142396416521778e-05, 0.9995940188343171];419;0;1.0;True;5
1;(218, 3);False;[9.607517861660312e-05, 0.9996202242756612];301;0;1.0;True;6
1;(218, 3);False;[4.005100968346271e-05, 0.9996434529755368];381;0;1.0;True;7
1;(218, 3);False;[3.535139814031289e-05, 0.9998271763961363];230;0;1.0;True;8
1;(218, 3);False;[5.140464535967763e-05, 0.9992178839894015];482;0;1.0;True;9
1;(219, 0);False;[2.142226921829939e-05, 0.9989211290120028];489;0;1.0;True;0
1;(219, 0);False;[3.532959209133361e-05, 0.9992110997482678];349;0;1.0;True;1
1;(219, 0);False;[2.4274287127034908e-05, 0.9989076876383157];387;0;1.0;True;2
1;(219, 0);False;[2.4274518625780598e-05, 0.9989176793995653];366;0;1.0;True;3
1;(219, 0);False;[2.428012156866452e-05, 0.999147308416869];677;0;1.0;True;4
1;(219, 0);False;[2.7512614860316087e-05, 0.9991346939039697];412;0;1.0;True;5
1;(219, 0);False;[1.4729348974811833e-05, 0.9993319209112729];363;0;1.0;True;6
1;(219, 0);False;[2.143101498655321e-05, 0.999328825639286];310;0;1.0;True;7
1;(219, 0);False;[2.4258157102896102e-05, 0.9982443929502824];441;0;1.0;True;8
1;(219, 0);False;[2.748811941009975e-05, 0.9982445117178724];427;0;1.0;True;9
1;(219, 1);True;[0.9989129214332411, 0.0002609744254054226];492;0;1.0;True;0
1;(219, 1);True;[0.997886485008136, 0.0003793255591565751];465;0;1.0;True;1
1;(219, 1);True;[0.9982097071432808, 0.0004299713609053003];425;0;1.0;True;2
1;(219, 1);True;[0.9967825553479636, 0.0003789059769766158];525;0;1.0;True;3
1;(219, 1);True;[0.998139155079536, 0.0003348384015554979];445;0;1.0;True;4
1;(219, 1);True;[0.9978950318507332, 0.0003793288149479373];582;0;1.0;True;5
1;(219, 1);True;[0.9980921259293212, 0.0003794037058625195];487;0;1.0;True;6
1;(219, 1);True;[0.9986283545145906, 0.0004301516168157799];362;0;1.0;True;7
1;(219, 1);True;[0.9989067360527563, 0.0002609729321020545];532;0;1.0;True;8
1;(219, 1);True;[0.9986256203019065, 0.0004301505912556297];537;0;1.0;True;9
1;(219, 2);False;[2.14078505860593e-05, 0.9982487881740059];449;0;1.0;True;0
1;(219, 2);False;[2.751285100399703e-05, 0.9991426671844037];413;0;1.0;True;1
1;(219, 2);False;[2.139760414809671e-05, 0.997771116069938];483;0;1.0;True;2
1;(219, 2);False;[2.428232142450768e-05, 0.9992379992757149];451;0;1.0;True;3
1;(219, 2);False;[1.668745132748324e-05, 0.9991470703760899];507;0;1.0;True;4
1;(219, 2);False;[1.890744821669213e-05, 0.9990459255079461];448;0;1.0;True;5
1;(219, 2);False;[1.8909521958397915e-05, 0.9991552818561278];371;0;1.0;True;6
1;(219, 2);False;[2.1435103018119325e-05, 0.999519579067641];427;0;1.0;True;7
1;(219, 2);False;[2.1427193382328173e-05, 0.9991501645616931];345;0;1.0;True;8
1;(219, 2);False;[2.1424782239445812e-05, 0.9990385487053298];376;0;1.0;True;9
1;(219, 3);False;[5.13874900714263e-05, 0.9988850878715316];413;0;1.0;True;0
1;(219, 3);False;[6.600386403092318e-05, 0.9992033633942546];437;0;1.0;True;1
1;(219, 3);False;[2.4277620921985427e-05, 0.999045092653538];474;0;1.0;True;2
1;(219, 3);False;[4.002626656834289e-05, 0.999025699007463];432;0;1.0;True;3
1;(219, 3);False;[5.136348228584907e-05, 0.9984185710429428];498;0;1.0;True;4
1;(219, 3);False;[7.477634342132594e-05, 0.9989914347879519];451;0;1.0;True;5
1;(219, 3);False;[7.47672160068214e-05, 0.9988695064298899];383;0;1.0;True;6
1;(219, 3);False;[4.003432167548936e-05, 0.9992270488136508];404;0;1.0;True;7
1;(219, 3);False;[3.1164670157832854e-05, 0.9987749581742488];445;0;1.0;True;8
1;(219, 3);False;[5.14088125082267e-05, 0.9992989451704171];416;0;1.0;True;9
3;(220, 0);False;[0.00012332274216811056, 0.9992947786873402];316;0;1.0;True;0
3;(220, 0);False;[8.474756773966479e-05, 0.9991669447955177];262;0;1.0;True;1
3;(220, 0);False;[0.00010868341182206725, 0.9979311203333733];377;0;1.0;True;2
3;(220, 0);False;[8.47723027517203e-05, 0.9994580108453909];385;0;1.0;True;3
3;(220, 0);False;[7.480744203960506e-05, 0.9994065708720934];329;0;1.0;True;4
3;(220, 0);False;[0.00013975550239013346, 0.9993843057079341];311;0;1.0;True;5
3;(220, 0);False;[9.601142917254146e-05, 0.9989576487232519];449;0;1.0;True;6
3;(220, 0);False;[6.6003171626466e-05, 0.9991921757255188];365;0;1.0;True;7
3;(220, 0);False;[0.00013978336094413595, 0.9995837752683634];301;0;1.0;True;8
3;(220, 0);False;[0.00010882456912516682, 0.9992270488136508];297;0;1.0;True;9
3;(220, 1);False;[6.603345537150325e-05, 0.9996509578637115];339;0;1.0;True;0
3;(220, 1);False;[7.469915209363379e-05, 0.9979604441304623];444;0;1.0;True;1
3;(220, 1);False;[6.59972550118879e-05, 0.9991033971048255];420;0;1.0;True;2
3;(220, 1);False;[0.022945407746064038, 0.9756634516217408];476;0;1.0;True;3
3;(220, 1);False;[6.601387323396851e-05, 0.9993547790576243];390;0;1.0;True;4
3;(220, 1);False;[0.047385547600080895, 0.9517642120396643];533;0;1.0;True;5
3;(220, 1);False;[5.827054087373866e-05, 0.999586395708182];329;0;1.0;True;6
3;(220, 1);False;[6.60091517226677e-05, 0.99928311280164];438;0;1.0;True;7
3;(220, 1);False;[5.1408371264743185e-05, 0.9992902551383588];382;0;1.0;True;8
3;(220, 1);False;[6.604038292000652e-05, 0.9997561572721656];296;0;1.0;True;9
3;(220, 2);False;[0.0001397579014729226, 0.9994008556703792];381;0;1.0;True;0
3;(220, 2);False;[0.0004871045368805984, 0.9979704171224073];428;0;1.0;True;1
3;(220, 2);False;[0.00033515468435511386, 0.9990818593416988];445;0;1.0;True;2
3;(220, 2);False;[0.00023028628065779503, 0.9988136078539736];435;0;1.0;True;3
3;(220, 2);False;[0.00013947070441209608, 0.9973477323745812];435;0;1.0;True;4
3;(220, 2);False;[0.00033509619745904684, 0.9989074497127689];335;0;1.0;True;5
3;(220, 2);False;[0.00013968941053116256, 0.9989118508794051];476;0;1.0;True;6
3;(220, 2);False;[0.00012327770586623683, 0.998929336774493];385;0;1.0;True;7
3;(220, 2);False;[0.0010309879138267891, 0.9977647075402059];485;0;1.0;True;8
3;(220, 2);False;[0.0005523661693935691, 0.9987015915111486];316;0;1.0;True;9
3;(220, 3);True;[0.9983542867874734, 0.0007090056974672806];403;0;1.0;True;0
3;(220, 3);True;[0.9989997626833588, 0.0004876069625691444];476;0;1.0;True;1
3;(220, 3);True;[0.9982504512775086, 0.0005521167965891629];439;0;1.0;True;2
3;(220, 3);True;[0.9990932825819093, 0.0004303520581942016];461;0;1.0;True;3
3;(220, 3);True;[0.9984913018904107, 0.0004300927536208541];380;0;1.0;True;4
3;(220, 3);True;[0.9980225405866072, 0.0006254874131986537];426;0;1.0;True;5
3;(220, 3);True;[0.9974105826020456, 0.0006251039740217201];519;0;1.0;True;6
3;(220, 3);True;[0.9983883884599174, 0.0005521928868053217];362;0;1.0;True;7
3;(220, 3);True;[0.9987738878845434, 0.0007093036087489617];375;0;1.0;True;8
3;(220, 3);True;[0.9988345393659899, 0.0004302404395999902];392;0;1.0;True;9
2;(221, 0);False;[3.530837192417783e-05, 0.9986108791195002];362;0;1.0;True;0
2;(221, 0);False;[4.534925757118752e-05, 0.9988841363075013];551;0;1.0;True;1
2;(221, 0);False;[7.467949281011241e-05, 0.9976978968992631];543;0;1.0;True;2
2;(221, 0);False;[4.5355226246204275e-05, 0.9990154671096059];441;0;1.0;True;3
2;(221, 0);False;[4.530866548055376e-05, 0.9979902446679377];450;0;1.0;True;4
2;(221, 0);False;[4.004008722597079e-05, 0.9993709708954449];890;0;1.0;True;5
2;(221, 0);False;[4.5284085824797825e-05, 0.997448770863962];489;0;1.0;True;6
2;(221, 0);False;[6.584028109102596e-05, 0.9967266533501761];666;0;1.0;True;7
2;(221, 0);False;[3.99943674754221e-05, 0.9982296630896044];537;0;1.0;True;8
2;(221, 0);False;[5.131290669512448e-05, 0.9974350132603267];487;0;1.0;True;9
2;(221, 1);False;[0.00012318086889154462, 0.9981444996526359];455;0;1.0;True;0
2;(221, 1);False;[5.1394008406425014e-05, 0.9990114219466008];465;0;1.0;True;1
2;(221, 1);False;[6.602545810569176e-05, 0.9995298213066496];402;0;1.0;True;2
2;(221, 1);False;[6.597246135475827e-05, 0.9987273935372221];389;0;1.0;True;3
2;(221, 1);False;[4.5360157483298665e-05, 0.9991239837723651];503;0;1.0;True;4
2;(221, 1);False;[2.4258319044106384e-05, 0.9982508076986952];726;0;1.0;True;5
2;(221, 1);False;[6.595094750863204e-05, 0.9984022912499435];476;0;1.0;True;6
2;(221, 1);False;[0.00020323468202821827, 0.9988517847163574];494;0;1.0;True;7
2;(221, 1);False;[3.114785264195973e-05, 0.9982365528098505];556;0;1.0;True;8
2;(221, 1);False;[4.530896794953741e-05, 0.9979960625824544];462;0;1.0;True;9
2;(221, 2);False;[0.01401254557039864, 0.9823550766447322];592;0;0.9;False;0
2;(221, 2);False;[0.0024692238370748686, 0.9961559101897245];497;0;0.9;False;1
2;(221, 2);False;[0.0015000520975782061, 0.9977472623583163];606;0;0.9;False;2
2;(221, 2);False;[0.16434407231805373, 0.8346080530710748];712;0;0.9;False;3
2;(221, 2);True;[0.5615968059589207, 0.43737203225120724];570;0;0.1;True;4
2;(221, 2);False;[0.43690636792137105, 0.5609988811237662];693;0;0.9;False;5
2;(221, 2);False;[0.004065178356416642, 0.9947164558824919];526;0;0.9;False;6
2;(221, 2);False;[0.0010299157713603868, 0.9967270086471255];611;0;0.9;False;7
2;(221, 2);False;[0.042043962252168894, 0.9569162236474211];554;0;0.9;False;8
2;(221, 2);False;[0.0019233654310623724, 0.9963280584037317];642;0;0.9;False;9
2;(221, 3);False;[0.00013963133946848076, 0.9984959370748983];399;0;1.0;True;0
2;(221, 3);False;[5.820200644857159e-05, 0.9984102528741557];437;0;1.0;True;1
2;(221, 3);False;[0.00015798646185448265, 0.9970030274681081];589;0;1.0;True;2
2;(221, 3);False;[8.466371645056915e-05, 0.9981781119156897];421;0;1.0;True;3
2;(221, 3);False;[8.453874002662832e-05, 0.9967049809398808];484;0;1.0;True;4
2;(221, 3);False;[7.475652123574703e-05, 0.998726323298487];546;0;1.0;True;5
2;(221, 3);False;[5.816139041165937e-05, 0.997713797826616];400;0;1.0;True;6
2;(221, 3);False;[5.8228821905486824e-05, 0.9988706958967194];415;0;1.0;True;7
2;(221, 3);False;[9.604677924140181e-05, 0.9993251351396908];447;0;1.0;True;8
2;(221, 3);False;[0.00010877995149966451, 0.9988176514020528];688;0;1.0;True;9
2;(222, 0);False;[3.529497273764388e-05, 0.9982310885130065];500;0;1.0;True;0
2;(222, 0);False;[3.117899894658026e-05, 0.9992344284622109];547;0;1.0;True;1
2;(222, 0);False;[2.4274657526087734e-05, 0.9989231512923626];570;0;1.0;True;2
2;(222, 0);False;[2.7512929719007754e-05, 0.9991459993386804];493;0;1.0;True;3
2;(222, 0);False;[2.143731087939826e-05, 0.9996224875508513];558;0;1.0;True;4
2;(222, 0);False;[2.428236773940442e-05, 0.9992404988469438];416;0;1.0;True;5
2;(222, 0);False;[2.7517705517608867e-05, 0.9993195398808481];453;0;1.0;True;6
2;(222, 0);False;[1.6685796312609867e-05, 0.9990479482154088];491;0;1.0;True;7
2;(222, 0);False;[2.752308584397204e-05, 0.9995150534829064];389;0;1.0;True;8
2;(222, 0);False;[5.136338431787478e-05, 0.9984159567737817];525;0;1.0;True;9
2;(222, 1);False;[1.8907321996279162e-05, 0.9990387866621026];559;0;1.0;True;0
2;(222, 1);False;[2.425272113242873e-05, 0.9980202845065893];683;0;1.0;True;1
2;(222, 1);False;[1.8907430185152973e-05, 0.9990446167370451];468;0;1.0;True;2
2;(222, 1);False;[3.1132588061290106e-05, 0.9977473810667596];423;0;1.0;True;3
2;(222, 1);False;[2.4262923253619222e-05, 0.9984404366993397];551;0;1.0;True;4
2;(222, 1);False;[1.4723281919888516e-05, 0.998919939485117];486;0;1.0;True;5
2;(222, 1);False;[1.6675853766393827e-05, 0.9984522018340921];613;0;1.0;True;6
2;(222, 1);False;[2.423133605877001e-05, 0.9971406200164608];592;0;1.0;True;7
2;(222, 1);False;[1.667881204878125e-05, 0.9986296622751556];594;0;1.0;True;8
2;(222, 1);False;[2.1407789337795095e-05, 0.9982459371624777];466;0;1.0;True;9
2;(222, 2);True;[0.9972409052018882, 0.0016989195403195427];477;0;1.0;True;0
2;(222, 2);True;[0.9973589973285953, 0.0016991204589746622];626;0;1.0;True;1
2;(222, 2);True;[0.9983675944938916, 0.0008034194360357467];548;0;1.0;True;2
2;(222, 2);True;[0.998029664850932, 0.0009100853255700146];403;0;1.0;True;3
2;(222, 2);True;[0.9978893339475348, 0.0011684083213775755];484;0;1.0;True;4
2;(222, 2);True;[0.9981775180011776, 0.0006255843537931977];531;0;1.0;True;5
2;(222, 2);True;[0.9973617247061591, 0.001699125320204243];320;0;1.0;True;6
2;(222, 2);True;[0.9971361160277208, 0.0019249251877451817];531;0;1.0;True;7
2;(222, 2);True;[0.9974921810167159, 0.0019256127995448565];398;0;1.0;True;8
2;(222, 2);True;[0.9968736466343491, 0.0019244185869476804];599;0;1.0;True;9
2;(222, 3);False;[0.00406671194223922, 0.9950914515846735];539;0;0.9;True;0
2;(222, 3);False;[0.001699285748583092, 0.9974558870844493];618;0;0.9;True;1
2;(222, 3);False;[0.0013237622934335375, 0.9977253082760433];556;0;0.9;True;2
2;(222, 3);False;[0.001499353431208619, 0.9972825188468093];918;0;0.9;True;3
2;(222, 3);False;[9.595513404801242e-05, 0.9983713968113248];652;0;0.9;True;4
2;(222, 3);False;[0.0007085774791430641, 0.9977511785828647];603;0;0.9;True;5
2;(222, 3);False;[0.0006247565177343728, 0.996856351185047];605;0;0.9;True;6
2;(222, 3);False;[0.0005523134941624596, 0.9986062429364202];447;0;0.9;True;7
2;(222, 3);True;[0.865852000691768, 0.1327827028800846];696;0;0.1;False;8
2;(222, 3);False;[0.004063858501191226, 0.9943933696567384];511;0;0.9;True;9
1;(223, 0);False;[8.476664377885962e-05, 0.999391330445599];423;0;1.0;True;0
1;(223, 0);False;[5.8261094549400444e-05, 0.9994238360466302];317;0;1.0;True;1
1;(223, 0);False;[4.538347997948181e-05, 0.9996378541597299];384;0;1.0;True;2
1;(223, 0);False;[0.00023019164470244413, 0.9984032418900375];341;0;1.0;True;3
1;(223, 0);False;[5.140356685861108e-05, 0.9991972934677634];328;0;1.0;True;4
1;(223, 0);False;[5.138018855771152e-05, 0.9987432082067556];348;0;1.0;True;5
1;(223, 0);False;[5.822082594274126e-05, 0.9987331009926843];423;0;1.0;True;6
1;(223, 0);False;[6.598995438881676e-05, 0.9989920296519356];317;0;1.0;True;7
1;(223, 0);False;[6.601387323396851e-05, 0.9993541838031262];350;0;1.0;True;8
1;(223, 0);False;[3.5326559858252e-05, 0.9991248167506976];407;0;1.0;True;9
1;(223, 1);True;[0.9958580151115178, 0.0021784309900946632];469;0;1.0;True;0
1;(223, 1);True;[0.9959920989487786, 0.0031700246263882542];295;0;1.0;True;1
1;(223, 1);True;[0.9968384639624653, 0.0024709151878597965];384;0;1.0;True;2
1;(223, 1);True;[0.9975613367406321, 0.0016994656408388148];338;0;1.0;True;3
1;(223, 1);True;[0.996460374995287, 0.002469978677159654];386;0;1.0;True;4
1;(223, 1);True;[0.9977523652079772, 0.001500059965685214];388;0;1.0;True;5
1;(223, 1);True;[0.9977609099726085, 0.0015000728408584294];301;0;1.0;True;6
1;(223, 1);True;[0.9964577709576159, 0.00279884450956168];341;0;1.0;True;7
1;(223, 1);True;[0.9962519746701421, 0.002798266690419104];334;0;1.0;True;8
1;(223, 1);True;[0.9963241533323982, 0.0024696406781131493];335;0;1.0;True;9
1;(223, 2);False;[0.0002302610259598962, 0.9987033750050657];383;0;1.0;True;0
1;(223, 2);False;[8.468051237164665e-05, 0.9983760308580591];404;0;1.0;True;1
1;(223, 2);False;[8.475556945368918e-05, 0.9992610911895522];380;0;1.0;True;2
1;(223, 2);False;[0.00023015169409922054, 0.9982291879101863];462;0;1.0;True;3
1;(223, 2);False;[7.479745483527683e-05, 0.9992733517333366];418;0;1.0;True;4
1;(223, 2);False;[0.0001582661976725946, 0.9987686556319868];472;0;1.0;True;5
1;(223, 2);False;[6.593692325332338e-05, 0.9981901083440313];434;0;1.0;True;6
1;(223, 2);False;[9.59329911961338e-05, 0.9981415304160031];491;0;1.0;True;7
1;(223, 2);False;[0.0001232624231319721, 0.9988055209232002];387;0;1.0;True;8
1;(223, 2);False;[4.5355009976147975e-05, 0.999010708096006];438;0;1.0;True;9
1;(223, 3);False;[6.584028109102596e-05, 0.9967264164082573];453;0;1.0;True;0
1;(223, 3);False;[6.599681443414906e-05, 0.9990962573830688];356;0;1.0;True;1
1;(223, 3);False;[9.598735095650885e-05, 0.9987063475407602];338;0;1.0;True;2
1;(223, 3);False;[7.469929457109528e-05, 0.9979617502031144];362;0;1.0;True;3
1;(223, 3);False;[8.473132415924365e-05, 0.9989751362341005];407;0;1.0;True;4
1;(223, 3);False;[0.00015819195536281592, 0.9983003467169732];397;0;1.0;True;5
1;(223, 3);False;[0.00010878067768660961, 0.9988237166967256];467;0;1.0;True;6
1;(223, 3);False;[7.475616476972548e-05, 0.9987218049387528];498;0;1.0;True;7
1;(223, 3);False;[8.470918618375603e-05, 0.998714551794486];418;0;1.0;True;8
1;(223, 3);False;[6.602218391412929e-05, 0.999479922071357];320;0;1.0;True;9
0;(224, 0);True;[0.9991145827908785, 0.0004303610874344298];558;0;1.0;True;0
0;(224, 0);True;[0.9980274087548093, 0.00042989284299406206];334;0;1.0;True;1
0;(224, 0);True;[0.9989946469413732, 0.0004876046374835044];454;0;1.0;True;2
0;(224, 0);True;[0.9991047060690412, 0.0003797887046892185];405;0;1.0;True;3
0;(224, 0);True;[0.9990399764468167, 0.0003797640762459366];421;0;1.0;True;4
0;(224, 0);True;[0.9993003736912093, 0.0002958375721626781];432;0;1.0;True;5
0;(224, 0);True;[0.998999881657119, 0.00048760719507831823];516;0;1.0;True;6
0;(224, 0);True;[0.998507703444848, 0.0010317556079397603];556;0;1.0;True;7
0;(224, 0);True;[0.9992959691259229, 0.000295836443634053];412;0;1.0;True;8
0;(224, 0);True;[0.9990848341088455, 0.0006261531755969564];266;0;1.0;True;9
0;(224, 1);False;[2.751967380767446e-05, 0.9993903779339314];316;0;1.0;True;0
0;(224, 1);False;[2.7529989949567535e-05, 0.9997649745379049];373;0;1.0;True;1
0;(224, 1);False;[4.002092284194595e-05, 0.9988925813391258];559;0;1.0;True;2
0;(224, 1);False;[3.1178582664812156e-05, 0.9992209785687892];502;0;1.0;True;3
0;(224, 1);False;[3.533805002766211e-05, 0.9994499134613775];387;0;1.0;True;4
0;(224, 1);False;[4.535963838046284e-05, 0.9991127978065945];450;0;1.0;True;5
0;(224, 1);False;[3.119062734719133e-05, 0.9996074787238038];330;0;1.0;True;6
0;(224, 1);False;[2.426722747573187e-05, 0.9986174174762626];392;0;1.0;True;7
0;(224, 1);False;[2.4284220407713575e-05, 0.9993169208676973];441;0;1.0;True;8
0;(224, 1);False;[2.7530646323500734e-05, 0.9997894015414519];423;0;1.0;True;9
0;(224, 2);False;[0.00026105358271271805, 0.9992158605889089];528;0;0.9;True;0
0;(224, 2);False;[0.00017948008207198943, 0.9995538795254708];358;0;0.9;True;1
0;(224, 2);False;[0.0001583622210739261, 0.9993741854908211];374;0;0.9;True;2
0;(224, 2);False;[0.0006260719689798758, 0.9989551504991797];636;0;0.9;True;3
0;(224, 2);True;[0.7307300135332191, 0.26882056504875496];414;0;0.1;False;4
0;(224, 2);False;[0.00033509683660493047, 0.9989092339231751];452;0;0.9;True;5
0;(224, 2);False;[0.00029578933140555325, 0.9991373119742799];365;0;0.9;True;6
0;(224, 2);False;[0.00043030178520698045, 0.9989769207979983];475;0;0.9;True;7
0;(224, 2);False;[0.0002611058695687078, 0.9994158582536616];414;0;0.9;True;8
0;(224, 2);False;[0.00013965344624678385, 0.9986541526721474];524;0;0.9;True;9
0;(224, 3);False;[5.8260983425287386e-05, 0.9994226453393744];519;0;1.0;True;0
0;(224, 3);False;[4.538486499451121e-05, 0.9996679931975306];325;0;1.0;True;1
0;(224, 3);False;[5.8267540110621934e-05, 0.9995349425236921];612;0;1.0;True;2
0;(224, 3);False;[5.140812613111101e-05, 0.9992858506758374];468;0;1.0;True;3
0;(224, 3);False;[4.537910880301966e-05, 0.9995418502709511];458;0;1.0;True;4
0;(224, 3);False;[4.005555522008251e-05, 0.999756991330385];257;0;1.0;True;5
0;(224, 3);False;[5.824781671847905e-05, 0.9991966983652307];542;0;1.0;True;6
0;(224, 3);False;[5.825303860053273e-05, 0.9992860887496802];454;0;1.0;True;7
0;(224, 3);False;[5.140802807798543e-05, 0.9992844222339722];422;0;1.0;True;8
0;(224, 3);False;[5.8274430981859994e-05, 0.999652863879262];324;0;1.0;True;9
1;(225, 0);False;[3.118902112073921e-05, 0.9995555469851003];413;0;1.0;True;0
1;(225, 0);False;[2.752177347225779e-05, 0.9994669419658091];554;0;1.0;True;1
1;(225, 0);False;[2.143111717783969e-05, 0.9993340638511896];464;0;1.0;True;2
1;(225, 0);False;[5.139920406249211e-05, 0.9991129168519723];608;0;1.0;True;3
1;(225, 0);False;[0.0002609729321020545, 0.9989066170900891];504;0;1.0;True;4
1;(225, 0);False;[6.598215116755769e-05, 0.9988741451143379];492;0;1.0;True;5
1;(225, 0);False;[0.00026102121990627695, 0.9990912596663516];551;0;1.0;True;6
1;(225, 0);False;[2.751975254220541e-05, 0.9993939498864522];424;0;1.0;True;7
1;(225, 0);False;[4.0034245316153476e-05, 0.99922466833476];601;0;1.0;True;8
1;(225, 0);False;[0.0004302414653743559, 0.9988367990308746];484;0;1.0;True;9
1;(225, 1);True;[0.9983159103313656, 0.0011689076259241524];404;0;1.0;True;0
1;(225, 1);True;[0.99784422746994, 0.0008029981362708693];377;0;1.0;True;1
1;(225, 1);True;[0.9984619468028458, 0.0008034952934643462];518;0;1.0;True;2
1;(225, 1);True;[0.99877995279719, 0.0007093080056527119];409;0;1.0;True;3
1;(225, 1);True;[0.9986810222665151, 0.0004874514387766467];506;0;1.0;True;4
1;(225, 1);True;[0.9977311230199621, 0.0009098128379205424];427;0;1.0;True;5
1;(225, 1);True;[0.9987963637441123, 0.0006259722664371547];492;0;1.0;True;6
1;(225, 1);True;[0.9980181471723293, 0.0013241511814799975];399;0;1.0;True;7
1;(225, 1);True;[0.9980180284316713, 0.0013241505500756615];364;0;1.0;True;8
1;(225, 1);True;[0.9984390106282983, 0.000625748441335106];634;0;1.0;True;9
1;(225, 2);False;[2.429049737211342e-05, 0.9995744847554361];444;0;1.0;True;0
1;(225, 2);False;[1.6695474109855e-05, 0.9996276097081689];374;0;1.0;True;1
1;(225, 2);False;[2.142929824579737e-05, 0.9992490689775487];462;0;1.0;True;2
1;(225, 2);False;[2.142917562672005e-05, 0.9992432364880587];411;0;1.0;True;3
1;(225, 2);False;[2.1424823104013896e-05, 0.9990399764468167];410;0;1.0;True;4
1;(225, 2);False;[2.4286281667308534e-05, 0.9994008556703792];462;0;1.0;True;5
1;(225, 2);False;[2.428781035482017e-05, 0.9994638458102044];488;0;1.0;True;6
1;(225, 2);False;[2.42876482167348e-05, 0.9994572963848026];337;0;1.0;True;7
1;(225, 2);False;[2.1435205228899105e-05, 0.9995247001740262];408;0;1.0;True;8
1;(225, 2);False;[1.4734280297757478e-05, 0.9996663253757535];478;0;1.0;True;9
1;(225, 3);False;[1.6691892034090552e-05, 0.9994127624889982];652;0;1.0;True;0
1;(225, 3);False;[2.1429216499667865e-05, 0.9992453790051481];461;0;1.0;True;1
1;(225, 3);False;[2.1412199660743065e-05, 0.9984516076402618];463;0;1.0;True;2
1;(225, 3);False;[2.4292535997322275e-05, 0.9996583437269434];489;0;1.0;True;3
1;(225, 3);False;[2.428781035482017e-05, 0.9994645602754746];529;0;1.0;True;4
1;(225, 3);False;[1.8912750234987393e-05, 0.9993258493894669];481;0;1.0;True;5
1;(225, 3);False;[2.428783351749215e-05, 0.9994653938868079];599;0;1.0;True;6
1;(225, 3);False;[2.4274518625780598e-05, 0.9989168467683587];539;0;1.0;True;7
1;(225, 3);False;[2.1432609226115743e-05, 0.9994028797945221];550;0;1.0;True;8
1;(225, 3);False;[1.669063450979297e-05, 0.9993375162976068];543;0;1.0;True;9
1;(226, 0);False;[2.426301580950275e-05, 0.9984436453375717];539;0;1.0;True;0
1;(226, 0);False;[2.1412158820252266e-05, 0.9984499438529243];399;0;1.0;True;1
1;(226, 0);False;[2.7498135254945397e-05, 0.9986081449546632];304;0;1.0;True;2
1;(226, 0);False;[2.1407891418332785e-05, 0.9982503325092118];561;0;1.0;True;3
1;(226, 0);False;[2.7457543856961932e-05, 0.9971349305998395];472;0;1.0;True;4
1;(226, 0);False;[2.14290938810583e-05, 0.9992391895303306];312;0;1.0;True;5
1;(226, 0);False;[2.4271092669788942e-05, 0.9987759095180002];405;0;1.0;True;6
1;(226, 0);False;[2.1415936895321135e-05, 0.9986259769733011];422;0;1.0;True;7
1;(226, 0);False;[2.1412117979839363e-05, 0.99844780466864];510;0;1.0;True;8
1;(226, 0);False;[1.6683680042378017e-05, 0.9989213669408079];404;0;1.0;True;9
1;(226, 1);True;[0.9988296631910064, 0.00033506999352741346];432;0;1.0;True;0
1;(226, 1);True;[0.9966133284408124, 0.0005512113651563853];497;0;1.0;True;1
1;(226, 1);True;[0.998373297917359, 0.0004300418957448408];605;0;1.0;True;2
1;(226, 1);True;[0.9979807464225986, 0.00048710964683734963];431;0;1.0;True;3
1;(226, 1);True;[0.9977465503402596, 0.0002953774897336298];410;0;1.0;True;4
1;(226, 1);True;[0.9982653005636403, 0.0003794695641955367];470;0;1.0;True;5
1;(226, 1);True;[0.9983729414524377, 0.00043004169068493425];529;0;1.0;True;6
1;(226, 1);True;[0.9972030884912357, 0.00029521668628868376];459;0;1.0;True;7
1;(226, 1);True;[0.9978420909773755, 0.0006253743845245169];673;0;1.0;True;8
1;(226, 1);True;[0.998452558327313, 0.00048733988276346865];409;0;1.0;True;9
1;(226, 2);False;[1.6689042842745125e-05, 0.9992418081652724];454;0;1.0;True;0
1;(226, 2);False;[2.1427091209751767e-05, 0.9991459993386804];549;0;1.0;True;1
1;(226, 2);False;[1.4725247821338505e-05, 0.9990538973821609];680;0;1.0;True;2
1;(226, 2);False;[1.8911217185771597e-05, 0.9992453790051481];401;0;1.0;True;3
1;(226, 2);False;[2.7474622147463015e-05, 0.9977545015084286];420;0;1.0;True;4
1;(226, 2);False;[2.4246384560313692e-05, 0.9977591297879167];415;0;1.0;True;5
1;(226, 2);False;[1.6689154254497673e-05, 0.9992488309125258];556;0;1.0;True;6
1;(226, 2);False;[1.2999608997425585e-05, 0.9994084759853765];457;0;1.0;True;7
1;(226, 2);False;[2.4246222698774418e-05, 0.9977530772301836];499;0;1.0;True;8
1;(226, 2);False;[1.1453290317755652e-05, 0.9977690986772513];562;0;1.0;True;9
1;(226, 3);False;[2.423138227641979e-05, 0.9971416868147118];403;0;1.0;True;0
1;(226, 3);False;[2.4262992670498768e-05, 0.998442575751604];372;0;1.0;True;1
1;(226, 3);False;[3.118128859565605e-05, 0.9993079924256999];509;0;1.0;True;2
1;(226, 3);False;[2.4222394602188445e-05, 0.9967721326212154];400;0;1.0;True;3
1;(226, 3);False;[2.1429012135708384e-05, 0.9992353806507548];524;0;1.0;True;4
1;(226, 3);False;[1.4732327240257694e-05, 0.9995337515386135];484;0;1.0;True;5
1;(226, 3);False;[3.116443239117579e-05, 0.9987673475731306];604;0;1.0;True;6
1;(226, 3);False;[2.4277389393654072e-05, 0.9990349793023876];564;0;1.0;True;7
1;(226, 3);False;[2.4277435699143703e-05, 0.9990373588641643];445;0;1.0;True;8
1;(226, 3);False;[2.426738947749363e-05, 0.9986240748048388];649;0;1.0;True;9
2;(227, 0);False;[1.147290242968469e-05, 0.9994770640530611];314;0;1.0;True;0
2;(227, 0);False;[1.6694678026592316e-05, 0.9995796064340502];464;0;1.0;True;1
2;(227, 0);False;[1.890744821669213e-05, 0.9990462824457622];541;0;1.0;True;2
2;(227, 0);False;[1.8907376090638684e-05, 0.9990418801634586];451;0;1.0;True;3
2;(227, 0);False;[1.668379141832989e-05, 0.9989280283889067];525;0;1.0;True;4
2;(227, 0);False;[2.1415936895321135e-05, 0.9986262147155498];530;0;1.0;True;5
2;(227, 0);False;[1.8914139104500822e-05, 0.9993995459691306];427;0;1.0;True;6
2;(227, 0);False;[2.75065545327488e-05, 0.9989144677262022];607;0;1.0;True;7
2;(227, 0);False;[1.4723394250043583e-05, 0.9989275525281799];348;0;1.0;True;8
2;(227, 0);False;[2.1427275120740083e-05, 0.9991546868367749];546;0;1.0;True;9
2;(227, 1);False;[3.1154210140791114e-05, 0.9984400802104468];528;0;1.0;True;0
2;(227, 1);False;[2.142715251323915e-05, 0.9991483794556818];466;0;1.0;True;1
2;(227, 1);False;[1.8902544271771017e-05, 0.9987868500362731];549;0;1.0;True;2
2;(227, 1);False;[2.428442884174375e-05, 0.9993246589152885];617;0;1.0;True;3
2;(227, 1);False;[2.1427111644228073e-05, 0.9991470703760899];572;0;1.0;True;4
2;(227, 1);False;[2.4284289885524856e-05, 0.999319182729067];452;0;1.0;True;5
2;(227, 1);False;[2.4263038948528797e-05, 0.9984444772256461];487;0;1.0;True;6
2;(227, 1);False;[2.1424823104013896e-05, 0.9990397384897606];433;0;1.0;True;7
2;(227, 1);False;[3.118152649091624e-05, 0.999315849415545];551;0;1.0;True;8
2;(227, 1);False;[1.8899606120172336e-05, 0.9986314455243646];348;0;1.0;True;9
2;(227, 2);True;[0.999393592649905, 9.605337447677925e-05];366;0;1.0;True;0
2;(227, 2);True;[0.9988142024957902, 0.0001232634811063765];466;0;1.0;True;1
2;(227, 2);True;[0.9988344204119208, 0.00010878181884731798];695;0;1.0;True;2
2;(227, 2);True;[0.9992556156424962, 9.604009286785411e-05];598;0;1.0;True;3
2;(227, 2);True;[0.9988308524941109, 0.00010878140387840257];407;0;1.0;True;4
2;(227, 2);True;[0.9988557095786675, 8.472114320389941e-05];395;0;1.0;True;5
2;(227, 2);True;[0.9979325450981215, 0.0001086836191194219];531;0;1.0;True;6
2;(227, 2);True;[0.999405261163355, 8.476777554320978e-05];409;0;1.0;True;7
2;(227, 2);True;[0.9992335952761682, 0.0001088252956099677];434;0;1.0;True;8
2;(227, 2);True;[0.9977096445731372, 8.462400089566121e-05];591;0;1.0;True;9
2;(227, 3);False;[3.1178969211983937e-05, 0.999233119153552];585;0;1.0;True;0
2;(227, 3);False;[3.113297403822801e-05, 0.9977593672076411];659;0;1.0;True;1
2;(227, 3);False;[2.424666203975209e-05, 0.997771116069938];766;0;1.0;True;2
2;(227, 3);False;[1.8907502311412768e-05, 0.9990483051539475];503;0;1.0;True;3
2;(227, 3);False;[1.6698340323931672e-05, 0.9997984577182182];328;0;1.0;True;4
2;(227, 3);False;[2.141599816689572e-05, 0.9986284734441188];471;0;1.0;True;5
2;(227, 3);False;[2.751991001194309e-05, 0.9993995459691306];375;0;1.0;True;6
2;(227, 3);False;[2.14078505860593e-05, 0.9982489070583304];546;0;1.0;True;7
2;(227, 3);False;[2.1433978731708183e-05, 0.9994674182580158];402;0;1.0;True;8
2;(227, 3);False;[1.8899552048042845e-05, 0.9986282357013323];494;0;1.0;True;9
0;(228, 0);True;[0.9984512510311453, 0.00048733941800016073];452;0;1.0;True;0
0;(228, 0);True;[0.9988648678832667, 0.0006260152500173384];576;0;1.0;True;1
0;(228, 0);True;[0.9988695064298899, 0.000552459153435269];536;0;1.0;True;2
0;(228, 0);True;[0.9992137181932729, 0.00033519879597895065];638;0;1.0;True;3
0;(228, 0);True;[0.9989994057621633, 0.0004876069625691444];427;0;1.0;True;4
0;(228, 0);True;[0.9990600845461849, 0.00043033769388426123];538;0;1.0;True;5
0;(228, 0);True;[0.9987407111003064, 0.0004302000260363559];589;0;1.0;True;6
0;(228, 0);True;[0.9988347772741706, 0.0004302406447546677];462;0;1.0;True;7
0;(228, 0);True;[0.9985141215126947, 0.0005522626673270616];604;0;1.0;True;8
0;(228, 0);True;[0.9989217238341218, 0.00043027798453510146];492;0;1.0;True;9
0;(228, 1);False;[2.1425006995534823e-05, 0.9990490190314074];477;0;1.0;True;0
0;(228, 1);False;[5.139415544607286e-05, 0.9990139204276992];661;0;1.0;True;1
0;(228, 1);False;[4.537170905811807e-05, 0.9993788288458259];408;0;1.0;True;2
0;(228, 1);False;[3.117596616381762e-05, 0.999136955003941];603;0;1.0;True;3
0;(228, 1);False;[1.668146858815207e-05, 0.9987883960178046];556;0;1.0;True;4
0;(228, 1);False;[3.5330333343450535e-05, 0.9992314527843447];532;0;1.0;True;5
0;(228, 1);False;[4.003428349580321e-05, 0.9992256205140032];550;0;1.0;True;6
0;(228, 1);False;[5.1393812354215614e-05, 0.9990080906481895];524;0;1.0;True;7
0;(228, 1);False;[3.5308506615184565e-05, 0.9986138511473824];502;0;1.0;True;8
0;(228, 1);False;[3.117596616381762e-05, 0.9991373119742799];553;0;1.0;True;9
0;(228, 2);False;[3.533572473581062e-05, 0.99938406755252];448;0;1.0;True;0
0;(228, 2);False;[8.466379719221956e-05, 0.9981795372654793];681;0;1.0;True;1
0;(228, 2);False;[6.60183432425164e-05, 0.9994224071748239];604;0;1.0;True;2
0;(228, 2);False;[6.59730905201782e-05, 0.9987369060973811];559;0;1.0;True;3
0;(228, 2);False;[6.597327927097423e-05, 0.9987399976756872];601;0;1.0;True;4
0;(228, 2);False;[6.597265010375423e-05, 0.9987308417949304];590;0;1.0;True;5
0;(228, 2);False;[5.819024041718642e-05, 0.9982086380403338];535;0;1.0;True;6
0;(228, 2);False;[5.1363580254010215e-05, 0.9984203535665127];544;0;1.0;True;7
0;(228, 2);False;[4.535989793113817e-05, 0.9991183907447471];545;0;1.0;True;8
0;(228, 2);False;[4.535526950033928e-05, 0.9990160619878998];419;0;1.0;True;9
0;(228, 3);False;[5.13800415580232e-05, 0.9987404733307996];439;0;1.0;True;0
0;(228, 3);False;[4.534969005747191e-05, 0.9988929382221553];506;0;1.0;True;1
0;(228, 3);False;[5.135304974626796e-05, 0.9982152899709895];501;0;1.0;True;2
0;(228, 3);False;[4.000951255789291e-05, 0.9986079072167163];444;0;1.0;True;3
0;(228, 3);False;[2.7493520171569303e-05, 0.9984406743974169];602;0;1.0;True;4
0;(228, 3);False;[3.1140783676343454e-05, 0.998009598113429];557;0;1.0;True;5
0;(228, 3);False;[4.004046907981975e-05, 0.9993802575971567];468;0;1.0;True;6
0;(228, 3);False;[3.116443239117579e-05, 0.9987677042951447];477;0;1.0;True;7
0;(228, 3);False;[6.598189946610612e-05, 0.9988706958967194];384;0;1.0;True;8
0;(228, 3);False;[3.997503435796583e-05, 0.9977472623583163];572;0;1.0;True;9
2;(229, 0);False;[2.7512877242308915e-05, 0.9991438572091479];380;0;1.0;True;0
2;(229, 0);False;[2.4271185256836376e-05, 0.99877995279719];460;0;1.0;True;1
2;(229, 0);False;[3.1159707155156234e-05, 0.9986157531801166];455;0;1.0;True;2
2;(229, 0);False;[2.4263062087576916e-05, 0.9984459033044955];547;0;1.0;True;3
2;(229, 0);False;[1.8905266525294123e-05, 0.9989302884978734];513;0;1.0;True;4
2;(229, 0);False;[2.1429216499667865e-05, 0.9992453790051481];467;0;1.0;True;5
2;(229, 0);False;[2.1415977743018047e-05, 0.998627284614497];542;0;1.0;True;6
2;(229, 0);False;[2.4267412620690735e-05, 0.9986252636306393];397;0;1.0;True;7
2;(229, 0);False;[2.1422330507990922e-05, 0.9989237459993958];373;0;1.0;True;8
2;(229, 0);False;[2.427132413806977e-05, 0.9987857797338243];584;0;1.0;True;9
2;(229, 1);False;[5.8176645843686636e-05, 0.9979754035395741];559;0;1.0;True;0
2;(229, 1);False;[7.478340367015437e-05, 0.9990857860385294];1083;0;1.0;True;1
2;(229, 1);False;[3.114099156419644e-05, 0.9980163660639425];530;0;1.0;True;2
2;(229, 1);False;[2.1419368373473296e-05, 0.9987853040571345];473;0;1.0;True;3
2;(229, 1);False;[2.7506239747014932e-05, 0.9989031676440537];369;0;1.0;True;4
2;(229, 1);False;[4.0045357130729856e-05, 0.999502072426593];448;0;1.0;True;5
2;(229, 1);False;[3.5341723626581676e-05, 0.9995542368484039];829;0;1.0;True;6
2;(229, 1);False;[3.117890974287635e-05, 0.9992320479075765];554;0;1.0;True;7
2;(229, 1);False;[5.132832378809583e-05, 0.9977346832925835];499;0;1.0;True;8
2;(229, 1);False;[6.600896286923992e-05, 0.9992797797247636];410;0;1.0;True;9
2;(229, 2);True;[0.9973400250188794, 0.000708285276606875];558;0;1.0;True;0
2;(229, 2);True;[0.9985065148752399, 0.000910520259890924];383;0;1.0;True;1
2;(229, 2);True;[0.9981372548841514, 0.0010313729189464233];585;0;1.0;True;2
2;(229, 2);True;[0.9974728475914159, 0.001167920368214828];408;0;1.0;True;3
2;(229, 2);True;[0.9978432779429386, 0.0015001965912140197];410;0;1.0;True;4
2;(229, 2);True;[0.9961724716904649, 0.001321702336469283];458;0;1.0;True;5
2;(229, 2);True;[0.997351171224522, 0.0009094667053898426];470;0;1.0;True;6
2;(229, 2);True;[0.9978460078064616, 0.0006253767701430217];569;0;1.0;True;7
2;(229, 2);True;[0.9985792585228143, 0.0009105862561063416];393;0;1.0;True;8
2;(229, 2);True;[0.9966965728519818, 0.002470564102000045];358;0;1.0;True;9
2;(229, 3);False;[0.00010870642424244787, 0.9981424805754125];636;0;0.9;True;0
2;(229, 3);False;[0.18203684516740992, 0.8158325393856036];595;0;0.9;True;1
2;(229, 3);False;[0.20133713230137956, 0.7963037816930646];564;0;0.9;True;2
2;(229, 3);False;[0.00029537664465306186, 0.9977431087332272];596;0;0.9;True;3
2;(229, 3);False;[9.598707633488778e-05, 0.9987034939435282];524;0;0.9;True;4
2;(229, 3);False;[0.002180090516564315, 0.9966168805479574];524;0;0.9;True;5
2;(229, 3);True;[0.5613425297748661, 0.4371740017599491];537;0;0.1;False;6
2;(229, 3);False;[9.603990968608897e-05, 0.9992533540413328];552;0;0.9;True;7
2;(229, 3);False;[6.599712913223382e-05, 0.9991010171531339];615;0;0.9;True;8
2;(229, 3);False;[0.00026083633099784374, 0.9983837543558243];792;0;0.9;True;9
2;(230, 0);False;[2.42801447240039e-05, 0.9991488554797624];359;0;1.0;True;0
2;(230, 0);False;[1.6668746491341998e-05, 0.9980269337878545];402;0;1.0;True;1
2;(230, 0);False;[2.1419347946381545e-05, 0.9987848283806713];314;0;1.0;True;2
2;(230, 0);False;[2.4246338314049353e-05, 0.9977578244450592];502;0;1.0;True;3
2;(230, 0);False;[2.1422228358602453e-05, 0.998919463744533];374;0;1.0;True;4
2;(230, 0);False;[1.298958337430156e-05, 0.9986385785530439];334;0;1.0;True;5
2;(230, 0);False;[2.1397440897955388e-05, 0.9977629273487384];409;0;1.0;True;6
2;(230, 0);False;[1.6687546814118854e-05, 0.9991525446886167];362;0;1.0;True;7
2;(230, 0);False;[3.114788234688097e-05, 0.9982372655262162];369;0;1.0;True;8
2;(230, 0);False;[2.141912324965801e-05, 0.9987738878845434];442;0;1.0;True;9
2;(230, 1);False;[2.1429073444691586e-05, 0.9992384754006564];342;0;1.0;True;0
2;(230, 1);False;[2.1391319916664177e-05, 0.9974778292000136];321;0;1.0;True;1
2;(230, 1);False;[2.1407707673715408e-05, 0.9982422546712348];392;0;1.0;True;2
2;(230, 1);False;[1.8912678088708394e-05, 0.9993220398887218];303;0;1.0;True;3
2;(230, 1);False;[2.1397338867249543e-05, 0.9977585364711614];385;0;1.0;True;4
2;(230, 1);False;[2.1407809753863694e-05, 0.9982467687696134];345;0;1.0;True;5
2;(230, 1);False;[2.4270838057229627e-05, 0.9987661583456411];373;0;1.0;True;6
2;(230, 1);False;[3.5266070715789104e-05, 0.9974139032321409];423;0;1.0;True;7
2;(230, 1);False;[2.14246800783666e-05, 0.9990331945766232];370;0;1.0;True;8
2;(230, 1);False;[2.1397440897955388e-05, 0.9977631647693666];412;0;1.0;True;9
2;(230, 2);True;[0.9985063960764776, 0.0004300991112782417];335;0;1.0;True;0
2;(230, 2);True;[0.9986822112763714, 0.00048745213608202193];347;0;1.0;True;1
2;(230, 2);True;[0.9989689501194888, 0.00037973709544661096];324;0;1.0;True;2
2;(230, 2);True;[0.9989645484686859, 0.0002957382781213571];379;0;1.0;True;3
2;(230, 2);True;[0.999121722759905, 0.00029578481805297264];424;0;1.0;True;4
2;(230, 2);True;[0.9980921259293212, 0.0003794037058625195];316;0;1.0;True;5
2;(230, 2);True;[0.998676028719604, 0.00026091270932151025];474;0;1.0;True;6
2;(230, 2);True;[0.9986749586521727, 0.00037962520896896585];364;0;1.0;True;7
2;(230, 2);True;[0.9976604012993918, 0.0003792396525379765];452;0;1.0;True;8
2;(230, 2);True;[0.9991186287786935, 0.00023035656917803747];350;0;1.0;True;9
2;(230, 3);False;[3.114767441302719e-05, 0.9982302570351428];356;0;1.0;True;0
2;(230, 3);False;[2.1426948168963284e-05, 0.999138978070178];395;0;1.0;True;1
2;(230, 3);False;[1.6685716748722602e-05, 0.9990425940363276];395;0;1.0;True;2
2;(230, 3);False;[2.750251505601967e-05, 0.9987679420711344];372;0;1.0;True;3
2;(230, 3);False;[2.4282228794979214e-05, 0.9992346665238026];361;0;1.0;True;4
2;(230, 3);False;[2.7506423371588557e-05, 0.9989097097751756];358;0;1.0;True;5
2;(230, 3);False;[1.891116308042263e-05, 0.9992424032946716];359;0;1.0;True;6
2;(230, 3);False;[1.4728098844704733e-05, 0.9992464503235793];398;0;1.0;True;7
2;(230, 3);False;[2.142200363166235e-05, 0.9989087581876898];375;0;1.0;True;8
2;(230, 3);False;[2.7497873013542447e-05, 0.9985992291810037];417;0;1.0;True;9
2;(231, 0);False;[2.4273916733633876e-05, 0.9988928192611313];316;0;1.0;True;0
2;(231, 0);False;[2.4262645588087064e-05, 0.9984290284205047];267;0;1.0;True;1
2;(231, 0);False;[2.7487699977883967e-05, 0.9982300193871595];462;0;1.0;True;2
2;(231, 0);False;[2.142858297773731e-05, 0.9992156225317975];387;0;1.0;True;3
2;(231, 0);False;[2.7512431194409954e-05, 0.9991280297982501];328;0;1.0;True;4
2;(231, 0);False;[3.117192291234969e-05, 0.9990072578253224];387;0;1.0;True;5
2;(231, 0);False;[2.1426989037662554e-05, 0.9991406441106969];365;0;1.0;True;6
2;(231, 0);False;[2.7498266376584724e-05, 0.9986130190019346];344;0;1.0;True;7
2;(231, 0);False;[1.6685557622086235e-05, 0.9990331945766232];375;0;1.0;True;8
2;(231, 0);False;[2.426273814291138e-05, 0.9984328312043771];301;0;1.0;True;9
2;(231, 1);False;[4.0008520513034097e-05, 0.9985828246119042];360;0;1.0;True;0
2;(231, 1);False;[3.532241622724741e-05, 0.9990077337240185];298;0;1.0;True;1
2;(231, 1);False;[5.821066599106879e-05, 0.9985590508864387];299;0;1.0;True;2
2;(231, 1);False;[2.4279843706314393e-05, 0.9991361219573314];373;0;1.0;True;3
2;(231, 1);False;[2.141544672903517e-05, 0.9986027954576647];388;0;1.0;True;4
2;(231, 1);False;[3.5301671695182466e-05, 0.9984210665303391];328;0;1.0;True;5
2;(231, 1);False;[5.137181024667035e-05, 0.9985797339851238];276;0;1.0;True;6
2;(231, 1);False;[3.5301537030248836e-05, 0.9984172639075066];303;0;1.0;True;7
2;(231, 1);False;[2.426681090473901e-05, 0.9985998235789382];466;0;1.0;True;8
2;(231, 1);False;[2.4276671669858725e-05, 0.9990059492213764];378;0;1.0;True;9
2;(231, 2);True;[0.9943708559334097, 0.0027929824513655737];434;0;1.0;True;0
2;(231, 2);True;[0.996863577372347, 0.0019243993167240684];259;0;1.0;True;1
2;(231, 2);True;[0.9955540366160736, 0.0019218710865398585];431;0;1.0;True;2
2;(231, 2);True;[0.9939839182270375, 0.0027918959157472523];408;0;1.0;True;3
2;(231, 2);True;[0.996713270745353, 0.001924109369037301];396;0;1.0;True;4
2;(231, 2);True;[0.9954633044074337, 0.002796051266443971];344;0;1.0;True;5
2;(231, 2);True;[0.9957862587984053, 0.0016964407997432037];350;0;1.0;True;6
2;(231, 2);True;[0.9974251696302424, 0.001499567930779242];312;0;1.0;True;7
2;(231, 2);True;[0.9982064999540812, 0.0013244006097413823];386;0;1.0;True;8
2;(231, 2);True;[0.9955538001847047, 0.0019218710865398585];440;0;1.0;True;9
2;(231, 3);False;[0.00010868216804624252, 0.9979190115415649];452;0;1.0;True;0
2;(231, 3);False;[3.532244991334462e-05, 0.999009042446602];319;0;1.0;True;1
2;(231, 3);False;[0.00010862175841171844, 0.9973648078476999];456;0;1.0;True;2
2;(231, 3);False;[5.8235097284122084e-05, 0.9989782293639198];480;0;1.0;True;3
2;(231, 3);False;[9.593308268500722e-05, 0.9981421243091027];379;0;1.0;True;4
2;(231, 3);False;[3.117849346229923e-05, 0.9992187171623438];288;0;1.0;True;5
2;(231, 3);False;[5.817708969796345e-05, 0.9979830021808774];335;0;1.0;True;6
2;(231, 3);False;[5.1276169065900096e-05, 0.9967210869704806];387;0;1.0;True;7
2;(231, 3);False;[6.588600821751208e-05, 0.9974188840818975];392;0;1.0;True;8
2;(231, 3);False;[5.1327002141500856e-05, 0.9977085764703615];428;0;1.0;True;9
0;(232, 0);True;[0.9224212827975522, 0.0757169429594695];429;0;1.0;True;0
0;(232, 0);True;[0.9945745787510939, 0.004064598807731577];404;0;1.0;True;1
0;(232, 0);True;[0.9887822367297183, 0.009693681344749792];330;0;1.0;True;2
0;(232, 0);True;[0.9229375506612815, 0.07575932362481909];460;0;1.0;True;3
0;(232, 0);True;[0.8645828262928537, 0.13258805485510636];559;0;1.0;True;4
0;(232, 0);True;[0.9725724987772927, 0.025918181359015323];478;0;1.0;True;5
0;(232, 0);True;[0.9507614286353935, 0.04733562724676044];516;0;1.0;True;6
0;(232, 0);True;[0.9511580369894854, 0.047355370039826275];384;0;1.0;True;7
0;(232, 0);True;[0.9608313213724281, 0.03725547626065925];432;0;1.0;True;8
0;(232, 0);True;[0.9682954689299171, 0.029239990194935103];515;0;1.0;True;9
0;(232, 1);False;[3.5314298814560993e-05, 0.9987782878813434];486;0;1.0;True;0
0;(232, 1);False;[2.4239587305925223e-05, 0.9974797268626809];372;0;1.0;True;1
0;(232, 1);False;[3.116464043690152e-05, 0.9987743635557961];426;0;1.0;True;2
0;(232, 1);False;[0.00020327752069535795, 0.999061869319987];455;0;1.0;True;3
0;(232, 1);False;[4.532824370818052e-05, 0.9984208288369298];476;0;1.0;True;4
0;(232, 1);False;[5.1372741102648165e-05, 0.9985983970477403];615;0;1.0;True;5
0;(232, 1);False;[6.596315040805127e-05, 0.9985862719054635];602;0;1.0;True;6
0;(232, 1);False;[2.7506685694534465e-05, 0.9989189878878861];338;0;1.0;True;7
0;(232, 1);False;[0.00013958021430661771, 0.9981310790707884];518;0;1.0;True;8
0;(232, 1);False;[2.7493598831273992e-05, 0.9984438830364128];440;0;1.0;True;9
0;(232, 2);False;[0.009695253056691047, 0.9889428688316088];728;0;1.0;True;0
0;(232, 2);False;[0.2934252044889394, 0.7038904946533314];537;0;1.0;True;1
0;(232, 2);False;[0.005901989158480986, 0.9925617689540187];474;0;1.0;True;2
0;(232, 2);False;[0.18210098139038944, 0.8161200266396865];582;0;1.0;True;3
0;(232, 2);False;[0.0011665912291986143, 0.9963372887597157];456;0;1.0;True;4
0;(232, 2);False;[0.3479621121335579, 0.6500787705853818];578;0;1.0;True;5
0;(232, 2);False;[0.2686179190502002, 0.7301791863916063];519;0;1.0;True;6
0;(232, 2);False;[0.0003791402060219831, 0.9973988419328944];632;0;1.0;True;7
0;(232, 2);False;[0.1820316154261348, 0.8158091377807998];534;0;1.0;True;8
0;(232, 2);False;[0.0011676870471432558, 0.9972732711426974];599;0;1.0;True;9
0;(232, 3);False;[0.000709004007067986, 0.9983519104798034];654;0;1.0;True;0
0;(232, 3);False;[0.002793913533198711, 0.9947019476082867];610;0;1.0;True;1
0;(232, 3);False;[0.00012315256080691554, 0.9979156873710802];681;0;1.0;True;2
0;(232, 3);False;[0.03302898946099507, 0.9652485106739039];549;0;1.0;True;3
0;(232, 3);False;[0.003590231707549688, 0.995471573223911];489;0;1.0;True;4
0;(232, 3);False;[0.012409656999187465, 0.9858210938914738];583;0;1.0;True;5
0;(232, 3);False;[0.0016984116785483494, 0.9969428351462698];570;0;1.0;True;6
0;(232, 3);False;[0.014046409200715251, 0.9847291182495392];550;0;1.0;True;7
0;(232, 3);False;[0.26840755451583675, 0.7296074215495195];659;0;1.0;True;8
0;(232, 3);False;[0.004053440706571507, 0.9918442452755173];565;0;1.0;True;9
1;(233, 0);False;[8.468164298601079e-05, 0.9983895767726861];558;0;1.0;True;0
1;(233, 0);False;[2.4258342178653248e-05, 0.9982516391936767];522;0;1.0;True;1
1;(233, 0);False;[4.5297216354043917e-05, 0.9977371752122131];507;0;1.0;True;2
1;(233, 0);False;[5.131320031077181e-05, 0.9974409433587467];464;0;1.0;True;3
1;(233, 0);False;[3.116475932079693e-05, 0.9987779311555491];549;0;1.0;True;4
1;(233, 0);False;[5.1363776190893076e-05, 0.9984239185069679];568;0;1.0;True;5
1;(233, 0);False;[4.001588512477635e-05, 0.9987666340132126];415;0;1.0;True;6
1;(233, 0);False;[9.603221636744546e-05, 0.9991731333575613];429;0;1.0;True;7
1;(233, 0);False;[0.0001793606482777126, 0.9988890129809884];650;0;1.0;True;8
1;(233, 0);False;[3.5327233665334385e-05, 0.9991436192273488];492;0;1.0;True;9
1;(233, 1);True;[0.9871328998963875, 0.009677512146555607];486;0;1.0;True;0
1;(233, 1);True;[0.9910688580607762, 0.007566904482175101];354;0;1.0;True;1
1;(233, 1);True;[0.5306854476025612, 0.4683282637559799];652;0;1.0;True;2
1;(233, 1);True;[0.992125896346414, 0.005899394955490974];453;0;1.0;True;3
1;(233, 1);True;[0.9307132612759842, 0.06742064201306516];484;0;1.0;True;4
1;(233, 1);True;[0.9873018272897033, 0.010967930068749836];628;0;1.0;True;5
1;(233, 1);True;[0.9913661203312651, 0.007569174368555712];475;0;1.0;True;6
1;(233, 1);True;[0.991362605404264, 0.007569145494502018];450;0;1.0;True;7
1;(233, 1);True;[0.9919556668578764, 0.0066837460159226685];386;0;1.0;True;8
1;(233, 1);True;[0.9721597469365992, 0.02590717822666783];458;0;1.0;True;9
1;(233, 2);False;[5.8236541272255664e-05, 0.9990033317860283];548;0;1.0;True;0
1;(233, 2);False;[4.532837339351153e-05, 0.9984237997180326];539;0;1.0;True;1
1;(233, 2);False;[5.137234916123328e-05, 0.9985900758694956];770;0;1.0;True;2
1;(233, 2);False;[5.821233143540595e-05, 0.9985873417616172];415;0;1.0;True;3
1;(233, 2);False;[2.1424863968659924e-05, 0.9990424750574807];465;0;1.0;True;4
1;(233, 2);False;[5.8257594241653736e-05, 0.9993638273419405];441;0;1.0;True;5
1;(233, 2);False;[4.0021419015062693e-05, 0.9989049518468116];552;0;1.0;True;6
1;(233, 2);False;[4.001573247657994e-05, 0.998762709849726];526;0;1.0;True;7
1;(233, 2);False;[2.749338907256159e-05, 0.9984366338865];632;0;1.0;True;8
1;(233, 2);False;[4.0015465343637385e-05, 0.9987565263295327];384;0;1.0;True;9
1;(233, 3);False;[7.469993572303497e-05, 0.9979702983874281];579;0;1.0;True;0
1;(233, 3);False;[6.588625955316685e-05, 0.9974226791865608];571;0;1.0;True;1
1;(233, 3);False;[5.134198279582056e-05, 0.9980006931442966];552;0;1.0;True;2
1;(233, 3);False;[4.523293900139004e-05, 0.9963217867283615];653;0;1.0;True;3
1;(233, 3);False;[4.531933953619476e-05, 0.9982250303032919];578;0;1.0;True;4
1;(233, 3);False;[3.1154180429835223e-05, 0.9984393672330429];483;0;1.0;True;5
1;(233, 3);False;[8.466484684068205e-05, 0.9981915337109512];549;0;1.0;True;6
1;(233, 3);False;[3.99633322598936e-05, 0.9974552939480171];504;0;1.0;True;7
1;(233, 3);False;[7.470014944157111e-05, 0.9979733852691213];587;0;1.0;True;8
1;(233, 3);False;[3.525628506105385e-05, 0.9971370641853092];440;0;1.0;True;9
2;(234, 0);False;[3.527797857616936e-05, 0.9977504665620132];502;0;1.0;True;0
2;(234, 0);False;[2.4271185256836376e-05, 0.9987798338496219];403;0;1.0;True;1
2;(234, 0);False;[4.5360157483298665e-05, 0.9991243407380698];398;0;1.0;True;2
2;(234, 0);False;[3.995049057838234e-05, 0.9971349305998395];389;0;1.0;True;3
2;(234, 0);False;[4.531977173715717e-05, 0.9982347709630576];555;0;1.0;True;4
2;(234, 0);False;[2.1419450082035107e-05, 0.9987894663230569];557;0;1.0;True;5
2;(234, 0);False;[4.5233672344701756e-05, 0.9963381171529705];402;0;1.0;True;6
2;(234, 0);False;[5.1363580254010215e-05, 0.9984201158732732];488;0;1.0;True;7
2;(234, 0);False;[2.4274564925794666e-05, 0.9989188689237598];487;0;1.0;True;8
2;(234, 0);False;[3.116443239117579e-05, 0.9987679420711344];461;0;1.0;True;9
2;(234, 1);False;[2.4239587305925223e-05, 0.997479371065171];574;0;1.0;True;0
2;(234, 1);False;[2.7466448389013027e-05, 0.9974575475896493];433;0;1.0;True;1
2;(234, 1);False;[1.6668794181076466e-05, 0.9980301398191868];574;0;1.0;True;2
2;(234, 1);False;[1.666877828448315e-05, 0.9980289523989739];598;0;1.0;True;3
2;(234, 1);False;[1.6683775507434104e-05, 0.9989270766676797];615;0;1.0;True;4
2;(234, 1);False;[1.6672466700394316e-05, 0.9982493821309236];453;0;1.0;True;5
2;(234, 1);False;[1.8896163836522047e-05, 0.9984491119602953];576;0;1.0;True;6
2;(234, 1);False;[1.6685844051124333e-05, 0.9990505658258064];567;0;1.0;True;7
2;(234, 1);False;[1.8907394122126252e-05, 0.9990427130151887];506;0;1.0;True;8
2;(234, 1);False;[2.1391156714467557e-05, 0.9974700010022791];537;0;1.0;True;9
2;(234, 2);True;[0.9973533055048998, 0.0009094684400615741];426;0;1.0;True;0
2;(234, 2);True;[0.9985079411589393, 0.0005522592439259809];476;0;1.0;True;1
2;(234, 2);True;[0.998793747439261, 0.0005524172691676742];412;0;1.0;True;2
2;(234, 2);True;[0.9979348005151001, 0.0007087075733717337];472;0;1.0;True;3
2;(234, 2);True;[0.9980218281397348, 0.0006254868166876569];382;0;1.0;True;4
2;(234, 2);True;[0.9972377042599235, 0.0010304433501072045];566;0;1.0;True;5
2;(234, 2);True;[0.996322496801772, 0.0011665739848306254];589;0;1.0;True;6
2;(234, 2);True;[0.9983124649008923, 0.0009103431358047585];450;0;1.0;True;7
2;(234, 2);True;[0.9972916482146392, 0.00048677320098355534];655;0;1.0;True;8
2;(234, 2);True;[0.9948781956404863, 0.003166478919574877];431;0;1.0;True;9
2;(234, 3);False;[4.000230171535183e-05, 0.9984272458814473];546;0;1.0;True;0
2;(234, 3);False;[3.1168950267871224e-05, 0.9989123266163635];617;0;1.0;True;1
2;(234, 3);False;[2.4284567798757756e-05, 0.9993306113585311];398;0;1.0;True;2
2;(234, 3);False;[2.7506449603770572e-05, 0.9989106613635679];522;0;1.0;True;3
2;(234, 3);False;[3.530833825150643e-05, 0.9986095714997862];463;0;1.0;True;4
2;(234, 3);False;[3.521112467891438e-05, 0.9958604979385532];641;0;1.0;True;5
2;(234, 3);False;[3.107394554014775e-05, 0.9958679459930629];459;0;1.0;True;6
2;(234, 3);False;[3.9985100140224825e-05, 0.9979985558519929];420;0;1.0;True;7
2;(234, 3);False;[2.4263085226647098e-05, 0.998446378587075];540;0;1.0;True;8
2;(234, 3);False;[3.111377006915008e-05, 0.997144057455782];464;0;1.0;True;9
3;(235, 0);False;[1.4732313190422283e-05, 0.9995331560611515];325;0;1.0;True;0
3;(235, 0);False;[2.7525290769334173e-05, 0.9995950908465472];367;0;1.0;True;1
3;(235, 0);False;[1.6690459418987338e-05, 0.9993273970778213];460;0;1.0;True;2
3;(235, 0);False;[2.7525605773090935e-05, 0.9996060493567055];919;0;1.0;True;3
3;(235, 0);False;[2.1424761807191e-05, 0.9990371209077317];337;0;1.0;True;4
3;(235, 0);False;[4.535349611462869e-05, 0.9989771587400922];483;0;1.0;True;5
3;(235, 0);False;[2.1412097559662122e-05, 0.9984468539861152];445;0;1.0;True;6
3;(235, 0);False;[2.1430974110175057e-05, 0.9993273970778213];351;0;1.0;True;7
3;(235, 0);False;[2.143101498655321e-05, 0.999328825639286];451;0;1.0;True;8
3;(235, 0);False;[2.7509676352945127e-05, 0.9990273646846385];373;0;1.0;True;9
3;(235, 1);False;[2.1429257372693637e-05, 0.9992472835203409];408;0;1.0;True;0
3;(235, 1);False;[1.6681516314284802e-05, 0.9987913690391044];474;0;1.0;True;1
3;(235, 1);False;[1.2989570986475424e-05, 0.9986369142216309];528;0;1.0;True;2
3;(235, 1);False;[2.141589604770213e-05, 0.9986234803924693];267;0;1.0;True;3
3;(235, 1);False;[1.6687546814118854e-05, 0.9991521876546772];395;0;1.0;True;4
3;(235, 1);False;[1.2997551193040111e-05, 0.9992504973107137];339;0;1.0;True;5
3;(235, 1);False;[1.66759014764624e-05, 0.9984551728085477];377;0;1.0;True;6
3;(235, 1);False;[1.4713526508211842e-05, 0.9982579353356652];418;0;1.0;True;7
3;(235, 1);False;[2.1407973083113406e-05, 0.998254727875299];341;0;1.0;True;8
3;(235, 1);False;[1.4728225257533618e-05, 0.9992553776340778];479;0;1.0;True;9
3;(235, 2);False;[4.003607798041318e-05, 0.9992708519635968];326;0;1.0;True;0
3;(235, 2);False;[2.4274564925794666e-05, 0.99891934478035];436;0;1.0;True;1
3;(235, 2);False;[2.4274426026017393e-05, 0.9989138730246928];287;0;1.0;True;2
3;(235, 2);False;[2.139766536722081e-05, 0.9977740831592693];327;0;1.0;True;3
3;(235, 2);False;[2.142216706920317e-05, 0.9989161331016325];292;0;1.0;True;4
3;(235, 2);False;[3.1153170274193784e-05, 0.9984071632464068];438;0;1.0;True;5
3;(235, 2);False;[1.6685764487009433e-05, 0.999045687549473];364;0;1.0;True;6
3;(235, 2);False;[1.8909413757554915e-05, 0.9991494504956426];379;0;1.0;True;7
3;(235, 2);False;[2.4263200922329028e-05, 0.9984513699395817];333;0;1.0;True;8
3;(235, 2);False;[2.428012156866452e-05, 0.9991474274082008];378;0;1.0;True;9
3;(235, 3);True;[0.9991913425747073, 0.00015833322673979564];581;0;1.0;True;0
3;(235, 3);True;[0.9988874667274305, 0.00017936047722615051];395;0;1.0;True;1
3;(235, 3);True;[0.99932977803412, 0.00015835512301180682];390;0;1.0;True;2
3;(235, 3);True;[0.9983144845544041, 0.0001581942183330753];482;0;1.0;True;3
3;(235, 3);True;[0.9984708600721994, 0.00017928557232301597];593;0;1.0;True;4
3;(235, 3);True;[0.9986667550724776, 0.00013965517764828007];532;0;1.0;True;5
3;(235, 3);True;[0.9994162154981677, 0.0001794554359259254];392;0;1.0;True;6
3;(235, 3);True;[0.9976301460533744, 0.0001580857830303074];534;0;1.0;True;7
3;(235, 3);True;[0.9991907475338795, 0.00015833307574153588];357;0;1.0;True;8
3;(235, 3);True;[0.9993502550043574, 0.00013975070434810237];427;0;1.0;True;9
0;(236, 0);True;[0.9309232433353124, 0.06743585004769365];549;0;1.0;True;0
0;(236, 0);True;[0.9974147334494493, 0.0006251063586086888];465;0;1.0;True;1
0;(236, 0);True;[0.561875510821904, 0.4375890878167445];1174;0;1.0;True;2
0;(236, 0);True;[0.5914903283655317, 0.4065249611941816];509;0;1.0;True;3
0;(236, 0);True;[0.9968724622148073, 0.0019244167516799752];434;0;1.0;True;4
0;(236, 0);True;[0.997635722387768, 0.001168111403222261];441;0;1.0;True;5
0;(236, 0);True;[0.6210128501373184, 0.37666334490925274];603;0;1.0;True;6
0;(236, 0);True;[0.998138323794447, 0.0010313739025407558];470;0;1.0;True;7
0;(236, 0);True;[0.9765644995707338, 0.02296659425843226];372;0;1.0;True;8
0;(236, 0);True;[0.9972436320243284, 0.000802514679986908];454;0;1.0;True;9
0;(236, 1);False;[3.1154239851775336e-05, 0.9984406743974169];626;0;1.0;True;0
0;(236, 1);False;[2.7481723764159922e-05, 0.9980124478690482];626;0;1.0;True;1
0;(236, 1);False;[2.7488276698830683e-05, 0.9982503325092118];684;0;1.0;True;2
0;(236, 1);False;[2.4271231550492544e-05, 0.9987816175995385];630;0;1.0;True;3
0;(236, 1);False;[2.748811941009975e-05, 0.9982453432076096];721;0;1.0;True;4
0;(236, 1);False;[4.5319469196050696e-05, 0.9982272873109849];580;0;1.0;True;5
0;(236, 1);False;[6.59729017699222e-05, 0.9987347657169386];891;0;1.0;True;6
0;(236, 1);False;[9.57081011967981e-05, 0.9958007981901787];758;0;1.0;True;7
0;(236, 1);False;[3.995003338391693e-05, 0.9971234336940832];608;0;1.0;True;8
0;(236, 1);False;[3.530843926961697e-05, 0.9986127811465736];510;0;1.0;True;9
0;(236, 2);False;[3.528652511158932e-05, 0.997992975630617];416;0;1.0;True;0
0;(236, 2);False;[3.114806057700332e-05, 0.998242729856873];604;0;1.0;True;1
0;(236, 2);False;[1.8899516000042465e-05, 0.9986268091295468];521;0;1.0;True;2
0;(236, 2);False;[6.584002993076477e-05, 0.9967228634465732];787;0;1.0;True;3
0;(236, 2);False;[2.4252906166712556e-05, 0.9980274087548093];613;0;1.0;True;4
0;(236, 2);False;[2.1407932250684154e-05, 0.9982524708055625];802;0;1.0;True;5
0;(236, 2);False;[2.424645392987559e-05, 0.9977624527399613];853;0;1.0;True;6
0;(236, 2);False;[3.114072428006893e-05, 0.9980080547315664];518;0;1.0;True;7
0;(236, 2);False;[4.5319512416085106e-05, 0.9982289503786667];555;0;1.0;True;8
0;(236, 2);False;[5.802061933626688e-05, 0.9952990121941497];737;0;1.0;True;9
0;(236, 3);False;[3.519229136809082e-05, 0.9953274730396338];566;0;1.0;True;0
0;(236, 3);False;[2.4271347285019263e-05, 0.9987863743590736];630;0;1.0;True;1
0;(236, 3);False;[2.749839749884929e-05, 0.9986176552164735];443;0;1.0;True;2
0;(236, 3);False;[2.1391442319128765e-05, 0.9974836411081556];787;0;1.0;True;3
0;(236, 3);False;[1.889245191920721e-05, 0.9982535399554554];431;0;1.0;True;4
0;(236, 3);False;[2.4263062087576916e-05, 0.9984453091144135];514;0;1.0;True;5
0;(236, 3);False;[2.4277505157543747e-05, 0.9990403333825073];668;0;1.0;True;6
0;(236, 3);False;[2.417261852181938e-05, 0.9947243585852127];699;0;1.0;True;7
0;(236, 3);False;[2.751967380767446e-05, 0.9993908541896517];347;0;1.0;True;8
0;(236, 3);False;[2.4277458851921636e-05, 0.9990383107486137];338;0;1.0;True;9
1;(237, 0);False;[5.139391038022683e-05, 0.9990096373210704];366;0;1.0;True;0
1;(237, 0);False;[5.1404155129115e-05, 0.99920836225336];437;0;1.0;True;1
1;(237, 0);False;[8.468099691881144e-05, 0.9983817343297214];442;0;1.0;True;2
1;(237, 0);False;[6.59729017699222e-05, 0.9987347657169386];448;0;1.0;True;3
1;(237, 0);False;[4.5355572280439375e-05, 0.9990229624856958];621;0;1.0;True;4
1;(237, 0);False;[3.533821853301737e-05, 0.9994550338617705];366;0;1.0;True;5
1;(237, 0);False;[4.004306578257126e-05, 0.999445507597043];307;0;1.0;True;6
1;(237, 0);False;[5.139949817193835e-05, 0.9991179147351807];480;0;1.0;True;7
1;(237, 0);False;[7.475559442762649e-05, 0.9987143140312069];436;0;1.0;True;8
1;(237, 0);False;[2.751250990821959e-05, 0.9991306478510981];356;0;1.0;True;9
1;(237, 1);True;[0.9990529454828606, 0.000709501834720294];1018;0;1.0;True;0
1;(237, 1);True;[0.9986300189479939, 0.0007092014729633971];467;0;1.0;True;1
1;(237, 1);True;[0.9987000458965061, 0.0005523653792279908];427;0;1.0;True;2
1;(237, 1);True;[0.9978356815271291, 0.0016999324771252732];483;0;1.0;True;3
1;(237, 1);True;[0.9984557670044996, 0.0008034903127064231];492;0;1.0;True;4
1;(237, 1);True;[0.9983570195599085, 0.0008034110078746584];398;0;1.0;True;5
1;(237, 1);True;[0.9980933135408889, 0.001324250947146989];444;0;1.0;True;6
1;(237, 1);True;[0.996873172912784, 0.0028000111869908697];509;0;1.0;True;7
1;(237, 1);True;[0.997981696080412, 0.0015004047723557294];396;0;1.0;True;8
1;(237, 1);True;[0.9965342414137033, 0.002799059387292753];419;0;1.0;True;9
1;(237, 2);False;[3.5318812000460885e-05, 0.9989057844681033];483;0;1.0;True;0
1;(237, 2);False;[3.118176438799143e-05, 0.9993227541362857];379;0;1.0;True;1
1;(237, 2);False;[3.5342161787721344e-05, 0.9995666237248106];451;0;1.0;True;2
1;(237, 2);False;[2.7493756151358513e-05, 0.998449230752242];413;0;1.0;True;3
1;(237, 2);False;[2.142931868237847e-05, 0.9992499021764939];444;0;1.0;True;4
1;(237, 2);False;[3.118390554334559e-05, 0.9993916876231653];314;0;1.0;True;5
1;(237, 2);False;[2.1432711425004167e-05, 0.9994078806407213];360;0;1.0;True;6
1;(237, 2);False;[3.118158596501488e-05, 0.9993178732511856];360;0;1.0;True;7
1;(237, 2);False;[3.117890974287635e-05, 0.9992312147235186];408;0;1.0;True;8
1;(237, 2);False;[3.1184024500731696e-05, 0.9993958549175042];318;0;1.0;True;9
1;(237, 3);False;[4.004944369368799e-05, 0.9996040243846919];422;0;1.0;True;0
1;(237, 3);False;[2.4286212183798727e-05, 0.9993979981108645];480;0;1.0;True;1
1;(237, 3);False;[4.001561799081477e-05, 0.9987600937493006];504;0;1.0;True;2
1;(237, 3);False;[3.117608509091733e-05, 0.9991412391216871];309;0;1.0;True;3
1;(237, 3);False;[2.143404005490095e-05, 0.9994695617793733];286;0;1.0;True;4
1;(237, 3);False;[3.118396502198192e-05, 0.9993939498864522];543;0;1.0;True;5
1;(237, 3);False;[2.4296335709953383e-05, 0.999814544744775];393;0;1.0;True;6
1;(237, 3);False;[2.7530226242380704e-05, 0.9997735536331779];283;0;1.0;True;7
1;(237, 3);False;[2.4286304828522644e-05, 0.9994018081920331];478;0;1.0;True;8
1;(237, 3);False;[2.7517862975633347e-05, 0.9993248970565455];464;0;1.0;True;9
0;(238, 0);True;[0.9968786222330489, 0.00029512069656272293];474;0;1.0;True;0
0;(238, 0);True;[0.9961477479447638, 0.00022967173217249394];464;0;1.0;True;1
0;(238, 0);True;[0.9980420138666416, 0.00023010845867812066];578;0;1.0;True;2
0;(238, 0);True;[0.996081744809539, 0.00029488465527254454];386;0;1.0;True;3
0;(238, 0);True;[0.9981062580292717, 0.0003348272253045929];359;0;1.0;True;4
0;(238, 0);True;[0.9961496405257276, 0.0002296721702369761];476;0;1.0;True;5
0;(238, 0);True;[0.9961753108656582, 0.00020269019788858955];500;0;1.0;True;6
0;(238, 0);True;[0.995672556530619, 0.00022956202333539841];440;0;1.0;True;7
0;(238, 0);True;[0.996873054308351, 0.000295119007873383];493;0;1.0;True;8
0;(238, 0);True;[0.9930975959191222, 0.00017832077254215315];491;0;1.0;True;9
0;(238, 1);False;[2.1376310525493143e-05, 0.9967775809249917];370;0;1.0;True;0
0;(238, 1);False;[1.666877828448315e-05, 0.9980287149151009];356;0;1.0;True;1
0;(238, 1);False;[1.664079202069905e-05, 0.9963535011277772];516;0;1.0;True;2
0;(238, 1);False;[2.141599816689572e-05, 0.9986289489298613];471;0;1.0;True;3
0;(238, 1);False;[2.1419307092256483e-05, 0.9987824500017535];563;0;1.0;True;4
0;(238, 1);False;[2.745762241373741e-05, 0.9971370641853092];427;0;1.0;True;5
0;(238, 1);False;[1.6624121116167614e-05, 0.9953546364398789];703;0;1.0;True;6
0;(238, 1);False;[1.4716403331445405e-05, 0.9984537467164586];358;0;1.0;True;7
0;(238, 1);False;[2.42743565764268e-05, 0.998911018253057];536;0;1.0;True;8
0;(238, 1);False;[1.8740835856985202e-05, 0.990241960161281];502;0;1.0;True;9
0;(238, 2);False;[2.7498607295773094e-05, 0.9986260957862907];384;0;1.0;True;0
0;(238, 2);False;[3.532679568926894e-05, 0.9991312428561352];446;0;1.0;True;1
0;(238, 2);False;[3.115976658763775e-05, 0.9986182496253757];334;0;1.0;True;2
0;(238, 2);False;[0.0002955581107416009, 0.9983561878609265];517;0;1.0;True;3
0;(238, 2);False;[4.534315995363203e-05, 0.9987497483600944];504;0;1.0;True;4
0;(238, 2);False;[3.114791205183054e-05, 0.9982383346598239];420;0;1.0;True;5
0;(238, 2);False;[3.5295040057526076e-05, 0.9982338205995847];433;0;1.0;True;6
0;(238, 2);False;[3.11409321675254e-05, 0.9980143477106483];500;0;1.0;True;7
0;(238, 2);False;[2.7482038269329026e-05, 0.9980243214736427];402;0;1.0;True;8
0;(238, 2);False;[3.1154210140791114e-05, 0.9984404366993397];545;0;1.0;True;9
0;(238, 3);False;[2.139125871569453e-05, 0.9974754570686954];461;0;1.0;True;0
0;(238, 3);False;[1.8883211332515546e-05, 0.99776541957122];389;0;1.0;True;1
0;(238, 3);False;[2.7474831762994595e-05, 0.9977620966092946];418;0;1.0;True;2
0;(238, 3);False;[3.1101755066247766e-05, 0.996758511992062];402;0;1.0;True;3
0;(238, 3);False;[2.426280755926132e-05, 0.9984354455177225];475;0;1.0;True;4
0;(238, 3);False;[2.1391217915145376e-05, 0.9974733220624356];364;0;1.0;True;5
0;(238, 3);False;[2.424647705310699e-05, 0.9977629273487384];382;0;1.0;True;6
0;(238, 3);False;[2.4231497820929908e-05, 0.9971471392279494];598;0;1.0;True;7
0;(238, 3);False;[3.1056880799455746e-05, 0.9953206236748899];589;0;1.0;True;8
0;(238, 3);False;[2.4267435763909914e-05, 0.9986256203019065];665;0;1.0;True;9
2;(239, 0);False;[4.00090546879784e-05, 0.9985959006521107];564;0;1.0;True;0
2;(239, 0);False;[1.8906961371170763e-05, 0.999019988077223];415;0;1.0;True;1
2;(239, 0);False;[4.529682756658584e-05, 0.9977288682956137];370;0;1.0;True;2
2;(239, 0);False;[3.533003010206841e-05, 0.9992226449205291];345;0;1.0;True;3
2;(239, 0);False;[4.528291981053085e-05, 0.9974230349638489];424;0;1.0;True;4
2;(239, 0);False;[8.453656324917575e-05, 0.9966790465609443];470;0;1.0;True;5
2;(239, 0);False;[4.530736920777979e-05, 0.9979608003319251];450;0;1.0;True;6
2;(239, 0);False;[3.113226146915714e-05, 0.9977370565049841];588;0;1.0;True;7
2;(239, 0);False;[6.593742631404407e-05, 0.9981975914849646];456;0;1.0;True;8
2;(239, 0);False;[5.8228821905486824e-05, 0.9988708148551086];437;0;1.0;True;9
2;(239, 1);False;[3.117233910519991e-05, 0.9990211778395495];526;0;1.0;True;0
2;(239, 1);False;[1.6678780236502233e-05, 0.998627284614497];425;0;1.0;True;1
2;(239, 1);False;[3.5302176693258815e-05, 0.9984350890306116];428;0;1.0;True;2
2;(239, 1);False;[1.6687546814118854e-05, 0.9991523067047484];405;0;1.0;True;3
2;(239, 1);False;[2.748151409604675e-05, 0.9980047300321035];466;0;1.0;True;4
2;(239, 1);False;[3.531850885796682e-05, 0.9988974581701296];443;0;1.0;True;5
2;(239, 1);False;[1.890227387064028e-05, 0.998772223095079];457;0;1.0;True;6
2;(239, 1);False;[1.4732200792221362e-05, 0.9995250574574381];446;0;1.0;True;7
2;(239, 1);False;[3.524119155971533e-05, 0.9967106653505982];458;0;1.0;True;8
2;(239, 1);False;[2.7457465300411202e-05, 0.9971317304623575];434;0;1.0;True;9
2;(239, 2);True;[0.996530571501458, 0.001923756169024142];412;0;1.0;True;0
2;(239, 2);True;[0.9961165197183525, 0.001922957350572402];560;0;1.0;True;1
2;(239, 2);True;[0.9928893066169548, 0.0024611270880925983];362;0;1.0;True;2
2;(239, 2);True;[0.9966123812453175, 0.0011669133563373347];603;0;1.0;True;3
2;(239, 2);True;[0.9952359555519563, 0.0019212571835135078];572;0;1.0;True;4
2;(239, 2);True;[0.997429083429395, 0.001499573651187838];542;0;1.0;True;5
2;(239, 2);True;[0.99418253363259, 0.0021747651887437628];470;0;1.0;True;6
2;(239, 2);True;[0.996540634151434, 0.0016977266702599353];558;0;1.0;True;7
2;(239, 2);True;[0.9948706442660857, 0.001920551895351874];523;0;1.0;True;8
2;(239, 2);True;[0.9965361356570627, 0.001923767176876732];459;0;1.0;True;9
2;(239, 3);False;[5.822893296825659e-05, 0.9988720042072122];457;0;1.0;True;0
2;(239, 3);False;[3.530187369354612e-05, 0.9984271270921161];524;0;1.0;True;1
2;(239, 3);False;[4.5354361172166576e-05, 0.9989966693705674];509;0;1.0;True;2
2;(239, 3);False;[5.1387147024065083e-05, 0.9988785460179501];363;0;1.0;True;3
2;(239, 3);False;[3.1168504395650264e-05, 0.9988980528618664];434;0;1.0;True;4
2;(239, 3);False;[3.118116964870658e-05, 0.9993038259049012];422;0;1.0;True;5
2;(239, 3);False;[4.5360070965746815e-05, 0.9991219607364886];546;0;1.0;True;6
2;(239, 3);False;[4.534298698353365e-05, 0.9987461809772787];410;0;1.0;True;7
2;(239, 3);False;[4.5343419410016776e-05, 0.9987550993419393];562;0;1.0;True;8
2;(239, 3);False;[5.139386136719785e-05, 0.9990084475724879];369;0;1.0;True;9
2;(240, 0);False;[1.891513121659722e-05, 0.9994515805439553];347;0;1.0;True;0
2;(240, 0);False;[3.1175103955912155e-05, 0.9991094658793566];351;0;1.0;True;1
2;(240, 0);False;[2.7512614860316087e-05, 0.9991348128937992];328;0;1.0;True;2
2;(240, 0);False;[2.4290312051032552e-05, 0.9995675765499131];322;0;1.0;True;3
2;(240, 0);False;[2.7509282826682996e-05, 0.9990129686246392];322;0;1.0;True;4
2;(240, 0);False;[2.7512457432321476e-05, 0.999128267776336];243;0;1.0;True;5
2;(240, 0);False;[2.142886908209638e-05, 0.9992285961745011];325;0;1.0;True;6
2;(240, 0);False;[1.6683664131588444e-05, 0.9989202963779209];386;0;1.0;True;7
2;(240, 0);False;[3.5335151861311245e-05, 0.9993681134795498];278;0;1.0;True;8
2;(240, 0);False;[3.116410546498426e-05, 0.9987575966006335];359;0;1.0;True;9
2;(240, 1);False;[3.531837412880463e-05, 0.9988934139501063];281;0;1.0;True;0
2;(240, 1);False;[3.118878316829975e-05, 0.9995485199295271];393;0;1.0;True;1
2;(240, 1);False;[3.118372710811729e-05, 0.9993859725647344];330;0;1.0;True;2
2;(240, 1);False;[4.5354707199801656e-05, 0.9990038076828541];404;0;1.0;True;3
2;(240, 1);False;[2.7512273767466284e-05, 0.9991218417481897];354;0;1.0;True;4
2;(240, 1);False;[2.7487699977883967e-05, 0.9982291879101863];428;0;1.0;True;5
2;(240, 1);False;[2.4287045999036922e-05, 0.9994322902369224];387;0;1.0;True;6
2;(240, 1);False;[3.119041912798484e-05, 0.9996004509540347];392;0;1.0;True;7
2;(240, 1);False;[2.427731993558523e-05, 0.9990324807104707];309;0;1.0;True;8
2;(240, 1);False;[2.4267134903782145e-05, 0.9986137322195958];299;0;1.0;True;9
2;(240, 2);True;[0.9994374104306779, 0.00015837218910250234];403;0;1.0;True;0
2;(240, 2);True;[0.997843752590162, 0.00020302972420669133];467;0;1.0;True;1
2;(240, 2);True;[0.9993308495012064, 0.00026108370862260987];292;0;1.0;True;2
2;(240, 2);True;[0.9993379925281362, 0.00020333374802994255];337;0;1.0;True;3
2;(240, 2);True;[0.9991551628638605, 0.00026103789869776875];304;0;1.0;True;4
2;(240, 2);True;[0.9996073596194983, 0.00013978669367889493];868;0;1.0;True;5
2;(240, 2);True;[0.9993108494951929, 0.00023040094985171116];247;0;1.0;True;6
2;(240, 2);True;[0.9990816213746666, 0.0002610187306258122];365;0;1.0;True;7
2;(240, 2);True;[0.9992156225317975, 0.00020330873464026057];315;0;1.0;True;8
2;(240, 2);True;[0.999128267776336, 0.0002610309283269249];330;0;1.0;True;9
2;(240, 3);False;[3.533767931870882e-05, 0.9994396728556398];427;0;1.0;True;0
2;(240, 3);False;[2.752143226586236e-05, 0.9994545575172896];420;0;1.0;True;1
2;(240, 3);False;[3.533272567227944e-05, 0.9992996594014745];379;0;1.0;True;2
2;(240, 3);False;[2.7519700052493078e-05, 0.9993916876231653];513;0;1.0;True;3
2;(240, 3);False;[4.000188207670775e-05, 0.998417501600067];419;0;1.0;True;4
2;(240, 3);False;[2.4290381546272187e-05, 0.9995703160180524];347;0;1.0;True;5
2;(240, 3);False;[2.1412179240487928e-05, 0.9984501815532649];410;0;1.0;True;6
2;(240, 3);False;[4.0037414350991624e-05, 0.9993040639830264];407;0;1.0;True;7
2;(240, 3);False;[2.7517574303276712e-05, 0.9993144208726299];402;0;1.0;True;8
2;(240, 3);False;[3.5326559858252e-05, 0.9991248167506976];394;0;1.0;True;9
3;(241, 0);False;[4.0037414350991624e-05, 0.9993044211294042];388;0;1.0;True;0
3;(241, 0);False;[3.533801632668747e-05, 0.9994491990065776];392;0;1.0;True;1
3;(241, 0);False;[4.538317701307835e-05, 0.9996309450798553];318;0;1.0;True;2
3;(241, 0);False;[4.004283665496648e-05, 0.9994394346870316];369;0;1.0;True;3
3;(241, 0);False;[3.119401854135574e-05, 0.9997160049351446];298;0;1.0;True;4
3;(241, 0);False;[3.533562363963584e-05, 0.9993814481957403];403;0;1.0;True;5
3;(241, 0);False;[3.531392835476654e-05, 0.9987674664029399];403;0;1.0;True;6
3;(241, 0);False;[5.135256000775709e-05, 0.9982054309707754];533;0;1.0;True;7
3;(241, 0);False;[8.476357192322112e-05, 0.9993554933867581];255;0;1.0;True;8
3;(241, 0);False;[4.002588484993899e-05, 0.9990162999393166];413;0;1.0;True;9
3;(241, 1);False;[5.1412391623092274e-05, 0.9993685897246601];550;0;1.0;True;0
3;(241, 1);False;[6.603074752737757e-05, 0.999609980179329];234;0;1.0;True;1
3;(241, 1);False;[4.0030580239302604e-05, 0.9991335038901394];290;0;1.0;True;2
3;(241, 1);False;[6.600858516400529e-05, 0.9992748992240552];376;0;1.0;True;3
3;(241, 1);False;[5.825276082906116e-05, 0.9992814462327292];315;0;1.0;True;4
3;(241, 1);False;[5.825720533155231e-05, 0.9993572792118264];432;0;1.0;True;5
3;(241, 1);False;[4.53644403083751e-05, 0.9992178839894015];660;0;1.0;True;6
3;(241, 1);False;[4.002626656834289e-05, 0.999025699007463];484;0;1.0;True;7
3;(241, 1);False;[6.60138102782631e-05, 0.9993539456548902];440;0;1.0;True;8
3;(241, 1);False;[6.600310868096642e-05, 0.9991919376740502];526;0;1.0;True;9
3;(241, 2);False;[4.5371103284491375e-05, 0.9993654941645853];310;0;1.0;True;0
3;(241, 2);False;[4.0050665924364436e-05, 0.9996347569800877];326;0;1.0;True;1
3;(241, 2);False;[5.8252538612837555e-05, 0.9992771609321472];385;0;1.0;True;2
3;(241, 2);False;[5.8259872195814106e-05, 0.9994029988744636];439;0;1.0;True;3
3;(241, 2);False;[7.481750192895395e-05, 0.9995412547886642];284;0;1.0;True;4
3;(241, 2);False;[5.822909956280844e-05, 0.9988756913472744];425;0;1.0;True;5
3;(241, 2);False;[5.1403272725883695e-05, 0.9991916996226384];412;0;1.0;True;6
3;(241, 2);False;[5.8235874811744936e-05, 0.9989917917062996];369;0;1.0;True;7
3;(241, 2);False;[4.5375863152302046e-05, 0.999469799896984];394;0;1.0;True;8
3;(241, 2);False;[3.5341555104512865e-05, 0.9995492345425986];364;0;1.0;True;9
3;(241, 3);True;[0.9990405713397053, 0.0005525537339963392];383;0;1.0;True;0
3;(241, 3);True;[0.9989137540611757, 0.0006260459970276695];367;0;1.0;True;1
3;(241, 3);True;[0.9992052677130449, 0.000430400284741533];349;0;1.0;True;2
3;(241, 3);True;[0.998040945175672, 0.00042989878771273056];466;0;1.0;True;3
3;(241, 3);True;[0.9984462597954675, 0.0010316921445475055];441;0;1.0;True;4
3;(241, 3);True;[0.9988520226286456, 0.000626007190371235];427;0;1.0;True;5
3;(241, 3);True;[0.9987365493863669, 0.000803716393589082];406;0;1.0;True;6
3;(241, 3);True;[0.9984485177683038, 0.0008034845657164156];469;0;1.0;True;7
3;(241, 3);True;[0.9987717474248455, 0.000487495835875505];395;0;1.0;True;8
3;(241, 3);True;[0.9979268465160294, 0.0007087021663826752];390;0;1.0;True;9
0;(242, 0);True;[0.9990598465843392, 0.0004303374886833072];378;0;1.0;True;0
0;(242, 0);True;[0.9983096134750655, 0.0003348955659288426];511;0;1.0;True;1
0;(242, 0);True;[0.9986276412864861, 0.00043015141170355426];412;0;1.0;True;2
0;(242, 0);True;[0.9986497539197589, 0.0002956449382761756];390;0;1.0;True;3
0;(242, 0);True;[0.9992099095271114, 0.00033519751729945904];357;0;1.0;True;4
0;(242, 0);True;[0.9983495340615666, 0.0007090023166727217];343;0;1.0;True;5
0;(242, 0);True;[0.9986133755525746, 0.0005523174446305424];353;0;1.0;True;6
0;(242, 0);True;[0.9986342986832198, 0.0006258707891389037];392;0;1.0;True;7
0;(242, 0);True;[0.998464917922535, 0.00033494762912720605];489;0;1.0;True;8
0;(242, 0);True;[0.9989697829104207, 0.0003797372765194116];434;0;1.0;True;9
0;(242, 1);False;[8.457010796806293e-05, 0.9970747224214945];601;0;1.0;True;0
0;(242, 1);False;[7.472993353631369e-05, 0.9983718720584376];595;0;1.0;True;1
0;(242, 1);False;[7.475644994240674e-05, 0.9987253721182339];564;0;1.0;True;2
0;(242, 1);False;[0.000203113580812495, 0.9982562722196939];586;0;1.0;True;3
0;(242, 1);False;[0.00020311474304105214, 0.998261736770606];544;0;1.0;True;4
0;(242, 1);False;[0.00017928232373158107, 0.998452558327313];503;0;1.0;True;5
0;(242, 1);False;[0.00013954600818382788, 0.9978856539334794];521;0;1.0;True;6
0;(242, 1);False;[0.00017917515323017806, 0.9978559784931444];579;0;1.0;True;7
0;(242, 1);False;[5.8189962945159207e-05, 0.9982043619886144];463;0;1.0;True;8
0;(242, 1);False;[7.46792791506753e-05, 0.9976949302687814];618;0;1.0;True;9
0;(242, 2);False;[3.530796785424044e-05, 0.9985987537094118];521;0;1.0;True;0
0;(242, 2);False;[5.817598006862077e-05, 0.9979637684500369];355;0;1.0;True;1
0;(242, 2);False;[4.0002187268012316e-05, 0.9984245126843199];397;0;1.0;True;2
0;(242, 2);False;[4.534294374111216e-05, 0.9987449918912614];434;0;1.0;True;3
0;(242, 2);False;[3.530170536149614e-05, 0.9984218983996012];559;0;1.0;True;4
0;(242, 2);False;[3.99936427915675e-05, 0.9982119640001207];498;0;1.0;True;5
0;(242, 2);False;[4.5378935695787574e-05, 0.9995375626900422];798;0;1.0;True;6
0;(242, 2);False;[3.1146842691493025e-05, 0.9982043619886144];469;0;1.0;True;7
0;(242, 2);False;[2.4274171378489963e-05, 0.9989025728329842];462;0;1.0;True;8
0;(242, 2);False;[2.4279751086237654e-05, 0.9991323138777265];386;0;1.0;True;9
0;(242, 3);False;[3.531365893190244e-05, 0.9987598558589085];453;0;1.0;True;0
0;(242, 3);False;[3.533778042076495e-05, 0.9994425306506647];347;0;1.0;True;1
0;(242, 3);False;[3.5287097197722916e-05, 0.9980085294571697];382;0;1.0;True;2
0;(242, 3);False;[5.137994355846464e-05, 0.9987377384623326];371;0;1.0;True;3
0;(242, 3);False;[4.0015503505377144e-05, 0.998757120937366];389;0;1.0;True;4
0;(242, 3);False;[5.136348228584907e-05, 0.998417739176453];452;0;1.0;True;5
0;(242, 3);False;[3.530793418195439e-05, 0.9985979215765446];559;0;1.0;True;6
0;(242, 3);False;[4.536785820635258e-05, 0.9992937073170949];402;0;1.0;True;7
0;(242, 3);False;[3.114755559430541e-05, 0.9982264558362874];551;0;1.0;True;8
0;(242, 3);False;[2.7502410142450796e-05, 0.998763780127453];513;0;1.0;True;9
3;(243, 0);False;[5.820172892043971e-05, 0.9984057373391194];483;0;1.0;True;0
3;(243, 0);False;[6.597340510513825e-05, 0.9987420191242776];453;0;1.0;True;1
3;(243, 0);False;[3.1148268513435025e-05, 0.9982492633627541];410;0;1.0;True;2
3;(243, 0);False;[6.599033198744492e-05, 0.9989985729465363];414;0;1.0;True;3
3;(243, 0);False;[9.597270556648272e-05, 0.9985545339809476];442;0;1.0;True;4
3;(243, 0);False;[3.53023786945121e-05, 0.9984409120955507];398;0;1.0;True;5
3;(243, 0);False;[4.532854630786338e-05, 0.9984276023657577];518;0;1.0;True;6
3;(243, 0);False;[3.5333365900426876e-05, 0.9993175161000001];419;0;1.0;True;7
3;(243, 0);False;[7.474504388363477e-05, 0.9985729583779624];502;0;1.0;True;8
3;(243, 0);False;[4.532850307921358e-05, 0.9984262952184977];515;0;1.0;True;9
3;(243, 1);False;[8.46640394176328e-05, 0.9981819126980465];616;0;1.0;True;0
3;(243, 1);False;[7.473207160744731e-05, 0.9984000334978766];536;0;1.0;True;1
3;(243, 1);False;[3.116903944308081e-05, 0.9989150625443547];415;0;1.0;True;2
3;(243, 1);False;[4.0009398089923035e-05, 0.9986046974693414];472;0;1.0;True;3
3;(243, 1);False;[0.0001232637162130329, 0.9988164621146668];397;0;1.0;True;4
3;(243, 1);False;[2.4263200922329028e-05, 0.9984516076402618];455;0;1.0;True;5
3;(243, 1);False;[5.139989032048454e-05, 0.9991260067541812];639;0;1.0;True;6
3;(243, 1);False;[2.751012235618096e-05, 0.9990443787207316];503;0;1.0;True;7
3;(243, 1);False;[4.5355572280439375e-05, 0.9990229624856958];444;0;1.0;True;8
3;(243, 1);False;[5.138067855971002e-05, 0.9987520076006163];426;0;1.0;True;9
3;(243, 2);False;[4.533645784489924e-05, 0.9986020822478147];412;0;1.0;True;0
3;(243, 2);False;[5.129646689999615e-05, 0.997115729696842];505;0;1.0;True;1
3;(243, 2);False;[3.116458099512387e-05, 0.998772223095079];512;0;1.0;True;2
3;(243, 2);False;[8.446290835565029e-05, 0.9958108462836215];363;0;1.0;True;3
3;(243, 2);False;[6.598221409307059e-05, 0.9988749777099513];450;0;1.0;True;4
3;(243, 2);False;[5.819007393381132e-05, 0.9982057872596813];458;0;1.0;True;5
3;(243, 2);False;[6.597265010375423e-05, 0.9987306039115057];531;0;1.0;True;6
3;(243, 2);False;[5.1328519590485696e-05, 0.9977387179428665];572;0;1.0;True;7
3;(243, 2);False;[3.5314130423263567e-05, 0.9987729365427175];543;0;1.0;True;8
3;(243, 2);False;[0.0001087087050179203, 0.998162908930985];436;0;1.0;True;9
3;(243, 3);True;[0.9976391631598208, 0.0006252470653418233];432;0;1.0;True;0
3;(243, 3);True;[0.9976114003956473, 0.0010308296264812187];350;0;1.0;True;1
3;(243, 3);True;[0.9976659780351866, 0.0008028545618518022];376;0;1.0;True;2
3;(243, 3);True;[0.9979964187966306, 0.0008031206734112629];415;0;1.0;True;3
3;(243, 3);True;[0.9952389076873289, 0.0019212626802822643];377;0;1.0;True;4
3;(243, 3);True;[0.9977123738387728, 0.0003346953737126151];498;0;1.0;True;5
3;(243, 3);True;[0.9979306454122425, 0.000708704869872048];404;0;1.0;True;6
3;(243, 3);True;[0.9984549351070188, 0.00048734104467367765];382;0;1.0;True;7
3;(243, 3);True;[0.9972362816481468, 0.0010304418760472226];524;0;1.0;True;8
3;(243, 3);True;[0.997335993374091, 0.0007082825747181205];357;0;1.0;True;9
3;(244, 0);False;[5.822138118245266e-05, 0.9987428514934904];523;0;1.0;True;0
3;(244, 0);False;[4.5379325187988394e-05, 0.9995461378993423];405;0;1.0;True;1
3;(244, 0);False;[5.141856985963938e-05, 0.9994888535621069];375;0;1.0;True;2
3;(244, 0);False;[7.48220685662357e-05, 0.9996021185495394];703;0;1.0;True;3
3;(244, 0);False;[0.00012333026942065915, 0.999355374370647];446;0;1.0;True;4
3;(244, 0);False;[5.1425582567241995e-05, 0.9996253464213816];489;0;1.0;True;5
3;(244, 0);False;[6.602199502341616e-05, 0.9994773022306366];376;0;1.0;True;6
3;(244, 0);False;[0.00015834092784199543, 0.9992400227210381];625;0;1.0;True;7
3;(244, 0);False;[3.5329962715448064e-05, 0.9992212166271766];449;0;1.0;True;8
3;(244, 0);False;[7.47557370127433e-05, 0.9987158597841971];649;0;1.0;True;9
3;(244, 1);False;[0.00023040051039719357, 0.999308706721391];413;0;0.9;True;0
3;(244, 1);False;[0.46840168475024757, 0.5307686444886383];436;0;0.9;True;1
3;(244, 1);False;[0.00017948692882436318, 0.999591874813306];426;0;0.9;True;2
3;(244, 1);False;[0.00023037150825219816, 0.999183368556877];535;0;0.9;True;3
3;(244, 1);False;[0.00023039963149067293, 0.9993045401976142];408;0;0.9;True;4
3;(244, 1);False;[9.597169877801542e-05, 0.9985439550906806];554;0;0.9;True;5
3;(244, 1);False;[0.0008035504670019382, 0.9985304049890887];451;0;0.9;True;6
3;(244, 1);False;[6.594899776998489e-05, 0.998372466204816];464;0;0.9;True;7
3;(244, 1);True;[0.499403236127052, 0.499403236127052];608;0;0.1;False;8
3;(244, 1);False;[0.4376149883489716, 0.5619087677635894];356;0;0.9;True;9
3;(244, 2);False;[9.607444562395695e-05, 0.9996127198509596];327;0;1.0;True;0
3;(244, 2);False;[6.602174316997265e-05, 0.9994733724242545];358;0;1.0;True;1
3;(244, 2);False;[0.00010865563755252679, 0.997675826364714];408;0;1.0;True;2
3;(244, 2);False;[0.0002608340922312646, 0.9983750802438744];452;0;1.0;True;3
3;(244, 2);False;[0.0001088160592357947, 0.9991483794556818];415;0;1.0;True;4
3;(244, 2);False;[0.0001232908740490506, 0.9990361690825675];634;0;1.0;True;5
3;(244, 2);False;[0.00015828566940893131, 0.9988915108070889];444;0;1.0;True;6
3;(244, 2);False;[0.00012326030721040513, 0.9987889906446114];659;0;1.0;True;7
3;(244, 2);False;[0.0001233375618846944, 0.9994147866372565];303;0;1.0;True;8
3;(244, 2);False;[0.00013971832187269394, 0.9991179147351807];512;0;1.0;True;9
3;(244, 3);True;[0.99868423249174, 0.0009106822196637691];317;0;1.0;True;0
3;(244, 3);True;[0.9985628546305284, 0.0009105714933796815];266;0;1.0;True;1
3;(244, 3);True;[0.9985749791397172, 0.0009105823483024628];303;0;1.0;True;2
3;(244, 3);True;[0.9981297726603311, 0.0010313650502255327];364;0;1.0;True;3
3;(244, 3);True;[0.9971044700442044, 0.0011674894010887155];496;0;1.0;True;4
3;(244, 3);True;[0.9982704088518759, 0.0015008391126003684];223;0;1.0;True;5
3;(244, 3);True;[0.9977616220009127, 0.0015000742714400526];460;0;1.0;True;6
3;(244, 3);True;[0.9981260910624035, 0.0010313611158875998];359;0;1.0;True;7
3;(244, 3);True;[0.9994659892657236, 0.0004305125606575761];996;0;1.0;True;8
3;(244, 3);True;[0.9977690986772513, 0.0010309923383564057];353;0;1.0;True;9
3;(245, 0);False;[1.890510426078632e-05, 0.9989216048696697];407;0;1.0;True;0
3;(245, 0);False;[2.1391136314280527e-05, 0.9974689336205377];367;0;1.0;True;1
3;(245, 0);False;[1.6681245868004757e-05, 0.9987749581742488];436;0;1.0;True;2
3;(245, 0);False;[1.1458971534910734e-05, 0.9982636374353984];540;0;1.0;True;3
3;(245, 0);False;[1.2991565578655088e-05, 0.9987907744108815];322;0;1.0;True;4
3;(245, 0);False;[1.1461288532018067e-05, 0.9984658686222596];494;0;1.0;True;5
3;(245, 0);False;[1.471648753962165e-05, 0.9984595700064489];400;0;1.0;True;6
3;(245, 0);False;[1.4721386477770732e-05, 0.9987917257696981];436;0;1.0;True;7
3;(245, 0);False;[2.142226921829939e-05, 0.9989214859052318];398;0;1.0;True;8
3;(245, 0);False;[1.2993362212625222e-05, 0.9989289799947498];418;0;1.0;True;9
3;(245, 1);False;[3.1154210140791114e-05, 0.9984397237216812];660;0;1.0;True;0
3;(245, 1);False;[4.001531269704231e-05, 0.9987522454891391];365;0;1.0;True;1
3;(245, 1);False;[2.1412097559662122e-05, 0.9984468539861152];455;0;1.0;True;2
3;(245, 1);False;[2.14078505860593e-05, 0.9982487881740059];429;0;1.0;True;3
3;(245, 1);False;[1.889618185731677e-05, 0.9984507757462465];577;0;1.0;True;4
3;(245, 1);False;[2.4239517956008866e-05, 0.9974772360505335];463;0;1.0;True;5
3;(245, 1);False;[1.66759014764624e-05, 0.9984550540158939];556;0;1.0;True;6
3;(245, 1);False;[2.1415916471501893e-05, 0.9986252636306393];557;0;1.0;True;7
3;(245, 1);False;[2.7506475835977602e-05, 0.9989111372162482];374;0;1.0;True;8
3;(245, 1);False;[2.425822650613956e-05, 0.998247125073274];437;0;1.0;True;9
3;(245, 2);False;[1.8888074235656118e-05, 0.9980218281397348];434;0;1.0;True;0
3;(245, 2);False;[1.2984666335855253e-05, 0.9982599547626472];408;0;1.0;True;1
3;(245, 2);False;[2.746657935955724e-05, 0.9974624102150429];392;0;1.0;True;2
3;(245, 2);False;[1.2965486643685017e-05, 0.996785398118604];570;0;1.0;True;3
3;(245, 2);False;[1.0117870393398076e-05, 0.998793152925897];456;0;1.0;True;4
3;(245, 2);False;[2.1419102822800028e-05, 0.9987734122135171];479;0;1.0;True;5
3;(245, 2);False;[1.6681341319132346e-05, 0.9987806662503501];443;0;1.0;True;6
3;(245, 2);False;[2.1407768921745967e-05, 0.9982451056722458];464;0;1.0;True;7
3;(245, 2);False;[1.8864545818058442e-05, 0.9967788835929359];470;0;1.0;True;8
3;(245, 2);False;[2.1376065894433004e-05, 0.9967663290361268];709;0;1.0;True;9
3;(245, 3);True;[0.9970075301592953, 0.00048663465010999487];418;0;1.0;True;0
3;(245, 3);True;[0.9976110445511699, 0.00042971351513598305];513;0;1.0;True;1
3;(245, 3);True;[0.9974526847557235, 0.0003346082460808691];496;0;1.0;True;2
3;(245, 3);True;[0.9980895133282776, 0.00037940280129467323];533;0;1.0;True;3
3;(245, 3);True;[0.9962299681309992, 0.0005509992956468094];468;0;1.0;True;4
3;(245, 3);True;[0.9975474572739104, 0.0004868980930164884];398;0;1.0;True;5
3;(245, 3);True;[0.9945153867805878, 0.00022929530589129704];688;0;1.0;True;6
3;(245, 3);True;[0.9976312138399068, 0.0006252419969647913];415;0;1.0;True;7
3;(245, 3);True;[0.998268032860068, 0.0003794706498682215];469;0;1.0;True;8
3;(245, 3);True;[0.997933257248909, 0.0003347694340738922];578;0;1.0;True;9
2;(246, 0);False;[0.00012327476673172744, 0.9989060223932535];403;0;1.0;True;0
2;(246, 0);False;[0.000158319033532796, 0.9991020881423247];328;0;1.0;True;1
2;(246, 0);False;[4.001592328691644e-05, 0.9987678232412684];424;0;1.0;True;2
2;(246, 0);False;[0.00010876605114131461, 0.9986895827737835];432;0;1.0;True;3
2;(246, 0);False;[9.595421895290725e-05, 0.9983621287823841];438;0;1.0;True;4
2;(246, 0);False;[5.826142792301134e-05, 0.9994302659368645];359;0;1.0;True;5
2;(246, 0);False;[5.142362087436653e-05, 0.9995873485812236];346;0;1.0;True;6
2;(246, 0);False;[5.8229543817276896e-05, 0.998882709021298];433;0;1.0;True;7
2;(246, 0);False;[0.0003795294617797548, 0.9984229678471864];426;0;1.0;True;8
2;(246, 0);False;[8.474797184852191e-05, 0.9991715862570766];462;0;1.0;True;9
2;(246, 1);False;[8.47308393241049e-05, 0.9989693070298032];395;0;1.0;True;0
2;(246, 1);False;[6.588613388521961e-05, 0.9974210187394075];522;0;1.0;True;1
2;(246, 1);False;[5.12966625808614e-05, 0.9971197595225935];443;0;1.0;True;2
2;(246, 1);False;[8.47308393241049e-05, 0.9989695449700836];349;0;1.0;True;3
2;(246, 1);False;[8.470910539881932e-05, 0.9987134816857777];460;0;1.0;True;4
2;(246, 1);False;[0.00013954693975704507, 0.9978928950170511];495;0;1.0;True;5
2;(246, 1);False;[0.0008020613455267347, 0.9966801124012623];603;0;1.0;True;6
2;(246, 1);False;[0.000139702333294573, 0.9990034507602135];316;0;1.0;True;7
2;(246, 1);False;[0.00017935756937455366, 0.9988714095309834];377;0;1.0;True;8
2;(246, 1);False;[0.0001088242577760225, 0.999223716156424];476;0;1.0;True;9
2;(246, 2);True;[0.9970698635432648, 0.002471489049662102];371;0;1.0;True;0
2;(246, 2);True;[0.9982854963284482, 0.0013245054467787437];384;0;1.0;True;1
2;(246, 2);True;[0.9721681979238996, 0.025907406767522855];460;0;1.0;True;2
2;(246, 2);True;[0.9978463639670788, 0.0015002015986687318];382;0;1.0;True;3
2;(246, 2);True;[0.9963430872949836, 0.0019233947795136855];395;0;1.0;True;4
2;(246, 2);True;[0.9986180118850233, 0.0008036209720355727];348;0;1.0;True;5
2;(246, 2);True;[0.9983459696191517, 0.0009103735222922556];389;0;1.0;True;6
2;(246, 2);True;[0.9970935664106348, 0.0011674765970053787];363;0;1.0;True;7
2;(246, 2);True;[0.9967561431959009, 0.00247071136348443];346;0;1.0;True;8
2;(246, 2);True;[0.9974198329728245, 0.0019254732376348482];344;0;1.0;True;9
2;(246, 3);False;[8.464506719249755e-05, 0.9979583071567101];430;0;1.0;True;0
2;(246, 3);False;[0.00010879468366888579, 0.998952533429513];276;0;1.0;True;1
2;(246, 3);False;[0.0001232920498480575, 0.999046163466476];338;0;1.0;True;2
2;(246, 3);False;[0.0001231192102521855, 0.997645332793702];318;0;1.0;True;3
2;(246, 3);False;[0.00023022765008698067, 0.9985595263391266];317;0;1.0;True;4
2;(246, 3);False;[5.816205601975891e-05, 0.9977254269818746];591;0;1.0;True;5
2;(246, 3);False;[0.000295836443634053, 0.9992965642875793];326;0;1.0;True;6
2;(246, 3);False;[0.00015828702799155985, 0.9989000749792221];299;0;1.0;True;7
2;(246, 3);False;[0.00015822122560976685, 0.9984845274644771];385;0;1.0;True;8
2;(246, 3);False;[0.0003796224936875891, 0.9986674684447777];349;0;1.0;True;9
3;(247, 0);False;[2.4267204332711334e-05, 0.998615872108144];423;0;1.0;True;0
3;(247, 0);False;[1.4725093348151602e-05, 0.9990429509729534];479;0;1.0;True;1
3;(247, 0);False;[1.4731526421023666e-05, 0.9994793266259643];367;0;1.0;True;2
3;(247, 0);False;[1.8892307781787698e-05, 0.9982454620915238];445;0;1.0;True;3
3;(247, 0);False;[1.3002993926395018e-05, 0.9996687079542061];1061;0;1.0;True;4
3;(247, 0);False;[1.891733208735808e-05, 0.999567814778149];272;0;1.0;True;5
3;(247, 0);False;[2.136734255031662e-05, 0.996359891778132];346;0;1.0;True;6
3;(247, 0);False;[1.668361639931077e-05, 0.9989170846961438];421;0;1.0;True;7
3;(247, 0);False;[1.2994923627349522e-05, 0.9990485431130441];506;0;1.0;True;8
3;(247, 0);False;[1.8902526244908628e-05, 0.9987861365786957];451;0;1.0;True;9
3;(247, 1);False;[3.1159647722788075e-05, 0.9986140888867444];420;0;1.0;True;0
3;(247, 1);False;[2.4274588075834816e-05, 0.9989204153422172];521;0;1.0;True;1
3;(247, 1);False;[1.4719070157668602e-05, 0.9986347742879925];344;0;1.0;True;2
3;(247, 1);False;[2.7488171839576726e-05, 0.9982470063053729];410;0;1.0;True;3
3;(247, 1);False;[2.1419307092256483e-05, 0.9987826878975272];483;0;1.0;True;4
3;(247, 1);False;[2.4267250618774482e-05, 0.9986182496253757];384;0;1.0;True;5
3;(247, 1);False;[3.117275530360694e-05, 0.9990341464571049];367;0;1.0;True;6
3;(247, 1);False;[2.4280075258052006e-05, 0.9991457612982132];370;0;1.0;True;7
3;(247, 1);False;[1.8883301374898516e-05, 0.9977695732891896];334;0;1.0;True;8
3;(247, 1);False;[2.752132728013019e-05, 0.9994506279166882];389;0;1.0;True;9
3;(247, 2);False;[2.428442884174375e-05, 0.9993254922935992];669;0;1.0;True;0
3;(247, 2);False;[2.750269865572822e-05, 0.9987740068314034];440;0;1.0;True;1
3;(247, 2);False;[2.142715251323915e-05, 0.9991482604642365];563;0;1.0;True;2
3;(247, 2);False;[2.1424904833383892e-05, 0.9990439028045788];434;0;1.0;True;3
3;(247, 2);False;[1.4729363021820345e-05, 0.9993329923806569];407;0;1.0;True;4
3;(247, 2);False;[1.4725135477041866e-05, 0.9990459255079461];406;0;1.0;True;5
3;(247, 2);False;[2.426722747573187e-05, 0.9986169419960105];364;0;1.0;True;6
3;(247, 2);False;[2.428618902267297e-05, 0.9993970455346693];362;0;1.0;True;7
3;(247, 2);False;[2.1424823104013896e-05, 0.9990403333825073];586;0;1.0;True;8
3;(247, 2);False;[1.8912660052181644e-05, 0.9993208494190816];368;0;1.0;True;9
3;(247, 3);True;[0.9984120352666443, 0.00037952529940632956];483;0;1.0;True;0
3;(247, 3);True;[0.9987234696441785, 0.00033503452561590513];345;0;1.0;True;1
3;(247, 3);True;[0.9980386890540495, 0.0004298977627553712];382;0;1.0;True;2
3;(247, 3);True;[0.9989314780370829, 0.0004875737148987744];454;0;1.0;True;3
3;(247, 3);True;[0.9990082096229415, 0.00033513007387081886];393;0;1.0;True;4
3;(247, 3);True;[0.9976085531788346, 0.00042971249062034736];540;0;1.0;True;5
3;(247, 3);True;[0.9987893473743557, 0.0003796688371525486];482;0;1.0;True;6
3;(247, 3);True;[0.9987032561828817, 0.0005523672229494319];280;0;1.0;True;7
3;(247, 3);True;[0.9981754988571638, 0.0002955045610192502];430;0;1.0;True;8
3;(247, 3);True;[0.9988304957495425, 0.00043023879836609215];412;0;1.0;True;9
0;(248, 0);True;[0.9934276048979946, 0.0059071359192487535];402;0;1.0;True;0
0;(248, 0);True;[0.9944178884828099, 0.005218226992463523];464;0;1.0;True;1
0;(248, 0);True;[0.9938322418397683, 0.005909541906684069];338;0;1.0;True;2
0;(248, 0);True;[0.9938275320452286, 0.0059095137278595625];369;0;1.0;True;3
0;(248, 0);True;[0.9908366065053955, 0.008572414750776974];362;0;1.0;True;4
0;(248, 0);True;[0.9834379854844991, 0.015895793815969853];377;0;1.0;True;5
0;(248, 0);True;[0.98996266204648, 0.009705253259571172];312;0;1.0;True;6
0;(248, 0);True;[0.9951986449304341, 0.004608684975504384];413;0;1.0;True;7
0;(248, 0);True;[0.9884950252396802, 0.01098118545101411];370;0;1.0;True;8
0;(248, 0);True;[0.9931546205214313, 0.0059055136986998465];475;0;1.0;True;9
0;(248, 1);False;[0.0019259369527438969, 0.9976601641355024];541;0;0.9;True;0
0;(248, 1);False;[0.05338304521462221, 0.9462370362491626];458;0;0.9;True;1
0;(248, 1);False;[0.0035925624357195786, 0.9961180573919057];459;0;0.9;True;2
0;(248, 1);False;[0.0010316901767527809, 0.9984441207353105];606;0;0.9;True;3
0;(248, 1);False;[7.48277058935142e-05, 0.9996776428194508];484;0;0.9;True;4
0;(248, 1);False;[0.0002958375721626781, 0.99930049270077];581;0;0.9;True;5
0;(248, 1);False;[0.014055058786922248, 0.9853357936749844];642;0;0.9;True;6
0;(248, 1);True;[0.7770117430437026, 0.22261759823323957];417;0;0.1;False;7
0;(248, 1);False;[0.0035919492099822656, 0.9959481098955736];512;0;0.9;True;8
0;(248, 1);False;[0.0066878107509425, 0.9925593026707369];607;0;0.9;True;9
0;(248, 2);False;[8.478742214624767e-05, 0.9996365438278723];452;0;1.0;True;0
0;(248, 2);False;[7.481272152916972e-05, 0.9994774212612683];472;0;1.0;True;1
0;(248, 2);False;[4.536824760347415e-05, 0.9993020402335195];478;0;1.0;True;2
0;(248, 2);False;[5.1415970987138134e-05, 0.9994386011555247];591;0;1.0;True;3
0;(248, 2);False;[7.48030903080803e-05, 0.9993488263540891];409;0;1.0;True;4
0;(248, 2);False;[3.533050181200969e-05, 0.9992362138382862];543;0;1.0;True;5
0;(248, 2);False;[5.139415544607286e-05, 0.9990145153050722];465;0;1.0;True;6
0;(248, 2);False;[0.00026087737845739006, 0.998540626978518];386;0;1.0;True;7
0;(248, 2);False;[0.0001583197884585763, 0.9991070859713644];608;0;1.0;True;8
0;(248, 2);False;[3.5301604362651436e-05, 0.9984186898312559];446;0;1.0;True;9
0;(248, 3);True;[0.6508674352244874, 0.3483842227720914];460;0;0.7;False;0
0;(248, 3);False;[0.01097865663963494, 0.9882671228504247];500;0;0.3;True;1
0;(248, 3);True;[0.8664336594344264, 0.13287191303567944];513;0;0.7;False;2
0;(248, 3);True;[0.6223120730212919, 0.37745134094781396];424;0;0.7;False;3
0;(248, 3);True;[0.8351714234400411, 0.16445499672053837];305;0;0.7;False;4
0;(248, 3);False;[0.00756914188525305, 0.9913617855334069];548;0;0.3;True;5
0;(248, 3);True;[0.4997716462102291, 0.4997716462102291];455;0;0.7;False;6
0;(248, 3);True;[0.499138233531313, 0.499138233531313];600;0;0.7;False;7
0;(248, 3);False;[0.08500212106157472, 0.9138590197003674];498;0;0.3;True;8
0;(248, 3);True;[0.7055168527918841, 0.2941031801720497];462;0;0.7;False;9
2;(249, 0);False;[1.668912242249248e-05, 0.9992464503235793];518;0;1.0;True;0
2;(249, 0);False;[1.6687594557641552e-05, 0.9991552818561278];447;0;1.0;True;1
2;(249, 0);False;[4.0043256723243435e-05, 0.9994502707180568];482;0;1.0;True;2
2;(249, 0);False;[2.4280005792298856e-05, 0.999142905165976];529;0;1.0;True;3
2;(249, 0);False;[7.48030189703283e-05, 0.9993481120297208];568;0;1.0;True;4
2;(249, 0);False;[5.820256150880546e-05, 0.998419640486964];622;0;1.0;True;5
2;(249, 0);False;[4.004073637968081e-05, 0.9993865678963391];458;0;1.0;True;6
2;(249, 0);False;[4.002092284194595e-05, 0.9988921056115713];510;0;1.0;True;7
2;(249, 0);False;[0.00010858840762316635, 0.9970586051049953];462;0;1.0;True;8
2;(249, 0);False;[2.752933359128332e-05, 0.9997418593267574];373;0;1.0;True;9
2;(249, 1);False;[5.1412685807998554e-05, 0.99937454266226];621;0;1.0;True;0
2;(249, 1);False;[2.4280075258052006e-05, 0.9991454043248554];460;0;1.0;True;1
2;(249, 1);False;[4.537746431097619e-05, 0.9995046924485991];559;0;1.0;True;2
2;(249, 1);False;[5.8229266157836914e-05, 0.9988780701807952];501;0;1.0;True;3
2;(249, 1);False;[4.534359238176473e-05, 0.9987594991396975];342;0;1.0;True;4
2;(249, 1);False;[6.596245843069473e-05, 0.998576167907071];491;0;1.0;True;5
2;(249, 1);False;[8.474037492441437e-05, 0.9990820973087875];583;0;1.0;True;6
2;(249, 1);False;[2.141226092162532e-05, 0.9984546974055465];544;0;1.0;True;7
2;(249, 1);False;[4.5364397045494134e-05, 0.9992174078742715];378;0;1.0;True;8
2;(249, 1);False;[4.0021419015062693e-05, 0.9989051897717635];536;0;1.0;True;9
2;(249, 2);True;[0.9978904022438214, 0.001168409435659114];533;0;1.0;True;0
2;(249, 2);True;[0.998576167907071, 0.0004874003057677844];588;0;1.0;True;1
2;(249, 2);True;[0.99845624240801, 0.0007090780503348281];497;0;1.0;True;2
2;(249, 2);True;[0.9989345707991406, 0.00048757510986035765];668;0;1.0;True;3
2;(249, 2);True;[0.9983521480405818, 0.000709004007067986];442;0;1.0;True;4
2;(249, 2);True;[0.9985092485293326, 0.0009105224307429779];569;0;1.0;True;5
2;(249, 2);True;[0.9983148409984535, 0.0006256705689726667];540;0;1.0;True;6
2;(249, 2);True;[0.9983191181045348, 0.000625673254065213];678;0;1.0;True;7
2;(249, 2);True;[0.998354999704122, 0.0007090060355476231];506;0;1.0;True;8
2;(249, 2);True;[0.9984322370220745, 0.0009104525319066412];478;0;1.0;True;9
2;(249, 3);False;[3.5313995710803745e-05, 0.9987691313007476];585;0;0.9;True;0
2;(249, 3);False;[5.1353392566004526e-05, 0.9982224170057333];647;0;0.9;True;1
2;(249, 3);False;[5.8229155094431636e-05, 0.9988765239441765];571;0;0.9;True;2
2;(249, 3);False;[3.530857396088061e-05, 0.9986157531801166];489;0;0.9;True;3
2;(249, 3);False;[0.00012324737736780014, 0.9986835191074649];607;0;0.9;True;4
2;(249, 3);False;[6.600342340906455e-05, 0.9991965793680311];396;0;0.9;True;5
2;(249, 3);False;[4.534986305314053e-05, 0.9988971012854853];521;0;0.9;True;6
2;(249, 3);True;[0.4995682902722678, 0.4995682902722678];719;0;0.1;False;7
2;(249, 3);False;[0.00033477039185829583, 0.9979369374385164];481;0;0.9;True;8
2;(249, 3);False;[5.8248261115748613e-05, 0.9992043155531961];526;0;0.9;True;9
