estimations;id;iter
0.8991213826762113;(5, 0);0
0.8807970654616711;(5, 0);1
0.8519527869325346;(5, 0);2
0.8267118026095992;(5, 0);3
0.7549149868676284;(5, 0);4
0.7772998611746911;(5, 0);5
0.9324533163686646;(5, 0);6
0.8807970842359877;(5, 0);7
0.8807970904940926;(5, 0);8
0.8670357460591569;(5, 0);9
0.5926665999540698;(5, 1);0
0.867035752930664;(5, 1);1
0.7549149758396752;(5, 1);2
0.7057850402140659;(5, 1);3
0.8080672135527632;(5, 1);4
0.743167997235783;(5, 1);5
0.6513548511303338;(5, 1);6
0.7772998714925403;(5, 1);7
0.7310585786300049;(5, 1);8
0.5312093733737563;(5, 1);9
0.6513548646660543;(5, 2);0
0.5;(5, 2);1
0.679178699175393;(5, 2);2
0.6513548511303336;(5, 2);3
0.7057850154599563;(5, 2);4
0.7185943925708561;(5, 2);5
0.5;(5, 2);6
0.7549149978955811;(5, 2);7
0.46879062662624377;(5, 2);8
0.7057850278370111;(5, 2);9
0.6513548646660543;(5, 3);0
0.8596637505099168;(5, 3);1
0.7057850278370112;(5, 3);2
0.29421497216298875;(5, 3);3
0.6513548646660543;(5, 3);4
0.3629692055196168;(5, 3);5
0.8175744850834648;(5, 3);6
0.7772998508568416;(5, 3);7
0.5926666143433998;(5, 3);8
0.8519527944504227;(5, 3);9
0.8438951025545427;(6, 0);0
0.8872045877523148;(6, 0);1
0.8991213880824789;(6, 0);2
0.8670357460591569;(6, 0);3
0.9241418199787564;(6, 0);4
0.9324533051062238;(6, 0);5
0.9284088005554475;(6, 0);6
0.9399133498259924;(6, 0);7
0.9046505351008906;(6, 0);8
0.8175744673038222;(6, 0);9
0.7310585786300048;(6, 1);0
0.5926665999540698;(6, 1);1
0.7057850278370112;(6, 1);2
0.8080672135527632;(6, 1);3
0.8354835452961425;(6, 1);4
0.8670357598021707;(6, 1);5
0.7549149868676284;(6, 1);6
0.8740772482857833;(6, 1);7
0.6224593312018546;(6, 1);8
0.8596637577007394;(6, 1);9
0.7549149868676284;(6, 2);0
0.808067204308405;(6, 2);1
0.6513548782017745;(6, 2);2
0.6513548646660542;(6, 2);3
0.7057850154599562;(6, 2);4
0.5926665999540698;(6, 2);5
0.754914997895581;(6, 2);6
0.5926665999540698;(6, 2);7
0.6791787121629466;(6, 2);8
0.7549149978955811;(6, 2);9
0.8596637505099168;(6, 3);0
0.6513548511303338;(6, 3);1
0.6224593312018545;(6, 3);2
0.7057850278370112;(6, 3);3
0.8354835289107307;(6, 3);4
0.7057850278370111;(6, 3);5
0.7772998611746912;(6, 3);6
0.7310585669110202;(6, 3);7
0.7549149868676284;(6, 3);8
0.5926665999540698;(6, 3);9
0.7310585786300048;(7, 0);0
0.2942149721629888;(7, 0);1
0.6224593312018546;(7, 0);2
0.4532618480153861;(7, 0);3
0.8267118111485244;(7, 0);4
0.5;(7, 0);5
0.8175744584140003;(7, 0);6
0.8596637505099168;(7, 0);7
0.8519527944504227;(7, 0);8
0.8354835207180243;(7, 0);9
0.6076631698328916;(7, 1);0
0.46879062662624377;(7, 1);1
0.5926665999540697;(7, 1);2
0.5312093733737563;(7, 1);3
0.5;(7, 1);4
0.679178699175393;(7, 1);5
0.6224593312018545;(7, 1);6
0.46879062662624377;(7, 1);7
0.6513548646660543;(7, 1);8
0.5926665999540698;(7, 1);9
0.8872045996818986;(7, 2);0
0.7981867969424066;(7, 2);1
0.8354835207180245;(7, 2);2
0.8519528019683105;(7, 2);3
0.8354835207180243;(7, 2);4
0.835483553488848;(7, 2);5
0.7879311856832191;(7, 2);6
0.7662936324115011;(7, 2);7
0.7185944046238981;(7, 2);8
0.743168019989179;(7, 2);9
0.5;(7, 3);0
0.5312093733737562;(7, 3);1
0.5;(7, 3);2
0.46879062662624377;(7, 3);3
0.3208213138121609;(7, 3);4
0.5312093733737563;(7, 3);5
0.42250463481418826;(7, 3);6
0.5312093733737563;(7, 3);7
0.5312093733737563;(7, 3);8
0.4378234991142019;(7, 3);9
0.9241418158002492;(8, 0);0
0.8933094003735664;(8, 0);1
0.9241418199787566;(8, 0);2
0.9046505299595162;(8, 0);3
0.9046505351008904;(8, 0);4
0.8740772351648677;(8, 0);5
0.9099070109242131;(8, 0);6
0.8080672135527631;(8, 0);7
0.8670357598021707;(8, 0);8
0.880797071719777;(8, 0);9
0.8519528170040852;(8, 1);0
0.2018132222603788;(8, 1);1
0.7057850278370112;(8, 1);2
0.5;(8, 1);3
0.45326184801538616;(8, 1);4
0.5312093733737563;(8, 1);5
0.6513548646660543;(8, 1);6
0.679178699175393;(8, 1);7
0.1824255415859996;(8, 1);8
0.3486451353339457;(8, 1);9
0.29421497216298875;(8, 2);0
0.5621765008857982;(8, 2);1
0.7981867777396212;(8, 2);2
0.320821300824607;(8, 2);3
0.7057850278370111;(8, 2);4
0.5312093733737563;(8, 2);5
0.46879062662624377;(8, 2);6
0.7185943805178139;(8, 2);7
0.5926665855647395;(8, 2);8
0.5621765008857982;(8, 2);9
0.880797071719777;(8, 3);0
0.7057850278370112;(8, 3);1
0.8807970717197768;(8, 3);2
0.8267118026095991;(8, 3);3
0.8670357735451834;(8, 3);4
0.7879311956428947;(8, 3);5
0.8354835207180245;(8, 3);6
0.3486451082625054;(8, 3);7
0.787931185683219;(8, 3);8
0.8519527944504228;(8, 3);9
0.8670357666736771;(9, 0);0
0.8267118111485244;(9, 0);1
0.8991213718636754;(9, 0);2
0.8807970717197771;(9, 0);3
0.9196425355825848;(9, 0);4
0.8354835289107309;(9, 0);5
0.8519528019683105;(9, 0);6
0.9149009503523291;(9, 0);7
0.8267117940706734;(9, 0);8
0.9099070011518829;(9, 0);9
0.8080672135527632;(9, 1);0
0.7662936430859597;(9, 1);1
0.6791787121629466;(9, 1);2
0.7879311956428946;(9, 1);3
0.835483553488848;(9, 1);4
0.7057850278370112;(9, 1);5
0.6224593171945416;(9, 1);6
0.6791787121629465;(9, 1);7
0.8080672043084051;(9, 1);8
0.5312093733737563;(9, 1);9
0.8354835452961425;(9, 2);0
0.5926665855647395;(9, 2);1
0.7879311956428947;(9, 2);2
0.7310585786300049;(9, 2);3
0.6513548782017745;(9, 2);4
0.9362850057480346;(9, 2);5
0.7981867777396212;(9, 2);6
0.8267118026095991;(9, 2);7
0.7981867873410141;(9, 2);8
0.7662936430859597;(9, 2);9
0.7185943925708562;(9, 3);0
0.5926665999540698;(9, 3);1
0.7310585669110202;(9, 3);2
0.7981867777396211;(9, 3);3
0.7772998508568417;(9, 3);4
0.5926665999540697;(9, 3);5
0.679178699175393;(9, 3);6
0.6513548646660542;(9, 3);7
0.8519528019683105;(9, 3);8
0.7772998508568416;(9, 3);9
0.6224593452091672;(0, 0);0
0.4073334000459302;(0, 0);1
0.6224593171945416;(0, 0);2
0.6791786991753931;(0, 0);3
0.34864513533394575;(0, 0);4
0.3208212748495002;(0, 0);5
0.5312093733737563;(0, 0);6
0.6791787121629466;(0, 0);7
0.5621765008857982;(0, 0);8
0.6791786861878392;(0, 0);9
0.8354835493924954;(0, 1);0
0.8438951025545426;(0, 1);1
0.8933094060543488;(0, 1);2
0.7981867969424067;(0, 1);3
0.7549149868676283;(0, 1);4
0.7772998611746911;(0, 1);5
0.8740772417253255;(0, 1);6
0.880797071719777;(0, 1);7
0.874077222043951;(0, 1);8
0.8519528019683106;(0, 1);9
0.5926666143434;(0, 2);0
0.5;(0, 2);1
0.2568320141409155;(0, 2);2
0.6224593312018546;(0, 2);3
0.5926665999540698;(0, 2);4
0.4378234991142019;(0, 2);5
0.43782349911420193;(0, 2);6
0.5621765008857981;(0, 2);7
0.6791787121629466;(0, 2);8
0.4687906266262437;(0, 2);9
0.5312093733737562;(0, 3);0
0.5926665999540698;(0, 3);1
0.43782349911420193;(0, 3);2
0.5;(0, 3);3
0.6513548511303338;(0, 3);4
0.5926666143433998;(0, 3);5
0.6076631698328916;(0, 3);6
0.5926665999540698;(0, 3);7
0.5926666143433998;(0, 3);8
0.5;(0, 3);9
0.6513548646660542;(1, 0);0
0.6224593312018546;(1, 0);1
0.3923368301671084;(1, 0);2
0.6513548511303338;(1, 0);3
0.6370307944803832;(1, 0);4
0.7431680199891789;(1, 0);5
0.5926665999540698;(1, 0);6
0.5312093733737563;(1, 0);7
0.6224593312018546;(1, 0);8
0.7549149868676283;(1, 0);9
0.5;(1, 1);0
0.6654105587468141;(1, 1);1
0.5312093733737562;(1, 1);2
0.6513548782017745;(1, 1);3
0.6513548646660543;(1, 1);4
0.8080672043084051;(1, 1);5
0.5;(1, 1);6
0.7981867777396212;(1, 1);7
0.5621765008857981;(1, 1);8
0.5312093733737563;(1, 1);9
0.8740772351648677;(1, 2);0
0.7662936324115011;(1, 2);1
0.7772998714925403;(1, 2);2
0.7185943925708561;(1, 2);3
0.8175744673038221;(1, 2);4
0.8354835452961427;(1, 2);5
0.20181320305759337;(1, 2);6
0.8175744584140004;(1, 2);7
0.8438950868503682;(1, 2);8
0.7057850402140659;(1, 2);9
0.679178699175393;(1, 3);0
0.6654105454764747;(1, 3);1
0.7310585786300049;(1, 3);2
0.5312093733737563;(1, 3);3
0.233706335565124;(1, 3);4
0.7057850278370112;(1, 3);5
0.798186768138228;(1, 3);6
0.4687906266262437;(1, 3);7
0.6224593312018546;(1, 3);8
0.679178686187839;(1, 3);9
0.8080672135527632;(2, 0);0
0.4073334000459302;(2, 0);1
0.8080672135527632;(2, 0);2
0.1329642264548166;(2, 0);3
0.6926419831347361;(2, 0);4
0.8670357666736772;(2, 0);5
0.8438951104066295;(2, 0);6
0.8519528019683105;(2, 0);7
0.7879311856832191;(2, 0);8
0.8991213772699436;(2, 0);9
0.8175744850834648;(2, 1);0
0.5467381519846138;(2, 1);1
0.7879311956428946;(2, 1);2
0.6926419831347361;(2, 1);3
0.7549150089235337;(2, 1);4
0.5;(2, 1);5
0.6513548646660542;(2, 1);6
0.7981867777396212;(2, 1);7
0.7662936430859597;(2, 1);8
0.7772998405389918;(2, 1);9
0.5312093733737563;(17, 1);9
0.6224593312018545;(17, 2);0
0.40733340004593027;(17, 2);1
0.320821300824607;(17, 2);2
0.7549149978955811;(17, 2);3
0.4073334000459302;(17, 2);4
0.5312093733737563;(17, 2);5
0.5926666143434;(17, 2);6
0.4378234991142019;(17, 2);7
0.6513548646660543;(17, 2);8
0.7310585786300048;(17, 2);9
0.7981867777396212;(17, 3);0
0.7310585903489892;(17, 3);1
0.8354835452961425;(17, 3);2
0.7310585903489891;(17, 3);3
0.7772998714925403;(17, 3);4
0.7981867585368344;(17, 3);5
0.743168019989179;(17, 3);6
0.8596637397236823;(17, 3);7
0.8267117769928211;(17, 3);8
0.8267118111485244;(17, 3);9
0.754914997895581;(18, 0);0
0.6513548646660543;(18, 0);1
0.5;(18, 0);2
0.6926419958239132;(18, 0);3
0.7549149758396752;(18, 0);4
0.665410558746814;(18, 0);5
0.5621765008857981;(18, 0);6
0.7310586020679731;(18, 0);7
0.6224593452091672;(18, 0);8
0.6513548646660543;(18, 0);9
0.7772998611746912;(18, 1);0
0.679178699175393;(18, 1);1
0.7549149868676283;(18, 1);2
0.7981867777396212;(18, 1);3
0.6513548646660542;(18, 1);4
0.6791787121629466;(18, 1);5
0.679178699175393;(18, 1);6
0.679178699175393;(18, 1);7
0.6513548782017745;(18, 1);8
0.8354835207180243;(18, 1);9
0.8267118026095992;(18, 2);0
0.8175744584140003;(18, 2);1
0.8933094060543488;(18, 2);2
0.7772998508568415;(18, 2);3
0.8872046056466901;(18, 2);4
0.8438950947024555;(18, 2);5
0.8807970842359876;(18, 2);6
0.8872045877523147;(18, 2);7
0.8670357666736771;(18, 2);8
0.8933093946927838;(18, 2);9
0.5621765008857982;(18, 3);0
0.766293653760418;(18, 3);1
0.6654105587468141;(18, 3);2
0.6513548646660542;(18, 3);3
0.679178699175393;(18, 3);4
0.6224593171945417;(18, 3);5
0.6224593312018545;(18, 3);6
0.43782349911420193;(18, 3);7
0.43782349911420193;(18, 3);8
0.6513548511303338;(18, 3);9
0.24508503518827837;(19, 0);0
0.4378234991142019;(19, 0);1
0.20181322226037887;(19, 0);2
0.2568320141409155;(19, 0);3
0.22270011818961086;(19, 0);4
0.4073334000459302;(19, 0);5
0.7431680313658765;(19, 0);6
0.4687906266262437;(19, 0);7
0.3775406687981454;(19, 0);8
0.20181322226037884;(19, 0);9
0.7662936430859597;(19, 1);0
0.7879312056025699;(19, 1);1
0.5467381519846138;(19, 1);2
0.7549149868676283;(19, 1);3
0.7772998508568417;(19, 1);4
0.6513548511303336;(19, 1);5
0.7057850154599562;(19, 1);6
0.8519527944504227;(19, 1);7
0.754914975839675;(19, 1);8
0.665410558746814;(19, 1);9
0.37754066879814546;(19, 2);0
0.7981867969424067;(19, 2);1
0.7662936324115011;(19, 2);2
0.2689414213699951;(19, 2);3
0.37754066879814546;(19, 2);4
0.5;(19, 2);5
0.37754066879814546;(19, 2);6
0.5312093733737563;(19, 2);7
0.1259227582746744;(19, 2);8
0.665410558746814;(19, 2);9
0.30735801686526387;(19, 3);0
0.3775406547908327;(19, 3);1
0.22270014914315836;(19, 3);2
0.26894142136999516;(19, 3);3
0.26894144480796467;(19, 3);4
0.1919327772028789;(19, 3);5
0.21206882427645693;(19, 3);6
0.28140560742914383;(19, 3);7
0.4687906266262437;(19, 3);8
0.090092998848117;(19, 3);9
0.531209388216861;(12, 2);1
0.5621764862150634;(12, 2);2
0.5926665999540697;(12, 2);3
0.5621765008857981;(12, 2);4
0.5621765008857981;(12, 2);5
0.43782351378493656;(12, 2);6
0.5312093733737563;(12, 2);7
0.4378234991142019;(12, 2);8
0.7057850278370111;(12, 2);9
0.6224593312018546;(12, 3);0
0.34864513533394575;(12, 3);1
0.6791787121629466;(12, 3);2
0.3775406687981454;(12, 3);3
0.6224593312018546;(12, 3);4
0.40733340004593027;(12, 3);5
0.6513548646660542;(12, 3);6
0.3486451353339457;(12, 3);7
0.7772998714925403;(12, 3);8
0.6224593171945416;(12, 3);9
0.46879062662624377;(13, 0);0
0.766293653760418;(13, 0);1
0.6791787121629466;(13, 0);2
0.8740772417253255;(13, 0);3
0.5312093733737563;(13, 0);4
0.5621765008857982;(13, 0);5
0.7981867681382279;(13, 0);6
0.8519527869325345;(13, 0);7
0.3775406687981454;(13, 0);8
0.7549149868676283;(13, 0);9
0.5926665999540698;(13, 1);0
0.8175744673038222;(13, 1);1
0.5156199157230156;(13, 1);2
0.7981867777396211;(13, 1);3
0.7431680086124812;(13, 1);4
0.7185943925708561;(13, 1);5
0.7310585786300049;(13, 1);6
0.7185943925708562;(13, 1);7
0.7310585669110202;(13, 1);8
0.8670357460591569;(13, 1);9
0.6224593452091672;(13, 2);0
0.5926665999540698;(13, 2);1
0.6076631698328917;(13, 2);2
0.6224593171945417;(13, 2);3
0.6224593312018545;(13, 2);4
0.5312093733737563;(13, 2);5
0.5312093733737562;(13, 2);6
0.5312093733737562;(13, 2);7
0.6370307944803831;(13, 2);8
0.5926665999540697;(13, 2);9
0.5312093733737563;(13, 3);0
0.7310585669110202;(13, 3);1
0.37754066879814546;(13, 3);2
0.37754066879814546;(13, 3);3
0.5;(13, 3);4
0.2689414213699951;(13, 3);5
0.4073334000459302;(13, 3);6
0.40733340004593027;(13, 3);7
0.6513548646660542;(13, 3);8
0.5;(13, 3);9
0.37754066879814546;(14, 0);0
0.334589441253186;(14, 0);1
0.679178699175393;(14, 0);2
0.5926665999540697;(14, 0);3
0.2568319686341235;(14, 0);4
0.5312093733737562;(14, 0);5
0.5926666143434;(14, 0);6
0.5621765008857981;(14, 0);7
0.6224593312018546;(14, 0);8
0.43782349911420193;(14, 0);9
0.9046505402422645;(14, 1);0
0.8519527944504227;(14, 1);1
0.6370307944803832;(14, 1);2
0.851952809486198;(14, 1);3
0.8519528019683105;(14, 1);4
0.8519528019683106;(14, 1);5
0.8080672320414787;(14, 1);6
0.8267117769928211;(14, 1);7
0.8175744673038222;(14, 1);8
0.7772998611746912;(14, 1);9
0.21206880435710537;(14, 2);0
0.5621765008857981;(14, 2);1
0.6791786861878392;(14, 2);2
0.36296920551961676;(14, 2);3
0.5;(14, 2);4
0.5312093733737563;(14, 2);5
0.5926665999540697;(14, 2);6
0.5312093733737563;(14, 2);7
0.46879062662624377;(14, 2);8
0.40733340004593027;(14, 2);9
0.4378234991142019;(14, 3);0
0.6224593312018546;(14, 3);1
0.6791787121629466;(14, 3);2
0.46879062662624377;(14, 3);3
0.6791786991753929;(14, 3);4
0.5;(14, 3);5
0.4378234991142019;(14, 3);6
0.7185944166769399;(14, 3);7
0.43782349911420193;(14, 3);8
0.6513548511303338;(14, 3);9
0.4378234991142019;(2, 2);0
0.40733340004593016;(2, 2);1
0.4073334000459302;(2, 2);2
0.24508503518827834;(2, 2);3
0.3208212878370535;(2, 2);4
0.5926665999540698;(2, 2);5
0.6224593452091672;(2, 2);6
0.24508503518827837;(2, 2);7
0.2227001594610082;(2, 2);8
0.233706335565124;(2, 2);9
0.6076631698328916;(2, 3);0
0.46879062662624377;(2, 3);1
0.34864513533394575;(2, 3);2
0.5312093733737562;(2, 3);3
0.16451647928197558;(2, 3);4
0.5774953651858117;(2, 3);5
0.11279541821247763;(2, 3);6
0.4687906266262437;(2, 3);7
0.1732881888514755;(2, 3);8
0.3775406687981454;(2, 3);9
0.15610488959337065;(3, 0);0
0.5312093733737563;(3, 0);1
0.5467381519846138;(3, 0);2
0.5312093733737563;(3, 0);3
0.1480472055495773;(3, 0);4
0.7431679972357829;(3, 0);5
0.5312093733737563;(3, 0);6
0.2689414213699951;(3, 0);7
0.4687906266262437;(3, 0);8
0.7662936644348759;(3, 0);9
0.5621765008857982;(3, 1);0
0.7185943925708561;(3, 1);1
0.5774953651858117;(3, 1);2
0.7185943925708561;(3, 1);3
0.6513548646660543;(3, 1);4
0.5;(3, 1);5
0.6926419831347361;(3, 1);6
0.7185943805178139;(3, 1);7
0.6224593312018546;(3, 1);8
0.6791787251504998;(3, 1);9
0.320821300824607;(3, 2);0
0.3208213138121609;(3, 2);1
0.320821300824607;(3, 2);2
0.5312093733737562;(3, 2);3
0.33458944125318596;(3, 2);4
0.320821300824607;(3, 2);5
0.5621765008857981;(3, 2);6
0.3775406687981454;(3, 2);7
0.5926665999540698;(3, 2);8
0.24508499107646642;(3, 2);9
0.28140560742914383;(3, 3);0
0.5926665999540699;(3, 3);1
0.3775406687981454;(3, 3);2
0.546738151984614;(3, 3);3
0.5926666143434;(3, 3);4
0.5774953651858118;(3, 3);5
0.4687906266262437;(3, 3);6
0.6791786991753929;(3, 3);7
0.7310585786300049;(3, 3);8
0.18242552380635635;(3, 3);9
0.5312093733737563;(4, 0);0
0.5;(4, 0);1
0.40733340004593027;(4, 0);2
0.5312093733737563;(4, 0);3
0.5621765008857982;(4, 0);4
0.4687906266262438;(4, 0);5
0.7772998611746912;(4, 0);6
0.4378234991142019;(4, 0);7
0.6513548782017746;(4, 0);8
0.37754066879814535;(4, 0);9
0.40733340004593027;(4, 1);0
0.6791786991753929;(4, 1);1
0.7185943805178139;(4, 1);2
0.5312093733737564;(4, 1);3
0.8872045877523147;(4, 1);4
0.7057850278370112;(4, 1);5
0.4532618480153861;(4, 1);6
0.43782349911420193;(4, 1);7
0.7057850402140659;(4, 1);8
0.6513548646660543;(4, 1);9
0.2942149474088797;(4, 2);0
0.37754066879814546;(4, 2);1
0.43782349911420193;(4, 2);2
0.8080672135527631;(4, 2);3
0.3629692055196168;(4, 2);4
0.8807970842359877;(4, 2);5
0.4687906266262437;(4, 2);6
0.8933094003735664;(4, 2);7
0.7981867681382279;(4, 2);8
0.7662936430859597;(4, 2);9
0.5312093733737563;(4, 3);0
0.5926665999540698;(4, 3);1
0.3486451353339458;(4, 3);2
0.43782349911420193;(4, 3);3
0.5926666143434;(4, 3);4
0.6224593312018546;(4, 3);5
0.7310585786300049;(4, 3);6
0.6224593171945417;(4, 3);7
0.7310585903489891;(4, 3);8
0.43782349911420193;(4, 3);9
0.8670357666736773;(10, 0);0
0.8740772286044095;(10, 0);1
0.8933094060543488;(10, 0);2
0.9099070158103778;(10, 0);3
0.8670357735451834;(10, 0);4
0.9241418199787564;(10, 0);5
0.9241418158002491;(10, 0);6
0.8670357529306639;(10, 0);7
0.8872045996818987;(10, 0);8
0.8670357529306639;(10, 0);9
0.7431680086124812;(10, 1);0
0.787931185683219;(10, 1);1
0.8175744584140004;(10, 1);2
0.8354835452961425;(10, 1);3
0.5926666143433998;(10, 1);4
0.5621765008857981;(10, 1);5
0.7879311956428947;(10, 1);6
0.7185944166769398;(10, 1);7
0.5926665999540698;(10, 1);8
0.5621765008857981;(10, 1);9
0.7879311956428947;(10, 2);0
0.6224593312018546;(10, 2);1
0.6224593312018546;(10, 2);2
0.8175744939732855;(10, 2);3
0.7879311956428947;(10, 2);4
0.5926665999540698;(10, 2);5
0.679178699175393;(10, 2);6
0.43782349911420193;(10, 2);7
0.7772998508568416;(10, 2);8
0.6224593312018546;(10, 2);9
0.5312093733737563;(10, 3);0
0.5621765008857981;(10, 3);1
0.5621765008857982;(10, 3);2
0.6513548646660543;(10, 3);3
0.5;(10, 3);4
0.6926419831347361;(10, 3);5
0.8354835452961425;(10, 3);6
0.766293653760418;(10, 3);7
0.46879062662624377;(10, 3);8
0.6654105587468139;(10, 3);9
0.5926665999540698;(11, 0);0
0.3486451217982255;(11, 0);1
0.1919327772028789;(11, 0);2
0.29421498454004374;(11, 0);3
0.6513548646660543;(11, 0);4
0.766293653760418;(11, 0);5
0.3629692055196168;(11, 0);6
0.4378234844434674;(11, 0);7
0.754914975839675;(11, 0);8
0.6224593312018546;(11, 0);9
0.8670357598021708;(11, 1);0
0.8354835207180245;(11, 1);1
0.9399133531922389;(11, 1);2
0.8175744673038222;(11, 1);3
0.8596637577007393;(11, 1);4
0.835483553488848;(11, 1);5
0.8267117855317473;(11, 1);6
0.8872045996818987;(11, 1);7
0.8872045877523148;(11, 1);8
0.766293653760418;(11, 1);9
0.8872045877523148;(11, 2);0
0.8991213664574069;(11, 2);1
0.798186787341014;(11, 2);2
0.874077222043951;(11, 2);3
0.5312093733737563;(11, 2);4
0.9149009596336302;(11, 2);5
0.8872046056466901;(11, 2);6
0.8438951104066295;(11, 2);7
0.8596637577007393;(11, 2);8
0.7879311956428947;(11, 2);9
0.6224593312018546;(11, 3);0
0.46879062662624377;(11, 3);1
0.7431680086124812;(11, 3);2
0.5312093733737563;(11, 3);3
0.5621765008857981;(11, 3);4
0.40733340004593027;(11, 3);5
0.40733340004593027;(11, 3);6
0.5;(11, 3);7
0.808067204308405;(11, 3);8
0.8175744850834649;(11, 3);9
0.6513548646660542;(12, 0);0
0.4073334000459302;(12, 0);1
0.7057850154599562;(12, 0);2
0.5312093733737563;(12, 0);3
0.754914975839675;(12, 0);4
0.5312093733737563;(12, 0);5
0.5312093585306514;(12, 0);6
0.6224593171945417;(12, 0);7
0.5312093733737563;(12, 0);8
0.5312093733737563;(12, 0);9
0.8354835371034368;(12, 1);0
0.8596637648915617;(12, 1);1
0.8438950868503681;(12, 1);2
0.8354835371034368;(12, 1);3
0.8438950868503682;(12, 1);4
0.7879311856832191;(12, 1);5
0.9324533051062237;(12, 1);6
0.8596637505099167;(12, 1);7
0.8670357666736773;(12, 1);8
0.8267117940706735;(12, 1);9
0.6224593312018545;(12, 2);0
0.8740772351648676;(15, 0);0
0.7310585786300049;(15, 0);1
0.7310585903489892;(15, 0);2
0.5926665999540698;(15, 0);3
0.8267117940706734;(15, 0);4
0.7431680086124811;(15, 0);5
0.6370307944803832;(15, 0);6
0.8519527944504227;(15, 0);7
0.7981867873410141;(15, 0);8
0.5926665999540697;(15, 0);9
0.7879311956428947;(15, 1);0
0.6224593312018546;(15, 1);1
0.6370307944803831;(15, 1);2
0.37754066879814546;(15, 1);3
0.4073334144352605;(15, 1);4
0.22270015946100824;(15, 1);5
0.30735801686526387;(15, 1);6
0.8267118111485245;(15, 1);7
0.5621765008857981;(15, 1);8
0.7310585903489892;(15, 1);9
0.5;(15, 2);0
0.6224593312018545;(15, 2);1
0.5926665999540698;(15, 2);2
0.37754066879814546;(15, 2);3
0.3775406687981454;(15, 2);4
0.40733340004593027;(15, 2);5
0.5926665999540698;(15, 2);6
0.5312093733737563;(15, 2);7
0.4687906266262437;(15, 2);8
0.5774953651858118;(15, 2);9
0.5;(15, 3);0
0.5156199157230157;(15, 3);1
0.2568319686341235;(15, 3);2
0.7057850154599562;(15, 3);3
0.43782349911420193;(15, 3);4
0.4378234991142019;(15, 3);5
0.6224593312018546;(15, 3);6
0.5312093733737562;(15, 3);7
0.5;(15, 3);8
0.5621765155565326;(15, 3);9
0.8519528019683105;(16, 0);0
0.8267117855317474;(16, 0);1
0.9496693617046216;(16, 0);2
0.8872045937171068;(16, 0);3
0.9099070109242131;(16, 0);4
0.8354835289107307;(16, 0);5
0.8596637577007394;(16, 0);6
0.914900950352329;(16, 0);7
0.8991213772699435;(16, 0);8
0.8807970904940926;(16, 0);9
0.8354835371034369;(16, 1);0
0.5926665999540698;(16, 1);1
0.8267118111485244;(16, 1);2
0.8267118111485245;(16, 1);3
0.8596637648915617;(16, 1);4
0.8438951143326726;(16, 1);5
0.7879311956428947;(16, 1);6
0.6513548646660542;(16, 1);7
0.8175744761936438;(16, 1);8
0.88720460564669;(16, 1);9
0.5;(16, 2);0
0.3486451353339457;(16, 2);1
0.679178699175393;(16, 2);2
0.28140563153522874;(16, 2);3
0.679178699175393;(16, 2);4
0.4687906266262437;(16, 2);5
0.3775406687981454;(16, 2);6
0.37754066879814546;(16, 2);7
0.705785040214066;(16, 2);8
0.36296920551961687;(16, 2);9
0.7057850278370111;(16, 3);0
0.5;(16, 3);1
0.5926665999540698;(16, 3);2
0.7310585786300049;(16, 3);3
0.5;(16, 3);4
0.7549149868676283;(16, 3);5
0.5312093733737562;(16, 3);6
0.43782349911420193;(16, 3);7
0.679178699175393;(16, 3);8
0.5621765008857982;(16, 3);9
0.5312093733737563;(17, 0);0
0.5;(17, 0);1
0.5;(17, 0);2
0.36296920551961687;(17, 0);3
0.6224593312018546;(17, 0);4
0.5;(17, 0);5
0.5312093733737562;(17, 0);6
0.17328818885147554;(17, 0);7
0.4378234991142019;(17, 0);8
0.5;(17, 0);9
0.7310585786300049;(17, 1);0
0.34864513533394575;(17, 1);1
0.6513548782017744;(17, 1);2
0.6513548646660542;(17, 1);3
0.5926665999540698;(17, 1);4
0.6224593312018546;(17, 1);5
0.5926666143433998;(17, 1);6
0.5;(17, 1);7
0.6224593312018546;(17, 1);8
0.7185943925708562;(25, 0);0
0.8080672320414787;(25, 0);1
0.7431680086124811;(25, 0);2
0.766293653760418;(25, 0);3
0.8438951104066292;(25, 0);4
0.8267117940706734;(25, 0);5
0.8175744584140004;(25, 0);6
0.6791786991753931;(25, 0);7
0.835483553488848;(25, 0);8
0.7310585786300049;(25, 0);9
0.7057850154599562;(25, 1);0
0.5621765008857981;(25, 1);1
0.34864513533394575;(25, 1);2
0.7310585786300049;(25, 1);3
0.5312093733737563;(25, 1);4
0.6791787121629465;(25, 1);5
0.7057850278370112;(25, 1);6
0.7310585786300049;(25, 1);7
0.679178699175393;(25, 1);8
0.7310585786300049;(25, 1);9
0.6224593171945417;(25, 2);0
0.4073334000459302;(25, 2);1
0.7431680086124812;(25, 2);2
0.7057850278370112;(25, 2);3
0.6224593452091673;(25, 2);4
0.5;(25, 2);5
0.679178699175393;(25, 2);6
0.6076631698328917;(25, 2);7
0.5774953651858118;(25, 2);8
0.6224593452091672;(25, 2);9
0.4073334000459302;(25, 3);0
0.5926665855647395;(25, 3);1
0.6224593452091672;(25, 3);2
0.5621764862150634;(25, 3);3
0.5312093733737563;(25, 3);4
0.5926665999540698;(25, 3);5
0.5926665855647394;(25, 3);6
0.4532618480153861;(25, 3);7
0.5621765008857981;(25, 3);8
0.2689413979320269;(25, 3);9
0.8670357666736772;(26, 0);0
0.8175744850834648;(26, 0);1
0.9241418199787566;(26, 0);2
0.8596637505099167;(26, 0);3
0.9433475746920262;(26, 0);4
0.9362849986365571;(26, 0);5
0.9603611586300241;(26, 0);6
0.9046505428129514;(26, 0);7
0.8991213772699435;(26, 0);8
0.9196425399873763;(26, 0);9
0.7431680199891789;(26, 1);0
0.5312093733737563;(26, 1);1
0.7772998611746912;(26, 1);2
0.7772998818103892;(26, 1);3
0.5926665999540698;(26, 1);4
0.8354835452961425;(26, 1);5
0.8175744584140004;(26, 1);6
0.7310585669110202;(26, 1);7
0.7310585903489891;(26, 1);8
0.7772998714925403;(26, 1);9
0.679178699175393;(26, 2);0
0.46879062662624377;(26, 2);1
0.5;(26, 2);2
0.8354835289107307;(26, 2);3
0.705785040214066;(26, 2);4
0.5621765008857981;(26, 2);5
0.7057850278370112;(26, 2);6
0.5312093733737563;(26, 2);7
0.4378234991142019;(26, 2);8
0.7662936644348761;(26, 2);9
0.6224593312018546;(26, 3);0
0.5621765008857981;(26, 3);1
0.7310585669110202;(26, 3);2
0.5621765008857981;(26, 3);3
0.8354835452961425;(26, 3);4
0.7057850278370112;(26, 3);5
0.7981867873410141;(26, 3);6
0.78793120560257;(26, 3);7
0.6513548646660543;(26, 3);8
0.7549149758396752;(26, 3);9
0.7310585903489891;(27, 0);0
0.7057850278370112;(27, 0);1
0.705785040214066;(27, 0);2
0.34864513533394575;(27, 0);3
0.5;(27, 0);4
0.43782349911420193;(27, 0);5
0.6513548646660543;(27, 0);6
0.6513548646660543;(27, 0);7
0.5926666143434;(27, 0);8
0.3775406687981454;(27, 0);9
0.5621765008857982;(27, 1);0
0.8670357598021707;(27, 1);1
0.8267118111485244;(27, 1);2
0.8670357735451835;(27, 1);3
0.8267117940706734;(27, 1);4
0.7981867873410141;(27, 1);5
0.8267117769928211;(27, 1);6
0.8740772253241802;(27, 1);7
0.7981867777396212;(27, 1);8
0.8596637433190939;(27, 1);9
0.4073334000459303;(27, 2);0
0.7549149868676284;(27, 2);1
0.30735799148691006;(27, 2);2
0.7310585669110202;(27, 2);3
0.6791786861878392;(27, 2);4
0.6224593171945417;(27, 2);5
0.6513548646660542;(27, 2);6
0.7057850278370112;(27, 2);7
0.679178699175393;(27, 2);8
0.5312093733737563;(27, 2);9
0.6513548782017746;(27, 3);0
0.5621765008857981;(27, 3);1
0.5;(27, 3);2
0.320821300824607;(27, 3);3
0.531209388216861;(27, 3);4
0.6513548646660542;(27, 3);5
0.5621765008857982;(27, 3);6
0.7772998611746912;(27, 3);7
0.6513548646660542;(27, 3);8
0.679178686187839;(27, 3);9
0.9399133498259923;(28, 0);0
0.8670357598021707;(28, 0);1
0.8596637577007394;(28, 0);2
0.8267117940706734;(28, 0);3
0.9324533144915913;(28, 0);4
0.8807970779778824;(28, 0);5
0.9046505299595162;(28, 0);6
0.8872045817875224;(28, 0);7
0.8354835452961425;(28, 0);8
0.8807970873650401;(28, 0);9
0.6513548646660542;(28, 1);0
0.5312093733737563;(28, 1);1
0.5621765008857981;(28, 1);2
0.7057850278370112;(28, 1);3
0.8175744850834648;(28, 1);4
0.6926419704455588;(28, 1);5
0.787931185683219;(28, 1);6
0.7310585786300049;(28, 1);7
0.7772998611746911;(28, 1);8
0.5621765008857982;(28, 1);9
0.7662936324115012;(28, 2);0
0.4687906266262437;(28, 2);1
0.7772998818103892;(28, 2);2
0.4687906266262437;(28, 2);3
0.8080671950640465;(28, 2);4
0.7310585786300048;(28, 2);5
0.5621765008857981;(28, 2);6
0.7057850278370112;(28, 2);7
0.8596637648915616;(28, 2);8
0.8175744584140004;(28, 2);9
0.7057850278370112;(28, 3);0
0.8267117940706734;(28, 3);1
0.7549149758396752;(28, 3);2
0.7772998508568416;(28, 3);3
0.817574471748733;(28, 3);4
0.7057850278370112;(28, 3);5
0.7549149758396752;(28, 3);6
0.7057850278370112;(28, 3);7
0.8596637577007393;(28, 3);8
0.7310585786300049;(28, 3);9
0.7431680086124812;(29, 0);0
0.4687906266262437;(29, 0);1
0.37754066879814546;(29, 0);2
0.5621764862150634;(29, 0);3
0.6224593312018546;(29, 0);4
0.679178699175393;(29, 0);5
0.6513548646660542;(29, 0);6
0.5926665999540698;(29, 0);7
0.6513548646660542;(29, 0);8
0.4687906266262437;(29, 0);9
0.37754066879814546;(29, 1);0
0.6224593171945416;(29, 1);1
0.4687906266262437;(29, 1);2
0.5926665999540698;(29, 1);3
0.29421497216298875;(29, 1);4
0.6513548646660543;(29, 1);5
0.5621765008857981;(29, 1);6
0.42250463481418826;(29, 1);7
0.320821300824607;(29, 1);8
0.6513548646660542;(29, 1);9
0.40733340004593027;(29, 2);0
0.6513548782017745;(29, 2);1
0.19193279569159502;(29, 2);2
0.5621765008857982;(29, 2);3
0.5312093733737562;(29, 2);4
0.5312093733737563;(29, 2);5
0.4687906266262437;(29, 2);6
0.3486451488696663;(29, 2);7
0.46879062662624377;(29, 2);8
0.46879062662624377;(29, 2);9
0.8807970717197768;(29, 3);0
0.8872045996818986;(29, 3);1
0.8175744939732856;(29, 3);2
0.9149009549929797;(29, 3);3
0.8872045996818986;(29, 3);4
0.8519528019683105;(29, 3);5
0.8596637433190939;(29, 3);6
0.8354835207180245;(29, 3);7
0.8596637577007393;(29, 3);8
0.8872045937171067;(29, 3);9
0.8807970842359877;(20, 0);0
0.8872045937171068;(20, 0);1
0.8933094060543488;(20, 0);2
0.8438951025545426;(20, 0);3
0.9241418241572634;(20, 0);4
0.9324533051062237;(20, 0);5
0.7549149868676284;(20, 0);6
0.8807970842359877;(20, 0);7
0.8740772351648677;(20, 0);8
0.9046505402422645;(20, 0);9
0.679178699175393;(20, 1);0
0.7981867681382279;(20, 1);1
0.7310585786300049;(20, 1);2
0.787931185683219;(20, 1);3
0.8872045937171068;(20, 1);4
0.6513548646660543;(20, 1);5
0.8740772351648678;(20, 1);6
0.808067204308405;(20, 1);7
0.7981867969424066;(20, 1);8
0.7310585903489892;(20, 1);9
0.5621765008857981;(20, 2);0
0.5621765008857981;(20, 2);1
0.5312093733737562;(20, 2);2
0.6513548646660542;(20, 2);3
0.679178699175393;(20, 2);4
0.5926665999540698;(20, 2);5
0.5312093733737563;(20, 2);6
0.7185943805178138;(20, 2);7
0.5312093733737562;(20, 2);8
0.6224593171945417;(20, 2);9
0.5;(20, 3);0
0.7057850278370112;(20, 3);1
0.7310585786300049;(20, 3);2
0.7057850278370112;(20, 3);3
0.6224593312018546;(20, 3);4
0.7431680199891789;(20, 3);5
0.7431680086124811;(20, 3);6
0.5621765008857982;(20, 3);7
0.7057850278370112;(20, 3);8
0.5621765008857981;(20, 3);9
0.48438008427698437;(21, 0);0
0.40733340004593027;(21, 0);1
0.6513548646660542;(21, 0);2
0.30735801686526387;(21, 0);3
0.3208213008246071;(21, 0);4
0.2942149597859341;(21, 0);5
0.320821300824607;(21, 0);6
0.43782349911420193;(21, 0);7
0.5312093733737562;(21, 0);8
0.6791786991753929;(21, 0);9
0.787931215562245;(21, 1);0
0.7057850278370111;(21, 1);1
0.8175744850834648;(21, 1);2
0.6513548646660543;(21, 1);3
0.8596637648915617;(21, 1);4
0.8175744673038222;(21, 1);5
0.8670357666736772;(21, 1);6
0.705785040214066;(21, 1);7
0.8991213772699435;(21, 1);8
0.808067204308405;(21, 1);9
0.5312093733737563;(21, 2);0
0.5926665999540698;(21, 2);1
0.6513548782017745;(21, 2);2
0.5621765008857982;(21, 2);3
0.7879311856832191;(21, 2);4
0.7549149758396752;(21, 2);5
0.6224593312018546;(21, 2);6
0.5;(21, 2);7
0.320821300824607;(21, 2);8
0.5312093733737562;(21, 2);9
0.6791786861878392;(21, 3);0
0.34864513533394575;(21, 3);1
0.6224593171945417;(21, 3);2
0.5621765008857982;(21, 3);3
0.21206880435710534;(21, 3);4
0.6224593312018546;(21, 3);5
0.40733340004593027;(21, 3);6
0.5621765008857982;(21, 3);7
0.2689414096510109;(21, 3);8
0.4378234991142019;(21, 3);9
0.320821300824607;(22, 0);0
0.7549149868676284;(22, 0);1
0.6224593171945417;(22, 0);2
0.320821300824607;(22, 0);3
0.3073579914869101;(22, 0);4
0.6513548646660543;(22, 0);5
0.3775406687981454;(22, 0);6
0.4687906266262438;(22, 0);7
0.320821300824607;(22, 0);8
0.6370307944803831;(22, 0);9
0.8596637433190939;(22, 1);0
0.8080672135527632;(22, 1);1
0.7981867585368344;(22, 1);2
0.8438951182587158;(22, 1);3
0.7662936324115011;(22, 1);4
0.8519527869325346;(22, 1);5
0.7057850278370112;(22, 1);6
0.8267117940706734;(22, 1);7
0.8807970654616711;(22, 1);8
0.8740772482857833;(22, 1);9
0.5774953651858118;(22, 2);0
0.6791786991753929;(22, 2);1
0.37754066879814546;(22, 2);2
0.4378234991142018;(22, 2);3
0.5926665999540698;(22, 2);4
0.3775406687981454;(22, 2);5
0.5926665855647394;(22, 2);6
0.6513548646660542;(22, 2);7
0.3775406687981454;(22, 2);8
0.1732882059293266;(22, 2);9
0.5312093733737562;(22, 3);0
0.6513548646660543;(22, 3);1
0.6791787121629466;(22, 3);2
0.2568320141409155;(22, 3);3
0.29421498454004374;(22, 3);4
0.33458944125318596;(22, 3);5
0.6370307944803832;(22, 3);6
0.7057850278370111;(22, 3);7
0.5312093733737563;(22, 3);8
0.5312093733737563;(22, 3);9
0.8872045937171068;(23, 0);0
0.8807970748488296;(23, 0);1
0.7431680086124812;(23, 0);2
0.8933094003735664;(23, 0);3
0.9099070035949656;(23, 0);4
0.8933094174159127;(23, 0);5
0.8175744939732856;(23, 0);6
0.808067204308405;(23, 0);7
0.8354835207180245;(23, 0);8
0.9362850128595114;(23, 0);9
0.6654105587468141;(23, 1);0
0.5312093733737563;(23, 1);1
0.6224593312018546;(23, 1);2
0.7772998508568416;(23, 1);3
0.5312093733737563;(23, 1);4
0.754914975839675;(23, 1);5
0.835483553488848;(23, 1);6
0.4687906266262437;(23, 1);7
0.34864513533394575;(23, 1);8
0.5312093733737563;(23, 1);9
0.4378234991142019;(23, 2);0
0.6513548646660543;(23, 2);1
0.7431680199891789;(23, 2);2
0.6224593312018546;(23, 2);3
0.6791786991753929;(23, 2);4
0.7310585786300049;(23, 2);5
0.6791787121629466;(23, 2);6
0.5926665999540698;(23, 2);7
0.679178699175393;(23, 2);8
0.5621765008857981;(23, 2);9
0.7549149868676283;(23, 3);0
0.45326184801538616;(23, 3);1
0.7549149758396752;(23, 3);2
0.8438951025545426;(23, 3);3
0.5312093733737563;(23, 3);4
0.7310585786300049;(23, 3);5
0.8080672135527631;(23, 3);6
0.6513548646660542;(23, 3);7
0.936285002192296;(23, 3);8
0.7549149868676283;(23, 3);9
0.46879062662624377;(24, 0);0
0.8933094060543488;(24, 0);1
0.3775406687981454;(24, 0);2
0.7431680086124811;(24, 0);3
0.7431679972357831;(24, 0);4
0.6926419831347362;(24, 0);5
0.5926665999540698;(24, 0);6
0.7431679858590845;(24, 0);7
0.679178699175393;(24, 0);8
0.4073334000459302;(24, 0);9
0.8354835207180243;(24, 1);0
0.7549149868676283;(24, 1);1
0.692641983134736;(24, 1);2
0.9324533126145178;(24, 1);3
0.8267117855317474;(24, 1);4
0.8080672135527631;(24, 1);5
0.8175744673038221;(24, 1);6
0.8740772417253255;(24, 1);7
0.8354835371034368;(24, 1);8
0.8596637505099168;(24, 1);9
0.8519528170040852;(24, 2);0
0.7772998405389918;(24, 2);1
0.679178686187839;(24, 2);2
0.8354835371034369;(24, 2);3
0.8933094088947399;(24, 2);4
0.8596637361282706;(24, 2);5
0.8175744673038222;(24, 2);6
0.8872045937171068;(24, 2);7
0.8438950868503682;(24, 2);8
0.8175744850834648;(24, 2);9
0.6654105587468141;(24, 3);0
0.6513548782017745;(24, 3);1
0.5312093733737563;(24, 3);2
0.5621765008857981;(24, 3);3
0.334589441253186;(24, 3);4
0.5;(24, 3);5
0.5926665999540697;(24, 3);6
0.5621765008857982;(24, 3);7
0.5926665999540698;(24, 3);8
0.5312093733737563;(24, 3);9
0.6791786861878392;(30, 0);0
0.7185944046238981;(30, 0);1
0.6224593312018546;(30, 0);2
0.7057850278370112;(30, 0);3
0.7549149758396752;(30, 0);4
0.46879062662624377;(30, 0);5
0.7310585786300048;(30, 0);6
0.7879311956428947;(30, 0);7
0.7310585786300048;(30, 0);8
0.43782349911420193;(30, 0);9
0.29421497216298875;(30, 1);0
0.5312093733737563;(30, 1);1
0.7549149868676283;(30, 1);2
0.5621765008857982;(30, 1);3
0.5;(30, 1);4
0.6791787121629466;(30, 1);5
0.679178699175393;(30, 1);6
0.7057850278370111;(30, 1);7
0.7549149868676284;(30, 1);8
0.5621765008857981;(30, 1);9
0.5;(30, 2);0
0.7310585786300049;(30, 2);1
0.7549149868676283;(30, 2);2
0.7310585669110203;(30, 2);3
0.320821300824607;(30, 2);4
0.7057850278370112;(30, 2);5
0.6513548782017745;(30, 2);6
0.7981867777396212;(30, 2);7
0.5;(30, 2);8
0.7549149868676283;(30, 2);9
0.8740772351648678;(30, 3);0
0.8807970842359877;(30, 3);1
0.8872045996818987;(30, 3);2
0.8438951025545426;(30, 3);3
0.8807970842359877;(30, 3);4
0.7772998508568417;(30, 3);5
0.8080672135527632;(30, 3);6
0.8872045817875223;(30, 3);7
0.7981867777396212;(30, 3);8
0.9099070109242131;(30, 3);9
0.5621765008857981;(31, 0);0
0.743167997235783;(31, 0);1
0.5621765008857981;(31, 0);2
0.7057850278370112;(31, 0);3
0.5312093733737563;(31, 0);4
0.7310585786300048;(31, 0);5
0.3486451488696663;(31, 0);6
0.6224593171945417;(31, 0);7
0.5;(31, 0);8
0.7772998714925403;(31, 0);9
0.6076631698328917;(31, 1);0
0.7772998611746911;(31, 1);1
0.7662936430859597;(31, 1);2
0.5312093733737563;(31, 1);3
0.8080672135527632;(31, 1);4
0.6224593312018546;(31, 1);5
0.8354835534888481;(31, 1);6
0.7981867585368343;(31, 1);7
0.679178699175393;(31, 1);8
0.7549149868676284;(31, 1);9
0.6513548646660543;(31, 2);0
0.679178699175393;(31, 2);1
0.6224593171945416;(31, 2);2
0.5312093733737563;(31, 2);3
0.5926665999540698;(31, 2);4
0.6791787121629465;(31, 2);5
0.743168019989179;(31, 2);6
0.6076631556226291;(31, 2);7
0.679178699175393;(31, 2);8
0.6513548511303338;(31, 2);9
0.8519527944504228;(31, 3);0
0.8933094145755219;(31, 3);1
0.8872045847699187;(31, 3);2
0.859663743319094;(31, 3);3
0.8933094060543488;(31, 3);4
0.8596637505099168;(31, 3);5
0.8670357529306639;(31, 3);6
0.8354835452961425;(31, 3);7
0.8519528019683105;(31, 3);8
0.8354835371034368;(31, 3);9
0.5312093733737562;(32, 0);0
0.6224593171945417;(32, 0);1
0.3629692055196168;(32, 0);2
0.6224593312018546;(32, 0);3
0.5;(32, 0);4
0.5312093733737563;(32, 0);5
0.7310585786300048;(32, 0);6
0.6224593171945417;(32, 0);7
0.43782349911420193;(32, 0);8
0.5926665999540698;(32, 0);9
0.3486451217982255;(32, 1);0
0.7549149868676284;(32, 1);1
0.15610491314963193;(32, 1);2
0.6224593312018545;(32, 1);3
0.6224593312018545;(32, 1);4
0.5926666143434;(32, 1);5
0.33458944125318596;(32, 1);6
0.6224593312018545;(32, 1);7
0.6513548646660543;(32, 1);8
0.7310585786300049;(32, 1);9
0.7549149758396752;(32, 2);0
0.6224593171945417;(32, 2);1
0.6513548511303338;(32, 2);2
0.40733340004593027;(32, 2);3
0.5;(32, 2);4
0.334589441253186;(32, 2);5
0.25683199138751883;(32, 2);6
0.5;(32, 2);7
0.6513548646660542;(32, 2);8
0.5621765008857982;(32, 2);9
0.8596637433190939;(32, 3);0
0.665410558746814;(32, 3);1
0.8740772384450967;(32, 3);2
0.8267118111485245;(32, 3);3
0.8438951025545426;(32, 3);4
0.851952809486198;(32, 3);5
0.7879311956428947;(32, 3);6
0.7879311956428947;(32, 3);7
0.8438951104066293;(32, 3);8
0.7549149978955811;(32, 3);9
0.5926665999540697;(33, 0);0
0.24508499107646636;(33, 0);1
0.40733340004593027;(33, 0);2
0.34864510826250544;(33, 0);3
0.6926419831347361;(33, 0);4
0.4073334000459302;(33, 0);5
0.3486451488696663;(33, 0);6
0.6224593312018546;(33, 0);7
0.7057850402140659;(33, 0);8
0.29421497216298875;(33, 0);9
0.48438008427698437;(33, 1);0
0.7431680086124812;(33, 1);1
0.5;(33, 1);2
0.5926665999540698;(33, 1);3
0.7879311956428946;(33, 1);4
0.7772998611746912;(33, 1);5
0.4378234991142019;(33, 1);6
0.6224593312018546;(33, 1);7
0.5;(33, 1);8
0.7981867873410141;(33, 1);9
0.7662936537604181;(33, 2);0
0.7431680086124811;(33, 2);1
0.9149009642742805;(33, 2);2
0.859663743319094;(33, 2);3
0.8080672135527632;(33, 2);4
0.7879312056025699;(33, 2);5
0.8354835289107309;(33, 2);6
0.8354835371034368;(33, 2);7
0.7185944046238981;(33, 2);8
0.8080672043084051;(33, 2);9
0.37754066879814546;(33, 3);0
0.5926665999540698;(33, 3);1
0.4378234991142019;(33, 3);2
0.12592277139559052;(33, 3);3
0.5621765008857981;(33, 3);4
0.4073334000459302;(33, 3);5
0.5312093733737563;(33, 3);6
0.5926665855647395;(33, 3);7
0.3775406687981454;(33, 3);8
0.320821300824607;(33, 3);9
0.3629692055196168;(34, 0);0
0.6513548646660543;(34, 0);1
0.4073334000459302;(34, 0);2
0.5926665999540698;(34, 0);3
0.34864513533394575;(34, 0);4
0.6513548511303338;(34, 0);5
0.3486451353339458;(34, 0);6
0.5621765008857981;(34, 0);7
0.07585818002124355;(34, 0);8
0.5621765008857982;(34, 0);9
0.30735801686526387;(34, 1);0
0.37754066879814546;(34, 1);1
0.34864513533394575;(34, 1);2
0.7057850402140659;(34, 1);3
0.679178699175393;(34, 1);4
0.39233683016710835;(34, 1);5
0.7310585903489891;(34, 1);6
0.3775406687981454;(34, 1);7
0.3073579914869101;(34, 1);8
0.6513548646660543;(34, 1);9
0.6654105587468141;(34, 2);0
0.3775406687981454;(34, 2);1
0.8596637505099167;(34, 2);2
0.40733340004593027;(34, 2);3
0.34864513533394575;(34, 2);4
0.334589441253186;(34, 2);5
0.679178699175393;(34, 2);6
0.37754066879814546;(34, 2);7
0.34864513533394575;(34, 2);8
0.7549149978955811;(34, 2);9
0.8080672320414787;(34, 3);0
0.25683199138751883;(34, 3);1
0.7662936430859597;(34, 3);2
0.8267117940706734;(34, 3);3
0.7879311956428947;(34, 3);4
0.6224593452091672;(34, 3);5
0.6791787121629466;(34, 3);6
0.7981867777396211;(34, 3);7
0.5926665999540698;(34, 3);8
0.5926665855647395;(34, 3);9
0.8438951104066293;(35, 0);0
0.8872045937171068;(35, 0);1
0.8354835207180245;(35, 0);2
0.9149009642742806;(35, 0);3
0.9099070158103779;(35, 0);4
0.8596637505099167;(35, 0);5
0.8354835371034368;(35, 0);6
0.8438950947024555;(35, 0);7
0.899121366457407;(35, 0);8
0.7772998611746912;(35, 0);9
0.6791786991753929;(35, 1);0
0.679178699175393;(35, 1);1
0.8175744939732855;(35, 1);2
0.7549149868676283;(35, 1);3
0.7772998405389918;(35, 1);4
0.6224593312018546;(35, 1);5
0.5621765008857982;(35, 1);6
0.6654105720171531;(35, 1);7
0.8267117855317474;(35, 1);8
0.24508501313237174;(35, 1);9
0.2942149721629888;(35, 2);0
0.5312093733737563;(35, 2);1
0.5926665999540698;(35, 2);2
0.6513548511303336;(35, 2);3
0.4687906266262437;(35, 2);4
0.6224593312018545;(35, 2);5
0.7981867969424067;(35, 2);6
0.5621765008857982;(35, 2);7
0.2942149597859341;(35, 2);8
0.43782349911420193;(35, 2);9
0.7772998611746911;(35, 3);0
0.8438950868503682;(35, 3);1
0.4687906266262437;(35, 3);2
0.7057850154599562;(35, 3);3
0.25683196863412355;(35, 3);4
0.5312093733737562;(35, 3);5
0.7549149868676283;(35, 3);6
0.7981867873410141;(35, 3);7
0.7549149868676284;(35, 3);8
0.5312093733737563;(35, 3);9
0.37754066879814546;(36, 0);0
0.24508500210441891;(36, 0);1
0.32082127484950024;(36, 0);2
0.2689414330889797;(36, 0);3
0.2568319913875189;(36, 0);4
0.1919327864472368;(36, 0);5
0.33458944125318596;(36, 0);6
0.4378234991142018;(36, 0);7
0.42250463481418826;(36, 0);8
0.3208213138121609;(36, 0);9
0.2689414213699951;(36, 1);0
0.4532618480153861;(36, 1);1
0.7879312056025699;(36, 1);2
0.4073334000459302;(36, 1);3
0.4073333856566001;(36, 1);4
0.25683196863412355;(36, 1);5
0.8175744850834649;(36, 1);6
0.7981867873410141;(36, 1);7
0.5;(36, 1);8
0.2942149721629888;(36, 1);9
0.20181320305759332;(36, 2);0
0.7185944046238981;(36, 2);1
0.4073334000459302;(36, 2);2
0.18242552380635635;(36, 2);3
0.3208213008246071;(36, 2);4
0.1259227582746744;(36, 2);5
0.6791787121629465;(36, 2);6
0.34864513533394575;(36, 2);7
0.40733341443526055;(36, 2);8
0.2689414213699951;(36, 2);9
0.1732881888514755;(36, 3);0
0.5312093733737563;(36, 3);1
0.26894142136999516;(36, 3);2
0.20181324146316568;(36, 3);3
0.233706335565124;(36, 3);4
0.09534946489910949;(36, 3);5
0.3775406687981454;(36, 3);6
0.3208212748495002;(36, 3);7
0.24508501313237172;(36, 3);8
0.32082131381216084;(36, 3);9
0.6926419831347361;(37, 0);0
0.5621765008857981;(37, 0);1
0.46879062662624377;(37, 0);2
0.7057850278370112;(37, 0);3
0.6224593312018546;(37, 0);4
0.6791786991753931;(37, 0);5
0.4378234991142019;(37, 0);6
0.5926665999540697;(37, 0);7
0.21206882427645693;(37, 0);8
0.5;(37, 0);9
0.9149009457116782;(37, 1);0
0.826711776992821;(37, 1);1
0.851952809486198;(37, 1);2
0.9241418241572634;(37, 1);3
0.899121388082479;(37, 1);4
0.9149009549929799;(37, 1);5
0.8740772482857833;(37, 1);6
0.8080672227971211;(37, 1);7
0.867035752930664;(37, 1);8
0.8519527869325345;(37, 1);9
0.2942149721629888;(37, 2);0
0.6791786861878392;(37, 2);1
0.5312093733737563;(37, 2);2
0.5926665999540698;(37, 2);3
0.7431680086124811;(37, 2);4
0.5621765008857981;(37, 2);5
0.24508501313237172;(37, 2);6
0.6513548646660542;(37, 2);7
0.43782348444346736;(37, 2);8
0.6224593312018546;(37, 2);9
0.5312093733737563;(37, 3);0
0.46879062662624377;(37, 3);1
0.5312093733737562;(37, 3);2
0.5312093733737563;(37, 3);3
0.679178699175393;(37, 3);4
0.5621765008857982;(37, 3);5
0.6224593312018546;(37, 3);6
0.5621765008857982;(37, 3);7
0.2942149721629888;(37, 3);8
0.5621764862150634;(37, 3);9
0.4378234991142018;(38, 0);0
0.7549149868676283;(38, 0);1
0.5312093733737563;(38, 0);2
0.5;(38, 0);3
0.5;(38, 0);4
0.6224593312018546;(38, 0);5
0.679178699175393;(38, 0);6
0.6791787121629465;(38, 0);7
0.25683199138751883;(38, 0);8
0.5926665999540698;(38, 0);9
0.43782349911420193;(38, 1);0
0.6513548646660542;(38, 1);1
0.6224593312018546;(38, 1);2
0.6224593312018545;(38, 1);3
0.5156199157230157;(38, 1);4
0.7057850278370112;(38, 1);5
0.6926419831347362;(38, 1);6
0.665410558746814;(38, 1);7
0.7772998508568417;(38, 1);8
0.4073334000459302;(38, 1);9
0.9099070109242131;(38, 2);0
0.8740772450055545;(38, 2);1
0.9046505453836383;(38, 2);2
0.8080672135527632;(38, 2);3
0.8596637361282707;(38, 2);4
0.679178699175393;(38, 2);5
0.8933093946927838;(38, 2);6
0.7981867777396211;(38, 2);7
0.8438951025545426;(38, 2);8
0.9196425399873764;(38, 2);9
0.5621765008857981;(38, 3);0
0.7057850278370111;(38, 3);1
0.7431680086124811;(38, 3);2
0.5621765155565326;(38, 3);3
0.6513548646660542;(38, 3);4
0.5926665999540698;(38, 3);5
0.679178699175393;(38, 3);6
0.7772998508568416;(38, 3);7
0.5312093733737562;(38, 3);8
0.5312093733737562;(38, 3);9
0.3775406547908327;(39, 0);0
0.3923368301671084;(39, 0);1
0.46879062662624377;(39, 0);2
0.4073334000459302;(39, 0);3
0.4687906266262437;(39, 0);4
0.5;(39, 0);5
0.5;(39, 0);6
0.3486451353339457;(39, 0);7
0.808067204308405;(39, 0);8
0.8175744673038222;(39, 0);9
0.679178699175393;(39, 1);0
0.7310585903489892;(39, 1);1
0.40733340004593027;(39, 1);2
0.679178699175393;(39, 1);3
0.3775406547908327;(39, 1);4
0.5;(39, 1);5
0.4687906266262437;(39, 1);6
0.46879062662624377;(39, 1);7
0.6224593312018545;(39, 1);8
0.5926665999540698;(39, 1);9
0.8175744673038222;(39, 2);0
0.766293664434876;(39, 2);1
0.8267118111485244;(39, 2);2
0.8872045877523147;(39, 2);3
0.9241418283357702;(39, 2);4
0.8991213772699435;(39, 2);5
0.8596637433190938;(39, 2);6
0.8670357666736772;(39, 2);7
0.9099070060380482;(39, 2);8
0.9196425311777929;(39, 2);9
0.4378234991142019;(39, 3);0
0.5;(39, 3);1
0.3775406547908327;(39, 3);2
0.37754066879814546;(39, 3);3
0.40733340004593027;(39, 3);4
0.5926666143433998;(39, 3);5
0.6224593312018546;(39, 3);6
0.766293653760418;(39, 3);7
0.4378234991142019;(39, 3);8
0.46879062662624366;(39, 3);9
0.3775406687981454;(40, 0);0
0.4073334000459302;(40, 0);1
0.6513548646660542;(40, 0);2
0.5621765008857981;(40, 0);3
0.5926665999540698;(40, 0);4
0.5312093733737563;(40, 0);5
0.5312093733737563;(40, 0);6
0.665410558746814;(40, 0);7
0.46879062662624377;(40, 0);8
0.320821300824607;(40, 0);9
0.6791787121629466;(40, 1);0
0.7981867969424067;(40, 1);1
0.8596637648915616;(40, 1);2
0.7879311956428946;(40, 1);3
0.7549149758396752;(40, 1);4
0.8267117855317473;(40, 1);5
0.8267117940706734;(40, 1);6
0.7662936324115011;(40, 1);7
0.7057850278370112;(40, 1);8
0.8519528019683105;(40, 1);9
0.39233683016710835;(40, 2);0
0.5926665999540698;(40, 2);1
0.6926419831347361;(40, 2);2
0.6076631698328917;(40, 2);3
0.6224593312018546;(40, 2);4
0.5621765008857982;(40, 2);5
0.5312093733737563;(40, 2);6
0.7057850278370112;(40, 2);7
0.679178686187839;(40, 2);8
0.2568319686341235;(40, 2);9
0.3073580168652638;(40, 3);0
0.5312093733737563;(40, 3);1
0.4378234991142019;(40, 3);2
0.4073334000459302;(40, 3);3
0.4687906266262437;(40, 3);4
0.5;(40, 3);5
0.5312093733737562;(40, 3);6
0.4073334000459302;(40, 3);7
0.16451646289656316;(40, 3);8
0.4073334000459303;(40, 3);9
0.9196425311777928;(41, 0);0
0.7772998611746912;(41, 0);1
0.8991213826762114;(41, 0);2
0.8519528019683105;(41, 0);3
0.8175744673038222;(41, 0);4
0.9241418283357703;(41, 0);5
0.8872045877523146;(41, 0);6
0.8080671950640465;(41, 0);7
0.8670357460591568;(41, 0);8
0.8933094117351309;(41, 0);9
0.665410558746814;(41, 1);0
0.6513548782017745;(41, 1);1
0.7879312155622449;(41, 1);2
0.7431680086124811;(41, 1);3
0.731058578630005;(41, 1);4
0.5312093733737563;(41, 1);5
0.3775406687981454;(41, 1);6
0.7310585786300049;(41, 1);7
0.5621764862150634;(41, 1);8
0.4073334000459302;(41, 1);9
0.5;(41, 2);0
0.33458944125318596;(41, 2);1
0.334589441253186;(41, 2);2
0.5312093733737563;(41, 2);3
0.7662936430859597;(41, 2);4
0.5312093733737562;(41, 2);5
0.2814055953761019;(41, 2);6
0.6513548646660543;(41, 2);7
0.4073334000459303;(41, 2);8
0.32082131381216084;(41, 2);9
0.8933094032139576;(41, 3);0
0.8175744673038222;(41, 3);1
0.8438950947024555;(41, 3);2
0.8933094145755219;(41, 3);3
0.9149009526726544;(41, 3);4
0.8354835289107307;(41, 3);5
0.787931175723543;(41, 3);6
0.9284088025362858;(41, 3);7
0.8519527944504227;(41, 3);8
0.8519528170040852;(41, 3);9
0.5774953651858118;(42, 0);0
0.7057850278370111;(42, 0);1
0.7662936324115011;(42, 0);2
0.5312093733737563;(42, 0);3
0.7310585786300049;(42, 0);4
0.6224593312018546;(42, 0);5
0.6224593312018545;(42, 0);6
0.5926665999540697;(42, 0);7
0.5621765008857982;(42, 0);8
0.6791787121629466;(42, 0);9
0.5926665999540698;(42, 1);0
0.679178699175393;(42, 1);1
0.6224593312018545;(42, 1);2
0.7772998405389918;(42, 1);3
0.7549149868676283;(42, 1);4
0.7879312056025699;(42, 1);5
0.7431680086124811;(42, 1);6
0.7057850278370111;(42, 1);7
0.7310585786300049;(42, 1);8
0.5926665999540698;(42, 1);9
0.43782349911420193;(50, 0);0
0.3629692055196168;(50, 0);1
0.5926665999540698;(50, 0);2
0.6076631698328916;(50, 0);3
0.7431680313658765;(50, 0);4
0.4225046348141882;(50, 0);5
0.5621765008857982;(50, 0);6
0.6224593312018546;(50, 0);7
0.19193278644723683;(50, 0);8
0.6370308082623217;(50, 0);9
0.5;(50, 1);0
0.5621765155565326;(50, 1);1
0.1645164628965632;(50, 1);2
0.40733340004593027;(50, 1);3
0.46879062662624377;(50, 1);4
0.334589441253186;(50, 1);5
0.16451644651115202;(50, 1);6
0.34864513533394575;(50, 1);7
0.25683199138751883;(50, 1);8
0.4378234991142019;(50, 1);9
0.8080671950640463;(50, 2);0
0.6224593312018546;(50, 2);1
0.20181320305759337;(50, 2);2
0.7310585669110203;(50, 2);3
0.665410558746814;(50, 2);4
0.6224593171945417;(50, 2);5
0.679178686187839;(50, 2);6
0.7662936430859598;(50, 2);7
0.7057850278370111;(50, 2);8
0.6926419831347361;(50, 2);9
0.3775406828054583;(50, 3);0
0.2227001388253089;(50, 3);1
0.6513548646660543;(50, 3);2
0.37754068280545827;(50, 3);3
0.3629692055196168;(50, 3);4
0.5;(50, 3);5
0.34864513533394575;(50, 3);6
0.5;(50, 3);7
0.5;(50, 3);8
0.5;(50, 3);9
0.835483553488848;(51, 0);0
0.37754065479083276;(51, 0);1
0.5;(51, 0);2
0.22270013882530884;(51, 0);3
0.6370307806984444;(51, 0);4
0.4073334000459302;(51, 0);5
0.40733340004593027;(51, 0);6
0.7057850402140659;(51, 0);7
0.665410572017153;(51, 0);8
0.34864513533394575;(51, 0);9
0.8872046056466901;(51, 1);0
0.9149009596336303;(51, 1);1
0.8740772220439509;(51, 1);2
0.8354835207180245;(51, 1);3
0.8670357735451834;(51, 1);4
0.7431680086124812;(51, 1);5
0.8991213853793453;(51, 1);6
0.6224593312018546;(51, 1);7
0.8438951104066293;(51, 1);8
0.9324533051062238;(51, 1);9
0.4687906266262437;(51, 2);0
0.5926666143434;(51, 2);1
0.8354835371034368;(51, 2);2
0.6791786861878392;(51, 2);3
0.6791786991753931;(51, 2);4
0.8354835452961427;(51, 2);5
0.5;(51, 2);6
0.46879062662624377;(51, 2);7
0.754914975839675;(51, 2);8
0.6513548646660542;(51, 2);9
0.6224593312018546;(51, 3);0
0.5;(51, 3);1
0.5926666143434;(51, 3);2
0.5312093733737563;(51, 3);3
0.5621765008857981;(51, 3);4
0.5312093733737563;(51, 3);5
0.7879311956428947;(51, 3);6
0.7310585669110203;(51, 3);7
0.5621765008857981;(51, 3);8
0.7431680086124811;(51, 3);9
0.29421498454004374;(52, 0);0
0.7185943805178139;(52, 0);1
0.5312093733737563;(52, 0);2
0.7057850402140659;(52, 0);3
0.5621765008857981;(52, 0);4
0.679178699175393;(52, 0);5
0.4073334000459302;(52, 0);6
0.5;(52, 0);7
0.5;(52, 0);8
0.5467381519846138;(52, 0);9
0.1259227648351323;(52, 1);0
0.5312093733737563;(52, 1);1
0.334589441253186;(52, 1);2
0.6513548646660543;(52, 1);3
0.705785040214066;(52, 1);4
0.5926666143434;(52, 1);5
0.7310585786300049;(52, 1);6
0.5926665855647395;(52, 1);7
0.5621765008857981;(52, 1);8
0.5;(52, 1);9
0.8740772417253256;(52, 2);0
0.8438950947024555;(52, 2);1
0.7879311757235431;(52, 2);2
0.7879311956428947;(52, 2);3
0.8175744584140003;(52, 2);4
0.8670357598021706;(52, 2);5
0.7185944046238981;(52, 2);6
0.7772998508568416;(52, 2);7
0.8354835207180245;(52, 2);8
0.8519528094861981;(52, 2);9
0.6513548646660542;(52, 3);0
0.5621765008857981;(52, 3);1
0.6791786861878392;(52, 3);2
0.5621765008857981;(52, 3);3
0.6224593312018546;(52, 3);4
0.5312093733737563;(52, 3);5
0.6513548646660543;(52, 3);6
0.5621764862150636;(52, 3);7
0.5621765008857982;(52, 3);8
0.6513548646660543;(52, 3);9
0.4687906266262437;(53, 0);0
0.5926665999540697;(53, 0);1
0.7310585786300049;(53, 0);2
0.665410558746814;(53, 0);3
0.7310585903489892;(53, 0);4
0.5621765008857982;(53, 0);5
0.5926665999540698;(53, 0);6
0.798186787341014;(53, 0);7
0.5926665999540698;(53, 0);8
0.679178699175393;(53, 0);9
0.7879312056025699;(53, 1);0
0.7310585669110203;(53, 1);1
0.7310585903489891;(53, 1);2
0.6076631698328917;(53, 1);3
0.5774953651858117;(53, 1);4
0.679178699175393;(53, 1);5
0.6224593312018545;(53, 1);6
0.7772998508568417;(53, 1);7
0.7772998714925403;(53, 1);8
0.766293653760418;(53, 1);9
0.3775406687981454;(53, 2);0
0.5621765008857981;(53, 2);1
0.4378234991142019;(53, 2);2
0.7310585786300049;(53, 2);3
0.6654105587468141;(53, 2);4
0.7549149868676283;(53, 2);5
0.7185943925708561;(53, 2);6
0.6224593312018546;(53, 2);7
0.7431680199891789;(53, 2);8
0.7057850278370112;(53, 2);9
0.8670357598021707;(53, 3);0
0.8267118111485244;(53, 3);1
0.8267118111485244;(53, 3);2
0.8596637577007394;(53, 3);3
0.7981867777396212;(53, 3);4
0.8596637648915617;(53, 3);5
0.9099070060380481;(53, 3);6
0.8670357735451835;(53, 3);7
0.8933094003735664;(53, 3);8
0.8740772351648676;(53, 3);9
0.5621765008857981;(54, 0);0
0.6224593312018546;(54, 0);1
0.40733340004593027;(54, 0);2
0.3486451353339457;(54, 0);3
0.10087862273005653;(54, 0);4
0.28140563153522874;(54, 0);5
0.3486451217982255;(54, 0);6
0.46879062662624377;(54, 0);7
0.6224593312018546;(54, 0);8
0.2450850131323717;(54, 0);9
0.6224593312018545;(54, 1);0
0.5621765008857981;(54, 1);1
0.7057850154599563;(54, 1);2
0.5621765008857982;(54, 1);3
0.2689414096510108;(54, 1);4
0.34864513533394575;(54, 1);5
0.7431680086124812;(54, 1);6
0.5774953651858118;(54, 1);7
0.7057850278370112;(54, 1);8
0.13296424019782926;(54, 1);9
0.23370635691404024;(54, 2);0
0.6513548646660542;(54, 2);1
0.5621765008857982;(54, 2);2
0.5;(54, 2);3
0.6224593312018545;(54, 2);4
0.34864513533394575;(54, 2);5
0.4687906266262437;(54, 2);6
0.679178699175393;(54, 2);7
0.6513548646660542;(54, 2);8
0.5;(54, 2);9
0.8175744584140004;(54, 3);0
0.7981867969424066;(54, 3);1
0.5312093733737563;(54, 3);2
0.7662936430859597;(54, 3);3
0.777299881810389;(54, 3);4
0.8080671950640463;(54, 3);5
0.7879311856832191;(54, 3);6
0.8267118026095991;(54, 3);7
0.8175744850834648;(54, 3);8
0.7549149758396752;(54, 3);9
0.19193277720287893;(42, 2);0
0.5312093733737563;(42, 2);1
0.5312093733737563;(42, 2);2
0.766293653760418;(42, 2);3
0.6791786861878392;(42, 2);4
0.6224593312018546;(42, 2);5
0.5621765008857981;(42, 2);6
0.6791787121629466;(42, 2);7
0.7772998714925403;(42, 2);8
0.6513548511303336;(42, 2);9
0.9149009549929796;(42, 3);0
0.787931185683219;(42, 3);1
0.919642531177793;(42, 3);2
0.893309411735131;(42, 3);3
0.8175744761936438;(42, 3);4
0.8175744850834649;(42, 3);5
0.7549149978955811;(42, 3);6
0.8354835452961425;(42, 3);7
0.8519528019683105;(42, 3);8
0.9241418158002491;(42, 3);9
0.5;(43, 0);0
0.37754066879814546;(43, 0);1
0.7662936324115011;(43, 0);2
0.705785040214066;(43, 0);3
0.6513548782017745;(43, 0);4
0.4687906266262437;(43, 0);5
0.6926419831347361;(43, 0);6
0.5312093585306514;(43, 0);7
0.665410558746814;(43, 0);8
0.5621765008857981;(43, 0);9
0.6224593312018545;(43, 1);0
0.679178686187839;(43, 1);1
0.4073334000459302;(43, 1);2
0.4073334000459302;(43, 1);3
0.5621765008857981;(43, 1);4
0.5312093733737563;(43, 1);5
0.6224593312018546;(43, 1);6
0.7310585786300049;(43, 1);7
0.6224593312018546;(43, 1);8
0.5;(43, 1);9
0.8933094060543488;(43, 2);0
0.8519528170040853;(43, 2);1
0.7662936430859598;(43, 2);2
0.880797071719777;(43, 2);3
0.8807970842359877;(43, 2);4
0.880797071719777;(43, 2);5
0.9149009549929797;(43, 2);6
0.8596637505099168;(43, 2);7
0.8740772417253256;(43, 2);8
0.8807970779778824;(43, 2);9
0.5621765008857981;(43, 3);0
0.3775406687981454;(43, 3);1
0.4073333856566001;(43, 3);2
0.6791787121629466;(43, 3);3
0.5312093733737563;(43, 3);4
0.37754066879814546;(43, 3);5
0.3775406687981454;(43, 3);6
0.5926665999540697;(43, 3);7
0.5621765008857981;(43, 3);8
0.320821300824607;(43, 3);9
0.320821300824607;(44, 0);0
0.4073334000459302;(44, 0);1
0.14804720554957732;(44, 0);2
0.21206880435710534;(44, 0);3
0.24508501313237172;(44, 0);4
0.3486451217982255;(44, 0);5
0.43782349911420193;(44, 0);6
0.24508501313237174;(44, 0);7
0.5621765155565326;(44, 0);8
0.4687906266262437;(44, 0);9
0.5621765008857981;(44, 1);0
0.5312093733737563;(44, 1);1
0.40733340004593027;(44, 1);2
0.5;(44, 1);3
0.23370636758849894;(44, 1);4
0.7549149758396752;(44, 1);5
0.5926665999540697;(44, 1);6
0.3775406828054583;(44, 1);7
0.32082131381216084;(44, 1);8
0.6224593312018545;(44, 1);9
0.679178699175393;(44, 2);0
0.24508501313237172;(44, 2);1
0.7981867777396212;(44, 2);2
0.6926419704455588;(44, 2);3
0.37754068280545827;(44, 2);4
0.3208212878370535;(44, 2);5
0.14804721306746543;(44, 2);6
0.20181323186177208;(44, 2);7
0.21206880435710537;(44, 2);8
0.11279541224768529;(44, 2);9
0.4378234991142019;(44, 3);0
0.34864513533394575;(44, 3);1
0.2942149721629888;(44, 3);2
0.22270012850745968;(44, 3);3
0.7057850278370112;(44, 3);4
0.16451646289656316;(44, 3);5
0.320821300824607;(44, 3);6
0.3775406687981454;(44, 3);7
0.2227001594610082;(44, 3);8
0.39233683016710835;(44, 3);9
0.5312093733737563;(45, 0);0
0.34864510826250544;(45, 0);1
0.34864513533394575;(45, 0);2
0.3486451217982255;(45, 0);3
0.4378234991142019;(45, 0);4
0.4378234991142019;(45, 0);5
0.5621765155565326;(45, 0);6
0.5312093733737563;(45, 0);7
0.679178699175393;(45, 0);8
0.6926419958239132;(45, 0);9
0.7431680086124812;(45, 1);0
0.6370307944803832;(45, 1);1
0.37754065479083276;(45, 1);2
0.5621765008857982;(45, 1);3
0.7310585786300049;(45, 1);4
0.5312093733737563;(45, 1);5
0.7310585786300048;(45, 1);6
0.5926665999540698;(45, 1);7
0.40733340004593027;(45, 1);8
0.5926665999540698;(45, 1);9
0.6926419831347361;(45, 2);0
0.7981867777396212;(45, 2);1
0.8267117769928211;(45, 2);2
0.7662936430859597;(45, 2);3
0.7662936430859597;(45, 2);4
0.7772998508568416;(45, 2);5
0.7185943925708562;(45, 2);6
0.7549149758396752;(45, 2);7
0.7310585786300049;(45, 2);8
0.78793120560257;(45, 2);9
0.4073334000459302;(45, 3);0
0.320821300824607;(45, 3);1
0.34864513533394575;(45, 3);2
0.3208212748495002;(45, 3);3
0.26894142136999516;(45, 3);4
0.46879062662624377;(45, 3);5
0.5621765008857981;(45, 3);6
0.37754065479083276;(45, 3);7
0.7310585669110202;(45, 3);8
0.37754065479083276;(45, 3);9
0.4687906266262437;(46, 0);0
0.7057850154599562;(46, 0);1
0.43782349911420193;(46, 0);2
0.4073334000459302;(46, 0);3
0.29421495978593404;(46, 0);4
0.320821300824607;(46, 0);5
0.5312093733737563;(46, 0);6
0.5;(46, 0);7
0.26894142136999516;(46, 0);8
0.5;(46, 0);9
0.4073334000459302;(46, 1);0
0.4073334000459302;(46, 1);1
0.33458941471250814;(46, 1);2
0.4378234991142019;(46, 1);3
0.3775406687981454;(46, 1);4
0.34864513533394575;(46, 1);5
0.46879062662624377;(46, 1);6
0.5312093733737563;(46, 1);7
0.37754066879814546;(46, 1);8
0.21206880435710532;(46, 1);9
0.5312093733737563;(46, 2);0
0.4378234991142019;(46, 2);1
0.18242552380635638;(46, 2);2
0.5;(46, 2);3
0.6370307944803831;(46, 2);4
0.6224593171945417;(46, 2);5
0.3775406687981454;(46, 2);6
0.4378234991142019;(46, 2);7
0.4073334000459302;(46, 2);8
0.5621765008857981;(46, 2);9
0.8670357598021707;(46, 3);0
0.8438950868503681;(46, 3);1
0.9149009619539554;(46, 3);2
0.939913343093499;(46, 3);3
0.8519527869325345;(46, 3);4
0.8933094003735664;(46, 3);5
0.880797071719777;(46, 3);6
0.8175744850834648;(46, 3);7
0.8807970904940926;(46, 3);8
0.8670357666736772;(46, 3);9
0.22270013882530884;(47, 0);0
0.1732881888514755;(47, 0);1
0.07585817793199001;(47, 0);2
0.2689414448079646;(47, 0);3
0.43782349911420193;(47, 0);4
0.19193279569159505;(47, 0);5
0.11279539435330992;(47, 0);6
0.29421497216298875;(47, 0);7
0.0637149871404886;(47, 0);8
0.20181322226037884;(47, 0);9
0.34864513533394575;(47, 1);0
0.14804721306746543;(47, 1);1
0.14804721306746543;(47, 1);2
0.5621765008857981;(47, 1);3
0.29421494740887966;(47, 1);4
0.4378234991142019;(47, 1);5
0.28140560742914383;(47, 1);6
0.16451647108926923;(47, 1);7
0.13296424706933602;(47, 1);8
0.2942149474088797;(47, 1);9
0.4687906266262437;(47, 2);0
0.320821300824607;(47, 2);1
0.18242550602671445;(47, 2);2
0.11920292202211755;(47, 2);3
0.28140560742914383;(47, 2);4
0.24508501313237172;(47, 2);5
0.25683199138751883;(47, 2);6
0.3486451353339457;(47, 2);7
0.7549149868676283;(47, 2);8
0.07585818002124355;(47, 2);9
0.320821300824607;(47, 3);0
0.25683199138751883;(47, 3);1
0.23370637826295795;(47, 3);2
0.334589441253186;(47, 3);3
0.24508501313237172;(47, 3);4
0.3629692055196168;(47, 3);5
0.18242552380635632;(47, 3);6
0.2942149721629888;(47, 3);7
0.2568320141409155;(47, 3);8
0.06754669113962909;(47, 3);9
0.4687906266262437;(48, 0);0
0.679178699175393;(48, 0);1
0.5926665999540698;(48, 0);2
0.7549149868676284;(48, 0);3
0.3775406687981454;(48, 0);4
0.5926665999540698;(48, 0);5
0.5621765008857982;(48, 0);6
0.7981867969424067;(48, 0);7
0.33458941471250814;(48, 0);8
0.5621765008857981;(48, 0);9
0.37754066879814546;(48, 1);0
0.7057850154599563;(48, 1);1
0.6926419831347361;(48, 1);2
0.5;(48, 1);3
0.4843800842769844;(48, 1);4
0.8175744761936437;(48, 1);5
0.5774953651858117;(48, 1);6
0.5467381519846138;(48, 1);7
0.8807970779778824;(48, 1);8
0.6791786861878392;(48, 1);9
0.8175744850834648;(48, 2);0
0.8872045937171067;(48, 2);1
0.8740772351648677;(48, 2);2
0.874077222043951;(48, 2);3
0.8438951104066293;(48, 2);4
0.851952809486198;(48, 2);5
0.8670357735451835;(48, 2);6
0.8438951025545426;(48, 2);7
0.9149009642742805;(48, 2);8
0.7772998508568417;(48, 2);9
0.5;(48, 3);0
0.6224593171945416;(48, 3);1
0.6224593312018546;(48, 3);2
0.6654105454764747;(48, 3);3
0.7310585669110202;(48, 3);4
0.7057850278370112;(48, 3);5
0.5312093733737563;(48, 3);6
0.5;(48, 3);7
0.5621765008857981;(48, 3);8
0.5312093733737562;(48, 3);9
0.43782349911420193;(49, 0);0
0.22270013882530887;(49, 0);1
0.24508499107646642;(49, 0);2
0.43782349911420193;(49, 0);3
0.20181322226037882;(49, 0);4
0.08509903572571947;(49, 0);5
0.18242552380635635;(49, 0);6
0.4073334000459302;(49, 0);7
0.36296920551961676;(49, 0);8
0.7549149868676283;(49, 0);9
0.39233680174658386;(49, 1);0
0.5926665999540697;(49, 1);1
0.4378234991142018;(49, 1);2
0.20181322226037882;(49, 1);3
0.6791787121629465;(49, 1);4
0.5;(49, 1);5
0.7549149868676283;(49, 1);6
0.4073334000459302;(49, 1);7
0.18242552380635632;(49, 1);8
0.5926665999540698;(49, 1);9
0.34864513533394575;(49, 2);0
0.5;(49, 2);1
0.3486451488696663;(49, 2);2
0.468790611783139;(49, 2);3
0.22270013882530887;(49, 2);4
0.25683199138751883;(49, 2);5
0.5;(49, 2);6
0.2814056074291439;(49, 2);7
0.3486451353339457;(49, 2);8
0.37754065479083276;(49, 2);9
0.28140560742914383;(49, 3);0
0.2337063782629579;(49, 3);1
0.09009299884811699;(49, 3);2
0.5621765008857981;(49, 3);3
0.20181322226037882;(49, 3);4
0.22270013882530887;(49, 3);5
0.18242551491653522;(49, 3);6
0.5312093733737562;(49, 3);7
0.679178699175393;(49, 3);8
0.5312093733737563;(49, 3);9
0.42250463481418826;(60, 0);0
0.5621765008857982;(60, 0);1
0.5312093733737562;(60, 0);2
0.7662936430859597;(60, 0);3
0.4378234991142018;(60, 0);4
0.6370307806984445;(60, 0);5
0.5926665999540698;(60, 0);6
0.7185943805178139;(60, 0);7
0.4378234991142019;(60, 0);8
0.21206880435710534;(60, 0);9
0.6513548646660543;(60, 1);0
0.5312093733737563;(60, 1);1
0.7057850278370112;(60, 1);2
0.7310585903489891;(60, 1);3
0.7057850278370112;(60, 1);4
0.787931185683219;(60, 1);5
0.4378234991142019;(60, 1);6
0.6370307806984444;(60, 1);7
0.7310585669110203;(60, 1);8
0.7772998714925403;(60, 1);9
0.679178699175393;(60, 2);0
0.5621764862150634;(60, 2);1
0.5926665999540698;(60, 2);2
0.3629692055196168;(60, 2);3
0.24508501313237174;(60, 2);4
0.5621765008857981;(60, 2);5
0.8080672227971211;(60, 2);6
0.3486451488696663;(60, 2);7
0.43782349911420193;(60, 2);8
0.4378234991142019;(60, 2);9
0.8991213826762113;(60, 3);0
0.8872045937171067;(60, 3);1
0.8519528094861981;(60, 3);2
0.8267117769928211;(60, 3);3
0.8267117940706734;(60, 3);4
0.9046505351008906;(60, 3);5
0.9099070060380482;(60, 3);6
0.9099070158103778;(60, 3);7
0.8354835371034368;(60, 3);8
0.835483553488848;(60, 3);9
0.7662936430859597;(61, 0);0
0.5926665999540697;(61, 0);1
0.3486451353339457;(61, 0);2
0.34864513533394575;(61, 0);3
0.5774953651858118;(61, 0);4
0.7310585669110202;(61, 0);5
0.8080672227971211;(61, 0);6
0.8807970842359877;(61, 0);7
0.8354835207180243;(61, 0);8
0.5926665999540698;(61, 0);9
0.8438951104066293;(61, 1);0
0.7057850402140659;(61, 1);1
0.8175744673038222;(61, 1);2
0.5926665999540698;(61, 1);3
0.7310585786300049;(61, 1);4
0.8519527944504227;(61, 1);5
0.7431680086124812;(61, 1);6
0.6513548511303336;(61, 1);7
0.8519527869325346;(61, 1);8
0.6513548646660543;(61, 1);9
0.8991213826762114;(61, 2);0
0.9149009596336303;(61, 2);1
0.8740772482857833;(61, 2);2
0.8740772417253256;(61, 2);3
0.8519528019683105;(61, 2);4
0.6791787121629465;(61, 2);5
0.8175744761936437;(61, 2);6
0.8438951182587158;(61, 2);7
0.9324533107374443;(61, 2);8
0.8354835371034368;(61, 2);9
0.5;(61, 3);0
0.679178699175393;(61, 3);1
0.8872045817875224;(61, 3);2
0.5312093733737563;(61, 3);3
0.8670357632379241;(61, 3);4
0.7057850402140659;(61, 3);5
0.2942149721629888;(61, 3);6
0.468790611783139;(61, 3);7
0.6926419831347362;(61, 3);8
0.3486451217982255;(61, 3);9
0.9046505248181417;(62, 0);0
0.9149009642742805;(62, 0);1
0.826711776992821;(62, 0);2
0.8991213772699435;(62, 0);3
0.8807970654616711;(62, 0);4
0.8519527944504227;(62, 0);5
0.8670357666736772;(62, 0);6
0.8438951104066293;(62, 0);7
0.8740772351648677;(62, 0);8
0.9196425355825848;(62, 0);9
0.7431680086124811;(62, 1);0
0.6513548646660543;(62, 1);1
0.5621765008857981;(62, 1);2
0.5621765008857981;(62, 1);3
0.6791787121629466;(62, 1);4
0.5312093733737563;(62, 1);5
0.7662936430859597;(62, 1);6
0.5926665999540698;(62, 1);7
0.30735801686526387;(62, 1);8
0.7310585786300049;(62, 1);9
0.5926665999540697;(62, 2);0
0.679178699175393;(62, 2);1
0.5;(62, 2);2
0.6513548511303338;(62, 2);3
0.7310585786300049;(62, 2);4
0.5926665999540697;(62, 2);5
0.5621765008857982;(62, 2);6
0.5926665999540698;(62, 2);7
0.766293653760418;(62, 2);8
0.5926665999540698;(62, 2);9
0.7310585786300049;(62, 3);0
0.6224593452091672;(62, 3);1
0.5621764862150634;(62, 3);2
0.6513548646660542;(62, 3);3
0.7549149868676284;(62, 3);4
0.7549149868676283;(62, 3);5
0.7662936430859597;(62, 3);6
0.8175744673038221;(62, 3);7
0.6513548646660542;(62, 3);8
0.6224593171945416;(62, 3);9
0.9046505402422645;(63, 0);0
0.6513548646660543;(63, 0);1
0.5;(63, 0);2
0.705785040214066;(63, 0);3
0.7662936430859597;(63, 0);4
0.7981867585368343;(63, 0);5
0.4687906266262437;(63, 0);6
0.5312093733737563;(63, 0);7
0.26894142136999516;(63, 0);8
0.7057850278370111;(63, 0);9
0.679178699175393;(63, 1);0
0.5621765008857982;(63, 1);1
0.5;(63, 1);2
0.7057850154599562;(63, 1);3
0.3923368301671084;(63, 1);4
0.40733340004593027;(63, 1);5
0.46879062662624377;(63, 1);6
0.7431680086124811;(63, 1);7
0.5926665999540698;(63, 1);8
0.6224593312018546;(63, 1);9
0.8267118111485244;(63, 2);0
0.8740772417253256;(63, 2);1
0.8267118026095991;(63, 2);2
0.787931185683219;(63, 2);3
0.8175744939732855;(63, 2);4
0.7981867777396211;(63, 2);5
0.9196425245706047;(63, 2);6
0.7057850154599562;(63, 2);7
0.679178699175393;(63, 2);8
0.7549149868676283;(63, 2);9
0.5926665999540698;(63, 3);0
0.6224593312018545;(63, 3);1
0.6224593452091672;(63, 3);2
0.5312093733737563;(63, 3);3
0.5312093733737563;(63, 3);4
0.808067204308405;(63, 3);5
0.5926665855647394;(63, 3);6
0.6926419831347361;(63, 3);7
0.7310585786300048;(63, 3);8
0.5926665999540698;(63, 3);9
0.37754066879814546;(64, 0);0
0.4073334000459302;(64, 0);1
0.5312093585306514;(64, 0);2
0.4073334000459302;(64, 0);3
0.2689413979320269;(64, 0);4
0.6224593171945417;(64, 0);5
0.26894142136999516;(64, 0);6
0.5621765008857981;(64, 0);7
0.5;(64, 0);8
0.5621765008857981;(64, 0);9
0.46879061178313897;(64, 1);0
0.34864513533394575;(64, 1);1
0.5621765008857981;(64, 1);2
0.5621764862150636;(64, 1);3
0.1192029095059074;(64, 1);4
0.40733341443526055;(64, 1);5
0.34864513533394575;(64, 1);6
0.5312093733737563;(64, 1);7
0.2942149721629888;(64, 1);8
0.6513548646660543;(64, 1);9
0.7310585786300049;(64, 2);0
0.8519527944504227;(64, 2);1
0.8807970779778824;(64, 2);2
0.8872045877523147;(64, 2);3
0.8933093946927838;(64, 2);4
0.7772998508568417;(64, 2);5
0.5621764862150634;(64, 2);6
0.8080672135527632;(64, 2);7
0.880797068590724;(64, 2);8
0.8872045877523147;(64, 2);9
0.3486451488696663;(64, 3);0
0.4687906266262437;(64, 3);1
0.5926665999540698;(64, 3);2
0.40733340004593027;(64, 3);3
0.36296920551961687;(64, 3);4
0.4687906266262437;(64, 3);5
0.37754066879814546;(64, 3);6
0.43782349911420193;(64, 3);7
0.4378234991142019;(64, 3);8
0.40733340004593027;(64, 3);9
0.679178699175393;(65, 0);0
0.5;(65, 0);1
0.7772998611746911;(65, 0);2
0.7981867777396212;(65, 0);3
0.6791787121629466;(65, 0);4
0.39233683016710835;(65, 0);5
0.7662936324115011;(65, 0);6
0.7772998818103891;(65, 0);7
0.7662936324115011;(65, 0);8
0.6926419704455588;(65, 0);9
0.8670357666736772;(65, 1);0
0.8175744761936437;(65, 1);1
0.7981867777396211;(65, 1);2
0.8175744850834648;(65, 1);3
0.8670357735451835;(65, 1);4
0.7662936324115011;(65, 1);5
0.7772998714925403;(65, 1);6
0.8080672227971211;(65, 1);7
0.754914997895581;(65, 1);8
0.7879311956428946;(65, 1);9
0.7981867777396212;(65, 2);0
0.5926665999540698;(65, 2);1
0.5;(65, 2);2
0.6224593171945417;(65, 2);3
0.7549149978955811;(65, 2);4
0.6791787121629465;(65, 2);5
0.7310585669110203;(65, 2);6
0.6513548646660543;(65, 2);7
0.7057850278370112;(65, 2);8
0.6513548646660542;(65, 2);9
0.6513548646660543;(65, 3);0
0.8438951104066295;(65, 3);1
0.7549149978955811;(65, 3);2
0.7185944046238982;(65, 3);3
0.7662936430859597;(65, 3);4
0.7431679972357831;(65, 3);5
0.6224593312018546;(65, 3);6
0.6513548646660542;(65, 3);7
0.6791787121629466;(65, 3);8
0.7431679972357831;(65, 3);9
0.8933094003735664;(66, 0);0
0.8596637433190939;(66, 0);1
0.8933094174159127;(66, 0);2
0.8933094003735664;(66, 0);3
0.9099069962657177;(66, 0);4
0.8519527944504227;(66, 0);5
0.8267118026095991;(66, 0);6
0.8670357666736772;(66, 0);7
0.8670357735451834;(66, 0);8
0.835483553488848;(66, 0);9
0.29421497216298875;(66, 1);0
0.3486451353339458;(66, 1);1
0.5621765008857981;(66, 1);2
0.679178686187839;(66, 1);3
0.5312093733737563;(66, 1);4
0.4378234991142019;(66, 1);5
0.7185943925708562;(66, 1);6
0.7185943925708562;(66, 1);7
0.7662936430859597;(66, 1);8
0.7057850402140659;(66, 1);9
0.5;(66, 2);0
0.531209388216861;(66, 2);1
0.9196425399873764;(66, 2);2
0.43782349911420193;(66, 2);3
0.6926419831347361;(66, 2);4
0.5312093733737563;(66, 2);5
0.7057850154599562;(66, 2);6
0.5926665999540698;(66, 2);7
0.8872045937171068;(66, 2);8
0.8670357632379241;(66, 2);9
0.679178699175393;(66, 3);0
0.5;(66, 3);1
0.34864513533394575;(66, 3);2
0.5;(66, 3);3
0.679178699175393;(66, 3);4
0.6513548646660543;(66, 3);5
0.679178699175393;(66, 3);6
0.7057850278370112;(66, 3);7
0.766293653760418;(66, 3);8
0.6224593312018546;(66, 3);9
0.8740772351648677;(67, 0);0
0.8872045937171068;(67, 0);1
0.8740772351648677;(67, 0);2
0.8872045877523147;(67, 0);3
0.8670357666736772;(67, 0);4
0.8740772351648677;(67, 0);5
0.42250463481418826;(67, 0);6
0.8596637505099168;(67, 0);7
0.9046505402422644;(67, 0);8
0.7549149868676283;(67, 0);9
0.7772998611746911;(67, 1);0
0.5926665999540698;(67, 1);1
0.46879062662624366;(67, 1);2
0.7310585786300049;(67, 1);3
0.5;(67, 1);4
0.42250463481418826;(67, 1);5
0.40733340004593027;(67, 1);6
0.40733340004593027;(67, 1);7
0.3208213008246071;(67, 1);8
0.4687906266262437;(67, 1);9
0.6791786861878392;(67, 2);0
0.45326184801538616;(67, 2);1
0.7662936430859596;(67, 2);2
0.37754066879814546;(67, 2);3
0.6224593312018546;(67, 2);4
0.5926665999540698;(67, 2);5
0.5926666143433998;(67, 2);6
0.5;(67, 2);7
0.7879311956428947;(67, 2);8
0.6224593312018546;(67, 2);9
0.679178686187839;(67, 3);0
0.4378234991142019;(67, 3);1
0.7662936430859597;(67, 3);2
0.5926665999540698;(67, 3);3
0.7431679972357831;(67, 3);4
0.679178699175393;(67, 3);5
0.46879062662624377;(67, 3);6
0.6791786991753929;(67, 3);7
0.5621765008857982;(67, 3);8
0.665410558746814;(67, 3);9
0.6513548646660543;(68, 0);0
0.24508499107646634;(68, 0);1
0.2814056194821861;(68, 0);2
0.4843800842769844;(68, 0);3
0.37754066879814546;(68, 0);4
0.4378234991142019;(68, 0);5
0.1561048974454574;(68, 0);6
0.46879062662624377;(68, 0);7
0.29421497216298875;(68, 0);8
0.334589441253186;(68, 0);9
0.5621765008857981;(68, 1);0
0.4378234991142019;(68, 1);1
0.5621765008857981;(68, 1);2
0.43782349911420193;(68, 1);3
0.21206879439743007;(68, 1);4
0.320821300824607;(68, 1);5
0.6791786991753931;(68, 1);6
0.26894142136999516;(68, 1);7
0.5;(68, 1);8
0.320821300824607;(68, 1);9
0.17328822300717897;(68, 2);0
0.34864513533394575;(68, 2);1
0.6370307944803832;(68, 2);2
0.7185943925708562;(68, 2);3
0.531209388216861;(68, 2);4
0.2337063569140403;(68, 2);5
0.3775406687981454;(68, 2);6
0.7310585786300048;(68, 2);7
0.48438008427698437;(68, 2);8
0.6370307944803831;(68, 2);9
0.3775406687981454;(68, 3);0
0.2689414213699951;(68, 3);1
0.3486451217982255;(68, 3);2
0.1329642264548166;(68, 3);3
0.34864513533394575;(68, 3);4
0.10087863354259308;(68, 3);5
0.40733340004593027;(68, 3);6
0.2568319686341235;(68, 3);7
0.19193279569159505;(68, 3);8
0.6224593312018545;(68, 3);9
0.8596637505099167;(69, 0);0
0.8354835207180243;(69, 0);1
0.7981867777396211;(69, 0);2
0.8596637433190939;(69, 0);3
0.8519528019683105;(69, 0);4
0.8596637505099167;(69, 0);5
0.8670357598021707;(69, 0);6
0.8267117855317474;(69, 0);7
0.7662936430859597;(69, 0);8
0.2689414213699951;(69, 0);9
0.5312093733737563;(69, 1);0
0.5926665999540698;(69, 1);1
0.7310585669110203;(69, 1);2
0.6513548511303338;(69, 1);3
0.7549149868676283;(69, 1);4
0.7772998611746912;(69, 1);5
0.5926665855647395;(69, 1);6
0.4378234991142019;(69, 1);7
0.6791786861878392;(69, 1);8
0.5621765008857982;(69, 1);9
0.7057850278370111;(69, 2);0
0.5;(69, 2);1
0.5774953651858118;(69, 2);2
0.8670357529306639;(69, 2);3
0.7431680086124812;(69, 2);4
0.7549149868676283;(69, 2);5
0.7772998508568416;(69, 2);6
0.7662936324115012;(69, 2);7
0.5312093733737563;(69, 2);8
0.7057850278370112;(69, 2);9
0.43782349911420193;(69, 3);0
0.34864513533394575;(69, 3);1
0.5312093733737563;(69, 3);2
0.5312093733737563;(69, 3);3
0.5926665999540698;(69, 3);4
0.5;(69, 3);5
0.5312093733737563;(69, 3);6
0.29421497216298875;(69, 3);7
0.4687906266262437;(69, 3);8
0.5312093733737563;(69, 3);9
0.9099070158103777;(55, 0);0
0.8740772286044095;(55, 0);1
0.8872045817875224;(55, 0);2
0.9465966671870766;(55, 0);3
0.9046505376715777;(55, 0);4
0.8991213772699435;(55, 0);5
0.8807970779778824;(55, 0);6
0.8740772351648677;(55, 0);7
0.8872045877523148;(55, 0);8
0.9284087965937712;(55, 0);9
0.6791787121629466;(55, 1);0
0.8175744673038222;(55, 1);1
0.8519528132451416;(55, 1);2
0.5312093733737563;(55, 1);3
0.7772998611746912;(55, 1);4
0.8807970904940925;(55, 1);5
0.5926666143433998;(55, 1);6
0.8596637577007393;(55, 1);7
0.8080672135527632;(55, 1);8
0.7662936430859598;(55, 1);9
0.7981867777396212;(55, 2);0
0.7549149978955811;(55, 2);1
0.7057850154599562;(55, 2);2
0.6513548646660543;(55, 2);3
0.6224593312018545;(55, 2);4
0.7549149758396752;(55, 2);5
0.7879311956428946;(55, 2);6
0.7057850278370111;(55, 2);7
0.8175744939732855;(55, 2);8
0.7549149868676283;(55, 2);9
0.679178686187839;(55, 3);0
0.8354835289107307;(55, 3);1
0.8596637577007393;(55, 3);2
0.6926419704455588;(55, 3);3
0.7981867969424067;(55, 3);4
0.798186768138228;(55, 3);5
0.8670357598021708;(55, 3);6
0.5926666143434;(55, 3);7
0.6224593312018545;(55, 3);8
0.7549149868676283;(55, 3);9
0.8596637577007394;(56, 0);0
0.914900950352329;(56, 0);1
0.8175744584140004;(56, 0);2
0.8354835452961425;(56, 0);3
0.9324533013520764;(56, 0);4
0.9433475715065793;(56, 0);5
0.9433475778774728;(56, 0);6
0.9241418158002491;(56, 0);7
0.8933094060543488;(56, 0);8
0.9433475778774729;(56, 0);9
0.8740772220439509;(56, 1);0
0.8267118111485245;(56, 1);1
0.9324533163686646;(56, 1);2
0.8807970779778825;(56, 1);3
0.8670357598021707;(56, 1);4
0.7549149868676283;(56, 1);5
0.8807970717197771;(56, 1);6
0.835483553488848;(56, 1);7
0.8807970904940925;(56, 1);8
0.8670357666736772;(56, 1);9
0.6791786861878392;(56, 2);0
0.8175744850834648;(56, 2);1
0.679178699175393;(56, 2);2
0.8175744761936438;(56, 2);3
0.7879312056025699;(56, 2);4
0.8267118026095992;(56, 2);5
0.7879311856832191;(56, 2);6
0.7981867777396212;(56, 2);7
0.7662936430859598;(56, 2);8
0.7057850278370112;(56, 2);9
0.7772998560157665;(56, 3);0
0.5926665999540697;(56, 3);1
0.7662936430859597;(56, 3);2
0.8740772351648677;(56, 3);3
0.8175744673038222;(56, 3);4
0.7057850154599562;(56, 3);5
0.8438951025545426;(56, 3);6
0.7310585786300049;(56, 3);7
0.7057850278370111;(56, 3);8
0.7879311956428947;(56, 3);9
0.43782349911420193;(57, 0);0
0.320821300824607;(57, 0);1
0.28140560742914383;(57, 0);2
0.32082130082460697;(57, 0);3
0.5926665999540697;(57, 0);4
0.34864513533394575;(57, 0);5
0.5621765155565326;(57, 0);6
0.5312093733737562;(57, 0);7
0.46879062662624377;(57, 0);8
0.6224593312018546;(57, 0);9
0.7772998508568416;(57, 1);0
0.6926419831347361;(57, 1);1
0.8519527944504227;(57, 1);2
0.8438950947024555;(57, 1);3
0.8175744673038221;(57, 1);4
0.8080671950640465;(57, 1);5
0.7981867873410141;(57, 1);6
0.8438951025545427;(57, 1);7
0.8080672135527632;(57, 1);8
0.7981867969424066;(57, 1);9
0.2450850021044189;(57, 2);0
0.5;(57, 2);1
0.5621765008857981;(57, 2);2
0.5621765008857981;(57, 2);3
0.46879062662624377;(57, 2);4
0.7057850278370112;(57, 2);5
0.7310585786300049;(57, 2);6
0.320821300824607;(57, 2);7
0.8354835371034368;(57, 2);8
0.4687906266262437;(57, 2);9
0.46879062662624377;(57, 3);0
0.5;(57, 3);1
0.43782349911420193;(57, 3);2
0.24508499107646636;(57, 3);3
0.5926665999540697;(57, 3);4
0.40733340004593027;(57, 3);5
0.5;(57, 3);6
0.2120687844377551;(57, 3);7
0.43782349911420193;(57, 3);8
0.2450850131323717;(57, 3);9
0.8933093946927837;(58, 0);0
0.9525741308615412;(58, 0);1
0.8267117940706734;(58, 0);2
0.8933093946927837;(58, 0);3
0.8933094117351309;(58, 0);4
0.8596637433190939;(58, 0);5
0.9046505402422647;(58, 0);6
0.9525741254760639;(58, 0);7
0.9046505299595162;(58, 0);8
0.9465966702001758;(58, 0);9
0.7662936430859597;(58, 1);0
0.7662936324115011;(58, 1);1
0.7057850278370111;(58, 1);2
0.8991213826762113;(58, 1);3
0.6370307944803832;(58, 1);4
0.787931185683219;(58, 1);5
0.8080672135527632;(58, 1);6
0.7431680086124811;(58, 1);7
0.8080671950640463;(58, 1);8
0.6513548646660543;(58, 1);9
0.7549149978955811;(58, 2);0
0.7310585669110202;(58, 2);1
0.6224593312018546;(58, 2);2
0.7185943805178139;(58, 2);3
0.7310585786300049;(58, 2);4
0.7431680199891789;(58, 2);5
0.8175744850834648;(58, 2);6
0.8438951182587159;(58, 2);7
0.798186787341014;(58, 2);8
0.8438950947024555;(58, 2);9
0.7981867681382279;(58, 3);0
0.7057850402140659;(58, 3);1
0.7310585786300049;(58, 3);2
0.8080672043084051;(58, 3);3
0.7772998611746912;(58, 3);4
0.7879311956428946;(58, 3);5
0.8519528170040852;(58, 3);6
0.8267117855317473;(58, 3);7
0.6513548646660542;(58, 3);8
0.8933093975331752;(58, 3);9
0.37754066879814546;(59, 0);0
0.36296920551961687;(59, 0);1
0.34864513533394575;(59, 0);2
0.2568320141409155;(59, 0);3
0.22270014914315833;(59, 0);4
0.30735801686526387;(59, 0);5
0.6076631698328916;(59, 0);6
0.2942149721629888;(59, 0);7
0.3775406687981455;(59, 0);8
0.28140560742914383;(59, 0);9
0.320821300824607;(59, 1);0
0.24508499107646636;(59, 1);1
0.36296920551961676;(59, 1);2
0.3775406687981454;(59, 1);3
0.4687906266262438;(59, 1);4
0.5467381519846138;(59, 1);5
0.34864513533394575;(59, 1);6
0.5312093733737563;(59, 1);7
0.45326184801538616;(59, 1);8
0.37754066879814546;(59, 1);9
0.6926419831347361;(59, 2);0
0.8267118111485244;(59, 2);1
0.7057850278370112;(59, 2);2
0.665410558746814;(59, 2);3
0.7549149758396752;(59, 2);4
0.851952809486198;(59, 2);5
0.7879312056025699;(59, 2);6
0.6654105454764747;(59, 2);7
0.6926419831347361;(59, 2);8
0.7431680199891789;(59, 2);9
0.4378234991142019;(59, 3);0
0.2450850351882784;(59, 3);1
0.36296920551961676;(59, 3);2
0.3775406687981454;(59, 3);3
0.4378234991142018;(59, 3);4
0.15610488174128417;(59, 3);5
0.5312093733737563;(59, 3);6
0.34864513533394575;(59, 3);7
0.21206879439743007;(59, 3);8
0.26894139793202687;(59, 3);9
0.7431680086124811;(70, 0);0
0.3073580422436188;(70, 0);1
0.43782349911420193;(70, 0);2
0.7879311956428947;(70, 0);3
0.8519527944504226;(70, 0);4
0.6513548646660543;(70, 0);5
0.8354835371034368;(70, 0);6
0.7662936430859597;(70, 0);7
0.26894144480796467;(70, 0);8
0.7879311856832191;(70, 0);9
0.8596637577007394;(70, 1);0
0.8872045877523147;(70, 1);1
0.7431680086124811;(70, 1);2
0.8354835371034368;(70, 1);3
0.835483553488848;(70, 1);4
0.8438950947024555;(70, 1);5
0.7549149758396752;(70, 1);6
0.8267117855317475;(70, 1);7
0.8872045817875224;(70, 1);8
0.9241418158002492;(70, 1);9
0.679178699175393;(70, 2);0
0.3486451353339457;(70, 2);1
0.3208212748495001;(70, 2);2
0.4378234991142019;(70, 2);3
0.48438008427698437;(70, 2);4
0.10669059394565118;(70, 2);5
0.43782349911420193;(70, 2);6
0.34864513533394575;(70, 2);7
0.37754066879814546;(70, 2);8
0.30735799148691006;(70, 2);9
0.320821300824607;(70, 3);0
0.4073333856566001;(70, 3);1
0.34864513533394575;(70, 3);2
0.4687906266262437;(70, 3);3
0.5621765008857981;(70, 3);4
0.5621765008857981;(70, 3);5
0.3775406687981454;(70, 3);6
0.320821300824607;(70, 3);7
0.40733341443526055;(70, 3);8
0.43782349911420193;(70, 3);9
0.7057850154599562;(71, 0);0
0.5926665999540698;(71, 0);1
0.320821300824607;(71, 0);2
0.2689414096510108;(71, 0);3
0.7185943925708562;(71, 0);4
0.5;(71, 0);5
0.5;(71, 0);6
0.5621765008857981;(71, 0);7
0.43782349911420193;(71, 0);8
0.4378234991142019;(71, 0);9
0.5621765008857981;(71, 1);0
0.679178699175393;(71, 1);1
0.320821300824607;(71, 1);2
0.30735801686526387;(71, 1);3
0.40733340004593016;(71, 1);4
0.4378234991142019;(71, 1);5
0.3775406407835203;(71, 1);6
0.3073580422436188;(71, 1);7
0.46879062662624377;(71, 1);8
0.6224593312018545;(71, 1);9
0.8519528019683106;(71, 2);0
0.8872045877523147;(71, 2);1
0.8354835452961427;(71, 2);2
0.37754066879814546;(71, 2);3
0.6513548646660543;(71, 2);4
0.7431679972357831;(71, 2);5
0.8596637648915617;(71, 2);6
0.835483553488848;(71, 2);7
0.8438950868503681;(71, 2);8
0.7185943925708562;(71, 2);9
0.25683199138751883;(71, 3);0
0.7662936430859597;(71, 3);1
0.5312093733737562;(71, 3);2
0.5926665999540698;(71, 3);3
0.46879062662624377;(71, 3);4
0.4073334000459302;(71, 3);5
0.34864513533394575;(71, 3);6
0.23370635691404024;(71, 3);7
0.3345894147125081;(71, 3);8
0.28140560742914383;(71, 3);9
0.8175744761936438;(72, 0);0
0.6513548511303336;(72, 0);1
0.8596637648915617;(72, 0);2
0.867035752930664;(72, 0);3
0.8080672043084051;(72, 0);4
0.7879312155622449;(72, 0);5
0.8519528019683106;(72, 0);6
0.8267118026095992;(72, 0);7
0.8354835452961425;(72, 0);8
0.8267117855317474;(72, 0);9
0.18242550602671442;(72, 1);0
0.5;(72, 1);1
0.5621765008857982;(72, 1);2
0.5312093733737563;(72, 1);3
0.5312093733737563;(72, 1);4
0.4378234991142019;(72, 1);5
0.3486451488696663;(72, 1);6
0.40733340004593027;(72, 1);7
0.6224593312018546;(72, 1);8
0.43782349911420193;(72, 1);9
0.766293653760418;(72, 2);0
0.679178699175393;(72, 2);1
0.8080672135527632;(72, 2);2
0.7879311956428946;(72, 2);3
0.6513548646660542;(72, 2);4
0.6513548782017745;(72, 2);5
0.5621765008857981;(72, 2);6
0.34864513533394575;(72, 2);7
0.8519528019683105;(72, 2);8
0.7310585786300049;(72, 2);9
0.7549149868676283;(72, 3);0
0.798186787341014;(72, 3);1
0.8267117940706734;(72, 3);2
0.6791787121629466;(72, 3);3
0.8991213826762114;(72, 3);4
0.3208213008246071;(72, 3);5
0.4378234991142019;(72, 3);6
0.3629692055196168;(72, 3);7
0.8438950868503681;(72, 3);8
0.7772998508568416;(72, 3);9
0.34864513533394575;(73, 0);0
0.5;(73, 0);1
0.40733340004593027;(73, 0);2
0.4378234991142019;(73, 0);3
0.6654105587468141;(73, 0);4
0.2568319686341235;(73, 0);5
0.37754066879814546;(73, 0);6
0.6224593312018547;(73, 0);7
0.6076631698328916;(73, 0);8
0.3923368301671084;(73, 0);9
0.7310585786300049;(73, 1);0
0.4532618480153861;(73, 1);1
0.665410558746814;(73, 1);2
0.43782349911420193;(73, 1);3
0.6926419831347362;(73, 1);4
0.6224593312018545;(73, 1);5
0.34864513533394575;(73, 1);6
0.8438951182587158;(73, 1);7
0.5312093733737563;(73, 1);8
0.7185943925708561;(73, 1);9
0.5621765008857981;(73, 2);0
0.46879062662624377;(73, 2);1
0.4378234991142019;(73, 2);2
0.37754066879814546;(73, 2);3
0.5312093733737563;(73, 2);4
0.8267117769928211;(73, 2);5
0.7431680086124812;(73, 2);6
0.4687906266262437;(73, 2);7
0.43782349911420193;(73, 2);8
0.4073334000459302;(73, 2);9
0.7879311956428947;(73, 3);0
0.8354835289107309;(73, 3);1
0.8933094003735664;(73, 3);2
0.7772998611746912;(73, 3);3
0.8740772351648677;(73, 3);4
0.8740772220439509;(73, 3);5
0.8175744761936437;(73, 3);6
0.7772998714925402;(73, 3);7
0.7310585786300049;(73, 3);8
0.7662936430859597;(73, 3);9
0.2942149721629888;(74, 0);0
0.23370637826295793;(74, 0);1
0.7662936324115011;(74, 0);2
0.2942149721629888;(74, 0);3
0.914900950352329;(74, 0);4
0.24508501313237172;(74, 0);5
0.5621765008857981;(74, 0);6
0.40733342882459095;(74, 0);7
0.29421497216298875;(74, 0);8
0.2120687844377551;(74, 0);9
0.4073334000459302;(74, 1);0
0.7772998818103891;(74, 1);1
0.679178699175393;(74, 1);2
0.5312093733737563;(74, 1);3
0.7662936324115012;(74, 1);4
0.2942149721629888;(74, 1);5
0.6513548646660543;(74, 1);6
0.3486451488696663;(74, 1);7
0.6224593312018545;(74, 1);8
0.5;(74, 1);9
0.5621765008857981;(74, 2);0
0.5621765008857981;(74, 2);1
0.3775406687981454;(74, 2);2
0.34864513533394575;(74, 2);3
0.3208213008246071;(74, 2);4
0.2450850131323717;(74, 2);5
0.3775406687981454;(74, 2);6
0.23370636758849897;(74, 2);7
0.40733340004593027;(74, 2);8
0.3923368301671084;(74, 2);9
0.679178699175393;(74, 3);0
0.7057850278370112;(74, 3);1
0.8267118026095992;(74, 3);2
0.7310585786300048;(74, 3);3
0.7310585669110203;(74, 3);4
0.5621765008857982;(74, 3);5
0.6791786861878392;(74, 3);6
0.679178699175393;(74, 3);7
0.7310585786300049;(74, 3);8
0.7310585786300049;(74, 3);9
0.3775406687981454;(75, 0);0
0.320821300824607;(75, 0);1
0.46879062662624377;(75, 0);2
0.3486451217982255;(75, 0);3
0.9046505402422644;(75, 0);4
0.40733340004593027;(75, 0);5
0.5774953651858118;(75, 0);6
0.7185944046238982;(75, 0);7
0.5312093733737563;(75, 0);8
0.5467381519846138;(75, 0);9
0.899121388082479;(75, 1);0
0.9099070060380482;(75, 1);1
0.8519528019683106;(75, 1);2
0.8267117769928211;(75, 1);3
0.9099070158103778;(75, 1);4
0.9241418241572635;(75, 1);5
0.9099070060380481;(75, 1);6
0.8596637577007394;(75, 1);7
0.859663743319094;(75, 1);8
0.8175744673038221;(75, 1);9
0.7879311956428946;(75, 2);0
0.7057850154599563;(75, 2);1
0.5312093733737563;(75, 2);2
0.6513548782017745;(75, 2);3
0.6513548646660543;(75, 2);4
0.5312093733737563;(75, 2);5
0.6076631698328916;(75, 2);6
0.7772998611746912;(75, 2);7
0.5312093733737562;(75, 2);8
0.6224593312018546;(75, 2);9
0.6513548646660543;(75, 3);0
0.6513548782017745;(75, 3);1
0.5621765008857981;(75, 3);2
0.5926665999540698;(75, 3);3
0.5926665999540698;(75, 3);4
0.6513548646660543;(75, 3);5
0.6513548646660542;(75, 3);6
0.743167997235783;(75, 3);7
0.6791787121629466;(75, 3);8
0.7549149978955811;(75, 3);9
0.8670357460591569;(76, 0);0
0.25683196863412355;(76, 0);1
0.5312093733737562;(76, 0);2
0.5312093733737563;(76, 0);3
0.7185944046238981;(76, 0);4
0.2942149721629888;(76, 0);5
0.43782349911420193;(76, 0);6
0.5156199157230156;(76, 0);7
0.40733340004593027;(76, 0);8
0.6370307944803831;(76, 0);9
0.5621765008857982;(76, 1);0
0.34864512179822543;(76, 1);1
0.320821300824607;(76, 1);2
0.5621765008857982;(76, 1);3
0.6224593312018546;(76, 1);4
0.5312093733737562;(76, 1);5
0.2689414213699951;(76, 1);6
0.5621764862150636;(76, 1);7
0.5312093733737563;(76, 1);8
0.754914997895581;(76, 1);9
0.4073334000459302;(76, 2);0
0.18242552380635632;(76, 2);1
0.46879062662624377;(76, 2);2
0.34864513533394575;(76, 2);3
0.3775406687981455;(76, 2);4
0.320821300824607;(76, 2);5
0.23370637826295795;(76, 2);6
0.37754066879814546;(76, 2);7
0.1329642264548166;(76, 2);8
0.23370635691404026;(76, 2);9
0.26894144480796467;(76, 3);0
0.5312093733737563;(76, 3);1
0.3775406687981454;(76, 3);2
0.43782349911420193;(76, 3);3
0.5926665999540697;(76, 3);4
0.5926666143434;(76, 3);5
0.2689414213699951;(76, 3);6
0.37754066879814546;(76, 3);7
0.43782349911420193;(76, 3);8
0.320821300824607;(76, 3);9
0.7981867969424066;(77, 0);0
0.7057850278370112;(77, 0);1
0.851952809486198;(77, 0);2
0.5156199157230157;(77, 0);3
0.8933094117351309;(77, 0);4
0.8519527944504227;(77, 0);5
0.6076631698328916;(77, 0);6
0.7981867585368343;(77, 0);7
0.8933094117351309;(77, 0);8
0.8354835452961425;(77, 0);9
0.7549149868676283;(77, 1);0
0.7981867777396212;(77, 1);1
0.8080672227971211;(77, 1);2
0.46879062662624377;(77, 1);3
0.7185943925708561;(77, 1);4
0.5926665999540697;(77, 1);5
0.6926419831347361;(77, 1);6
0.7772998611746912;(77, 1);7
0.5312093733737563;(77, 1);8
0.679178699175393;(77, 1);9
0.46879062662624377;(77, 2);0
0.6224593312018545;(77, 2);1
0.5926666143433998;(77, 2);2
0.43782349911420193;(77, 2);3
0.679178699175393;(77, 2);4
0.5926665999540697;(77, 2);5
0.6224593312018546;(77, 2);6
0.5;(77, 2);7
0.5621765008857981;(77, 2);8
0.43782349911420193;(77, 2);9
0.4687906266262437;(77, 3);0
0.5312093733737563;(77, 3);1
0.46879062662624377;(77, 3);2
0.6224593312018545;(77, 3);3
0.5926666143434;(77, 3);4
0.37754066879814546;(77, 3);5
0.46879062662624377;(77, 3);6
0.43782349911420193;(77, 3);7
0.34864513533394575;(77, 3);8
0.4225046348141882;(77, 3);9
0.7772998508568416;(78, 0);0
0.8267118111485245;(78, 0);1
0.8080671950640465;(78, 0);2
0.8354835371034369;(78, 0);3
0.7879312056025699;(78, 0);4
0.29421499691709907;(78, 0);5
0.8354835289107307;(78, 0);6
0.7310585669110202;(78, 0);7
0.8438951104066293;(78, 0);8
0.8596637648915617;(78, 0);9
0.5621765008857982;(78, 1);0
0.6513548511303338;(78, 1);1
0.7549149868676284;(78, 1);2
0.7662936430859597;(78, 1);3
0.5312093733737563;(78, 1);4
0.743167997235783;(78, 1);5
0.7057850278370112;(78, 1);6
0.743167997235783;(78, 1);7
0.7981867873410141;(78, 1);8
0.7057850278370112;(78, 1);9
0.46879062662624366;(78, 2);0
0.5;(78, 2);1
0.29421497216298875;(78, 2);2
0.3775406687981454;(78, 2);3
0.6791787121629466;(78, 2);4
0.5312093733737563;(78, 2);5
0.34864513533394575;(78, 2);6
0.6791787121629466;(78, 2);7
0.5;(78, 2);8
0.6513548646660543;(78, 2);9
0.43782349911420193;(78, 3);0
0.5312093733737562;(78, 3);1
0.5312093733737563;(78, 3);2
0.40733340004593027;(78, 3);3
0.46879062662624377;(78, 3);4
0.6224593312018546;(78, 3);5
0.30735801686526387;(78, 3);6
0.5;(78, 3);7
0.5621765008857982;(78, 3);8
0.4378234991142019;(78, 3);9
0.4687906266262437;(79, 0);0
0.37754065479083276;(79, 0);1
0.46879062662624366;(79, 0);2
0.5621765008857982;(79, 0);3
0.5926665855647395;(79, 0);4
0.5926665999540698;(79, 0);5
0.34864513533394575;(79, 0);6
0.5;(79, 0);7
0.4378234991142018;(79, 0);8
0.6224593171945417;(79, 0);9
0.5774953651858118;(79, 1);0
0.5312093733737562;(79, 1);1
0.34864514886966624;(79, 1);2
0.3775406687981454;(79, 1);3
0.3775406687981454;(79, 1);4
0.4378234844434674;(79, 1);5
0.5312093733737563;(79, 1);6
0.18242552380635632;(79, 1);7
0.4073334000459302;(79, 1);8
0.2689414330889797;(79, 1);9
0.8807970717197768;(79, 2);0
0.6791786861878392;(79, 2);1
0.808067204308405;(79, 2);2
0.7662936537604181;(79, 2);3
0.8438950947024555;(79, 2);4
0.7185944046238982;(79, 2);5
0.7772998611746912;(79, 2);6
0.7057850278370112;(79, 2);7
0.8354835289107309;(79, 2);8
0.8596637577007393;(79, 2);9
0.6224593312018546;(79, 3);0
0.8080671950640463;(79, 3);1
0.6513548782017745;(79, 3);2
0.893309411735131;(79, 3);3
0.6513548511303338;(79, 3);4
0.7057850278370112;(79, 3);5
0.6513548646660543;(79, 3);6
0.8267118026095991;(79, 3);7
0.8519527944504227;(79, 3);8
0.7057850402140659;(79, 3);9
0.6513548646660543;(80, 0);0
0.43782349911420193;(80, 0);1
0.5926666143433998;(80, 0);2
0.6791787121629465;(80, 0);3
0.43782349911420193;(80, 0);4
0.5;(80, 0);5
0.42250463481418826;(80, 0);6
0.6224593171945416;(80, 0);7
0.5926666143433998;(80, 0);8
0.6224593312018546;(80, 0);9
0.6513548646660543;(80, 1);0
0.29421497216298875;(80, 1);1
0.798186768138228;(80, 1);2
0.8080672227971211;(80, 1);3
0.8438950947024555;(80, 1);4
0.7057850154599563;(80, 1);5
0.320821300824607;(80, 1);6
0.43782349911420193;(80, 1);7
0.6513548646660543;(80, 1);8
0.5;(80, 1);9
0.7981867873410141;(80, 2);0
0.8175744939732855;(80, 2);1
0.9149009596336303;(80, 2);2
0.8519528019683105;(80, 2);3
0.9099070011518829;(80, 2);4
0.909907001151883;(80, 2);5
0.8933094088947399;(80, 2);6
0.8354835371034368;(80, 2);7
0.8872045996818986;(80, 2);8
0.9196425333801889;(80, 2);9
0.40733340004593027;(80, 3);0
0.5312093733737563;(80, 3);1
0.43782349911420193;(80, 3);2
0.4073333856566001;(80, 3);3
0.4378234991142019;(80, 3);4
0.5;(80, 3);5
0.5;(80, 3);6
0.3775406828054584;(80, 3);7
0.5621765008857981;(80, 3);8
0.5312093733737562;(80, 3);9
0.5;(81, 0);0
0.3923368301671084;(81, 0);1
0.2942149721629888;(81, 0);2
0.6076631698328916;(81, 0);3
0.5621765008857981;(81, 0);4
0.5312093733737563;(81, 0);5
0.2942149721629888;(81, 0);6
0.3775406687981454;(81, 0);7
0.7057850278370112;(81, 0);8
0.4687906266262437;(81, 0);9
0.7310585786300049;(81, 1);0
0.23370635691404026;(81, 1);1
0.5926665999540698;(81, 1);2
0.46879062662624377;(81, 1);3
0.4225046639005957;(81, 1);4
0.5312093733737563;(81, 1);5
0.2689414213699951;(81, 1);6
0.4073334000459303;(81, 1);7
0.5312093733737563;(81, 1);8
0.43782349911420193;(81, 1);9
0.7310585786300049;(81, 2);0
0.34864513533394575;(81, 2);1
0.5312093733737562;(81, 2);2
0.6513548646660542;(81, 2);3
0.6926419831347361;(81, 2);4
0.6791786861878392;(81, 2);5
0.6224593312018545;(81, 2);6
0.7772998714925403;(81, 2);7
0.7549149758396752;(81, 2);8
0.679178699175393;(81, 2);9
0.4378234991142019;(81, 3);0
0.5;(81, 3);1
0.37754066879814546;(81, 3);2
0.4378234991142018;(81, 3);3
0.5;(81, 3);4
0.3629692055196168;(81, 3);5
0.4378234991142019;(81, 3);6
0.43782349911420193;(81, 3);7
0.43782349911420193;(81, 3);8
0.32082130082460697;(81, 3);9
0.5621765008857982;(82, 0);0
0.5312093733737562;(82, 0);1
0.6513548511303338;(82, 0);2
0.7981867777396212;(82, 0);3
0.6791786861878392;(82, 0);4
0.4378234991142019;(82, 0);5
0.5621765008857981;(82, 0);6
0.5312093733737563;(82, 0);7
0.7185943925708562;(82, 0);8
0.7057850278370112;(82, 0);9
0.5621765008857981;(82, 1);0
0.5926665999540697;(82, 1);1
0.6513548782017745;(82, 1);2
0.40733340004593027;(82, 1);3
0.5312093733737563;(82, 1);4
0.679178699175393;(82, 1);5
0.4073334000459302;(82, 1);6
0.6224593312018546;(82, 1);7
0.679178699175393;(82, 1);8
0.5;(82, 1);9
0.8740772351648677;(82, 2);0
0.8933094060543488;(82, 2);1
0.8267117855317474;(82, 2);2
0.8740772351648677;(82, 2);3
0.8267117769928211;(82, 2);4
0.8933093975331751;(82, 2);5
0.9362850057480347;(82, 2);6
0.8933094060543488;(82, 2);7
0.8596637361282706;(82, 2);8
0.8872045937171068;(82, 2);9
0.5926665855647394;(82, 3);0
0.5312093733737563;(82, 3);1
0.5621765008857981;(82, 3);2
0.6224593312018546;(82, 3);3
0.679178699175393;(82, 3);4
0.5;(82, 3);5
0.5312093733737563;(82, 3);6
0.6224593312018546;(82, 3);7
0.6513548782017745;(82, 3);8
0.8175744584140003;(82, 3);9
0.6224593312018546;(83, 0);0
0.6513548646660542;(83, 0);1
0.34864513533394575;(83, 0);2
0.4378234991142019;(83, 0);3
0.5;(83, 0);4
0.5312093733737563;(83, 0);5
0.28140560742914383;(83, 0);6
0.5926665999540698;(83, 0);7
0.6513548646660543;(83, 0);8
0.6791786991753929;(83, 0);9
0.8670357460591568;(83, 1);0
0.8438951025545427;(83, 1);1
0.8740772286044094;(83, 1);2
0.8080672135527632;(83, 1);3
0.808067204308405;(83, 1);4
0.8807970904940926;(83, 1);5
0.8807970779778824;(83, 1);6
0.8080672320414786;(83, 1);7
0.665410558746814;(83, 1);8
0.8740772351648677;(83, 1);9
0.5312093733737563;(83, 2);0
0.4073334000459302;(83, 2);1
0.5926665999540698;(83, 2);2
0.32082131381216084;(83, 2);3
0.7549149868676284;(83, 2);4
0.5926665999540698;(83, 2);5
0.679178686187839;(83, 2);6
0.5926665999540698;(83, 2);7
0.40733340004593027;(83, 2);8
0.43782349911420193;(83, 2);9
0.5312093733737562;(83, 3);0
0.5926666143434;(83, 3);1
0.5;(83, 3);2
0.5312093733737563;(83, 3);3
0.437823499114202;(83, 3);4
0.5;(83, 3);5
0.7310585903489891;(83, 3);6
0.7772998508568416;(83, 3);7
0.5;(83, 3);8
0.5926666143434;(83, 3);9
0.3486451353339458;(84, 0);0
0.24508501313237172;(84, 0);1
0.2689414213699951;(84, 0);2
0.37754066879814546;(84, 0);3
0.34864513533394575;(84, 0);4
0.6513548646660542;(84, 0);5
0.05033063259747689;(84, 0);6
0.18242552380635632;(84, 0);7
0.16451644651115205;(84, 0);8
0.3775406687981454;(84, 0);9
0.21206880435710534;(84, 1);0
0.5621765008857981;(84, 1);1
0.2942149845400438;(84, 1);2
0.46879062662624377;(84, 1);3
0.4687906266262437;(84, 1);4
0.46879062662624377;(84, 1);5
0.4073334000459302;(84, 1);6
0.40733340004593027;(84, 1);7
0.4378234991142018;(84, 1);8
0.40733341443526055;(84, 1);9
0.6224593312018546;(84, 2);0
0.705785040214066;(84, 2);1
0.6224593312018546;(84, 2);2
0.6224593171945417;(84, 2);3
0.6224593312018546;(84, 2);4
0.43782349911420193;(84, 2);5
0.7185943805178138;(84, 2);6
0.7981867777396212;(84, 2);7
0.2689414213699951;(84, 2);8
0.7185943925708561;(84, 2);9
0.4225046348141882;(84, 3);0
0.28140560742914383;(84, 3);1
0.5312093733737562;(84, 3);2
0.4378234991142019;(84, 3);3
0.34864513533394575;(84, 3);4
0.29421498454004374;(84, 3);5
0.29421497216298875;(84, 3);6
0.43782351378493656;(84, 3);7
0.28140560742914383;(84, 3);8
0.4378234844434674;(84, 3);9
0.5312093733737563;(90, 0);0
0.6791786861878392;(90, 0);1
0.5;(90, 0);2
0.6224593171945417;(90, 0);3
0.6224593312018546;(90, 0);4
0.6654105454764746;(90, 0);5
0.7772998508568416;(90, 0);6
0.5621765008857981;(90, 0);7
0.7431680199891789;(90, 0);8
0.6513548646660543;(90, 0);9
0.7981867585368344;(90, 1);0
0.7981867681382279;(90, 1);1
0.7310585669110203;(90, 1);2
0.7057850402140659;(90, 1);3
0.7549149978955811;(90, 1);4
0.7310585669110202;(90, 1);5
0.7185943925708562;(90, 1);6
0.3775406687981454;(90, 1);7
0.6513548511303338;(90, 1);8
0.7549149868676284;(90, 1);9
0.914900945711678;(90, 2);0
0.8872045877523148;(90, 2);1
0.8807970654616711;(90, 2);2
0.7879311856832191;(90, 2);3
0.6370307944803831;(90, 2);4
0.8740772417253256;(90, 2);5
0.787931185683219;(90, 2);6
0.8991213772699435;(90, 2);7
0.7549149868676284;(90, 2);8
0.8354835534888478;(90, 2);9
0.6513548511303338;(90, 3);0
0.7310585669110202;(90, 3);1
0.679178699175393;(90, 3);2
0.5312093733737562;(90, 3);3
0.5926665855647395;(90, 3);4
0.7310585669110203;(90, 3);5
0.5621765008857981;(90, 3);6
0.5926665999540698;(90, 3);7
0.5926665999540698;(90, 3);8
0.7549149868676284;(90, 3);9
0.40733340004593027;(91, 0);0
0.5467381519846138;(91, 0);1
0.32082128783705344;(91, 0);2
0.24508501313237174;(91, 0);3
0.4073334000459302;(91, 0);4
0.39233683016710835;(91, 0);5
0.3486451353339458;(91, 0);6
0.5;(91, 0);7
0.43782349911420193;(91, 0);8
0.5621765008857982;(91, 0);9
0.4687906266262437;(91, 1);0
0.5156199157230157;(91, 1);1
0.2337063569140403;(91, 1);2
0.24508503518827837;(91, 1);3
0.5926665999540698;(91, 1);4
0.4687906266262437;(91, 1);5
0.5312093733737562;(91, 1);6
0.45326184801538616;(91, 1);7
0.46879062662624377;(91, 1);8
0.5312093733737563;(91, 1);9
0.4073334000459302;(91, 2);0
0.5;(91, 2);1
0.37754066879814546;(91, 2);2
0.4378234991142019;(91, 2);3
0.4378234991142019;(91, 2);4
0.5312093733737563;(91, 2);5
0.5621765155565327;(91, 2);6
0.4073334000459302;(91, 2);7
0.2942149721629888;(91, 2);8
0.36296920551961687;(91, 2);9
0.6224593312018545;(91, 3);0
0.7549149868676283;(91, 3);1
0.5621764862150634;(91, 3);2
0.5312093733737563;(91, 3);3
0.5467381519846138;(91, 3);4
0.5926666143434;(91, 3);5
0.705785040214066;(91, 3);6
0.39233683016710835;(91, 3);7
0.7431680086124812;(91, 3);8
0.3775406687981454;(91, 3);9
0.7772998611746912;(92, 0);0
0.3629692055196168;(92, 0);1
0.29421497216298875;(92, 0);2
0.7662936324115011;(92, 0);3
0.7057850154599562;(92, 0);4
0.8354835289107309;(92, 0);5
0.8175744850834648;(92, 0);6
0.5621765008857981;(92, 0);7
0.8354835452961425;(92, 0);8
0.5926665999540698;(92, 0);9
0.46879062662624377;(92, 1);0
0.320821300824607;(92, 1);1
0.26894143308897966;(92, 1);2
0.19193278644723677;(92, 1);3
0.5;(92, 1);4
0.34864513533394575;(92, 1);5
0.46879062662624377;(92, 1);6
0.10669060530721627;(92, 1);7
0.754914975839675;(92, 1);8
0.5926665999540698;(92, 1);9
0.43782349911420193;(92, 2);0
0.18242551491653522;(92, 2);1
0.40733341443526055;(92, 2);2
0.10669060530721623;(92, 2);3
0.679178699175393;(92, 2);4
0.13296423332632276;(92, 2);5
0.2450850021044189;(92, 2);6
0.6224593452091673;(92, 2);7
0.5621765008857981;(92, 2);8
0.320821300824607;(92, 2);9
0.3775406687981454;(92, 3);0
0.5621764862150636;(92, 3);1
0.6076631698328917;(92, 3);2
0.29421497216298875;(92, 3);3
0.4378234991142019;(92, 3);4
0.6513548511303338;(92, 3);5
0.1645164792819756;(92, 3);6
0.679178699175393;(92, 3);7
0.1919327864472368;(92, 3);8
0.32082131381216084;(92, 3);9
0.8438951025545426;(93, 0);0
0.7981867585368343;(93, 0);1
0.8267117769928211;(93, 0);2
0.7981867777396212;(93, 0);3
0.3208213008246071;(93, 0);4
0.8438951182587158;(93, 0);5
0.14804720554957732;(93, 0);6
0.8596637361282706;(93, 0);7
0.22270013882530887;(93, 0);8
0.5312093733737563;(93, 0);9
0.24508501313237174;(93, 1);0
0.25683199138751883;(93, 1);1
0.7549149868676283;(93, 1);2
0.5312093733737563;(93, 1);3
0.5312093733737563;(93, 1);4
0.5621765008857981;(93, 1);5
0.7057850154599563;(93, 1);6
0.7310585669110203;(93, 1);7
0.5312093733737562;(93, 1);8
0.5621765008857982;(93, 1);9
0.8354835452961425;(93, 2);0
0.7879312155622449;(93, 2);1
0.24508501313237172;(93, 2);2
0.7772998611746911;(93, 2);3
0.24508501313237172;(93, 2);4
0.8354835289107307;(93, 2);5
0.8267118111485244;(93, 2);6
0.7772998714925403;(93, 2);7
0.7981867873410141;(93, 2);8
0.1919327864472368;(93, 2);9
0.26894142136999516;(93, 3);0
0.5312093733737563;(93, 3);1
0.4378234991142019;(93, 3);2
0.43782348444346736;(93, 3);3
0.5;(93, 3);4
0.5312093733737563;(93, 3);5
0.5;(93, 3);6
0.39233683016710835;(93, 3);7
0.5621765008857981;(93, 3);8
0.22270014914315833;(93, 3);9
0.8807970779778824;(94, 0);0
0.21206882427645696;(94, 0);1
0.4378234991142019;(94, 0);2
0.8596637648915617;(94, 0);3
0.8354835289107309;(94, 0);4
0.8670357529306639;(94, 0);5
0.9241418199787564;(94, 0);6
0.8991213772699436;(94, 0);7
0.8872045996818985;(94, 0);8
0.8670357735451834;(94, 0);9
0.5621765008857981;(94, 1);0
0.5312093733737563;(94, 1);1
0.5312093733737563;(94, 1);2
0.5312093733737563;(94, 1);3
0.679178699175393;(94, 1);4
0.5;(94, 1);5
0.7310585786300049;(94, 1);6
0.7310585786300049;(94, 1);7
0.7310585786300049;(94, 1);8
0.43782349911420193;(94, 1);9
0.5467381519846138;(94, 2);0
0.6926419831347361;(94, 2);1
0.7549149868676283;(94, 2);2
0.6791787121629465;(94, 2);3
0.45326184801538616;(94, 2);4
0.6224593452091672;(94, 2);5
0.7057850278370112;(94, 2);6
0.5;(94, 2);7
0.5;(94, 2);8
0.5926665999540698;(94, 2);9
0.5926665855647394;(94, 3);0
0.5312093733737563;(94, 3);1
0.6224593312018546;(94, 3);2
0.5312093733737562;(94, 3);3
0.6224593452091672;(94, 3);4
0.5;(94, 3);5
0.5;(94, 3);6
0.6224593312018546;(94, 3);7
0.5926665999540697;(94, 3);8
0.4073334000459302;(94, 3);9
0.9399133531922388;(85, 0);0
0.8438950947024555;(85, 0);1
0.8991213826762113;(85, 0);2
0.8740772482857833;(85, 0);3
0.787931215562245;(85, 0);4
0.9496693631290971;(85, 0);5
0.8807970654616711;(85, 0);6
0.867035752930664;(85, 0);7
0.899121388082479;(85, 0);8
0.8872045937171068;(85, 0);9
0.7431680199891789;(85, 1);0
0.7310585786300049;(85, 1);1
0.7549149868676284;(85, 1);2
0.7879311956428946;(85, 1);3
0.7549149978955811;(85, 1);4
0.7772998611746911;(85, 1);5
0.7879312155622449;(85, 1);6
0.5621765008857982;(85, 1);7
0.8354835452961425;(85, 1);8
0.7185943925708561;(85, 1);9
0.665410558746814;(85, 2);0
0.7549149868676283;(85, 2);1
0.8438951025545427;(85, 2);2
0.7057850278370112;(85, 2);3
0.8438951025545426;(85, 2);4
0.6654105454764747;(85, 2);5
0.6791787121629466;(85, 2);6
0.7772998714925403;(85, 2);7
0.6513548646660542;(85, 2);8
0.679178686187839;(85, 2);9
0.7057850278370112;(85, 3);0
0.7057850278370112;(85, 3);1
0.7310585786300048;(85, 3);2
0.6513548646660543;(85, 3);3
0.7549149978955811;(85, 3);4
0.7310585786300048;(85, 3);5
0.6224593312018546;(85, 3);6
0.679178699175393;(85, 3);7
0.8267118026095991;(85, 3);8
0.6224593312018545;(85, 3);9
0.34864513533394575;(86, 0);0
0.39233683016710835;(86, 0);1
0.731058578630005;(86, 0);2
0.37754066879814546;(86, 0);3
0.7981867777396212;(86, 0);4
0.754914997895581;(86, 0);5
0.6513548646660542;(86, 0);6
0.8933094145755218;(86, 0);7
0.32082131381216084;(86, 0);8
0.2689414213699951;(86, 0);9
0.8354835371034368;(86, 1);0
0.6224593312018545;(86, 1);1
0.6791787121629466;(86, 1);2
0.7981867777396212;(86, 1);3
0.7431680086124812;(86, 1);4
0.6791786861878392;(86, 1);5
0.7310585786300049;(86, 1);6
0.4378234991142019;(86, 1);7
0.5312093733737562;(86, 1);8
0.4378234991142019;(86, 1);9
0.914900950352329;(86, 2);0
0.8267117940706735;(86, 2);1
0.9433475810629194;(86, 2);2
0.867035752930664;(86, 2);3
0.8438951182587158;(86, 2);4
0.851952809486198;(86, 2);5
0.9324533032291501;(86, 2);6
0.9284088005554476;(86, 2);7
0.8991213718636754;(86, 2);8
0.8872045937171067;(86, 2);9
0.4687906266262437;(86, 3);0
0.6224593312018546;(86, 3);1
0.5312093733737563;(86, 3);2
0.34864513533394575;(86, 3);3
0.679178699175393;(86, 3);4
0.6513548782017745;(86, 3);5
0.43782349911420193;(86, 3);6
0.5621765008857982;(86, 3);7
0.7310585786300048;(86, 3);8
0.46879062662624377;(86, 3);9
0.3775406687981454;(87, 0);0
0.3629692055196168;(87, 0);1
0.665410558746814;(87, 0);2
0.5;(87, 0);3
0.5621765008857981;(87, 0);4
0.7772998818103892;(87, 0);5
0.6513548646660543;(87, 0);6
0.851952809486198;(87, 0);7
0.43782349911420193;(87, 0);8
0.665410558746814;(87, 0);9
0.8991213826762113;(87, 1);0
0.4073334000459302;(87, 1);1
0.3629692055196168;(87, 1);2
0.3073580295544412;(87, 1);3
0.5621765008857982;(87, 1);4
0.2568319913875189;(87, 1);5
0.6513548646660542;(87, 1);6
0.808067204308405;(87, 1);7
0.7185943925708562;(87, 1);8
0.5621765008857981;(87, 1);9
0.42250463481418826;(87, 2);0
0.28140563153522874;(87, 2);1
0.5312093733737562;(87, 2);2
0.4378234991142019;(87, 2);3
0.7431680086124811;(87, 2);4
0.8267118026095991;(87, 2);5
0.7772998714925402;(87, 2);6
0.743167997235783;(87, 2);7
0.320821300824607;(87, 2);8
0.40733340004593027;(87, 2);9
0.4378234991142018;(87, 3);0
0.5926665999540698;(87, 3);1
0.5312093733737563;(87, 3);2
0.3775406687981454;(87, 3);3
0.5312093733737563;(87, 3);4
0.8175744761936437;(87, 3);5
0.5;(87, 3);6
0.334589441253186;(87, 3);7
0.3923368301671084;(87, 3);8
0.3775406687981455;(87, 3);9
0.08509904500702024;(88, 0);0
0.37754066879814546;(88, 0);1
0.4073334000459302;(88, 0);2
0.21206880435710532;(88, 0);3
0.37754066879814546;(88, 0);4
0.6513548511303336;(88, 0);5
0.5621765008857982;(88, 0);6
0.320821300824607;(88, 0);7
0.3775406687981454;(88, 0);8
0.24508502416032488;(88, 0);9
0.8807970842359876;(88, 1);0
0.8267117855317474;(88, 1);1
0.8872045817875224;(88, 1);2
0.8267118026095991;(88, 1);3
0.8267117855317473;(88, 1);4
0.8354835452961425;(88, 1);5
0.34864516240538707;(88, 1);6
0.7662936430859596;(88, 1);7
0.7662936430859597;(88, 1);8
0.8175744761936438;(88, 1);9
0.3486451488696663;(88, 2);0
0.43782349911420193;(88, 2);1
0.34864513533394575;(88, 2);2
0.4687906266262437;(88, 2);3
0.4073334000459302;(88, 2);4
0.37754066879814546;(88, 2);5
0.5;(88, 2);6
0.3775406828054583;(88, 2);7
0.531209388216861;(88, 2);8
0.4378234991142019;(88, 2);9
0.5;(88, 3);0
0.5;(88, 3);1
0.4073334000459302;(88, 3);2
0.679178699175393;(88, 3);3
0.46879062662624377;(88, 3);4
0.5;(88, 3);5
0.6224593312018545;(88, 3);6
0.5;(88, 3);7
0.3486451353339457;(88, 3);8
0.24508502416032485;(88, 3);9
0.2450850131323717;(89, 0);0
0.7662936430859597;(89, 0);1
0.5621765008857981;(89, 0);2
0.7772998611746911;(89, 0);3
0.8596637648915616;(89, 0);4
0.320821300824607;(89, 0);5
0.37754066879814546;(89, 0);6
0.8933094003735664;(89, 0);7
0.6513548646660542;(89, 0);8
0.808067204308405;(89, 0);9
0.546738151984614;(89, 1);0
0.4687906266262437;(89, 1);1
0.7549149868676283;(89, 1);2
0.5;(89, 1);3
0.4378234991142019;(89, 1);4
0.679178699175393;(89, 1);5
0.5621765008857981;(89, 1);6
0.46879062662624377;(89, 1);7
0.4687906266262437;(89, 1);8
0.5621765008857981;(89, 1);9
0.5;(89, 2);0
0.5926665855647395;(89, 2);1
0.5;(89, 2);2
0.5926665999540698;(89, 2);3
0.20181322226037882;(89, 2);4
0.40733340004593027;(89, 2);5
0.6370308082623216;(89, 2);6
0.5312093882168609;(89, 2);7
0.3486451353339458;(89, 2);8
0.3775406687981454;(89, 2);9
0.8519528170040853;(89, 3);0
0.893309411735131;(89, 3);1
0.7981867777396211;(89, 3);2
0.914900950352329;(89, 3);3
0.8519528019683106;(89, 3);4
0.8080672135527632;(89, 3);5
0.7879312056025699;(89, 3);6
0.7310585903489891;(89, 3);7
0.9099070158103777;(89, 3);8
0.8933094174159129;(89, 3);9
0.9046505299595162;(95, 0);0
0.88720460564669;(95, 0);1
0.9149009596336303;(95, 0);2
0.8438951182587158;(95, 0);3
0.1403362422992606;(95, 0);4
0.8080672227971211;(95, 0);5
0.8175744584140003;(95, 0);6
0.8438951025545426;(95, 0);7
0.8596637469145054;(95, 0);8
0.7431680199891789;(95, 0);9
0.5926665999540698;(95, 1);0
0.7431680086124811;(95, 1);1
0.7981867777396212;(95, 1);2
0.5467381519846138;(95, 1);3
0.43782349911420193;(95, 1);4
0.46879062662624377;(95, 1);5
0.3486451353339458;(95, 1);6
0.6513548646660542;(95, 1);7
0.7057850154599562;(95, 1);8
0.5621765008857982;(95, 1);9
0.5467381519846138;(95, 2);0
0.9099070060380481;(95, 2);1
0.8438951104066293;(95, 2);2
0.5621765008857981;(95, 2);3
0.9399133531922388;(95, 2);4
0.8080672227971211;(95, 2);5
0.743168019989179;(95, 2);6
0.9284088084787998;(95, 2);7
0.5621765008857981;(95, 2);8
0.8080672227971212;(95, 2);9
0.5926666143433998;(95, 3);0
0.8354835452961425;(95, 3);1
0.6513548782017745;(95, 3);2
0.4073334000459302;(95, 3);3
0.7057850278370112;(95, 3);4
0.679178699175393;(95, 3);5
0.8267118026095992;(95, 3);6
0.7772998714925403;(95, 3);7
0.7772998714925403;(95, 3);8
0.5621765008857981;(95, 3);9
0.7310585786300049;(96, 0);0
0.7879312056025699;(96, 0);1
0.6513548646660543;(96, 0);2
0.679178699175393;(96, 0);3
0.6224593171945417;(96, 0);4
0.7662936324115011;(96, 0);5
0.7772998714925403;(96, 0);6
0.5621765008857982;(96, 0);7
0.7431680086124812;(96, 0);8
0.37754066879814546;(96, 0);9
0.6224593452091672;(96, 1);0
0.5;(96, 1);1
0.5312093733737563;(96, 1);2
0.8519527944504227;(96, 1);3
0.6791786861878392;(96, 1);4
0.5312093733737563;(96, 1);5
0.7310585903489891;(96, 1);6
0.7310585903489892;(96, 1);7
0.320821300824607;(96, 1);8
0.6654105454764746;(96, 1);9
0.6926419831347362;(96, 2);0
0.5312093733737563;(96, 2);1
0.8438950947024556;(96, 2);2
0.37754066879814546;(96, 2);3
0.43782349911420193;(96, 2);4
0.4073334000459302;(96, 2);5
0.5621765008857981;(96, 2);6
0.3486451353339458;(96, 2);7
0.6513548511303336;(96, 2);8
0.34864513533394575;(96, 2);9
0.5312093733737563;(96, 3);0
0.320821300824607;(96, 3);1
0.4378234991142019;(96, 3);2
0.29421494740887966;(96, 3);3
0.20181322226037884;(96, 3);4
0.2450850131323717;(96, 3);5
0.28140560742914383;(96, 3);6
0.5926665999540698;(96, 3);7
0.33458944125318596;(96, 3);8
0.2227001388253088;(96, 3);9
0.4687906266262437;(97, 0);0
0.7310585786300049;(97, 0);1
0.6791787121629465;(97, 0);2
0.5926666143434;(97, 0);3
0.7057850154599563;(97, 0);4
0.6791787121629465;(97, 0);5
0.7310585786300049;(97, 0);6
0.5;(97, 0);7
0.5926665999540698;(97, 0);8
0.5926665999540698;(97, 0);9
0.835483553488848;(97, 1);0
0.679178699175393;(97, 1);1
0.40733340004593027;(97, 1);2
0.8740772351648677;(97, 1);3
0.6513548646660542;(97, 1);4
0.5;(97, 1);5
0.7549149868676284;(97, 1);6
0.5312093733737562;(97, 1);7
0.7057850278370112;(97, 1);8
0.6791786861878392;(97, 1);9
0.919642533380189;(97, 2);0
0.8519528170040852;(97, 2);1
0.7879312056025699;(97, 2);2
0.7981867585368343;(97, 2);3
0.8519528019683106;(97, 2);4
0.8807970779778824;(97, 2);5
0.9362850128595114;(97, 2);6
0.8354835371034368;(97, 2);7
0.5312093733737562;(97, 2);8
0.8933093946927838;(97, 2);9
0.6224593312018545;(97, 3);0
0.5;(97, 3);1
0.5;(97, 3);2
0.5;(97, 3);3
0.743168019989179;(97, 3);4
0.6513548646660542;(97, 3);5
0.679178699175393;(97, 3);6
0.4687906266262437;(97, 3);7
0.5926665999540698;(97, 3);8
0.5926665855647395;(97, 3);9
0.4378234991142019;(98, 0);0
0.36296920551961676;(98, 0);1
0.3923368301671084;(98, 0);2
0.6224593312018545;(98, 0);3
0.30735801686526387;(98, 0);4
0.5621765008857982;(98, 0);5
0.6224593171945416;(98, 0);6
0.5621765008857981;(98, 0);7
0.5;(98, 0);8
0.6224593312018545;(98, 0);9
0.8596637397236823;(98, 1);0
0.7057850278370112;(98, 1);1
0.8519528170040852;(98, 1);2
0.7549149868676283;(98, 1);3
0.7879312056025699;(98, 1);4
0.8438951104066293;(98, 1);5
0.7981867585368343;(98, 1);6
0.7549149868676283;(98, 1);7
0.8596637648915617;(98, 1);8
0.8354835289107307;(98, 1);9
0.6513548782017745;(98, 2);0
0.7549149868676283;(98, 2);1
0.3486451353339458;(98, 2);2
0.7879311956428946;(98, 2);3
0.5312093733737563;(98, 2);4
0.6654105587468141;(98, 2);5
0.6791786991753929;(98, 2);6
0.679178699175393;(98, 2);7
0.6224593452091672;(98, 2);8
0.46879062662624377;(98, 2);9
0.2942149597859341;(98, 3);0
0.5621765008857982;(98, 3);1
0.7310585903489892;(98, 3);2
0.6791787121629465;(98, 3);3
0.34864514886966624;(98, 3);4
0.5312093733737563;(98, 3);5
0.6224593312018546;(98, 3);6
0.7772998611746912;(98, 3);7
0.320821300824607;(98, 3);8
0.43782348444346736;(98, 3);9
0.8740772286044095;(99, 0);0
0.9284087965937711;(99, 0);1
0.8354835452961427;(99, 0);2
0.9284087926320945;(99, 0);3
0.8933094060543488;(99, 0);4
0.9196425355825848;(99, 0);5
0.9284088045171238;(99, 0);6
0.8740772482857831;(99, 0);7
0.8740772351648678;(99, 0);8
0.8991213772699435;(99, 0);9
0.6791787121629466;(99, 1);0
0.7185943925708562;(99, 1);1
0.8080672135527631;(99, 1);2
0.8080672135527632;(99, 1);3
0.7185944046238982;(99, 1);4
0.8267117940706734;(99, 1);5
0.7981867777396211;(99, 1);6
0.7772998611746912;(99, 1);7
0.8175744850834649;(99, 1);8
0.7549149978955811;(99, 1);9
0.7981867777396211;(99, 2);0
0.7772998611746912;(99, 2);1
0.7057850278370111;(99, 2);2
0.8991213718636754;(99, 2);3
0.7772998508568416;(99, 2);4
0.8354835289107307;(99, 2);5
0.5312093733737563;(99, 2);6
0.8080672135527632;(99, 2);7
0.5312093733737563;(99, 2);8
0.8354835452961425;(99, 2);9
0.4687906266262437;(99, 3);0
0.8438951025545426;(99, 3);1
0.7549149868676284;(99, 3);2
0.5621765008857982;(99, 3);3
0.7057850278370111;(99, 3);4
0.835483553488848;(99, 3);5
0.754914975839675;(99, 3);6
0.6224593452091672;(99, 3);7
0.679178699175393;(99, 3);8
0.679178699175393;(99, 3);9
0.8740772286044095;(100, 0);0
0.8670357598021707;(100, 0);1
0.7772998611746912;(100, 0);2
0.8670357598021707;(100, 0);3
0.8175744939732856;(100, 0);4
0.8807970842359877;(100, 0);5
0.8438951104066293;(100, 0);6
0.8175744761936437;(100, 0);7
0.8519527869325345;(100, 0);8
0.8670357598021708;(100, 0);9
0.7310585669110202;(100, 1);0
0.6513548646660543;(100, 1);1
0.5621765008857981;(100, 1);2
0.679178699175393;(100, 1);3
0.1259227582746744;(100, 1);4
0.5621765008857981;(100, 1);5
0.7310585669110203;(100, 1);6
0.7185943925708561;(100, 1);7
0.743167997235783;(100, 1);8
0.6513548646660542;(100, 1);9
0.7549149978955811;(100, 2);0
0.7879311856832191;(100, 2);1
0.6224593452091672;(100, 2);2
0.7057850278370112;(100, 2);3
0.798186768138228;(100, 2);4
0.679178699175393;(100, 2);5
0.766293653760418;(100, 2);6
0.5621765008857982;(100, 2);7
0.7057850278370112;(100, 2);8
0.7057850154599562;(100, 2);9
0.6513548646660543;(100, 3);0
0.5926665999540697;(100, 3);1
0.7879312056025699;(100, 3);2
0.7057850278370112;(100, 3);3
0.7310585786300049;(100, 3);4
0.5926665999540698;(100, 3);5
0.5;(100, 3);6
0.743167997235783;(100, 3);7
0.5621765008857982;(100, 3);8
0.7057850154599562;(100, 3);9
0.5312093733737563;(101, 0);0
0.679178699175393;(101, 0);1
0.6791787121629466;(101, 0);2
0.34864516240538707;(101, 0);3
0.6224593312018546;(101, 0);4
0.7057850278370111;(101, 0);5
0.5926665999540697;(101, 0);6
0.5;(101, 0);7
0.5621765008857982;(101, 0);8
0.46879062662624377;(101, 0);9
0.37754066879814546;(101, 1);0
0.6513548646660543;(101, 1);1
0.46879062662624377;(101, 1);2
0.5926665999540698;(101, 1);3
0.5312093733737562;(101, 1);4
0.7310585669110202;(101, 1);5
0.6076631698328916;(101, 1);6
0.5312093585306515;(101, 1);7
0.33458944125318596;(101, 1);8
0.4073334000459302;(101, 1);9
0.705785040214066;(101, 2);0
0.6224593312018546;(101, 2);1
0.4378234991142019;(101, 2);2
0.6224593312018545;(101, 2);3
0.34864513533394575;(101, 2);4
0.6224593312018546;(101, 2);5
0.43782349911420193;(101, 2);6
0.2689414213699951;(101, 2);7
0.5;(101, 2);8
0.5312093733737563;(101, 2);9
0.8438951182587158;(101, 3);0
0.9324533126145178;(101, 3);1
0.8670357666736772;(101, 3);2
0.8740772220439509;(101, 3);3
0.8596637648915616;(101, 3);4
0.8438951104066293;(101, 3);5
0.8670357529306639;(101, 3);6
0.8933094174159129;(101, 3);7
0.8872045996818986;(101, 3);8
0.8519527869325346;(101, 3);9
0.8267117940706733;(102, 0);0
0.8991213826762113;(102, 0);1
0.8670357666736772;(102, 0);2
0.9525741268224333;(102, 0);3
0.9046505351008906;(102, 0);4
0.8354835371034368;(102, 0);5
0.8438951182587158;(102, 0);6
0.8807970842359877;(102, 0);7
0.880797071719777;(102, 0);8
0.8596637648915617;(102, 0);9
0.7185943925708561;(102, 1);0
0.7310585669110203;(102, 1);1
0.8991213880824791;(102, 1);2
0.8080672135527632;(102, 1);3
0.798186768138228;(102, 1);4
0.7662936324115012;(102, 1);5
0.9046505248181417;(102, 1);6
0.8267117940706734;(102, 1);7
0.7662936430859597;(102, 1);8
0.7662936324115011;(102, 1);9
0.5621765008857982;(102, 2);0
0.7310585786300049;(102, 2);1
0.665410572017153;(102, 2);2
0.679178699175393;(102, 2);3
0.8175744761936437;(102, 2);4
0.6791787121629466;(102, 2);5
0.6224593312018546;(102, 2);6
0.5312093733737562;(102, 2);7
0.8354835411997897;(102, 2);8
0.7772998611746912;(102, 2);9
0.5;(102, 3);0
0.7662936537604181;(102, 3);1
0.6224593312018545;(102, 3);2
0.6513548511303338;(102, 3);3
0.7057850278370112;(102, 3);4
0.7981867777396212;(102, 3);5
0.880797071719777;(102, 3);6
0.5312093733737563;(102, 3);7
0.8354835452961427;(102, 3);8
0.7431680086124811;(102, 3);9
0.7981867969424066;(103, 0);0
0.5926665999540698;(103, 0);1
0.7057850278370112;(103, 0);2
0.6513548646660542;(103, 0);3
0.6513548646660542;(103, 0);4
0.7057850402140659;(103, 0);5
0.2942149721629888;(103, 0);6
0.679178699175393;(103, 0);7
0.6513548646660542;(103, 0);8
0.5;(103, 0);9
0.6224593171945416;(103, 1);0
0.766293632411501;(103, 1);1
0.6513548646660542;(103, 1);2
0.679178699175393;(103, 1);3
0.6224593312018546;(103, 1);4
0.8175744761936437;(103, 1);5
0.6224593312018546;(103, 1);6
0.5926665999540698;(103, 1);7
0.7772998611746912;(103, 1);8
0.6224593171945417;(103, 1);9
0.7879311956428947;(103, 2);0
0.679178686187839;(103, 2);1
0.5621765008857981;(103, 2);2
0.6513548646660543;(103, 2);3
0.6513548646660542;(103, 2);4
0.8080672135527632;(103, 2);5
0.4378234844434674;(103, 2);6
0.7772998611746912;(103, 2);7
0.34864513533394575;(103, 2);8
0.835483553488848;(103, 2);9
0.8807970654616711;(103, 3);0
0.8740772417253256;(103, 3);1
0.8519528019683105;(103, 3);2
0.9324533088603709;(103, 3);3
0.8080672135527632;(103, 3);4
0.7185943805178139;(103, 3);5
0.8438951025545426;(103, 3);6
0.8933094117351309;(103, 3);7
0.8175744939732856;(103, 3);8
0.8991213718636752;(103, 3);9
0.29421497216298875;(104, 0);0
0.6224593312018546;(104, 0);1
0.5926665999540698;(104, 0);2
0.22270013882530887;(104, 0);3
0.4687906266262437;(104, 0);4
0.5621765008857981;(104, 0);5
0.320821300824607;(104, 0);6
0.6224593312018545;(104, 0);7
0.679178699175393;(104, 0);8
0.5;(104, 0);9
0.8267118111485244;(104, 1);0
0.8267118026095991;(104, 1);1
0.8596637505099168;(104, 1);2
0.7310585903489892;(104, 1);3
0.867035752930664;(104, 1);4
0.8354835289107307;(104, 1);5
0.7879311956428947;(104, 1);6
0.9241418158002492;(104, 1);7
0.9099070060380482;(104, 1);8
0.8872045937171067;(104, 1);9
0.6791786861878392;(104, 2);0
0.5621765008857981;(104, 2);1
0.34864513533394575;(104, 2);2
0.5621765008857982;(104, 2);3
0.6224593171945417;(104, 2);4
0.5926665999540698;(104, 2);5
0.6791786861878392;(104, 2);6
0.5926666143434;(104, 2);7
0.6513548646660543;(104, 2);8
0.7549149978955811;(104, 2);9
0.6076631698328916;(104, 3);0
0.4073334000459302;(104, 3);1
0.5;(104, 3);2
0.15610491314963193;(104, 3);3
0.6513548782017745;(104, 3);4
0.5926665999540698;(104, 3);5
0.6224593312018546;(104, 3);6
0.5621765008857982;(104, 3);7
0.5926665999540698;(104, 3);8
0.5312093733737563;(104, 3);9
0.4687906266262437;(110, 0);0
0.5;(110, 0);1
0.5926665999540698;(110, 0);2
0.6224593312018545;(110, 0);3
0.40733340004593027;(110, 0);4
0.6513548511303338;(110, 0);5
0.5926665999540697;(110, 0);6
0.3775406687981454;(110, 0);7
0.46879062662624377;(110, 0);8
0.46879062662624377;(110, 0);9
0.5621765008857981;(110, 1);0
0.5621765008857982;(110, 1);1
0.6926419831347361;(110, 1);2
0.679178686187839;(110, 1);3
0.705785040214066;(110, 1);4
0.7310585786300048;(110, 1);5
0.7185943925708562;(110, 1);6
0.679178699175393;(110, 1);7
0.4378234991142019;(110, 1);8
0.6654105454764746;(110, 1);9
0.7981867681382279;(110, 2);0
0.8080672135527631;(110, 2);1
0.8267117940706734;(110, 2);2
0.705785040214066;(110, 2);3
0.7310585786300049;(110, 2);4
0.7549149978955811;(110, 2);5
0.8080672135527632;(110, 2);6
0.7185943805178138;(110, 2);7
0.7057850278370112;(110, 2);8
0.7549149978955811;(110, 2);9
0.5;(110, 3);0
0.45326184801538616;(110, 3);1
0.6224593171945416;(110, 3);2
0.4073334144352605;(110, 3);3
0.7772998611746912;(110, 3);4
0.5;(110, 3);5
0.4378234991142019;(110, 3);6
0.5312093733737563;(110, 3);7
0.5312093733737563;(110, 3);8
0.5621765008857981;(110, 3);9
0.46879062662624377;(111, 0);0
0.46879062662624377;(111, 0);1
0.5312093733737562;(111, 0);2
0.1824255326961778;(111, 0);3
0.3486451488696663;(111, 0);4
0.4378234991142019;(111, 0);5
0.05033062689957593;(111, 0);6
0.40733341443526055;(111, 0);7
0.5621765008857981;(111, 0);8
0.5926665855647395;(111, 0);9
0.7057850278370112;(111, 1);0
0.7185943925708561;(111, 1);1
0.6926419831347362;(111, 1);2
0.546738151984614;(111, 1);3
0.6791786991753931;(111, 1);4
0.8740772351648676;(111, 1);5
0.7662936430859597;(111, 1);6
0.7772998611746912;(111, 1);7
0.7981867777396212;(111, 1);8
0.8354835207180245;(111, 1);9
0.43782351378493656;(111, 2);0
0.6224593452091673;(111, 2);1
0.5621765008857981;(111, 2);2
0.3486451488696663;(111, 2);3
0.5621765008857982;(111, 2);4
0.5926665999540698;(111, 2);5
0.5926665999540698;(111, 2);6
0.4687906266262438;(111, 2);7
0.7185943805178138;(111, 2);8
0.29421497216298875;(111, 2);9
0.5621765008857982;(111, 3);0
0.5312093733737562;(111, 3);1
0.40733340004593027;(111, 3);2
0.22270013882530884;(111, 3);3
0.4378234991142019;(111, 3);4
0.3775406687981454;(111, 3);5
0.5312093733737562;(111, 3);6
0.2942149597859341;(111, 3);7
0.34864513533394575;(111, 3);8
0.43782349911420193;(111, 3);9
0.8354835452961425;(112, 0);0
0.29421498454004374;(112, 0);1
0.6513548646660542;(112, 0);2
0.5926665999540698;(112, 0);3
0.5621765008857982;(112, 0);4
0.7185944046238981;(112, 0);5
0.6224593312018546;(112, 0);6
0.43782349911420193;(112, 0);7
0.4378234991142019;(112, 0);8
0.5312093733737563;(112, 0);9
0.7057850278370111;(112, 1);0
0.6224593312018546;(112, 1);1
0.7549149868676283;(112, 1);2
0.7549149868676283;(112, 1);3
0.7057850154599563;(112, 1);4
0.6224593452091673;(112, 1);5
0.7057850278370112;(112, 1);6
0.4687906266262437;(112, 1);7
0.6791787121629465;(112, 1);8
0.5926665999540698;(112, 1);9
0.5;(112, 2);0
0.8354835371034369;(112, 2);1
0.7981867585368343;(112, 2);2
0.3775406687981454;(112, 2);3
0.4687906266262437;(112, 2);4
0.5312093733737563;(112, 2);5
0.5621765008857981;(112, 2);6
0.7310585669110203;(112, 2);7
0.5926666143434;(112, 2);8
0.5621765008857982;(112, 2);9
0.893309411735131;(112, 3);0
0.9149009549929799;(112, 3);1
0.8991213772699436;(112, 3);2
0.9149009596336303;(112, 3);3
0.9196425311777929;(112, 3);4
0.8933094060543489;(112, 3);5
0.8354835452961425;(112, 3);6
0.8438951025545425;(112, 3);7
0.8872045937171068;(112, 3);8
0.8933094003735665;(112, 3);9
0.5621765008857982;(113, 0);0
0.705785040214066;(113, 0);1
0.7431680086124812;(113, 0);2
0.7549149868676283;(113, 0);3
0.6513548646660543;(113, 0);4
0.34864510826250544;(113, 0);5
0.42250463481418826;(113, 0);6
0.6513548646660542;(113, 0);7
0.6513548646660543;(113, 0);8
0.46879062662624377;(113, 0);9
0.7662936324115011;(113, 1);0
0.7981867585368344;(113, 1);1
0.7772998818103892;(113, 1);2
0.743168019989179;(113, 1);3
0.8670357701094303;(113, 1);4
0.8267118026095991;(113, 1);5
0.7772998714925404;(113, 1);6
0.7772998714925403;(113, 1);7
0.8740772220439509;(113, 1);8
0.78793120560257;(113, 1);9
0.46879062662624377;(113, 2);0
0.5;(113, 2);1
0.5621765008857981;(113, 2);2
0.5;(113, 2);3
0.7310585786300048;(113, 2);4
0.5621765008857981;(113, 2);5
0.4687906266262437;(113, 2);6
0.4378234991142019;(113, 2);7
0.34864513533394575;(113, 2);8
0.4073334000459303;(113, 2);9
0.4687906266262437;(113, 3);0
0.46879062662624377;(113, 3);1
0.5312093733737563;(113, 3);2
0.5621765008857981;(113, 3);3
0.5;(113, 3);4
0.6224593312018546;(113, 3);5
0.5621765008857981;(113, 3);6
0.6224593312018546;(113, 3);7
0.22270013882530887;(113, 3);8
0.5926665855647394;(113, 3);9
0.5926665855647395;(114, 0);0
0.5926665855647395;(114, 0);1
0.6791786861878392;(114, 0);2
0.6513548782017746;(114, 0);3
0.7310585786300048;(114, 0);4
0.743168019989179;(114, 0);5
0.5926665999540697;(114, 0);6
0.754914975839675;(114, 0);7
0.5926665999540698;(114, 0);8
0.5621765008857981;(114, 0);9
0.5312093733737563;(114, 1);0
0.6513548646660543;(114, 1);1
0.4073334000459302;(114, 1);2
0.705785040214066;(114, 1);3
0.679178699175393;(114, 1);4
0.6791787121629466;(114, 1);5
0.7549149978955811;(114, 1);6
0.7310585786300048;(114, 1);7
0.7057850154599562;(114, 1);8
0.7057850278370112;(114, 1);9
0.6224593312018546;(114, 2);0
0.33458944125318596;(114, 2);1
0.7057850278370112;(114, 2);2
0.6224593452091672;(114, 2);3
0.6224593312018546;(114, 2);4
0.5621765008857981;(114, 2);5
0.7431680199891789;(114, 2);6
0.34864513533394575;(114, 2);7
0.6224593312018546;(114, 2);8
0.6224593312018546;(114, 2);9
0.8596637577007394;(114, 3);0
0.7310585786300049;(114, 3);1
0.919642526773001;(114, 3);2
0.8991213853793453;(114, 3);3
0.8438951025545426;(114, 3);4
0.8670357460591569;(114, 3);5
0.8670357598021707;(114, 3);6
0.8080671950640465;(114, 3);7
0.6791786861878392;(114, 3);8
0.8175744761936437;(114, 3);9
0.6513548646660542;(105, 0);0
0.5621765008857981;(105, 0);1
0.37754066879814546;(105, 0);2
0.40733340004593027;(105, 0);3
0.4073334000459302;(105, 0);4
0.46879062662624377;(105, 0);5
0.46879062662624377;(105, 0);6
0.46879062662624377;(105, 0);7
0.5312093733737563;(105, 0);8
0.5621765008857981;(105, 0);9
0.880797071719777;(105, 1);0
0.4687906266262437;(105, 1);1
0.320821326799715;(105, 1);2
0.8175744673038221;(105, 1);3
0.2568319686341235;(105, 1);4
0.8267118111485244;(105, 1);5
0.5;(105, 1);6
0.7310585669110202;(105, 1);7
0.8354835452961425;(105, 1);8
0.8438951104066293;(105, 1);9
0.320821300824607;(105, 2);0
0.3775406687981454;(105, 2);1
0.4687906266262437;(105, 2);2
0.40733340004593027;(105, 2);3
0.34864513533394575;(105, 2);4
0.40733340004593027;(105, 2);5
0.37754066879814546;(105, 2);6
0.3775406687981454;(105, 2);7
0.4378234991142018;(105, 2);8
0.23370635691404026;(105, 2);9
0.6224593312018545;(105, 3);0
0.6513548646660543;(105, 3);1
0.5312093733737562;(105, 3);2
0.6370307944803831;(105, 3);3
0.34864513533394575;(105, 3);4
0.2689414213699951;(105, 3);5
0.5926665999540697;(105, 3);6
0.2689414330889797;(105, 3);7
0.6224593312018546;(105, 3);8
0.37754066879814546;(105, 3);9
0.5926665999540697;(106, 0);0
0.4073334144352605;(106, 0);1
0.40733340004593016;(106, 0);2
0.3208213267997149;(106, 0);3
0.3775406687981454;(106, 0);4
0.4073334000459302;(106, 0);5
0.18242552380635635;(106, 0);6
0.5312093733737563;(106, 0);7
0.5;(106, 0);8
0.34864514886966624;(106, 0);9
0.46879062662624377;(106, 1);0
0.16451646289656316;(106, 1);1
0.2942149721629887;(106, 1);2
0.6791787121629466;(106, 1);3
0.6513548646660542;(106, 1);4
0.8175744761936437;(106, 1);5
0.665410558746814;(106, 1);6
0.1561048817412842;(106, 1);7
0.5;(106, 1);8
0.7310585669110202;(106, 1);9
0.2942149721629888;(106, 2);0
0.6513548646660543;(106, 2);1
0.334589441253186;(106, 2);2
0.1561049052975445;(106, 2);3
0.5312093733737563;(106, 2);4
0.48438008427698437;(106, 2);5
0.3486451353339457;(106, 2);6
0.1561048974454574;(106, 2);7
0.334589441253186;(106, 2);8
0.40733340004593027;(106, 2);9
0.5;(106, 3);0
0.1561048974454574;(106, 3);1
0.5;(106, 3);2
0.17328818885147554;(106, 3);3
0.4073334144352605;(106, 3);4
0.4225046348141883;(106, 3);5
0.3775406828054583;(106, 3);6
0.6513548646660542;(106, 3);7
0.14804719803168948;(106, 3);8
0.45326184801538616;(106, 3);9
0.6224593452091672;(107, 0);0
0.8740772351648677;(107, 0);1
0.8991213664574069;(107, 0);2
0.9196425399873764;(107, 0);3
0.9149009596336303;(107, 0);4
0.8175744850834648;(107, 0);5
0.8807970779778824;(107, 0);6
0.8740772482857834;(107, 0);7
0.8175744806385543;(107, 0);8
0.9241418199787564;(107, 0);9
0.5926666143433998;(107, 1);0
0.5621765008857981;(107, 1);1
0.5312093733737563;(107, 1);2
0.28140560742914383;(107, 1);3
0.7431680086124812;(107, 1);4
0.6926419704455588;(107, 1);5
0.5621765008857981;(107, 1);6
0.766293653760418;(107, 1);7
0.6513548782017745;(107, 1);8
0.7662936324115011;(107, 1);9
0.5312093733737563;(107, 2);0
0.5621765008857981;(107, 2);1
0.43782349911420193;(107, 2);2
0.30735801686526387;(107, 2);3
0.4687906266262437;(107, 2);4
0.6076631698328917;(107, 2);5
0.5;(107, 2);6
0.6224593452091672;(107, 2);7
0.4687906266262437;(107, 2);8
0.2450849910764664;(107, 2);9
0.5;(107, 3);0
0.5;(107, 3);1
0.4073334000459302;(107, 3);2
0.4073334000459302;(107, 3);3
0.348645162405387;(107, 3);4
0.6224593312018546;(107, 3);5
0.5;(107, 3);6
0.5926665999540697;(107, 3);7
0.2689414213699951;(107, 3);8
0.7057850278370112;(107, 3);9
0.22270014914315836;(108, 0);0
0.40733340004593016;(108, 0);1
0.4073334144352605;(108, 0);2
0.24508500210441891;(108, 0);3
0.4073334000459302;(108, 0);4
0.1066905996264336;(108, 0);5
0.5926665999540698;(108, 0);6
0.320821300824607;(108, 0);7
0.14804719803168945;(108, 0);8
0.46879062662624377;(108, 0);9
0.4073334000459302;(108, 1);0
0.5621765008857981;(108, 1);1
0.3486451217982255;(108, 1);2
0.34864513533394575;(108, 1);3
0.15610488959337065;(108, 1);4
0.6224593312018546;(108, 1);5
0.2942149721629888;(108, 1);6
0.679178699175393;(108, 1);7
0.43782349911420193;(108, 1);8
0.4073334000459302;(108, 1);9
0.28140560742914383;(108, 2);0
0.18242552380635635;(108, 2);1
0.46879062662624377;(108, 2);2
0.16451645470385745;(108, 2);3
0.32082131381216084;(108, 2);4
0.29421498454004374;(108, 2);5
0.5926665999540698;(108, 2);6
0.40733340004593027;(108, 2);7
0.29421495978593415;(108, 2);8
0.4687906266262438;(108, 2);9
0.7549149868676284;(108, 3);0
0.7662936430859598;(108, 3);1
0.7310585669110202;(108, 3);2
0.7310585786300049;(108, 3);3
0.6224593312018545;(108, 3);4
0.43782349911420193;(108, 3);5
0.7057850278370112;(108, 3);6
0.7057850525911202;(108, 3);7
0.6513548646660542;(108, 3);8
0.7431680199891789;(108, 3);9
0.9046505351008906;(109, 0);0
0.8596637577007393;(109, 0);1
0.8740772286044095;(109, 0);2
0.8519528019683105;(109, 0);3
0.9196425355825848;(109, 0);4
0.8670357529306639;(109, 0);5
0.8438951025545426;(109, 0);6
0.46879062662624377;(109, 0);7
0.78793120560257;(109, 0);8
0.8740772417253256;(109, 0);9
0.7549149868676284;(109, 1);0
0.7057850278370111;(109, 1);1
0.5312093733737563;(109, 1);2
0.679178699175393;(109, 1);3
0.6224593171945416;(109, 1);4
0.8596637505099167;(109, 1);5
0.5;(109, 1);6
0.6791786861878392;(109, 1);7
0.7057850154599562;(109, 1);8
0.6926419831347361;(109, 1);9
0.43782351378493645;(109, 2);0
0.7057850402140659;(109, 2);1
0.5926665999540697;(109, 2);2
0.6224593312018546;(109, 2);3
0.7310585786300048;(109, 2);4
0.7310585903489892;(109, 2);5
0.5774953651858118;(109, 2);6
0.6513548782017745;(109, 2);7
0.6224593171945417;(109, 2);8
0.7057850278370111;(109, 2);9
0.7549149758396752;(109, 3);0
0.5926665999540698;(109, 3);1
0.5312093733737562;(109, 3);2
0.6513548646660543;(109, 3);3
0.6791786991753931;(109, 3);4
0.6513548646660543;(109, 3);5
0.4687906266262437;(109, 3);6
0.5621764862150634;(109, 3);7
0.5621765008857981;(109, 3);8
0.46879062662624377;(109, 3);9
0.6791787121629466;(115, 0);0
0.679178699175393;(115, 0);1
0.3486451353339458;(115, 0);2
0.7879311956428947;(115, 0);3
0.5621765008857982;(115, 0);4
0.8267118111485244;(115, 0);5
0.3775406687981454;(115, 0);6
0.5926665999540698;(115, 0);7
0.7662936430859597;(115, 0);8
0.8080672227971212;(115, 0);9
0.7772998714925403;(115, 1);0
0.8438950947024555;(115, 1);1
0.826711776992821;(115, 1);2
0.8872045937171068;(115, 1);3
0.8670357529306639;(115, 1);4
0.7057850278370112;(115, 1);5
0.8670357460591568;(115, 1);6
0.8670357598021707;(115, 1);7
0.8519527869325345;(115, 1);8
0.8175744939732856;(115, 1);9
0.5;(115, 2);0
0.7981867969424067;(115, 2);1
0.5;(115, 2);2
0.5;(115, 2);3
0.5;(115, 2);4
0.6224593452091672;(115, 2);5
0.5926666143433998;(115, 2);6
0.6513548646660542;(115, 2);7
0.36296920551961676;(115, 2);8
0.6513548646660542;(115, 2);9
0.5312093733737563;(115, 3);0
0.6513548782017745;(115, 3);1
0.531209388216861;(115, 3);2
0.37754066879814546;(115, 3);3
0.5621764862150634;(115, 3);4
0.4073334000459302;(115, 3);5
0.40733340004593027;(115, 3);6
0.5621765155565326;(115, 3);7
0.7310585786300048;(115, 3);8
0.3486451217982255;(115, 3);9
0.40733340004593027;(116, 0);0
0.1561048974454574;(116, 0);1
0.40733340004593027;(116, 0);2
0.21206882427645696;(116, 0);3
0.6224593312018546;(116, 0);4
0.2942149474088797;(116, 0);5
0.4073334000459303;(116, 0);6
0.4073334000459302;(116, 0);7
0.5;(116, 0);8
0.12592276483513232;(116, 0);9
0.2337063569140403;(116, 1);0
0.1919327772028789;(116, 1);1
0.6513548782017745;(116, 1);2
0.6513548646660542;(116, 1);3
0.6224593312018546;(116, 1);4
0.5312093733737563;(116, 1);5
0.5621765008857981;(116, 1);6
0.5312093733737563;(116, 1);7
0.5312093733737563;(116, 1);8
0.6791786861878392;(116, 1);9
0.43782349911420193;(116, 2);0
0.17328820592932656;(116, 2);1
0.5;(116, 2);2
0.7185944166769398;(116, 2);3
0.4378234991142019;(116, 2);4
0.5312093733737563;(116, 2);5
0.320821300824607;(116, 2);6
0.3486451353339458;(116, 2);7
0.5621765155565326;(116, 2);8
0.25683196863412355;(116, 2);9
0.5926665999540698;(116, 3);0
0.743167997235783;(116, 3);1
0.7057850278370112;(116, 3);2
0.3208213008246071;(116, 3);3
0.29421497216298875;(116, 3);4
0.18242552380635635;(116, 3);5
0.5;(116, 3);6
0.7057850278370112;(116, 3);7
0.22270014914315836;(116, 3);8
0.8175744761936437;(116, 3);9
0.8670357666736772;(117, 0);0
0.8519528019683105;(117, 0);1
0.874077222043951;(117, 0);2
0.8080672135527631;(117, 0);3
0.7772998508568416;(117, 0);4
0.8267117940706734;(117, 0);5
0.7981867585368343;(117, 0);6
0.5926665999540698;(117, 0);7
0.8175744761936437;(117, 0);8
0.8991213880824789;(117, 0);9
0.5621765008857981;(117, 1);0
0.5621765008857981;(117, 1);1
0.808067204308405;(117, 1);2
0.5312093733737563;(117, 1);3
0.37754066879814546;(117, 1);4
0.7662936537604181;(117, 1);5
0.4073334000459302;(117, 1);6
0.5312093733737563;(117, 1);7
0.5621765008857981;(117, 1);8
0.5926665999540697;(117, 1);9
0.3775406547908327;(117, 2);0
0.6513548646660543;(117, 2);1
0.6224593312018545;(117, 2);2
0.43782349911420193;(117, 2);3
0.5926665999540698;(117, 2);4
0.6076631698328916;(117, 2);5
0.43782349911420193;(117, 2);6
0.4378234991142019;(117, 2);7
0.6224593171945416;(117, 2);8
0.3486451353339458;(117, 2);9
0.2689414096510108;(117, 3);0
0.5;(117, 3);1
0.5;(117, 3);2
0.4378234991142019;(117, 3);3
0.6513548511303338;(117, 3);4
0.4073333856566001;(117, 3);5
0.5;(117, 3);6
0.5;(117, 3);7
0.1645164710892692;(117, 3);8
0.34864513533394575;(117, 3);9
0.5621764862150634;(118, 0);0
0.7310585903489892;(118, 0);1
0.754914975839675;(118, 0);2
0.24508501313237174;(118, 0);3
0.8267117940706734;(118, 0);4
0.7772998508568416;(118, 0);5
0.679178699175393;(118, 0);6
0.46879062662624377;(118, 0);7
0.7431680086124812;(118, 0);8
0.9099070060380482;(118, 0);9
0.7057850154599562;(118, 1);0
0.8670357460591568;(118, 1);1
0.8080672135527632;(118, 1);2
0.6224593452091672;(118, 1);3
0.679178699175393;(118, 1);4
0.5312093733737563;(118, 1);5
0.7772998508568416;(118, 1);6
0.6513548511303338;(118, 1);7
0.7772998611746912;(118, 1);8
0.7185943925708562;(118, 1);9
0.8670357529306639;(118, 2);0
0.7057850278370111;(118, 2);1
0.7981867585368344;(118, 2);2
0.6224593312018546;(118, 2);3
0.4378234991142019;(118, 2);4
0.8080672135527631;(118, 2);5
0.7549149868676283;(118, 2);6
0.5312093733737562;(118, 2);7
0.754914997895581;(118, 2);8
0.7879311956428946;(118, 2);9
0.8596637505099167;(118, 3);0
0.8991213718636752;(118, 3);1
0.8267117940706734;(118, 3);2
0.8596637433190938;(118, 3);3
0.7879311956428947;(118, 3);4
0.8596637433190939;(118, 3);5
0.8596637397236823;(118, 3);6
0.8596637648915616;(118, 3);7
0.8519528019683105;(118, 3);8
0.8596637648915618;(118, 3);9
0.679178686187839;(119, 0);0
0.2450850131323717;(119, 0);1
0.4532618480153861;(119, 0);2
0.14033626387172932;(119, 0);3
0.7981867585368344;(119, 0);4
0.6791786861878392;(119, 0);5
0.7310585786300049;(119, 0);6
0.6513548646660542;(119, 0);7
0.7310585786300049;(119, 0);8
0.7310585786300049;(119, 0);9
0.8670357460591568;(119, 1);0
0.808067204308405;(119, 1);1
0.8354835289107307;(119, 1);2
0.8175744939732856;(119, 1);3
0.798186768138228;(119, 1);4
0.8519528094861981;(119, 1);5
0.8807970654616711;(119, 1);6
0.8872045877523148;(119, 1);7
0.8438951025545426;(119, 1);8
0.7981867873410141;(119, 1);9
0.5621765008857982;(119, 2);0
0.6513548646660542;(119, 2);1
0.7185944046238981;(119, 2);2
0.679178699175393;(119, 2);3
0.5;(119, 2);4
0.6513548511303336;(119, 2);5
0.6513548646660542;(119, 2);6
0.7879311956428947;(119, 2);7
0.5;(119, 2);8
0.7057850154599562;(119, 2);9
0.6224593171945416;(119, 3);0
0.7057850278370112;(119, 3);1
0.7431680086124811;(119, 3);2
0.6654105454764746;(119, 3);3
0.5312093733737563;(119, 3);4
0.5621765008857981;(119, 3);5
0.7057850154599562;(119, 3);6
0.4378234991142018;(119, 3);7
0.679178699175393;(119, 3);8
0.7057850278370112;(119, 3);9
0.11279541821247761;(125, 0);0
0.17328818885147554;(125, 0);1
0.4225046348141882;(125, 0);2
0.1066905996264336;(125, 0);3
0.24508502416032488;(125, 0);4
0.18242554158599958;(125, 0);5
0.24508501313237174;(125, 0);6
0.22270012850745968;(125, 0);7
0.20181322226037884;(125, 0);8
0.29421497216298875;(125, 0);9
0.7431680086124812;(125, 1);0
0.5621765008857981;(125, 1);1
0.5;(125, 1);2
0.43782349911420193;(125, 1);3
0.40733340004593027;(125, 1);4
0.5;(125, 1);5
0.40733340004593027;(125, 1);6
0.3775406687981454;(125, 1);7
0.22270013882530884;(125, 1);8
0.13296424019782924;(125, 1);9
0.787931175723543;(125, 2);0
0.8807970779778823;(125, 2);1
0.29421495978593404;(125, 2);2
0.6370307944803831;(125, 2);3
0.6926419831347361;(125, 2);4
0.5;(125, 2);5
0.7662936644348761;(125, 2);6
0.4378234991142019;(125, 2);7
0.18242552380635632;(125, 2);8
0.16451646289656316;(125, 2);9
0.7981867585368344;(125, 3);0
0.5621765155565326;(125, 3);1
0.11920290950590741;(125, 3);2
0.4687906266262437;(125, 3);3
0.665410572017153;(125, 3);4
0.32082131381216084;(125, 3);5
0.2450850131323717;(125, 3);6
0.25683199138751883;(125, 3);7
0.37754065479083276;(125, 3);8
0.1732882059293266;(125, 3);9
0.8807970654616711;(126, 0);0
0.8670357598021706;(126, 0);1
0.880797071719777;(126, 0);2
0.7981867777396212;(126, 0);3
0.8596637505099168;(126, 0);4
0.7772998508568416;(126, 0);5
0.8872045996818986;(126, 0);6
0.8933094060543488;(126, 0);7
0.8740772286044095;(126, 0);8
0.8670357598021707;(126, 0);9
0.5926665999540698;(126, 1);0
0.7431680086124811;(126, 1);1
0.7057850402140659;(126, 1);2
0.7431680086124811;(126, 1);3
0.665410558746814;(126, 1);4
0.8175744673038221;(126, 1);5
0.5312093733737563;(126, 1);6
0.7185943925708561;(126, 1);7
0.7662936430859597;(126, 1);8
0.679178699175393;(126, 1);9
0.7431680086124811;(126, 2);0
0.6926419831347361;(126, 2);1
0.679178699175393;(126, 2);2
0.6513548782017745;(126, 2);3
0.6513548646660543;(126, 2);4
0.7310585669110202;(126, 2);5
0.5312093733737562;(126, 2);6
0.7310585786300049;(126, 2);7
0.787931175723543;(126, 2);8
0.7057850154599562;(126, 2);9
0.6513548646660543;(126, 3);0
0.766293653760418;(126, 3);1
0.7310585786300049;(126, 3);2
0.5621765008857981;(126, 3);3
0.4378234991142019;(126, 3);4
0.7185944046238981;(126, 3);5
0.6370307944803831;(126, 3);6
0.6224593312018545;(126, 3);7
0.6926419831347361;(126, 3);8
0.6513548646660543;(126, 3);9
0.5312093733737563;(127, 0);0
0.5;(127, 0);1
0.43782349911420193;(127, 0);2
0.5621765008857982;(127, 0);3
0.679178699175393;(127, 0);4
0.37754066879814546;(127, 0);5
0.6513548646660542;(127, 0);6
0.4687906266262437;(127, 0);7
0.6513548511303336;(127, 0);8
0.8267118068790619;(127, 0);9
0.8670357666736772;(127, 1);0
0.22270011818961086;(127, 1);1
0.9196425355825847;(127, 1);2
0.8438951025545426;(127, 1);3
0.7981867585368344;(127, 1);4
0.7549149868676283;(127, 1);5
0.7662936430859597;(127, 1);6
0.8933093946927838;(127, 1);7
0.8438950947024555;(127, 1);8
0.7549149868676283;(127, 1);9
0.46879062662624377;(127, 2);0
0.5312093733737563;(127, 2);1
0.2689414330889797;(127, 2);2
0.43782349911420193;(127, 2);3
0.6791786991753929;(127, 2);4
0.23370637826295793;(127, 2);5
0.29421495978593404;(127, 2);6
0.7057850154599562;(127, 2);7
0.28140560742914383;(127, 2);8
0.25683199138751883;(127, 2);9
0.4378234991142019;(127, 3);0
0.5312093733737563;(127, 3);1
0.5926665999540697;(127, 3);2
0.5;(127, 3);3
0.46879062662624377;(127, 3);4
0.4378234991142019;(127, 3);5
0.4378234991142018;(127, 3);6
0.5926665999540698;(127, 3);7
0.25683199138751883;(127, 3);8
0.6513548646660543;(127, 3);9
0.8872045937171068;(128, 0);0
0.9149009457116781;(128, 0);1
0.9362849986365572;(128, 0);2
0.9241418241572634;(128, 0);3
0.9046505299595162;(128, 0);4
0.8438951025545426;(128, 0);5
0.798186768138228;(128, 0);6
0.8596637505099167;(128, 0);7
0.9324533032291502;(128, 0);8
0.8933094003735664;(128, 0);9
0.7772998714925403;(128, 1);0
0.5621765008857981;(128, 1);1
0.8175744761936437;(128, 1);2
0.7310585669110202;(128, 1);3
0.8438950868503682;(128, 1);4
0.7549149868676283;(128, 1);5
0.7981867777396212;(128, 1);6
0.8596637361282707;(128, 1);7
0.7772998818103892;(128, 1);8
0.8596637577007393;(128, 1);9
0.7981867777396211;(128, 2);0
0.7549149868676284;(128, 2);1
0.5;(128, 2);2
0.7772998611746911;(128, 2);3
0.7879311956428947;(128, 2);4
0.8080672320414787;(128, 2);5
0.7310585786300049;(128, 2);6
0.7662936217370421;(128, 2);7
0.7772998611746912;(128, 2);8
0.7310585669110202;(128, 2);9
0.7310585786300049;(128, 3);0
0.5926665999540698;(128, 3);1
0.6224593171945417;(128, 3);2
0.7185943805178139;(128, 3);3
0.7549149868676284;(128, 3);4
0.679178699175393;(128, 3);5
0.7310585786300049;(128, 3);6
0.8438950947024555;(128, 3);7
0.7549149758396752;(128, 3);8
0.7310585903489891;(128, 3);9
0.8872045877523147;(129, 0);0
0.8438950947024555;(129, 0);1
0.8872045937171068;(129, 0);2
0.826711776992821;(129, 0);3
0.8933093946927838;(129, 0);4
0.909907010924213;(129, 0);5
0.9241418116217418;(129, 0);6
0.874077222043951;(129, 0);7
0.8872045817875225;(129, 0);8
0.8933094003735665;(129, 0);9
0.7185943925708562;(129, 1);0
0.5621765008857981;(129, 1);1
0.7772998405389918;(129, 1);2
0.5621765008857982;(129, 1);3
0.43782349911420193;(129, 1);4
0.7185943925708561;(129, 1);5
0.8080672227971211;(129, 1);6
0.899121388082479;(129, 1);7
0.7185943805178138;(129, 1);8
0.3923368301671084;(129, 1);9
0.5621764862150634;(129, 2);0
0.1732881888514755;(129, 2);1
0.8175744850834648;(129, 2);2
0.7057850278370111;(129, 2);3
0.798186768138228;(129, 2);4
0.7431680199891789;(129, 2);5
0.5;(129, 2);6
0.6224593312018546;(129, 2);7
0.5312093733737563;(129, 2);8
0.7981867777396212;(129, 2);9
0.6224593312018546;(129, 3);0
0.6224593312018545;(129, 3);1
0.5312093733737563;(129, 3);2
0.5926666143433998;(129, 3);3
0.743168019989179;(129, 3);4
0.5312093733737563;(129, 3);5
0.7310585786300049;(129, 3);6
0.5621765008857981;(129, 3);7
0.7057850278370112;(129, 3);8
0.6513548782017745;(129, 3);9
0.43782349911420193;(120, 0);0
0.4687906266262438;(120, 0);1
0.6224593312018545;(120, 0);2
0.24508501313237174;(120, 0);3
0.5;(120, 0);4
0.5926665999540698;(120, 0);5
0.39233683016710835;(120, 0);6
0.25683199138751883;(120, 0);7
0.48438008427698437;(120, 0);8
0.39233683016710846;(120, 0);9
0.679178686187839;(120, 1);0
0.5926665999540698;(120, 1);1
0.334589441253186;(120, 1);2
0.6513548646660542;(120, 1);3
0.3073580168652638;(120, 1);4
0.5;(120, 1);5
0.4073334000459302;(120, 1);6
0.40733340004593027;(120, 1);7
0.6791786861878392;(120, 1);8
0.34864513533394575;(120, 1);9
0.29421497216298875;(120, 2);0
0.743167997235783;(120, 2);1
0.4073334000459302;(120, 2);2
0.4687906266262437;(120, 2);3
0.8438950947024555;(120, 2);4
0.7772998714925403;(120, 2);5
0.5621765008857981;(120, 2);6
0.25683199138751883;(120, 2);7
0.8175744850834649;(120, 2);8
0.7431680086124812;(120, 2);9
0.4378234991142019;(120, 3);0
0.30735801686526387;(120, 3);1
0.9046505351008904;(120, 3);2
0.5156199157230156;(120, 3);3
0.7549149868676283;(120, 3);4
0.9284088045171237;(120, 3);5
0.34864513533394575;(120, 3);6
0.48438008427698437;(120, 3);7
0.8267117940706734;(120, 3);8
0.8740772417253255;(120, 3);9
0.40733340004593016;(121, 0);0
0.4687906266262437;(121, 0);1
0.5312093733737563;(121, 0);2
0.37754066879814546;(121, 0);3
0.22270011818961089;(121, 0);4
0.8175744673038222;(121, 0);5
0.5621765008857981;(121, 0);6
0.5312093733737563;(121, 0);7
0.320821300824607;(121, 0);8
0.5312093733737562;(121, 0);9
0.8740772351648678;(121, 1);0
0.7662936430859597;(121, 1);1
0.9046505299595162;(121, 1);2
0.8740772286044094;(121, 1);3
0.8740772417253256;(121, 1);4
0.7981867777396211;(121, 1);5
0.7879311956428946;(121, 1);6
0.9046505351008906;(121, 1);7
0.7879311956428946;(121, 1);8
0.8991213772699435;(121, 1);9
0.7772998611746912;(121, 2);0
0.4687906266262437;(121, 2);1
0.24508500210441886;(121, 2);2
0.6513548646660542;(121, 2);3
0.6513548646660542;(121, 2);4
0.4687906266262438;(121, 2);5
0.679178686187839;(121, 2);6
0.6513548646660542;(121, 2);7
0.679178699175393;(121, 2);8
0.4378234991142019;(121, 2);9
0.8354835207180245;(121, 3);0
0.5312093733737563;(121, 3);1
0.43782349911420193;(121, 3);2
0.9196425223682086;(121, 3);3
0.8175744761936437;(121, 3);4
0.5;(121, 3);5
0.46879062662624366;(121, 3);6
0.43782349911420193;(121, 3);7
0.2942149721629888;(121, 3);8
0.320821300824607;(121, 3);9
0.39233683016710835;(122, 0);0
0.7185943925708561;(122, 0);1
0.78793120560257;(122, 0);2
0.4687906266262437;(122, 0);3
0.43782349911420193;(122, 0);4
0.40733340004593027;(122, 0);5
0.7772998508568416;(122, 0);6
0.4378234991142019;(122, 0);7
0.7549149978955811;(122, 0);8
0.3486451353339458;(122, 0);9
0.6513548646660542;(122, 1);0
0.705785040214066;(122, 1);1
0.6224593312018546;(122, 1);2
0.3775406687981454;(122, 1);3
0.3775406687981454;(122, 1);4
0.5621765008857981;(122, 1);5
0.46879062662624377;(122, 1);6
0.5312093733737562;(122, 1);7
0.6513548646660543;(122, 1);8
0.4073334000459302;(122, 1);9
0.4073334000459302;(122, 2);0
0.5;(122, 2);1
0.5;(122, 2);2
0.7549149868676284;(122, 2);3
0.37754066879814546;(122, 2);4
0.7772998611746912;(122, 2);5
0.5312093733737563;(122, 2);6
0.4532618480153861;(122, 2);7
0.2814056074291439;(122, 2);8
0.7772998714925403;(122, 2);9
0.8438951025545426;(122, 3);0
0.8740772417253255;(122, 3);1
0.8438950947024555;(122, 3);2
0.9046505299595162;(122, 3);3
0.8933094003735665;(122, 3);4
0.8267118111485244;(122, 3);5
0.8267117855317474;(122, 3);6
0.8872045817875224;(122, 3);7
0.7879312056025699;(122, 3);8
0.8175744939732856;(122, 3);9
0.3775406687981454;(123, 0);0
0.6224593312018546;(123, 0);1
0.5312093733737563;(123, 0);2
0.665410558746814;(123, 0);3
0.5;(123, 0);4
0.5621765008857981;(123, 0);5
0.6224593312018546;(123, 0);6
0.5312093733737563;(123, 0);7
0.3775406687981454;(123, 0);8
0.7185943805178139;(123, 0);9
0.8267117769928211;(123, 1);0
0.8519528170040852;(123, 1);1
0.7549149978955811;(123, 1);2
0.8438951104066293;(123, 1);3
0.8438951064805861;(123, 1);4
0.8740772351648677;(123, 1);5
0.7981867585368344;(123, 1);6
0.8740772351648677;(123, 1);7
0.8933094060543487;(123, 1);8
0.8267118026095992;(123, 1);9
0.7549149868676283;(123, 2);0
0.7310585786300049;(123, 2);1
0.8175744850834648;(123, 2);2
0.679178699175393;(123, 2);3
0.679178699175393;(123, 2);4
0.5621765008857981;(123, 2);5
0.7057850402140659;(123, 2);6
0.5621764862150636;(123, 2);7
0.5926665999540698;(123, 2);8
0.7057850278370112;(123, 2);9
0.7057850154599563;(123, 3);0
0.5621765008857982;(123, 3);1
0.5;(123, 3);2
0.6791786861878392;(123, 3);3
0.7549149758396752;(123, 3);4
0.6513548646660542;(123, 3);5
0.6224593312018546;(123, 3);6
0.5621765008857981;(123, 3);7
0.6224593312018546;(123, 3);8
0.6513548646660542;(123, 3);9
0.6370307944803831;(124, 0);0
0.5621765008857981;(124, 0);1
0.6370307944803832;(124, 0);2
0.3073580168652639;(124, 0);3
0.6513548646660543;(124, 0);4
0.43782349911420193;(124, 0);5
0.334589441253186;(124, 0);6
0.5312093733737563;(124, 0);7
0.6513548646660542;(124, 0);8
0.5156199157230156;(124, 0);9
0.2120688043571053;(124, 1);0
0.6513548782017746;(124, 1);1
0.5312093733737562;(124, 1);2
0.6513548646660543;(124, 1);3
0.5926665999540697;(124, 1);4
0.4378234991142019;(124, 1);5
0.4073334000459302;(124, 1);6
0.7549149978955811;(124, 1);7
0.679178699175393;(124, 1);8
0.36296920551961676;(124, 1);9
0.6224593312018546;(124, 2);0
0.5312093733737563;(124, 2);1
0.808067204308405;(124, 2);2
0.766293653760418;(124, 2);3
0.6926419704455588;(124, 2);4
0.3775406687981454;(124, 2);5
0.5;(124, 2);6
0.5926665999540698;(124, 2);7
0.754914997895581;(124, 2);8
0.5156199157230156;(124, 2);9
0.8933094060543487;(124, 3);0
0.8991213718636754;(124, 3);1
0.8596637433190938;(124, 3);2
0.8438950868503681;(124, 3);3
0.8807970779778824;(124, 3);4
0.8740772351648677;(124, 3);5
0.7431680086124812;(124, 3);6
0.8933094174159129;(124, 3);7
0.8519527869325345;(124, 3);8
0.8438951025545427;(124, 3);9
0.5621765008857981;(130, 0);0
0.5;(130, 0);1
0.5621765008857981;(130, 0);2
0.34864513533394575;(130, 0);3
0.6224593452091672;(130, 0);4
0.679178699175393;(130, 0);5
0.34864516240538707;(130, 0);6
0.5312093733737563;(130, 0);7
0.46879062662624377;(130, 0);8
0.6224593171945417;(130, 0);9
0.6791786991753931;(130, 1);0
0.5621765008857982;(130, 1);1
0.5621765008857981;(130, 1);2
0.7549149978955811;(130, 1);3
0.5926665999540697;(130, 1);4
0.40733340004593027;(130, 1);5
0.7057850278370112;(130, 1);6
0.320821300824607;(130, 1);7
0.5312093733737562;(130, 1);8
0.7310585786300049;(130, 1);9
0.8267117940706735;(130, 2);0
0.8519528170040853;(130, 2);1
0.8596637505099168;(130, 2);2
0.10669059394565118;(130, 2);3
0.9046505402422645;(130, 2);4
0.798186787341014;(130, 2);5
0.8807970842359877;(130, 2);6
0.8267117940706734;(130, 2);7
0.8175744673038222;(130, 2);8
0.8354835371034368;(130, 2);9
0.7057850402140659;(130, 3);0
0.7057850278370112;(130, 3);1
0.5621765008857981;(130, 3);2
0.5312093733737562;(130, 3);3
0.6224593312018545;(130, 3);4
0.6791786991753931;(130, 3);5
0.6513548782017745;(130, 3);6
0.6513548646660543;(130, 3);7
0.37754066879814546;(130, 3);8
0.5312093733737563;(130, 3);9
0.665410558746814;(131, 0);0
0.8438950868503681;(131, 0);1
0.8175744673038222;(131, 0);2
0.40733340004593027;(131, 0);3
0.4073334000459302;(131, 0);4
0.3073580041760868;(131, 0);5
0.3629692055196168;(131, 0);6
0.7772998611746911;(131, 0);7
0.20181324146316565;(131, 0);8
0.7662936430859597;(131, 0);9
0.7185943925708562;(131, 1);0
0.6513548646660542;(131, 1);1
0.4687906266262437;(131, 1);2
0.5312093733737563;(131, 1);3
0.5;(131, 1);4
0.6224593312018545;(131, 1);5
0.6513548646660542;(131, 1);6
0.5312093733737563;(131, 1);7
0.5926665999540698;(131, 1);8
0.4225046348141882;(131, 1);9
0.766293653760418;(131, 2);0
0.7772998611746911;(131, 2);1
0.6791787121629465;(131, 2);2
0.4073334000459302;(131, 2);3
0.7662936430859597;(131, 2);4
0.6224593312018545;(131, 2);5
0.8872045937171068;(131, 2);6
0.320821300824607;(131, 2);7
0.826711776992821;(131, 2);8
0.7879312056025699;(131, 2);9
0.40733340004593027;(131, 3);0
0.36296920551961676;(131, 3);1
0.28140560742914383;(131, 3);2
0.5312093733737563;(131, 3);3
0.6513548511303338;(131, 3);4
0.4378234991142019;(131, 3);5
0.34864513533394575;(131, 3);6
0.5;(131, 3);7
0.5926665999540698;(131, 3);8
0.3486451353339457;(131, 3);9
0.8933094032139577;(132, 0);0
0.8872046056466901;(132, 0);1
0.8807970654616711;(132, 0);2
0.5;(132, 0);3
0.8740772286044095;(132, 0);4
0.7057850278370112;(132, 0);5
0.8596637361282706;(132, 0);6
0.9241418158002492;(132, 0);7
0.8933094117351309;(132, 0);8
0.9046505299595162;(132, 0);9
0.7185944046238981;(132, 1);0
0.7879311856832191;(132, 1);1
0.6926419831347362;(132, 1);2
0.8175744850834648;(132, 1);3
0.7057850154599562;(132, 1);4
0.7057850278370111;(132, 1);5
0.8438951104066293;(132, 1);6
0.6513548782017745;(132, 1);7
0.6926419831347362;(132, 1);8
0.7057850402140659;(132, 1);9
0.7057850154599563;(132, 2);0
0.6076631698328916;(132, 2);1
0.6791786861878392;(132, 2);2
0.6513548511303338;(132, 2);3
0.6224593312018545;(132, 2);4
0.7057850278370112;(132, 2);5
0.6224593312018546;(132, 2);6
0.6513548646660543;(132, 2);7
0.8991213799730775;(132, 2);8
0.5312093733737563;(132, 2);9
0.7662936430859597;(132, 3);0
0.8175744761936437;(132, 3);1
0.8267118111485245;(132, 3);2
0.7310585786300049;(132, 3);3
0.7549149978955811;(132, 3);4
0.6926419831347361;(132, 3);5
0.8175744850834648;(132, 3);6
0.7662936537604181;(132, 3);7
0.8354835207180245;(132, 3);8
0.7310585903489891;(132, 3);9
0.7662936324115012;(133, 0);0
0.6224593171945417;(133, 0);1
0.5312093733737563;(133, 0);2
0.5621765008857981;(133, 0);3
0.7981867873410141;(133, 0);4
0.8354835371034368;(133, 0);5
0.6224593312018545;(133, 0);6
0.4378234991142019;(133, 0);7
0.6224593312018546;(133, 0);8
0.7310585903489891;(133, 0);9
0.5926665999540698;(133, 1);0
0.6513548646660542;(133, 1);1
0.705785040214066;(133, 1);2
0.6513548646660543;(133, 1);3
0.8596637505099168;(133, 1);4
0.7772998714925403;(133, 1);5
0.6926419704455588;(133, 1);6
0.8080672227971212;(133, 1);7
0.679178699175393;(133, 1);8
0.4073334000459302;(133, 1);9
0.8519528019683106;(133, 2);0
0.9324533051062238;(133, 2);1
0.8080672227971211;(133, 2);2
0.8872045996818986;(133, 2);3
0.8354835371034368;(133, 2);4
0.8807970842359877;(133, 2);5
0.8175744761936437;(133, 2);6
0.8670357666736773;(133, 2);7
0.8438951104066293;(133, 2);8
0.7662936430859596;(133, 2);9
0.754914997895581;(133, 3);0
0.6224593312018546;(133, 3);1
0.36296920551961687;(133, 3);2
0.665410558746814;(133, 3);3
0.679178699175393;(133, 3);4
0.7057850402140659;(133, 3);5
0.6926419831347361;(133, 3);6
0.4687906266262437;(133, 3);7
0.8175744850834648;(133, 3);8
0.5926665999540698;(133, 3);9
0.6791787121629465;(134, 0);0
0.4378234991142019;(134, 0);1
0.5;(134, 0);2
0.5312093733737563;(134, 0);3
0.5;(134, 0);4
0.6513548646660542;(134, 0);5
0.5312093733737563;(134, 0);6
0.6513548646660543;(134, 0);7
0.7310585786300048;(134, 0);8
0.3486451353339458;(134, 0);9
0.6076631698328917;(134, 1);0
0.7057850278370112;(134, 1);1
0.731058578630005;(134, 1);2
0.6224593312018546;(134, 1);3
0.8438951025545426;(134, 1);4
0.743167997235783;(134, 1);5
0.7310585669110202;(134, 1);6
0.6076631698328917;(134, 1);7
0.6224593312018546;(134, 1);8
0.5;(134, 1);9
0.7431680086124812;(134, 2);0
0.8080672135527632;(134, 2);1
0.8080672227971212;(134, 2);2
0.8080672135527632;(134, 2);3
0.8670357666736773;(134, 2);4
0.8807970904940926;(134, 2);5
0.8354835371034369;(134, 2);6
0.8438951025545426;(134, 2);7
0.8596637577007394;(134, 2);8
0.9149009596336302;(134, 2);9
0.7981867777396212;(134, 3);0
0.5467381519846138;(134, 3);1
0.6926419831347361;(134, 3);2
0.8354835371034368;(134, 3);3
0.8519528019683106;(134, 3);4
0.8670357529306639;(134, 3);5
0.705785040214066;(134, 3);6
0.8080671950640463;(134, 3);7
0.679178699175393;(134, 3);8
0.705785040214066;(134, 3);9
0.3775406687981454;(140, 0);0
0.21206880435710534;(140, 0);1
0.28140560742914383;(140, 0);2
0.6513548646660543;(140, 0);3
0.4073334000459302;(140, 0);4
0.37754066879814546;(140, 0);5
0.6370307944803831;(140, 0);6
0.2942149597859341;(140, 0);7
0.7879312056025699;(140, 0);8
0.6224593312018546;(140, 0);9
0.8872046026642944;(140, 1);0
0.8670357735451835;(140, 1);1
0.7772998611746911;(140, 1);2
0.7981867777396211;(140, 1);3
0.8807970779778824;(140, 1);4
0.8670357460591568;(140, 1);5
0.9241418199787564;(140, 1);6
0.8933094174159127;(140, 1);7
0.8872046056466901;(140, 1);8
0.8872045996818986;(140, 1);9
0.3629692055196168;(140, 2);0
0.48438008427698437;(140, 2);1
0.7057850278370112;(140, 2);2
0.2689414330889797;(140, 2);3
0.40733341443526055;(140, 2);4
0.7549149868676284;(140, 2);5
0.679178699175393;(140, 2);6
0.5;(140, 2);7
0.3775406547908327;(140, 2);8
0.4073334000459302;(140, 2);9
0.7057850278370112;(140, 3);0
0.40733340004593027;(140, 3);1
0.8872045937171067;(140, 3);2
0.5;(140, 3);3
0.743168019989179;(140, 3);4
0.7662936324115011;(140, 3);5
0.5621765155565326;(140, 3);6
0.7662936430859597;(140, 3);7
0.5926665999540697;(140, 3);8
0.4378234991142019;(140, 3);9
0.5312093733737563;(141, 0);0
0.46879062662624366;(141, 0);1
0.5;(141, 0);2
0.5621765008857981;(141, 0);3
0.46879062662624377;(141, 0);4
0.5;(141, 0);5
0.34864510826250544;(141, 0);6
0.5312093733737563;(141, 0);7
0.21206880435710534;(141, 0);8
0.24508503518827834;(141, 0);9
0.5621765008857981;(141, 1);0
0.8080671950640463;(141, 1);1
0.679178699175393;(141, 1);2
0.851952809486198;(141, 1);3
0.7310585903489892;(141, 1);4
0.7879311956428947;(141, 1);5
0.8438951025545426;(141, 1);6
0.8080672135527631;(141, 1);7
0.43782349911420193;(141, 1);8
0.7549149978955811;(141, 1);9
0.46879062662624366;(141, 2);0
0.5621765008857981;(141, 2);1
0.5621765008857982;(141, 2);2
0.5312093733737563;(141, 2);3
0.5926665999540698;(141, 2);4
0.5312093733737563;(141, 2);5
0.25683199138751883;(141, 2);6
0.5621765008857981;(141, 2);7
0.4378234991142019;(141, 2);8
0.34864513533394575;(141, 2);9
0.8267117855317474;(141, 3);0
0.2689414213699951;(141, 3);1
0.8807970779778824;(141, 3);2
0.8519528019683106;(141, 3);3
0.8438950868503682;(141, 3);4
0.8807970842359876;(141, 3);5
0.7549149758396752;(141, 3);6
0.8438951104066295;(141, 3);7
0.8740772351648677;(141, 3);8
0.7549149868676283;(141, 3);9
0.5926665999540698;(142, 0);0
0.320821300824607;(142, 0);1
0.3775406687981454;(142, 0);2
0.28140560742914383;(142, 0);3
0.2227001388253088;(142, 0);4
0.4225046057277813;(142, 0);5
0.5467381519846138;(142, 0);6
0.5926665999540698;(142, 0);7
0.4378234991142019;(142, 0);8
0.5;(142, 0);9
0.5312093733737563;(142, 1);0
0.5621765008857982;(142, 1);1
0.294214996917099;(142, 1);2
0.43782349911420193;(142, 1);3
0.5621765008857981;(142, 1);4
0.24508503518827837;(142, 1);5
0.3073580422436188;(142, 1);6
0.1329642264548166;(142, 1);7
0.4378234991142019;(142, 1);8
0.5;(142, 1);9
0.3073580422436188;(142, 2);0
0.437823499114202;(142, 2);1
0.8438951025545427;(142, 2);2
0.7772998714925403;(142, 2);3
0.8438951025545426;(142, 2);4
0.37754066879814546;(142, 2);5
0.7185943925708562;(142, 2);6
0.4687906266262437;(142, 2);7
0.2689414448079646;(142, 2);8
0.5774953651858117;(142, 2);9
0.5312093733737562;(142, 3);0
0.46879062662624377;(142, 3);1
0.5;(142, 3);2
0.3486451353339458;(142, 3);3
0.43782349911420193;(142, 3);4
0.45326184801538616;(142, 3);5
0.3073580168652638;(142, 3);6
0.29421497216298875;(142, 3);7
0.5621765008857982;(142, 3);8
0.5;(142, 3);9
0.9046505248181417;(143, 0);0
0.9241418158002492;(143, 0);1
0.8670357735451835;(143, 0);2
0.9324533051062237;(143, 0);3
0.8740772351648677;(143, 0);4
0.8872045937171067;(143, 0);5
0.9465966641739774;(143, 0);6
0.9399133565584851;(143, 0);7
0.899121388082479;(143, 0);8
0.8519527944504227;(143, 0);9
0.5621765008857981;(143, 1);0
0.7772998818103891;(143, 1);1
0.7549149978955811;(143, 1);2
0.7549149868676283;(143, 1);3
0.46879062662624377;(143, 1);4
0.7549149868676283;(143, 1);5
0.5926665999540698;(143, 1);6
0.5156199157230157;(143, 1);7
0.7549149978955811;(143, 1);8
0.6224593312018546;(143, 1);9
0.5312093733737563;(143, 2);0
0.7431680086124811;(143, 2);1
0.6513548646660543;(143, 2);2
0.5312093733737563;(143, 2);3
0.7772998508568416;(143, 2);4
0.37754066879814546;(143, 2);5
0.5926665999540697;(143, 2);6
0.6791786991753929;(143, 2);7
0.3775406687981454;(143, 2);8
0.705785040214066;(143, 2);9
0.5312093733737563;(143, 3);0
0.766293653760418;(143, 3);1
0.6513548646660542;(143, 3);2
0.4378234991142019;(143, 3);3
0.6513548782017745;(143, 3);4
0.6224593312018546;(143, 3);5
0.5926665999540697;(143, 3);6
0.46879062662624377;(143, 3);7
0.7549149868676284;(143, 3);8
0.7057850278370112;(143, 3);9
0.45326181847347125;(144, 0);0
0.5621765008857981;(144, 0);1
0.5;(144, 0);2
0.8080672227971211;(144, 0);3
0.8740772417253255;(144, 0);4
0.43782349911420193;(144, 0);5
0.899121388082479;(144, 0);6
0.4687906266262437;(144, 0);7
0.766293653760418;(144, 0);8
0.7662936430859598;(144, 0);9
0.4378235137849365;(144, 1);0
0.5621765008857981;(144, 1);1
0.5;(144, 1);2
0.5312093733737563;(144, 1);3
0.5621764862150634;(144, 1);4
0.5621765155565326;(144, 1);5
0.4378234991142019;(144, 1);6
0.7549149868676283;(144, 1);7
0.679178699175393;(144, 1);8
0.43782349911420193;(144, 1);9
0.6926419831347361;(144, 2);0
0.2942149597859341;(144, 2);1
0.43782349911420193;(144, 2);2
0.21206880435710537;(144, 2);3
0.6513548782017746;(144, 2);4
0.39233683016710835;(144, 2);5
0.7185943925708562;(144, 2);6
0.6513548646660543;(144, 2);7
0.32082127484950024;(144, 2);8
0.40733340004593027;(144, 2);9
0.7772998611746912;(144, 3);0
0.6513548646660543;(144, 3);1
0.7879311956428947;(144, 3);2
0.7662936430859597;(144, 3);3
0.2689414213699951;(144, 3);4
0.8596637505099168;(144, 3);5
0.28140560742914383;(144, 3);6
0.7549149758396752;(144, 3);7
0.7981867873410141;(144, 3);8
0.7879311856832191;(144, 3);9
0.33458944125318596;(135, 0);0
0.48438008427698437;(135, 0);1
0.29421497216298875;(135, 0);2
0.5926665999540698;(135, 0);3
0.679178699175393;(135, 0);4
0.437823499114202;(135, 0);5
0.5621765008857981;(135, 0);6
0.705785040214066;(135, 0);7
0.679178699175393;(135, 0);8
0.5;(135, 0);9
0.679178699175393;(135, 1);0
0.7057850278370112;(135, 1);1
0.320821300824607;(135, 1);2
0.4687906266262438;(135, 1);3
0.8267117940706734;(135, 1);4
0.7057850278370112;(135, 1);5
0.7879311956428946;(135, 1);6
0.743167997235783;(135, 1);7
0.8670357735451834;(135, 1);8
0.8354835289107307;(135, 1);9
0.6513548782017746;(135, 2);0
0.4378234991142019;(135, 2);1
0.4225046348141882;(135, 2);2
0.320821300824607;(135, 2);3
0.43782349911420193;(135, 2);4
0.4687906266262437;(135, 2);5
0.6224593452091671;(135, 2);6
0.4073334000459302;(135, 2);7
0.25683199138751883;(135, 2);8
0.5621765008857981;(135, 2);9
0.6791787121629465;(135, 3);0
0.37754066879814546;(135, 3);1
0.17328820592932656;(135, 3);2
0.6224593312018546;(135, 3);3
0.5621765008857981;(135, 3);4
0.5926665999540698;(135, 3);5
0.5621765008857981;(135, 3);6
0.679178699175393;(135, 3);7
0.7310585669110203;(135, 3);8
0.29421497216298875;(135, 3);9
0.4378234991142019;(136, 0);0
0.5312093733737563;(136, 0);1
0.5;(136, 0);2
0.34864513533394575;(136, 0);3
0.2689414096510109;(136, 0);4
0.34864513533394575;(136, 0);5
0.4378234991142019;(136, 0);6
0.4225046639005957;(136, 0);7
0.40733340004593016;(136, 0);8
0.46879062662624377;(136, 0);9
0.7185943925708561;(136, 1);0
0.4687906266262438;(136, 1);1
0.8740772286044094;(136, 1);2
0.4073334000459302;(136, 1);3
0.5312093733737563;(136, 1);4
0.2450850351882784;(136, 1);5
0.43782349911420193;(136, 1);6
0.4378234991142019;(136, 1);7
0.46879062662624377;(136, 1);8
0.5926665999540697;(136, 1);9
0.7549149978955811;(136, 2);0
0.8596637577007394;(136, 2);1
0.78793120560257;(136, 2);2
0.7310585669110203;(136, 2);3
0.679178699175393;(136, 2);4
0.8596637505099167;(136, 2);5
0.7662936430859597;(136, 2);6
0.7772998714925403;(136, 2);7
0.8596637577007393;(136, 2);8
0.6224593452091673;(136, 2);9
0.5926665999540698;(136, 3);0
0.3923368301671084;(136, 3);1
0.5312093733737563;(136, 3);2
0.40733340004593027;(136, 3);3
0.5312093733737562;(136, 3);4
0.2337063569140403;(136, 3);5
0.6791786861878392;(136, 3);6
0.5621765008857981;(136, 3);7
0.3208213138121609;(136, 3);8
0.4073334000459302;(136, 3);9
0.5312093733737563;(137, 0);0
0.34864513533394575;(137, 0);1
0.5312093733737563;(137, 0);2
0.5621765008857982;(137, 0);3
0.5621765008857981;(137, 0);4
0.5;(137, 0);5
0.5312093733737563;(137, 0);6
0.705785040214066;(137, 0);7
0.25683199138751883;(137, 0);8
0.4687906266262438;(137, 0);9
0.8991213691605412;(137, 1);0
0.8354835207180245;(137, 1);1
0.7879312056025699;(137, 1);2
0.8438951104066295;(137, 1);3
0.8933093946927837;(137, 1);4
0.8807970654616711;(137, 1);5
0.8596637648915616;(137, 1);6
0.8807970873650403;(137, 1);7
0.8596637433190939;(137, 1);8
0.8991213826762113;(137, 1);9
0.679178699175393;(137, 2);0
0.5621764862150636;(137, 2);1
0.6224593312018545;(137, 2);2
0.34864513533394575;(137, 2);3
0.5312093733737562;(137, 2);4
0.5926665999540698;(137, 2);5
0.6513548511303338;(137, 2);6
0.34864513533394575;(137, 2);7
0.37754068280545827;(137, 2);8
0.2018132318617721;(137, 2);9
0.679178699175393;(137, 3);0
0.6224593312018546;(137, 3);1
0.5926665999540698;(137, 3);2
0.7057850154599563;(137, 3);3
0.43782349911420193;(137, 3);4
0.6224593312018546;(137, 3);5
0.7057850402140659;(137, 3);6
0.5312093733737562;(137, 3);7
0.6224593312018546;(137, 3);8
0.5;(137, 3);9
0.19193279569159502;(138, 0);0
0.3208213008246071;(138, 0);1
0.5621764862150634;(138, 0);2
0.07585818837825822;(138, 0);3
0.5312093733737563;(138, 0);4
0.5;(138, 0);5
0.2120687844377551;(138, 0);6
0.665410558746814;(138, 0);7
0.40733340004593027;(138, 0);8
0.320821300824607;(138, 0);9
0.7310585903489891;(138, 1);0
0.705785040214066;(138, 1);1
0.6926419704455589;(138, 1);2
0.6513548782017745;(138, 1);3
0.6224593312018546;(138, 1);4
0.7662936430859597;(138, 1);5
0.6926419831347361;(138, 1);6
0.679178699175393;(138, 1);7
0.8354835289107306;(138, 1);8
0.7310585786300049;(138, 1);9
0.46879062662624377;(138, 2);0
0.46879062662624366;(138, 2);1
0.29421498454004374;(138, 2);2
0.37754066879814546;(138, 2);3
0.40733340004593027;(138, 2);4
0.30735801686526387;(138, 2);5
0.34864513533394575;(138, 2);6
0.5;(138, 2);7
0.6224593171945417;(138, 2);8
0.7310585786300049;(138, 2);9
0.4378234991142019;(138, 3);0
0.16451646289656316;(138, 3);1
0.40733340004593016;(138, 3);2
0.07585818837825821;(138, 3);3
0.28140560742914383;(138, 3);4
0.2942149721629888;(138, 3);5
0.6224593312018546;(138, 3);6
0.4073334000459302;(138, 3);7
0.2450850021044189;(138, 3);8
0.3486451353339457;(138, 3);9
0.3775406687981454;(139, 0);0
0.48438008427698437;(139, 0);1
0.766293653760418;(139, 0);2
0.6224593452091672;(139, 0);3
0.1919327864472368;(139, 0);4
0.4073334000459302;(139, 0);5
0.5926666143433998;(139, 0);6
0.24508502416032488;(139, 0);7
0.37754066879814546;(139, 0);8
0.4687906266262437;(139, 0);9
0.4073334000459302;(139, 1);0
0.4687906266262437;(139, 1);1
0.6224593312018545;(139, 1);2
0.5926665999540698;(139, 1);3
0.5;(139, 1);4
0.4378234991142019;(139, 1);5
0.5312093733737563;(139, 1);6
0.6224593312018546;(139, 1);7
0.7549149868676283;(139, 1);8
0.5621764862150634;(139, 1);9
0.29421497216298875;(139, 2);0
0.679178686187839;(139, 2);1
0.4378234991142018;(139, 2);2
0.6224593171945416;(139, 2);3
0.29421497216298875;(139, 2);4
0.743168019989179;(139, 2);5
0.5312093733737563;(139, 2);6
0.743167997235783;(139, 2);7
0.4378234991142019;(139, 2);8
0.5;(139, 2);9
0.8267117940706734;(139, 3);0
0.7310585786300049;(139, 3);1
0.7879311956428946;(139, 3);2
0.5621765155565326;(139, 3);3
0.6654105587468141;(139, 3);4
0.8175744850834648;(139, 3);5
0.6513548782017746;(139, 3);6
0.7981867969424066;(139, 3);7
0.8596637648915617;(139, 3);8
0.7772998508568416;(139, 3);9
0.24508501313237166;(145, 0);0
0.3486451353339458;(145, 0);1
0.3073580168652638;(145, 0);2
0.22270013882530887;(145, 0);3
0.24508501313237172;(145, 0);4
0.24508501313237174;(145, 0);5
0.3486451353339457;(145, 0);6
0.25683199138751883;(145, 0);7
0.3486451353339458;(145, 0);8
0.29421497216298875;(145, 0);9
0.665410558746814;(145, 1);0
0.5467381224426986;(145, 1);1
0.6076631698328916;(145, 1);2
0.48438008427698437;(145, 1);3
0.6370307806984444;(145, 1);4
0.665410558746814;(145, 1);5
0.5;(145, 1);6
0.5;(145, 1);7
0.2450850131323717;(145, 1);8
0.6926419958239132;(145, 1);9
0.679178699175393;(145, 2);0
0.7057850278370111;(145, 2);1
0.6926419831347361;(145, 2);2
0.7185943925708561;(145, 2);3
0.7057850278370112;(145, 2);4
0.7185943805178139;(145, 2);5
0.40733340004593027;(145, 2);6
0.233706335565124;(145, 2);7
0.7057850278370111;(145, 2);8
0.2689414213699951;(145, 2);9
0.2450850131323717;(145, 3);0
0.40733340004593027;(145, 3);1
0.3486451353339457;(145, 3);2
0.334589441253186;(145, 3);3
0.2227001594610082;(145, 3);4
0.22270013882530884;(145, 3);5
0.320821300824607;(145, 3);6
0.2450849910764664;(145, 3);7
0.5;(145, 3);8
0.4687906266262438;(145, 3);9
0.8519527944504228;(146, 0);0
0.7981867777396212;(146, 0);1
0.8354835452961427;(146, 0);2
0.8175744850834648;(146, 0);3
0.8740772482857833;(146, 0);4
0.8596637648915616;(146, 0);5
0.9046505351008904;(146, 0);6
0.6076631698328916;(146, 0);7
0.9284088005554476;(146, 0);8
0.9046505248181418;(146, 0);9
0.7772998611746911;(146, 1);0
0.6926419958239132;(146, 1);1
0.6224593312018546;(146, 1);2
0.8175744673038222;(146, 1);3
0.7772998508568416;(146, 1);4
0.8267118026095991;(146, 1);5
0.7879311956428947;(146, 1);6
0.5312093733737563;(146, 1);7
0.7310585903489891;(146, 1);8
0.8438951104066293;(146, 1);9
0.7310585903489891;(146, 2);0
0.7662936430859598;(146, 2);1
0.7057850278370112;(146, 2);2
0.7981867873410141;(146, 2);3
0.8267118111485244;(146, 2);4
0.6513548646660542;(146, 2);5
0.5312093733737563;(146, 2);6
0.6224593312018546;(146, 2);7
0.8175744850834649;(146, 2);8
0.6224593312018546;(146, 2);9
0.7310585903489892;(146, 3);0
0.6224593452091672;(146, 3);1
0.37754066879814546;(146, 3);2
0.6513548782017745;(146, 3);3
0.679178699175393;(146, 3);4
0.7310585903489891;(146, 3);5
0.8740772482857831;(146, 3);6
0.6791787121629465;(146, 3);7
0.7549149868676284;(146, 3);8
0.6513548646660543;(146, 3);9
0.3073580422436188;(147, 0);0
0.5621765008857981;(147, 0);1
0.43782349911420193;(147, 0);2
0.30735801686526387;(147, 0);3
0.34864510826250544;(147, 0);4
0.5926665999540698;(147, 0);5
0.320821300824607;(147, 0);6
0.37754065479083276;(147, 0);7
0.6513548646660542;(147, 0);8
0.7310585786300049;(147, 0);9
0.679178699175393;(147, 1);0
0.7981867585368343;(147, 1);1
0.6791787121629466;(147, 1);2
0.6224593312018545;(147, 1);3
0.8267117940706734;(147, 1);4
0.5926665999540698;(147, 1);5
0.7185943925708561;(147, 1);6
0.2814056074291439;(147, 1);7
0.8438951025545425;(147, 1);8
0.7431679972357831;(147, 1);9
0.9362849986365572;(150, 0);0
0.8438951025545426;(150, 0);1
0.9149009549929799;(150, 0);2
0.8740772351648677;(150, 0);3
0.8354835289107307;(150, 0);4
0.8519527944504226;(150, 0);5
0.9362850057480346;(150, 0);6
0.8596637505099167;(150, 0);7
0.8267117855317474;(150, 0);8
0.8175744673038221;(150, 0);9
0.5926665999540698;(150, 1);0
0.7981867777396212;(150, 1);1
0.5;(150, 1);2
0.3629692055196168;(150, 1);3
0.7662936430859597;(150, 1);4
0.45326184801538616;(150, 1);5
0.320821300824607;(150, 1);6
0.6224593312018545;(150, 1);7
0.7057850278370112;(150, 1);8
0.5;(150, 1);9
0.43782349911420193;(150, 2);0
0.5621765008857982;(150, 2);1
0.5;(150, 2);2
0.40733340004593027;(150, 2);3
0.679178699175393;(150, 2);4
0.6224593312018546;(150, 2);5
0.5;(150, 2);6
0.5;(150, 2);7
0.5;(150, 2);8
0.7879311956428946;(150, 2);9
0.5926665999540698;(150, 3);0
0.6224593312018546;(150, 3);1
0.5621765008857982;(150, 3);2
0.7549149868676283;(150, 3);3
0.5926666143433998;(150, 3);4
0.7185943925708561;(150, 3);5
0.45326184801538616;(150, 3);6
0.43782349911420193;(150, 3);7
0.5312093733737562;(150, 3);8
0.7057850402140659;(150, 3);9
0.5312093733737563;(151, 0);0
0.7662936324115011;(151, 0);1
0.40733340004593027;(151, 0);2
0.46879062662624377;(151, 0);3
0.8267118026095991;(151, 0);4
0.5926665855647394;(151, 0);5
0.5;(151, 0);6
0.6513548782017745;(151, 0);7
0.5312093733737563;(151, 0);8
0.4225046348141882;(151, 0);9
0.731058578630005;(151, 1);0
0.5621765008857981;(151, 1);1
0.3775406407835203;(151, 1);2
0.5926665999540698;(151, 1);3
0.43782349911420193;(151, 1);4
0.6224593452091673;(151, 1);5
0.8354835207180243;(151, 1);6
0.5312093733737563;(151, 1);7
0.679178699175393;(151, 1);8
0.5;(151, 1);9
0.8991213826762113;(151, 2);0
0.8519528170040853;(151, 2);1
0.893309411735131;(151, 2);2
0.8670357701094304;(151, 2);3
0.8872046026642944;(151, 2);4
0.9046505351008906;(151, 2);5
0.9465966702001757;(151, 2);6
0.8933094003735663;(151, 2);7
0.8354835207180245;(151, 2);8
0.8519528019683106;(151, 2);9
0.5;(151, 3);0
0.4687906266262437;(151, 3);1
0.5926665999540698;(151, 3);2
0.5621765155565326;(151, 3);3
0.8080671950640465;(151, 3);4
0.7057850278370111;(151, 3);5
0.46879062662624377;(151, 3);6
0.43782351378493645;(151, 3);7
0.6224593312018546;(151, 3);8
0.6224593452091672;(151, 3);9
0.30735801686526387;(152, 0);0
0.34864513533394575;(152, 0);1
0.32082130082460697;(152, 0);2
0.3775406687981454;(152, 0);3
0.320821300824607;(152, 0);4
0.43782349911420193;(152, 0);5
0.3775406687981454;(152, 0);6
0.4073334000459302;(152, 0);7
0.4687906266262437;(152, 0);8
0.5621765008857982;(152, 0);9
0.5312093733737563;(152, 1);0
0.5621765155565327;(152, 1);1
0.46879062662624377;(152, 1);2
0.5;(152, 1);3
0.5;(152, 1);4
0.46879062662624366;(152, 1);5
0.5312093733737562;(152, 1);6
0.3073580168652638;(152, 1);7
0.40733341443526055;(152, 1);8
0.5926665999540698;(152, 1);9
0.8080671950640465;(152, 2);0
0.6791787121629466;(152, 2);1
0.7549149868676284;(152, 2);2
0.8519527944504226;(152, 2);3
0.8670357598021707;(152, 2);4
0.9099070084811307;(152, 2);5
0.8354835371034368;(152, 2);6
0.7431680086124811;(152, 2);7
0.7662936324115012;(152, 2);8
0.8807970842359877;(152, 2);9
0.4687906414693486;(152, 3);0
0.5312093733737562;(152, 3);1
0.4378234991142019;(152, 3);2
0.2689414096510108;(152, 3);3
0.40733340004593027;(152, 3);4
0.6224593171945417;(152, 3);5
0.40733340004593027;(152, 3);6
0.5621765155565326;(152, 3);7
0.6224593312018545;(152, 3);8
0.43782349911420193;(152, 3);9
0.7057850154599562;(153, 0);0
0.4378234991142019;(153, 0);1
0.4225046348141883;(153, 0);2
0.3208213008246071;(153, 0);3
0.6513548646660543;(153, 0);4
0.13296422645481656;(153, 0);5
0.10669058826486906;(153, 0);6
0.3923368301671084;(153, 0);7
0.28140560742914383;(153, 0);8
0.24508502416032488;(153, 0);9
0.4378234991142019;(153, 1);0
0.17328822300717897;(153, 1);1
0.5621765008857981;(153, 1);2
0.7057850154599562;(153, 1);3
0.4378234991142019;(153, 1);4
0.5;(153, 1);5
0.42250463481418826;(153, 1);6
0.5621765008857981;(153, 1);7
0.5;(153, 1);8
0.5;(153, 1);9
0.6513548646660543;(153, 2);0
0.5621765008857981;(153, 2);1
0.5621765008857981;(153, 2);2
0.5926665999540698;(153, 2);3
0.5312093733737563;(153, 2);4
0.2450850131323717;(153, 2);5
0.1732881888514755;(153, 2);6
0.546738151984614;(153, 2);7
0.6224593171945416;(153, 2);8
0.5312093733737563;(153, 2);9
0.3486451353339457;(153, 3);0
0.2689414213699951;(153, 3);1
0.23370635691404026;(153, 3);2
0.14804719051380197;(153, 3);3
0.43782349911420193;(153, 3);4
0.2450850021044189;(153, 3);5
0.0534033328129234;(153, 3);6
0.5467381519846138;(153, 3);7
0.37754066879814546;(153, 3);8
0.34864513533394575;(153, 3);9
0.9324533051062237;(154, 0);0
0.7310585786300048;(154, 0);1
0.9241418283357702;(154, 0);2
0.8991213772699435;(154, 0);3
0.8354835452961427;(154, 0);4
0.8872045937171069;(154, 0);5
0.8175744850834649;(154, 0);6
0.8670357494949105;(154, 0);7
0.8807970842359877;(154, 0);8
0.9241418116217418;(154, 0);9
0.8175744761936437;(154, 1);0
0.7310585903489892;(154, 1);1
0.5312093733737563;(154, 1);2
0.7772998611746911;(154, 1);3
0.7057850278370112;(154, 1);4
0.8080672043084051;(154, 1);5
0.37754064078352023;(154, 1);6
0.46879062662624377;(154, 1);7
0.6224593312018545;(154, 1);8
0.7310585669110202;(154, 1);9
0.7310585786300049;(154, 2);0
0.6370307944803831;(154, 2);1
0.692641983134736;(154, 2);2
0.7185943925708561;(154, 2);3
0.4687906266262437;(154, 2);4
0.6513548646660542;(154, 2);5
0.6224593312018545;(154, 2);6
0.5312093733737563;(154, 2);7
0.4378234991142019;(154, 2);8
0.6513548646660542;(154, 2);9
0.7981867777396212;(154, 3);0
0.6513548646660543;(154, 3);1
0.7772998714925403;(154, 3);2
0.7549149978955811;(154, 3);3
0.7549149868676284;(154, 3);4
0.6224593171945416;(154, 3);5
0.8438951182587158;(154, 3);6
0.8519527869325346;(154, 3);7
0.8740772482857833;(154, 3);8
0.6224593312018546;(154, 3);9
0.20181324146316568;(147, 2);0
0.4073334000459302;(147, 2);1
0.6926419831347361;(147, 2);2
0.4687906266262437;(147, 2);3
0.3629692055196168;(147, 2);4
0.5621765008857981;(147, 2);5
0.7431680086124811;(147, 2);6
0.754914997895581;(147, 2);7
0.4378234991142019;(147, 2);8
0.3486451353339458;(147, 2);9
0.2689414213699951;(147, 3);0
0.5;(147, 3);1
0.2942149721629888;(147, 3);2
0.5;(147, 3);3
0.5312093733737562;(147, 3);4
0.2689413979320269;(147, 3);5
0.5926665999540698;(147, 3);6
0.3208212748495002;(147, 3);7
0.320821300824607;(147, 3);8
0.3775406687981454;(147, 3);9
0.3923368301671084;(148, 0);0
0.5;(148, 0);1
0.3073580168652638;(148, 0);2
0.320821300824607;(148, 0);3
0.4378234991142019;(148, 0);4
0.5312093733737563;(148, 0);5
0.6224593312018546;(148, 0);6
0.46879062662624377;(148, 0);7
0.34864514886966624;(148, 0);8
0.46879062662624377;(148, 0);9
0.665410558746814;(148, 1);0
0.705785040214066;(148, 1);1
0.8080672320414787;(148, 1);2
0.743168019989179;(148, 1);3
0.7879311956428946;(148, 1);4
0.8267117940706734;(148, 1);5
0.5621765008857981;(148, 1);6
0.7549149868676283;(148, 1);7
0.7981867969424066;(148, 1);8
0.679178699175393;(148, 1);9
0.4073333856566001;(148, 2);0
0.2689414096510108;(148, 2);1
0.5;(148, 2);2
0.37754066879814546;(148, 2);3
0.5312093733737563;(148, 2);4
0.46879062662624377;(148, 2);5
0.25683199138751883;(148, 2);6
0.5;(148, 2);7
0.7549149978955811;(148, 2);8
0.5312093733737562;(148, 2);9
0.7549149978955811;(148, 3);0
0.7772998714925403;(148, 3);1
0.851952809486198;(148, 3);2
0.8872045877523147;(148, 3);3
0.78793120560257;(148, 3);4
0.6224593312018546;(148, 3);5
0.7310585786300049;(148, 3);6
0.7431680086124811;(148, 3);7
0.8740772482857833;(148, 3);8
0.7310585903489891;(148, 3);9
0.8175744850834648;(149, 0);0
0.7662936430859597;(149, 0);1
0.78793120560257;(149, 0);2
0.7981867873410141;(149, 0);3
0.6513548646660543;(149, 0);4
0.43782351378493656;(149, 0);5
0.6224593171945417;(149, 0);6
0.6513548646660542;(149, 0);7
0.5621765008857981;(149, 0);8
0.8740772286044094;(149, 0);9
0.8740772417253256;(149, 1);0
0.43782349911420193;(149, 1);1
0.8175744761936437;(149, 1);2
0.5926665999540697;(149, 1);3
0.7431680086124812;(149, 1);4
0.8080672320414786;(149, 1);5
0.7310585903489891;(149, 1);6
0.6224593452091672;(149, 1);7
0.7549149868676284;(149, 1);8
0.6513548782017745;(149, 1);9
0.8807970654616711;(149, 2);0
0.9284087965937711;(149, 2);1
0.9149009549929799;(149, 2);2
0.8933094003735664;(149, 2);3
0.8670357598021707;(149, 2);4
0.9579122720843811;(149, 2);5
0.9046505351008904;(149, 2);6
0.880797071719777;(149, 2);7
0.8991213826762112;(149, 2);8
0.9465966702001758;(149, 2);9
0.25683196863412355;(149, 3);0
0.7057850278370112;(149, 3);1
0.8175744584140003;(149, 3);2
0.320821300824607;(149, 3);3
0.6224593312018546;(149, 3);4
0.5926665999540698;(149, 3);5
0.46879062662624377;(149, 3);6
0.6513548646660543;(149, 3);7
0.7310585669110203;(149, 3);8
0.679178699175393;(149, 3);9
0.40733340004593027;(155, 0);0
0.5621765008857981;(155, 0);1
0.3775406687981454;(155, 0);2
0.546738151984614;(155, 0);3
0.320821300824607;(155, 0);4
0.40733340004593027;(155, 0);5
0.37754066879814546;(155, 0);6
0.5926665999540697;(155, 0);7
0.6513548646660543;(155, 0);8
0.4378234991142018;(155, 0);9
0.5312093733737563;(155, 1);0
0.5926665999540697;(155, 1);1
0.4073334000459302;(155, 1);2
0.6224593312018546;(155, 1);3
0.5;(155, 1);4
0.7549149868676283;(155, 1);5
0.6926419831347361;(155, 1);6
0.29421497216298875;(155, 1);7
0.14033624229926062;(155, 1);8
0.4687906266262437;(155, 1);9
0.5312093733737563;(155, 2);0
0.4073334000459302;(155, 2);1
0.5;(155, 2);2
0.5926665999540698;(155, 2);3
0.5;(155, 2);4
0.4378234844434674;(155, 2);5
0.46879062662624366;(155, 2);6
0.5926665999540697;(155, 2);7
0.6791786861878392;(155, 2);8
0.4378235137849365;(155, 2);9
0.7662936324115011;(155, 3);0
0.8519527944504227;(155, 3);1
0.9046505402422645;(155, 3);2
0.8080672135527632;(155, 3);3
0.8519527869325346;(155, 3);4
0.8080672135527631;(155, 3);5
0.8438951104066293;(155, 3);6
0.679178699175393;(155, 3);7
0.7431680086124811;(155, 3);8
0.7772998508568416;(155, 3);9
0.6654105587468141;(156, 0);0
0.7549149978955811;(156, 0);1
0.5926665999540698;(156, 0);2
0.6224593312018546;(156, 0);3
0.34864513533394575;(156, 0);4
0.8267117855317474;(156, 0);5
0.8175744673038222;(156, 0);6
0.40733340004593027;(156, 0);7
0.43782349911420193;(156, 0);8
0.679178699175393;(156, 0);9
0.320821300824607;(156, 1);0
0.6791787121629466;(156, 1);1
0.05033063544642758;(156, 1);2
0.6224593452091672;(156, 1);3
0.22270013882530887;(156, 1);4
0.5621765008857982;(156, 1);5
0.36296920551961687;(156, 1);6
0.6370307944803832;(156, 1);7
0.2942149721629888;(156, 1);8
0.679178699175393;(156, 1);9
0.893309411735131;(156, 2);0
0.7772998611746912;(156, 2);1
0.8438951025545427;(156, 2);2
0.8596637648915616;(156, 2);3
0.8740772417253256;(156, 2);4
0.8267117940706734;(156, 2);5
0.743168019989179;(156, 2);6
0.9046505402422645;(156, 2);7
0.8807970904940926;(156, 2);8
0.7981867777396211;(156, 2);9
0.6224593312018546;(156, 3);0
0.5621765008857982;(156, 3);1
0.5312093733737562;(156, 3);2
0.6513548782017745;(156, 3);3
0.4687906266262437;(156, 3);4
0.7981867969424067;(156, 3);5
0.5926666143434;(156, 3);6
0.6513548511303338;(156, 3);7
0.7981867777396212;(156, 3);8
0.7057850278370112;(156, 3);9
0.320821300824607;(157, 0);0
0.5926665999540698;(157, 0);1
0.4378234991142019;(157, 0);2
0.5926665999540698;(157, 0);3
0.8438951104066293;(157, 0);4
0.5621765008857981;(157, 0);5
0.5312093733737562;(157, 0);6
0.6224593312018546;(157, 0);7
0.6791787121629466;(157, 0);8
0.5926665999540697;(157, 0);9
0.8080672043084051;(157, 1);0
0.6513548646660543;(157, 1);1
0.8354835207180245;(157, 1);2
0.37754068280545827;(157, 1);3
0.34864510826250544;(157, 1);4
0.34864513533394575;(157, 1);5
0.5;(157, 1);6
0.8354835371034368;(157, 1);7
0.4378234991142019;(157, 1);8
0.4687906266262437;(157, 1);9
0.4378234991142019;(157, 2);0
0.7879312056025699;(157, 2);1
0.859663754105328;(157, 2);2
0.8519528170040853;(157, 2);3
0.679178699175393;(157, 2);4
0.8175744939732855;(157, 2);5
0.5621765008857981;(157, 2);6
0.7057850154599562;(157, 2);7
0.7772998714925403;(157, 2);8
0.679178699175393;(157, 2);9
0.34864513533394575;(157, 3);0
0.8740772351648676;(157, 3);1
0.4073334000459303;(157, 3);2
0.893309411735131;(157, 3);3
0.8670357598021707;(157, 3);4
0.3775406687981454;(157, 3);5
0.8991213718636752;(157, 3);6
0.8438951025545426;(157, 3);7
0.7310585669110202;(157, 3);8
0.6224593312018546;(157, 3);9
0.7549149813536518;(158, 0);0
0.679178699175393;(158, 0);1
0.5;(158, 0);2
0.78793120560257;(158, 0);3
0.7057850402140659;(158, 0);4
0.7310585786300049;(158, 0);5
0.7431680199891789;(158, 0);6
0.5621765008857982;(158, 0);7
0.6224593312018546;(158, 0);8
0.6224593312018546;(158, 0);9
0.8740772286044095;(158, 1);0
0.8740772286044094;(158, 1);1
0.8991213718636754;(158, 1);2
0.8740772286044095;(158, 1);3
0.8740772417253256;(158, 1);4
0.9399133515091157;(158, 1);5
0.8740772286044094;(158, 1);6
0.9099070060380482;(158, 1);7
0.8740772482857831;(158, 1);8
0.8740772220439509;(158, 1);9
0.5926665999540698;(158, 2);0
0.5621765008857981;(158, 2);1
0.7981867777396212;(158, 2);2
0.6224593312018546;(158, 2);3
0.7981867729389246;(158, 2);4
0.4378234991142019;(158, 2);5
0.7057850154599562;(158, 2);6
0.6926419831347361;(158, 2);7
0.7310585786300048;(158, 2);8
0.5312093585306515;(158, 2);9
0.679178699175393;(158, 3);0
0.6224593312018545;(158, 3);1
0.5;(158, 3);2
0.7057850278370112;(158, 3);3
0.6513548511303338;(158, 3);4
0.6513548782017745;(158, 3);5
0.5;(158, 3);6
0.6224593171945417;(158, 3);7
0.5621765008857982;(158, 3);8
0.7549149868676283;(158, 3);9
0.8933094003735664;(159, 0);0
0.9099070011518829;(159, 0);1
0.932453308860371;(159, 0);2
0.9284087926320945;(159, 0);3
0.9324533032291501;(159, 0);4
0.9046505453836382;(159, 0);5
0.8807970904940925;(159, 0);6
0.8175744673038221;(159, 0);7
0.9284088005554476;(159, 0);8
0.9196425223682086;(159, 0);9
0.705785040214066;(159, 1);0
0.7772998611746912;(159, 1);1
0.6224593171945417;(159, 1);2
0.8807970717197771;(159, 1);3
0.6513548782017745;(159, 1);4
0.7981867777396212;(159, 1);5
0.8175744939732855;(159, 1);6
0.7549149758396752;(159, 1);7
0.7057850278370111;(159, 1);8
0.8354835207180243;(159, 1);9
0.7549149868676283;(159, 2);0
0.7310585669110202;(159, 2);1
0.7549149868676283;(159, 2);2
0.7310585669110203;(159, 2);3
0.8872046056466901;(159, 2);4
0.7057850278370112;(159, 2);5
0.705785040214066;(159, 2);6
0.8267117855317474;(159, 2);7
0.5621764862150636;(159, 2);8
0.8596637505099168;(159, 2);9
0.8438950868503681;(159, 3);0
0.6224593312018546;(159, 3);1
0.743167997235783;(159, 3);2
0.743167997235783;(159, 3);3
0.8080672135527632;(159, 3);4
0.7772998611746912;(159, 3);5
0.6224593312018546;(159, 3);6
0.8596637577007393;(159, 3);7
0.7772998611746911;(159, 3);8
0.7772998611746912;(159, 3);9
0.9099070109242131;(160, 0);0
0.8519528170040852;(160, 0);1
0.7057850278370112;(160, 0);2
0.8872045877523147;(160, 0);3
0.8933094003735664;(160, 0);4
0.8807970779778824;(160, 0);5
0.9046505351008904;(160, 0);6
0.8872045996818987;(160, 0);7
0.9433475746920262;(160, 0);8
0.9099070060380482;(160, 0);9
0.6513548646660542;(160, 1);0
0.43782349911420193;(160, 1);1
0.6791786991753931;(160, 1);2
0.5312093733737563;(160, 1);3
0.6224593171945417;(160, 1);4
0.5312093733737562;(160, 1);5
0.6224593452091672;(160, 1);6
0.40733340004593027;(160, 1);7
0.320821300824607;(160, 1);8
0.705785040214066;(160, 1);9
0.5926665999540698;(160, 2);0
0.34864513533394575;(160, 2);1
0.4687906266262437;(160, 2);2
0.7310585786300049;(160, 2);3
0.6224593312018545;(160, 2);4
0.43782349911420193;(160, 2);5
0.4378234991142019;(160, 2);6
0.6791787121629466;(160, 2);7
0.6224593171945417;(160, 2);8
0.7431679972357831;(160, 2);9
0.7981867777396212;(160, 3);0
0.8175744850834649;(160, 3);1
0.6224593312018545;(160, 3);2
0.8267117940706734;(160, 3);3
0.4687906266262437;(160, 3);4
0.7185943805178139;(160, 3);5
0.6076631698328916;(160, 3);6
0.8670357598021706;(160, 3);7
0.37754069681277136;(160, 3);8
0.914900957313305;(160, 3);9
0.7981867873410141;(161, 0);0
0.546738151984614;(161, 0);1
0.39233683016710835;(161, 0);2
0.334589441253186;(161, 0);3
0.7772998611746912;(161, 0);4
0.5;(161, 0);5
0.766293653760418;(161, 0);6
0.7431680086124811;(161, 0);7
0.7431680086124811;(161, 0);8
0.8438951182587158;(161, 0);9
0.3775406687981454;(161, 1);0
0.5;(161, 1);1
0.6513548782017745;(161, 1);2
0.7057850402140659;(161, 1);3
0.798186768138228;(161, 1);4
0.7185943925708562;(161, 1);5
0.5774953651858117;(161, 1);6
0.5312093733737563;(161, 1);7
0.5621765008857982;(161, 1);8
0.5;(161, 1);9
0.1919327864472368;(161, 2);0
0.808067204308405;(161, 2);1
0.46879062662624377;(161, 2);2
0.5926665999540698;(161, 2);3
0.3629692055196168;(161, 2);4
0.5926665855647395;(161, 2);5
0.5621765008857981;(161, 2);6
0.7981867873410141;(161, 2);7
0.2942149721629888;(161, 2);8
0.6076631698328917;(161, 2);9
0.8596637577007393;(161, 3);0
0.8267117940706734;(161, 3);1
0.7879311956428946;(161, 3);2
0.8175744584140003;(161, 3);3
0.8080672227971212;(161, 3);4
0.7879311956428946;(161, 3);5
0.8438950947024555;(161, 3);6
0.8519528019683106;(161, 3);7
0.8267117855317474;(161, 3);8
0.798186768138228;(161, 3);9
0.8670357666736772;(162, 0);0
0.8872045877523148;(162, 0);1
0.8596637648915617;(162, 0);2
0.8933094060543487;(162, 0);3
0.8175744761936437;(162, 0);4
0.7549149758396752;(162, 0);5
0.8670357529306639;(162, 0);6
0.8740772286044095;(162, 0);7
0.9046505453836383;(162, 0);8
0.8670357598021708;(162, 0);9
0.5621765008857981;(162, 1);0
0.7662936430859598;(162, 1);1
0.6224593312018546;(162, 1);2
0.7057850402140659;(162, 1);3
0.6513548511303336;(162, 1);4
0.6654105587468141;(162, 1);5
0.4378234991142018;(162, 1);6
0.6224593312018545;(162, 1);7
0.5621765008857982;(162, 1);8
0.7185944046238981;(162, 1);9
0.5;(162, 2);0
0.7310585669110203;(162, 2);1
0.13296425394084313;(162, 2);2
0.8670357598021707;(162, 2);3
0.37754066879814546;(162, 2);4
0.4073334000459302;(162, 2);5
0.7057850402140659;(162, 2);6
0.4378234991142019;(162, 2);7
0.5926665999540697;(162, 2);8
0.334589441253186;(162, 2);9
0.6224593452091672;(162, 3);0
0.4687906266262438;(162, 3);1
0.5312093733737562;(162, 3);2
0.348645162405387;(162, 3);3
0.5;(162, 3);4
0.2450850131323717;(162, 3);5
0.4378234991142019;(162, 3);6
0.6224593312018546;(162, 3);7
0.5621765008857982;(162, 3);8
0.5;(162, 3);9
0.5926665855647395;(163, 0);0
0.6513548646660542;(163, 0);1
0.5;(163, 0);2
0.7310585786300049;(163, 0);3
0.3775406547908328;(163, 0);4
0.22270013882530884;(163, 0);5
0.5312093733737563;(163, 0);6
0.679178699175393;(163, 0);7
0.6791787121629466;(163, 0);8
0.7057850278370112;(163, 0);9
0.46879062662624377;(163, 1);0
0.320821300824607;(163, 1);1
0.7310585786300049;(163, 1);2
0.5;(163, 1);3
0.679178699175393;(163, 1);4
0.679178699175393;(163, 1);5
0.5621765008857982;(163, 1);6
0.5926665999540698;(163, 1);7
0.5;(163, 1);8
0.3775406687981454;(163, 1);9
0.7549149868676284;(163, 2);0
0.5312093733737563;(163, 2);1
0.5312093733737563;(163, 2);2
0.6224593312018545;(163, 2);3
0.5621765008857981;(163, 2);4
0.3775406687981454;(163, 2);5
0.5926665999540698;(163, 2);6
0.5621765008857981;(163, 2);7
0.5621765008857982;(163, 2);8
0.46879062662624377;(163, 2);9
0.7772998611746912;(163, 3);0
0.8438950947024555;(163, 3);1
0.28140560742914383;(163, 3);2
0.7772998714925402;(163, 3);3
0.8438951025545426;(163, 3);4
0.835483553488848;(163, 3);5
0.8354835207180245;(163, 3);6
0.8740772482857831;(163, 3);7
0.787931185683219;(163, 3);8
0.835483553488848;(163, 3);9
0.8740772482857831;(164, 0);0
0.8740772482857833;(164, 0);1
0.8438951104066293;(164, 0);2
0.8438951104066293;(164, 0);3
0.9241418158002492;(164, 0);4
0.8807970842359877;(164, 0);5
0.8596637433190939;(164, 0);6
0.8933094003735664;(164, 0);7
0.8872045817875223;(164, 0);8
0.9241418199787564;(164, 0);9
0.743167997235783;(164, 1);0
0.8080672320414787;(164, 1);1
0.7981867969424067;(164, 1);2
0.7772998714925402;(164, 1);3
0.6224593312018546;(164, 1);4
0.7057850154599562;(164, 1);5
0.7772998714925402;(164, 1);6
0.6224593312018546;(164, 1);7
0.8175744850834648;(164, 1);8
0.7057850154599562;(164, 1);9
0.7310585786300049;(164, 2);0
0.7431680086124811;(164, 2);1
0.7057850154599563;(164, 2);2
0.7310585786300049;(164, 2);3
0.4687906266262438;(164, 2);4
0.3486451082625054;(164, 2);5
0.8438951182587158;(164, 2);6
0.7549149758396752;(164, 2);7
0.6791786991753931;(164, 2);8
0.5926665855647395;(164, 2);9
0.6513548646660543;(164, 3);0
0.6224593312018546;(164, 3);1
0.3629692055196168;(164, 3);2
0.5;(164, 3);3
0.5926666143433998;(164, 3);4
0.6513548782017745;(164, 3);5
0.6224593171945416;(164, 3);6
0.5;(164, 3);7
0.679178699175393;(164, 3);8
0.7981867969424067;(164, 3);9
0.8354835534888478;(165, 0);0
0.8519528019683106;(165, 0);1
0.851952809486198;(165, 0);2
0.8438951025545425;(165, 0);3
0.8596637505099168;(165, 0);4
0.8354835534888481;(165, 0);5
0.8670357735451835;(165, 0);6
0.8519527869325346;(165, 0);7
0.8740772351648677;(165, 0);8
0.8670357735451835;(165, 0);9
0.6926419831347361;(165, 1);0
0.665410558746814;(165, 1);1
0.7549149868676284;(165, 1);2
0.5926665999540697;(165, 1);3
0.6224593312018546;(165, 1);4
0.40733340004593016;(165, 1);5
0.3629692055196168;(165, 1);6
0.7431680086124812;(165, 1);7
0.6513548646660542;(165, 1);8
0.7185943925708562;(165, 1);9
0.5621765008857981;(165, 2);0
0.7879311956428946;(165, 2);1
0.5312093733737563;(165, 2);2
0.5312093733737563;(165, 2);3
0.42250463481418826;(165, 2);4
0.4073333856566001;(165, 2);5
0.6224593171945416;(165, 2);6
0.43782349911420193;(165, 2);7
0.7057850278370112;(165, 2);8
0.294214996917099;(165, 2);9
0.6513548511303336;(165, 3);0
0.6791786861878392;(165, 3);1
0.6224593312018545;(165, 3);2
0.6370307944803832;(165, 3);3
0.5312093733737563;(165, 3);4
0.2942149721629888;(165, 3);5
0.29421498454004374;(165, 3);6
0.5;(165, 3);7
0.743167997235783;(165, 3);8
0.5926665999540697;(165, 3);9
0.9496693702514737;(166, 0);0
0.8670357529306639;(166, 0);1
0.8519528170040852;(166, 0);2
0.8933094174159129;(166, 0);3
0.9099070109242131;(166, 0);4
0.9324533051062237;(166, 0);5
0.8267117855317474;(166, 0);6
0.7772998508568416;(166, 0);7
0.9196425267730008;(166, 0);8
0.880797065461671;(166, 0);9
0.6513548646660543;(166, 1);0
0.48438008427698437;(166, 1);1
0.24508503518827837;(166, 1);2
0.6224593312018545;(166, 1);3
0.5;(166, 1);4
0.7310585903489892;(166, 1);5
0.7185943925708561;(166, 1);6
0.766293653760418;(166, 1);7
0.665410558746814;(166, 1);8
0.5312093733737563;(166, 1);9
0.5312093733737563;(166, 2);0
0.6791787121629465;(166, 2);1
0.5621765008857982;(166, 2);2
0.7185943805178139;(166, 2);3
0.7549149868676284;(166, 2);4
0.8354835534888478;(166, 2);5
0.3486451353339458;(166, 2);6
0.320821326799715;(166, 2);7
0.5312093733737563;(166, 2);8
0.679178699175393;(166, 2);9
0.6224593312018545;(166, 3);0
0.7185943925708561;(166, 3);1
0.679178699175393;(166, 3);2
0.5;(166, 3);3
0.6224593312018546;(166, 3);4
0.5;(166, 3);5
0.4687906266262437;(166, 3);6
0.7310585786300049;(166, 3);7
0.2337063782629579;(166, 3);8
0.7310585669110203;(166, 3);9
0.8933094117351309;(167, 0);0
0.8175744939732856;(167, 0);1
0.8740772417253256;(167, 0);2
0.7879311856832191;(167, 0);3
0.9046505248181418;(167, 0);4
0.8267118026095992;(167, 0);5
0.8267118026095991;(167, 0);6
0.8670357598021708;(167, 0);7
0.8080672320414786;(167, 0);8
0.8175744939732856;(167, 0);9
0.6513548646660543;(167, 1);0
0.6926419831347361;(167, 1);1
0.6076631698328916;(167, 1);2
0.37754066879814546;(167, 1);3
0.6791786861878392;(167, 1);4
0.5926665999540698;(167, 1);5
0.7549149868676283;(167, 1);6
0.679178699175393;(167, 1);7
0.7772998611746912;(167, 1);8
0.3486451488696663;(167, 1);9
0.7057850278370112;(167, 2);0
0.4378234991142019;(167, 2);1
0.5926665999540699;(167, 2);2
0.679178699175393;(167, 2);3
0.6926419831347361;(167, 2);4
0.46879062662624377;(167, 2);5
0.5926665999540697;(167, 2);6
0.5;(167, 2);7
0.6224593452091672;(167, 2);8
0.5312093733737563;(167, 2);9
0.4378234844434674;(167, 3);0
0.5926665999540697;(167, 3);1
0.5774953651858118;(167, 3);2
0.37754065479083276;(167, 3);3
0.3775406687981454;(167, 3);4
0.7310585903489891;(167, 3);5
0.320821326799715;(167, 3);6
0.7057850278370111;(167, 3);7
0.679178699175393;(167, 3);8
0.4687906266262437;(167, 3);9
0.3775406687981454;(168, 0);0
0.4687906266262437;(168, 0);1
0.7185943925708561;(168, 0);2
0.6224593171945417;(168, 0);3
0.5621765008857981;(168, 0);4
0.4225046348141883;(168, 0);5
0.679178699175393;(168, 0);6
0.4378234991142019;(168, 0);7
0.5926665855647395;(168, 0);8
0.5621765008857981;(168, 0);9
0.6513548782017745;(168, 1);0
0.7310585786300049;(168, 1);1
0.5926665999540698;(168, 1);2
0.26894142136999516;(168, 1);3
0.8354835371034368;(168, 1);4
0.6791787121629466;(168, 1);5
0.7549149758396752;(168, 1);6
0.8175744673038222;(168, 1);7
0.46879062662624377;(168, 1);8
0.835483553488848;(168, 1);9
0.7310585903489891;(168, 2);0
0.24508501313237172;(168, 2);1
0.5312093733737562;(168, 2);2
0.5;(168, 2);3
0.5;(168, 2);4
0.6926419958239132;(168, 2);5
0.5621765155565326;(168, 2);6
0.7057850154599563;(168, 2);7
0.5621765008857982;(168, 2);8
0.5926665999540698;(168, 2);9
0.8175744584140004;(168, 3);0
0.8267118111485244;(168, 3);1
0.9196425267730008;(168, 3);2
0.7981867777396212;(168, 3);3
0.8519528170040853;(168, 3);4
0.8991213826762114;(168, 3);5
0.8596637433190939;(168, 3);6
0.7772998611746911;(168, 3);7
0.8872045877523148;(168, 3);8
0.8354835452961425;(168, 3);9
0.6224593312018545;(169, 0);0
0.5312093733737563;(169, 0);1
0.4687906266262437;(169, 0);2
0.6654105454764747;(169, 0);3
0.6926419831347361;(169, 0);4
0.46879062662624377;(169, 0);5
0.6926419831347361;(169, 0);6
0.6791786861878392;(169, 0);7
0.7057850278370112;(169, 0);8
0.6224593312018546;(169, 0);9
0.665410558746814;(169, 1);0
0.7981867777396211;(169, 1);1
0.7772998611746912;(169, 1);2
0.679178699175393;(169, 1);3
0.7310585903489892;(169, 1);4
0.7057850154599563;(169, 1);5
0.8354835207180245;(169, 1);6
0.7549149758396752;(169, 1);7
0.7310585903489891;(169, 1);8
0.5;(169, 1);9
0.7310585669110202;(169, 2);0
0.4073334000459302;(169, 2);1
0.320821300824607;(169, 2);2
0.5926665855647395;(169, 2);3
0.4378234991142019;(169, 2);4
0.6224593312018546;(169, 2);5
0.5312093733737562;(169, 2);6
0.6513548646660542;(169, 2);7
0.4073334000459302;(169, 2);8
0.320821300824607;(169, 2);9
0.9099069987088003;(169, 3);0
0.7549149868676283;(169, 3);1
0.9284087965937711;(169, 3);2
0.8991213718636752;(169, 3);3
0.8740772351648678;(169, 3);4
0.8740772253241803;(169, 3);5
0.936285002192296;(169, 3);6
0.9099070084811307;(169, 3);7
0.9362850128595114;(169, 3);8
0.8991213826762113;(169, 3);9
0.18242552380635635;(175, 0);0
0.3775406687981454;(175, 0);1
0.6926419958239132;(175, 0);2
0.40733341443526055;(175, 0);3
0.42250463481418826;(175, 0);4
0.6926419704455589;(175, 0);5
0.6370307944803831;(175, 0);6
0.8519528019683106;(175, 0);7
0.6076631698328916;(175, 0);8
0.6224593312018546;(175, 0);9
0.7310585786300049;(175, 1);0
0.7057850278370112;(175, 1);1
0.798186787341014;(175, 1);2
0.2568320141409155;(175, 1);3
0.8670357598021708;(175, 1);4
0.7310585669110203;(175, 1);5
0.7549149758396752;(175, 1);6
0.7879311956428947;(175, 1);7
0.7662936430859597;(175, 1);8
0.7185943925708561;(175, 1);9
0.8872045877523147;(175, 2);0
0.8670357598021707;(175, 2);1
0.8438951025545427;(175, 2);2
0.8740772417253256;(175, 2);3
0.8438950947024556;(175, 2);4
0.8740772286044095;(175, 2);5
0.8596637361282707;(175, 2);6
0.8354835452961425;(175, 2);7
0.5621765008857982;(175, 2);8
0.40733340004593027;(175, 2);9
0.7662936430859597;(175, 3);0
0.679178699175393;(175, 3);1
0.5926665855647394;(175, 3);2
0.5;(175, 3);3
0.7310585903489892;(175, 3);4
0.743167997235783;(175, 3);5
0.46879062662624377;(175, 3);6
0.4687906266262437;(175, 3);7
0.34864513533394575;(175, 3);8
0.5;(175, 3);9
0.78793120560257;(176, 0);0
0.32082128783705344;(176, 0);1
0.4378234991142019;(176, 0);2
0.4073334000459302;(176, 0);3
0.3073580168652638;(176, 0);4
0.5926665855647394;(176, 0);5
0.14033624949008322;(176, 0);6
0.34864514886966624;(176, 0);7
0.787931185683219;(176, 0);8
0.6654105454764747;(176, 0);9
0.5621765008857981;(176, 1);0
0.4687906266262437;(176, 1);1
0.5156199157230157;(176, 1);2
0.5;(176, 1);3
0.6513548646660543;(176, 1);4
0.665410558746814;(176, 1);5
0.5621765008857981;(176, 1);6
0.754914997895581;(176, 1);7
0.5312093733737563;(176, 1);8
0.5621765008857982;(176, 1);9
0.43782351378493645;(176, 2);0
0.4378234991142019;(176, 2);1
0.5312093733737562;(176, 2);2
0.5;(176, 2);3
0.4687906266262437;(176, 2);4
0.5312093733737562;(176, 2);5
0.5926665999540698;(176, 2);6
0.6224593312018546;(176, 2);7
0.6513548646660543;(176, 2);8
0.766293653760418;(176, 2);9
0.8080672227971211;(176, 3);0
0.8438951025545426;(176, 3);1
0.6513548646660542;(176, 3);2
0.754914975839675;(176, 3);3
0.8670357598021706;(176, 3);4
0.7879311956428946;(176, 3);5
0.8175744761936437;(176, 3);6
0.8267118026095991;(176, 3);7
0.7772998611746911;(176, 3);8
0.7185943925708561;(176, 3);9
0.8438951104066295;(177, 0);0
0.7057850278370112;(177, 0);1
0.8872045996818987;(177, 0);2
0.8740772351648677;(177, 0);3
0.7981867681382279;(177, 0);4
0.8519528019683105;(177, 0);5
0.8175744584140004;(177, 0);6
0.9099070060380482;(177, 0);7
0.8438951025545426;(177, 0);8
0.8267117855317474;(177, 0);9
0.8807970904940926;(177, 1);0
0.9196425311777929;(177, 1);1
0.8519528019683106;(177, 1);2
0.8175744761936437;(177, 1);3
0.914900957313305;(177, 1);4
0.8991213826762113;(177, 1);5
0.8354835289107307;(177, 1);6
0.8519527944504227;(177, 1);7
0.899121388082479;(177, 1);8
0.8596637505099168;(177, 1);9
0.3629692055196168;(177, 2);0
0.5621765008857982;(177, 2);1
0.5;(177, 2);2
0.5;(177, 2);3
0.320821300824607;(177, 2);4
0.5621765008857981;(177, 2);5
0.3208213008246071;(177, 2);6
0.4073334000459302;(177, 2);7
0.43782349911420193;(177, 2);8
0.4378234991142018;(177, 2);9
0.6791786991753931;(177, 3);0
0.7772998611746912;(177, 3);1
0.37754066879814546;(177, 3);2
0.3775406547908328;(177, 3);3
0.5312093733737563;(177, 3);4
0.5312093733737563;(177, 3);5
0.7772998611746911;(177, 3);6
0.7549149978955811;(177, 3);7
0.7185943925708562;(177, 3);8
0.7310585903489891;(177, 3);9
0.8872045817875224;(178, 0);0
0.8596637577007394;(178, 0);1
0.8740772286044095;(178, 0);2
0.9149009596336303;(178, 0);3
0.7772998405389918;(178, 0);4
0.8596637505099168;(178, 0);5
0.8933094117351309;(178, 0);6
0.8670357666736772;(178, 0);7
0.7981867777396212;(178, 0);8
0.9149009596336303;(178, 0);9
0.6224593312018546;(178, 1);0
0.808067204308405;(178, 1);1
0.7057850278370112;(178, 1);2
0.7662936324115011;(178, 1);3
0.7772998818103891;(178, 1);4
0.6224593312018547;(178, 1);5
0.7879311856832191;(178, 1);6
0.4378234991142019;(178, 1);7
0.8596637505099168;(178, 1);8
0.8354835289107307;(178, 1);9
0.743168019989179;(178, 2);0
0.4378234991142019;(178, 2);1
0.8175744850834648;(178, 2);2
0.39233683016710835;(178, 2);3
0.6370307944803832;(178, 2);4
0.7772998714925402;(178, 2);5
0.5312093733737563;(178, 2);6
0.7185944046238982;(178, 2);7
0.5;(178, 2);8
0.8438951104066293;(178, 2);9
0.5312093733737562;(178, 3);0
0.4687906266262437;(178, 3);1
0.43782349911420193;(178, 3);2
0.20181320305759334;(178, 3);3
0.5312093733737563;(178, 3);4
0.7549149758396753;(178, 3);5
0.3208213138121609;(178, 3);6
0.320821300824607;(178, 3);7
0.7057850278370112;(178, 3);8
0.6513548646660543;(178, 3);9
0.5;(179, 0);0
0.5621765008857982;(179, 0);1
0.5926665999540698;(179, 0);2
0.43782349911420193;(179, 0);3
0.7549149758396752;(179, 0);4
0.46879062662624377;(179, 0);5
0.5;(179, 0);6
0.8438951182587158;(179, 0);7
0.5;(179, 0);8
0.6513548646660543;(179, 0);9
0.7879312056025699;(179, 1);0
0.34864513533394575;(179, 1);1
0.5621765008857982;(179, 1);2
0.2120687844377551;(179, 1);3
0.8080672320414787;(179, 1);4
0.2942149597859341;(179, 1);5
0.6224593312018546;(179, 1);6
0.34864512179822543;(179, 1);7
0.1403362351084383;(179, 1);8
0.679178699175393;(179, 1);9
0.5926665999540697;(179, 2);0
0.7057850278370112;(179, 2);1
0.29421497216298875;(179, 2);2
0.679178699175393;(179, 2);3
0.5926665999540697;(179, 2);4
0.6224593171945417;(179, 2);5
0.6791786861878392;(179, 2);6
0.5621765008857981;(179, 2);7
0.6513548646660542;(179, 2);8
0.6513548646660542;(179, 2);9
0.7185943925708561;(179, 3);0
0.7057850278370111;(179, 3);1
0.8807970842359877;(179, 3);2
0.8872045937171068;(179, 3);3
0.867035752930664;(179, 3);4
0.679178699175393;(179, 3);5
0.7549149868676284;(179, 3);6
0.8175744673038222;(179, 3);7
0.6926420085130899;(179, 3);8
0.7185943925708561;(179, 3);9
0.4532618480153861;(180, 0);0
0.40733340004593027;(180, 0);1
0.5312093733737562;(180, 0);2
0.6791787121629466;(180, 0);3
0.2942149597859341;(180, 0);4
0.16451645470385745;(180, 0);5
0.2942149721629888;(180, 0);6
0.5621764862150634;(180, 0);7
0.5926665999540698;(180, 0);8
0.5;(180, 0);9
0.8519528019683106;(180, 1);0
0.8175744761936437;(180, 1);1
0.787931215562245;(180, 1);2
0.7431680086124812;(180, 1);3
0.7662936430859597;(180, 1);4
0.7185944046238981;(180, 1);5
0.8175744584140004;(180, 1);6
0.8670357666736772;(180, 1);7
0.8872045937171068;(180, 1);8
0.8991213772699435;(180, 1);9
0.22270012850745968;(180, 2);0
0.34864513533394575;(180, 2);1
0.3073580168652638;(180, 2);2
0.320821300824607;(180, 2);3
0.34864514886966624;(180, 2);4
0.20181320305759334;(180, 2);5
0.3775406687981454;(180, 2);6
0.6513548511303338;(180, 2);7
0.2814056074291438;(180, 2);8
0.34864513533394575;(180, 2);9
0.4687906266262437;(180, 3);0
0.4225046348141882;(180, 3);1
0.5621765008857981;(180, 3);2
0.5312093733737563;(180, 3);3
0.5312093733737563;(180, 3);4
0.4687906266262437;(180, 3);5
0.4687906266262437;(180, 3);6
0.4073334000459302;(180, 3);7
0.4073334000459302;(180, 3);8
0.37754066879814546;(180, 3);9
0.9099070109242131;(181, 0);0
0.8807970779778824;(181, 0);1
0.8670357460591569;(181, 0);2
0.9241418241572634;(181, 0);3
0.8933094003735665;(181, 0);4
0.7310585786300049;(181, 0);5
0.9196425311777929;(181, 0);6
0.8080672135527631;(181, 0);7
0.7981867873410141;(181, 0);8
0.8670357598021708;(181, 0);9
0.8175744584140003;(181, 1);0
0.6224593312018546;(181, 1);1
0.679178699175393;(181, 1);2
0.5;(181, 1);3
0.6654105587468141;(181, 1);4
0.46879062662624377;(181, 1);5
0.5621765008857981;(181, 1);6
0.4687906266262438;(181, 1);7
0.5312093733737563;(181, 1);8
0.39233683016710835;(181, 1);9
0.7057850402140659;(181, 2);0
0.43782351378493656;(181, 2);1
0.7549149868676283;(181, 2);2
0.5312093733737563;(181, 2);3
0.46879062662624377;(181, 2);4
0.7772998611746911;(181, 2);5
0.6513548646660543;(181, 2);6
0.7772998508568416;(181, 2);7
0.5312093733737563;(181, 2);8
0.6224593312018546;(181, 2);9
0.8267117940706734;(181, 3);0
0.7981867777396211;(181, 3);1
0.7662936430859598;(181, 3);2
0.7772998714925403;(181, 3);3
0.36296920551961676;(181, 3);4
0.7772998714925402;(181, 3);5
0.7549149868676283;(181, 3);6
0.5;(181, 3);7
0.6513548782017745;(181, 3);8
0.6791787121629466;(181, 3);9
0.4073334000459303;(182, 0);0
0.5926665999540698;(182, 0);1
0.679178686187839;(182, 0);2
0.5312093733737563;(182, 0);3
0.46879062662624377;(182, 0);4
0.2689414213699951;(182, 0);5
0.43782349911420193;(182, 0);6
0.6224593312018546;(182, 0);7
0.5;(182, 0);8
0.5;(182, 0);9
0.8872045937171068;(182, 1);0
0.8175744584140003;(182, 1);1
0.8991213880824791;(182, 1);2
0.874077222043951;(182, 1);3
0.6513548646660542;(182, 1);4
0.8933094174159127;(182, 1);5
0.8519528170040852;(182, 1);6
0.8354835411997897;(182, 1);7
0.8740772351648678;(182, 1);8
0.5926665999540698;(182, 1);9
0.6224593312018546;(182, 2);0
0.6224593312018546;(182, 2);1
0.5312093585306514;(182, 2);2
0.5621765008857981;(182, 2);3
0.6224593171945417;(182, 2);4
0.5926665999540698;(182, 2);5
0.798186787341014;(182, 2);6
0.43782349911420193;(182, 2);7
0.5312093733737563;(182, 2);8
0.34864514886966624;(182, 2);9
0.7549149868676284;(182, 3);0
0.43782349911420193;(182, 3);1
0.5312093733737563;(182, 3);2
0.5621764862150636;(182, 3);3
0.6224593312018546;(182, 3);4
0.5;(182, 3);5
0.5926665999540698;(182, 3);6
0.5312093733737563;(182, 3);7
0.5621765008857982;(182, 3);8
0.754914975839675;(182, 3);9
0.7310585786300049;(183, 0);0
0.40733340004593027;(183, 0);1
0.8354835289107307;(183, 0);2
0.893309411735131;(183, 0);3
0.4225046348141882;(183, 0);4
0.8267118026095991;(183, 0);5
0.7879311956428946;(183, 0);6
0.7662936430859597;(183, 0);7
0.8872046056466901;(183, 0);8
0.7431679972357831;(183, 0);9
0.8438950868503681;(183, 1);0
0.7981867681382279;(183, 1);1
0.9284088045171238;(183, 1);2
0.798186768138228;(183, 1);3
0.8438951104066293;(183, 1);4
0.9149009596336302;(183, 1);5
0.8670357598021707;(183, 1);6
0.8519527944504227;(183, 1);7
0.7549150089235336;(183, 1);8
0.8519528019683106;(183, 1);9
0.7879311856832191;(183, 2);0
0.7310585786300049;(183, 2);1
0.6513548511303336;(183, 2);2
0.8354835452961425;(183, 2);3
0.7772998611746912;(183, 2);4
0.8519528170040852;(183, 2);5
0.3486451217982255;(183, 2);6
0.8267117940706734;(183, 2);7
0.7981867681382279;(183, 2);8
0.7772998611746912;(183, 2);9
0.8175744850834649;(183, 3);0
0.8175744850834648;(183, 3);1
0.8670357529306639;(183, 3);2
0.7981867777396211;(183, 3);3
0.8438951104066293;(183, 3);4
0.7057850278370112;(183, 3);5
0.8438950868503681;(183, 3);6
0.8354835371034368;(183, 3);7
0.7549149868676283;(183, 3);8
0.8354835371034368;(183, 3);9
0.8596637433190939;(184, 0);0
0.8354835371034368;(184, 0);1
0.8080672135527632;(184, 0);2
0.8438950947024554;(184, 0);3
0.8080672227971211;(184, 0);4
0.8933094060543488;(184, 0);5
0.6224593171945416;(184, 0);6
0.8596637577007393;(184, 0);7
0.914900945711678;(184, 0);8
0.8519527944504227;(184, 0);9
0.5926666143433998;(184, 1);0
0.7662936430859597;(184, 1);1
0.40733340004593027;(184, 1);2
0.46879062662624377;(184, 1);3
0.46879062662624377;(184, 1);4
0.5;(184, 1);5
0.40733341443526055;(184, 1);6
0.4687906266262437;(184, 1);7
0.46879062662624377;(184, 1);8
0.5;(184, 1);9
0.5312093733737563;(184, 2);0
0.5;(184, 2);1
0.5312093733737563;(184, 2);2
0.1561048974454574;(184, 2);3
0.6791786861878392;(184, 2);4
0.3775406687981454;(184, 2);5
0.6513548646660542;(184, 2);6
0.37754066879814546;(184, 2);7
0.3486451353339458;(184, 2);8
0.5312093733737563;(184, 2);9
0.40733340004593027;(184, 3);0
0.6224593452091672;(184, 3);1
0.5312093733737562;(184, 3);2
0.29421497216298875;(184, 3);3
0.24508501313237172;(184, 3);4
0.5312093733737563;(184, 3);5
0.6224593312018546;(184, 3);6
0.4378234991142019;(184, 3);7
0.5926666143433998;(184, 3);8
0.6224593312018546;(184, 3);9
0.5621765008857981;(170, 0);0
0.28140563153522874;(170, 0);1
0.34864513533394575;(170, 0);2
0.46879062662624377;(170, 0);3
0.21206880435710532;(170, 0);4
0.6224593312018545;(170, 0);5
0.4378234991142019;(170, 0);6
0.3775406968127714;(170, 0);7
0.3775406687981454;(170, 0);8
0.4687906266262437;(170, 0);9
0.8267118111485244;(170, 1);0
0.3073580168652638;(170, 1);1
0.7185943925708562;(170, 1);2
0.8175744673038221;(170, 1);3
0.7772998611746911;(170, 1);4
0.4378234991142019;(170, 1);5
0.8175744939732856;(170, 1);6
0.8354835371034368;(170, 1);7
0.8080672227971211;(170, 1);8
0.0900929890757869;(170, 1);9
0.4378234991142019;(170, 2);0
0.5621765008857981;(170, 2);1
0.3775406547908328;(170, 2);2
0.3486451353339457;(170, 2);3
0.679178699175393;(170, 2);4
0.22270013882530887;(170, 2);5
0.5;(170, 2);6
0.40733340004593027;(170, 2);7
0.5;(170, 2);8
0.43782349911420193;(170, 2);9
0.7057850154599563;(170, 3);0
0.8080672135527631;(170, 3);1
0.5;(170, 3);2
0.8354835452961425;(170, 3);3
0.42250463481418826;(170, 3);4
0.6926419831347361;(170, 3);5
0.7772998611746911;(170, 3);6
0.8807970654616712;(170, 3);7
0.7057850278370112;(170, 3);8
0.8080672135527632;(170, 3);9
0.43782351378493656;(171, 0);0
0.2568319686341235;(171, 0);1
0.5926665999540698;(171, 0);2
0.6224593312018546;(171, 0);3
0.5;(171, 0);4
0.5;(171, 0);5
0.46879062662624366;(171, 0);6
0.5312093733737562;(171, 0);7
0.679178699175393;(171, 0);8
0.6513548511303338;(171, 0);9
0.5926665999540698;(171, 1);0
0.7549149868676283;(171, 1);1
0.679178699175393;(171, 1);2
0.6654105587468141;(171, 1);3
0.754914975839675;(171, 1);4
0.679178699175393;(171, 1);5
0.7310585903489891;(171, 1);6
0.6224593171945417;(171, 1);7
0.7057850154599562;(171, 1);8
0.7057850154599563;(171, 1);9
0.7057850278370111;(171, 2);0
0.7310585786300049;(171, 2);1
0.6224593452091672;(171, 2);2
0.5621765008857982;(171, 2);3
0.5926665999540698;(171, 2);4
0.6513548646660543;(171, 2);5
0.6513548646660543;(171, 2);6
0.5621765008857982;(171, 2);7
0.5621765008857981;(171, 2);8
0.5926665999540698;(171, 2);9
0.7057850278370112;(171, 3);0
0.8080672227971211;(171, 3);1
0.8740772351648677;(171, 3);2
0.8438951025545426;(171, 3);3
0.8872045996818987;(171, 3);4
0.880797065461671;(171, 3);5
0.8354835452961425;(171, 3);6
0.8438951182587159;(171, 3);7
0.8740772417253257;(171, 3);8
0.9099070109242131;(171, 3);9
0.4687906266262437;(172, 0);0
0.3073580168652638;(172, 0);1
0.6791786991753929;(172, 0);2
0.7057850402140659;(172, 0);3
0.7310585669110202;(172, 0);4
0.7310585786300048;(172, 0);5
0.6791786861878392;(172, 0);6
0.320821300824607;(172, 0);7
0.6513548646660542;(172, 0);8
0.19193276795852138;(172, 0);9
0.8080672320414786;(172, 1);0
0.7981867873410141;(172, 1);1
0.787931185683219;(172, 1);2
0.705785040214066;(172, 1);3
0.9046505351008906;(172, 1);4
0.7662936430859598;(172, 1);5
0.7549149868676283;(172, 1);6
0.7981867777396212;(172, 1);7
0.787931185683219;(172, 1);8
0.6791786991753931;(172, 1);9
0.46879061178313897;(172, 2);0
0.4073333856566001;(172, 2);1
0.6513548782017745;(172, 2);2
0.6513548511303336;(172, 2);3
0.6513548646660543;(172, 2);4
0.6791786991753929;(172, 2);5
0.665410572017153;(172, 2);6
0.5621765008857981;(172, 2);7
0.7431680086124811;(172, 2);8
0.8080672227971211;(172, 2);9
0.4687906266262437;(172, 3);0
0.3345894677938649;(172, 3);1
0.7057850278370114;(172, 3);2
0.22270012850745968;(172, 3);3
0.5;(172, 3);4
0.4378234991142018;(172, 3);5
0.5621765008857981;(172, 3);6
0.4073334000459302;(172, 3);7
0.7057850278370112;(172, 3);8
0.4378234991142019;(172, 3);9
0.8670357460591569;(173, 0);0
0.9046505402422645;(173, 0);1
0.9046505248181417;(173, 0);2
0.8354835371034368;(173, 0);3
0.8740772351648676;(173, 0);4
0.8596637505099168;(173, 0);5
0.9324533088603709;(173, 0);6
0.8740772286044095;(173, 0);7
0.7662936430859596;(173, 0);8
0.8596637577007393;(173, 0);9
0.5312093733737563;(173, 1);0
0.7185943925708562;(173, 1);1
0.5156199157230156;(173, 1);2
0.5312093733737563;(173, 1);3
0.5312093733737563;(173, 1);4
0.5467381519846138;(173, 1);5
0.5;(173, 1);6
0.5926665999540697;(173, 1);7
0.5926665999540698;(173, 1);8
0.6224593312018546;(173, 1);9
0.5926665999540698;(173, 2);0
0.6513548782017745;(173, 2);1
0.5621765008857981;(173, 2);2
0.4687906266262438;(173, 2);3
0.679178699175393;(173, 2);4
0.7185944046238981;(173, 2);5
0.7185943925708561;(173, 2);6
0.679178686187839;(173, 2);7
0.5926666143434;(173, 2);8
0.7772998611746912;(173, 2);9
0.5;(173, 3);0
0.5926665855647394;(173, 3);1
0.5926665999540698;(173, 3);2
0.6513548782017746;(173, 3);3
0.5621765008857981;(173, 3);4
0.5926665999540698;(173, 3);5
0.5312093733737562;(173, 3);6
0.5621765155565327;(173, 3);7
0.6513548646660543;(173, 3);8
0.4687906266262437;(173, 3);9
0.8670357460591569;(174, 0);0
0.8991213664574069;(174, 0);1
0.8740772286044095;(174, 0);2
0.9324533126145178;(174, 0);3
0.9149009503523291;(174, 0);4
0.909907010924213;(174, 0);5
0.826711776992821;(174, 0);6
0.8519528019683105;(174, 0);7
0.9433475699138558;(174, 0);8
0.9433475746920262;(174, 0);9
0.7879311757235431;(174, 1);0
0.5621765008857981;(174, 1);1
0.6224593312018546;(174, 1);2
0.5926665999540698;(174, 1);3
0.5621765008857982;(174, 1);4
0.7310585786300049;(174, 1);5
0.6224593312018545;(174, 1);6
0.6513548646660543;(174, 1);7
0.4073334000459302;(174, 1);8
0.679178699175393;(174, 1);9
0.5621765008857981;(174, 2);0
0.46879062662624377;(174, 2);1
0.437823499114202;(174, 2);2
0.7310585669110203;(174, 2);3
0.6513548511303338;(174, 2);4
0.6513548511303338;(174, 2);5
0.6224593452091672;(174, 2);6
0.5621765008857981;(174, 2);7
0.8519528019683105;(174, 2);8
0.24508502416032488;(174, 2);9
0.8354835452961425;(174, 3);0
0.28140563153522874;(174, 3);1
0.6791786991753929;(174, 3);2
0.5621765008857981;(174, 3);3
0.679178699175393;(174, 3);4
0.6513548782017745;(174, 3);5
0.679178699175393;(174, 3);6
0.6791787121629465;(174, 3);7
0.7185943925708562;(174, 3);8
0.8740772417253256;(174, 3);9
0.5926665999540698;(185, 0);0
0.6791786861878392;(185, 0);1
0.7772998611746911;(185, 0);2
0.8354835371034368;(185, 0);3
0.787931185683219;(185, 0);4
0.7185943925708561;(185, 0);5
0.665410558746814;(185, 0);6
0.7662936430859597;(185, 0);7
0.5;(185, 0);8
0.4843800842769845;(185, 0);9
0.7057850402140659;(185, 1);0
0.766293653760418;(185, 1);1
0.7549149868676283;(185, 1);2
0.880797071719777;(185, 1);3
0.7431679972357831;(185, 1);4
0.679178699175393;(185, 1);5
0.7057850278370112;(185, 1);6
0.8267117855317474;(185, 1);7
0.2942149721629888;(185, 1);8
0.8080672320414786;(185, 1);9
0.808067204308405;(185, 2);0
0.8267117940706734;(185, 2);1
0.7310585903489892;(185, 2);2
0.7772998611746911;(185, 2);3
0.7057850278370112;(185, 2);4
0.6224593452091672;(185, 2);5
0.7549149868676284;(185, 2);6
0.7879312056025699;(185, 2);7
0.7662936430859598;(185, 2);8
0.7981867777396212;(185, 2);9
0.8807970779778825;(185, 3);0
0.8872045996818986;(185, 3);1
0.9284088045171237;(185, 3);2
0.78793120560257;(185, 3);3
0.9149009549929797;(185, 3);4
0.8807970904940925;(185, 3);5
0.9196425267730008;(185, 3);6
0.7879311856832191;(185, 3);7
0.9046505299595162;(185, 3);8
0.9046505248181417;(185, 3);9
0.8670357666736772;(186, 0);0
0.7879311956428946;(186, 0);1
0.8354835452961425;(186, 0);2
0.16451646289656313;(186, 0);3
0.7662936430859597;(186, 0);4
0.8596637648915616;(186, 0);5
0.25683201414091544;(186, 0);6
0.8175744939732856;(186, 0);7
0.8872045817875223;(186, 0);8
0.7772998508568416;(186, 0);9
0.6224593312018546;(186, 1);0
0.5926665999540698;(186, 1);1
0.5312093733737563;(186, 1);2
0.6513548646660542;(186, 1);3
0.3775406687981454;(186, 1);4
0.46879062662624366;(186, 1);5
0.6513548646660542;(186, 1);6
0.5621765008857982;(186, 1);7
0.7057850154599562;(186, 1);8
0.679178686187839;(186, 1);9
0.754914997895581;(186, 2);0
0.25683199138751883;(186, 2);1
0.21206881431678096;(186, 2);2
0.30735801686526387;(186, 2);3
0.4687906266262438;(186, 2);4
0.6224593312018546;(186, 2);5
0.766293653760418;(186, 2);6
0.29421497216298875;(186, 2);7
0.5621765008857981;(186, 2);8
0.7057850278370111;(186, 2);9
0.46879062662624377;(186, 3);0
0.7310585786300049;(186, 3);1
0.4378234844434674;(186, 3);2
0.6513548646660542;(186, 3);3
0.7772998611746912;(186, 3);4
0.7981867777396211;(186, 3);5
0.6513548511303338;(186, 3);6
0.6224593312018546;(186, 3);7
0.7185943925708562;(186, 3);8
0.754914975839675;(186, 3);9
0.8872045937171067;(187, 0);0
0.7981867585368343;(187, 0);1
0.2689414213699951;(187, 0);2
0.9099070109242131;(187, 0);3
0.867035752930664;(187, 0);4
0.8991213880824789;(187, 0);5
0.8080672135527632;(187, 0);6
0.8740772417253255;(187, 0);7
0.899121388082479;(187, 0);8
0.8438951182587158;(187, 0);9
0.8080672135527632;(187, 1);0
0.8670357735451835;(187, 1);1
0.6791786991753929;(187, 1);2
0.7431680199891789;(187, 1);3
0.7185943925708562;(187, 1);4
0.8438951025545427;(187, 1);5
0.6513548646660542;(187, 1);6
0.8175744673038222;(187, 1);7
0.874077222043951;(187, 1);8
0.5312093733737563;(187, 1);9
0.5926665999540697;(187, 2);0
0.5621764862150636;(187, 2);1
0.5621765008857982;(187, 2);2
0.1732882059293266;(187, 2);3
0.6224593312018546;(187, 2);4
0.5;(187, 2);5
0.6370307944803831;(187, 2);6
0.6224593312018546;(187, 2);7
0.40733340004593027;(187, 2);8
0.5926665999540698;(187, 2);9
0.33458944125318596;(187, 3);0
0.7057850278370112;(187, 3);1
0.40733340004593027;(187, 3);2
0.16451646289656316;(187, 3);3
0.6076631698328917;(187, 3);4
0.7549149978955811;(187, 3);5
0.6224593312018546;(187, 3);6
0.7057850278370112;(187, 3);7
0.5621765008857981;(187, 3);8
0.46879062662624377;(187, 3);9
0.3923368301671084;(188, 0);0
0.8670357529306639;(188, 0);1
0.334589441253186;(188, 0);2
0.33458944125318596;(188, 0);3
0.6224593312018546;(188, 0);4
0.8519528170040852;(188, 0);5
0.7981867585368343;(188, 0);6
0.4687906266262437;(188, 0);7
0.7549149868676284;(188, 0);8
0.7310585903489891;(188, 0);9
0.6513548646660543;(188, 1);0
0.5621765008857982;(188, 1);1
0.4225046348141882;(188, 1);2
0.7981867777396212;(188, 1);3
0.5926665999540698;(188, 1);4
0.5;(188, 1);5
0.5926665999540698;(188, 1);6
0.6224593312018545;(188, 1);7
0.6654105587468141;(188, 1);8
0.7772998611746911;(188, 1);9
0.7772998611746911;(188, 2);0
0.8519528094861981;(188, 2);1
0.9099070060380482;(188, 2);2
0.9149009549929797;(188, 2);3
0.46879062662624377;(188, 2);4
0.9149009526726545;(188, 2);5
0.8267118026095991;(188, 2);6
0.8872045907347108;(188, 2);7
0.8267117769928211;(188, 2);8
0.78793120560257;(188, 2);9
0.40733340004593027;(188, 3);0
0.6224593312018546;(188, 3);1
0.5926665999540698;(188, 3);2
0.5621765008857981;(188, 3);3
0.5621765008857982;(188, 3);4
0.5621765008857982;(188, 3);5
0.5;(188, 3);6
0.5621765008857981;(188, 3);7
0.5621765008857981;(188, 3);8
0.3775406687981454;(188, 3);9
0.5926665999540698;(189, 0);0
0.6224593312018546;(189, 0);1
0.5926665999540698;(189, 0);2
0.6224593312018546;(189, 0);3
0.8267118026095992;(189, 0);4
0.7431679972357831;(189, 0);5
0.5312093733737563;(189, 0);6
0.34864513533394575;(189, 0);7
0.320821326799715;(189, 0);8
0.7057850278370112;(189, 0);9
0.7310585786300049;(189, 1);0
0.6224593452091672;(189, 1);1
0.4378234991142019;(189, 1);2
0.679178699175393;(189, 1);3
0.6513548646660543;(189, 1);4
0.7057850278370112;(189, 1);5
0.7310585669110203;(189, 1);6
0.8175744850834649;(189, 1);7
0.7549149868676283;(189, 1);8
0.7549149758396752;(189, 1);9
0.7057850154599563;(189, 2);0
0.6926419831347361;(189, 2);1
0.6791786861878392;(189, 2);2
0.7981867873410141;(189, 2);3
0.743168019989179;(189, 2);4
0.7310585786300049;(189, 2);5
0.5312093733737563;(189, 2);6
0.7057850278370112;(189, 2);7
0.5926665999540698;(189, 2);8
0.7057850278370112;(189, 2);9
0.9196425311777928;(189, 3);0
0.826711776992821;(189, 3);1
0.8991213826762114;(189, 3);2
0.8438950947024554;(189, 3);3
0.8740772351648677;(189, 3);4
0.8175744850834648;(189, 3);5
0.8872046056466901;(189, 3);6
0.8670357666736772;(189, 3);7
0.8438951025545426;(189, 3);8
0.9324533051062238;(189, 3);9
0.9099070060380482;(195, 0);0
0.8670357598021707;(195, 0);1
0.7185943925708562;(195, 0);2
0.7549149868676283;(195, 0);3
0.8670357666736773;(195, 0);4
0.8519527944504228;(195, 0);5
0.8519528170040851;(195, 0);6
0.8872045937171068;(195, 0);7
0.8438951104066293;(195, 0);8
0.6513548646660543;(195, 0);9
0.4687906266262437;(195, 1);0
0.6224593312018545;(195, 1);1
0.6926419831347362;(195, 1);2
0.6224593312018545;(195, 1);3
0.3775406687981454;(195, 1);4
0.5312093733737563;(195, 1);5
0.6513548782017744;(195, 1);6
0.4687906266262437;(195, 1);7
0.25683199138751883;(195, 1);8
0.46879062662624377;(195, 1);9
0.6224593452091673;(195, 2);0
0.7310585669110203;(195, 2);1
0.6224593171945417;(195, 2);2
0.5312093733737563;(195, 2);3
0.5621765008857982;(195, 2);4
0.7185943925708561;(195, 2);5
0.46879062662624377;(195, 2);6
0.5621765008857981;(195, 2);7
0.7662936430859597;(195, 2);8
0.6224593312018545;(195, 2);9
0.6513548646660543;(195, 3);0
0.7185943925708561;(195, 3);1
0.4687906266262437;(195, 3);2
0.6224593312018546;(195, 3);3
0.4687906266262437;(195, 3);4
0.6513548511303338;(195, 3);5
0.5926665855647395;(195, 3);6
0.5312093733737563;(195, 3);7
0.5312093733737563;(195, 3);8
0.6224593171945416;(195, 3);9
0.5;(196, 0);0
0.4687906266262437;(196, 0);1
0.14804718299591477;(196, 0);2
0.22270014914315833;(196, 0);3
0.18242551491653522;(196, 0);4
0.320821300824607;(196, 0);5
0.4532618480153862;(196, 0);6
0.29421498454004374;(196, 0);7
0.3775406687981454;(196, 0);8
0.6513548646660542;(196, 0);9
0.6513548646660542;(196, 1);0
0.665410558746814;(196, 1);1
0.5926665855647395;(196, 1);2
0.5926665855647395;(196, 1);3
0.5621764862150634;(196, 1);4
0.5312093733737563;(196, 1);5
0.7662936430859598;(196, 1);6
0.4073334000459302;(196, 1);7
0.5621764862150634;(196, 1);8
0.6224593312018546;(196, 1);9
0.766293653760418;(196, 2);0
0.665410558746814;(196, 2);1
0.6791787121629465;(196, 2);2
0.5621765008857981;(196, 2);3
0.7431680086124811;(196, 2);4
0.5;(196, 2);5
0.4687906266262437;(196, 2);6
0.6513548646660542;(196, 2);7
0.6224593312018545;(196, 2);8
0.679178699175393;(196, 2);9
0.14804719803168948;(196, 3);0
0.20181320305759334;(196, 3);1
0.5156199157230156;(196, 3);2
0.18242552380635635;(196, 3);3
0.665410558746814;(196, 3);4
0.6076631698328917;(196, 3);5
0.20181323186177208;(196, 3);6
0.43782348444346736;(196, 3);7
0.6224593312018546;(196, 3);8
0.32082128783705344;(196, 3);9
0.835483553488848;(197, 0);0
0.46879062662624377;(197, 0);1
0.7879311956428946;(197, 0);2
0.7310585786300049;(197, 0);3
0.5312093733737563;(197, 0);4
0.5926665999540698;(197, 0);5
0.5312093733737563;(197, 0);6
0.787931185683219;(197, 0);7
0.798186787341014;(197, 0);8
0.7662936430859597;(197, 0);9
0.7185944046238981;(197, 1);0
0.6791787121629466;(197, 1);1
0.7310585669110203;(197, 1);2
0.8175744850834648;(197, 1);3
0.6224593171945417;(197, 1);4
0.6926419958239132;(197, 1);5
0.5621765155565326;(197, 1);6
0.6513548646660542;(197, 1);7
0.6513548646660543;(197, 1);8
0.4378234991142018;(197, 1);9
0.8175744939732855;(197, 2);0
0.9046505273888289;(197, 2);1
0.8080672135527632;(197, 2);2
0.8872045817875223;(197, 2);3
0.8438950947024555;(197, 2);4
0.8267118111485244;(197, 2);5
0.851952809486198;(197, 2);6
0.8519527944504227;(197, 2);7
0.8267117940706734;(197, 2);8
0.9149009573133051;(197, 2);9
0.6224593171945416;(197, 3);0
0.5;(197, 3);1
0.8175744584140004;(197, 3);2
0.5621765008857981;(197, 3);3
0.7057850154599562;(197, 3);4
0.7981867777396211;(197, 3);5
0.8740772417253256;(197, 3);6
0.6513548646660543;(197, 3);7
0.7981867681382279;(197, 3);8
0.8080672227971212;(197, 3);9
0.4687906266262438;(198, 0);0
0.6926419831347361;(198, 0);1
0.5312093733737563;(198, 0);2
0.17328824008503269;(198, 0);3
0.3486451488696663;(198, 0);4
0.11279540628289321;(198, 0);5
0.5;(198, 0);6
0.5;(198, 0);7
0.5;(198, 0);8
0.4687906266262437;(198, 0);9
0.5926665999540698;(198, 1);0
0.5621765008857982;(198, 1);1
0.43782349911420193;(198, 1);2
0.43782349911420193;(198, 1);3
0.40733340004593027;(198, 1);4
0.37754066879814546;(198, 1);5
0.320821300824607;(198, 1);6
0.5621765008857981;(198, 1);7
0.39233683016710835;(198, 1);8
0.3208213008246071;(198, 1);9
0.8267117940706734;(198, 2);0
0.7879311856832191;(198, 2);1
0.8267117940706734;(198, 2);2
0.8354835289107307;(198, 2);3
0.8080671950640463;(198, 2);4
0.7310585903489892;(198, 2);5
0.8267118026095991;(198, 2);6
0.8267117855317475;(198, 2);7
0.8519527944504226;(198, 2);8
0.8080672135527631;(198, 2);9
0.6791787121629466;(198, 3);0
0.5621765008857981;(198, 3);1
0.5621765008857981;(198, 3);2
0.5;(198, 3);3
0.3208213138121609;(198, 3);4
0.29421497216298875;(198, 3);5
0.46879062662624377;(198, 3);6
0.5312093733737563;(198, 3);7
0.5621765008857981;(198, 3);8
0.5;(198, 3);9
0.9046505351008906;(199, 0);0
0.7772998405389918;(199, 0);1
0.9324533051062238;(199, 0);2
0.8872045877523148;(199, 0);3
0.8872045996818986;(199, 0);4
0.8933094003735664;(199, 0);5
0.936285002192296;(199, 0);6
0.8807970779778824;(199, 0);7
0.9099070158103778;(199, 0);8
0.7662936430859598;(199, 0);9
0.46879062662624377;(199, 1);0
0.7310585669110203;(199, 1);1
0.43782349911420193;(199, 1);2
0.320821326799715;(199, 1);3
0.6513548511303336;(199, 1);4
0.320821300824607;(199, 1);5
0.3486451353339458;(199, 1);6
0.34864513533394575;(199, 1);7
0.46879062662624377;(199, 1);8
0.5621765008857981;(199, 1);9
0.7549149868676283;(199, 2);0
0.24508501313237166;(199, 2);1
0.37754066879814546;(199, 2);2
0.4073334000459302;(199, 2);3
0.4378234991142019;(199, 2);4
0.5312093733737563;(199, 2);5
0.43782349911420193;(199, 2);6
0.4843800842769843;(199, 2);7
0.34864516240538707;(199, 2);8
0.12592277139559052;(199, 2);9
0.7057850154599563;(199, 3);0
0.40733340004593027;(199, 3);1
0.679178699175393;(199, 3);2
0.7057850278370112;(199, 3);3
0.5621765008857981;(199, 3);4
0.679178699175393;(199, 3);5
0.40733340004593027;(199, 3);6
0.8175744850834648;(199, 3);7
0.6513548646660542;(199, 3);8
0.26894142136999516;(199, 3);9
0.5926666143434;(200, 0);0
0.5621765008857981;(200, 0);1
0.6926419831347361;(200, 0);2
0.4073334000459302;(200, 0);3
0.46879062662624377;(200, 0);4
0.5;(200, 0);5
0.40733340004593027;(200, 0);6
0.5;(200, 0);7
0.5621765155565327;(200, 0);8
0.43782349911420193;(200, 0);9
0.5926666143433998;(200, 1);0
0.46879061178313897;(200, 1);1
0.6224593312018546;(200, 1);2
0.6224593312018546;(200, 1);3
0.679178699175393;(200, 1);4
0.679178699175393;(200, 1);5
0.5926665855647394;(200, 1);6
0.3486451217982255;(200, 1);7
0.5621765008857981;(200, 1);8
0.5621765008857981;(200, 1);9
0.40733340004593027;(200, 2);0
0.5621765008857981;(200, 2);1
0.43782349911420193;(200, 2);2
0.32082130082460697;(200, 2);3
0.4687906266262437;(200, 2);4
0.4687906266262437;(200, 2);5
0.3775406687981454;(200, 2);6
0.5621765008857981;(200, 2);7
0.5;(200, 2);8
0.46879062662624377;(200, 2);9
0.6370307944803832;(200, 3);0
0.8080672320414787;(200, 3);1
0.787931185683219;(200, 3);2
0.8438950868503681;(200, 3);3
0.8080671950640465;(200, 3);4
0.6224593312018545;(200, 3);5
0.7310585786300048;(200, 3);6
0.8175744761936437;(200, 3);7
0.7431680086124811;(200, 3);8
0.808067204308405;(200, 3);9
0.9324533088603708;(201, 0);0
0.8080672135527632;(201, 0);1
0.8740772482857833;(201, 0);2
0.880797071719777;(201, 0);3
0.914900950352329;(201, 0);4
0.9465966702001758;(201, 0);5
0.8807970904940925;(201, 0);6
0.880797071719777;(201, 0);7
0.9324533088603709;(201, 0);8
0.8596637433190939;(201, 0);9
0.8175744673038222;(201, 1);0
0.5621765008857981;(201, 1);1
0.6513548646660542;(201, 1);2
0.8354835452961425;(201, 1);3
0.7879311956428947;(201, 1);4
0.8267117940706734;(201, 1);5
0.8872045937171067;(201, 1);6
0.766293653760418;(201, 1);7
0.8596637361282706;(201, 1);8
0.8596637505099167;(201, 1);9
0.5926665999540698;(201, 2);0
0.7310585669110202;(201, 2);1
0.6224593171945416;(201, 2);2
0.7310585903489891;(201, 2);3
0.7879311856832191;(201, 2);4
0.7057850154599562;(201, 2);5
0.5621765008857982;(201, 2);6
0.8175744584140003;(201, 2);7
0.46879062662624377;(201, 2);8
0.4687906266262437;(201, 2);9
0.6224593312018546;(201, 3);0
0.8354835452961425;(201, 3);1
0.7772998508568416;(201, 3);2
0.6513548646660542;(201, 3);3
0.8080671950640465;(201, 3);4
0.679178699175393;(201, 3);5
0.7057850278370111;(201, 3);6
0.6513548646660543;(201, 3);7
0.6513548782017745;(201, 3);8
0.8354835289107309;(201, 3);9
0.6513548782017745;(202, 0);0
0.4378234991142019;(202, 0);1
0.5312093733737563;(202, 0);2
0.5621765008857981;(202, 0);3
0.5312093733737563;(202, 0);4
0.665410572017153;(202, 0);5
0.34864513533394575;(202, 0);6
0.5621765008857981;(202, 0);7
0.5;(202, 0);8
0.2689414330889798;(202, 0);9
0.7772998714925403;(202, 1);0
0.7057850154599562;(202, 1);1
0.6224593452091672;(202, 1);2
0.835483553488848;(202, 1);3
0.8596637577007394;(202, 1);4
0.8080672227971211;(202, 1);5
0.6224593312018546;(202, 1);6
0.7981867681382279;(202, 1);7
0.7431680086124812;(202, 1);8
0.7310585903489891;(202, 1);9
0.37754068280545827;(202, 2);0
0.4378234991142019;(202, 2);1
0.5312093733737562;(202, 2);2
0.1066905939456512;(202, 2);3
0.4378234991142019;(202, 2);4
0.5621765008857982;(202, 2);5
0.2018132318617721;(202, 2);6
0.2689414213699951;(202, 2);7
0.5926665999540698;(202, 2);8
0.5926665999540697;(202, 2);9
0.46879062662624377;(202, 3);0
0.43782349911420193;(202, 3);1
0.37754068280545827;(202, 3);2
0.6224593171945417;(202, 3);3
0.5312093733737562;(202, 3);4
0.4687906266262438;(202, 3);5
0.5774953651858118;(202, 3);6
0.4687906266262437;(202, 3);7
0.37754065479083276;(202, 3);8
0.5312093733737563;(202, 3);9
0.2337063569140403;(203, 0);0
0.320821326799715;(203, 0);1
0.33458944125318596;(203, 0);2
0.30735801686526387;(203, 0);3
0.22270013882530887;(203, 0);4
0.46879062662624377;(203, 0);5
0.37754066879814546;(203, 0);6
0.5621765008857981;(203, 0);7
0.30735801686526387;(203, 0);8
0.4843800842769843;(203, 0);9
0.3775406687981454;(203, 1);0
0.40733340004593027;(203, 1);1
0.5621765008857982;(203, 1);2
0.40733340004593027;(203, 1);3
0.5;(203, 1);4
0.6224593312018546;(203, 1);5
0.5;(203, 1);6
0.5;(203, 1);7
0.22270011818961086;(203, 1);8
0.5621765008857981;(203, 1);9
0.24508503518827837;(203, 2);0
0.320821300824607;(203, 2);1
0.19193279569159505;(203, 2);2
0.5621765008857982;(203, 2);3
0.43782349911420193;(203, 2);4
0.334589441253186;(203, 2);5
0.3208213008246071;(203, 2);6
0.20181322226037882;(203, 2);7
0.5621765008857982;(203, 2);8
0.37754066879814546;(203, 2);9
0.5926665855647394;(203, 3);0
0.665410558746814;(203, 3);1
0.6370307806984444;(203, 3);2
0.5926666143434;(203, 3);3
0.5926665999540697;(203, 3);4
0.5774953651858118;(203, 3);5
0.4687906266262437;(203, 3);6
0.7772998508568416;(203, 3);7
0.6926419831347361;(203, 3);8
0.6791787121629466;(203, 3);9
0.7431680086124812;(204, 0);0
0.5926665999540698;(204, 0);1
0.20181320305759337;(204, 0);2
0.6654105587468141;(204, 0);3
0.6224593312018546;(204, 0);4
0.6926419831347362;(204, 0);5
0.43782349911420193;(204, 0);6
0.8354835289107309;(204, 0);7
0.5926665999540698;(204, 0);8
0.5621765008857981;(204, 0);9
0.679178686187839;(204, 1);0
0.6513548646660543;(204, 1);1
0.7057850278370111;(204, 1);2
0.46879062662624366;(204, 1);3
0.6224593312018546;(204, 1);4
0.7310585669110203;(204, 1);5
0.7772998611746912;(204, 1);6
0.6791786991753929;(204, 1);7
0.5621765008857981;(204, 1);8
0.7310585786300049;(204, 1);9
0.5312093733737563;(204, 2);0
0.7310585786300048;(204, 2);1
0.8354835207180245;(204, 2);2
0.43782349911420193;(204, 2);3
0.7057850154599563;(204, 2);4
0.5312093733737563;(204, 2);5
0.5926665999540698;(204, 2);6
0.7057850154599563;(204, 2);7
0.6513548511303336;(204, 2);8
0.4687906266262437;(204, 2);9
0.9241418241572635;(204, 3);0
0.8519527944504227;(204, 3);1
0.8519527944504227;(204, 3);2
0.8438950947024555;(204, 3);3
0.798186768138228;(204, 3);4
0.8519527869325345;(204, 3);5
0.8175744761936437;(204, 3);6
0.7662936537604181;(204, 3);7
0.8807970779778824;(204, 3);8
0.766293653760418;(204, 3);9
0.5926665999540698;(190, 0);0
0.6224593312018546;(190, 0);1
0.5;(190, 0);2
0.6224593452091672;(190, 0);3
0.6224593312018546;(190, 0);4
0.40733340004593027;(190, 0);5
0.2942149721629887;(190, 0);6
0.7772998611746912;(190, 0);7
0.6224593452091672;(190, 0);8
0.6513548646660542;(190, 0);9
0.40733340004593027;(190, 1);0
0.7185943925708562;(190, 1);1
0.5926665999540698;(190, 1);2
0.6513548646660542;(190, 1);3
0.5621765008857981;(190, 1);4
0.5;(190, 1);5
0.6513548646660543;(190, 1);6
0.6224593312018546;(190, 1);7
0.679178686187839;(190, 1);8
0.46879062662624366;(190, 1);9
0.5926665855647394;(190, 2);0
0.705785040214066;(190, 2);1
0.5926665999540698;(190, 2);2
0.6513548511303338;(190, 2);3
0.6513548646660542;(190, 2);4
0.5;(190, 2);5
0.679178699175393;(190, 2);6
0.5;(190, 2);7
0.7310585786300048;(190, 2);8
0.3775406828054584;(190, 2);9
0.9099070060380482;(190, 3);0
0.8438951104066293;(190, 3);1
0.8267117855317474;(190, 3);2
0.808067222797121;(190, 3);3
0.7879311956428947;(190, 3);4
0.8807970779778824;(190, 3);5
0.8596637361282707;(190, 3);6
0.8438951104066293;(190, 3);7
0.8740772417253255;(190, 3);8
0.8596637361282706;(190, 3);9
0.9241418158002492;(191, 0);0
0.8175744761936437;(191, 0);1
0.8519528132451417;(191, 0);2
0.8807970717197768;(191, 0);3
0.9324533088603708;(191, 0);4
0.909907001151883;(191, 0);5
0.8872045817875224;(191, 0);6
0.8670357460591569;(191, 0);7
0.9046505402422645;(191, 0);8
0.8080671950640465;(191, 0);9
0.679178699175393;(191, 1);0
0.6654105587468141;(191, 1);1
0.705785040214066;(191, 1);2
0.7185944046238981;(191, 1);3
0.705785040214066;(191, 1);4
0.6224593452091672;(191, 1);5
0.5;(191, 1);6
0.5926665999540698;(191, 1);7
0.5312093733737563;(191, 1);8
0.7549149868676283;(191, 1);9
0.679178699175393;(191, 2);0
0.5;(191, 2);1
0.5;(191, 2);2
0.754914997895581;(191, 2);3
0.7772998611746912;(191, 2);4
0.7662936324115011;(191, 2);5
0.7879311956428947;(191, 2);6
0.7549149978955811;(191, 2);7
0.7310585903489891;(191, 2);8
0.6224593171945417;(191, 2);9
0.8267117855317474;(191, 3);0
0.7310585903489891;(191, 3);1
0.5926665855647395;(191, 3);2
0.6513548646660543;(191, 3);3
0.7549149868676283;(191, 3);4
0.6513548646660543;(191, 3);5
0.5;(191, 3);6
0.5621764862150634;(191, 3);7
0.5;(191, 3);8
0.6224593312018545;(191, 3);9
0.8596637577007393;(192, 0);0
0.8670357735451835;(192, 0);1
0.8519528019683106;(192, 0);2
0.9046505351008904;(192, 0);3
0.909907001151883;(192, 0);4
0.8872045937171069;(192, 0);5
0.8933093946927838;(192, 0);6
0.7772998508568416;(192, 0);7
0.8596637648915616;(192, 0);8
0.8596637505099168;(192, 0);9
0.5621765008857981;(192, 1);0
0.7310585903489891;(192, 1);1
0.5;(192, 1);2
0.7431679972357831;(192, 1);3
0.7185943925708561;(192, 1);4
0.33458944125318596;(192, 1);5
0.5621765008857982;(192, 1);6
0.6513548646660542;(192, 1);7
0.6791787121629466;(192, 1);8
0.5312093733737562;(192, 1);9
0.6513548782017745;(192, 2);0
0.5312093585306514;(192, 2);1
0.6513548646660542;(192, 2);2
0.37754068280545827;(192, 2);3
0.6224593312018546;(192, 2);4
0.5621765008857981;(192, 2);5
0.46879062662624377;(192, 2);6
0.7057850278370112;(192, 2);7
0.5312093733737562;(192, 2);8
0.7310585786300049;(192, 2);9
0.7185944166769398;(192, 3);0
0.5;(192, 3);1
0.6513548646660542;(192, 3);2
0.320821300824607;(192, 3);3
0.5926666143433998;(192, 3);4
0.26894144480796467;(192, 3);5
0.6513548646660543;(192, 3);6
0.6513548646660542;(192, 3);7
0.5312093733737563;(192, 3);8
0.7310585786300049;(192, 3);9
0.46879062662624377;(193, 0);0
0.5;(193, 0);1
0.21206882427645699;(193, 0);2
0.2568319913875189;(193, 0);3
0.28140563153522874;(193, 0);4
0.2942149721629888;(193, 0);5
0.4687906266262437;(193, 0);6
0.6513548646660543;(193, 0);7
0.679178699175393;(193, 0);8
0.6224593312018546;(193, 0);9
0.23370637826295793;(193, 1);0
0.21206880435710534;(193, 1);1
0.26894139793202687;(193, 1);2
0.3345894677938649;(193, 1);3
0.21206880435710532;(193, 1);4
0.6224593171945416;(193, 1);5
0.7981867873410141;(193, 1);6
0.7310585786300049;(193, 1);7
0.7057850278370112;(193, 1);8
0.6513548782017745;(193, 1);9
0.3775406968127714;(193, 2);0
0.25683199138751883;(193, 2);1
0.5;(193, 2);2
0.8596637577007394;(193, 2);3
0.21206880435710532;(193, 2);4
0.5312093733737563;(193, 2);5
0.11920293453832884;(193, 2);6
0.28140560742914383;(193, 2);7
0.21206882427645696;(193, 2);8
0.5;(193, 2);9
0.23370635691404026;(193, 3);0
0.5621765008857981;(193, 3);1
0.2689414330889797;(193, 3);2
0.5;(193, 3);3
0.6926419958239132;(193, 3);4
0.36296920551961687;(193, 3);5
0.1732882059293266;(193, 3);6
0.320821300824607;(193, 3);7
0.13296425394084313;(193, 3);8
0.46879062662624377;(193, 3);9
0.7185943925708562;(194, 0);0
0.7057850278370112;(194, 0);1
0.5926665999540698;(194, 0);2
0.6791787121629466;(194, 0);3
0.7431680086124811;(194, 0);4
0.6926419831347361;(194, 0);5
0.5621765008857981;(194, 0);6
0.5312093733737563;(194, 0);7
0.5621765008857981;(194, 0);8
0.2814056074291438;(194, 0);9
0.42250463481418826;(194, 1);0
0.5312093733737562;(194, 1);1
0.5621765008857982;(194, 1);2
0.7549149978955811;(194, 1);3
0.4378234991142019;(194, 1);4
0.7185943805178139;(194, 1);5
0.5312093733737563;(194, 1);6
0.5312093733737563;(194, 1);7
0.7981867777396211;(194, 1);8
0.787931185683219;(194, 1);9
0.5621765008857981;(194, 2);0
0.5926665855647395;(194, 2);1
0.7981867777396212;(194, 2);2
0.8438951025545426;(194, 2);3
0.28140560742914383;(194, 2);4
0.2689414330889797;(194, 2);5
0.6513548646660542;(194, 2);6
0.8596637577007394;(194, 2);7
0.18242551491653522;(194, 2);8
0.7981867681382279;(194, 2);9
0.8354835207180245;(194, 3);0
0.904650527388829;(194, 3);1
0.7310585669110203;(194, 3);2
0.8354835371034368;(194, 3);3
0.8596637505099168;(194, 3);4
0.7549149868676283;(194, 3);5
0.8596637361282706;(194, 3);6
0.8267117855317474;(194, 3);7
0.8267117769928211;(194, 3);8
0.8438950947024555;(194, 3);9
0.233706335565124;(210, 0);0
0.851952809486198;(210, 0);1
0.8670357529306639;(210, 0);2
0.7772998611746912;(210, 0);3
0.7981867873410141;(210, 0);4
0.8740772351648676;(210, 0);5
0.8175744761936438;(210, 0);6
0.8807970779778824;(210, 0);7
0.8267117855317474;(210, 0);8
0.8807970842359876;(210, 0);9
0.7057850402140659;(210, 1);0
0.6224593312018546;(210, 1);1
0.7057850278370112;(210, 1);2
0.5926665999540697;(210, 1);3
0.7057850402140659;(210, 1);4
0.5156199157230157;(210, 1);5
0.679178699175393;(210, 1);6
0.46879062662624377;(210, 1);7
0.8267117855317475;(210, 1);8
0.7772998611746911;(210, 1);9
0.6224593312018546;(210, 2);0
0.7185943925708562;(210, 2);1
0.679178699175393;(210, 2);2
0.40733340004593027;(210, 2);3
0.34864513533394575;(210, 2);4
0.42250463481418826;(210, 2);5
0.320821300824607;(210, 2);6
0.37754064078352023;(210, 2);7
0.46879062662624366;(210, 2);8
0.4378234991142019;(210, 2);9
0.1480472055495773;(210, 3);0
0.5774953651858117;(210, 3);1
0.5926665999540697;(210, 3);2
0.28140560742914383;(210, 3);3
0.6513548511303338;(210, 3);4
0.5774953651858118;(210, 3);5
0.33458944125318596;(210, 3);6
0.6654105454764746;(210, 3);7
0.6224593312018546;(210, 3);8
0.5;(210, 3);9
0.8596637577007394;(211, 0);0
0.9196425267730008;(211, 0);1
0.9362850128595114;(211, 0);2
0.9324533107374444;(211, 0);3
0.9196425223682085;(211, 0);4
0.8991213772699436;(211, 0);5
0.9046505402422645;(211, 0);6
0.8991213664574069;(211, 0);7
0.9284087946129328;(211, 0);8
0.9433475730993028;(211, 0);9
0.8354835289107307;(211, 1);0
0.7431680086124811;(211, 1);1
0.7981867777396212;(211, 1);2
0.6224593171945417;(211, 1);3
0.6224593312018545;(211, 1);4
0.8807970779778824;(211, 1);5
0.7310585903489891;(211, 1);6
0.679178699175393;(211, 1);7
0.6224593452091672;(211, 1);8
0.679178699175393;(211, 1);9
0.7310585669110203;(211, 2);0
0.7310585786300049;(211, 2);1
0.7431679972357831;(211, 2);2
0.8872045937171067;(211, 2);3
0.7549149758396752;(211, 2);4
0.7549149868676283;(211, 2);5
0.7772998663336158;(211, 2);6
0.835483553488848;(211, 2);7
0.6791787121629466;(211, 2);8
0.7879311956428946;(211, 2);9
0.7772998611746912;(211, 3);0
0.8354835452961425;(211, 3);1
0.7549150089235337;(211, 3);2
0.6654105587468141;(211, 3);3
0.30735801686526387;(211, 3);4
0.7981867681382279;(211, 3);5
0.7981867873410141;(211, 3);6
0.8519527944504227;(211, 3);7
0.7772998611746911;(211, 3);8
0.7772998714925403;(211, 3);9
0.14804719803168945;(212, 0);0
0.22270013882530887;(212, 0);1
0.8519527906914787;(212, 0);2
0.893309411735131;(212, 0);3
0.9196425289753969;(212, 0);4
0.43782349911420193;(212, 0);5
0.24508501313237172;(212, 0);6
0.7662936430859598;(212, 0);7
0.9196425311777928;(212, 0);8
0.8080672227971211;(212, 0);9
0.6513548782017745;(212, 1);0
0.43782351378493656;(212, 1);1
0.34864513533394575;(212, 1);2
0.34864514886966624;(212, 1);3
0.5312093733737563;(212, 1);4
0.5312093733737563;(212, 1);5
0.6224593452091672;(212, 1);6
0.7549149868676283;(212, 1);7
0.5312093733737563;(212, 1);8
0.6513548646660543;(212, 1);9
0.46879062662624377;(212, 2);0
0.37754066879814546;(212, 2);1
0.2689413979320269;(212, 2);2
0.40733341443526055;(212, 2);3
0.5312093733737563;(212, 2);4
0.5926665999540698;(212, 2);5
0.37754066879814546;(212, 2);6
0.43782349911420193;(212, 2);7
0.531209388216861;(212, 2);8
0.5312093733737563;(212, 2);9
0.5621765008857981;(212, 3);0
0.24508503518827837;(212, 3);1
0.2942149721629888;(212, 3);2
0.5;(212, 3);3
0.531209388216861;(212, 3);4
0.8519528094861981;(212, 3);5
0.5;(212, 3);6
0.5312093733737563;(212, 3);7
0.29421497216298875;(212, 3);8
0.5312093733737563;(212, 3);9
0.6224593312018546;(213, 0);0
0.679178699175393;(213, 0);1
0.6791787121629466;(213, 0);2
0.19193276795852138;(213, 0);3
0.8175744761936438;(213, 0);4
0.4687906266262437;(213, 0);5
0.6513548646660542;(213, 0);6
0.5312093733737563;(213, 0);7
0.6224593312018546;(213, 0);8
0.5926665999540698;(213, 0);9
0.7981867777396212;(213, 1);0
0.6224593312018546;(213, 1);1
0.6791786861878392;(213, 1);2
0.5926665999540698;(213, 1);3
0.4378234991142018;(213, 1);4
0.6926419831347361;(213, 1);5
0.6513548782017745;(213, 1);6
0.8080672135527632;(213, 1);7
0.7431680086124812;(213, 1);8
0.679178699175393;(213, 1);9
0.8175744673038221;(213, 2);0
0.8670357598021708;(213, 2);1
0.8267117940706734;(213, 2);2
0.808067204308405;(213, 2);3
0.8267117855317474;(213, 2);4
0.9149009526726545;(213, 2);5
0.7549149868676283;(213, 2);6
0.8807970779778825;(213, 2);7
0.7549149758396752;(213, 2);8
0.6513548646660543;(213, 2);9
0.679178699175393;(213, 3);0
0.3486451353339457;(213, 3);1
0.5926665999540697;(213, 3);2
0.7772998611746911;(213, 3);3
0.6926419958239132;(213, 3);4
0.7057850154599562;(213, 3);5
0.5926665999540697;(213, 3);6
0.6224593312018546;(213, 3);7
0.6513548782017745;(213, 3);8
0.679178699175393;(213, 3);9
0.5312093733737563;(214, 0);0
0.2227001594610082;(214, 0);1
0.3073580422436188;(214, 0);2
0.7185943925708562;(214, 0);3
0.6076631698328916;(214, 0);4
0.23370637826295793;(214, 0);5
0.43782349911420193;(214, 0);6
0.233706335565124;(214, 0);7
0.4378234991142019;(214, 0);8
0.8267118026095991;(214, 0);9
0.3775406828054583;(214, 1);0
0.23370635691404026;(214, 1);1
0.37754064078352023;(214, 1);2
0.5926665999540698;(214, 1);3
0.3486451488696663;(214, 1);4
0.37754066879814546;(214, 1);5
0.5621765008857981;(214, 1);6
0.3208212878370535;(214, 1);7
0.4073334000459302;(214, 1);8
0.4378234991142019;(214, 1);9
0.6513548646660542;(214, 2);0
0.7057850154599563;(214, 2);1
0.8519527944504227;(214, 2);2
0.7981867777396211;(214, 2);3
0.3073580422436188;(214, 2);4
0.8080672320414787;(214, 2);5
0.7185944046238981;(214, 2);6
0.2689414448079646;(214, 2);7
0.7772998611746912;(214, 2);8
0.7662936537604181;(214, 2);9
0.5;(214, 3);0
0.2689414213699951;(214, 3);1
0.2337063569140403;(214, 3);2
0.320821300824607;(214, 3);3
0.43782349911420193;(214, 3);4
0.4378234991142019;(214, 3);5
0.320821300824607;(214, 3);6
0.46879062662624377;(214, 3);7
0.7057850278370112;(214, 3);8
0.5;(214, 3);9
0.4225046639005957;(205, 0);0
0.5621765008857981;(205, 0);1
0.24508503518827834;(205, 0);2
0.2942149721629888;(205, 0);3
0.5;(205, 0);4
0.24508502416032485;(205, 0);5
0.5156199157230156;(205, 0);6
0.5621765008857981;(205, 0);7
0.4073334000459302;(205, 0);8
0.5;(205, 0);9
0.679178699175393;(205, 1);0
0.5926665999540698;(205, 1);1
0.3775406687981454;(205, 1);2
0.7310585903489892;(205, 1);3
0.5621765008857981;(205, 1);4
0.3208213008246071;(205, 1);5
0.3775406687981454;(205, 1);6
0.40733340004593027;(205, 1);7
0.3629692055196168;(205, 1);8
0.4378234991142019;(205, 1);9
0.23370635691404026;(205, 2);0
0.899121366457407;(205, 2);1
0.8872046026642944;(205, 2);2
0.7772998714925403;(205, 2);3
0.8438951182587158;(205, 2);4
0.8519528094861981;(205, 2);5
0.7662936324115012;(205, 2);6
0.5926665999540698;(205, 2);7
0.8175744939732855;(205, 2);8
0.8175744850834648;(205, 2);9
0.754914997895581;(205, 3);0
0.7879312056025699;(205, 3);1
0.5621765008857982;(205, 3);2
0.787931185683219;(205, 3);3
0.7310585786300049;(205, 3);4
0.754914997895581;(205, 3);5
0.28140560742914383;(205, 3);6
0.7310585786300049;(205, 3);7
0.851952809486198;(205, 3);8
0.7185944046238982;(205, 3);9
0.8175744850834648;(206, 0);0
0.8740772351648677;(206, 0);1
0.8807970842359877;(206, 0);2
0.9196425267730008;(206, 0);3
0.8267117940706733;(206, 0);4
0.9046505299595162;(206, 0);5
0.8933094117351309;(206, 0);6
0.7981867873410141;(206, 0);7
0.8519528094861981;(206, 0);8
0.9362850093037731;(206, 0);9
0.4073334000459302;(206, 1);0
0.29421497216298875;(206, 1);1
0.5312093733737562;(206, 1);2
0.40733340004593027;(206, 1);3
0.46879062662624377;(206, 1);4
0.3208213138121609;(206, 1);5
0.06371500136344281;(206, 1);6
0.5312093733737562;(206, 1);7
0.30735801686526387;(206, 1);8
0.46879062662624377;(206, 1);9
0.37754066879814546;(206, 2);0
0.5926666143433998;(206, 2);1
0.5;(206, 2);2
0.3629692055196168;(206, 2);3
0.42250463481418826;(206, 2);4
0.5;(206, 2);5
0.5;(206, 2);6
0.39233683016710835;(206, 2);7
0.5926665999540698;(206, 2);8
0.5926665999540698;(206, 2);9
0.8175744939732855;(206, 3);0
0.7185944046238981;(206, 3);1
0.8080671950640463;(206, 3);2
0.7879311956428947;(206, 3);3
0.8670357666736772;(206, 3);4
0.8519528019683105;(206, 3);5
0.8991213826762113;(206, 3);6
0.787931185683219;(206, 3);7
0.7662936324115011;(206, 3);8
0.6224593312018546;(206, 3);9
0.6513548646660543;(207, 0);0
0.5312093733737562;(207, 0);1
0.6513548511303338;(207, 0);2
0.679178699175393;(207, 0);3
0.6224593312018546;(207, 0);4
0.8519528019683105;(207, 0);5
0.6513548646660542;(207, 0);6
0.766293653760418;(207, 0);7
0.7549149868676284;(207, 0);8
0.8354835371034369;(207, 0);9
0.8175744939732855;(207, 1);0
0.7310585903489892;(207, 1);1
0.798186768138228;(207, 1);2
0.7662936430859597;(207, 1);3
0.7549149758396752;(207, 1);4
0.7057850278370111;(207, 1);5
0.6926419704455588;(207, 1);6
0.8740772286044094;(207, 1);7
0.7772998508568416;(207, 1);8
0.8267117940706734;(207, 1);9
0.8991213718636754;(207, 2);0
0.8872045877523147;(207, 2);1
0.798186787341014;(207, 2);2
0.8519527944504227;(207, 2);3
0.9196425311777929;(207, 2);4
0.8807970842359876;(207, 2);5
0.8438950947024555;(207, 2);6
0.9284088064979619;(207, 2);7
0.8175744850834649;(207, 2);8
0.8933094060543487;(207, 2);9
0.5621765008857981;(207, 3);0
0.7057850278370112;(207, 3);1
0.6224593452091672;(207, 3);2
0.5312093733737563;(207, 3);3
0.8267118026095991;(207, 3);4
0.39233683016710835;(207, 3);5
0.5621765008857982;(207, 3);6
0.7549149923816048;(207, 3);7
0.6791787121629466;(207, 3);8
0.6513548646660542;(207, 3);9
0.6513548782017745;(208, 0);0
0.5;(208, 0);1
0.4378234991142019;(208, 0);2
0.5926665999540698;(208, 0);3
0.46879062662624366;(208, 0);4
0.8175744584140003;(208, 0);5
0.18242550602671442;(208, 0);6
0.4073334000459302;(208, 0);7
0.5621765008857982;(208, 0);8
0.6224593171945416;(208, 0);9
0.40733340004593027;(208, 1);0
0.5;(208, 1);1
0.40733340004593027;(208, 1);2
0.8519528019683105;(208, 1);3
0.5;(208, 1);4
0.4378234991142019;(208, 1);5
0.4378234991142019;(208, 1);6
0.30735799148691006;(208, 1);7
0.5;(208, 1);8
0.5621765008857982;(208, 1);9
0.7772998611746911;(208, 2);0
0.5;(208, 2);1
0.33458941471250814;(208, 2);2
0.7662936430859597;(208, 2);3
0.78793120560257;(208, 2);4
0.1403362494900832;(208, 2);5
0.1561048974454574;(208, 2);6
0.8519527944504228;(208, 2);7
0.3486451217982255;(208, 2);8
0.8872045817875224;(208, 2);9
0.2689414213699951;(208, 3);0
0.4687906266262437;(208, 3);1
0.4378234991142019;(208, 3);2
0.37754066879814546;(208, 3);3
0.24508502416032488;(208, 3);4
0.3486451488696663;(208, 3);5
0.5;(208, 3);6
0.6224593171945416;(208, 3);7
0.5312093733737562;(208, 3);8
0.34864513533394575;(208, 3);9
0.5621765008857981;(209, 0);0
0.3629692055196168;(209, 0);1
0.4073334000459302;(209, 0);2
0.30735799148691006;(209, 0);3
0.5926665999540698;(209, 0);4
0.3208212748495002;(209, 0);5
0.3775406687981454;(209, 0);6
0.2337063782629579;(209, 0);7
0.4378234991142019;(209, 0);8
0.6224593312018545;(209, 0);9
0.6224593312018546;(209, 1);0
0.5312093733737563;(209, 1);1
0.3486451353339458;(209, 1);2
0.5312093733737562;(209, 1);3
0.5621765008857981;(209, 1);4
0.5312093733737563;(209, 1);5
0.334589441253186;(209, 1);6
0.679178699175393;(209, 1);7
0.2689414213699951;(209, 1);8
0.33458944125318596;(209, 1);9
0.40733341443526055;(209, 2);0
0.28140560742914383;(209, 2);1
0.4073334000459302;(209, 2);2
0.5312093733737562;(209, 2);3
0.6513548511303336;(209, 2);4
0.3923368301671084;(209, 2);5
0.4378234991142019;(209, 2);6
0.5926665999540698;(209, 2);7
0.320821300824607;(209, 2);8
0.5;(209, 2);9
0.1824255060267144;(209, 3);0
0.8872045937171067;(209, 3);1
0.8354835371034369;(209, 3);2
0.8670357529306639;(209, 3);3
0.7772998611746912;(209, 3);4
0.7662936324115012;(209, 3);5
0.8519527869325346;(209, 3);6
0.8807970779778824;(209, 3);7
0.7185943805178139;(209, 3);8
0.8267117940706734;(209, 3);9
0.7549149978955811;(215, 0);0
0.6224593312018546;(215, 0);1
0.7057850278370112;(215, 0);2
0.7310585786300048;(215, 0);3
0.7662936644348759;(215, 0);4
0.8438951104066295;(215, 0);5
0.6370307944803832;(215, 0);6
0.6513548646660543;(215, 0);7
0.7310585786300048;(215, 0);8
0.766293653760418;(215, 0);9
0.7549149758396752;(215, 1);0
0.7310585786300049;(215, 1);1
0.6791787121629466;(215, 1);2
0.7310585903489891;(215, 1);3
0.6513548646660542;(215, 1);4
0.6513548511303338;(215, 1);5
0.6370307944803832;(215, 1);6
0.8438951104066293;(215, 1);7
0.5621765008857981;(215, 1);8
0.679178699175393;(215, 1);9
0.6513548646660543;(215, 2);0
0.6513548646660543;(215, 2);1
0.7549149978955811;(215, 2);2
0.6224593312018545;(215, 2);3
0.7981867585368343;(215, 2);4
0.2689414213699951;(215, 2);5
0.6224593312018545;(215, 2);6
0.7057850278370112;(215, 2);7
0.7310585903489892;(215, 2);8
0.7431680086124811;(215, 2);9
0.9046505299595163;(215, 3);0
0.8267117940706734;(215, 3);1
0.7185944046238981;(215, 3);2
0.9465966702001758;(215, 3);3
0.8175744850834649;(215, 3);4
0.808067204308405;(215, 3);5
0.7662936430859597;(215, 3);6
0.8438951025545426;(215, 3);7
0.8175744939732856;(215, 3);8
0.8519528170040852;(215, 3);9
0.8175744673038221;(216, 0);0
0.39233683016710835;(216, 0);1
0.2942149721629888;(216, 0);2
0.8740772417253257;(216, 0);3
0.8267117940706733;(216, 0);4
0.8872045996818987;(216, 0);5
0.7431680086124812;(216, 0);6
0.8267117940706735;(216, 0);7
0.9241418241572634;(216, 0);8
0.8519528094861981;(216, 0);9
0.8438951104066293;(216, 1);0
0.5621765008857981;(216, 1);1
0.679178699175393;(216, 1);2
0.5;(216, 1);3
0.6370307944803831;(216, 1);4
0.5926665999540698;(216, 1);5
0.5621764862150634;(216, 1);6
0.7431680086124811;(216, 1);7
0.5;(216, 1);8
0.5312093733737562;(216, 1);9
0.46879062662624377;(216, 2);0
0.7057850154599563;(216, 2);1
0.5926665999540698;(216, 2);2
0.5621765008857981;(216, 2);3
0.5926665999540698;(216, 2);4
0.5621765008857981;(216, 2);5
0.4378234991142019;(216, 2);6
0.5;(216, 2);7
0.6224593452091672;(216, 2);8
0.4687906266262437;(216, 2);9
0.7662936430859597;(216, 3);0
0.8438951025545426;(216, 3);1
0.9099070158103778;(216, 3);2
0.5156199157230156;(216, 3);3
0.8596637577007394;(216, 3);4
0.5;(216, 3);5
0.7431680199891789;(216, 3);6
0.5312093733737563;(216, 3);7
0.8080672135527632;(216, 3);8
0.8267117855317474;(216, 3);9
0.8519528019683106;(217, 0);0
0.8519528019683106;(217, 0);1
0.8354835411997897;(217, 0);2
0.7772998611746912;(217, 0);3
0.8175744761936437;(217, 0);4
0.8740772220439509;(217, 0);5
0.8596637361282706;(217, 0);6
0.679178699175393;(217, 0);7
0.7662936430859597;(217, 0);8
0.8872045847699186;(217, 0);9
0.7310585786300049;(217, 1);0
0.7981867681382279;(217, 1);1
0.679178699175393;(217, 1);2
0.5312093733737563;(217, 1);3
0.6224593171945417;(217, 1);4
0.7549149868676283;(217, 1);5
0.679178699175393;(217, 1);6
0.7772998508568416;(217, 1);7
0.7057850154599563;(217, 1);8
0.7310585786300049;(217, 1);9
0.7981867681382279;(217, 2);0
0.7057850402140659;(217, 2);1
0.4687906266262437;(217, 2);2
0.2814056074291439;(217, 2);3
0.6224593312018546;(217, 2);4
0.7772998714925402;(217, 2);5
0.6926419831347361;(217, 2);6
0.20181323186177208;(217, 2);7
0.6513548782017745;(217, 2);8
0.3775406687981454;(217, 2);9
0.7310585669110203;(217, 3);0
0.7310585786300048;(217, 3);1
0.8267118026095992;(217, 3);2
0.7057850278370111;(217, 3);3
0.679178699175393;(217, 3);4
0.7981867585368343;(217, 3);5
0.5621765155565326;(217, 3);6
0.5926665999540698;(217, 3);7
0.6224593452091672;(217, 3);8
0.6224593312018545;(217, 3);9
0.5;(218, 0);0
0.5926665999540698;(218, 0);1
0.7057850154599562;(218, 0);2
0.46879062662624366;(218, 0);3
0.743167997235783;(218, 0);4
0.7057850154599562;(218, 0);5
0.5312093733737563;(218, 0);6
0.5926665855647395;(218, 0);7
0.40733340004593027;(218, 0);8
0.7772998611746912;(218, 0);9
0.7981867873410141;(218, 1);0
0.8740772417253256;(218, 1);1
0.8933094060543488;(218, 1);2
0.8438951025545426;(218, 1);3
0.7662936430859597;(218, 1);4
0.8991213880824791;(218, 1);5
0.7772998611746912;(218, 1);6
0.8596637361282706;(218, 1);7
0.8080671950640465;(218, 1);8
0.8267118111485245;(218, 1);9
0.7431680199891789;(218, 2);0
0.4378234991142019;(218, 2);1
0.7057850278370111;(218, 2);2
0.6513548646660543;(218, 2);3
0.6513548646660542;(218, 2);4
0.256831980010821;(218, 2);5
0.6513548782017746;(218, 2);6
0.7549149758396752;(218, 2);7
0.5312093733737563;(218, 2);8
0.34864514886966624;(218, 2);9
0.6513548646660543;(218, 3);0
0.5621765008857981;(218, 3);1
0.5621765155565326;(218, 3);2
0.6513548646660543;(218, 3);3
0.6513548646660543;(218, 3);4
0.34864514886966624;(218, 3);5
0.5312093733737563;(218, 3);6
0.5312093733737563;(218, 3);7
0.5926665999540697;(218, 3);8
0.5621765008857981;(218, 3);9
0.8267118026095991;(219, 0);0
0.7879311956428946;(219, 0);1
0.909907010924213;(219, 0);2
0.334589441253186;(219, 0);3
0.7662936430859598;(219, 0);4
0.835483553488848;(219, 0);5
0.8596637577007393;(219, 0);6
0.8267118026095992;(219, 0);7
0.8175744939732856;(219, 0);8
0.8267117855317474;(219, 0);9
0.3073580168652638;(219, 1);0
0.5312093733737563;(219, 1);1
0.679178699175393;(219, 1);2
0.5312093733737563;(219, 1);3
0.6513548782017745;(219, 1);4
0.679178699175393;(219, 1);5
0.5621765008857981;(219, 1);6
0.6076631698328916;(219, 1);7
0.4687906266262437;(219, 1);8
0.6926419831347361;(219, 1);9
0.4073334000459302;(219, 2);0
0.5926665999540698;(219, 2);1
0.46879062662624377;(219, 2);2
0.37754066879814546;(219, 2);3
0.46879062662624377;(219, 2);4
0.546738151984614;(219, 2);5
0.4378234991142019;(219, 2);6
0.5926665999540697;(219, 2);7
0.5926665999540698;(219, 2);8
0.5;(219, 2);9
0.5156199157230157;(219, 3);0
0.37754066879814546;(219, 3);1
0.3775406547908328;(219, 3);2
0.5926665999540697;(219, 3);3
0.5312093733737563;(219, 3);4
0.5;(219, 3);5
0.5621765008857981;(219, 3);6
0.11920292202211757;(219, 3);7
0.6513548782017745;(219, 3);8
0.46879062662624377;(219, 3);9
0.7310585786300049;(220, 0);0
0.7310585903489892;(220, 0);1
0.8080672135527632;(220, 0);2
0.6224593312018546;(220, 0);3
0.6224593312018546;(220, 0);4
0.3775406687981454;(220, 0);5
0.5926665999540698;(220, 0);6
0.4378234991142019;(220, 0);7
0.679178699175393;(220, 0);8
0.5621765008857982;(220, 0);9
0.5926665999540697;(220, 1);0
0.5312093733737563;(220, 1);1
0.5621765008857981;(220, 1);2
0.7310585786300049;(220, 1);3
0.6224593312018545;(220, 1);4
0.22270014914315836;(220, 1);5
0.5926665999540698;(220, 1);6
0.3486451353339457;(220, 1);7
0.5926665999540699;(220, 1);8
0.7057850278370112;(220, 1);9
0.43782349911420193;(220, 2);0
0.43782349911420193;(220, 2);1
0.7772998611746912;(220, 2);2
0.5926665855647394;(220, 2);3
0.7431680199891789;(220, 2);4
0.679178699175393;(220, 2);5
0.7549149758396752;(220, 2);6
0.2450850131323717;(220, 2);7
0.5621764862150634;(220, 2);8
0.3486451353339458;(220, 2);9
0.8596637577007394;(220, 3);0
0.9241418116217419;(220, 3);1
0.8354835452961427;(220, 3);2
0.8080672135527631;(220, 3);3
0.7981867777396211;(220, 3);4
0.8438951025545426;(220, 3);5
0.8670357598021707;(220, 3);6
0.8175744850834648;(220, 3);7
0.9284088005554475;(220, 3);8
0.8991213826762113;(220, 3);9
0.6224593312018546;(221, 0);0
0.6926419831347361;(221, 0);1
0.6926419831347361;(221, 0);2
0.7310585786300049;(221, 0);3
0.7185944046238981;(221, 0);4
0.5926665999540698;(221, 0);5
0.6513548646660543;(221, 0);6
0.6791786861878392;(221, 0);7
0.5926665855647395;(221, 0);8
0.5;(221, 0);9
0.7185943925708562;(221, 1);0
0.7879311956428947;(221, 1);1
0.7549149868676284;(221, 1);2
0.7879311856832191;(221, 1);3
0.8175744850834649;(221, 1);4
0.8933094060543487;(221, 1);5
0.8354835207180245;(221, 1);6
0.8175744761936437;(221, 1);7
0.808067204308405;(221, 1);8
0.8670357666736771;(221, 1);9
0.34864513533394575;(221, 2);0
0.2814056074291439;(221, 2);1
0.8354835452961427;(221, 2);2
0.4378234991142019;(221, 2);3
0.8354835534888478;(221, 2);4
0.4378234991142019;(221, 2);5
0.7057850278370111;(221, 2);6
0.665410558746814;(221, 2);7
0.3775406687981454;(221, 2);8
0.34864513533394575;(221, 2);9
0.5621765008857981;(221, 3);0
0.5312093733737562;(221, 3);1
0.6370307944803832;(221, 3);2
0.5926665999540698;(221, 3);3
0.6224593171945416;(221, 3);4
0.5;(221, 3);5
0.5;(221, 3);6
0.6513548782017745;(221, 3);7
0.679178699175393;(221, 3);8
0.6513548511303336;(221, 3);9
0.1561048817412842;(222, 0);0
0.2942149721629888;(222, 0);1
0.14033625668090613;(222, 0);2
0.21206880435710534;(222, 0);3
0.3073580168652638;(222, 0);4
0.2450849910764664;(222, 0);5
0.5;(222, 0);6
0.012431651219072063;(222, 0);7
0.4378234991142019;(222, 0);8
0.23370635691404026;(222, 0);9
0.24508501313237174;(222, 1);0
0.2689414213699951;(222, 1);1
0.6224593312018546;(222, 1);2
0.4378234991142019;(222, 1);3
0.5621765008857981;(222, 1);4
0.5312093733737563;(222, 1);5
0.12592275827467436;(222, 1);6
0.4378234991142019;(222, 1);7
0.2689414213699951;(222, 1);8
0.30735801686526387;(222, 1);9
0.06754668738548217;(222, 2);0
0.22270013882530887;(222, 2);1
0.1919327864472368;(222, 2);2
0.12592277139559055;(222, 2);3
0.22270011818961086;(222, 2);4
0.320821300824607;(222, 2);5
0.16451644651115202;(222, 2);6
0.14804719051380197;(222, 2);7
0.3775406687981454;(222, 2);8
0.34864513533394575;(222, 2);9
0.1645164792819756;(222, 3);0
0.1127954062828932;(222, 3);1
0.16451646289656313;(222, 3);2
0.14804719803168948;(222, 3);3
0.2337063569140403;(222, 3);4
0.0637149871404886;(222, 3);5
0.3923368301671084;(222, 3);6
0.42250463481418826;(222, 3);7
0.14804721306746543;(222, 3);8
0.37754066879814546;(222, 3);9
0.6513548646660542;(223, 0);0
0.43782348444346736;(223, 0);1
0.6224593171945417;(223, 0);2
0.4378234991142019;(223, 0);3
0.4843800842769844;(223, 0);4
0.6224593312018546;(223, 0);5
0.7772998818103891;(223, 0);6
0.5926665999540698;(223, 0);7
0.5312093733737563;(223, 0);8
0.46879062662624377;(223, 0);9
0.5621765008857982;(223, 1);0
0.7662936217370421;(223, 1);1
0.6513548782017745;(223, 1);2
0.7185943925708561;(223, 1);3
0.6076631698328916;(223, 1);4
0.5621765008857981;(223, 1);5
0.43782349911420193;(223, 1);6
0.679178699175393;(223, 1);7
0.7310585903489891;(223, 1);8
0.6224593171945416;(223, 1);9
0.7549149758396752;(223, 2);0
0.6076631698328917;(223, 2);1
0.880797065461671;(223, 2);2
0.8438951104066295;(223, 2);3
0.8807970717197768;(223, 2);4
0.7431680086124811;(223, 2);5
0.8519527869325345;(223, 2);6
0.766293653760418;(223, 2);7
0.8519527944504227;(223, 2);8
0.8080672135527632;(223, 2);9
0.6224593312018546;(223, 3);0
0.6926419831347361;(223, 3);1
0.4378234991142019;(223, 3);2
0.5;(223, 3);3
0.5;(223, 3);4
0.30735801686526387;(223, 3);5
0.5;(223, 3);6
0.46879062662624377;(223, 3);7
0.5;(223, 3);8
0.43782349911420193;(223, 3);9
0.6513548646660542;(224, 0);0
0.7057850278370112;(224, 0);1
0.7431680086124811;(224, 0);2
0.6513548646660542;(224, 0);3
0.5621765008857982;(224, 0);4
0.5926665999540698;(224, 0);5
0.7879311956428946;(224, 0);6
0.7057850278370112;(224, 0);7
0.7662936324115012;(224, 0);8
0.42250463481418826;(224, 0);9
0.8519527944504227;(224, 1);0
0.8670357460591569;(224, 1);1
0.8175744761936437;(224, 1);2
0.7662936430859597;(224, 1);3
0.7879312056025699;(224, 1);4
0.851952809486198;(224, 1);5
0.8519527906914788;(224, 1);6
0.7662936430859598;(224, 1);7
0.8596637361282706;(224, 1);8
0.9046505453836382;(224, 1);9
0.6513548782017745;(224, 2);0
0.7057850278370112;(224, 2);1
0.5926665999540698;(224, 2);2
0.2018132126589859;(224, 2);3
0.679178699175393;(224, 2);4
0.34864513533394575;(224, 2);5
0.6224593171945416;(224, 2);6
0.6791787121629466;(224, 2);7
0.6513548511303338;(224, 2);8
0.679178699175393;(224, 2);9
0.5926665999540698;(224, 3);0
0.46879062662624377;(224, 3);1
0.6224593312018546;(224, 3);2
0.6224593312018545;(224, 3);3
0.46879062662624377;(224, 3);4
0.5312093733737563;(224, 3);5
0.5312093733737563;(224, 3);6
0.6513548782017745;(224, 3);7
0.5926665999540697;(224, 3);8
0.4687906414693486;(224, 3);9
0.5926665999540698;(225, 0);0
0.23370636758849894;(225, 0);1
0.34864513533394575;(225, 0);2
0.5312093733737563;(225, 0);3
0.5926665999540698;(225, 0);4
0.46879062662624377;(225, 0);5
0.6370307944803831;(225, 0);6
0.5312093733737563;(225, 0);7
0.40733340004593016;(225, 0);8
0.7057850278370112;(225, 0);9
0.5926665855647395;(225, 1);0
0.5;(225, 1);1
0.7310585903489891;(225, 1);2
0.7662936324115011;(225, 1);3
0.7549149758396752;(225, 1);4
0.731058578630005;(225, 1);5
0.4378234991142019;(225, 1);6
0.5621765008857981;(225, 1);7
0.6513548782017745;(225, 1);8
0.6513548782017745;(225, 1);9
0.25683199138751883;(225, 2);0
0.4073334000459302;(225, 2);1
0.679178699175393;(225, 2);2
0.5312093733737563;(225, 2);3
0.5621765008857982;(225, 2);4
0.5926665999540697;(225, 2);5
0.5;(225, 2);6
0.6513548782017745;(225, 2);7
0.6224593312018546;(225, 2);8
0.5621764862150634;(225, 2);9
0.7772998714925403;(225, 3);0
0.7662936430859597;(225, 3);1
0.8596637433190939;(225, 3);2
0.8670357598021707;(225, 3);3
0.7772998508568416;(225, 3);4
0.8267117940706734;(225, 3);5
0.7772998508568416;(225, 3);6
0.6224593312018546;(225, 3);7
0.8596637505099168;(225, 3);8
0.7879311956428946;(225, 3);9
0.7057850278370112;(226, 0);0
0.6791786861878392;(226, 0);1
0.6513548646660543;(226, 0);2
0.40733340004593027;(226, 0);3
0.5312093733737563;(226, 0);4
0.6224593312018546;(226, 0);5
0.5926666143433998;(226, 0);6
0.46879062662624377;(226, 0);7
0.6513548782017745;(226, 0);8
0.34864513533394575;(226, 0);9
0.7310585786300049;(226, 1);0
0.6513548782017745;(226, 1);1
0.6926419831347362;(226, 1);2
0.679178699175393;(226, 1);3
0.46879062662624377;(226, 1);4
0.7310585786300049;(226, 1);5
0.7879312056025699;(226, 1);6
0.6513548511303338;(226, 1);7
0.6926419831347361;(226, 1);8
0.5926665999540698;(226, 1);9
0.679178699175393;(226, 2);0
0.6370307944803832;(226, 2);1
0.4073333856566001;(226, 2);2
0.8354835371034368;(226, 2);3
0.705785040214066;(226, 2);4
0.5774953651858118;(226, 2);5
0.5312093733737563;(226, 2);6
0.679178686187839;(226, 2);7
0.6224593312018546;(226, 2);8
0.6224593452091672;(226, 2);9
0.8175744939732856;(226, 3);0
0.8438951104066295;(226, 3);1
0.9433475746920261;(226, 3);2
0.8933094003735663;(226, 3);3
0.8872046056466901;(226, 3);4
0.8596637433190939;(226, 3);5
0.9196425223682086;(226, 3);6
0.8175744850834648;(226, 3);7
0.8933093946927838;(226, 3);8
0.7981867873410141;(226, 3);9
0.5;(227, 0);0
0.37754066879814546;(227, 0);1
0.40733340004593027;(227, 0);2
0.5312093733737562;(227, 0);3
0.5774953651858118;(227, 0);4
0.5621765008857981;(227, 0);5
0.679178699175393;(227, 0);6
0.6224593312018546;(227, 0);7
0.6513548646660542;(227, 0);8
0.5312093733737563;(227, 0);9
0.8438951025545427;(227, 1);0
0.7431680086124811;(227, 1);1
0.8519527869325345;(227, 1);2
0.7879311856832191;(227, 1);3
0.7981867681382279;(227, 1);4
0.8354835534888478;(227, 1);5
0.8175744939732856;(227, 1);6
0.7879311956428947;(227, 1);7
0.8080672135527632;(227, 1);8
0.867035752930664;(227, 1);9
0.5621764862150634;(227, 2);0
0.5;(227, 2);1
0.43782349911420193;(227, 2);2
0.5621765008857981;(227, 2);3
0.6791787121629465;(227, 2);4
0.6791786991753929;(227, 2);5
0.5621765008857982;(227, 2);6
0.46879062662624377;(227, 2);7
0.320821300824607;(227, 2);8
0.7057850154599562;(227, 2);9
0.8080672320414786;(227, 3);0
0.9149009526726544;(227, 3);1
0.8354835289107309;(227, 3);2
0.334589441253186;(227, 3);3
0.5312093733737562;(227, 3);4
0.24508501313237172;(227, 3);5
0.5312093733737563;(227, 3);6
0.5;(227, 3);7
0.7879311956428946;(227, 3);8
0.6224593452091673;(227, 3);9
0.7981867873410141;(228, 0);0
0.5621765008857981;(228, 0);1
0.6791786991753929;(228, 0);2
0.7879311956428947;(228, 0);3
0.679178699175393;(228, 0);4
0.5926665999540697;(228, 0);5
0.5926665855647395;(228, 0);6
0.679178699175393;(228, 0);7
0.6513548646660543;(228, 0);8
0.5;(228, 0);9
0.6791786861878392;(228, 1);0
0.5926665999540698;(228, 1);1
0.6224593312018546;(228, 1);2
0.6224593171945417;(228, 1);3
0.6224593312018546;(228, 1);4
0.7431680086124811;(228, 1);5
0.5621765008857981;(228, 1);6
0.6224593312018546;(228, 1);7
0.7879311956428947;(228, 1);8
0.43782349911420193;(228, 1);9
0.5312093733737562;(228, 2);0
0.5312093733737563;(228, 2);1
0.46879062662624377;(228, 2);2
0.679178699175393;(228, 2);3
0.6926419831347361;(228, 2);4
0.5621765008857982;(228, 2);5
0.6513548646660543;(228, 2);6
0.5621765008857981;(228, 2);7
0.5926665999540698;(228, 2);8
0.6224593312018546;(228, 2);9
0.7981867873410141;(228, 3);0
0.909907001151883;(228, 3);1
0.8933093946927837;(228, 3);2
0.9241418241572635;(228, 3);3
0.8670357460591568;(228, 3);4
0.9241418199787564;(228, 3);5
0.8519527869325346;(228, 3);6
0.9099070060380482;(228, 3);7
0.7772998611746911;(228, 3);8
0.9099070060380482;(228, 3);9
0.45326184801538616;(229, 0);0
0.5926665999540698;(229, 0);1
0.4378234991142019;(229, 0);2
0.13296425394084313;(229, 0);3
0.6926419831347361;(229, 0);4
0.32082128783705344;(229, 0);5
0.43782349911420193;(229, 0);6
0.3629692055196168;(229, 0);7
0.45326184801538616;(229, 0);8
0.334589441253186;(229, 0);9
0.5312093733737563;(229, 1);0
0.3775406687981454;(229, 1);1
0.22270012850745965;(229, 1);2
0.6513548646660542;(229, 1);3
0.22270011818961083;(229, 1);4
0.5774953651858118;(229, 1);5
0.5926665999540698;(229, 1);6
0.6513548646660542;(229, 1);7
0.29421497216298875;(229, 1);8
0.334589441253186;(229, 1);9
0.37754065479083276;(229, 2);0
0.679178699175393;(229, 2);1
0.6654105587468141;(229, 2);2
0.7549149978955811;(229, 2);3
0.6513548782017745;(229, 2);4
0.4532618480153861;(229, 2);5
0.6926419831347362;(229, 2);6
0.46879062662624377;(229, 2);7
0.7772998508568416;(229, 2);8
0.5621765008857981;(229, 2);9
0.34864513533394575;(229, 3);0
0.665410558746814;(229, 3);1
0.5;(229, 3);2
0.5621765008857982;(229, 3);3
0.3775406687981454;(229, 3);4
0.6370307944803832;(229, 3);5
0.4378234991142019;(229, 3);6
0.6791787121629466;(229, 3);7
0.7310585786300048;(229, 3);8
0.46879064146934857;(229, 3);9
0.7057850278370112;(235, 0);0
0.6513548646660542;(235, 0);1
0.37754066879814546;(235, 0);2
0.6791786991753931;(235, 0);3
0.6791787121629466;(235, 0);4
0.5926665999540698;(235, 0);5
0.7549149868676283;(235, 0);6
0.5621765008857981;(235, 0);7
0.7981867681382279;(235, 0);8
0.5926665999540697;(235, 0);9
0.7981867777396212;(235, 1);0
0.8438951182587158;(235, 1);1
0.8596637433190939;(235, 1);2
0.8519528170040853;(235, 1);3
0.8740772417253256;(235, 1);4
0.8807970779778824;(235, 1);5
0.8670357529306639;(235, 1);6
0.8354835452961427;(235, 1);7
0.8872045937171068;(235, 1);8
0.8438950947024555;(235, 1);9
0.4687906266262437;(235, 2);0
0.5926665999540698;(235, 2);1
0.6224593171945416;(235, 2);2
0.5312093733737563;(235, 2);3
0.46879062662624377;(235, 2);4
0.5621765008857981;(235, 2);5
0.6791786991753929;(235, 2);6
0.6224593312018546;(235, 2);7
0.7310585786300049;(235, 2);8
0.8872045877523147;(235, 2);9
0.5;(235, 3);0
0.43782349911420193;(235, 3);1
0.6224593312018546;(235, 3);2
0.5926665999540698;(235, 3);3
0.7057850278370112;(235, 3);4
0.7057850154599562;(235, 3);5
0.46879061178313897;(235, 3);6
0.6224593312018547;(235, 3);7
0.5;(235, 3);8
0.7057850278370112;(235, 3);9
0.8438950868503681;(236, 0);0
0.787931175723543;(236, 0);1
0.37754066879814546;(236, 0);2
0.4073334000459302;(236, 0);3
0.4378234991142019;(236, 0);4
0.8519527944504228;(236, 0);5
0.8872045937171068;(236, 0);6
0.8354835452961425;(236, 0);7
0.7310585669110202;(236, 0);8
0.798186787341014;(236, 0);9
0.6224593312018546;(236, 1);0
0.5;(236, 1);1
0.43782349911420193;(236, 1);2
0.5;(236, 1);3
0.531209388216861;(236, 1);4
0.39233683016710835;(236, 1);5
0.5926665999540698;(236, 1);6
0.6224593312018546;(236, 1);7
0.705785040214066;(236, 1);8
0.4687906266262437;(236, 1);9
0.34864513533394575;(236, 2);0
0.5312093733737563;(236, 2);1
0.5;(236, 2);2
0.5926665999540698;(236, 2);3
0.5;(236, 2);4
0.679178699175393;(236, 2);5
0.7057850278370111;(236, 2);6
0.5621765008857981;(236, 2);7
0.5312093733737563;(236, 2);8
0.34864513533394575;(236, 2);9
0.8354835330070839;(236, 3);0
0.8438951182587158;(236, 3);1
0.5;(236, 3);2
0.7662936430859598;(236, 3);3
0.8080672227971211;(236, 3);4
0.320821300824607;(236, 3);5
0.8438950986284991;(236, 3);6
0.7057850278370112;(236, 3);7
0.8596637361282706;(236, 3);8
0.7772998508568416;(236, 3);9
0.3775406547908327;(237, 0);0
0.6654105587468139;(237, 0);1
0.4687906266262437;(237, 0);2
0.5312093733737563;(237, 0);3
0.7057850278370111;(237, 0);4
0.5926665999540698;(237, 0);5
0.5;(237, 0);6
0.6513548646660542;(237, 0);7
0.5;(237, 0);8
0.4073334000459302;(237, 0);9
0.6224593312018545;(237, 1);0
0.7431680086124812;(237, 1);1
0.5926665999540698;(237, 1);2
0.4073334000459303;(237, 1);3
0.7057850278370112;(237, 1);4
0.5926665999540698;(237, 1);5
0.6224593452091673;(237, 1);6
0.7057850154599562;(237, 1);7
0.37754066879814546;(237, 1);8
0.6513548511303336;(237, 1);9
0.7310585669110203;(237, 2);0
0.5621765008857981;(237, 2);1
0.679178699175393;(237, 2);2
0.5;(237, 2);3
0.7310585786300049;(237, 2);4
0.43782349911420193;(237, 2);5
0.6513548646660543;(237, 2);6
0.7431680086124812;(237, 2);7
0.6513548782017745;(237, 2);8
0.20181322226037882;(237, 2);9
0.8872045996818986;(237, 3);0
0.4687906266262437;(237, 3);1
0.754914975839675;(237, 3);2
0.5312093733737562;(237, 3);3
0.8670357598021707;(237, 3);4
0.34864513533394575;(237, 3);5
0.8596637577007393;(237, 3);6
0.7549149758396752;(237, 3);7
0.4378234991142019;(237, 3);8
0.8267117940706735;(237, 3);9
0.6076631698328916;(238, 0);0
0.5926665999540698;(238, 0);1
0.40733340004593027;(238, 0);2
0.8175744761936437;(238, 0);3
0.679178673200285;(238, 0);4
0.7310585786300049;(238, 0);5
0.5312093733737562;(238, 0);6
0.679178699175393;(238, 0);7
0.8596637505099167;(238, 0);8
0.6513548646660542;(238, 0);9
0.46879062662624377;(238, 1);0
0.43782349911420193;(238, 1);1
0.7310585786300049;(238, 1);2
0.4073334000459302;(238, 1);3
0.40733340004593027;(238, 1);4
0.34864513533394575;(238, 1);5
0.3775406687981454;(238, 1);6
0.40733340004593027;(238, 1);7
0.39233683016710835;(238, 1);8
0.43782349911420193;(238, 1);9
0.5926665999540698;(238, 2);0
0.334589441253186;(238, 2);1
0.5926665999540698;(238, 2);2
0.5926665999540697;(238, 2);3
0.5312093733737563;(238, 2);4
0.4687906266262437;(238, 2);5
0.8267117769928211;(238, 2);6
0.8267118111485244;(238, 2);7
0.7549149868676283;(238, 2);8
0.5156199157230156;(238, 2);9
0.8438950947024555;(238, 3);0
0.8267117940706734;(238, 3);1
0.8519527869325346;(238, 3);2
0.8596637433190939;(238, 3);3
0.8080672320414787;(238, 3);4
0.7310585786300049;(238, 3);5
0.8438951104066293;(238, 3);6
0.8080672135527631;(238, 3);7
0.8354835371034368;(238, 3);8
0.8438951182587158;(238, 3);9
0.8991213772699435;(239, 0);0
0.8267117940706734;(239, 0);1
0.9046505351008906;(239, 0);2
0.8991213826762113;(239, 0);3
0.9241418199787566;(239, 0);4
0.7662936430859598;(239, 0);5
0.8267117855317474;(239, 0);6
0.9149009596336303;(239, 0);7
0.8596637433190939;(239, 0);8
0.9241418199787564;(239, 0);9
0.7057850278370112;(239, 1);0
0.5926666143433998;(239, 1);1
0.7431680086124811;(239, 1);2
0.7662936430859597;(239, 1);3
0.7057850154599562;(239, 1);4
0.6513548511303338;(239, 1);5
0.7057850154599562;(239, 1);6
0.8354835289107309;(239, 1);7
0.7879311856832191;(239, 1);8
0.6513548646660543;(239, 1);9
0.34864513533394575;(239, 2);0
0.7879311956428946;(239, 2);1
0.7310585903489891;(239, 2);2
0.665410558746814;(239, 2);3
0.7057850278370112;(239, 2);4
0.6513548646660543;(239, 2);5
0.7549149868676284;(239, 2);6
0.7772998714925402;(239, 2);7
0.7549149978955811;(239, 2);8
0.4073334000459302;(239, 2);9
0.6224593312018545;(239, 3);0
0.7057850278370112;(239, 3);1
0.6926419831347361;(239, 3);2
0.7879311956428947;(239, 3);3
0.8080672227971212;(239, 3);4
0.798186768138228;(239, 3);5
0.5926665999540698;(239, 3);6
0.7981867777396212;(239, 3);7
0.8438951025545425;(239, 3);8
0.5312093733737563;(239, 3);9
0.8740772417253255;(230, 0);0
0.7879311956428946;(230, 0);1
0.8596637505099168;(230, 0);2
0.8080671950640465;(230, 0);3
0.40733340004593027;(230, 0);4
0.8267117940706735;(230, 0);5
0.8670357666736772;(230, 0);6
0.8670357735451835;(230, 0);7
0.9046505299595163;(230, 0);8
0.8596637361282707;(230, 0);9
0.5;(230, 1);0
0.3208212748495001;(230, 1);1
0.5621765155565326;(230, 1);2
0.3208213008246071;(230, 1);3
0.3486451353339458;(230, 1);4
0.5926665999540698;(230, 1);5
0.3629692055196168;(230, 1);6
0.4843800842769843;(230, 1);7
0.7185943925708562;(230, 1);8
0.8740772220439509;(230, 1);9
0.20181320305759332;(230, 2);0
0.679178686187839;(230, 2);1
0.5;(230, 2);2
0.5312093733737563;(230, 2);3
0.4378234991142019;(230, 2);4
0.6224593312018545;(230, 2);5
0.4687906266262437;(230, 2);6
0.6513548646660543;(230, 2);7
0.5621765008857982;(230, 2);8
0.5621765008857982;(230, 2);9
0.34864513533394575;(230, 3);0
0.5621765008857981;(230, 3);1
0.37754066879814546;(230, 3);2
0.5621765008857981;(230, 3);3
0.6513548511303336;(230, 3);4
0.5926665855647395;(230, 3);5
0.5312093733737562;(230, 3);6
0.6224593171945417;(230, 3);7
0.6513548782017745;(230, 3);8
0.6513548782017746;(230, 3);9
0.26894142136999516;(231, 0);0
0.46879062662624377;(231, 0);1
0.5926665999540698;(231, 0);2
0.6076631698328916;(231, 0);3
0.20181322226037882;(231, 0);4
0.5467381519846138;(231, 0);5
0.5312093733737562;(231, 0);6
0.5774953651858117;(231, 0);7
0.5;(231, 0);8
0.5;(231, 0);9
0.30735801686526387;(231, 1);0
0.5312093733737563;(231, 1);1
0.4378234991142018;(231, 1);2
0.40733341443526055;(231, 1);3
0.46879062662624377;(231, 1);4
0.33458944125318596;(231, 1);5
0.5;(231, 1);6
0.3486451353339458;(231, 1);7
0.3629692055196168;(231, 1);8
0.46879062662624377;(231, 1);9
0.6513548511303336;(231, 2);0
0.6791787121629465;(231, 2);1
0.3775406687981454;(231, 2);2
0.5926665999540698;(231, 2);3
0.6654105322061351;(231, 2);4
0.233706335565124;(231, 2);5
0.268941415510503;(231, 2);6
0.6224593312018546;(231, 2);7
0.18242552380635635;(231, 2);8
0.5312093733737563;(231, 2);9
0.3208213138121609;(231, 3);0
0.5312093733737562;(231, 3);1
0.1732882059293266;(231, 3);2
0.5312093733737562;(231, 3);3
0.4687906266262437;(231, 3);4
0.4687906266262438;(231, 3);5
0.6513548511303336;(231, 3);6
0.5312093733737563;(231, 3);7
0.5312093733737563;(231, 3);8
0.43782349911420193;(231, 3);9
0.46879062662624366;(232, 0);0
0.5;(232, 0);1
0.4378234991142019;(232, 0);2
0.4687906414693485;(232, 0);3
0.4378234991142019;(232, 0);4
0.5926665999540698;(232, 0);5
0.5312093733737563;(232, 0);6
0.4073334144352605;(232, 0);7
0.40733341443526055;(232, 0);8
0.3486451217982255;(232, 0);9
0.8354835371034369;(232, 1);0
0.7310585786300049;(232, 1);1
0.8354835493924953;(232, 1);2
0.7981867681382279;(232, 1);3
0.0;(232, 1);4
0.8991213772699435;(232, 1);5
0.78793120560257;(232, 1);6
0.8740772482857831;(232, 1);7
0.7662936430859597;(232, 1);8
0.2689414096510109;(232, 1);9
0.5621764862150634;(232, 2);0
0.8438951182587158;(240, 0);0
0.5926665855647395;(232, 2);1
0.6224593452091673;(232, 2);2
0.5;(232, 2);3
0.40733340004593027;(232, 2);4
0.40733340004593027;(232, 2);5
0.46879062662624377;(232, 2);6
0.6224593171945417;(232, 2);7
0.5;(232, 2);8
0.4073334000459302;(232, 2);9
0.3775406687981454;(232, 3);0
0.5;(232, 3);1
0.2689414213699951;(232, 3);2
0.4073334000459302;(232, 3);3
0.43782349911420193;(232, 3);4
0.4073333856566001;(232, 3);5
0.2942149721629888;(232, 3);6
0.24508502416032488;(232, 3);7
0.2689414330889797;(232, 3);8
0.1732881888514755;(232, 3);9
0.30735801686526387;(233, 0);0
0.705785040214066;(233, 0);1
0.5926665999540697;(233, 0);2
0.43782349911420193;(233, 0);3
0.6513548646660543;(233, 0);4
0.5926665999540698;(233, 0);5
0.6076631698328916;(233, 0);6
0.5621764862150634;(233, 0);7
0.5312093733737562;(233, 0);8
0.6224593312018546;(233, 0);9
0.705785040214066;(233, 1);0
0.7310585786300048;(233, 1);1
0.8807970904940925;(233, 1);2
0.851952809486198;(233, 1);3
0.7772998508568416;(233, 1);4
0.7981867969424066;(233, 1);5
0.8670357666736772;(233, 1);6
0.3775406687981454;(233, 1);7
0.8175744673038222;(233, 1);8
0.7981867777396211;(233, 1);9
0.46879062662624377;(233, 2);0
0.6513548511303338;(233, 2);1
0.7310585669110202;(233, 2);2
0.7772998508568417;(233, 2);3
0.5621765008857982;(233, 2);4
0.6513548646660542;(233, 2);5
0.5621765008857981;(233, 2);6
0.5926665999540698;(233, 2);7
0.6224593312018545;(233, 2);8
0.7981867777396212;(233, 2);9
0.5;(233, 3);0
0.6513548646660542;(233, 3);1
0.7185943925708562;(233, 3);2
0.5926665999540697;(233, 3);3
0.679178699175393;(233, 3);4
0.34864513533394575;(233, 3);5
0.6513548646660543;(233, 3);6
0.6224593452091672;(233, 3);7
0.5312093733737563;(233, 3);8
0.6224593312018546;(233, 3);9
0.37754068280545827;(234, 0);0
0.4378234991142019;(234, 0);1
0.23370637826295795;(234, 0);2
0.15610490529754448;(234, 0);3
0.25683199138751883;(234, 0);4
0.4378234991142019;(234, 0);5
0.43782349911420193;(234, 0);6
0.5;(234, 0);7
0.3208212878370535;(234, 0);8
0.34864513533394575;(234, 0);9
0.22270014914315836;(234, 1);0
0.48438008427698437;(234, 1);1
0.32082131381216084;(234, 1);2
0.19193276795852135;(234, 1);3
0.6370307806984444;(234, 1);4
0.22270014914315836;(234, 1);5
0.3486451353339458;(234, 1);6
0.5;(234, 1);7
0.4378234991142019;(234, 1);8
0.46879062662624377;(234, 1);9
0.46879064146934857;(234, 2);0
0.20181322226037882;(234, 2);1
0.2018132318617721;(234, 2);2
0.40733340004593027;(234, 2);3
0.5156199157230156;(234, 2);4
0.32082130082460697;(234, 2);5
0.39233683016710835;(234, 2);6
0.2942149721629888;(234, 2);7
0.43782349911420193;(234, 2);8
0.320821300824607;(234, 2);9
0.6513548646660543;(234, 3);0
0.6926419704455589;(234, 3);1
0.40733340004593016;(234, 3);2
0.6076631698328916;(234, 3);3
0.5621765008857981;(234, 3);4
0.5;(234, 3);5
0.5926665855647395;(234, 3);6
0.5;(234, 3);7
0.40733340004593027;(234, 3);8
0.6926419831347361;(234, 3);9
0.8080672227971211;(240, 0);1
0.8670357529306639;(240, 0);2
0.8519528019683106;(240, 0);3
0.8991213718636752;(240, 0);4
0.787931175723543;(240, 0);5
0.8438950868503681;(240, 0);6
0.9284087946129328;(240, 0);7
0.6791786861878392;(240, 0);8
0.8807970717197768;(240, 0);9
0.5926665999540698;(240, 1);0
0.6224593312018546;(240, 1);1
0.7879312056025699;(240, 1);2
0.8354835371034369;(240, 1);3
0.7662936430859598;(240, 1);4
0.7431680086124812;(240, 1);5
0.5312093733737563;(240, 1);6
0.6513548646660543;(240, 1);7
0.8080672227971211;(240, 1);8
0.7310585669110203;(240, 1);9
0.7981867777396211;(240, 2);0
0.6076631698328916;(240, 2);1
0.334589441253186;(240, 2);2
0.6224593171945416;(240, 2);3
0.8354835289107309;(240, 2);4
0.7057850278370111;(240, 2);5
0.5926666143433998;(240, 2);6
0.7549149758396752;(240, 2);7
0.7057850154599563;(240, 2);8
0.6370307944803831;(240, 2);9
0.5926666143433998;(240, 3);0
0.7549149868676283;(240, 3);1
0.5312093733737562;(240, 3);2
0.46879062662624377;(240, 3);3
0.679178699175393;(240, 3);4
0.7431680199891789;(240, 3);5
0.5621765008857981;(240, 3);6
0.7549149868676284;(240, 3);7
0.7057850278370112;(240, 3);8
0.7310585786300048;(240, 3);9
0.5774953651858117;(241, 0);0
0.2942149783515162;(241, 0);1
0.4073334000459302;(241, 0);2
0.43782349911420193;(241, 0);3
0.3775406687981454;(241, 0);4
0.6513548646660542;(241, 0);5
0.6513548646660543;(241, 0);6
0.320821300824607;(241, 0);7
0.1919327864472368;(241, 0);8
0.46879062662624377;(241, 0);9
0.7057850278370111;(241, 1);0
0.5;(241, 1);1
0.4687906266262437;(241, 1);2
0.40733340004593027;(241, 1);3
0.320821300824607;(241, 1);4
0.6926419831347361;(241, 1);5
0.5621765008857981;(241, 1);6
0.7431680086124812;(241, 1);7
0.6654105454764747;(241, 1);8
0.7549149868676283;(241, 1);9
0.5312093733737563;(241, 2);0
0.43782351378493645;(241, 2);1
0.43782349911420193;(241, 2);2
0.25683199138751883;(241, 2);3
0.1824255326961778;(241, 2);4
0.5312093733737563;(241, 2);5
0.24508501313237172;(241, 2);6
0.4378234991142019;(241, 2);7
0.4378234991142019;(241, 2);8
0.4687906266262437;(241, 2);9
0.19193276795852135;(241, 3);0
0.4378234991142019;(241, 3);1
0.5312093882168609;(241, 3);2
0.20181322226037882;(241, 3);3
0.320821300824607;(241, 3);4
0.2450850131323717;(241, 3);5
0.334589441253186;(241, 3);6
0.3629692055196168;(241, 3);7
0.33458946779386495;(241, 3);8
0.26894142136999516;(241, 3);9
0.320821300824607;(242, 0);0
0.2568320141409155;(242, 0);1
0.5312093733737562;(242, 0);2
0.7310585903489891;(242, 0);3
0.7431680086124812;(242, 0);4
0.5312093733737563;(242, 0);5
0.34864513533394575;(242, 0);6
0.5312093733737563;(242, 0);7
0.5312093733737562;(242, 0);8
0.5312093733737563;(242, 0);9
0.6370307944803832;(242, 1);0
0.7431680199891789;(242, 1);1
0.37754066879814546;(242, 1);2
0.6791787121629466;(242, 1);3
0.6370307944803831;(242, 1);4
0.5;(242, 1);5
0.6370307944803832;(242, 1);6
0.6224593312018546;(242, 1);7
0.5312093733737563;(242, 1);8
0.4073334000459302;(242, 1);9
0.7549149868676283;(242, 2);0
0.4687906266262437;(242, 2);1
0.7057850154599562;(242, 2);2
0.4843800842769843;(242, 2);3
0.6654105454764746;(242, 2);4
0.5621765008857981;(242, 2);5
0.5312093733737562;(242, 2);6
0.5621765008857982;(242, 2);7
0.7549149758396752;(242, 2);8
0.7310585786300049;(242, 2);9
0.6926419831347361;(242, 3);0
0.7185943925708562;(242, 3);1
0.20181322226037884;(242, 3);2
0.8080672135527632;(242, 3);3
0.7662936430859597;(242, 3);4
0.7662936217370421;(242, 3);5
0.7772998508568416;(242, 3);6
0.7772998611746912;(242, 3);7
0.7185944046238982;(242, 3);8
0.7549149868676283;(242, 3);9
0.8933094174159127;(243, 0);0
0.9149009503523291;(243, 0);1
0.8354835452961425;(243, 0);2
0.8080671950640463;(243, 0);3
0.8267117940706734;(243, 0);4
0.743167997235783;(243, 0);5
0.8354835452961425;(243, 0);6
0.851952809486198;(243, 0);7
0.8872045877523147;(243, 0);8
0.867035752930664;(243, 0);9
0.6791787121629466;(243, 1);0
0.7310585786300049;(243, 1);1
0.7549149868676284;(243, 1);2
0.43782349911420193;(243, 1);3
0.6513548782017746;(243, 1);4
0.7057850154599562;(243, 1);5
0.705785040214066;(243, 1);6
0.6513548782017746;(243, 1);7
0.5621765008857981;(243, 1);8
0.6513548646660543;(243, 1);9
0.7662936430859597;(243, 2);0
0.5621765008857981;(243, 2);1
0.7310585903489891;(243, 2);2
0.6224593452091672;(243, 2);3
0.6224593312018546;(243, 2);4
0.5312093733737562;(243, 2);5
0.6224593171945417;(243, 2);6
0.5621764862150636;(243, 2);7
0.7057850154599562;(243, 2);8
0.7549149978955811;(243, 2);9
0.5926665999540698;(243, 3);0
0.7057850278370112;(243, 3);1
0.5312093733737563;(243, 3);2
0.5926665999540698;(243, 3);3
0.5312093733737562;(243, 3);4
0.5926666143434;(243, 3);5
0.6224593312018545;(243, 3);6
0.5;(243, 3);7
0.4378234991142019;(243, 3);8
0.705785040214066;(243, 3);9
0.679178699175393;(244, 0);0
0.5926665855647395;(244, 0);1
0.6370307944803831;(244, 0);2
0.7310585786300049;(244, 0);3
0.7057850154599562;(244, 0);4
0.4378234991142019;(244, 0);5
0.7185943805178138;(244, 0);6
0.5926665999540698;(244, 0);7
0.5774953651858118;(244, 0);8
0.5774953651858117;(244, 0);9
0.7057850402140659;(244, 1);0
0.6224593312018545;(244, 1);1
0.7662936430859597;(244, 1);2
0.6224593312018545;(244, 1);3
0.6513548646660542;(244, 1);4
0.7879311757235431;(244, 1);5
0.7662936430859597;(244, 1);6
0.5926665999540698;(244, 1);7
0.798186787341014;(244, 1);8
0.7772998611746911;(244, 1);9
0.5;(244, 2);0
0.43782349911420193;(244, 2);1
0.7310585903489891;(244, 2);2
0.5621765008857981;(244, 2);3
0.5;(244, 2);4
0.679178699175393;(244, 2);5
0.6791786991753931;(244, 2);6
0.5621765008857981;(244, 2);7
0.6370307944803832;(244, 2);8
0.6513548511303336;(244, 2);9
0.8740772417253256;(244, 3);0
0.8438951025545426;(244, 3);1
0.8670357735451834;(244, 3);2
0.8740772417253256;(244, 3);3
0.8519527869325346;(244, 3);4
0.8807970779778824;(244, 3);5
0.808067204308405;(244, 3);6
0.8354835207180245;(244, 3);7
0.8807970811069351;(244, 3);8
0.8519527869325345;(244, 3);9
0.3775406407835203;(245, 0);0
0.8991213664574069;(245, 0);1
0.754914975839675;(245, 0);2
0.8267117940706734;(245, 0);3
0.8670357598021707;(245, 0);4
0.8438951104066293;(245, 0);5
0.89330940889474;(245, 0);6
0.8267118026095991;(245, 0);7
0.9046505376715775;(245, 0);8
0.8596637361282707;(245, 0);9
0.6791787121629465;(245, 1);0
0.40733340004593027;(245, 1);1
0.3775406687981454;(245, 1);2
0.3486451217982255;(245, 1);3
0.6791786861878392;(245, 1);4
0.5621765155565326;(245, 1);5
0.6224593452091672;(245, 1);6
0.6224593171945417;(245, 1);7
0.8175744673038222;(245, 1);8
0.6513548646660543;(245, 1);9
0.34864513533394575;(245, 2);0
0.34864513533394575;(245, 2);1
0.4378234991142019;(245, 2);2
0.22270013882530887;(245, 2);3
0.43782349911420193;(245, 2);4
0.23370635691404026;(245, 2);5
0.4687906266262438;(245, 2);6
0.5926665855647394;(245, 2);7
0.5621765008857981;(245, 2);8
0.3775406687981454;(245, 2);9
0.30735800417608683;(245, 3);0
0.22270014914315833;(245, 3);1
0.7310585786300049;(245, 3);2
0.7431680086124811;(245, 3);3
0.8596637577007394;(245, 3);4
0.37754066879814546;(245, 3);5
0.1919328049359536;(245, 3);6
0.5926666143433998;(245, 3);7
0.5621765008857981;(245, 3);8
0.6224593171945417;(245, 3);9
0.6513548646660542;(246, 0);0
0.28140560742914383;(246, 0);1
0.5621765008857982;(246, 0);2
0.7981867825403177;(246, 0);3
0.2450850131323717;(246, 0);4
0.4687906266262437;(246, 0);5
0.679178699175393;(246, 0);6
0.5;(246, 0);7
0.28140560742914383;(246, 0);8
0.20181322226037882;(246, 0);9
0.6224593312018546;(246, 1);0
0.6513548782017744;(246, 1);1
0.7310585786300049;(246, 1);2
0.13296424019782924;(246, 1);3
0.679178699175393;(246, 1);4
0.5926665999540698;(246, 1);5
0.5312093733737563;(246, 1);6
0.7310585786300049;(246, 1);7
0.5;(246, 1);8
0.7772998508568416;(246, 1);9
0.5;(246, 2);0
0.7772998714925403;(246, 2);1
0.5926665999540698;(246, 2);2
0.5;(246, 2);3
0.5312093733737563;(246, 2);4
0.6791786861878392;(246, 2);5
0.7310585903489891;(246, 2);6
0.6224593452091672;(246, 2);7
0.43782348444346736;(246, 2);8
0.6791787121629466;(246, 2);9
0.8670357598021707;(246, 3);0
0.40733341443526055;(246, 3);1
0.7981867873410141;(246, 3);2
0.7981867777396212;(246, 3);3
0.8438950986284991;(246, 3);4
0.4073334000459302;(246, 3);5
0.8438950947024555;(246, 3);6
0.7981867777396212;(246, 3);7
0.8519528057272543;(246, 3);8
0.8519528019683106;(246, 3);9
0.6224593312018546;(247, 0);0
0.4378234991142019;(247, 0);1
0.42250463481418826;(247, 0);2
0.20181322226037887;(247, 0);3
0.29421497216298875;(247, 0);4
0.6926419704455588;(247, 0);5
0.5312093733737563;(247, 0);6
0.5;(247, 0);7
0.5;(247, 0);8
0.32082130082460697;(247, 0);9
0.8267118111485244;(247, 1);0
0.7662936430859596;(247, 1);1
0.8354835289107309;(247, 1);2
0.7981867777396211;(247, 1);3
0.9324533126145178;(247, 1);4
0.8267117769928211;(247, 1);5
0.7549149978955811;(247, 1);6
0.8438950868503681;(247, 1);7
0.8740772351648677;(247, 1);8
0.8080672320414787;(247, 1);9
0.679178699175393;(247, 2);0
0.4378234991142019;(247, 2);1
0.6224593171945417;(247, 2);2
0.3775406687981454;(247, 2);3
0.5312093733737562;(247, 2);4
0.5312093733737563;(247, 2);5
0.40733340004593027;(247, 2);6
0.6513548646660543;(247, 2);7
0.5621765008857981;(247, 2);8
0.4687906266262437;(247, 2);9
0.4378234991142019;(247, 3);0
0.5621765008857981;(247, 3);1
0.3775406687981454;(247, 3);2
0.4073334000459302;(247, 3);3
0.5312093733737562;(247, 3);4
0.6224593452091672;(247, 3);5
0.5926665999540698;(247, 3);6
0.5312093733737563;(247, 3);7
0.6791786861878392;(247, 3);8
0.5;(247, 3);9
0.7057850278370112;(248, 0);0
0.7549149868676284;(248, 0);1
0.5621765008857981;(248, 0);2
0.6513548511303338;(248, 0);3
0.48438008427698437;(248, 0);4
0.5926665999540699;(248, 0);5
0.5467381519846138;(248, 0);6
0.37754066879814546;(248, 0);7
0.5621765008857981;(248, 0);8
0.5926665999540698;(248, 0);9
0.8354835207180243;(248, 1);0
0.665410558746814;(248, 1);1
0.8740772318846386;(248, 1);2
0.8080672135527631;(248, 1);3
0.8740772286044095;(248, 1);4
0.8596637505099168;(248, 1);5
0.4687906266262437;(248, 1);6
0.8438950907764119;(248, 1);7
0.21206880435710534;(248, 1);8
0.8080672227971211;(248, 1);9
0.5926665999540697;(248, 2);0
0.37754065479083276;(248, 2);1
0.6224593312018546;(248, 2);2
0.7185943925708561;(248, 2);3
0.40733340004593027;(248, 2);4
0.6513548646660542;(248, 2);5
0.5312093733737563;(248, 2);6
0.4378234991142019;(248, 2);7
0.46879062662624377;(248, 2);8
0.5926665999540698;(248, 2);9
0.22270012850745965;(248, 3);0
0.4687906266262437;(248, 3);1
0.5312093585306514;(248, 3);2
0.6224593171945417;(248, 3);3
0.30735801686526387;(248, 3);4
0.6513548511303338;(248, 3);5
0.46879062662624377;(248, 3);6
0.6224593312018545;(248, 3);7
0.5926665999540698;(248, 3);8
0.4687906266262437;(248, 3);9
0.46879062662624377;(249, 0);0
0.29421497216298875;(249, 0);1
0.3923368301671084;(249, 0);2
0.5;(249, 0);3
0.5312093733737563;(249, 0);4
0.5;(249, 0);5
0.5621765008857982;(249, 0);6
0.30735801686526387;(249, 0);7
0.5926665999540697;(249, 0);8
0.5926665999540698;(249, 0);9
0.7057850278370111;(249, 1);0
0.6513548646660543;(249, 1);1
0.4073334000459303;(249, 1);2
0.40733340004593027;(249, 1);3
0.7057850278370112;(249, 1);4
0.43782349911420193;(249, 1);5
0.7981867873410141;(249, 1);6
0.6513548646660542;(249, 1);7
0.6513548646660542;(249, 1);8
0.7057850278370112;(249, 1);9
0.5926665999540698;(249, 2);0
0.6513548511303338;(249, 2);1
0.7310585786300049;(249, 2);2
0.5621765008857981;(249, 2);3
0.6513548646660543;(249, 2);4
0.6224593452091672;(249, 2);5
0.32082129433083023;(249, 2);6
0.7185943925708561;(249, 2);7
0.5926665999540698;(249, 2);8
0.7310585786300049;(249, 2);9
0.8807970904940926;(249, 3);0
0.8354835371034368;(249, 3);1
0.9046505248181417;(249, 3);2
0.9099070109242131;(249, 3);3
0.8740772286044094;(249, 3);4
0.8872046056466901;(249, 3);5
0.8596637433190939;(249, 3);6
0.8354835289107309;(249, 3);7
0.8872045877523148;(249, 3);8
0.8670357666736772;(249, 3);9
