id;confidence_per_choice
('easy', 0);[6.560200168153779e-12, 5.043471815847051e-07, 6.914400106940203e-13, 1.493094676197164e-10]
('easy', 1);[4.277673641234303e-11, 6.348630587054048e-09, 3.5816522885718905e-10, 2.7535687796947383e-05]
('easy', 2);[1.6586435588223983e-12, 0, 3.7009340290920334e-13, 2.1444958378736654e-05]
('easy', 3);[1.4449802461092448e-07, 0, 1.6586783589142312e-12, 1.186112015134383e-08]
('easy', 4);[3.4812994252608375e-12, 0, 0.00857748084041173, 2.361934793362249e-07]
('easy', 5);[3.3301087534191105e-11, 0, 0.0004305571096741222, 4.597073333424553e-10]
('easy', 6);[9.610239492660866e-05, 0, 4.27737992677934e-11, 3.397943750874141e-09]
('easy', 7);[1.463775722192624e-12, 0, 1.0677029917933763e-06, 3.9278597995802437e-07]
('easy', 8);[3.5817069406656184e-10, 3.7266069701906588e-06, 1.3887784930968989e-11, 7.889227017802535e-06]
('easy', 9);[6.691586091292782e-10, 0, 3.398267819495071e-09, 3.2241867372567335e-08]
('easy', 10);[3.7266389560521204e-06, 0, 9.544998511491458e-12, 1.8553842848731202e-07]
('easy', 11);[3.2241867372567335e-08, 0, 4.508755242294825e-12, 1.1253517471925912e-07]
('easy', 12);[1.5733890707575243e-11, 0.0002034268481403553, 7.990329009826088e-11, 3.581017019174275e-10]
('easy', 13);[4.8473687062702556e-11, 4.277787868968998e-11, 4.8473687062702556e-11, 1.8553913626159784e-07]
('easy', 14);[8.315279260963632e-07, 0, 2.7346982915918745e-12, 3.581747930283181e-10]
('easy', 15);[0.0002034268481403553, 0, 1.3885109815039699e-11, 3.581017019174275e-10]
('easy', 16);[5.206663342474218e-10, 1.1389529817030765e-12, 7.984676842578381e-11, 0.0009110514045295695]
('easy', 17);[1.670143001672819e-05, 6.101831931819151e-13, 1.658649886057515e-12, 1.9555345395217496e-08]
('easy', 18);[2.289734845645553e-11, 1.9555681087850496e-08, 2.9400777392844726e-11, 2.646573638909117e-09]
('easy', 19);[1.6701414089010932e-05, 0, 3.5113618363383706e-12, 1.4449554415922725e-07]
('easy', 20);[1.317488077793474e-10, 2.4130635873077793e-12, 0.0001233946226544279, 1.5228091684485844e-08]
('easy', 21);[3.331531833356797e-11, 2.2897261110169583e-11, 2.461687561204665e-10, 2.260320784525092e-06]
('easy', 22);[2.129748611084076e-12, 1.6701414089010932e-05, 6.914281414414636e-13, 1.691868879511704e-10]
('easy', 23);[1.388691082650761e-11, 0, 0, 7.484626212190614e-05]
('easy', 24);[9.610239492660866e-05, 7.834294612881063e-13, 1.5735601371415284e-11, 3.397943750874141e-09]
('easy', 25);[2.1444937927240387e-05, 0, 1.6586435588223983e-12, 8.764064340127165e-08]
('easy', 26);[6.47594599989589e-07, 0, 1.8795288165390832e-12, 1.186112015134383e-08]
('easy', 27);[3.700976383163148e-13, 0, 4.1937556634181793e-13, 1.0129987330277146e-05]
('easy', 28);[4.78509457496562e-06, 0, 1.7832404882790495e-11, 2.1724316478941435e-10]
('easy', 29);[1.463778514125909e-12, 5.602796437537268e-09, 1.1399918530443554e-12, 6.560200168153779e-12]
('easy', 30);[1.3709577789362383e-06, 6.101925039095844e-13, 8.423447688001894e-12, 3.224180587614433e-08]
('easy', 31);[5.602796437537268e-09, 0, 3.331544542166412e-11, 8.423463754468647e-12]
('easy', 32);[1.658649886057515e-12, 0, 1.6701414089010932e-05, 8.315144450895933e-07]
('easy', 33);[1.1253517471925912e-07, 0, 3.0988191387218256e-12, 1.4449802461092448e-07]
('easy', 34);[7.484626212190614e-05, 0, 1.0815137026126897e-11, 3.331296729123332e-11]
('easy', 35);[2.9400777392844726e-11, 4.944450501938644e-09, 5.905303998944039e-10, 5.043471815847051e-07]
('easy', 36);[1.0261488179526583e-10, 3.535618581278775e-05, 8.591838860280575e-10, 1.3176011635552955e-10]
('easy', 37);[7.88926463665814e-06, 0, 2.4133443594067185e-12, 1.9555531890413292e-08]
('easy', 38);[1.8788979770868487e-12, 0, 6.557998322114383e-12, 0.0003353500342255387]
('easy', 39);[1.2255903809037485e-11, 0, 4.59899397504831e-10, 1.3007123989067183e-05]
('easy', 40);[3.092849352168856e-12, 0, 1.6554829624359353e-12, 0.0019267342527389902]
('easy', 41);[1.0815941557285693e-11, 3.331544542166412e-11, 1.917171513758312e-10, 6.34880011604368e-09]
('easy', 42);[0.0004305571096741222, 0, 3.50990880317051e-12, 1.4159982737326087e-09]
('easy', 43);[2.902312105056987e-06, 0, 4.508738042791337e-12, 6.825577338773997e-08]
('easy', 44);[4.847350215061376e-11, 2.902312105056987e-06, 5.905281472039989e-10, 8.764214786553686e-08]
('easy', 45);[1.4636696326736608e-12, 0, 0, 7.484619074298232e-05]
('easy', 46);[6.367903483578136e-12, 0, 6.367903483578136e-12, 0.029312232836486894]
('easy', 47);[3.32902914313574e-11, 0, 0.0007096381895071678, 4.5365651685793474e-05]
('easy', 48);[3.511294863065101e-12, 0, 3.535625324942473e-05, 1.125310965607338e-07]
('easy', 49);[7.43365231516494e-12, 2.902312105056987e-06, 5.21139260796549e-10, 4.139921926206193e-08]
('easy', 50);[8.315279260963632e-07, 0, 1.5428112031918877e-13, 4.508755242294825e-12]
('easy', 51);[4.78509457496562e-06, 0, 1.5737042074697027e-11, 3.16086939653085e-10]
('easy', 52);[1.6575018881575513e-12, 0, 1.005325713699135e-12, 0.00070967033651176]
('easy', 53);[6.224144622907783e-11, 0, 4.1937956583795446e-13, 3.059023205018258e-07]
('easy', 54);[5.789279033000508e-12, 0, 1.3007123989067183e-05, 3.850690510159442e-09]
('easy', 55);[1.5730319921052633e-11, 1.7474806954841767e-13, 4.506812113526985e-12, 0.0004305571096741222]
('easy', 56);[6.5584861674349475e-12, 0, 1.139694004380367e-12, 0.0002611902975925828]
('easy', 57);[4.508755242294825e-12, 0, 0, 8.315279260963632e-07]
('easy', 58);[1.0260255202773798e-10, 0.00015843609000250583, 4.846601380377319e-11, 1.1859242566789641e-08]
('easy', 59);[5.789356328730652e-12, 0, 3.2241867372567335e-08, 4.058652126475693e-10]
('easy', 60);[1.2917800047859961e-12, 0, 0, 1.8553913626159784e-07]
('easy', 61);[2.7346982915918745e-12, 0, 3.927863545481039e-07, 4.8473687062702556e-11]
('easy', 62);[3.581747930283181e-10, 0, 5.675685232632723e-14, 4.5990553786523166e-10]
('easy', 63);[5.4927883509546835e-11, 1.522997974471263e-08, 8.423463754468647e-12, 6.82560337633487e-08]
('easy', 64);[1.2256067444099483e-11, 2.9989608248573072e-09, 1.103256032343554e-09, 2.382369667501818e-07]
('easy', 65);[1.2917800047859961e-12, 9.736200313009565e-10, 1.783247290814639e-11, 4.139937718785167e-08]
('easy', 66);[2.4133535656024068e-12, 0, 2.129777046485613e-12, 4.78509457496562e-06]
('easy', 67);[5.109089028063325e-12, 7.194133030325383e-09, 2.7346982915918745e-12, 3.581747930283181e-10]
('easy', 68);[5.108855157880887e-12, 0, 4.539785156619626e-05, 7.582213333785951e-10]
('easy', 69);[5.109089028063325e-12, 0, 2.382369667501818e-07, 2.9989608248573072e-09]
('easy', 70);[0.0011695103074966034, 2.540688473501664e-13, 1.6567369976811976e-12, 5.309563518088013e-08]
('easy', 71);[1.1399918530443554e-12, 0, 2.382369667501818e-07, 5.905303998944039e-10]
('easy', 72);[2.7327586192309796e-12, 0, 1.6575018881575513e-12, 0.00070967033651176]
('easy', 73);[0.014063626520379485, 0, 8.753400364592778e-13, 1.4720955928503415e-10]
('easy', 74);[2.7535687796947383e-05, 0, 1.7831996736104505e-11, 1.3176162423902446e-10]
('easy', 75);[4.78509457496562e-06, 0, 2.9400665237993516e-11, 9.736163172423694e-10]
('easy', 76);[5.384940217754036e-13, 4.752193062771153e-13, 1.463778514125909e-12, 4.508755242294825e-12]
('easy', 77);[2.1295820684989185e-12, 0, 9.610239492660866e-05, 5.492264542814623e-11]
('easy', 78);[5.789334244131017e-12, 4.78509457496562e-06, 7.43365231516494e-12, 2.5109895770606383e-08]
('easy', 79);[6.144177195963701e-06, 0, 5.109059793705047e-12, 1.41660068076589e-09]
('easy', 80);[1.3886222176893333e-11, 0, 0, 0.0001233945049762016]
('easy', 81);[0.0007096693213209265, 0, 1.878192118150488e-12, 1.3699840766978938e-06]
('easy', 82);[3.9789473573286855e-12, 0, 3.775120143311142e-11, 3.7266389560521204e-06]
('easy', 83);[1.7831826677742433e-11, 3.535625324942473e-05, 1.4930405679879038e-10, 1.186069031659762e-08]
('easy', 84);[2.1297242381849293e-12, 2.7535661536881667e-05, 3.511321652221119e-12, 2.7893882866882685e-10]
('easy', 85);[3.978894233004715e-12, 0, 7.834907288812653e-13, 1.670143001672819e-05]
('easy', 86);[1.493094676197164e-10, 1.917171513758312e-10, 6.691586091292782e-10, 2.382369667501818e-07]
('easy', 87);[3.0983286036899863e-12, 0, 2.4129807427662935e-12, 0.0001584362410990077]
('easy', 88);[1.7603429545652396e-06, 0, 3.701004619479839e-13, 8.423447688001894e-12]
('easy', 89);[1.6586783589142312e-12, 6.47594599989589e-07, 2.413362771833214e-12, 5.3157852544244216e-08]
('easy', 90);[5.3157852544244216e-08, 2.413362771833214e-12, 5.905303998944039e-10, 4.944450501938644e-09]
('easy', 91);[3.9448365825682365e-12, 0, 0, 0.008577484930474293]
('easy', 92);[4.8473687062702556e-11, 1.522997974471263e-08, 1.57371021068629e-11, 1.522997974471263e-08]
('easy', 93);[3.775134544279098e-11, 6.82560337633487e-08, 3.581747930283181e-10, 9.237449661970594e-09]
('easy', 94);[1.3887943864964021e-11, 9.237449661970594e-09, 7.433680672352188e-12, 3.2241867372567335e-08]
('easy', 95);[1.5736531810533053e-11, 3.5356219531090163e-05, 2.734599188949702e-12, 1.4449278815172466e-07]
('easy', 96);[1.5737072090751337e-11, 2.646568590975319e-09, 1.162821085114775e-10, 1.7603429545652396e-06]
('easy', 97);[2.382369667501818e-07, 0, 1.5428112031918877e-13, 4.277787868968998e-11]
('easy', 98);[2.144491747576362e-05, 5.78922382239653e-12, 6.560050018806248e-12, 1.522963116212933e-08]
('easy', 99);[2.4133581687134208e-12, 0, 2.7346930755738013e-12, 2.2603250957489616e-06]
('easy', 100);[2.920398993042095e-11, 0, 0, 0.006692851264215723]
('easy', 101);[1.7816222226179733e-11, 0, 1.1389529817030765e-12, 0.0009110514045295695]
('easy', 102);[3.976140329204966e-12, 0, 0.00070967033651176, 8.758031895658469e-08]
('easy', 103);[6.560200168153779e-12, 4.058652126475693e-10, 1.2256067444099483e-11, 2.510999155743982e-08]
('easy', 104);[1.2247374435679623e-11, 0, 0, 0.00070967033651176]
('easy', 105);[5.788638622364249e-12, 6.913542928923369e-13, 6.559386900294933e-12, 0.0001233946226544279]
('easy', 106);[2.2226167077703677e-11, 0, 0, 0.029312232836486894]
('easy', 107);[2.902312105056987e-06, 0, 3.775120143311142e-11, 5.315764976351624e-08]
('easy', 108);[1.3871689046372405e-11, 0, 2.1272924137895977e-12, 0.0011695103074966034]
('easy', 109);[2.1682506559859722e-10, 0, 6.678682203245565e-10, 8.29924428342603e-07]
('easy', 110);[3.535625324942473e-05, 4.5085918496606925e-12, 1.0815549598732455e-11, 2.3822856048086717e-07]
('easy', 111);[4.508548852583217e-12, 0, 1.9809181167383847e-13, 4.539785156619626e-05]
('easy', 112);[1.006025847299478e-12, 0, 1.3007123989067183e-05, 3.5817001091082967e-10]
('easy', 113);[0.0001584362410990077, 0, 1.4635468017839203e-12, 6.824522901024874e-08]
('easy', 114);[1.0814229421791924e-11, 0, 5.108280272522308e-12, 0.0001584362410990077]
('easy', 115);[9.53975672704237e-12, 0, 0, 0.0005527785265734312]
('easy', 116);[2.7535687796947383e-05, 0, 1.8794786283751106e-12, 4.5989325722641243e-10]
('easy', 117);[0.0005527785265734312, 0, 1.0809960577881912e-11, 3.329702270813156e-11]
('easy', 118);[1.57371021068629e-11, 5.211412487888539e-10, 2.413362771833214e-12, 2.510999155743982e-08]
('easy', 119);[7.433680672352188e-12, 3.398267819495071e-09, 3.775134544279098e-11, 3.927863545481039e-07]
('easy', 120);[9.056076989672867e-11, 8.764248219443636e-08, 1.0815941557285693e-11, 5.3157852544244216e-08]
('easy', 121);[8.423463754468647e-12, 4.508755242294825e-12, 5.4927883509546835e-11, 2.382369667501818e-07]
('easy', 122);[3.978909411310616e-12, 0, 6.101855208505134e-13, 1.3007123989067183e-05]
('easy', 123);[9.544980305868959e-12, 0, 6.144171336422507e-06, 5.043442956952399e-07]
('easy', 124);[2.734687859565677e-12, 1.3709538566001813e-06, 4.2777715505344365e-11, 2.260320784525092e-06]
('easy', 125);[1.2916839172416382e-12, 0, 1.1399070560840825e-12, 7.484619074298232e-05]
('easy', 126);[1.9922647400977024e-11, 0, 0, 0.014063626520379485]
('easy', 127);[3.701004619479839e-13, 0, 1.0677029917933763e-06, 5.211402547917536e-10]
('easy', 128);[2.902312105056987e-06, 7.287696295411537e-14, 2.882339798169669e-13, 3.224174437983862e-08]
('easy', 129);[1.2256067444099483e-11, 4.058652126475693e-10, 1.493094676197164e-10, 2.382369667501818e-07]
('easy', 130);[1.782478768478707e-11, 0, 7.831665133578195e-13, 0.0004305571096741222]
('easy', 131);[0.0011694690409427804, 4.18874331692706e-13, 1.6566801191067344e-12, 3.531490502988023e-05]
('easy', 132);[6.691496749576126e-10, 2.3823378596474615e-07, 6.224061522166384e-11, 1.3007123989067183e-05]
('easy', 133);[0.00070967033651176, 0, 1.878195700521073e-12, 9.230897704904775e-09]
('easy', 134);[2.7346200523653867e-12, 0, 2.7535687796947383e-05, 1.605182129899535e-09]
('easy', 135);[2.129777046485613e-12, 0, 1.291775077045743e-12, 3.7266389560521204e-06]
('easy', 136);[2.646573638909117e-09, 0, 3.701011678592672e-13, 4.058652126475693e-10]
('easy', 137);[2.382369667501818e-07, 0, 5.4927883509546835e-11, 2.9989608248573072e-09]
('easy', 138);[3.3314746443134676e-11, 0, 2.1444958378736654e-05, 6.825460170979211e-08]
('easy', 139);[1.5734610964418806e-11, 0, 2.4129807427662935e-12, 0.0001584362410990077]
('easy', 140);[1.1399875043288452e-12, 0, 3.7266389560521204e-06, 7.194105586938129e-09]
('easy', 141);[6.914215475003047e-13, 0, 2.7535687796947383e-05, 1.3887573021804925e-11]
('easy', 142);[3.97896253583724e-12, 0, 1.4449802461092448e-07, 2.172439935079017e-10]
('easy', 143);[1.0059145606177876e-12, 0, 0.0001233946226544279, 1.9169338420513415e-10]
('easy', 144);[3.3315381877555444e-11, 1.3709577789362383e-06, 4.508746642534879e-12, 9.237432042950414e-09]
('easy', 145);[6.101575894133632e-13, 0, 0, 5.829127258796956e-05]
('easy', 146);[9.544998511491458e-12, 6.47592129616951e-07, 4.847350215061376e-11, 3.7266354020539563e-06]
('easy', 147);[1.3887943864964021e-11, 2.510999155743982e-08, 1.6918979226151304e-10, 5.211412487888539e-10]
('easy', 148);[1.2917455109989756e-12, 0, 4.193683673448897e-13, 2.7535687796947383e-05]
('easy', 149);[0.0019267342527389902, 0, 4.500069254113151e-12, 1.8518170041551584e-07]
('easy', 150);[2.734573109903935e-12, 0, 8.877859073021082e-13, 4.539785156619626e-05]
('easy', 151);[3.0984349781868876e-12, 0, 5.384272646843293e-13, 0.0001233946226544279]
('easy', 152);[5.829121699710653e-05, 1.6585802877987202e-12, 6.55981228936763e-12, 8.314795540869607e-07]
('easy', 153);[2.1444958378736654e-05, 0, 2.1297404867533686e-12, 3.5816727830093126e-10]
('easy', 154);[3.0988191387218256e-12, 1.1253517471925912e-07, 3.0988191387218256e-12, 6.82560337633487e-08]
('easy', 155);[7.43365231516494e-12, 0, 2.902312105056987e-06, 1.2501480974411177e-09]
('easy', 156);[3.511388626005356e-12, 0, 1.0129987330277146e-05, 2.6465483993364097e-09]
('easy', 157);[4.539785156619626e-05, 0, 1.7481541022953344e-13, 6.223859710699269e-11]
('easy', 158);[1.7832404882790495e-11, 3.7266389560521204e-06, 4.058636643976055e-10, 4.94443164039281e-09]
('easy', 159);[3.0987541235909405e-12, 0, 2.1444937927240387e-05, 6.224014036526587e-11]
('easy', 160);[1.670143001672819e-05, 2.2447385211996917e-13, 1.4637533869180492e-12, 3.2241313908982893e-08]
('easy', 161);[9.533863160293919e-12, 0, 2.5915726983642088e-11, 0.0011695103074966034]
('easy', 162);[2.4133581687134208e-12, 1.067701973552941e-06, 5.492777874302323e-11, 8.315271330899149e-07]
('easy', 163);[1.955564378838448e-08, 0, 3.5114154158767316e-12, 1.0677029917933763e-06]
('easy', 164);[1.493069045748349e-10, 0, 1.670143001672819e-05, 7.05275878144464e-11]
('easy', 165);[9.495208958914877e-12, 0, 0.005220125868449866, 4.918640013623643e-09]
('easy', 166);[1.0811280233691525e-11, 0, 0.0004305569043685425, 1.4443575060104174e-07]
('easy', 167);[5.384929946805469e-13, 1.0677029917933763e-06, 2.2447727734526104e-13, 4.0586443852184914e-10]
('easy', 168);[6.56018765557689e-12, 2.902312105056987e-06, 1.0060373604175028e-12, 7.582545965339434e-10]
('easy', 169);[6.559574568544082e-12, 0, 8.422660468669127e-12, 9.610239492660866e-05]
('easy', 170);[2.902312105056987e-06, 0, 5.109069538472553e-12, 1.8553860543063036e-07]
('easy', 171);[1.2917529024472256e-12, 0, 2.1444958378736654e-05, 4.277698118349246e-11]
('easy', 172);[5.04347662567888e-07, 2.543665647376923e-13, 1.1399918530443554e-12, 5.905303998944039e-10]
('easy', 173);[4.785090011545999e-06, 0, 2.734682643567501e-12, 1.0676979006009105e-06]
('easy', 174);[2.2603250957489616e-06, 0, 2.129781108716825e-12, 3.398261337819773e-09]
('easy', 175);[4.508196292014655e-12, 0, 0, 0.0001233946226544279]
('easy', 176);[3.3315191245956614e-11, 0, 7.88926463665814e-06, 1.4449692218269117e-07]
('easy', 177);[2.289686805600614e-11, 1.4449485515242347e-07, 5.108981836234117e-12, 2.1444937927240387e-05]
('easy', 178);[1.670143001672819e-05, 0, 1.4637533869180492e-12, 1.1860916543469677e-08]
('easy', 179);[3.331512770233274e-11, 0, 0, 1.0129987330277146e-05]
('easy', 180);[7.046452581714368e-11, 0, 6.908099033740379e-13, 0.0009110514045295695]
('easy', 181);[2.7046533503573716e-12, 0, 2.386848204255429e-12, 0.010986941583869245]
('easy', 182);[9.544051865164655e-12, 0, 9.610166172631932e-05, 7.88850477055931e-06]
('easy', 183);[6.557998322114383e-12, 0, 1.1396092295752188e-12, 0.0003353500342255387]
('easy', 184);[2.7346982915918745e-12, 5.3157852544244216e-08, 4.277787868968998e-11, 9.056076989672867e-11]
('easy', 185);[8.423463754468647e-12, 6.47594599989589e-07, 1.4166087866431961e-09, 1.8189616875530459e-09]
('easy', 186);[0.00070967033651176, 2.8803063938169635e-13, 0, 4.360367327570813e-09]
('easy', 187);[4.539785156619626e-05, 0, 2.5435492102693003e-13, 6.223859710699269e-11]
('easy', 188);[2.7279362676315366e-12, 0, 2.407395306633013e-12, 0.002472623024627213]
('easy', 189);[2.73453659965769e-12, 0, 5.829127258796956e-05, 9.735624649849553e-10]
('easy', 190);[2.2894466204941416e-11, 0.00012339426962008568, 2.939707650864332e-11, 3.927369117461449e-07]
('easy', 191);[2.7294247674802245e-12, 0, 0.0019267324152628948, 1.36831536300869e-06]
('easy', 192);[2.020637659767205e-11, 1.7603060214876799e-06, 1.4930605023631824e-10, 2.144491747576362e-05]
('easy', 193);[1.4632872158665164e-12, 0, 0.0003353500342255387, 4.942790961303355e-09]
('easy', 194);[1.9171568869562462e-10, 0, 3.7266247400798e-06, 3.7266247400798e-06]
('easy', 195);[3.511087254035744e-12, 0, 9.610239492660866e-05, 6.824952467109735e-08]
('easy', 196);[1.0261742621741934e-10, 0, 1.3007123989067183e-05, 6.47586571312971e-07]
('easy', 197);[6.557998322114383e-12, 0, 0.0003353500342255387, 6.47377860654795e-07]
('easy', 198);[8.875285603885808e-13, 0, 8.875285603885808e-13, 0.0003353500342255387]
('easy', 199);[1.291619862849521e-12, 0, 0.0001233946226544279, 3.510986802460617e-12]
('easy', 200);[1.026187963170189e-10, 8.315279260963632e-07, 3.331544542166412e-11, 3.2241867372567335e-08]
('easy', 201);[2.7535687796947383e-05, 0, 5.384796426256798e-13, 1.4165709596125897e-09]
('easy', 202);[3.7250328942958894e-06, 0, 1.2250738739530801e-11, 0.00043055546723222595]
('easy', 203);[4.78509457496562e-06, 0, 1.879518061819697e-12, 1.1253453078966649e-07]
('easy', 204);[1.8795252316257836e-12, 1.7603429545652396e-06, 2.594604549456307e-11, 2.594604549456307e-11]
('easy', 205);[5.829127258796956e-05, 0, 9.54447056253687e-12, 1.026127288719515e-10]
('easy', 206);[3.978712097850079e-12, 3.535527543077754e-05, 3.978712097850079e-12, 2.753471619119475e-05]
('easy', 207);[2.4130635873077793e-12, 0, 1.291619862849521e-12, 0.0001233946226544279]
('easy', 208);[6.560137605507993e-12, 0, 0, 1.0129987330277146e-05]
('easy', 209);[3.0984349781868876e-12, 0, 2.1295211415387875e-12, 0.0001233946226544279]
('easy', 210);[5.109089028063325e-12, 9.056076989672867e-11, 2.129785170955785e-12, 5.04347662567888e-07]
('easy', 211);[6.691586091292782e-10, 0, 2.129785170955785e-12, 1.2256067444099483e-11]
('easy', 212);[2.1444937927240387e-05, 1.3614975424347518e-13, 6.914255038574538e-13, 1.125328136620996e-07]
('easy', 213);[2.7305911526993366e-12, 0, 0.001501181950907551, 6.339265095687787e-09]
('easy', 214);[5.099246513991904e-12, 0, 0, 0.0019267342527389902]
('easy', 215);[5.829127258796956e-05, 3.098635917756731e-12, 2.2895994626465945e-11, 1.8552834299709988e-07]
('easy', 216);[2.1444958378736654e-05, 1.980967235266344e-13, 4.75209335883874e-13, 1.0815714632181479e-11]
('easy', 217);[0.00070967033651176, 0, 2.7327586192309796e-12, 1.9541810594633308e-08]
('easy', 218);[0, 0, 0, 4.1597610580399015e-10]
('easy', 219);[6.56018765557689e-12, 2.2603250957489616e-06, 2.2897304783270907e-11, 2.5109943663977427e-08]
('easy', 220);[2.4132983289550563e-12, 0, 0, 2.7535687796947383e-05]
('easy', 221);[3.0987068407161526e-12, 0, 3.535625324942473e-05, 2.461607742459858e-10]
('easy', 222);[1.4631476725770349e-12, 0, 0.0004305571096741222, 7.579292587785403e-10]
('easy', 223);[8.423463754468647e-12, 5.109089028063325e-12, 3.0988191387218256e-12, 1.522997974471263e-08]
('easy', 224);[4.78509457496562e-06, 0, 1.0815900297821705e-11, 9.736163172423694e-10]
('easy', 225);[5.4927883509546835e-11, 1.0467401794744658e-08, 1.0815941557285693e-11, 8.764248219443636e-08]
('easy', 226);[3.775112942847765e-11, 6.144177195963701e-06, 4.752165870582128e-13, 3.2241682883650204e-08]
('easy', 227);[6.5039235778546795e-12, 0, 0.008577484930474293, 7.132418255360098e-09]
('easy', 228);[4.78509457496562e-06, 0, 5.384919675876492e-13, 4.058636643976055e-10]
('easy', 229);[8.59206829019323e-10, 0, 7.889242065323251e-06, 2.902289962257353e-06]
('easy', 230);[1.8793101493402727e-12, 0, 5.8287881642341374e-05, 5.8287881642341374e-05]
('easy', 231);[5.108280272522308e-12, 0, 0.0001584362410990077, 1.522756887842307e-08]
('easy', 232);[1.7603429545652396e-06, 0, 4.277779709743936e-11, 1.8553878237411744e-07]
('easy', 233);[2.020683909022217e-11, 3.2241867372567335e-08, 7.582560427911907e-10, 5.211412487888539e-10]
('easy', 234);[2.1296876793591916e-12, 0, 4.539785156619626e-05, 4.363262514065097e-09]
('easy', 235);[5.685225466660203e-12, 0, 4.427658045372459e-12, 0.017986211314027313]
('easy', 236);[1.8553913626159784e-07, 0, 3.0988191387218256e-12, 2.172439935079017e-10]
('easy', 237);[5.4927883509546835e-11, 1.103256032343554e-09, 2.4616969518153846e-10, 5.04347662567888e-07]
('easy', 238);[7.88926463665814e-06, 0, 6.560150117989419e-12, 2.0611378971443702e-09]
('easy', 239);[1.6586435588223983e-12, 0, 2.1444958378736654e-05, 9.237255854596904e-09]
('easy', 240);[1.8794427805070615e-12, 0, 4.539785156619626e-05, 1.522928258752436e-08]
('easy', 241);[1.0059797961449272e-12, 0, 0, 5.829127258796956e-05]
('easy', 242);[0.0005527785265734312, 0, 1.2008781463822596e-13, 1.1621802871377401e-10]
('easy', 243);[7.4295700093313e-12, 0, 1.6577611460160642e-12, 0.0005527785265734312]
('easy', 244);[7.834578529916815e-13, 0, 1.9808916688047124e-13, 5.829127258796956e-05]
('easy', 245);[5.108280272522308e-12, 0, 1.2254127340413278e-11, 0.0001584362410990077]
('easy', 246);[9.543087110712084e-12, 0, 0.00020342704214340812, 2.4611946044464845e-10]
('easy', 247);[6.409467910087974e-12, 0, 0, 0.02297737289127478]
('easy', 248);[3.9278597995802437e-07, 6.914386918781189e-13, 3.978954946575725e-12, 6.47594599989589e-07]
('easy', 249);[2.1296876793591916e-12, 0, 4.539785156619626e-05, 3.3313920396506804e-11]
('easy', 250);[1.7822611940183757e-11, 0, 0.0005527785265734312, 1.3432977698041719e-08]
('easy', 251);[3.0984349781868876e-12, 0, 0.0001233946226544279, 2.060898101272998e-09]
('easy', 252);[1.573515117868894e-11, 0, 1.291619862849521e-12, 0.0001233946226544279]
('easy', 253);[2.5945748567335697e-11, 8.315176170715234e-07, 1.2917627577773503e-12, 1.3007123989067183e-05]
('easy', 254);[6.100342408591636e-13, 0, 1.4633960688710216e-12, 0.0002611902975925828]
('easy', 255);[2.7535687796947383e-05, 0, 3.77503373865704e-11, 1.49305480680023e-10]
('easy', 256);[3.5089315247650756e-12, 0, 1.6575018881575513e-12, 0.00070967033651176]
('easy', 257);[3.775134544279098e-11, 5.109089028063325e-12, 4.058652126475693e-10, 2.4616969518153846e-10]
('easy', 258);[1.57371021068629e-11, 1.4449802461092448e-07, 9.545034922840628e-12, 4.363462252943702e-09]
('easy', 259);[7.834877401070248e-13, 1.0129890723650378e-05, 1.2917529024472256e-12, 1.0467182182218967e-08]
('easy', 260);[3.738930906669215e-08, 0, 2.0013054982375676e-08, 0.00018375981116129251]
('easy', 261);[2.7341245892425124e-12, 0, 0.00020342568412592353, 6.142923381497963e-06]
('easy', 262);[3.5105046749032674e-12, 0, 6.912593563473571e-13, 0.0002611902975925828]
('easy', 263);[1.5737072090751337e-11, 7.19411930861867e-09, 7.835026840922404e-13, 2.2603250957489616e-06]
('easy', 264);[7.835041785064389e-13, 0, 3.059023205018258e-07, 9.056076989672867e-11]
('easy', 265);[3.978719686648397e-12, 6.913978098328113e-13, 2.9021432704766574e-06, 5.829110581553952e-05]
('easy', 266);[6.552521935530227e-12, 0, 2.8789772134731265e-13, 0.0011695103074966034]
('easy', 267);[6.560150117989419e-12, 7.88926463665814e-06, 2.940055308357014e-11, 9.237379186091506e-09]
('easy', 268);[1.573683196391987e-11, 1.6701414089010932e-05, 4.277714436503686e-11, 9.237291091998765e-09]
('easy', 269);[1.6586720315704994e-12, 0, 4.78509457496562e-06, 2.061145759776467e-09]
('easy', 270);[0, 5.602796437537268e-09, 7.835041785064389e-13, 5.602796437537268e-09]
('easy', 271);[1.0129987330277146e-05, 3.2661001946802167e-13, 3.511388626005356e-12, 3.2241559891625255e-08]
('easy', 272);[1.5737072090751337e-11, 5.043471815847051e-07, 7.433666493745043e-12, 3.1608754254165217e-10]
('easy', 273);[3.3982418928680556e-09, 0, 3.978932178878032e-12, 7.88926463665814e-06]
('easy', 274);[2.594604549456307e-11, 2.382362851497276e-07, 6.224132751305368e-11, 2.260322940135999e-06]
('easy', 275);[1.1399918530443554e-12, 1.0467401794744658e-08, 1.006039279283317e-12, 1.162823303022097e-10]
('easy', 276);[9.545034922840628e-12, 7.194133030325383e-09, 3.0988191387218256e-12, 2.9989608248573072e-09]
('easy', 277);[1.0129987330277146e-05, 0, 0, 1.5229834500999985e-08]
('easy', 278);[6.144165476886902e-06, 8.878197742927961e-13, 2.7346774275792743e-12, 2.646553447231695e-09]
('easy', 279);[0.00033534971441097653, 0, 6.099888641758575e-13, 1.0673446311422572e-06]
('easy', 280);[0.001501181950907551, 4.5019837150409776e-12, 2.2862959803538806e-11, 1.4428114614506754e-07]
('easy', 281);[0.0001233946226544279, 0, 3.7746665409394154e-11, 5.492107410113433e-11]
('easy', 282);[5.1090792832586454e-12, 0, 1.3709577789362383e-06, 1.0467381829779195e-08]
('easy', 283);[1.2917331920125453e-12, 0, 0, 3.535625324942473e-05]
('easy', 284);[1.463775722192624e-12, 0, 1.0677029917933763e-06, 1.3176489137912955e-10]
('easy', 285);[7.484619074298232e-05, 9.54432492658496e-12, 1.4165034138559414e-09, 6.348327867974729e-09]
('easy', 286);[6.560150117989419e-12, 7.88926463665814e-06, 2.4616781706297674e-10, 1.4449692218269117e-07]
('easy', 287);[1.0795104954832984e-11, 0, 2.729429973449788e-12, 0.0019267342527389902]
('easy', 288);[6.914400106940203e-13, 3.059023205018258e-07, 2.7346982915918745e-12, 1.3176514270095466e-10]
('easy', 290);[8.42233917579875e-12, 1.012874117550441e-05, 5.210716735702177e-10, 0.0001233933282001111]
('easy', 291);[3.398267819495071e-09, 0, 3.398267819495071e-09, 5.602796437537268e-09]
('easy', 292);[0.002472623024627213, 0, 2.7279362676315366e-12, 1.1225691164717832e-07]
('easy', 293);[0.00020338552970650622, 1.4631839525520914e-12, 9.541157894361866e-12, 0.00020338552970650622]
('easy', 294);[3.9772477307182985e-12, 0, 4.506812113526985e-12, 0.0004305571096741222]
('easy', 295);[1.8794427805070615e-12, 0, 4.539785156619626e-05, 5.043245758925123e-07]
('easy', 296);[5.109089028063325e-12, 3.059020287707785e-07, 8.878265478459658e-13, 9.056076989672867e-11]
('easy', 297);[4.277779709743936e-11, 4.847359460656998e-11, 5.905292735481273e-10, 1.3709577789362383e-06]
('easy', 298);[1.2917627577773503e-12, 0, 1.3007123989067183e-05, 1.2501361751566453e-09]
('easy', 299);[7.432163714741201e-12, 0, 2.412870287801929e-12, 0.00020342704214340812]
('easy', 300);[2.413362771833214e-12, 0, 6.47594599989589e-07, 9.736200313009565e-10]
('easy', 301);[5.789345286420304e-12, 1.2501504819116561e-09, 7.991944649514694e-11, 1.3709577789362383e-06]
('easy', 302);[3.9787803975560205e-12, 0, 4.539785156619626e-05, 2.4615842668509876e-10]
('easy', 303);[2.129781108716825e-12, 0, 1.3709577789362383e-06, 4.139929822488149e-08]
('easy', 304);[5.829127258796956e-05, 2.882180371399578e-13, 5.789014026903297e-12, 1.8188541395158924e-09]
('easy', 305);[0.005220125868449866, 0, 1.0007876613224954e-12, 2.7749068117745275e-10]
('easy', 306);[1.1399918530443554e-12, 2.510999155743982e-08, 3.97896253583724e-12, 1.8553913626159784e-07]
('easy', 307);[1.3887943864964021e-11, 4.139937718785167e-08, 9.736200313009565e-10, 4.944450501938644e-09]
('easy', 308);[2.1295780066473453e-12, 0, 9.610239492660866e-05, 1.3175232589903663e-10]
('easy', 309);[3.850741922767617e-09, 0, 2.413362771833214e-12, 3.775134544279098e-11]
('easy', 310);[2.129070336206352e-12, 0, 5.7874132064209165e-12, 0.0003353500342255387]
('easy', 311);[1.487018366177538e-10, 0, 0.004070137939983506, 3.835070912682777e-09]
('easy', 312);[1.225602069100169e-11, 2.1724316478941435e-10, 3.775120143311142e-11, 4.78509457496562e-06]
('easy', 313);[0.00020342704214340812, 0, 2.2443189735148304e-13, 2.4611946044464845e-10]
('easy', 314);[9.544907483726206e-12, 0, 1.2917627577773503e-12, 1.3007123989067183e-05]
('easy', 315);[8.878180809125783e-13, 0, 7.889257112872668e-06, 8.315215820659519e-07]
('easy', 316);[2.020683909022217e-11, 1.493094676197164e-10, 0, 4.277787868968998e-11]
('easy', 317);[1.2501433285136848e-09, 1.9171568869562462e-10, 0, 4.785076321313246e-06]
('easy', 318);[2.413362771833214e-12, 2.382369667501818e-07, 2.129785170955785e-12, 6.224144622907783e-11]
('easy', 319);[0.0001584362410990077, 0, 6.5591617054832255e-12, 6.690526830571389e-10]
('easy', 320);[7.194133030325383e-09, 0, 2.5946094982764667e-11, 2.7894680928689246e-10]
('easy', 321);[2.260320784525092e-06, 0, 3.331531833356797e-11, 1.760339596980714e-06]
('easy', 322);[1.0060124154949743e-12, 0, 2.7535687796947383e-05, 3.1607970507997207e-10]
('easy', 323);[3.098783675754061e-12, 7.889242065323251e-06, 1.5736922011052292e-11, 2.902289962257353e-06]
('easy', 324);[3.2241867372567335e-08, 3.2661313427874473e-13, 1.006039279283317e-12, 1.4449802461092448e-07]
('easy', 325);[3.5113618363383706e-12, 0, 1.6701414089010932e-05, 8.151880776961184e-09]
('easy', 326);[2.4132753140584585e-12, 0, 0, 3.535625324942473e-05]
('easy', 327);[3.098765944422369e-12, 0, 1.670143001672819e-05, 5.211323028832021e-10]
('easy', 328);[2.1444958378736654e-05, 0, 4.508660645837567e-12, 4.8472670054943215e-11]
('easy', 329);[1.3007123989067183e-05, 0, 5.10902081482089e-12, 7.194036978928e-09]
('easy', 330);[9.54432492658496e-12, 0, 7.484619074298232e-05, 1.4448713850067828e-07]
('easy', 331);[1.3887943864964021e-11, 1.8553895931777327e-07, 6.224144622907783e-11, 1.1253517471925912e-07]
('easy', 332);[5.4927883509546835e-11, 5.043471815847051e-07, 4.5990553786523166e-10, 1.1253517471925912e-07]
('easy', 333);[7.433623958085867e-12, 0, 7.88926463665814e-06, 1.6918850145076126e-10]
('easy', 334);[7.428408096220403e-12, 0, 1.878195700521073e-12, 0.00070967033651176]
('easy', 335);[4.507577227976932e-12, 0, 0.0002611900485022231, 5.042154094726325e-07]
('easy', 336);[1.1253517471925912e-07, 0, 2.5946094982764667e-11, 2.646573638909117e-09]
('easy', 337);[1.782478768478707e-11, 0, 0.0004305571096741222, 2.997668369015451e-09]
('easy', 338);[1.8794427805070615e-12, 0, 6.914083598066395e-13, 4.539785156619626e-05]
('easy', 339);[1.3887943864964021e-11, 2.646573638909117e-09, 2.7346982915918745e-12, 5.4927883509546835e-11]
('easy', 340);[6.144177195963701e-06, 0, 1.2255997314519675e-11, 1.8189512794005601e-09]
('easy', 341);[1.3007123989067183e-05, 0, 4.277730754720374e-11, 2.1724109300702664e-10]
('easy', 342);[1.8791452695898686e-12, 0, 5.383841337346324e-13, 0.00020342704214340812]
('easy', 343);[2.1296592451508257e-12, 0, 3.098635917756731e-12, 5.829127258796956e-05]
('easy', 344);[1.1253517471925912e-07, 2.8823507934443873e-13, 7.433680672352188e-12, 2.7894680928689246e-10]
('easy', 345);[2.7346982915918745e-12, 2.335593038799337e-09, 2.020683909022217e-11, 1.9555681087850496e-08]
('easy', 346);[1.7830772352095458e-11, 0, 1.9808198833361508e-13, 9.610239492660866e-05]
('easy', 347);[2.129756735445775e-12, 0, 1.3007123989067183e-05, 1.6052066232219309e-09]
('easy', 348);[5.109050048956128e-12, 7.88926463665814e-06, 5.7893121596156294e-12, 6.348751678727569e-09]
('easy', 349);[9.056076989672867e-11, 0, 5.3157852544244216e-08, 3.850741922767617e-09]
('easy', 350);[2.1297729842621496e-12, 0, 4.785090011545999e-06, 1.0676979006009105e-06]
('easy', 351);[0.0004305569043685425, 0, 9.540921319206832e-12, 2.3813429426547637e-07]
('easy', 352);[1.0129987330277146e-05, 0, 3.0987895862205052e-12, 3.775098541962212e-11]
('easy', 353);[1.0815941557285693e-11, 4.363462252943702e-09, 1.783247290814639e-11, 4.139937718785167e-08]
('easy', 354);[2.2891366006117474e-11, 0, 1.0813115647842561e-11, 0.0002611902975925828]
('easy', 355);[2.11552993499042e-12, 0, 3.952330248872705e-12, 0.006692851264215723]
('easy', 356);[1.006039279283317e-12, 5.3157852544244216e-08, 3.775134544279098e-11, 8.592166619174109e-10]
('easy', 357);[9.054643436175356e-11, 0, 0.0001584362410990077, 7.733197568215466e-08]
('easy', 358);[2.129764859838466e-12, 6.144159617356885e-06, 1.57369520268776e-11, 1.0261781767258117e-10]
('easy', 359);[7.194133030325383e-09, 0, 1.783247290814639e-11, 4.058652126475693e-10]
('easy', 360);[8.878146941618325e-13, 0, 1.3007123989067183e-05, 9.055956078807582e-11]
('easy', 361);[8.419833512003361e-12, 0, 4.506812113526985e-12, 0.0004305571096741222]
('easy', 362);[3.3977298825137856e-09, 0, 1.0814229421791924e-11, 0.0001584362410990077]
('easy', 363);[7.765400538918754e-09, 0, 0.04742586326176889, 2.913945054463427e-07]
('easy', 364);[3.4767574979298096e-10, 0, 4.376591792638937e-12, 0.029312232836486894]
('easy', 365);[7.484626212190614e-05, 0, 2.1722783406760587e-10, 9.2367625450847e-09]
('easy', 366);[1.0813734396985368e-11, 0, 1.4634798074615157e-12, 0.00020342704214340812]
('easy', 367);[2.882339798169669e-13, 0, 0, 4.78509457496562e-06]
('easy', 368);[1.0129987330277146e-05, 0, 5.109040304225795e-12, 1.855371898888086e-07]
('easy', 369);[3.0826430165948223e-12, 0, 2.4007647952536452e-12, 0.005220125868449866]
('easy', 370);[1.8189616875530459e-09, 1.57371021068629e-11, 1.026187963170189e-10, 6.47594599989589e-07]
('easy', 371);[2.1291556163815536e-12, 0, 0.00026118108140747986, 3.5347015628326086e-05]
('easy', 372);[1.782478768478707e-11, 0, 0.0004305569043685425, 2.3813429426547637e-07]
('easy', 373);[2.8725242279323833e-11, 0, 1.0567426077231939e-11, 0.02297737289127478]
('easy', 374);[1.6701414089010932e-05, 0, 1.225585705656391e-11, 7.1940095359071505e-09]
('easy', 375);[8.878180809125783e-13, 0, 6.10187848527991e-13, 1.0129987330277146e-05]
('easy', 376);[1.7636555280875247e-11, 0, 0.010986941583869245, 1.4010451217673169e-09]
('easy', 377);[0.0001233946226544279, 0, 4.1932757536315027e-13, 9.734993316488287e-10]
('easy', 378);[2.4715567712476433e-11, 0, 4.866783841886424e-12, 0.047425874568977164]
('easy', 379);[3.0980095021108754e-12, 0, 0, 0.0002611902975925828]
('easy', 380);[1.6586657042509044e-12, 0, 7.889257112872668e-06, 2.3823492195466944e-07]
('easy', 381);[2.734437502875066e-12, 0, 9.610239492660866e-05, 9.236568752127146e-09]
('easy', 382);[0.0001233946226544279, 0, 1.1398505282814422e-12, 3.7746665409394154e-11]
('easy', 383);[6.222874489850721e-11, 8.762459738928121e-08, 3.3308646889318795e-11, 0.0002034268481403553]
('easy', 384);[0.00020342704214340812, 0, 0, 9.734213490624009e-10]
('easy', 385);[1.0815941557285693e-11, 2.382369667501818e-07, 3.331544542166412e-11, 1.8189616875530459e-09]
('easy', 386);[9.055092476715707e-11, 1.658498039076185e-12, 9.61012034789791e-05, 1.3005883592206985e-05]
('easy', 387);[1.3875287821122943e-11, 0, 0, 0.0009110514045295695]
('easy', 388);[4.507577227976932e-12, 0, 0.0002611902975925828, 5.042158903301477e-07]
('easy', 389);[1.9555681087850496e-08, 0, 7.835041785064389e-13, 1.0815941557285693e-11]
('easy', 390);[1.3007123989067183e-05, 0, 1.3615079298762812e-13, 8.878146941618325e-13]
('easy', 391);[7.433680672352188e-12, 6.34880011604368e-09, 5.905303998944039e-10, 1.0467401794744658e-08]
('easy', 392);[2.129781108716825e-12, 1.955564378838448e-08, 2.461692256505547e-10, 2.2603250957489616e-06]
('easy', 393);[4.507835160994277e-12, 0, 0.00020342704214340812, 2.7888988587249533e-10]
('easy', 394);[3.5356084658073444e-05, 6.914123160883279e-13, 5.108884391068225e-12, 4.784925731338026e-06]
('easy', 395);[7.048979762626711e-11, 0, 1.572839983317939e-11, 0.0005527785265734312]
('easy', 396);[7.835041785064389e-13, 1.783247290814639e-11, 3.5114221133765118e-12, 8.764248219443636e-08]
('easy', 397);[0.0004305571096741222, 0, 2.542569409140521e-13, 3.3301087534191105e-11]
('easy', 398);[1.0060373604175028e-12, 0, 1.0060373604175028e-12, 1.3709577789362383e-06]
('easy', 399);[1.0060354415553489e-12, 0, 2.2447684918924132e-13, 3.7266389560521204e-06]
('easy', 400);[1.3007123989067183e-05, 0, 8.878146941618325e-13, 1.4165898730016317e-09]
('easy', 401);[1.162823303022097e-10, 0, 2.4616969518153846e-10, 2.8453348089834e-08]
('easy', 402);[7.835026840922404e-13, 0, 3.266125113142237e-13, 1.3709577789362383e-06]
('easy', 403);[2.734687859565677e-12, 3.7266389560521204e-06, 1.6586720315704994e-12, 3.398254856156838e-09]
('easy', 404);[2.5946094982764667e-11, 1.186112015134383e-08, 7.991959892953932e-11, 7.194133030325383e-09]
('easy', 405);[4.752193062771153e-13, 2.335593038799337e-09, 0, 1.9555681087850496e-08]
('easy', 406);[1.291223289073093e-12, 0, 0.0004305571096741222, 8.760471109813924e-08]
('easy', 407);[3.535625324942473e-05, 0, 0, 5.905089996825076e-10]
('easy', 408);[8.878011472880424e-13, 0, 2.7535661536881667e-05, 8.315049292164037e-07]
('easy', 409);[1.290268071137485e-12, 0, 4.746630969714128e-13, 0.0011695103074966034]
('easy', 410);[0.00020342665413748746, 2.4128656856214736e-12, 3.774356970616602e-11, 1.7599854077881805e-06]
('easy', 411);[3.971297178171026e-12, 0, 0.0019267342527389902, 6.812454046403741e-08]
('easy', 412);[1.3007123989067183e-05, 0, 7.83493717666907e-13, 6.224061522166384e-11]
('easy', 413);[2.902312105056987e-06, 0, 5.384929946805469e-13, 2.594604549456307e-11]
('easy', 414);[0.0011695103074966034, 0, 7.044624973094003e-11, 9.724804805409707e-10]
('easy', 415);[7.433553065861442e-12, 0, 3.331487352904924e-11, 1.670143001672819e-05]
('easy', 416);[7.88926463665814e-06, 8.878197742927961e-13, 1.0060316038420207e-12, 9.237379186091506e-09]
('easy', 417);[1.0813734396985368e-11, 0, 1.6583398799195534e-12, 0.00020342704214340812]
('easy', 418);[6.101936677605324e-13, 1.8553895931777327e-07, 0, 4.508755242294825e-12]
('easy', 419);[6.144165476886902e-06, 0, 6.560150117989419e-12, 1.3709486268362283e-06]
('easy', 420);[4.500069254113151e-12, 0, 0.0019267342527389902, 1.8518170041551584e-07]
('easy', 421);[2.2895164899263632e-11, 0, 9.610239492660866e-05, 9.236568752127146e-09]
('easy', 422);[4.506812113526985e-12, 0, 1.6579635217889945e-12, 0.0004305571096741222]
('easy', 423);[5.829127258796956e-05, 0, 0, 2.5944560892406255e-11]
('easy', 424);[3.581741098647678e-10, 0, 6.914386918781189e-13, 1.0677029917933763e-06]
('easy', 425);[1.658649886057515e-12, 0, 1.670143001672819e-05, 1.493069045748349e-10]
('easy', 426);[5.787832688979961e-12, 0.00026118979941210086, 2.9393039711729016e-11, 2.259734534677714e-06]
('easy', 427);[3.775134544279098e-11, 1.186112015134383e-08, 3.775134544279098e-11, 2.382369667501818e-07]
('easy', 428);[1.3007123989067183e-05, 0, 6.560112580616738e-12, 1.522977640390277e-08]
('easy', 429);[1.1371730220791344e-12, 0, 0, 0.002472623024627213]
('easy', 430);[1.81834077201241e-09, 0, 1.046382867251294e-08, 3.9265189966333275e-07]
('easy', 431);[8.423447688001894e-12, 5.043462196197153e-07, 1.8795252316257836e-12, 5.492777874302323e-11]
('easy', 432);[2.1265865279700935e-12, 0, 0.001501181950907551, 1.0451681203867338e-08]
('easy', 433);[1.658649886057515e-12, 0, 1.670143001672819e-05, 1.1628033420084892e-10]
('easy', 434);[2.4133581687134208e-12, 0, 1.370956471489639e-06, 1.4449774900307763e-07]
('easy', 435);[0.0001584362410990077, 2.2444217126357418e-13, 1.4635468017839203e-12, 3.3977298825137856e-09]
('easy', 436);[3.7747745365602905e-11, 0, 5.108601810597403e-12, 9.610239492660866e-05]
('easy', 437);[3.5082221643672465e-12, 0, 0, 0.0009110509701065104]
('easy', 438);[3.978332676388583e-12, 0, 0, 0.0001584362410990077]
('easy', 439);[2.734599188949702e-12, 3.535618581278775e-05, 9.544689020631456e-12, 5.4925892979768285e-11]
('easy', 440);[2.9400665237993516e-11, 3.7266389560521204e-06, 1.7832404882790495e-11, 5.315764976351624e-08]
('easy', 441);[8.423447688001894e-12, 0, 2.260322940135999e-06, 3.9278523077893697e-07]
('easy', 442);[6.144177195963701e-06, 0, 6.101901762143479e-13, 1.3887864397739149e-11]
('easy', 443);[0, 0, 0, 4.8518067888887594e-08]
('easy', 444);[1.9169301857936856e-10, 1.9807594344329914e-13, 0.00012339426962008568, 2.9019550730130404e-06]
('easy', 445);[5.7889256942333075e-12, 0, 7.484626212190614e-05, 6.691088345490099e-10]
('easy', 446);[3.511294863065101e-12, 0, 3.535625324942473e-05, 6.691343595122724e-10]
('easy', 447);[1.6534160368505335e-12, 0, 0.0031726815950245692, 2.3748113627842079e-07]
('easy', 448);[3.331544542166412e-11, 0, 2.335593038799337e-09, 5.3157852544244216e-08]
('easy', 449);[1.7603429545652396e-06, 0, 1.4930918283477907e-10, 7.433666493745043e-12]
('easy', 450);[2.412732226206603e-12, 0, 7.431738455089089e-12, 0.0002611902975925828]
('easy', 451);[4.056902977701409e-10, 0, 0.0004305571096741222, 5.60038181213556e-09]
('easy', 452);[0.0001584362410990077, 6.913305575338076e-13, 1.1398113952909674e-12, 5.3149437794069074e-08]
('easy', 453);[1.0815941557285693e-11, 1.4449802461092448e-07, 1.3887943864964021e-11, 9.056076989672867e-11]
('easy', 454);[0.0019267342527389902, 0, 2.876798026975176e-13, 4.590195429837374e-10]
('easy', 455);[1.5737012058699967e-11, 6.144171336422507e-06, 8.42341555516032e-12, 2.6465584951366085e-09]
('easy', 456);[1.0677029917933763e-06, 0, 6.56018765557689e-12, 2.0611496911037635e-09]
('easy', 457);[8.423383422441323e-12, 0, 1.0129987330277146e-05, 1.1861007035426688e-08]
('easy', 458);[1.41531783507515e-09, 0, 3.5082221643672465e-12, 0.0009110514045295695]
('easy', 459);[0.0001584362410990077, 0, 6.5591617054832255e-12, 2.789026527305239e-10]
('easy', 460);[7.035440361465627e-11, 0, 0, 0.002472623024627213]
('easy', 461);[0.0002611902975925828, 7.285820013014488e-14, 2.5430010571759664e-13, 1.95505717237179e-08]
('easy', 462);[3.0986772892857843e-12, 0, 4.539785156619626e-05, 3.2240391490788186e-08]
('easy', 463);[6.47594599989589e-07, 0, 2.413362771833214e-12, 3.850741922767617e-09]
('easy', 464);[3.97896253583724e-12, 4.363462252943702e-09, 1.6052280551856116e-09, 1.9555681087850496e-08]
('easy', 465);[0.0005527785265734312, 0, 1.9799133434593734e-13, 8.759401781635842e-08]
('easy', 466);[5.38489913407731e-13, 7.88926463665814e-06, 3.0987954966982225e-12, 1.1628144314181907e-10]
('easy', 467);[1.2254548059709885e-11, 0, 0.0001233946226544279, 6.690756535524169e-10]
('easy', 468);[7.484626212190614e-05, 1.0059644462285276e-12, 3.5111609203507424e-12, 5.602379680079167e-09]
('easy', 469);[5.602796437537268e-09, 0, 8.423463754468647e-12, 1.8189616875530459e-09]
('easy', 470);[1.57371021068629e-11, 0, 3.775134544279098e-11, 1.3440409951135022e-08]
('easy', 471);[7.430476994620943e-12, 0, 5.382619481389361e-13, 0.0004305571096741222]
('easy', 472);[8.4233994887855e-12, 7.88926463665814e-06, 8.4233994887855e-12, 2.172423360740883e-10]
('easy', 473);[6.5591617054832255e-12, 0, 0.0001584362410990077, 6.5591617054832255e-12]
('easy', 474);[3.7009340290920334e-13, 0, 0, 2.1444958378736654e-05]
('easy', 475);[2.2804165224295605e-11, 0, 0.004070137939983506, 6.797825846318321e-08]
('easy', 476);[9.544798251553803e-12, 9.544798251553803e-12, 2.1444897024306356e-05, 2.9022512127644936e-06]
('easy', 477);[8.315279260963632e-07, 0, 3.5114221133765118e-12, 1.9555681087850496e-08]
('easy', 478);[2.8823233053362353e-13, 0, 1.0129987330277146e-05, 7.991883676048487e-11]
('easy', 479);[1.572276093036244e-11, 0, 7.827901733715348e-13, 0.0009110509701065104]
('easy', 480);[8.410812876051005e-12, 0, 0.001501181950907551, 1.3420224312883195e-08]
('easy', 481);[2.7346982915918745e-12, 0, 3.927863545481039e-07, 1.9555681087850496e-08]
('easy', 482);[2.172394355953422e-10, 5.384827238397257e-13, 2.1444958378736654e-05, 1.9555270797637174e-08]
('easy', 483);[2.413330550179034e-12, 0, 1.0129958348192378e-05, 2.902281658751044e-06]
('easy', 484);[1.879496552565541e-12, 0, 1.670143001672819e-05, 1.691868879511704e-10]
('easy', 485);[3.9767622564765195e-12, 0, 0.0005527779994029991, 8.31068109318202e-07]
('easy', 486);[6.144177195963701e-06, 0, 3.2661126538874626e-13, 1.1861052281664094e-08]
('easy', 487);[0.00070967033651176, 2.2431848749902253e-13, 6.097608683560104e-13, 9.729294601068564e-10]
('easy', 488);[8.315279260963632e-07, 0, 4.1937956583795446e-13, 7.05287985111216e-11]
('easy', 489);[6.144177195963701e-06, 0, 1.0060335226968548e-12, 1.9171605436463008e-10]
('easy', 490);[6.47594599989589e-07, 0, 1.493094676197164e-10, 4.944450501938644e-09]
('easy', 491);[1.0057994494189136e-12, 0, 0.00020341986415367184, 3.53490719701374e-05]
('easy', 492);[1.2255950561689406e-11, 2.061133965839569e-09, 1.0261781767258117e-10, 1.0129987330277146e-05]
('easy', 493);[9.544561586135295e-12, 3.726471921802242e-06, 2.9399319413149746e-11, 4.5397721682086886e-05]
('easy', 494);[9.056059716593275e-11, 1.1253496007565217e-07, 3.775127343788253e-11, 2.2603250957489616e-06]
('easy', 495);[1.0467381829779195e-08, 1.7603429545652396e-06, 1.3176489137912955e-10, 8.76423150298272e-08]
('easy', 496);[4.5085918496606925e-12, 3.535625324942473e-05, 2.2896518680191813e-11, 1.343992288455728e-08]
('easy', 497);[2.9400497006518893e-11, 0, 1.0129987330277146e-05, 2.510975209104135e-08]
('easy', 498);[3.966338881449737e-12, 0, 9.51475235021087e-12, 0.0031726831078774057]
('easy', 499);[1.7831996736104505e-11, 0, 2.8822738274021674e-13, 2.7535687796947383e-05]
('easy', 500);[2.7346982915918745e-12, 0, 6.82560337633487e-08, 2.4616969518153846e-10]
('easy', 501);[2.9399711939031953e-11, 6.914149536220301e-13, 7.83475785124075e-13, 3.535625324942473e-05]
('easy', 502);[9.544780046313269e-12, 0, 2.7535687796947383e-05, 3.331455581517183e-11]
('easy', 503);[1.7603429545652396e-06, 0, 6.56018765557689e-12, 2.5109943663977427e-08]
('easy', 504);[0.0004305571096741222, 0, 2.881108592782616e-13, 1.1856008389328301e-08]
('easy', 505);[1.2917578301028892e-12, 0, 1.670143001672819e-05, 4.0585824556924235e-10]
('easy', 506);[1.0815941557285693e-11, 0, 3.6534822137210456e-08, 1.4166087866431961e-09]
('easy', 507);[9.541831255756997e-12, 0, 6.557998322114383e-12, 0.0003353500342255387]
('easy', 508);[1.186112015134383e-08, 0, 4.752193062771153e-13, 9.056076989672867e-11]
('easy', 509);[1.212141535934986e-11, 0, 1.8588792505467044e-12, 0.010986941583869245]
('easy', 510);[3.331074348497006e-11, 0, 4.539352229612935e-05, 9.609808745501366e-05]
('easy', 511);[5.789323201862793e-12, 4.78509457496562e-06, 2.7894521314501314e-10, 9.23739680501087e-09]
('easy', 512);[2.4616969518153846e-10, 1.522997974471263e-08, 5.905303998944039e-10, 2.510999155743982e-08]
('easy', 513);[9.610230327626659e-05, 3.265813646030925e-13, 1.879345994678559e-12, 1.370825733126252e-06]
('easy', 514);[2.2895164899263632e-11, 0, 3.098523626390797e-12, 9.610239492660866e-05]
('easy', 515);[2.734687859565677e-12, 0, 3.7266389560521204e-06, 1.1861074904847522e-08]
('easy', 516);[8.878265478459658e-13, 6.34880011604368e-09, 1.3887943864964021e-11, 1.8553913626159784e-07]
('easy', 517);[1.0743547495579688e-11, 0, 0.006692851264215723, 4.9113559393576814e-09]
('easy', 518);[1.7603429545652396e-06, 0, 1.1399896786845267e-12, 1.5229950695859287e-08]
('easy', 519);[3.9743054523386505e-12, 0, 0.001169509749830765, 6.468372549307871e-07]
('easy', 520);[1.1399766326126466e-12, 1.3007123989067183e-05, 2.2897042745912458e-11, 1.6052066232219309e-09]
('easy', 521);[9.545034922840628e-12, 0, 9.056076989672867e-11, 1.1253517471925912e-07]
('easy', 522);[9.544597995817725e-12, 4.539785156619626e-05, 7.433340393244606e-12, 6.475655737062516e-07]
('easy', 523);[5.789345286420304e-12, 0, 1.7603429545652396e-06, 2.594604549456307e-11]
('easy', 524);[0.0009110514045295695, 0, 1.3602853532102922e-13, 1.1617636254452312e-10]
('easy', 525);[1.0129987330277146e-05, 0, 1.57369520268776e-11, 1.6052127466109266e-09]
('easy', 526);[1.5735901507055212e-11, 7.484619074298232e-05, 4.598704511957441e-10, 3.0587927460625377e-07]
('easy', 527);[3.978939768096121e-12, 0, 6.144177195963701e-06, 1.6052188700232813e-09]
('easy', 528);[2.3355440366213094e-09, 8.878079206990988e-13, 7.433524709160975e-12, 2.1444958378736654e-05]
('easy', 529);[1.8795288165390832e-12, 8.315279260963632e-07, 4.752193062771153e-13, 2.020683909022217e-11]
('easy', 530);[7.433666493745043e-12, 2.260322940135999e-06, 3.775127343788253e-11, 4.139929822488149e-08]
('easy', 531);[3.0985649964205885e-12, 0, 7.484561971404228e-05, 7.888670279712242e-06]
('easy', 532);[1.6586783589142312e-12, 0, 2.382369667501818e-07, 2.4616969518153846e-10]
('easy', 533);[1.290268071137485e-12, 0, 0.0011695091921651922, 8.305554757916587e-07]
('easy', 534);[8.415787475848366e-12, 0, 0.0009110509701065104, 4.054953488308099e-10]
('easy', 535);[4.845741749879625e-11, 0, 0, 0.0003353500342255387]
('easy', 536);[1.1399853299773111e-12, 0, 4.752165870582128e-13, 4.78509457496562e-06]
('easy', 537);[3.5113618363383706e-12, 0, 1.6701414089010932e-05, 2.5109560519566853e-08]
('easy', 538);[4.78509457496562e-06, 1.6586720315704994e-12, 3.0988073176874773e-12, 1.955560648898961e-08]
('easy', 539);[0.0001233946226544279, 0, 0, 1.7830262216904018e-11]
('easy', 540);[5.479206462761598e-11, 0, 1.6545769840605748e-12, 0.002472623024627213]
('easy', 541);[2.1256822006612585e-12, 0, 0.0019267342527389902, 1.024211041372204e-10]
('easy', 542);[3.5114154158767316e-12, 0, 2.2603250957489616e-06, 2.5109943663977427e-08]
('easy', 543);[9.610239492660866e-05, 1.1398809659806818e-12, 2.1722286217395708e-10, 3.0587285707099816e-07]
('easy', 544);[4.78509457496562e-06, 0, 1.5428053178454351e-13, 1.8189547487781048e-09]
('easy', 545);[0, 0, 0, 0]
('easy', 546);[1.0236505323990864e-10, 0, 0.002472623024627213, 3.153065617299579e-10]
('easy', 547);[2.4105151193332733e-12, 0, 0.0011694985965698358, 1.0118140573293015e-05]
('easy', 548);[2.3822606137692028e-07, 6.914083598066395e-13, 1.0815446454105586e-11, 4.539785156619626e-05]
('easy', 549);[2.2892675898063074e-11, 0, 6.10069148297122e-13, 0.00020342704214340812]
('easy', 550);[2.413362771833214e-12, 5.3157852544244216e-08, 1.162823303022097e-10, 3.581747930283181e-10]
('easy', 551);[1.3861189137817325e-11, 0, 0, 0.0019267342527389902]
('easy', 552);[1.2876817042420142e-12, 0, 0.0031726831078774057, 9.027345684717217e-11]
('easy', 553);[3.0987954966982225e-12, 0, 1.2917701493242877e-12, 7.88926463665814e-06]
('easy', 554);[3.775127343788253e-11, 9.237432042950414e-09, 2.1724357914826287e-10, 1.3709577789362383e-06]
('easy', 555);[0, 0, 0, 2.510400558254361e-08]
('easy', 556);[6.56016263049471e-12, 6.144177195963701e-06, 2.0206723466092238e-11, 4.139914029939298e-08]
('easy', 557);[3.511402020915495e-12, 6.144177195963701e-06, 2.0206723466092238e-11, 6.825564320030807e-08]
('easy', 558);[2.129785170955785e-12, 3.9278597995802437e-07, 5.905303998944039e-10, 6.691586091292782e-10]
('easy', 559);[2.7346930755738013e-12, 0, 1.7603429545652396e-06, 3.9278560536830205e-07]
('easy', 560);[2.40354133142139e-12, 0, 0.004070137939983506, 1.4108437442105933e-09]
('easy', 561);[1.5737012058699967e-11, 6.144171336422507e-06, 2.0206723466092238e-11, 2.3823537635215546e-07]
('easy', 562);[2.9399936241889084e-11, 2.144477431597237e-05, 4.058536009168005e-10, 6.348618478013725e-09]
('easy', 563);[7.016063166849093e-11, 0, 2.581065397043984e-11, 0.005220125868449866]
('easy', 564);[1.0129987330277146e-05, 0, 2.9400497006518893e-11, 3.1608513099428305e-10]
('easy', 565);[2.129070336206352e-12, 0, 6.099888641758575e-13, 0.0003353500342255387]
('easy', 566);[9.545016717148681e-12, 0, 1.0815920927534024e-11, 1.7603429545652396e-06]
('easy', 567);[3.535625324942473e-05, 0, 1.1399505409167837e-12, 3.5816181314367855e-10]
('easy', 568);[3.978332676388583e-12, 0, 7.833801518272607e-13, 0.0001584362410990077]
('easy', 569);[4.508755242294825e-12, 1.4166087866431961e-09, 4.8473687062702556e-11, 5.211412487888539e-10]
('easy', 570);[5.829127258796956e-05, 0, 1.8794176874062515e-12, 1.4636919666702374e-12]
('easy', 571);[1.783247290814639e-11, 2.061153622438558e-09, 9.545034922840628e-12, 1.4449802461092448e-07]
('easy', 572);[2.129781108716825e-12, 1.370956471489639e-06, 2.1724357914826287e-10, 3.9278560536830205e-07]
('easy', 573);[0.001501181950907551, 1.8767060240117366e-12, 2.0176491210539107e-11, 1.8526065879910527e-07]
('easy', 574);[6.101936677605324e-13, 4.5990553786523166e-10, 0, 3.581747930283181e-10]
('easy', 575);[0.002472623024627213, 0, 2.1245189014003264e-12, 1.4414072775384713e-07]
('easy', 576);[3.535625324942473e-05, 0, 1.1399505409167837e-12, 2.5109081597274952e-08]
('easy', 577);[2.9400665237993516e-11, 1.8553842848731202e-07, 9.056042443546628e-11, 3.7266389560521204e-06]
('easy', 578);[1.4637478031526568e-12, 0, 2.1444958378736654e-05, 1.1627989062742205e-10]
('easy', 579);[5.789323201862793e-12, 0, 2.1297729842621496e-12, 4.78509457496562e-06]
('easy', 580);[2.8823507934443873e-13, 1.9555681087850496e-08, 1.463778514125909e-12, 3.331544542166412e-11]
('easy', 581);[4.539785156619626e-05, 0, 5.789091319095204e-12, 2.0205914115707427e-11]
('easy', 582);[1.3007123989067183e-05, 1.542790604577525e-13, 4.1937396655404305e-13, 1.8189374019565548e-09]
('easy', 583);[1.783230284524321e-11, 3.0589911147560753e-07, 3.978924589674418e-12, 1.0129987330277146e-05]
('easy', 584);[4.4944507678535765e-12, 0, 2.4057061384095776e-12, 0.0031726831078774057]
('easy', 585);[2.2824704341136235e-11, 0, 0.0031726831078774057, 3.838525061027737e-09]
('easy', 586);[1.57371021068629e-11, 6.82560337633487e-08, 4.5990553786523166e-10, 3.775134544279098e-11]
('easy', 587);[6.681536253775855e-10, 0, 0, 0.001501181950907551]
('easy', 588);[0.0001233946226544279, 0, 0, 2.789122282575785e-10]
('easy', 589);[5.384796426256798e-13, 0, 2.7535687796947383e-05, 1.69185274466967e-10]
('easy', 590);[1.8795288165390832e-12, 1.917171513758312e-10, 1.1399918530443554e-12, 7.433680672352188e-12]
('easy', 591);[0.0005527785265734312, 0, 1.6577611460160642e-12, 4.275422345726982e-11]
('easy', 592);[2.7346982915918745e-12, 4.139937718785167e-08, 9.545034922840628e-12, 2.061153622438558e-09]
('easy', 593);[1.4632872158665164e-12, 0, 0.0003353500342255387, 4.138548202423501e-08]
('easy', 594);[1.0129987330277146e-05, 0, 5.789301117389528e-12, 3.2241559891625255e-08]
('easy', 595);[1.388691082650761e-11, 0, 7.484619074298232e-05, 1.4929836140964982e-10]
('easy', 596);[1.006039279283317e-12, 1.186112015134383e-08, 5.789356328730652e-12, 6.224144622907783e-11]
('easy', 597);[4.752193062771153e-13, 6.101936677605324e-13, 5.043471815847051e-07, 5.3157852544244216e-08]
('easy', 598);[0.00020342704214340812, 8.876453730957509e-13, 1.1397592200602173e-12, 6.82421050630888e-08]
('easy', 599);[7.991959892953932e-11, 6.224144622907783e-11, 9.736200313009565e-10, 8.315279260963632e-07]
('easy', 600);[3.5108662643640077e-12, 0, 0.0001584362410990077, 6.690526830571389e-10]
('easy', 601);[4.508746642534879e-12, 3.9278560536830205e-07, 3.775127343788253e-11, 1.7603429545652396e-06]
('easy', 602);[2.1297283003154174e-12, 0, 7.834832569670414e-13, 2.7535687796947383e-05]
('easy', 603);[6.914400106940203e-13, 0, 8.764248219443636e-08, 2.335593038799337e-09]
('easy', 604);[2.1292936962885705e-12, 0, 0.0002034214161299913, 2.7530094968345222e-05]
('easy', 605);[1.0814889490117888e-11, 9.610239492660866e-05, 8.422644403734518e-12, 3.397937269816954e-09]
('easy', 606);[1.0815879668148733e-11, 2.3823583075050818e-07, 1.0815879668148733e-11, 4.78509457496562e-06]
('easy', 607);[7.433680672352188e-12, 0, 3.927863545481039e-07, 4.363462252943702e-09]
('easy', 608);[0.0002611902975925828, 0, 6.912593563473571e-13, 2.9981772784901546e-09]
('easy', 609);[1.9555681087850496e-08, 0, 1.3887943864964021e-11, 2.510999155743982e-08]
('easy', 610);[2.4616969518153846e-10, 8.764248219443636e-08, 7.433680672352188e-12, 3.059023205018258e-07]
('easy', 611);[2.510999155743982e-08, 0, 7.835041785064389e-13, 1.1253517471925912e-07]
('easy', 612);[0.00020342704214340812, 0, 9.543087110712084e-12, 3.2235287920441394e-08]
('easy', 613);[1.917171513758312e-10, 8.764248219443636e-08, 5.109089028063325e-12, 3.2241867372567335e-08]
('easy', 614);[3.775098541962212e-11, 0, 1.0129987330277146e-05, 1.691881787496121e-10]
('easy', 615);[0.017986211314027313, 0, 1.2685452688558228e-12, 1.1647778875328192e-08]
('easy', 616);[1.0056037906113155e-12, 0, 0.0004305560831472028, 2.2593509681944164e-06]
('easy', 617);[2.7535687796947383e-05, 0, 2.1297283003154174e-12, 4.139827171997462e-08]
('easy', 618);[1.879518061819697e-12, 4.78509457496562e-06, 2.1297729842621496e-12, 8.764198070156538e-08]
('easy', 619);[5.602775064605783e-09, 2.902312105056987e-06, 2.0206762007395372e-11, 2.382362851497276e-07]
('easy', 620);[1.3887917375838539e-11, 0, 2.2603250957489616e-06, 1.7257795071296986e-08]
('easy', 621);[3.506148442648626e-12, 0, 0.001501181950907551, 5.48453894196721e-11]
('easy', 622);[9.541831255756997e-12, 0.0003353500342255387, 6.557998322114383e-12, 2.02000569269529e-11]
('easy', 623);[1.8795144769269105e-12, 6.144165476886902e-06, 3.978932178878032e-12, 5.905258945221871e-10]
('easy', 624);[8.877943739286628e-13, 0, 3.535625324942473e-05, 8.423158496840455e-12]
('easy', 625);[5.211412487888539e-10, 3.2241867372567335e-08, 1.493094676197164e-10, 8.152020714470167e-09]
('easy', 626);[3.2241867372567335e-08, 0, 1.3176514270095466e-10, 9.736200313009565e-10]
('easy', 627);[2.0434759409911813e-09, 0, 8.802120184278353e-13, 0.008577484930474293]
('easy', 628);[8.423447688001894e-12, 1.162821085114775e-10, 4.277779709743936e-11, 1.7603429545652396e-06]
('easy', 629);[2.5922450380021487e-11, 0, 3.09599519363272e-12, 0.0009110509701065104]
('easy', 630);[1.8795288165390832e-12, 1.4166087866431961e-09, 3.0988191387218256e-12, 3.927863545481039e-07]
('easy', 631);[3.5114087183897262e-12, 0, 3.7266389560521204e-06, 4.139921926206193e-08]
('easy', 632);[1.560213134344119e-11, 0, 0, 0.008577484930474293]
('easy', 633);[1.1399896786845267e-12, 0, 8.315279260963632e-07, 1.3887917375838539e-11]
('easy', 634);[6.560200168153779e-12, 3.2241867372567335e-08, 3.331544542166412e-11, 3.850741922767617e-09]
('easy', 635);[1.6586625406001582e-12, 0, 1.291767685470609e-12, 6.144153757832456e-06]
('easy', 636);[0.008577484930474293, 0, 8.802120184278353e-13, 8.978406678035956e-11]
('easy', 637);[6.144165476886902e-06, 3.7009834422221245e-13, 8.4233994887855e-12, 1.760332881830875e-06]
('easy', 638);[4.139937718785167e-08, 2.2447770550209742e-13, 1.1399918530443554e-12, 3.2241867372567335e-08]
('easy', 639);[3.5114154158767316e-12, 2.260322940135999e-06, 1.1399896786845267e-12, 1.8553860543063036e-07]
('easy', 640);[8.876453730957509e-13, 0, 0.0002034268481403553, 4.84637952565081e-11]
('easy', 641);[1.6773839986831865e-10, 0, 2.914856321318536e-11, 0.008577484930474293]
('easy', 642);[1.4449802461092448e-07, 0, 2.5946094982764667e-11, 5.602796437537268e-09]
('easy', 643);[4.508712243659123e-12, 1.4930804370046155e-10, 9.736107461810537e-10, 1.0129987330277146e-05]
('easy', 644);[8.315279260963632e-07, 0, 0, 1.6918979226151304e-10]
('easy', 645);[3.0988132281990144e-12, 0, 1.463775722192624e-12, 2.902312105056987e-06]
('easy', 646);[1.0060373604175028e-12, 1.0677029917933763e-06, 2.940072131536564e-11, 5.602785751061334e-09]
('easy', 647);[5.1062638134403455e-12, 0, 0, 0.0005527785265734312]
('easy', 648);[1.1399614123841512e-12, 0, 1.8794786283751106e-12, 2.7535687796947383e-05]
('easy', 649);[3.1591335559198344e-10, 0, 1.6577611460160642e-12, 0.0005527785265734312]
('easy', 650);[3.9789473573286855e-12, 0, 1.760339596980714e-06, 1.760339596980714e-06]
('easy', 651);[6.101773740492666e-13, 0, 0, 2.7535687796947383e-05]
('easy', 652);[8.315279260963632e-07, 0, 3.3315381877555444e-11, 3.059020287707785e-07]
('easy', 653);[3.2241867372567335e-08, 1.1253517471925912e-07, 6.224144622907783e-11, 3.059023205018258e-07]
('easy', 654);[2.2603056953063047e-06, 0, 7.433609779586895e-12, 7.889242065323251e-06]
('easy', 655);[3.775084141131594e-11, 0, 0, 1.3007123989067183e-05]
('easy', 656);[0.005220125868449866, 0, 0, 5.082419111435092e-12]
('easy', 657);[1.1399896786845267e-12, 0, 5.789345286420304e-12, 6.47593982395546e-07]
('easy', 658);[5.108786947760935e-12, 0, 5.829121699710653e-05, 6.475569278307876e-07]
('easy', 659);[6.913305575338076e-13, 0, 2.543262991702788e-13, 0.0001584362410990077]
('easy', 660);[1.7829650073939494e-11, 6.47492087444163e-07, 3.0983286036899863e-12, 0.00015843609000250583]
('easy', 661);[2.940072131536564e-11, 0, 1.0677029917933763e-06, 3.9278597995802437e-07]
('easy', 662);[1.463778514125909e-12, 0, 6.47594599989589e-07, 1.9555681087850496e-08]
('easy', 663);[0.0019267342527389902, 0, 2.729429973449788e-12, 3.217975433606312e-08]
('easy', 664);[2.8823452958017853e-13, 1.0677029917933763e-06, 7.835026840922404e-13, 1.3176489137912955e-10]
('easy', 665);[1.0261664331157549e-10, 2.1444937927240387e-05, 8.423287025019788e-12, 1.4930633501528062e-10]
('easy', 666);[1.1253496007565217e-07, 0, 1.3887917375838539e-11, 1.0677029917933763e-06]
('easy', 667);[2.734437502875066e-12, 0, 9.610239492660866e-05, 1.8187882261200685e-09]
('easy', 668);[4.508755242294825e-12, 0, 1.8795288165390832e-12, 5.043471815847051e-07]
('easy', 669);[3.978954946575725e-12, 1.370956471489639e-06, 5.789345286420304e-12, 3.9278560536830205e-07]
('easy', 670);[5.789334244131017e-12, 3.7266389560521204e-06, 8.423431621565785e-12, 6.224120879725595e-11]
('easy', 671);[6.559962433273904e-12, 0, 0, 3.535625324942473e-05]
('easy', 672);[6.56016263049471e-12, 6.144171336422507e-06, 1.0815879668148733e-11, 1.8553789765836951e-07]
('easy', 673);[7.834832569670414e-13, 0, 0, 2.7535687796947383e-05]
('easy', 674);[5.206663342474218e-10, 0, 0, 0.0009110509701065104]
('easy', 675);[7.194133030325383e-09, 0, 1.2917800047859961e-12, 2.7894680928689246e-10]
('easy', 676);[1.0060316038420207e-12, 0, 0, 7.88926463665814e-06]
('easy', 677);[8.417489142981238e-12, 0, 0, 0.00070967033651176]
('easy', 678);[1.387809339592056e-11, 0, 0.00070967033651176, 1.9158116984515317e-10]
('easy', 679);[0.0004305571096741222, 4.750145020117612e-13, 4.750145020117612e-13, 6.822661760397504e-08]
('easy', 680);[5.104423393803361e-12, 1.0051205614252975e-12, 0.0009110483635725057, 2.8996672362701282e-06]
('easy', 681);[1.5706785029184398e-11, 0, 0.0019267342527389902, 1.8518170041551584e-07]
('easy', 682);[1.3885745439473209e-11, 0, 0.0001584362410990077, 4.943667808249267e-09]
('easy', 683);[2.937398454782291e-11, 0, 4.1899738642947575e-13, 0.0009110514045295695]
('easy', 684);[1.005833981395376e-12, 0, 0.00020342704214340812, 2.9394777709107856e-11]
('easy', 685);[4.539785156619626e-05, 0, 0, 1.9170837546197993e-10]
('easy', 686);[6.47594599989589e-07, 0, 2.7346982915918745e-12, 1.026187963170189e-10]
('easy', 687);[6.914400106940203e-13, 1.2501528663867426e-09, 2.7346982915918745e-12, 5.905303998944039e-10]
('easy', 688);[1.879503722289576e-12, 0, 1.3007123989067183e-05, 1.1253367222260788e-07]
('easy', 689);[6.101925039095844e-13, 0, 1.3709577789362383e-06, 2.0611496911037635e-09]
('easy', 691);[7.432163714741201e-12, 0, 3.0981867767083427e-12, 0.00020342704214340812]
('easy', 692);[8.402635254333227e-12, 0, 5.096455904135363e-12, 0.002472623024627213]
('easy', 693);[3.331531833356797e-11, 1.7603412757721762e-06, 2.461687561204665e-10, 1.3709551640442868e-06]
('easy', 694);[1.1399918530443554e-12, 0, 8.764248219443636e-08, 4.058652126475693e-10]
('easy', 695);[2.9894463233676136e-09, 0, 2.1230282156752005e-12, 0.0031726831078774057]
('easy', 696);[1.138657576282631e-12, 0, 0.0011695103074966034, 7.044624973094003e-11]
('easy', 697);[1.0060296849908467e-12, 0, 6.144153757832456e-06, 3.7266176321139755e-06]
('easy', 698);[8.423463754468647e-12, 1.4449802461092448e-07, 2.4616969518153846e-10, 8.152020714470167e-09]
('easy', 699);[4.8473687062702556e-11, 2.510999155743982e-08, 3.5114221133765118e-12, 8.315279260963632e-07]
('easy', 700);[5.829127258796956e-05, 0, 0, 2.0205644339449736e-11]
('easy', 701);[4.539785156619626e-05, 1.3614637837970954e-13, 3.7008422636007384e-13, 2.5108842139554497e-08]
('easy', 702);[7.991959892953932e-11, 7.194133030325383e-09, 1.783247290814639e-11, 6.82560337633487e-08]
('easy', 703);[1.6579635217889945e-12, 0, 0.0004305571096741222, 1.9547253217084738e-08]
('easy', 704);[0.001501181950907551, 0, 3.506148442648626e-12, 2.642598851065884e-09]
('easy', 705);[2.9280960206864655e-11, 0, 0.004070112709752591, 6.1191669676781955e-06]
('easy', 706);[1.6582449916652729e-12, 0, 5.38353328028757e-13, 0.0002611902975925828]
('easy', 707);[4.539785156619626e-05, 0, 6.101657359504548e-13, 3.7749617362893076e-11]
('easy', 708);[1.6586783589142312e-12, 1.1253517471925912e-07, 2.129785170955785e-12, 1.0467401794744658e-08]
('easy', 709);[1.268466716774853e-10, 0, 0, 0.03732687913383872]
('easy', 710);[3.9787803975560205e-12, 0, 4.539785156619626e-05, 5.31554192265619e-08]
('easy', 711);[4.8319899469364795e-11, 0, 2.930750050240195e-11, 0.0031726831078774057]
('easy', 712);[2.4132753140584585e-12, 0, 3.5356219531090163e-05, 5.04329385529398e-07]
('easy', 713);[3.978939768096121e-12, 3.7266354020539563e-06, 1.3887864397739149e-11, 1.6918882415252596e-10]
('easy', 714);[3.0987954966982225e-12, 0, 1.4930832848322613e-10, 7.88926463665814e-06]
('easy', 715);[7.9916702725801e-11, 0, 3.535625324942473e-05, 1.0261507751780698e-10]
('easy', 716);[1.8794786283751106e-12, 0, 0, 2.7535687796947383e-05]
('easy', 717);[0.0001584362410990077, 0, 4.751440802935714e-13, 7.192994217727065e-09]
('easy', 718);[5.874477766625299e-10, 0, 0.005220125868449866, 8.547314715805316e-10]
('easy', 719);[1.8791452695898686e-12, 0, 9.543087110712084e-12, 0.00020342704214340812]
('easy', 720);[9.610239492660866e-05, 0, 3.7006587394441303e-13, 1.3886619470579898e-11]
('easy', 721);[3.9787803975560205e-12, 0, 4.539785156619626e-05, 7.052557003283822e-11]
('easy', 722);[5.759135353959948e-12, 0, 0.005220123379300475, 3.0430548213409445e-07]
('easy', 723);[9.237449661970594e-09, 0, 2.4616969518153846e-10, 1.6918979226151304e-10]
('easy', 724);[7.835041785064389e-13, 0, 2.382369667501818e-07, 4.277787868968998e-11]
('easy', 725);[0.0002611902975925828, 0, 2.939309577455659e-11, 3.1600556025186305e-10]
('easy', 726);[5.829127258796956e-05, 0, 5.108786947760935e-12, 1.4636919666702374e-12]
('easy', 727);[1.8795216467193215e-12, 0, 3.7266389560521204e-06, 1.493088980503849e-10]
('easy', 728);[2.4132753140584585e-12, 0, 0, 3.535625324942473e-05]
('easy', 729);[1.0060104966803987e-12, 2.7535687796947383e-05, 5.384786155582491e-13, 4.598923800504736e-10]
('easy', 730);[2.1444958378736654e-05, 0, 2.5436122797076307e-13, 9.735996041540552e-10]
('easy', 731);[9.736200313009565e-10, 6.47594599989589e-07, 3.1608814543136926e-10, 9.237449661970594e-09]
('easy', 732);[1.3709577789362383e-06, 6.914386918781189e-13, 3.978954946575725e-12, 5.315775115378354e-08]
('easy', 733);[7.991487359856958e-11, 0, 5.829127258796956e-05, 4.36320425861446e-09]
('easy', 734);[0.0004305571096741222, 0, 5.106887174705938e-12, 1.1623221635078425e-10]
('easy', 735);[1.463775722192624e-12, 1.3709577789362383e-06, 1.162821085114775e-10, 5.211402547917536e-10]
('easy', 736);[6.557372932479075e-12, 0, 0, 0.0004305571096741222]
('easy', 737);[3.70099756038047e-13, 0, 1.0815900297821705e-11, 3.7266389560521204e-06]
('easy', 738);[2.902312105056987e-06, 0, 5.384919675876492e-13, 3.224174437983862e-08]
('easy', 739);[4.8473687062702556e-11, 7.991959892953932e-11, 6.101936677605324e-13, 1.186112015134383e-08]
('easy', 740);[1.914292187102047e-10, 4.5019837150409776e-12, 3.3265410226910006e-11, 0.001501181950907551]
('easy', 741);[3.059023205018258e-07, 5.384940217754036e-13, 1.463778514125909e-12, 1.8189616875530459e-09]
('easy', 742);[1.6586783589142312e-12, 9.237449661970594e-09, 5.384940217754036e-13, 1.917171513758312e-10]
('easy', 743);[8.315279260963632e-07, 0, 6.101936677605324e-13, 1.026187963170189e-10]
('easy', 744);[9.049636416156478e-11, 0, 0.0007096696597177096, 5.039894571909674e-07]
('easy', 745);[6.144177195963701e-06, 0, 2.8823343005480387e-13, 3.3982483745062656e-09]
('easy', 746);[5.775041123894281e-12, 0, 0, 0.002472623024627213]
('easy', 747);[3.0988073176874773e-12, 0, 2.902312105056987e-06, 3.059014453095186e-07]
('easy', 748);[1.0129987330277146e-05, 1.1399809812866844e-12, 6.224085265122139e-11, 1.1032455109242994e-09]
('easy', 749);[1.2916839172416382e-12, 0, 0, 7.484619074298232e-05]
('easy', 750);[5.789356328730652e-12, 1.1253517471925912e-07, 9.056076989672867e-11, 2.3823673954981372e-07]
('easy', 751);[5.829127258796956e-05, 0, 5.675349651729371e-14, 9.055541539525008e-11]
('easy', 752);[7.352010054557319e-12, 0, 0.010986941583869245, 1.4291035134425836e-07]
('easy', 754);[8.423447688001894e-12, 0, 1.7603429545652396e-06, 5.315775115378354e-08]
('easy', 755);[3.7631575544672863e-11, 0, 1.0028475196104018e-12, 0.0031726831078774057]
('easy', 756);[5.785250042310414e-12, 0, 4.505557263215228e-12, 0.00070967033651176]
('easy', 757);[5.4456789255974614e-11, 0, 1.1302146037353591e-12, 0.008577484930474293]
('easy', 758);[1.6586720315704994e-12, 0, 2.902312105056987e-06, 3.224174437983862e-08]
('easy', 759);[3.0987954966982225e-12, 7.88926463665814e-06, 1.7832336857694096e-11, 6.825551301312449e-08]
('easy', 760);[1.4449802461092448e-07, 0, 1.6586783589142312e-12, 1.783247290814639e-11]
('easy', 761);[1.2255903809037485e-11, 1.3007123989067183e-05, 1.9171459169279302e-10, 1.9555419993082388e-08]
('easy', 762);[9.033684241712658e-11, 0, 3.091156761731568e-12, 0.002472623024627213]
('easy', 763);[7.484626212190614e-05, 0, 1.879389009986991e-12, 7.052355230895842e-11]
('easy', 764);[3.927848561899291e-07, 0, 1.225602069100169e-11, 3.7266389560521204e-06]
('easy', 765);[2.1444958378736654e-05, 0, 2.0206415138313583e-11, 1.186087129775007e-08]
('easy', 766);[1.8795288165390832e-12, 0, 0, 6.82560337633487e-08]
('easy', 767);[6.100970756856666e-13, 0, 0.0001584362410990077, 2.594198778322874e-11]
('easy', 768);[2.1444958378736654e-05, 0, 3.266062817343646e-13, 7.193982092990988e-09]
('easy', 769);[1.2254127340413278e-11, 0, 2.1294480314875303e-12, 0.0001584362410990077]
('easy', 770);[2.4133443594067185e-12, 0, 1.9809936842089442e-13, 7.88926463665814e-06]
('easy', 771);[9.610239492660866e-05, 0, 0, 1.0814910117902244e-11]
('easy', 772);[7.05287985111216e-11, 0, 0, 9.056076989672867e-11]
('easy', 773);[4.508755242294825e-12, 1.2501528663867426e-09, 2.020683909022217e-11, 2.5946094982764667e-11]
('easy', 774);[4.84637952565081e-11, 0, 0.00020342704214340812, 4.0578238956833075e-10]
('easy', 775);[2.4615514013746875e-10, 0, 0, 5.829127258796956e-05]
('easy', 776);[9.056007897552173e-11, 0, 6.144171336422507e-06, 8.315231680690172e-07]
('easy', 777);[6.560175143023867e-12, 8.315263400842229e-07, 1.7832404882790495e-11, 2.260322940135999e-06]
('easy', 778);[9.974108870523303e-13, 0, 0.008577484930474293, 2.7655439526124517e-10]
('easy', 779);[3.7266389560521204e-06, 0, 3.9789473573286855e-12, 3.0590115357930596e-07]
('easy', 780);[2.1720919005317732e-10, 0.00015843593890614804, 6.223147487235199e-11, 8.762844147868754e-08]
('easy', 781);[1.1253496007565217e-07, 0, 5.1090792832586454e-12, 1.3709577789362383e-06]
('easy', 782);[4.277257551708607e-11, 0, 0.0001233945049762016, 3.223787034903586e-08]
('easy', 783);[1.658618250123295e-12, 0, 3.5356219531090163e-05, 5.04329385529398e-07]
('easy', 784);[1.6581216450516062e-12, 0, 0.0003353500342255387, 7.580015439920881e-10]
('easy', 785);[7.410096581074714e-12, 0, 0.0031726815950245692, 5.2989203970035115e-08]
('easy', 786);[8.87811307424006e-13, 0, 0, 1.670143001672819e-05]
('easy', 787);[1.1399853299773111e-12, 0, 2.1297729842621496e-12, 6.144177195963701e-06]
('easy', 788);[1.8795252316257836e-12, 6.348788006680007e-09, 6.224132751305368e-11, 2.902312105056987e-06]
('easy', 789);[2.1724109300702664e-10, 1.3007123989067183e-05, 1.2255903809037485e-11, 7.582459190483883e-10]
('easy', 790);[1.5736531810533053e-11, 0, 3.535625324942473e-05, 1.125310965607338e-07]
('easy', 791);[2.930750050240195e-11, 0, 0, 0.0031726831078774057]
('easy', 792);[6.559712195339276e-12, 0, 7.484619074298232e-05, 4.5987132832985696e-10]
('easy', 793);[1.6586783589142312e-12, 0, 6.47594599989589e-07, 2.646573638909117e-09]
('easy', 794);[4.508746642534879e-12, 3.224180587614433e-08, 3.775127343788253e-11, 1.7603429545652396e-06]
('easy', 795);[0.0003353500342255387, 0, 7.431185653918755e-12, 2.2889663258638508e-11]
('easy', 796);[2.2897304783270907e-11, 0, 1.7603429545652396e-06, 5.043467006019808e-07]
('easy', 797);[8.423463754468647e-12, 6.34880011604368e-09, 4.8473687062702556e-11, 5.4927883509546835e-11]
('easy', 798);[5.108942857944726e-12, 0, 2.7535687796947383e-05, 1.5229544017730125e-08]
('easy', 799);[3.9788790547567146e-12, 0, 2.1444958378736654e-05, 5.21130314925023e-10]
('easy', 800);[1.3176514270095466e-10, 2.289734845645553e-11, 4.508755242294825e-12, 1.1253517471925912e-07]
('easy', 801);[6.224144622907783e-11, 0, 2.129785170955785e-12, 3.059023205018258e-07]
('easy', 802);[3.511261376907493e-12, 1.2917208731435977e-12, 1.2917208731435977e-12, 4.539785156619626e-05]
('easy', 803);[7.05103712667925e-11, 0, 2.412732226206603e-12, 0.0002611902975925828]
('easy', 804);[3.5111609203507424e-12, 0, 7.484619074298232e-05, 3.0587927460625377e-07]
('easy', 805);[4.8473132328552294e-11, 1.0129977669573009e-05, 2.594579805497095e-11, 6.825525263950225e-08]
('easy', 806);[2.7346409159402473e-12, 1.6701366305950292e-05, 2.1297404867533686e-12, 3.3314746443134676e-11]
('easy', 807);[1.221718385116018e-11, 2.7260221892721813e-12, 0.0031726815950245692, 1.1217814568485675e-07]
('easy', 808);[1.8553913626159784e-07, 0, 1.7482341282710566e-13, 5.211412487888539e-10]
('easy', 809);[0.001501181950907551, 1.8767060240117366e-12, 1.0246467706709839e-10, 3.2193444543672066e-08]
('easy', 810);[2.7346982915918745e-12, 3.775134544279098e-11, 4.8473687062702556e-11, 3.97896253583724e-12]
('easy', 811);[2.7535687796947383e-05, 0, 1.8794786283751106e-12, 1.5229573065807787e-08]
('easy', 812);[1.2251953854137493e-11, 0, 0.0003353500342255387, 3.773867469368052e-11]
('easy', 813);[3.535625324942473e-05, 3.7749977373015067e-11, 5.1089038799527144e-12, 1.8188957702597922e-09]
('easy', 814);[1.4609585866312831e-12, 0, 0.0019267342527389902, 5.201372850594636e-10]
('easy', 815);[7.433680672352188e-12, 0, 3.927863545481039e-07, 5.602796437537268e-09]
('easy', 816);[6.218472577572156e-11, 0, 0, 0.0009110509701065104]
('easy', 817);[1.025917891562296e-10, 0.0002611900485022231, 2.020152106494864e-11, 6.689825003188174e-10]
('easy', 818);[7.433680672352188e-12, 0, 8.764248219443636e-08, 4.139937718785167e-08]
('easy', 819);[8.878248544528286e-13, 2.5109943663977427e-08, 1.2256044067528294e-11, 1.2256044067528294e-11]
('easy', 820);[8.415787475848366e-12, 6.218472577572156e-11, 0.0009110505356836584, 6.470050658998024e-07]
('easy', 821);[4.5086778450458094e-12, 0, 1.670143001672819e-05, 3.2241313908982893e-08]
('easy', 822);[5.109089028063325e-12, 5.04347662567888e-07, 5.4927883509546835e-11, 4.5990553786523166e-10]
('easy', 823);[2.902312105056987e-06, 0, 2.461687561204665e-10, 1.1253474543245463e-07]
('easy', 824);[1.917171513758312e-10, 0, 4.5990553786523166e-10, 1.4449802461092448e-07]
('easy', 825);[1.2917529024472256e-12, 0, 2.1444958378736654e-05, 2.5109464734377693e-08]
('easy', 826);[1.0057764287599084e-12, 0, 0, 0.0002611902975925828]
('easy', 827);[3.978150566939381e-12, 0, 0.00020342704214340812, 4.362571820926696e-09]
('easy', 828);[3.535625324942473e-05, 0, 2.5435734675605116e-13, 1.6918366099815088e-10]
('easy', 829);[1.4635970495383212e-12, 0, 0, 0.0001233946226544279]
('easy', 830);[2.1444937927240387e-05, 5.789234864475204e-12, 2.594555061773859e-11, 3.9277773906665456e-07]
('easy', 831);[3.5102435501200856e-12, 0, 0.0003353500342255387, 2.9979542625809656e-09]
('easy', 832);[0.0003353500342255387, 0, 3.0977790602985295e-12, 1.6913300590371168e-10]
('easy', 833);[1.8189374019565548e-09, 2.2159193914233397e-08, 1.6918753334916026e-10, 1.3007123989067183e-05]
('easy', 834);[1.2917529024472256e-12, 0, 6.914255038574538e-13, 2.1444958378736654e-05]
('easy', 835);[1.0208311672184419e-10, 0, 0.005220125868449866, 1.1567532579759801e-10]
('easy', 836);[8.423463754468647e-12, 2.7894680928689246e-10, 7.05287985111216e-11, 5.4927883509546835e-11]
('easy', 837);[1.225571680021326e-11, 2.7535687796947383e-05, 2.7346200523653867e-12, 2.3823037802747707e-07]
('easy', 838);[5.829127258796956e-05, 0, 1.2917036269244394e-12, 3.850514243571176e-09]
('easy', 839);[1.6586657042509044e-12, 6.144171336422507e-06, 4.277755232162124e-11, 1.081585903851511e-11]
('easy', 840);[2.4133121379983694e-12, 0, 2.1444937927240387e-05, 2.382317411965346e-07]
('easy', 841);[2.413183256666908e-12, 0, 0, 7.484626212190614e-05]
('easy', 842);[1.6586783589142312e-12, 3.331544542166412e-11, 5.4927883509546835e-11, 1.4449802461092448e-07]
('easy', 843);[3.5114221133765118e-12, 0, 8.152020714470167e-09, 9.736200313009565e-10]
('easy', 844);[2.4133581687134208e-12, 2.260322940135999e-06, 1.2256044067528294e-11, 2.9989551047989332e-09]
('easy', 845);[3.5114154158767316e-12, 1.3709577789362383e-06, 1.5737072090751337e-11, 2.7346930755738013e-12]
('easy', 846);[2.2862959803538806e-11, 0, 0.001501181950907551, 4.356908935680043e-09]
('easy', 847);[5.109089028063325e-12, 0, 1.8553913626159784e-07, 1.783247290814639e-11]
('easy', 848);[2.5946094982764667e-11, 3.581747930283181e-10, 1.3887943864964021e-11, 8.315279260963632e-07]
('easy', 849);[8.874439231051531e-13, 0, 1.8787187999564264e-12, 0.0004305571096741222]
('easy', 850);[1.0058800258749046e-12, 0, 0, 0.0001584362410990077]
('easy', 851);[4.8220649938956174e-11, 0, 1.2850367938455673e-12, 0.005220125868449866]
('easy', 852);[2.0192506742333973e-11, 0, 0.00070967033651176, 2.3806776251111249e-07]
('easy', 853);[1.7832098771900217e-11, 0, 2.1444937927240387e-05, 3.398196521746743e-09]
('easy', 854);[1.5736891995284235e-11, 0, 1.4930747413656186e-10, 1.3007123989067183e-05]
('easy', 855);[1.572276093036244e-11, 0, 5.380032937011822e-13, 0.0009110514045295695]
('easy', 856);[7.410096581074714e-12, 0, 2.7260221892721813e-12, 0.0031726815950245692]
('easy', 857);[6.913991285707362e-13, 0, 5.829127258796956e-05, 2.2895994626465945e-11]
('easy', 858);[2.111518864459446e-12, 0, 0, 0.008577484930474293]
('easy', 859);[0.001501181950907551, 0, 1.4908522543425465e-10, 1.0799697507854013e-11]
('easy', 860);[3.398267819495071e-09, 0, 0, 3.581747930283181e-10]
('easy', 861);[6.82560337633487e-08, 0, 1.1399918530443554e-12, 2.020683909022217e-11]
('easy', 862);[3.0826430165948223e-12, 0, 1.6500199046766338e-12, 0.005220125868449866]
('easy', 863);[7.827901733715348e-13, 0, 0.0009110514045295695, 5.899922512164411e-10]
('easy', 864);[0.00020342704214340812, 4.192939849457517e-13, 5.1080464393609134e-12, 5.314700486157463e-08]
('easy', 865);[2.7535687796947383e-05, 0, 1.4637394275445062e-12, 6.560024994249109e-12]
('easy', 866);[3.511328349542059e-12, 0, 2.7535687796947383e-05, 8.591937186635822e-10]
('easy', 867);[1.0129987330277146e-05, 0, 5.10903055951405e-12, 1.2255927185341152e-11]
('easy', 868);[1.0806085020431676e-11, 0, 0, 0.0009110509701065104]
('easy', 869);[5.829127258796956e-05, 6.913991285707362e-13, 2.9399039040728226e-11, 9.236903487971303e-09]
('easy', 870);[1.2917800047859961e-12, 5.602796437537268e-09, 3.331544542166412e-11, 1.162823303022097e-10]
('easy', 871);[1.1395005531520982e-12, 0, 0.0004305571096741222, 1.691168768924364e-10]
('easy', 872);[2.412976140375162e-12, 0, 0.00015843578780993435, 2.2599651368774767e-06]
('easy', 873);[1.4166087866431961e-09, 0, 1.6586783589142312e-12, 1.026187963170189e-10]
('easy', 874);[0.0001584362410990077, 0, 5.384087795685203e-13, 1.2499549704306817e-09]
('easy', 875);[0.0001233946226544279, 0, 1.4635970495383212e-12, 3.223787034903586e-08]
('easy', 876);[9.521433140132475e-12, 0, 0, 0.002472623024627213]
('easy', 877);[1.0466922646083528e-08, 0, 4.539785156619626e-05, 8.314906556108061e-07]
('easy', 878);[1.0057016152569477e-12, 0, 0.0003353500342255387, 7.989277495346198e-11]
('easy', 879);[2.1297079897404565e-12, 0, 3.535625324942473e-05, 1.0815549598732455e-11]
('easy', 880);[2.0156835669687298e-11, 0, 0.0024726206665512647, 1.0650629077902417e-06]
('easy', 881);[7.834070475120611e-13, 0, 0, 0.0001233946226544279]
('easy', 882);[6.144177195963701e-06, 0, 6.56016263049471e-12, 4.0586289027483834e-10]
('easy', 883);[1.463775722192624e-12, 0, 1.0677009553134769e-06, 1.7603412757721762e-06]
('easy', 884);[1.388691082650761e-11, 0, 2.734494874258873e-12, 7.484626212190614e-05]
('easy', 885);[8.423319157371057e-12, 0, 1.6701414089010932e-05, 2.3823287717670763e-07]
('easy', 886);[3.775134544279098e-11, 0, 3.059023205018258e-07, 1.8553913626159784e-07]
('easy', 887);[2.129756735445775e-12, 1.2255903809037485e-11, 3.978909411310616e-12, 1.3007123989067183e-05]
('easy', 888);[1.8794427805070615e-12, 0, 5.384693720395265e-13, 4.539785156619626e-05]
('easy', 889);[7.430476994620943e-12, 0, 0.0004305569043685425, 1.4443575060104174e-07]
('easy', 890);[1.78288339160114e-11, 0, 2.412870287801929e-12, 0.00020342704214340812]
('easy', 891);[8.878265478459658e-13, 1.103256032343554e-09, 1.57371021068629e-11, 3.581747930283181e-10]
('easy', 892);[1.9810012411145482e-13, 0, 4.78509457496562e-06, 2.0206762007395372e-11]
('easy', 893);[2.733780425604871e-12, 0, 0.0003353500342255387, 4.845741749879625e-11]
('easy', 894);[2.129342432511356e-12, 0, 0.00020342607212999405, 4.784122664839378e-06]
('easy', 895);[5.905270208620189e-10, 0, 4.78509457496562e-06, 8.764198070156538e-08]
('easy', 896);[2.4133581687134208e-12, 1.3709577789362383e-06, 3.5114154158767316e-12, 6.691573328117371e-10]
('easy', 897);[2.129785170955785e-12, 0, 3.059023205018258e-07, 1.8553913626159784e-07]
('easy', 898);[8.369098529503319e-11, 0, 0, 0.07585817148650026]
('easy', 899);[0.0001584362410990077, 0, 9.543523968570573e-12, 1.522756887842307e-08]
('easy', 900);[1.3007123989067183e-05, 0, 7.83493717666907e-13, 0]
('easy', 901);[9.610239492660866e-05, 0, 9.544124680779531e-12, 2.7892020811458935e-10]
('easy', 902);[1.0815920927534024e-11, 1.7603429545652396e-06, 3.978954946575725e-12, 2.594604549456307e-11]
('easy', 903);[1.212141535934986e-11, 0, 0.010986941583869245, 1.1730807180798525e-08]
('easy', 904);[1.670143001672819e-05, 1.879496552565541e-12, 4.277714436503686e-11, 1.1860916543469677e-08]
('easy', 905);[6.101855208505134e-13, 0, 1.3007123989067183e-05, 2.061126103252462e-09]
('easy', 906);[2.7346982915918745e-12, 0, 3.927863545481039e-07, 2.4616969518153846e-10]
('easy', 907);[0.0002611902975925828, 0, 6.912593563473571e-13, 2.1718723359944008e-10]
('easy', 908);[5.7893121596156294e-12, 1.760332881830875e-06, 7.834982008667472e-13, 6.144165476886902e-06]
('easy', 909);[1.6586751952393482e-12, 0, 1.7603429545652396e-06, 2.646568590975319e-09]
('easy', 910);[1.0129910044902026e-05, 0, 3.331487352904924e-11, 7.889181875412588e-06]
('easy', 911);[7.433127726712295e-12, 0, 7.484619074298232e-05, 2.5108123780094867e-08]
('easy', 912);[5.829127258796956e-05, 0, 0, 2.0205644339449736e-11]
('easy', 913);[2.8871957240548185e-11, 0, 3.2716213684138734e-11, 0.01798620273753547]
('easy', 914);[7.833442923505478e-13, 0, 0.00020342704214340812, 5.4916674624659555e-11]
('easy', 915);[5.109089028063325e-12, 2.9400777392844726e-11, 7.433680672352188e-12, 4.139937718785167e-08]
('easy', 916);[1.1614623037245401e-10, 0, 2.7314975280328593e-12, 0.0011695103074966034]
('easy', 917);[2.128274552602218e-12, 0, 5.381120776414724e-13, 0.00070967033651176]
('easy', 918);[5.108962347052249e-12, 2.9022512127644936e-06, 5.789212780338918e-12, 2.1444897024306356e-05]
('easy', 919);[1.5732990432884657e-11, 0, 4.750951444814866e-13, 0.0002611902975925828]
('easy', 920);[1.879295811396392e-12, 0, 0, 0.0001233945049762016]
('easy', 921);[5.789356328730652e-12, 9.237449661970594e-09, 1.57371021068629e-11, 1.522997974471263e-08]
('easy', 922);[1.1397592200602173e-12, 0, 0.00020342704214340812, 1.6049004835527945e-09]
('easy', 923);[1.1399853299773111e-12, 0, 6.144171336422507e-06, 2.0206723466092238e-11]
('easy', 924);[4.846998895494611e-11, 7.484611936412656e-05, 3.33129037518513e-11, 1.5228817833794823e-08]
('easy', 925);[4.847359460656998e-11, 2.5109943663977427e-08, 1.7832438895436006e-11, 1.0677029917933763e-06]
('easy', 926);[2.882075924159127e-13, 0, 1.4636389239848085e-12, 9.610239492660866e-05]
('easy', 927);[1.0814910117902244e-11, 0, 4.751739879933882e-13, 9.610239492660866e-05]
('easy', 928);[2.4097382344820646e-12, 0, 0, 0.001501181950907551]
('easy', 929);[8.864931550707199e-13, 0, 1.0045283473227165e-12, 0.001501181950907551]
('easy', 930);[6.560200168153779e-12, 7.991959892953932e-11, 7.194133030325383e-09, 2.9989608248573072e-09]
('easy', 931);[0.004070137939983506, 2.40354133142139e-12, 2.121117780213431e-12, 5.57999525240543e-09]
('easy', 932);[2.7112438897815668e-12, 0, 1.3768832584304882e-11, 0.008577484930474293]
('easy', 933);[8.878265478459658e-13, 5.602796437537268e-09, 4.508755242294825e-12, 2.172439935079017e-10]
('easy', 934);[6.10187848527991e-13, 0, 1.0129987330277146e-05, 4.277747072999312e-11]
('easy', 935);[2.7346982915918745e-12, 3.927863545481039e-07, 0, 4.508755242294825e-12]
('easy', 936);[2.7892020811458935e-10, 0, 3.7747745365602905e-11, 9.610239492660866e-05]
('easy', 937);[1.6918979226151304e-10, 1.7257827987960214e-08, 1.2256067444099483e-11, 2.215948977336598e-08]
('easy', 938);[2.902289962257353e-06, 0, 6.560125093050432e-12, 7.889242065323251e-06]
('easy', 939);[3.3285085150774393e-11, 0, 0.0009110509701065104, 4.054953488308099e-10]
('easy', 940);[0.00070967033651176, 0, 5.785250042310414e-12, 2.059691683209176e-09]
('easy', 941);[1.0812311326885733e-11, 0, 0, 0.0003353500342255387]
('easy', 942);[3.774968936464281e-11, 2.1444487999256937e-05, 1.783169063222047e-11, 2.1444487999256937e-05]
('easy', 943);[9.481147387619563e-12, 0, 1.1323615750776588e-12, 0.006692851264215723]
('easy', 944);[1.9555681087850496e-08, 0, 8.878265478459658e-13, 9.736200313009565e-10]
('easy', 945);[4.78509457496562e-06, 0, 2.4133535656024068e-12, 1.955560648898961e-08]
('easy', 946);[0, 0, 4.5990553786523166e-10, 4.058652126475693e-10]
('easy', 947);[5.109089028063325e-12, 1.1253517471925912e-07, 6.224144622907783e-11, 8.152020714470167e-09]
('easy', 948);[1.463778514125909e-12, 0, 8.315279260963632e-07, 1.8189616875530459e-09]
('easy', 949);[9.530699599531741e-12, 0, 5.48453894196721e-11, 0.001501181950907551]
('easy', 950);[1.2256067444099483e-11, 6.82560337633487e-08, 1.006039279283317e-12, 6.47594599989589e-07]
('easy', 951);[2.2603250957489616e-06, 6.914386918781189e-13, 1.9171678570473336e-10, 6.825590357542018e-08]
('easy', 952);[3.7266389560521204e-06, 0, 7.835011896808923e-13, 1.1253474543245463e-07]
('easy', 953);[1.0261762194481359e-10, 2.902289962257353e-06, 8.59206829019323e-10, 4.78506719451317e-06]
('easy', 954);[3.775076940736885e-11, 1.300711158451302e-05, 3.1608332234583026e-10, 1.4165871710734509e-09]
('easy', 955);[2.5185546841704744e-11, 0, 0.02931220488217661, 3.81272391994598e-07]
('easy', 956);[4.508196292014655e-12, 0, 0.0001233946226544279, 2.461391775302807e-10]
('easy', 957);[3.775134544279098e-11, 3.059023205018258e-07, 7.991959892953932e-11, 3.850741922767617e-09]
('easy', 958);[1.186112015134383e-08, 0, 1.1399918530443554e-12, 3.059023205018258e-07]
('easy', 959);[7.991853189489829e-11, 1.9555419993082388e-08, 1.7832234820536053e-11, 1.3007123989067183e-05]
('easy', 960);[6.101936677605324e-13, 0, 3.059020287707785e-07, 7.582560427911907e-10]
('easy', 961);[1.0815900297821705e-11, 0, 3.7266389560521204e-06, 5.315764976351624e-08]
('easy', 962);[4.508755242294825e-12, 2.646573638909117e-09, 1.783247290814639e-11, 1.8189616875530459e-09]
('easy', 963);[1.4449802461092448e-07, 0, 8.878265478459658e-13, 4.139937718785167e-08]
('easy', 964);[8.875945830732151e-13, 0, 0.0002611902975925828, 3.580812117599144e-10]
('easy', 965);[0.017986211314027313, 0, 1.1194872705536065e-12, 2.9450197028610446e-09]
('easy', 966);[7.329132392527115e-12, 0, 9.410792274274253e-12, 0.014063626520379485]
('easy', 967);[0.0002611902975925828, 0, 1.8790377471113164e-12, 1.8184864426580612e-09]
('easy', 968);[1.783165662100216e-11, 0, 2.2446742996341515e-13, 4.539785156619626e-05]
('easy', 969);[5.1090792832586454e-12, 0, 0, 1.7603429545652396e-06]
('easy', 970);[1.2916568169188436e-12, 0, 9.610239492660866e-05, 6.824952467109735e-08]
('easy', 971);[0, 0, 2.5896110571930653e-11, 0.0019267342527389902]
('easy', 972);[3.0987068407161526e-12, 0, 5.789146528435525e-12, 3.535625324942473e-05]
('easy', 973);[6.560200168153779e-12, 2.382369667501818e-07, 9.736200313009565e-10, 1.0467401794744658e-08]
('easy', 974);[3.331544542166412e-11, 6.224144622907783e-11, 5.109089028063325e-12, 5.3157852544244216e-08]
('easy', 975);[4.78509457496562e-06, 0, 7.835011896808923e-13, 3.850727233380951e-09]
('easy', 976);[1.5228091684485844e-08, 0.0001233945049762016, 3.7746665409394154e-11, 2.38207432519079e-07]
('easy', 977);[0.0009110509701065104, 0, 3.9753365185674985e-12, 3.221248545030778e-08]
('easy', 978);[9.610239492660866e-05, 1.4636389239848085e-12, 7.43297177512222e-12, 1.9553816201697277e-08]
('easy', 979);[5.780661515626918e-12, 0, 1.1382797428305117e-12, 0.001501181950907551]
('easy', 980);[1.0129929366190528e-05, 0, 9.544871072863176e-12, 6.144112741317919e-06]
('easy', 981);[7.052866398824247e-11, 1.4449774900307763e-07, 2.1724357914826287e-10, 1.370956471489639e-06]
('easy', 982);[1.0060373604175028e-12, 0, 1.3709577789362383e-06, 1.0261860058738471e-10]
('easy', 983);[1.3887943864964021e-11, 1.4449802461092448e-07, 1.917171513758312e-10, 3.2241867372567335e-08]
('easy', 984);[2.0176491210539107e-11, 0, 5.101415882430728e-12, 0.001501181950907551]
('easy', 985);[8.423270958890118e-12, 0, 2.1444937927240387e-05, 5.211293209487772e-10]
('easy', 986);[0.00020342704214340812, 0, 1.8791452695898686e-12, 3.2235287920441394e-08]
('easy', 987);[7.432503939983484e-12, 0, 4.1931317914048297e-13, 0.0001584362410990077]
('easy', 988);[3.9788183423437124e-12, 0, 1.7831826677742433e-11, 3.535625324942473e-05]
('easy', 989);[1.1398505282814422e-12, 0, 0, 0.0001233945049762016]
('easy', 990);[0.004070137939983506, 7.803156236437273e-13, 2.723569141582328e-12, 1.5167999697501424e-08]
('easy', 991);[3.9787803975560205e-12, 0, 3.511261376907493e-12, 4.539785156619626e-05]
('easy', 992);[3.398267819495071e-09, 0, 3.0988191387218256e-12, 5.905303998944039e-10]
('easy', 993);[4.058621161535477e-10, 1.1253431614728773e-07, 8.592101066395158e-10, 7.88926463665814e-06]
('easy', 994);[0.0001233946226544279, 0, 3.0984349781868876e-12, 1.249997884965625e-09]
('easy', 995);[2.0204873569988974e-11, 9.610239492660866e-05, 5.492254067161346e-11, 1.444841070716725e-07]
('easy', 996);[9.544998511491458e-12, 0, 2.902312105056987e-06, 3.9278523077893697e-07]
('easy', 997);[3.5114154158767316e-12, 2.2603250957489616e-06, 3.978954946575725e-12, 4.599046606658694e-10]
('easy', 998);[1.2917455109989756e-12, 0, 3.2660441288357665e-13, 2.7535687796947383e-05]
('easy', 999);[6.101936677605324e-13, 0, 0, 3.927863545481039e-07]
('easy', 1000);[6.825512245306361e-08, 0, 7.433581422670082e-12, 1.3007123989067183e-05]
('easy', 1001);[9.545034922840628e-12, 1.186112015134383e-08, 4.508755242294825e-12, 2.335593038799337e-09]
('easy', 1002);[1.2917800047859961e-12, 8.315279260963632e-07, 1.2917800047859961e-12, 5.211412487888539e-10]
('easy', 1003);[3.3308646889318795e-11, 0, 0.0002034268481403553, 8.313590327967711e-07]
('easy', 1004);[2.510999155743982e-08, 0, 8.878265478459658e-13, 5.211412487888539e-10]
('easy', 1005);[1.6586688679076848e-12, 0, 1.879518061819697e-12, 4.78509457496562e-06]
('easy', 1006);[7.194133030325383e-09, 0, 1.4449802461092448e-07, 9.237449661970594e-09]
('easy', 1007);[2.8452968199188003e-08, 0, 1.4165898730016317e-09, 2.2159193914233397e-08]
('easy', 1008);[1.0261860058738471e-10, 0, 1.7603429545652396e-06, 2.5109943663977427e-08]
('easy', 1009);[5.384919675876492e-13, 0, 0, 4.78509457496562e-06]
('easy', 1010);[8.415787475848366e-12, 1.853700549731368e-07, 3.1580009520124725e-10, 0.0009110509701065104]
('easy', 1011);[9.052623029292433e-11, 0, 0.0003353350032708167, 4.5382657646806424e-05]
('easy', 1012);[1.3885083331319734e-11, 0.00020342665413748746, 3.581010188932873e-10, 5.314690349180424e-08]
('easy', 1013);[3.978954946575725e-12, 0, 1.7603429545652396e-06, 3.1608754254165217e-10]
('easy', 1014);[1.783237087020986e-11, 2.260318628916241e-06, 2.594594651844305e-11, 2.902306569341241e-06]
('easy', 1015);[8.417312538883401e-12, 0, 0.0007096551088017426, 2.1429727418093375e-05]
('easy', 1016);[3.97896253583724e-12, 1.1253517471925912e-07, 2.9400777392844726e-11, 1.162823303022097e-10]
('easy', 1017);[3.092849352168856e-12, 0, 1.2892914275064757e-12, 0.0019267342527389902]
('easy', 1018);[7.433680672352188e-12, 4.139937718785167e-08, 3.0988191387218256e-12, 5.211412487888539e-10]
('easy', 1019);[3.85063175373348e-09, 2.7535687796947383e-05, 7.991731244418161e-11, 1.9171166638259657e-10]
('easy', 1020);[5.904369204638381e-10, 1.1251736069299855e-07, 0.00015843609000250583, 8.590806501484942e-10]
('easy', 1021);[1.2247374435679623e-11, 0, 0, 0.00070967033651176]
('easy', 1022);[1.2917800047859961e-12, 0, 3.927863545481039e-07, 3.581747930283181e-10]
('easy', 1023);[3.97896253583724e-12, 9.237449661970594e-09, 7.194133030325383e-09, 1.3176514270095466e-10]
('easy', 1024);[5.78408050473392e-12, 0, 7.827901733715348e-13, 0.0009110514045295695]
('easy', 1025);[2.510999155743982e-08, 0, 2.020683909022217e-11, 1.4449802461092448e-07]
('easy', 1026);[9.038630716039128e-11, 0, 0.0019267342527389902, 7.719521764271242e-08]
('easy', 1027);[7.834907288812653e-13, 0, 1.4637533869180492e-12, 1.670143001672819e-05]
('easy', 1028);[2.2447299582181255e-13, 0, 2.1297404867533686e-12, 2.1444958378736654e-05]
('easy', 1029);[1.3007123989067183e-05, 0, 5.10902081482089e-12, 6.691496749576126e-10]
('easy', 1030);[5.780661515626918e-12, 0, 0.0015011812350883861, 2.332085300839253e-09]
('easy', 1031);[1.0060316038420207e-12, 0, 7.88926463665814e-06, 8.764181353791273e-08]
('easy', 1032);[1.8553913626159784e-07, 0, 1.2917800047859961e-12, 3.850741922767617e-09]
('easy', 1033);[6.55981228936763e-12, 0, 5.829127258796956e-05, 4.36320425861446e-09]
('easy', 1034);[3.77503373865704e-11, 4.139827171997462e-08, 2.5945402156531843e-11, 2.7535687796947383e-05]
('easy', 1035);[5.043096663096561e-07, 1.0059644462285276e-12, 3.978666565364138e-12, 7.484619074298232e-05]
('easy', 1036);[3.978954946575725e-12, 8.315271330899149e-07, 1.7832438895436006e-11, 1.067701973552941e-06]
('easy', 1037);[3.775127343788253e-11, 1.3709577789362383e-06, 4.277779709743936e-11, 7.991944649514694e-11]
('easy', 1038);[0.0003353500342255387, 0, 2.129070336206352e-12, 1.444495257244523e-07]
('easy', 1039);[1.670143001672819e-05, 0, 7.834907288812653e-13, 7.991822703047468e-11]
('easy', 1040);[2.1297079897404565e-12, 0, 5.384745073081162e-13, 3.535625324942473e-05]
('easy', 1041);[5.09287993497829e-12, 0, 0, 0.0031726831078774057]
('easy', 1042);[8.351203182160081e-12, 0, 0.008577476750351117, 3.0327814149491143e-07]
('easy', 1043);[1.5737012058699967e-11, 4.785090011545999e-06, 4.0586289027483834e-10, 2.8453185278936072e-08]
('easy', 1044);[6.224132751305368e-11, 0, 2.0206800548772015e-11, 2.902312105056987e-06]
('easy', 1045);[1.6586024323824614e-12, 0, 4.539785156619626e-05, 2.3822606137692028e-07]
('easy', 1046);[3.331512770233274e-11, 1.0129987330277146e-05, 1.6586625406001582e-12, 8.592084678278565e-10]
('easy', 1047);[2.4124883366939535e-12, 0, 0.00015840406079730717, 0.00020339484017029268]
('easy', 1048);[3.9230018742288686e-12, 0, 0, 0.014063626520379485]
('easy', 1049);[1.29144249803315e-12, 0, 6.100342408591636e-13, 0.0002611902975925828]
('easy', 1050);[5.384796426256798e-13, 0, 1.9809559001133307e-13, 2.7535687796947383e-05]
('easy', 1051);[5.7868613020048485e-12, 0, 0.0004305571096741222, 1.1856008389328301e-08]
('easy', 1052);[1.670143001672819e-05, 0, 8.257931527549525e-14, 3.398209484862448e-09]
('easy', 1053);[2.7346982915918745e-12, 4.139937718785167e-08, 2.129785170955785e-12, 1.783247290814639e-11]
('easy', 1054);[6.144177195963701e-06, 0, 3.700990501294565e-13, 5.905270208620189e-10]
('easy', 1055);[2.4131326265984015e-12, 0, 4.193395725929348e-13, 9.610239492660866e-05]
('easy', 1056);[4.539785156619626e-05, 0, 1.3887308139896881e-11, 3.2240391490788186e-08]
('easy', 1057);[4.539785156619626e-05, 0, 7.433340393244606e-12, 4.363262514065097e-09]
('easy', 1058);[7.88926463665814e-06, 0, 4.752156806553695e-13, 7.194078143655561e-09]
('easy', 1059);[1.6586783589142312e-12, 1.186112015134383e-08, 1.3887943864964021e-11, 5.384940217754036e-13]
('easy', 1060);[3.97896253583724e-12, 0, 5.789356328730652e-12, 4.944450501938644e-09]
('easy', 1061);[1.0129987330277146e-05, 4.1937556634181793e-13, 7.433609779586895e-12, 2.3823446755805012e-07]
('easy', 1062);[1.0815302053280516e-11, 0, 5.829127258796956e-05, 3.9276350520698244e-07]
('easy', 1063);[8.423463754468647e-12, 5.109089028063325e-12, 1.917171513758312e-10, 3.2241867372567335e-08]
('easy', 1064);[7.484626212190614e-05, 0, 6.913885787377645e-13, 9.055403363981007e-11]
('easy', 1065);[1.006025847299478e-12, 0, 1.3007123989067183e-05, 8.764131204886781e-08]
('easy', 1066);[6.91430779035535e-13, 0, 1.3007123989067183e-05, 6.224061522166384e-11]
('easy', 1067);[2.8823452958017853e-13, 1.7603429545652396e-06, 7.835026840922404e-13, 2.461692256505547e-10]
('easy', 1068);[7.43356724425224e-12, 2.1297526732610513e-12, 1.7603211303802957e-06, 1.300711158451302e-05]
('easy', 1069);[1.006039279283317e-12, 2.9989608248573072e-09, 3.701011678592672e-13, 1.8189616875530459e-09]
('easy', 1070);[1.026187963170189e-10, 5.905303998944039e-10, 1.57371021068629e-11, 8.764248219443636e-08]
('easy', 1071);[0.0003353500342255387, 0, 1.1396092295752188e-12, 5.3140010800991394e-08]
('easy', 1072);[2.1296876793591916e-12, 0, 7.834683133523652e-13, 4.539785156619626e-05]
('easy', 1073);[3.5112144968233454e-12, 0, 5.829121699710653e-05, 5.043178424779305e-07]
('easy', 1074);[1.1253517471925912e-07, 0, 4.058652126475693e-10, 3.850741922767617e-09]
('easy', 1075);[1.0057764287599084e-12, 0, 1.29144249803315e-12, 0.0002611902975925828]
('easy', 1076);[2.734687859565677e-12, 2.902312105056987e-06, 3.9789473573286855e-12, 4.847350215061376e-11]
('easy', 1077);[0.0001584362410990077, 6.100970756856666e-13, 1.4635468017839203e-12, 1.1859242566789641e-08]
('easy', 1078);[5.096455904135363e-12, 0, 0.002472623024627213, 3.323306710560517e-11]
('easy', 1079);[5.211402547917536e-10, 0, 2.2603250957489616e-06, 1.2501504819116561e-09]
('easy', 1080);[4.508720843353458e-12, 0, 7.88926463665814e-06, 1.9555531890413292e-08]
('easy', 1081);[3.0988132281990144e-12, 0, 1.0677029917933763e-06, 1.5229950695859287e-08]
('easy', 1082);[1.225602069100169e-11, 0, 6.91437373064733e-13, 3.7266389560521204e-06]
('easy', 1083);[2.129785170955785e-12, 8.315279260963632e-07, 2.646573638909117e-09, 6.82560337633487e-08]
('easy', 1084);[1.4449788680693535e-07, 0, 2.7346982915918745e-12, 3.9278597995802437e-07]
('easy', 1085);[3.978924589674418e-12, 0, 0, 1.0129987330277146e-05]
('easy', 1086);[4.508755242294825e-12, 1.9555681087850496e-08, 2.413362771833214e-12, 2.289734845645553e-11]
('easy', 1087);[2.2893723865586778e-11, 0, 1.6916300995624815e-10, 0.0001584362410990077]
('easy', 1088);[1.4493281525194178e-10, 0, 0, 0.029312232836486894]
('easy', 1089);[6.560200168153779e-12, 3.2241867372567335e-08, 1.0815941557285693e-11, 1.186112015134383e-08]
('easy', 1090);[1.8718798710554655e-12, 0, 0, 0.004070137939983506]
('easy', 1091);[2.753560901682537e-05, 1.783192871256506e-11, 2.461621827932643e-10, 2.9022318382120738e-06]
('easy', 1092);[1.7636555280875247e-11, 0, 3.294942310652509e-11, 0.010986941583869245]
('easy', 1093);[3.3931640908784188e-09, 0, 0.001501181950907551, 8.139777505984566e-09]
('easy', 1095);[3.978150566939381e-12, 0.0002034268481403553, 8.42174481629839e-12, 4.1390929004094085e-08]
('easy', 1096);[1.0813115647842561e-11, 0, 2.412732226206603e-12, 0.0002611902975925828]
('easy', 1097);[1.0811280233691525e-11, 0, 0.0004305571096741222, 1.2496140906341611e-09]
('easy', 1098);[3.775134544279098e-11, 1.4166087866431961e-09, 3.331544542166412e-11, 1.4166087866431961e-09]
('easy', 1099);[1.0814910117902244e-11, 0, 1.0814910117902244e-11, 9.610239492660866e-05]
('easy', 1100);[6.475569278307876e-07, 0, 0, 5.829121699710653e-05]
('easy', 1101);[1.6586751952393482e-12, 4.847359460656998e-11, 2.4133581687134208e-12, 1.0677029917933763e-06]
('easy', 1102);[0.0009110514045295695, 0, 3.2631549265614774e-13, 5.206663342474218e-10]
('easy', 1103);[5.109089028063325e-12, 1.162823303022097e-10, 1.463778514125909e-12, 3.059023205018258e-07]
('easy', 1104);[1.0129987330277146e-05, 0, 2.0206646383706507e-11, 3.1608513099428305e-10]
('easy', 1105);[1.290863768439433e-12, 0, 0, 0.00070967033651176]
('easy', 1106);[1.0809960577881912e-11, 0, 0.0005527785265734312, 3.651461917868242e-08]
('easy', 1107);[3.0889878267996155e-12, 0, 0.0031726815950245692, 3.915402007722682e-07]
('easy', 1108);[0.0019267342527389902, 0, 5.374566284245366e-13, 7.419359898880013e-12]
('easy', 1109);[3.978932178878032e-12, 0, 4.1937636623799384e-13, 7.88926463665814e-06]
('easy', 1110);[1.3709577789362383e-06, 0, 1.8795252316257836e-12, 4.277779709743936e-11]
('easy', 1111);[1.7832234820536053e-11, 0, 0, 1.3007123989067183e-05]
('easy', 1112);[1.0815920927534024e-11, 1.3709577789362383e-06, 2.7346930755738013e-12, 4.9444410711567335e-09]
('easy', 1113);[1.21740342250661e-11, 0, 2.3972094732509582e-12, 0.006692851264215723]
('easy', 1114);[1.005325713699135e-12, 0, 0.00070967033651176, 9.049653676984584e-11]
('easy', 1115);[6.47594599989589e-07, 0, 2.5946094982764667e-11, 3.2241867372567335e-08]
('easy', 1116);[7.410096581074714e-12, 0, 0.0031726815950245692, 3.213957684159269e-08]
('easy', 1117);[1.5737072090751337e-11, 1.7603429545652396e-06, 1.2256044067528294e-11, 3.224180587614433e-08]
('easy', 1118);[1.3887917375838539e-11, 1.8553860543063036e-07, 1.162821085114775e-10, 2.260322940135999e-06]
('easy', 1119);[2.882328802936894e-13, 0, 6.101890123700595e-13, 7.88926463665814e-06]
('easy', 1120);[2.287054879129216e-11, 0, 2.0183188468725193e-11, 0.0011695103074966034]
('easy', 1121);[2.412870287801929e-12, 0, 0.00020342704214340812, 4.1390929004094085e-08]
('easy', 1122);[3.0988191387218256e-12, 8.764248219443636e-08, 1.026187963170189e-10, 3.927863545481039e-07]
('easy', 1123);[1.0815652744342992e-11, 0, 2.7535687796947383e-05, 8.151803034938614e-09]
('easy', 1124);[9.736200313009565e-10, 0, 2.510999155743982e-08, 2.289734845645553e-11]
('easy', 1125);[4.752156806553695e-13, 0, 0, 7.88926463665814e-06]
('easy', 1126);[0.0004305571096741222, 5.382619481389361e-13, 1.0056057086501598e-12, 4.138153538530055e-08]
('easy', 1127);[2.289734845645553e-11, 5.3157852544244216e-08, 3.775134544279098e-11, 2.382369667501818e-07]
('easy', 1128);[1.9555681087850496e-08, 0, 8.423463754468647e-12, 1.3887943864964021e-11]
('easy', 1129);[9.995462790952197e-12, 0, 0.07585815340050496, 1.1784568214496412e-07]
('easy', 1130);[0.00020342704214340812, 0, 6.10069148297122e-13, 6.222874489850721e-11]
('easy', 1131);[3.097052394548549e-12, 0, 0.0005527693011634538, 1.669219449077655e-05]
('easy', 1132);[2.1444958378736654e-05, 0, 4.277698118349246e-11, 4.944346764326945e-09]
('easy', 1133);[3.9784692639462915e-12, 0, 1.879295811396392e-12, 0.0001233946226544279]
('easy', 1134);[0.0019267324152628948, 2.4087089031389775e-12, 3.0928434530324986e-12, 1.36831536300869e-06]
('easy', 1135);[0.00043055669906306076, 0, 1.291223289073093e-12, 6.473161248347634e-07]
('easy', 1136);[1.2917529024472256e-12, 0, 0, 2.1444958378736654e-05]
('easy', 1137);[1.0060296849908467e-12, 0, 0, 1.0129987330277146e-05]
('easy', 1139);[4.78509457496562e-06, 8.878231610629212e-13, 2.0206762007395372e-11, 1.1861074904847522e-08]
('easy', 1140);[6.560200168153779e-12, 5.3157852544244216e-08, 9.056076989672867e-11, 2.382369667501818e-07]
('easy', 1141);[2.1292287163933625e-12, 0, 0.0002611902975925828, 4.507577227976932e-12]
('easy', 1142);[1.783247290814639e-11, 1.186112015134383e-08, 1.1253517471925912e-07, 4.139937718785167e-08]
('easy', 1143);[8.351075753884509e-12, 0, 0.008577341779444985, 1.655815702042189e-05]
('easy', 1144);[0.0001584362410990077, 0, 4.1931317914048297e-13, 2.6461546931668486e-09]
('easy', 1145);[2.882075924159127e-13, 0, 9.610239492660866e-05, 3.2238792695099094e-08]
('easy', 1146);[2.2485502907743044e-11, 0, 0.017986211314027313, 3.781480151119761e-09]
('easy', 1147);[3.97896253583724e-12, 1.6918979226151304e-10, 5.789356328730652e-12, 1.4449802461092448e-07]
('easy', 1148);[3.5113953234540385e-12, 0, 7.88926463665814e-06, 2.646553447231695e-09]
('easy', 1149);[2.572351675042736e-11, 0, 5.739692412103674e-12, 0.008577484930474293]
('easy', 1150);[8.423463754468647e-12, 3.059023205018258e-07, 1.2256067444099483e-11, 2.510999155743982e-08]
('easy', 1151);[8.570920971444447e-10, 0, 0, 0.002472623024627213]
('easy', 1152);[2.7535687796947383e-05, 4.752066167220224e-13, 8.423238826722712e-12, 5.602646828729019e-09]
('easy', 1153);[0.0005527785265734312, 0, 2.1286074462820246e-12, 2.1712386232525022e-10]
('easy', 1154);[2.129785170955785e-12, 0, 3.059023205018258e-07, 1.162823303022097e-10]
('easy', 1155);[9.055403363981007e-11, 7.193597903156588e-09, 9.54432492658496e-12, 7.484626212190614e-05]
('easy', 1156);[1.2917800047859961e-12, 6.914400106940203e-13, 1.6586783589142312e-12, 1.0815941557285693e-11]
('easy', 1157);[7.83493717666907e-13, 0, 6.91430779035535e-13, 1.3007123989067183e-05]
('easy', 1158);[1.0060354415553489e-12, 0, 2.902312105056987e-06, 3.059014453095186e-07]
('easy', 1159);[1.3176514270095466e-10, 1.2501528663867426e-09, 2.020683909022217e-11, 1.1253517471925912e-07]
('easy', 1160);[3.5112144968233454e-12, 0, 0, 5.829127258796956e-05]
('easy', 1161);[1.437450109049217e-12, 0, 0.017986211314027313, 1.6614664239798162e-10]
('easy', 1162);[2.5915726983642088e-11, 0, 5.103109214483498e-12, 0.0011695103074966034]
('easy', 1163);[1.6534160368505335e-12, 0, 2.4057061384095776e-12, 0.0031726831078774057]
('easy', 1164);[2.2897304783270907e-11, 0, 1.7603429545652396e-06, 5.043467006019808e-07]
('easy', 1165);[7.484626212190614e-05, 0, 7.433127726712295e-12, 5.315389845957392e-08]
('easy', 1166);[1.3007123989067183e-05, 0, 6.101855208505134e-13, 3.398222448027603e-09]
('easy', 1167);[7.415299585497197e-12, 0, 0.0024726218455889577, 1.1225691164717832e-07]
('easy', 1168);[3.5114221133765118e-12, 5.3157852544244216e-08, 5.789356328730652e-12, 7.582560427911907e-10]
('easy', 1169);[1.7603429545652396e-06, 0, 8.25805753454615e-14, 2.0611496911037635e-09]
('easy', 1170);[3.97896253583724e-12, 5.04347662567888e-07, 5.109089028063325e-12, 1.9555681087850496e-08]
('easy', 1171);[6.914400106940203e-13, 0, 3.059023205018258e-07, 4.363462252943702e-09]
('easy', 1172);[2.7346930755738013e-12, 0, 1.370956471489639e-06, 5.043467006019808e-07]
('easy', 1173);[5.7872586678789024e-12, 0, 0.00020339484017029268, 0.00015840406079730717]
('easy', 1174);[7.194133030325383e-09, 0, 0, 3.97896253583724e-12]
('easy', 1175);[1.8794786283751106e-12, 2.7535687796947383e-05, 5.384796426256798e-13, 1.4165709596125897e-09]
('easy', 1176);[3.5114221133765118e-12, 1.186112015134383e-08, 1.1399918530443554e-12, 2.646573638909117e-09]
('easy', 1177);[2.7346930755738013e-12, 0, 1.3709577789362383e-06, 7.19411930861867e-09]
('easy', 1178);[7.991959892953932e-11, 0, 5.384940217754036e-13, 2.172439935079017e-10]
('easy', 1179);[1.7805690998326076e-11, 0, 2.1265865279700935e-12, 0.001501181950907551]
('easy', 1180);[2.260318628916241e-06, 3.700990501294565e-13, 4.508729443064196e-12, 2.902306569341241e-06]
('easy', 1181);[7.833442923505478e-13, 0, 0.0002034268481403553, 8.313590327967711e-07]
('easy', 1182);[3.5113752311463146e-12, 0, 1.3007123989067183e-05, 9.237326329535046e-09]
('easy', 1183);[3.0987363924283466e-12, 0, 1.1399614123841512e-12, 2.7535687796947383e-05]
('easy', 1184);[1.3707878213329848e-06, 2.4130635873077793e-12, 4.508196292014655e-12, 0.0001233943872980875]
('easy', 1185);[6.224144622907783e-11, 0, 3.059023205018258e-07, 1.4449802461092448e-07]
('easy', 1186);[6.912593563473571e-13, 0, 0.0002611902975925828, 2.788739281217789e-10]
('easy', 1187);[2.594080028045039e-11, 0, 0.00020342704214340812, 5.904098930251796e-10]
('easy', 1188);[9.544998511491458e-12, 3.7266389560521204e-06, 1.1628188672116832e-10, 6.825577338773997e-08]
('easy', 1189);[9.543851625088224e-12, 1.0675716467940485e-06, 9.543851625088224e-12, 0.0001233945049762016]
('easy', 1190);[1.0815941557285693e-11, 1.186112015134383e-08, 1.162823303022097e-10, 2.061153622438558e-09]
('easy', 1191);[2.734687859565677e-12, 0, 3.7266389560521204e-06, 2.9400665237993516e-11]
('easy', 1192);[8.423158496840455e-12, 3.535625324942473e-05, 1.6918366099815088e-10, 1.7257202582094774e-08]
('easy', 1193);[9.610239492660866e-05, 0, 4.751739879933882e-13, 4.0582650817024944e-10]
('easy', 1194);[1.4449802461092448e-07, 0, 3.0988191387218256e-12, 1.2501528663867426e-09]
('easy', 1195);[8.423463754468647e-12, 3.581747930283181e-10, 1.463778514125909e-12, 2.4616969518153846e-10]
('easy', 1196);[2.5946094982764667e-11, 5.3157852544244216e-08, 2.9400777392844726e-11, 4.944450501938644e-09]
('easy', 1197);[1.7832438895436006e-11, 3.059020287707785e-07, 3.3315381877555444e-11, 6.47594599989589e-07]
('easy', 1198);[1.5736681886510842e-11, 2.4616312182926096e-10, 9.055835169556619e-11, 2.7535687796947383e-05]
('easy', 1199);[5.108455654418009e-12, 0, 0, 0.0001233945049762016]
('easy', 1200);[5.829127258796956e-05, 0, 3.978727275461189e-12, 2.99878350812083e-09]
('easy', 1201);[1.783247290814639e-11, 7.991959892953932e-11, 1.783247290814639e-11, 5.04347662567888e-07]
('easy', 1202);[3.5114221133765118e-12, 0, 1.4449802461092448e-07, 2.172439935079017e-10]
('easy', 1203);[4.508660645837567e-12, 0, 8.423287025019788e-12, 2.1444937927240387e-05]
('easy', 1204);[2.8823343005480387e-13, 0, 1.4637701383420293e-12, 6.144177195963701e-06]
('easy', 1205);[3.5094803736558544e-12, 0, 0.0005527785265734312, 1.522155789861715e-08]
('easy', 1206);[1.7805690998326076e-11, 0, 0, 0.001501181950907551]
('easy', 1207);[1.6585518166254919e-12, 0, 7.484619074298232e-05, 6.475464294229121e-07]
('easy', 1208);[3.9753365185674985e-12, 0, 3.5082221643672465e-12, 0.0009110514045295695]
('easy', 1209);[3.097483647152379e-12, 0, 0.0004305571096741222, 1.9163452743815723e-10]
('easy', 1210);[3.9787803975560205e-12, 0, 4.539785156619626e-05, 3.850565653825923e-09]
('easy', 1211);[0.001501181950907551, 0, 8.410812876051005e-12, 2.1691772305325962e-10]
('easy', 1212);[3.5113618363383706e-12, 0, 1.670143001672819e-05, 2.020649221981718e-11]
('easy', 1213);[1.2255623296871215e-11, 0, 7.83475785124075e-13, 3.535625324942473e-05]
('easy', 1214);[5.492107410113433e-11, 0, 3.0984349781868876e-12, 0.0001233946226544279]
('easy', 1215);[2.1297689220464336e-12, 7.889257112872668e-06, 6.101890123700595e-13, 1.9555531890413292e-08]
('easy', 1216);[5.492777874302323e-11, 2.2603250957489616e-06, 6.56018765557689e-12, 1.18610975280741e-08]
('easy', 1217);[5.106887174705938e-12, 0, 1.4631476725770349e-12, 0.0004305571096741222]
('easy', 1218);[1.006039279283317e-12, 0, 8.315279260963632e-07, 1.917171513758312e-10]
('easy', 1219);[2.4133535656024068e-12, 3.7266389560521204e-06, 4.599037834681802e-10, 2.461687561204665e-10]
('easy', 1220);[1.2256067444099483e-11, 7.194133030325383e-09, 1.2256067444099483e-11, 2.510999155743982e-08]
('easy', 1221);[1.9168680304805075e-10, 0, 0.0001584362410990077, 4.139282377382591e-08]
('easy', 1222);[3.2241867372567335e-08, 0, 2.289734845645553e-11, 4.139937718785167e-08]
('easy', 1223);[4.539785156619626e-05, 0, 3.7008422636007384e-13, 2.7893404040758347e-10]
('easy', 1224);[4.277779709743936e-11, 3.1608754254165217e-10, 1.7832438895436006e-11, 2.2603250957489616e-06]
('easy', 1225);[7.88926463665814e-06, 0, 1.2917701493242877e-12, 3.266106424277899e-13]
('easy', 1226);[5.7892569486957334e-12, 1.6701414089010932e-05, 2.172402642996038e-10, 5.905202628552533e-10]
('easy', 1227);[1.3843882981775169e-11, 0, 8.850098298208239e-13, 0.0031726831078774057]
('easy', 1228);[3.0647737600394647e-12, 0, 9.94986363091939e-13, 0.010986941583869245]
('easy', 1229);[0.0001233946226544279, 0, 7.432759119136008e-12, 7.1932411738246895e-09]
('easy', 1230);[1.658634068014979e-12, 0, 1.0060124154949743e-12, 2.7535687796947383e-05]
('easy', 1231);[3.5114154158767316e-12, 1.3709577789362383e-06, 2.0206800548772015e-11, 8.76423150298272e-08]
('easy', 1232);[1.4637673464247198e-12, 0, 7.88926463665814e-06, 5.211372728118277e-10]
('easy', 1233);[8.877605079069033e-13, 0, 7.484619074298232e-05, 5.043096663096561e-07]
('easy', 1234);[1.783247290814639e-11, 2.7894680928689246e-10, 3.927863545481039e-07, 4.139937718785167e-08]
('easy', 1235);[2.902312105056987e-06, 1.7482307937822623e-13, 7.433666493745043e-12, 3.581741098647678e-10]
('easy', 1236);[9.736144602183888e-10, 6.144171336422507e-06, 2.7894521314501314e-10, 1.046734189996251e-08]
('easy', 1237);[7.834967064639501e-13, 0, 6.431332607192258e-14, 1.0129987330277146e-05]
('easy', 1238);[3.5102435501200856e-12, 0, 3.5102435501200856e-12, 0.0003353500342255387]
('easy', 1239);[8.315279260963632e-07, 7.835041785064389e-13, 2.289734845645553e-11, 2.7894680928689246e-10]
('easy', 1240);[1.0060373604175028e-12, 1.7603429545652396e-06, 3.3315381877555444e-11, 1.4449774900307763e-07]
('easy', 1241);[2.0206646383706507e-11, 1.0129987330277146e-05, 5.789301117389528e-12, 6.825538282618921e-08]
('easy', 1242);[1.2255155790861451e-11, 0, 0, 7.484626212190614e-05]
('easy', 1243);[3.331544542166412e-11, 0, 1.1253517471925912e-07, 2.4616969518153846e-10]
('easy', 1244);[3.078077892778863e-12, 0, 2.11552993499042e-12, 0.006692851264215723]
('easy', 1245);[3.5114087183897262e-12, 2.260320784525092e-06, 2.9400665237993516e-11, 1.3709538566001813e-06]
('easy', 1246);[1.1399896786845267e-12, 1.7603429545652396e-06, 4.847359460656998e-11, 1.6052249934589952e-09]
('easy', 1247);[3.5107055533391556e-12, 0.00020342704214340812, 2.412870287801929e-12, 2.998348840478527e-09]
('easy', 1248);[0.00012339426962008568, 8.877147908267344e-13, 9.543833421653234e-12, 2.9019550730130404e-06]
('easy', 1249);[4.249155462135889e-11, 0, 3.4879192026215647e-12, 0.006692851264215723]
('easy', 1250);[1.38871227255673e-11, 0, 9.055541539525008e-11, 5.829127258796956e-05]
('easy', 1251);[4.752111486670858e-13, 0, 1.0129929366190528e-05, 6.144112741317919e-06]
('easy', 1252);[3.9784692639462915e-12, 0, 0, 0.0001233946226544279]
('easy', 1253);[8.417440977859814e-12, 0, 0.0007096669525479628, 4.781700593362653e-06]
('easy', 1254);[0.0031726815950245692, 3.500281777480242e-12, 1.0781626906955396e-11, 2.3748113627842079e-07]
('easy', 1255);[2.4133535656024068e-12, 0, 3.5114087183897262e-12, 4.78509457496562e-06]
('easy', 1256);[8.423447688001894e-12, 6.47593982395546e-07, 1.3887917375838539e-11, 1.370956471489639e-06]
('easy', 1257);[4.508419863811076e-12, 0, 7.834458984647694e-13, 7.484619074298232e-05]
('easy', 1258);[1.0261586041170473e-10, 0, 2.7535687796947383e-05, 1.4930519590269013e-10]
('easy', 1259);[5.109069538472553e-12, 3.7266389560521204e-06, 0, 1.4449747339575647e-07]
('easy', 1260);[7.484626212190614e-05, 6.913885787377645e-13, 5.108708994453272e-12, 5.602379680079167e-09]
('easy', 1261);[4.752165870582128e-13, 0, 0, 6.144177195963701e-06]
('easy', 1262);[1.463775722192624e-12, 0, 2.4133581687134208e-12, 1.7603429545652396e-06]
('easy', 1263);[3.5114087183897262e-12, 0, 3.7266389560521204e-06, 3.850727233380951e-09]
('easy', 1264);[4.459219508604565e-12, 0, 1.8588792505467044e-12, 0.010986941583869245]
('easy', 1265);[2.0611496911037635e-09, 1.162821085114775e-10, 4.847359460656998e-11, 2.902312105056987e-06]
('easy', 1266);[8.413540518159881e-12, 5.378596505019354e-13, 0.0011695008272135125, 7.880038346645453e-06]
('easy', 1267);[1.3886222176893333e-11, 0, 0.0001233945049762016, 5.042851386001529e-07]
('easy', 1268);[9.610239492660866e-05, 3.7006587394441303e-13, 1.3886619470579898e-11, 9.055213376050583e-11]
('easy', 1269);[3.50990880317051e-12, 0, 0.00043055669906306076, 6.473161248347634e-07]
('easy', 1270);[1.081511639790975e-11, 1.7602120135140503e-06, 3.978658976667141e-12, 7.484611936412656e-05]
('easy', 1271);[9.545034922840628e-12, 1.4449802461092448e-07, 9.545034922840628e-12, 2.510999155743982e-08]
('easy', 1272);[5.04347662567888e-07, 0, 1.463778514125909e-12, 9.237449661970594e-09]
('easy', 1273);[0.0001584362410990077, 0, 1.0814229421791924e-11, 1.2499549704306817e-09]
('easy', 1274);[1.225585705656391e-11, 2.3823287717670763e-07, 2.020649221981718e-11, 1.6701414089010932e-05]
('easy', 1275);[1.0809960577881912e-11, 0, 0, 0.0005527785265734312]
('easy', 1276);[6.144177195963701e-06, 0, 2.2447642103403825e-13, 2.3355796744670047e-09]
('easy', 1277);[2.2603250957489616e-06, 0, 4.508746642534879e-12, 5.602785751061334e-09]
('easy', 1278);[2.4129991524186036e-12, 0, 0.00012339121003142897, 2.7532300455221287e-05]
('easy', 1279);[3.0987541235909405e-12, 0, 2.1444937927240387e-05, 4.277698118349246e-11]
('easy', 1280);[1.0813651895054016e-11, 0, 0.00020342529612259305, 7.887654710087017e-06]
('easy', 1281);[1.162821085114775e-10, 5.211402547917536e-10, 1.4930918283477907e-10, 2.902312105056987e-06]
('easy', 1282);[7.431738455089089e-12, 0, 8.875945830732151e-13, 0.0002611902975925828]
('easy', 1283);[1.658618250123295e-12, 3.5356219531090163e-05, 6.559962433273904e-12, 6.223919066333849e-11]
('easy', 1284);[1.0129977669573009e-05, 2.413335153246149e-12, 2.789436170122669e-10, 1.370943397092225e-06]
('easy', 1285);[1.670143001672819e-05, 2.543621982836946e-13, 3.978894233004715e-12, 9.736033181488868e-10]
('easy', 1286);[2.407395306633013e-12, 0, 3.969123849029506e-12, 0.002472623024627213]
('easy', 1287);[2.408713497390992e-12, 0, 6.090181470897758e-13, 0.0019267342527389902]
('easy', 1288);[3.0988191387218256e-12, 1.8553913626159784e-07, 1.8795288165390832e-12, 4.058652126475693e-10]
('easy', 1289);[1.7603429545652396e-06, 0, 2.129781108716825e-12, 5.315775115378354e-08]
('easy', 1290);[0.00020342646013480465, 1.7478740402270212e-13, 7.833427982413076e-13, 2.9017226106425657e-06]
('easy', 1291);[4.508755242294825e-12, 2.646573638909117e-09, 1.6918979226151304e-10, 1.6052280551856116e-09]
('easy', 1292);[8.418805763025449e-12, 0, 1.4629690765842658e-12, 0.0005527785265734312]
('easy', 1293);[4.277787868968998e-11, 0, 1.3887943864964021e-11, 3.850741922767617e-09]
('easy', 1294);[0.0002611900485022231, 0, 2.1292287163933625e-12, 6.474254012484772e-07]
('easy', 1295);[2.2881107778617203e-11, 0, 0, 0.00070967033651176]
('easy', 1296);[6.223135617534667e-11, 3.726049038771658e-06, 5.4918979068382176e-11, 0.00015843563671386478]
('easy', 1297);[2.0101357523763612e-11, 0, 0, 0.005220125868449866]
('easy', 1298);[4.508755242294825e-12, 0, 6.47594599989589e-07, 2.510999155743982e-08]
('easy', 1299);[3.9772932469668735e-12, 0, 0.000261148951845958, 0.00015839484604639162]
('easy', 1300);[9.237449661970594e-09, 0, 8.878265478459658e-13, 2.172439935079017e-10]
('easy', 1301);[4.78509457496562e-06, 0, 3.511402020915495e-12, 2.3823583075050818e-07]
('easy', 1302);[0.0009110509701065104, 6.09637600002352e-13, 3.5082221643672465e-12, 3.92428409457623e-07]
('easy', 1303);[8.423222760684972e-12, 2.7535687796947383e-05, 6.101762102293964e-13, 1.2501170997379834e-09]
('easy', 1304);[3.978954946575725e-12, 8.315271330899149e-07, 2.789462772385846e-10, 8.315271330899149e-07]
('easy', 1305);[1.1399896786845267e-12, 0, 1.6586751952393482e-12, 2.2603250957489616e-06]
('easy', 1306);[8.878248544528286e-13, 0, 2.543660795724355e-13, 2.260322940135999e-06]
('easy', 1307);[3.850741922767617e-09, 0, 0, 1.4449802461092448e-07]
('easy', 1308);[7.4295700093313e-12, 0, 5.1062638134403455e-12, 0.0005527785265734312]
('easy', 1309);[0.0002611902975925828, 0, 0, 4.362322199706539e-09]
('easy', 1310);[5.109050048956128e-12, 0, 6.144171336422507e-06, 8.315231680690172e-07]
('easy', 1311);[8.876453730957509e-13, 0, 0, 0.00020342704214340812]
('easy', 1312);[3.775120143311142e-11, 2.6465635430511496e-09, 2.5945996006455864e-11, 3.7266389560521204e-06]
('easy', 1313);[3.5107055533391556e-12, 0, 0.00020342704214340812, 2.7888988587249533e-10]
('easy', 1314);[0, 6.475439592340299e-07, 6.023091316890166e-08, 3.4660530464844964e-07]
('easy', 1315);[5.384693720395265e-13, 0, 1.8794427805070615e-12, 4.539785156619626e-05]
('easy', 1316);[1.38871227255673e-11, 0, 0, 5.829127258796956e-05]
('easy', 1317);[6.691573328117371e-10, 1.370956471489639e-06, 6.224132751305368e-11, 5.905292735481273e-10]
('easy', 1318);[3.5113953234540385e-12, 0, 3.0987954966982225e-12, 7.88926463665814e-06]
('easy', 1319);[4.275944279724469e-11, 0, 0, 0.0004305571096741222]
('easy', 1320);[2.129781108716825e-12, 3.0590173704000945e-07, 7.991944649514694e-11, 1.7832438895436006e-11]
('easy', 1321);[1.1399896786845267e-12, 0, 1.8553878237411744e-07, 1.370956471489639e-06]
('easy', 1322);[3.098700930407533e-12, 0, 2.7535425197417192e-05, 1.0129716834043888e-05]
('easy', 1323);[5.108952602489194e-12, 0, 6.101773740492666e-13, 2.7535687796947383e-05]
('easy', 1324);[1.2244898524610757e-11, 0, 0.0009110505356836584, 7.984676842578381e-11]
('easy', 1325);[7.433680672352188e-12, 4.277787868968998e-11, 6.224144622907783e-11, 6.82560337633487e-08]
('easy', 1326);[8.417489142981238e-12, 0, 1.005325713699135e-12, 0.00070967033651176]
('easy', 1327);[1.1399896786845267e-12, 0, 2.902312105056987e-06, 5.211402547917536e-10]
('easy', 1328);[1.6583398799195534e-12, 0, 8.876453730957509e-13, 0.00020342704214340812]
('easy', 1329);[1.3709577789362383e-06, 0, 1.7832438895436006e-11, 1.5229950695859287e-08]
('easy', 1330);[4.508660645837567e-12, 0, 1.4637478031526568e-12, 2.1444958378736654e-05]
('easy', 1331);[5.109089028063325e-12, 4.058652126475693e-10, 1.6918979226151304e-10, 3.2241867372567335e-08]
('easy', 1332);[2.4133397563220442e-12, 0, 1.0129987330277146e-05, 3.331512770233274e-11]
('easy', 1333);[1.3887943864964021e-11, 0, 1.4449802461092448e-07, 2.382369667501818e-07]
('easy', 1334);[1.162823303022097e-10, 0, 1.2256067444099483e-11, 1.0467401794744658e-08]
('easy', 1335);[2.5945352669651707e-11, 1.0676734632150038e-06, 5.108942857944726e-12, 2.7535661536881667e-05]
('easy', 1336);[2.287054879129216e-11, 0, 0, 0.0011695103074966034]
('easy', 1337);[0.0019267342527389902, 0, 0, 1.137795691303336e-12]
('easy', 1338);[6.348788006680007e-09, 0, 2.0611496911037635e-09, 1.0677029917933763e-06]
('easy', 1339);[1.3007123989067183e-05, 0, 2.129756735445775e-12, 4.277730754720374e-11]
('easy', 1340);[1.4449802461092448e-07, 0, 0, 1.57371021068629e-11]
('easy', 1341);[1.463711509196798e-12, 0, 4.539785156619626e-05, 5.905033681766947e-10]
('easy', 1342);[2.73453659965769e-12, 2.172311487265932e-10, 3.331347561065242e-11, 5.829127258796956e-05]
('easy', 1343);[6.691586091292782e-10, 2.7894680928689246e-10, 5.211412487888539e-10, 9.736200313009565e-10]
('easy', 1344);[3.511402020915495e-12, 0, 8.878214676762437e-13, 6.144171336422507e-06]
('easy', 1345);[6.101925039095844e-13, 0, 6.914386918781189e-13, 1.7603429545652396e-06]
('easy', 1346);[1.290863768439433e-12, 0, 0.00070967033651176, 1.0254601064865599e-10]
('easy', 1347);[6.559712195339276e-12, 0, 5.384539665275966e-13, 7.484626212190614e-05]
('easy', 1348);[3.978954946575725e-12, 1.7603429545652396e-06, 2.4133581687134208e-12, 1.1253496007565217e-07]
('easy', 1349);[7.403428506115043e-12, 0, 0, 0.004070137939983506]
('easy', 1350);[6.101925039095844e-13, 0, 5.384929946805469e-13, 1.3709577789362383e-06]
('easy', 1351);[1.0060354415553489e-12, 0, 2.5436559440810405e-13, 4.78509457496562e-06]
('easy', 1352);[4.1937876593567576e-13, 0, 7.835026840922404e-13, 1.0677029917933763e-06]
('easy', 1353);[2.5946094982764667e-11, 8.152020714470167e-09, 3.775134544279098e-11, 5.04347662567888e-07]
('easy', 1354);[4.277787868968998e-11, 4.944450501938644e-09, 2.020683909022217e-11, 3.059023205018258e-07]
('easy', 1355);[3.535625324942473e-05, 0, 4.752020848201786e-13, 6.559962433273904e-12]
('easy', 1356);[3.0988073176874773e-12, 0, 2.902309337197794e-06, 5.043457386379083e-07]
('easy', 1357);[8.764248219443636e-08, 0, 1.006039279283317e-12, 3.2241867372567335e-08]
('easy', 1358);[2.1256822006612585e-12, 0, 0, 0.0019267342527389902]
('easy', 1359);[2.7535687796947383e-05, 0, 1.8794786283751106e-12, 9.735940331883721e-10]
('easy', 1360);[3.5114221133765118e-12, 1.522997974471263e-08, 1.1399918530443554e-12, 2.646573638909117e-09]
('easy', 1361);[1.1610769031257445e-10, 0, 0, 0.001501181950907551]
('easy', 1362);[1.670143001672819e-05, 0, 8.257931527549525e-14, 6.560087555820946e-12]
('easy', 1363);[2.0192506742333973e-11, 0, 0.0007096699981146541, 6.344297026197243e-09]
('easy', 1364);[2.7346982915918745e-12, 6.82560337633487e-08, 8.423463754468647e-12, 4.8473687062702556e-11]
('easy', 1365);[2.5946094982764667e-11, 8.764248219443636e-08, 7.433680672352188e-12, 2.335593038799337e-09]
('easy', 1366);[2.129785170955785e-12, 1.9555681087850496e-08, 6.101936677605324e-13, 1.0815941557285693e-11]
('easy', 1367);[4.275422345726982e-11, 0, 0, 0.0005527785265734312]
('easy', 1368);[1.8795252316257836e-12, 0, 1.7603429545652396e-06, 2.646568590975319e-09]
('easy', 1369);[2.1297729842621496e-12, 0, 4.78509457496562e-06, 3.5817274354157635e-10]
('easy', 1370);[8.410812876051005e-12, 0, 0.001501181950907551, 4.356908935680043e-09]
('easy', 1371);[0.0005527785265734312, 0, 0, 1.7822611940183757e-11]
('easy', 1372);[2.4133535656024068e-12, 4.78509457496562e-06, 7.43365231516494e-12, 1.1861074904847522e-08]
('easy', 1373);[1.91716420034333e-10, 1.0676999370749836e-06, 4.508738042791337e-12, 1.7257762154696544e-08]
('easy', 1374);[6.5600375065157455e-12, 2.9022512127644936e-06, 6.223990293842546e-11, 2.1444897024306356e-05]
('easy', 1375);[6.101925039095844e-13, 2.260322940135999e-06, 2.7346930755738013e-12, 1.4930918283477907e-10]
('easy', 1376);[1.2256067444099483e-11, 4.058652126475693e-10, 5.211412487888539e-10, 5.602796437537268e-09]
('easy', 1377);[1.0677029917933763e-06, 0, 8.423447688001894e-12, 1.1032539280516758e-09]
('easy', 1378);[6.560200168153779e-12, 2.3823673954981372e-07, 2.289734845645553e-11, 1.0815941557285693e-11]
('easy', 1379);[8.878265478459658e-13, 0, 8.764248219443636e-08, 9.736200313009565e-10]
('easy', 1380);[2.881993468485066e-13, 0, 0.0001233946226544279, 6.22337301584689e-11]
('easy', 1381);[0.0005527782629881523, 2.1286074462820246e-12, 9.53975672704237e-12, 8.31068109318202e-07]
('easy', 1382);[7.834996952723946e-13, 0, 6.144177195963701e-06, 2.0611418284566694e-09]
('easy', 1383);[5.4927883509546835e-11, 2.4616969518153846e-10, 6.101936677605324e-13, 2.382369667501818e-07]
('easy', 1384);[1.6586783589142312e-12, 0, 1.463778514125909e-12, 8.315279260963632e-07]
('easy', 1385);[4.508746642534879e-12, 0, 1.0677029917933763e-06, 3.581741098647678e-10]
('easy', 1386);[1.463775722192624e-12, 1.0677029917933763e-06, 1.463775722192624e-12, 6.224132751305368e-11]
('easy', 1387);[2.1297729842621496e-12, 0, 0, 6.144177195963701e-06]
('easy', 1388);[2.1292287163933625e-12, 0, 0, 0.0002611902975925828]
('easy', 1389);[6.166018107923157e-12, 0, 4.020748877444702e-11, 0.060086648833494447]
('easy', 1390);[3.7266389560521204e-06, 0, 2.2897261110169583e-11, 2.3823605795000956e-07]
('easy', 1391);[1.2256067444099483e-11, 9.056076989672867e-11, 4.139937718785167e-08, 2.382369667501818e-07]
('easy', 1392);[6.91420228719619e-13, 0, 3.2660378993569037e-13, 2.7535661536881667e-05]
('easy', 1393);[1.0129987330277146e-05, 0, 1.783230284524321e-11, 5.3157345593874676e-08]
('easy', 1394);[0, 1.7257827987960214e-08, 3.97896253583724e-12, 1.6052280551856116e-09]
('easy', 1395);[5.104433129727628e-12, 0, 8.870174740318674e-13, 0.0009110514045295695]
('easy', 1396);[1.186112015134383e-08, 0, 1.8795288165390832e-12, 2.7346982915918745e-12]
('easy', 1397);[5.109089028063325e-12, 4.8473687062702556e-11, 4.363462252943702e-09, 6.82560337633487e-08]
('easy', 1398);[5.788892569829552e-12, 0, 7.484576247086885e-05, 6.143714309425926e-06]
('easy', 1399);[4.539785156619626e-05, 0, 2.9399431562867033e-11, 9.23702681476127e-09]
('easy', 1400);[3.978939768096121e-12, 0, 2.413348962500173e-12, 6.144177195963701e-06]
('easy', 1401);[2.4133443594067185e-12, 0, 9.357551576115012e-14, 7.88926463665814e-06]
('easy', 1402);[7.1892634685940155e-09, 0.00012332638812369152, 7.98655029851228e-11, 0.0005527105257382184]
('easy', 1403);[2.7305859445150018e-12, 0, 0.0015011798034510807, 1.757700839004171e-06]
('easy', 1404);[2.734494874258873e-12, 0, 7.484626212190614e-05, 5.315389845957392e-08]
('easy', 1405);[7.433680672352188e-12, 3.97896253583724e-12, 9.056076989672867e-11, 1.522997974471263e-08]
('easy', 1406);[1.57371021068629e-11, 0, 8.315279260963632e-07, 3.2241867372567335e-08]
('easy', 1407);[1.4637673464247198e-12, 0, 7.88926463665814e-06, 2.5109799984138346e-08]
('easy', 1408);[4.277755232162124e-11, 3.9278298325024844e-07, 1.6918850145076126e-10, 1.3709473193983572e-06]
('easy', 1409);[4.8473687062702556e-11, 5.043471815847051e-07, 1.186112015134383e-08, 4.363462252943702e-09]
('easy', 1410);[2.733186063176906e-12, 0, 0, 0.0005527785265734312]
('easy', 1411);[3.511294863065101e-12, 0, 3.535625324942473e-05, 1.0467022466912503e-08]
('easy', 1412);[1.1399244498181055e-12, 0, 5.384621827457764e-13, 5.829127258796956e-05]
('easy', 1413);[1.8795252316257836e-12, 1.7603429545652396e-06, 7.433666493745043e-12, 6.691573328117371e-10]
('easy', 1414);[8.878265478459658e-13, 3.775134544279098e-11, 1.2917800047859961e-12, 1.57371021068629e-11]
('easy', 1415);[2.7339837897904924e-12, 0, 1.29144249803315e-12, 0.0002611902975925828]
('easy', 1416);[3.5113685337359556e-12, 1.300711158451302e-05, 3.3314937072188316e-11, 2.5109608412298454e-08]
('easy', 1417);[7.433326215286491e-12, 4.539776497674872e-05, 1.7831622609848717e-11, 8.591756922510768e-10]
('easy', 1418);[6.144171336422507e-06, 0, 1.5737012058699967e-11, 4.944422209646875e-09]
('easy', 1419);[3.2661001946802167e-13, 1.3709460119617329e-06, 5.384888863207103e-13, 7.889249589094372e-06]
('easy', 1420);[2.2897304783270907e-11, 0, 1.9171678570473336e-10, 1.0677029917933763e-06]
('easy', 1421);[1.2917800047859961e-12, 5.4927883509546835e-11, 6.560200168153779e-12, 1.8553913626159784e-07]
('easy', 1422);[8.423463754468647e-12, 1.186112015134383e-08, 2.335593038799337e-09, 3.2241867372567335e-08]
('easy', 1423);[1.081585903851511e-11, 6.475896592537368e-07, 1.0261801340072208e-10, 7.889257112872668e-06]
('easy', 1424);[3.978583090493254e-12, 0, 9.610239492660866e-05, 3.5814063644696714e-10]
('easy', 1425);[2.129777046485613e-12, 2.902312105056987e-06, 3.775120143311142e-11, 1.91716420034333e-10]
('easy', 1426);[3.5102435501200856e-12, 0, 6.557998322114383e-12, 0.0003353500342255387]
('easy', 1427);[0.00020342704214340812, 0, 7.432163714741201e-12, 1.4927899871161002e-10]
('easy', 1428);[5.829127258796956e-05, 0, 1.0602949043857769e-13, 3.160694563848427e-10]
('easy', 1429);[8.592101066395158e-10, 1.0676958641307217e-06, 9.544962100281183e-12, 6.144165476886902e-06]
('easy', 1430);[8.877859073021082e-13, 0, 4.539785156619626e-05, 3.7749617362893076e-11]
('easy', 1431);[1.658649886057515e-12, 0, 2.129748611084076e-12, 1.670143001672819e-05]
('easy', 1432);[3.5108662643640077e-12, 1.7829650073939494e-11, 3.0983286036899863e-12, 0.0001584362410990077]
('easy', 1433);[3.302964931414159e-11, 0, 0, 0.008577484930474293]
('easy', 1434);[2.5927642430694906e-11, 0, 0.0007096696597177096, 6.8207490889443e-08]
('easy', 1435);[1.7831078440216035e-11, 2.9020934523132587e-06, 3.331284021259047e-11, 7.484597660661926e-05]
('easy', 1436);[6.560200168153779e-12, 3.1608814543136926e-10, 2.020683909022217e-11, 3.2241867372567335e-08]
('easy', 1437);[3.0988191387218256e-12, 0, 1.026187963170189e-10, 8.764248219443636e-08]
('easy', 1438);[6.224002165173245e-11, 8.315104801291966e-07, 2.9400104470154977e-11, 2.1444937927240387e-05]
('easy', 1439);[1.3887890886763582e-11, 3.224174437983862e-08, 2.0206762007395372e-11, 2.902312105056987e-06]
('easy', 1440);[7.582386878862841e-10, 6.144071725077197e-06, 5.602668201171321e-09, 3.927773644847914e-07]
('easy', 1441);[1.2917627577773503e-12, 0, 1.3007123989067183e-05, 4.59899397504831e-10]
('easy', 1442);[3.511388626005356e-12, 0, 1.0129987330277146e-05, 4.599011518851513e-10]
('easy', 1443);[7.050512643531834e-11, 0, 1.0057016152569477e-12, 0.0003353500342255387]
('easy', 1444);[1.291619862849521e-12, 0, 0.0001233946226544279, 6.348013055444268e-09]
('easy', 1445);[3.098635917756731e-12, 0, 0, 5.829127258796956e-05]
('easy', 1446);[3.535625324942473e-05, 0, 0, 9.735847483164055e-10]
('easy', 1447);[3.2241867372567335e-08, 0, 1.2917800047859961e-12, 4.5990553786523166e-10]
('easy', 1448);[2.733780425604871e-12, 0, 0.0003353500342255387, 4.057289892568053e-10]
('easy', 1449);[3.0988132281990144e-12, 0, 1.0677029917933763e-06, 1.4449788680693535e-07]
('easy', 1450);[3.535625324942473e-05, 0, 2.882246340028017e-13, 7.193872322373198e-09]
('easy', 1451);[2.129785170955785e-12, 8.764248219443636e-08, 2.413362771833214e-12, 9.545034922840628e-12]
('easy', 1452);[0.002472623024627213, 0, 4.183425758777122e-13, 3.323306710560517e-11]
('easy', 1453);[0.0009110514045295695, 0, 9.047824212406203e-11, 2.644161823860874e-09]
('easy', 1454);[0.00020342704214340812, 0, 1.4634798074615157e-12, 3.581017019174275e-10]
('easy', 1455);[0.0001233945049762016, 0, 5.492107410113433e-11, 8.314256345080342e-07]
('easy', 1456);[9.544597995817725e-12, 0, 4.539780827145184e-05, 1.0676541173478327e-06]
('easy', 1457);[2.2603250957489616e-06, 0, 1.1399896786845267e-12, 1.18610975280741e-08]
('easy', 1458);[1.8795252316257836e-12, 2.2603250957489616e-06, 5.789345286420304e-12, 2.3355885840133965e-09]
('easy', 1459);[6.224037779301199e-11, 0, 5.384847779922179e-13, 1.6701414089010932e-05]
('easy', 1460);[8.423463754468647e-12, 4.139937718785167e-08, 6.914400106940203e-13, 4.139937718785167e-08]
('easy', 1461);[0.0001584362410990077, 0, 2.4129807427662935e-12, 3.581180948876274e-10]
('easy', 1462);[1.2237660524614434e-11, 0, 0, 0.001501181950907551]
('easy', 1463);[4.508738042791337e-12, 2.902312105056987e-06, 4.508738042791337e-12, 2.061145759776467e-09]
('easy', 1464);[9.610239492660866e-05, 0, 3.511080557174657e-12, 3.0587285707099816e-07]
('easy', 1465);[3.0985886366856072e-12, 0, 7.484626212190614e-05, 5.602379680079167e-09]
('easy', 1466);[0.0009110509701065104, 0, 3.2631549265614774e-13, 1.9537860051158783e-08]
('easy', 1467);[7.484626212190614e-05, 1.9808614430271875e-13, 6.913885787377645e-13, 4.0583502283856226e-10]
('easy', 1468);[3.0977790602985295e-12, 0, 1.8788979770868487e-12, 0.0003353500342255387]
('easy', 1469);[3.97896253583724e-12, 0, 3.2241867372567335e-08, 3.2241867372567335e-08]
('easy', 1470);[2.9400777392844726e-11, 2.413362771833214e-12, 1.2256067444099483e-11, 2.510999155743982e-08]
('easy', 1471);[1.3887837908765238e-11, 3.726621186095193e-06, 1.0261801340072208e-10, 4.785076321313246e-06]
('easy', 1472);[3.7266389560521204e-06, 0, 1.1628188672116832e-10, 4.139921926206193e-08]
('easy', 1473);[3.0981867767083427e-12, 0, 0.0002034268481403553, 3.9270620041231495e-07]
('easy', 1474);[8.423463754468647e-12, 0, 8.315279260963632e-07, 8.592166619174109e-10]
('easy', 1475);[3.317986461888505e-11, 0, 1.0771924915137043e-11, 0.004070137939983506]
('easy', 1476);[1.2254127340413278e-11, 0, 0.0001584362410990077, 7.192994217727065e-09]
('easy', 1477);[3.978954946575725e-12, 1.3176489137912955e-10, 3.5114154158767316e-12, 2.902312105056987e-06]
('easy', 1478);[1.2083673423536812e-11, 0, 0.014063586284078819, 2.861493599195182e-06]
('easy', 1479);[2.734265395945667e-12, 0, 4.1931317914048297e-13, 0.0001584362410990077]
('easy', 1480);[3.3803493003260326e-12, 0, 0, 0.03732687913383872]
('easy', 1481);[9.544816456829061e-12, 2.144491747576362e-05, 2.020637659767205e-11, 1.7603060214876799e-06]
('easy', 1482);[6.14409516289551e-06, 0, 1.0261683903747647e-10, 1.3007049561919648e-05]
('easy', 1483);[2.5945352669651707e-11, 2.7535687796947383e-05, 7.433467996084554e-12, 1.4449402834859571e-07]
('easy', 1484);[5.4704244215941467e-11, 0, 0.00407012823603003, 2.2511243118455817e-06]
('easy', 1485);[1.670143001672819e-05, 0, 2.7346513477873692e-12, 1.879496552565541e-12]
('easy', 1486);[7.432872534904852e-12, 0, 9.61012034789791e-05, 1.3005883592206985e-05]
('easy', 1487);[1.0129987330277146e-05, 0, 3.098783675754061e-12, 5.043423717781038e-07]
('easy', 1488);[3.969123849029506e-12, 0, 1.2225762155223073e-11, 0.002472623024627213]
('easy', 1489);[6.559712195339276e-12, 0, 7.834458984647694e-13, 7.484626212190614e-05]
('easy', 1490);[7.4295700093313e-12, 0, 0, 0.0005527785265734312]
('easy', 1491);[7.432759119136008e-12, 0, 0.0001233946226544279, 1.7255688535434933e-08]
('easy', 1492);[1.5733890707575243e-11, 2.734140234073664e-12, 1.3437667227433426e-08, 0.00020342704214340812]
('easy', 1493);[1.2775877794677474e-12, 0, 0.010986941583869245, 1.5062654578408375e-08]
('easy', 1494);[1.4166060846789406e-09, 0, 2.594604549456307e-11, 2.2603250957489616e-06]
('easy', 1495);[1.8795144769269105e-12, 7.88926463665814e-06, 8.4233994887855e-12, 2.0611378971443702e-09]
('easy', 1496);[1.0815920927534024e-11, 0, 1.0677029917933763e-06, 3.775127343788253e-11]
('easy', 1497);[1.0060028214586958e-12, 0, 3.535625324942473e-05, 1.4165574502035922e-09]
('easy', 1498);[1.1399918530443554e-12, 0, 3.927863545481039e-07, 2.335593038799337e-09]
('easy', 1499);[9.545034922840628e-12, 0, 3.059023205018258e-07, 6.82560337633487e-08]
('easy', 1500);[6.560175143023867e-12, 2.902312105056987e-06, 4.193779660349228e-13, 1.0261840485812384e-10]
('easy', 1501);[1.2255155790861451e-11, 0, 0, 7.484619074298232e-05]
('easy', 1502);[2.734494874258873e-12, 0, 7.484626212190614e-05, 6.82509566181323e-08]
('easy', 1503);[3.5114087183897262e-12, 3.7266354020539563e-06, 1.5737042074697027e-11, 3.0988073176874773e-12]
('easy', 1504);[3.331544542166412e-11, 1.9555681087850496e-08, 4.277787868968998e-11, 6.47594599989589e-07]
('easy', 1505);[1.005833981395376e-12, 0, 0, 0.00020342704214340812]
('easy', 1506);[2.4133443594067185e-12, 0, 5.043433337357545e-07, 7.889257112872668e-06]
('easy', 1507);[2.1296754932234057e-12, 0, 6.143895944289702e-06, 4.539759179834911e-05]
('easy', 1508);[2.382369667501818e-07, 0, 1.3176514270095466e-10, 1.6918979226151304e-10]
('easy', 1509);[4.8473687062702556e-11, 0, 1.783247290814639e-11, 6.82560337633487e-08]
('easy', 1510);[0.0004305571096741222, 0, 1.9801550468520367e-13, 9.540921319206832e-12]
('easy', 1511);[2.4056969613864533e-12, 0, 0.0031726740307712084, 2.893104231243419e-06]
('easy', 1512);[2.5946094982764667e-11, 0, 5.905303998944039e-10, 2.3823673954981372e-07]
('easy', 1513);[7.433411283440817e-12, 0, 1.8794607043556182e-12, 3.535625324942473e-05]
('easy', 1514);[2.2884686722958366e-11, 0, 1.6577611460160642e-12, 0.0005527785265734312]
('easy', 1515);[2.592769188379541e-11, 0, 1.0808270004281024e-11, 0.00070967033651176]
('easy', 1516);[9.54457979095915e-12, 4.5397721682086886e-05, 1.4637087173913145e-12, 2.9021792507931894e-06]
('easy', 1517);[2.5934913048757435e-11, 0, 0, 0.0004305571096741222]
('easy', 1518);[3.059023205018258e-07, 0, 7.991959892953932e-11, 4.277787868968998e-11]
('easy', 1519);[3.5114221133765118e-12, 0, 2.382369667501818e-07, 6.82560337633487e-08]
('easy', 1520);[5.4925892979768285e-11, 0, 3.535625324942473e-05, 9.237114906333656e-09]
('easy', 1521);[1.3887864397739149e-11, 4.78509457496562e-06, 3.0988014071872133e-12, 1.955556918966588e-08]
('easy', 1522);[6.560012482006338e-12, 2.7535687796947383e-05, 2.2896693367432594e-11, 2.3823037802747707e-07]
('easy', 1523);[2.5881938685709854e-11, 1.4601590635212189e-12, 2.2840730723023358e-11, 0.002472623024627213]
('easy', 1524);[1.7603429545652396e-06, 0, 1.3615235111871697e-13, 1.162821085114775e-10]
('easy', 1525);[1.0815137026126897e-11, 0, 0, 7.484626212190614e-05]
('easy', 1526);[3.329181537484177e-11, 0, 3.329181537484177e-11, 0.00070967033651176]
('easy', 1527);[3.098304965408854e-12, 0, 0.00015843503233102738, 7.888015786529595e-06]
('easy', 1528);[1.291767685470609e-12, 0, 0, 1.0129987330277146e-05]
('easy', 1529);[8.423447688001894e-12, 1.162821085114775e-10, 6.56018765557689e-12, 2.902312105056987e-06]
('easy', 1531);[2.382369667501818e-07, 0, 1.57371021068629e-11, 6.82560337633487e-08]
('easy', 1532);[5.109089028063325e-12, 6.82560337633487e-08, 9.545034922840628e-12, 9.237449661970594e-09]
('easy', 1533);[4.507800769072547e-12, 0, 0.00020342529612259305, 7.887654710087017e-06]
('easy', 1534);[9.730463772188292e-10, 0, 7.98725105349973e-11, 0.00043048874832737384]
('easy', 1535);[0.0005527785265734312, 0, 4.749565203820484e-13, 2.938451940521504e-11]
('easy', 1536);[1.7832438895436006e-11, 5.211402547917536e-10, 2.0206800548772015e-11, 2.902312105056987e-06]
('easy', 1537);[3.50990880317051e-12, 0, 1.0056057086501598e-12, 0.0004305571096741222]
('easy', 1538);[2.937992394971607e-11, 0, 5.10546524301634e-12, 0.00070967033651176]
('easy', 1539);[6.560200168153779e-12, 0, 1.4449802461092448e-07, 3.2241867372567335e-08]
('easy', 1540);[7.835026840922404e-13, 0, 2.2603250957489616e-06, 3.775127343788253e-11]
('easy', 1541);[1.1626392311093985e-10, 0, 2.881894524790123e-13, 0.0001584362410990077]
('easy', 1542);[8.330918820253379e-12, 0, 1.4476966159609597e-12, 0.010986941583869245]
('easy', 1543);[2.1444958378736654e-05, 0, 1.6586435588223983e-12, 2.5109464734377693e-08]
('easy', 1544);[7.403428506115043e-12, 0, 1.6519281882169002e-12, 0.004070137939983506]
('easy', 1545);[2.020364040000736e-11, 0, 0.00015843609000250583, 2.3819902729188937e-07]
('easy', 1546);[3.331544542166412e-11, 1.7257827987960214e-08, 8.423463754468647e-12, 5.602796437537268e-09]
('easy', 1547);[0.0001584362410990077, 0, 1.8792312920026096e-12, 2.9396123326044154e-11]
('easy', 1548);[8.315279260963632e-07, 0, 1.006039279283317e-12, 2.9400777392844726e-11]
('easy', 1549);[0.0005527785265734312, 2.412028234941004e-12, 1.4922690274583158e-10, 6.821828966775053e-08]
('easy', 1550);[3.535625324942473e-05, 1.980937008335775e-13, 1.8794607043556182e-12, 1.1627811635063546e-10]
('easy', 1551);[4.847359460656998e-11, 0, 2.1724357914826287e-10, 1.0677029917933763e-06]
('easy', 1552);[1.0057764287599084e-12, 0, 0.0002611902975925828, 2.6458821616670734e-09]
('easy', 1553);[1.6918979226151304e-10, 0, 3.775134544279098e-11, 7.582560427911907e-10]
('easy', 1554);[0.0001584362410990077, 0, 1.5734610964418806e-11, 5.210587534809243e-10]
('easy', 1555);[1.3886831365193815e-11, 4.784738641303909e-06, 6.559674660472401e-12, 7.484590522796772e-05]
('easy', 1556);[1.8795252316257836e-12, 2.1724357914826287e-10, 1.0815920927534024e-11, 1.3709577789362383e-06]
('easy', 1557);[7.410096581074714e-12, 0, 0, 0.0031726831078774057]
('easy', 1558);[7.428408096220403e-12, 0, 0, 0.00070967033651176]
('easy', 1559);[0.0011695103074966034, 7.825871443931658e-13, 4.272781032358798e-11, 1.1847237581092388e-08]
('easy', 1560);[0.001169509749830765, 1.2241722617040307e-11, 1.6899176803218835e-10, 2.3795835480747085e-07]
('easy', 1561);[1.6586783589142312e-12, 5.3157852544244216e-08, 7.433680672352188e-12, 1.3176514270095466e-10]
('easy', 1562);[0.0002611902975925828, 0, 3.265277992077737e-13, 5.042158903301477e-07]
('easy', 1563);[1.8189616875530459e-09, 0, 3.701011678592672e-13, 6.82560337633487e-08]
('easy', 1564);[3.511388626005356e-12, 7.889257112872668e-06, 5.109040304225795e-12, 2.9400497006518893e-11]
('easy', 1565);[1.4636696326736608e-12, 0, 1.5735931520934063e-11, 7.484626212190614e-05]
('easy', 1566);[2.2894509872711877e-11, 0, 0.0001233945049762016, 8.763161715800284e-08]
('easy', 1567);[3.97896253583724e-12, 2.382369667501818e-07, 6.224144622907783e-11, 2.646573638909117e-09]
('easy', 1568);[5.4888924148723193e-11, 0, 1.2247374435679623e-11, 0.00070967033651176]
('easy', 1569);[2.5945105236666852e-11, 1.0129716834043888e-05, 1.6918333830623413e-10, 2.7535425197417192e-05]
('easy', 1570);[1.2917036269244394e-12, 0, 1.1399244498181055e-12, 5.829127258796956e-05]
('easy', 1571);[2.5945154723075046e-11, 0, 3.535625324942473e-05, 4.139787691717236e-08]
('easy', 1572);[4.277698118349246e-11, 0, 0, 2.1444958378736654e-05]
('easy', 1573);[2.020155959632897e-11, 0, 0.0002611902975925828, 3.6525276588324686e-08]
('easy', 1574);[8.315279260963632e-07, 0, 2.413362771833214e-12, 1.522997974471263e-08]
('easy', 1575);[1.3887943864964021e-11, 0, 6.82560337633487e-08, 5.602796437537268e-09]
('easy', 1576);[4.539785156619626e-05, 0, 3.7008422636007384e-13, 3.1607367639553285e-10]
('easy', 1577);[1.29144249803315e-12, 0, 3.9779229418505e-12, 0.0002611902975925828]
('easy', 1578);[1.2917800047859961e-12, 5.602796437537268e-09, 2.5946094982764667e-11, 2.020683909022217e-11]
('easy', 1579);[9.545034922840628e-12, 6.691586091292782e-10, 1.162823303022097e-10, 3.927863545481039e-07]
('easy', 1580);[6.560200168153779e-12, 0, 5.905303998944039e-10, 5.3157852544244216e-08]
('easy', 1581);[3.511261376907493e-12, 0, 1.8794427805070615e-12, 4.539785156619626e-05]
('easy', 1582);[3.0983286036899863e-12, 0, 0.0001584362410990077, 6.3477951174530395e-09]
('easy', 1583);[5.109089028063325e-12, 6.560200168153779e-12, 1.6586783589142312e-12, 5.789356328730652e-12]
('easy', 1584);[5.109001325490331e-12, 0, 1.670143001672819e-05, 2.3355529460317528e-09]
('easy', 1585);[7.433510530851305e-12, 0, 2.144491747576362e-05, 1.3709277079799143e-06]
('easy', 1586);[1.5673058270436294e-11, 0, 1.0019450937970917e-12, 0.004070137939983506]
('easy', 1587);[0.00070967033651176, 0, 1.139183277306478e-12, 1.781982465552829e-11]
('easy', 1588);[4.5086778450458094e-12, 1.6701414089010932e-05, 3.098765944422369e-12, 6.348691132602103e-09]
('easy', 1589);[0, 0, 1.57371021068629e-11, 8.315279260963632e-07]
('easy', 1590);[1.1399918530443554e-12, 0, 8.152020714470167e-09, 4.5990553786523166e-10]
('easy', 1592);[9.055921533142581e-11, 3.160827194653125e-10, 1.0815755890937208e-11, 1.670143001672819e-05]
('easy', 1593);[3.500281777480242e-12, 0, 0.0031726815950245692, 4.9287637409524786e-09]
('easy', 1594);[1.2256044067528294e-11, 3.059020287707785e-07, 8.423447688001894e-12, 8.315279260963632e-07]
('easy', 1595);[1.0815941557285693e-11, 7.194133030325383e-09, 3.775134544279098e-11, 2.335593038799337e-09]
('easy', 1596);[7.879559899455835e-11, 0, 1.758167462264726e-11, 0.014063626520379485]
('easy', 1597);[2.413362771833214e-12, 1.1253517471925912e-07, 8.423463754468647e-12, 1.8553913626159784e-07]
('easy', 1598);[1.4637533869180492e-12, 0, 1.7832166796088387e-11, 1.670143001672819e-05]
('easy', 1599);[1.522997974471263e-08, 0, 9.545034922840628e-12, 6.691586091292782e-10]
('easy', 1600);[3.97896253583724e-12, 6.47594599989589e-07, 4.508755242294825e-12, 1.522997974471263e-08]
('easy', 1601);[5.384940217754036e-13, 1.1253517471925912e-07, 2.020683909022217e-11, 1.783247290814639e-11]
('easy', 1602);[2.1444958378736654e-05, 0, 1.0261664331157549e-10, 1.2255810304268682e-11]
('easy', 1603);[1.4930747413656186e-10, 0, 1.3007123989067183e-05, 6.47586571312971e-07]
('easy', 1604);[6.224132751305368e-11, 1.0677029917933763e-06, 6.691573328117371e-10, 5.315775115378354e-08]
('easy', 1605);[1.0677029917933763e-06, 0, 1.9171678570473336e-10, 3.059020287707785e-07]
('easy', 1606);[1.691868879511704e-10, 8.315144450895933e-07, 3.978894233004715e-12, 1.6701414089010932e-05]
('easy', 1607);[3.775134544279098e-11, 4.139937718785167e-08, 2.9400777392844726e-11, 3.2241867372567335e-08]
('easy', 1608);[6.100342408591636e-13, 0, 3.265277992077737e-13, 0.0002611902975925828]
('easy', 1609);[6.219267301627229e-11, 0, 0.0007096172101421119, 7.479310368473212e-05]
('easy', 1610);[1.0129987330277146e-05, 0, 8.878180809125783e-13, 2.6465483993364097e-09]
('easy', 1611);[2.734682643567501e-12, 6.144177195963701e-06, 1.879518061819697e-12, 3.5817274354157635e-10]
('easy', 1612);[3.927863545481039e-07, 0, 3.2661313427874473e-13, 6.82560337633487e-08]
('easy', 1613);[2.7535687796947383e-05, 1.0603292849277835e-13, 0, 5.211273330019733e-10]
('easy', 1614);[1.3887308139896881e-11, 5.043245758925123e-07, 1.0815446454105586e-11, 4.539785156619626e-05]
('easy', 1615);[4.0578238956833075e-10, 0, 0.00020342704214340812, 6.82421050630888e-08]
('easy', 1616);[5.788804239012836e-12, 0, 2.4131326265984015e-12, 9.610239492660866e-05]
('easy', 1617);[6.559899872895323e-12, 0, 0, 4.539785156619626e-05]
('easy', 1618);[0.0001233946226544279, 1.2013936179729542e-13, 2.2444987700628436e-13, 3.223787034903586e-08]
('easy', 1619);[1.2256067444099483e-11, 1.1253517471925912e-07, 1.493094676197164e-10, 3.850741922767617e-09]
('easy', 1620);[6.913885787377645e-13, 0, 7.484619074298232e-05, 2.2895645263978995e-11]
('easy', 1621);[1.5706785029184398e-11, 0, 0, 0.0019267342527389902]
('easy', 1622);[7.582560427911907e-10, 2.382369667501818e-07, 8.423463754468647e-12, 1.9555681087850496e-08]
('easy', 1623);[5.108592066722017e-12, 0, 9.61022116260119e-05, 1.7601734045507457e-06]
('easy', 1624);[0.014063626520379485, 0, 4.1348135549846314e-13, 1.1095246496143065e-07]
('easy', 1625);[2.020683909022217e-11, 1.3176514270095466e-10, 7.433680672352188e-12, 2.382369667501818e-07]
('easy', 1626);[8.423463754468647e-12, 2.020683909022217e-11, 8.423463754468647e-12, 2.382369667501818e-07]
('easy', 1627);[3.5113752311463146e-12, 0, 1.3007123989067183e-05, 8.592051902139153e-10]
('easy', 1628);[0.0001233946226544279, 3.700552864262886e-13, 3.0984349781868876e-12, 8.591101448482651e-10]
('easy', 1629);[2.412732226206603e-12, 0, 1.29144249803315e-12, 0.0002611902975925828]
('easy', 1630);[2.2897130091365408e-11, 7.889257112872668e-06, 4.8473224783803147e-11, 2.461673475355752e-10]
('easy', 1631);[2.129785170955785e-12, 2.382369667501818e-07, 2.020683909022217e-11, 9.056076989672867e-11]
('easy', 1632);[1.670143001672819e-05, 0, 4.193723667723709e-13, 1.1628033420084892e-10]
('easy', 1633);[5.082419111435092e-12, 0, 0.005220125868449866, 2.204381518998455e-08]
('easy', 1634);[6.913542928923369e-13, 0, 6.913542928923369e-13, 0.0001233946226544279]
('easy', 1635);[6.560175143023867e-12, 1.3709538566001813e-06, 1.0261840485812384e-10, 5.602775064605783e-09]
('easy', 1636);[9.056076989672867e-11, 0, 2.9989608248573072e-09, 1.3176514270095466e-10]
('easy', 1637);[2.5840504547390882e-11, 0, 3.962769718121352e-12, 0.004070137939983506]
('easy', 1638);[4.814923938759738e-11, 0, 3.952330248872705e-12, 0.006692851264215723]
('easy', 1639);[6.560200168153779e-12, 3.927863545481039e-07, 3.775134544279098e-11, 1.917171513758312e-10]
('easy', 1640);[1.1399875043288452e-12, 0, 3.266118883508909e-13, 4.78509457496562e-06]
('easy', 1641);[9.056059716593275e-11, 0, 4.847359460656998e-11, 1.3709577789362383e-06]
('easy', 1642);[8.764248219443636e-08, 0, 3.97896253583724e-12, 4.944450501938644e-09]
('easy', 1643);[9.056076989672867e-11, 1.463778514125909e-12, 1.3176514270095466e-10, 1.4449802461092448e-07]
('easy', 1644);[4.5086778450458094e-12, 0, 1.6701414089010932e-05, 3.92779611981329e-07]
('easy', 1645);[2.461391775302807e-10, 0, 0.0001233945049762016, 5.042851386001529e-07]
('easy', 1646);[1.3887943864964021e-11, 0, 1.1253517471925912e-07, 3.2241867372567335e-08]
('easy', 1647);[6.552509437598391e-12, 0, 0.0011695069615055608, 2.898917926458368e-06]
('easy', 1648);[2.0204912107763705e-11, 0, 1.4636389239848085e-12, 9.610239492660866e-05]
('easy', 1649);[1.3853603473753973e-11, 0, 8.742577069599999e-08, 0.002472623024627213]
('easy', 1650);[6.560024994249109e-12, 2.7535687796947383e-05, 2.1297283003154174e-12, 3.850639098237695e-09]
('easy', 1651);[3.1608754254165217e-10, 1.7603429545652396e-06, 1.8795252316257836e-12, 3.224180587614433e-08]
('easy', 1652);[6.560200168153779e-12, 1.8553913626159784e-07, 8.423463754468647e-12, 1.186112015134383e-08]
('easy', 1653);[2.9400777392844726e-11, 5.3157852544244216e-08, 5.789356328730652e-12, 1.1253517471925912e-07]
('easy', 1654);[0.004070137939983506, 0, 2.723569141582328e-12, 1.1207720067340116e-07]
('easy', 1655);[3.978894233004715e-12, 1.6701414089010932e-05, 3.775069740355911e-11, 1.1860916543469677e-08]
('easy', 1656);[8.878248544528286e-13, 0, 0, 2.902312105056987e-06]
('easy', 1657);[5.789091319095204e-12, 0, 7.834683133523652e-13, 4.539785156619626e-05]
('easy', 1658);[1.1399918530443554e-12, 2.382369667501818e-07, 2.413362771833214e-12, 1.8553913626159784e-07]
('easy', 1659);[1.3176489137912955e-10, 1.5229950695859287e-08, 7.991944649514694e-11, 1.7603429545652396e-06]
('easy', 1660);[8.893171952962205e-11, 0, 0.017986177008084473, 1.7286803622164438e-06]
('easy', 1661);[3.0552369316400317e-12, 0, 1.443191737205837e-12, 0.014063626520379485]
('easy', 1662);[1.3815447515226976e-11, 0, 0.005220125868449866, 3.8306406942564385e-09]
('easy', 1663);[2.5922450380021487e-11, 0, 2.7322061687976705e-12, 0.0009110514045295695]
('easy', 1664);[5.3157852544244216e-08, 0, 6.914400106940203e-13, 1.0815941557285693e-11]
('easy', 1665);[2.4130635873077793e-12, 0, 0.0001233945049762016, 8.763161715800284e-08]
('easy', 1666);[3.850705199406019e-09, 0, 3.775098541962212e-11, 1.0129987330277146e-05]
('easy', 1667);[0.004070135999190959, 8.842134418357653e-13, 2.121117780213431e-12, 3.0465712743124796e-07]
('easy', 1668);[6.560200168153779e-12, 0, 4.363462252943702e-09, 1.8553913626159784e-07]
('easy', 1669);[1.006039279283317e-12, 1.4449802461092448e-07, 2.543665647376923e-13, 7.194133030325383e-09]
('easy', 1670);[6.144171336422507e-06, 1.2917701493242877e-12, 2.0206684924862616e-11, 8.315231680690172e-07]
('easy', 1671);[5.789323201862793e-12, 0, 6.144171336422507e-06, 2.3823537635215546e-07]
('easy', 1672);[5.786154941151041e-12, 0, 4.749565203820484e-13, 0.0005527785265734312]
('easy', 1673);[6.560024994249109e-12, 2.7535687796947383e-05, 1.2917455109989756e-12, 1.4165709596125897e-09]
('easy', 1674);[2.9400777392844726e-11, 8.315279260963632e-07, 6.560200168153779e-12, 8.764248219443636e-08]
('easy', 1675);[1.8795288165390832e-12, 8.764248219443636e-08, 7.835041785064389e-13, 1.103256032343554e-09]
('easy', 1676);[1.2917800047859961e-12, 0, 3.701011678592672e-13, 2.382369667501818e-07]
('easy', 1677);[2.9396123326044154e-11, 0, 0.0001584362410990077, 3.6529038769631376e-08]
('easy', 1678);[2.940055308357014e-11, 3.0590027839033735e-07, 1.3176413741653039e-10, 5.043442956952399e-07]
('easy', 1679);[2.7346982915918745e-12, 0, 3.059023205018258e-07, 1.1253517471925912e-07]
('easy', 1680);[8.878146941618325e-13, 0, 1.3007123989067183e-05, 2.061126103252462e-09]
('easy', 1681);[1.0129987330277146e-05, 1.542796489867851e-13, 6.560137605507993e-12, 4.599011518851513e-10]
('easy', 1682);[2.510999155743982e-08, 0, 4.1937956583795446e-13, 1.026187963170189e-10]
('easy', 1683);[1.6586783589142312e-12, 5.3157852544244216e-08, 1.162823303022097e-10, 7.05287985111216e-11]
('easy', 1684);[2.9400777392844726e-11, 3.059023205018258e-07, 1.6918979226151304e-10, 1.4449802461092448e-07]
('easy', 1685);[6.914360542538626e-13, 0, 6.144177195963701e-06, 1.1628166493128219e-10]
('easy', 1686);[0.0001584362410990077, 0, 1.4635468017839203e-12, 6.690526830571389e-10]
('easy', 1687);[1.225286526918549e-11, 0, 0.0002611902975925828, 1.1029677817438738e-09]
('easy', 1688);[2.937992394971607e-11, 0, 8.871968284281345e-13, 0.00070967033651176]
('easy', 1689);[2.4133535656024068e-12, 0, 1.291775077045743e-12, 4.78509457496562e-06]
('easy', 1690);[3.978332676388583e-12, 0, 0.0001584362410990077, 1.8550976589758522e-07]
('easy', 1691);[8.42307816772428e-12, 0, 4.539785156619626e-05, 8.151647553117674e-09]
('easy', 1692);[3.97896253583724e-12, 0, 2.382369667501818e-07, 1.6918979226151304e-10]
('easy', 1693);[5.6027216326337694e-09, 0, 1.3007123989067183e-05, 4.59899397504831e-10]
('easy', 1694);[1.1399918530443554e-12, 8.764248219443636e-08, 8.423463754468647e-12, 3.331544542166412e-11]
('easy', 1695);[4.539785156619626e-05, 0, 2.413252299381347e-12, 3.398112262700004e-09]
('easy', 1696);[1.1253517471925912e-07, 0, 5.789356328730652e-12, 5.905303998944039e-10]
('easy', 1697);[2.902312105056987e-06, 1.7482307937822623e-13, 1.1399896786845267e-12, 5.211402547917536e-10]
('easy', 1698);[7.83378657649624e-13, 0, 0.00015843593890614804, 2.259967292149211e-06]
('easy', 1699);[2.020649221981718e-11, 1.8553595129857372e-07, 8.592019126124771e-10, 1.6701414089010932e-05]
('easy', 1700);[0.0002034268481403553, 0, 5.1080464393609134e-12, 3.9270620041231495e-07]
('easy', 1701);[2.4616969518153846e-10, 0, 1.103256032343554e-09, 9.736200313009565e-10]
('easy', 1702);[1.006039279283317e-12, 8.764248219443636e-08, 1.0815941557285693e-11, 1.8553913626159784e-07]
('easy', 1703);[1.1399918530443554e-12, 8.764248219443636e-08, 5.789356328730652e-12, 1.463778514125909e-12]
('easy', 1704);[0, 0, 0.0004305571096741222, 1.782478768478707e-11]
('easy', 1705);[4.277714436503686e-11, 0, 1.670143001672819e-05, 1.9555345395217496e-08]
('easy', 1706);[1.6586783589142312e-12, 7.194133030325383e-09, 0, 8.152020714470167e-09]
('easy', 1707);[1.1399853299773111e-12, 1.3709525491573226e-06, 3.978939768096121e-12, 3.7266354020539563e-06]
('easy', 1708);[6.144177195963701e-06, 0, 3.511402020915495e-12, 9.23739680501087e-09]
('easy', 1709);[0.004070137939983506, 0, 6.886261209039561e-13, 5.294152092295744e-08]
('easy', 1710);[1.463778514125909e-12, 2.510999155743982e-08, 5.4927883509546835e-11, 3.331544542166412e-11]
('easy', 1711);[1.7713115278739324e-11, 0, 9.481147387619563e-12, 0.006692851264215723]
('easy', 1712);[3.0983286036899863e-12, 0, 2.4129807427662935e-12, 0.0001584362410990077]
('easy', 1713);[0.0005527785265734312, 0, 5.1062638134403455e-12, 1.388026413539288e-11]
('easy', 1714);[1.3176514270095466e-10, 9.545034922840628e-12, 7.433680672352188e-12, 1.4166087866431961e-09]
('easy', 1715);[6.224144622907783e-11, 5.602796437537268e-09, 7.991959892953932e-11, 5.211412487888539e-10]
('easy', 1716);[8.423094233486229e-12, 0, 2.7535241379236138e-05, 1.6700968119094697e-05]
('easy', 1717);[7.433680672352188e-12, 5.04347662567888e-07, 1.8795288165390832e-12, 7.194133030325383e-09]
('easy', 1718);[3.5114154158767316e-12, 0, 2.2603250957489616e-06, 4.0586443852184914e-10]
('easy', 1719);[6.249074150507384e-12, 0, 0.04742586326176889, 7.367606897677727e-08]
('easy', 1720);[1.7811601307931106e-11, 0, 0.001169509749830765, 6.817614508742992e-08]
('easy', 1721);[2.4133397563220442e-12, 0, 0, 1.0129987330277146e-05]
('easy', 1722);[5.770989019975728e-12, 0, 7.810184335737971e-13, 0.0031726831078774057]
('easy', 1723);[9.544980305868959e-12, 0, 2.8823343005480387e-13, 6.144177195963701e-06]
('easy', 1724);[9.056059716593275e-11, 4.599046606658694e-10, 7.582545965339434e-10, 1.0677029917933763e-06]
('easy', 1725);[6.913991285707362e-13, 0, 5.829127258796956e-05, 3.0588452541706773e-07]
('easy', 1726);[5.232285725790429e-11, 0, 0.047425874568977164, 1.1298591115198341e-08]
('easy', 1727);[4.5086778450458094e-12, 0, 1.6701414089010932e-05, 2.3355529460317528e-09]
('easy', 1728);[1.463778514125909e-12, 9.056076989672867e-11, 8.878265478459658e-13, 9.237449661970594e-09]
('easy', 1729);[0.0011695103074966034, 0, 1.6567369976811976e-12, 1.6899176803218835e-10]
('easy', 1730);[3.7747241382193764e-11, 0, 9.610111182977327e-05, 1.3005871188835756e-05]
('easy', 1731);[6.5393872806511365e-12, 0, 0.0031726815950245692, 3.641891178027316e-08]
('easy', 1733);[1.917171513758312e-10, 3.775134544279098e-11, 5.211412487888539e-10, 2.9989608248573072e-09]
('easy', 1734);[0.001501181950907551, 1.461580121095163e-12, 6.214796817874912e-11, 2.3787916775100578e-07]
('easy', 1735);[2.2862959803538806e-11, 0, 0, 0.001501181950907551]
('easy', 1736);[1.291767685470609e-12, 0, 1.0060296849908467e-12, 1.0129987330277146e-05]
('easy', 1737);[5.602796437537268e-09, 0, 7.433680672352188e-12, 1.186112015134383e-08]
('easy', 1738);[9.544124680779531e-12, 0, 9.610239492660866e-05, 4.943978984877443e-09]
('easy', 1739);[5.4925369168131613e-11, 0, 4.539785156619626e-05, 1.4449141016768576e-07]
('easy', 1740);[4.508196292014655e-12, 0, 0, 0.0001233946226544279]
('easy', 1741);[1.5737012058699967e-11, 0, 1.0676989188374615e-06, 3.7266354020539563e-06]
('easy', 1742);[3.302971231325813e-11, 0, 1.0723177598635718e-11, 0.008577484930474293]
('easy', 1743);[1.6583398799195534e-12, 0.00020342704214340812, 3.0981867767083427e-12, 5.314700486157463e-08]
('easy', 1744);[7.433680672352188e-12, 4.139937718785167e-08, 6.224144622907783e-11, 3.1608814543136926e-10]
('easy', 1745);[4.599046606658694e-10, 1.7257795071296986e-08, 1.4449788680693535e-07, 3.9278597995802437e-07]
('easy', 1746);[8.423463754468647e-12, 5.602796437537268e-09, 4.058652126475693e-10, 4.944450501938644e-09]
('easy', 1747);[1.139183277306478e-12, 0, 0.00070967033651176, 4.5957933513085234e-10]
('easy', 1748);[3.0988191387218256e-12, 3.059023205018258e-07, 4.1937956583795446e-13, 8.592166619174109e-10]
('easy', 1749);[8.878197742927961e-13, 0, 7.88926463665814e-06, 1.081585903851511e-11]
('easy', 1750);[3.224180587614433e-08, 0, 4.277779709743936e-11, 2.2603250957489616e-06]
('easy', 1751);[3.581741098647678e-10, 0, 1.463775722192624e-12, 1.7603429545652396e-06]
('easy', 1752);[2.129785170955785e-12, 1.8553913626159784e-07, 5.905303998944039e-10, 1.103256032343554e-09]
('easy', 1753);[1.1399875043288452e-12, 0, 3.266118883508909e-13, 4.78509457496562e-06]
('easy', 1754);[2.020629951660952e-11, 8.151803034938614e-09, 1.3176162423902446e-10, 2.7535687796947383e-05]
('easy', 1755);[1.2917800047859961e-12, 0, 0, 1.8553913626159784e-07]
('easy', 1756);[3.5114154158767316e-12, 1.7603429545652396e-06, 2.594604549456307e-11, 2.129781108716825e-12]
('easy', 1757);[2.129785170955785e-12, 1.1253517471925912e-07, 4.1937956583795446e-13, 1.8553913626159784e-07]
('easy', 1758);[1.4637478031526568e-12, 0, 0, 2.1444937927240387e-05]
('easy', 1759);[1.9555681087850496e-08, 0, 8.423463754468647e-12, 1.8553913626159784e-07]
('easy', 1760);[7.432759119136008e-12, 0, 0, 0.0001233946226544279]
('easy', 1761);[3.1608513099428305e-10, 6.144153757832456e-06, 1.783230284524321e-11, 2.9022927300980684e-06]
('easy', 1762);[1.0815920927534024e-11, 8.315271330899149e-07, 1.0261860058738471e-10, 1.067701973552941e-06]
('easy', 1763);[1.3887943864964021e-11, 0, 3.398267819495071e-09, 2.382369667501818e-07]
('easy', 1764);[1.2225762155223073e-11, 0, 0, 0.002472623024627213]
('easy', 1765);[3.320968551504334e-11, 0, 0.0031726740307712084, 2.2531518407995695e-06]
('easy', 1766);[1.670143001672819e-05, 0, 2.7894202088865386e-10, 1.1860916543469677e-08]
('easy', 1767);[1.0723157145817091e-11, 0, 0.008577484930474293, 7.369910941110888e-12]
('easy', 1768);[2.129785170955785e-12, 8.315279260963632e-07, 0, 2.510999155743982e-08]
('easy', 1769);[1.0060296849908467e-12, 0, 7.834967064639501e-13, 1.0129987330277146e-05]
('easy', 1770);[2.902312105056987e-06, 4.193779660349228e-13, 1.6586720315704994e-12, 3.9278523077893697e-07]
('easy', 1771);[4.78509457496562e-06, 0, 2.5945996006455864e-11, 9.23741442396384e-09]
('easy', 1772);[5.829127258796956e-05, 0, 0, 5.492463584023259e-11]
('easy', 1773);[3.5108662643640077e-12, 0, 0.0001584362410990077, 6.3477951174530395e-09]
('easy', 1774);[1.3709577789362383e-06, 0, 4.508746642534879e-12, 5.492777874302323e-11]
('easy', 1775);[5.384940217754036e-13, 0, 3.2241867372567335e-08, 7.05287985111216e-11]
('easy', 1776);[2.413362771833214e-12, 0, 8.878265478459658e-13, 1.4449802461092448e-07]
('easy', 1777);[2.2896824383737806e-11, 6.144071725077197e-06, 1.5736741917302704e-11, 1.6701318523026363e-05]
('easy', 1778);[0.0009110509701065104, 0, 7.046452581714368e-11, 2.78692605851021e-10]
('easy', 1779);[7.369910941110888e-12, 0, 0, 0.008577484930474293]
('easy', 1780);[2.5945847542700594e-11, 7.889242065323251e-06, 7.433609779586895e-12, 3.850705199406019e-09]
('easy', 1781);[3.927863545481039e-07, 0, 1.9810087980489796e-13, 1.026187963170189e-10]
('easy', 1782);[2.882075924159127e-13, 0, 9.610239492660866e-05, 9.236568752127146e-09]
('easy', 1783);[3.323306710560517e-11, 0, 0, 0.002472623024627213]
('easy', 1784);[4.277787868968998e-11, 1.8189616875530459e-09, 4.277787868968998e-11, 1.9555681087850496e-08]
('easy', 1785);[1.0129987330277146e-05, 0, 7.433609779586895e-12, 2.6465483993364097e-09]
('easy', 1786);[2.510999155743982e-08, 0, 4.8473687062702556e-11, 2.335593038799337e-09]
('easy', 1787);[7.835041785064389e-13, 7.582560427911907e-10, 5.109089028063325e-12, 9.237449661970594e-09]
('easy', 1788);[1.5733890707575243e-11, 0, 0.00020342704214340812, 1.2498977533425927e-09]
('easy', 1789);[1.3638146912603726e-11, 0, 1.2035622407366451e-11, 0.017986211314027313]
('easy', 1790);[4.944243028891725e-09, 4.690967176888184e-08, 2.5108937922368643e-08, 2.7535293898591224e-05]
('easy', 1791);[2.7346930755738013e-12, 0, 0, 2.902312105056987e-06]
('easy', 1792);[6.4422044428821346e-12, 0, 2.369954570359663e-12, 0.017986211314027313]
('easy', 1793);[2.5940750802347626e-11, 0.00020342646013480465, 2.788893539327601e-10, 3.9270545138539485e-07]
('easy', 1794);[2.412028234941004e-12, 0, 0.0005527785265734312, 6.821828966775053e-08]
('easy', 1795);[2.5944165012844606e-11, 0, 0, 7.484619074298232e-05]
('easy', 1796);[1.1627368077711289e-10, 0, 0, 7.484626212190614e-05]
('easy', 1797);[3.1508532435226283e-10, 0, 5.09287993497829e-12, 0.0031726831078774057]
('easy', 1798);[4.785090011545999e-06, 0, 1.6586688679076848e-12, 1.0676979006009105e-06]
('easy', 1799);[2.2884686722958366e-11, 2.6451101415019734e-09, 1.572839983317939e-11, 0.0005527785265734312]
('easy', 1800);[6.559562057160428e-12, 0, 9.610239492660866e-05, 6.475328435006693e-07]
('easy', 1801);[0, 0, 2.1444958378736654e-05, 3.1608151370772663e-10]
('easy', 1802);[6.47594599989589e-07, 0, 1.9810087980489796e-13, 1.6918979226151304e-10]
('easy', 1803);[1.8553913626159784e-07, 0, 1.3887943864964021e-11, 1.4449802461092448e-07]
('easy', 1804);[1.6585549800650487e-12, 0, 4.751839576449934e-13, 7.484626212190614e-05]
('easy', 1805);[3.098523626390797e-12, 0, 9.610239492660866e-05, 5.904740852121964e-10]
('easy', 1806);[3.0988132281990144e-12, 0, 6.47594599989589e-07, 8.315279260963632e-07]
('easy', 1807);[2.7335197244184105e-12, 0, 0.0004305571096741222, 1.9163452743815723e-10]
('easy', 1808);[2.7894680928689246e-10, 0, 3.059023205018258e-07, 8.764248219443636e-08]
('easy', 1809);[1.463778514125909e-12, 1.103256032343554e-09, 1.026187963170189e-10, 4.508755242294825e-12]
('easy', 1810);[1.081507514159349e-11, 3.5354634805637134e-05, 5.788892569829552e-12, 4.539624968815115e-05]
('easy', 1811);[1.0412208870092524e-11, 0, 1.5967639460555089e-12, 0.037326888033261264]
('easy', 1812);[1.3007123989067183e-05, 0, 4.5086950443196614e-12, 1.4165898730016317e-09]
('easy', 1813);[1.2917800047859961e-12, 3.1608814543136926e-10, 2.413362771833214e-12, 3.581747930283181e-10]
('easy', 1814);[1.3709577789362383e-06, 0, 2.0206800548772015e-11, 4.0586443852184914e-10]
('easy', 1815);[4.846638357152441e-11, 0, 0.00012339121003142897, 2.7532300455221287e-05]
('easy', 1816);[5.905303998944039e-10, 0, 4.1937956583795446e-13, 9.056076989672867e-11]
('easy', 1817);[2.7339837897904924e-12, 0, 0.0002611902975925828, 1.4927045714316557e-10]
('easy', 1818);[0.001501181950907551, 0, 4.5019837150409776e-12, 8.751085529856778e-08]
('easy', 1819);[5.09287993497829e-12, 0, 1.2876817042420142e-12, 0.0031726831078774057]
('easy', 1820);[7.433553065861442e-12, 5.211323028832021e-10, 1.691868879511704e-10, 1.670143001672819e-05]
('easy', 1821);[2.412028234941004e-12, 0, 0.0005527785265734312, 4.1376484236648255e-08]
('easy', 1822);[7.38392500989352e-12, 0, 2.920398993042095e-11, 0.006692851264215723]
('easy', 1823);[3.9786893315419735e-12, 5.829066109139208e-05, 7.433170259532005e-12, 1.012939804418463e-05]
('easy', 1824);[1.0759481343340664e-11, 0, 2.4007647952536452e-12, 0.005220125868449866]
('easy', 1825);[5.48453894196721e-11, 0, 0, 0.001501181950907551]
('easy', 1826);[5.1062638134403455e-12, 0, 3.9767622564765195e-12, 0.0005527785265734312]
('easy', 1827);[1.463775722192624e-12, 0, 0, 1.7603429545652396e-06]
('easy', 1828);[1.0166045210055067e-11, 0, 0.060086648833494447, 1.838064092705746e-08]
('easy', 1829);[6.56018765557689e-12, 1.7603412757721762e-06, 1.2256044067528294e-11, 1.0677009553134769e-06]
('easy', 1830);[3.9789473573286855e-12, 0, 3.7266389560521204e-06, 7.734392402719739e-08]
('easy', 1831);[2.7322061687976705e-12, 0, 0, 0.0009110514045295695]
('easy', 1832);[5.107754162961314e-12, 0, 6.912593563473571e-13, 0.0002611902975925828]
('easy', 1833);[6.557998322114383e-12, 0, 1.3883282556862041e-11, 0.0003353500342255387]
('easy', 1834);[1.1399853299773111e-12, 3.7266318480591813e-06, 7.834996952723946e-13, 1.6918882415252596e-10]
('easy', 1835);[8.423463754468647e-12, 4.5990553786523166e-10, 9.545034922840628e-12, 1.0467401794744658e-08]
('easy', 1836);[1.3887917375838539e-11, 1.3709577789362383e-06, 5.1090792832586454e-12, 7.19411930861867e-09]
('easy', 1837);[4.508746642534879e-12, 0, 8.315271330899149e-07, 1.370956471489639e-06]
('easy', 1838);[1.3887943864964021e-11, 1.522997974471263e-08, 4.277787868968998e-11, 3.927863545481039e-07]
('easy', 1839);[4.508729443064196e-12, 3.059008618493715e-07, 8.42341555516032e-12, 4.78509457496562e-06]
('easy', 1840);[9.610239492660866e-05, 0, 0, 2.6463212540133674e-09]
('easy', 1841);[1.658634068014979e-12, 0, 2.7535687796947383e-05, 3.224100643331903e-08]
('easy', 1842);[5.789356328730652e-12, 4.139937718785167e-08, 3.97896253583724e-12, 1.6052280551856116e-09]
('easy', 1843);[1.2916568169188436e-12, 0, 9.610239492660866e-05, 3.850374704911122e-09]
('easy', 1844);[2.7535687796947383e-05, 3.7009128522382395e-13, 2.734625268244179e-12, 5.3156433095392757e-08]
('easy', 1845);[5.492463584023259e-11, 0, 5.829127258796956e-05, 3.223996103799536e-08]
('easy', 1846);[7.834907288812653e-13, 0, 0, 1.670143001672819e-05]
('easy', 1847);[1.8793495792499912e-12, 0, 4.751739879933882e-13, 9.610239492660866e-05]
('easy', 1848);[2.5881889319876566e-11, 1.7559901960639523e-06, 4.587674652595405e-10, 0.0024726183084775653]
('easy', 1849);[3.97896253583724e-12, 3.97896253583724e-12, 8.423463754468647e-12, 8.592166619174109e-10]
('easy', 1850);[0.0001584318593589561, 0, 4.276996496592468e-11, 2.753132896899211e-05]
('easy', 1851);[4.0586289027483834e-10, 2.9989436647149156e-09, 2.0611418284566694e-09, 4.78509457496562e-06]
('easy', 1852);[6.560200168153779e-12, 0, 7.433680672352188e-12, 8.764248219443636e-08]
('easy', 1853);[3.97896253583724e-12, 8.315279260963632e-07, 5.789356328730652e-12, 1.522997974471263e-08]
('easy', 1854);[4.568272640311131e-10, 0, 2.274409022662126e-11, 0.006692851264215723]
('easy', 1855);[4.539785156619626e-05, 0, 3.1607367639553285e-10, 8.151647553117674e-09]
('easy', 1856);[6.144177195963701e-06, 0, 1.2255997314519675e-11, 5.211382668032403e-10]
('easy', 1857);[0.010986941583869245, 0, 7.352010054557319e-12, 4.5485275566213896e-10]
('easy', 1858);[3.7266389560521204e-06, 0, 1.291775077045743e-12, 3.398254856156838e-09]
('easy', 1859);[1.5654952980305377e-11, 0, 6.525955317342184e-12, 0.005220125868449866]
('easy', 1860);[1.6052066232219309e-09, 1.3007123989067183e-05, 1.0815797149850326e-11, 3.224143690006949e-08]
('easy', 1861);[1.2254127340413278e-11, 0, 8.422130342005376e-12, 0.0001584362410990077]
('easy', 1862);[7.88926463665814e-06, 0, 2.543646240822174e-13, 1.9171568869562462e-10]
('easy', 1863);[3.173541713068664e-11, 0, 1.790389720055383e-12, 0.047425874568977164]
('easy', 1864);[5.1090792832586454e-12, 0, 1.7603429545652396e-06, 1.6918946955790182e-10]
('easy', 1865);[2.0206762007395372e-11, 3.7266389560521204e-06, 4.847350215061376e-11, 4.363445607687925e-09]
('easy', 1866);[1.2917775409135197e-12, 0, 0, 2.2603250957489616e-06]
('easy', 1867);[1.0677029917933763e-06, 0, 4.508746642534879e-12, 4.847359460656998e-11]
('easy', 1868);[9.545034922840628e-12, 5.043471815847051e-07, 6.560200168153779e-12, 8.764248219443636e-08]
('easy', 1869);[1.6579635217889945e-12, 0, 0, 0.0004305571096741222]
('easy', 1870);[6.912989116566801e-13, 0, 1.005833981395376e-12, 0.00020342704214340812]
('easy', 1871);[1.3709577789362383e-06, 0, 2.129781108716825e-12, 7.19411930861867e-09]
('easy', 1872);[1.0815920927534024e-11, 0, 8.315279260963632e-07, 2.3823673954981372e-07]
('easy', 1873);[4.1937956583795446e-13, 6.82560337633487e-08, 2.129785170955785e-12, 1.103256032343554e-09]
('easy', 1874);[6.47594599989589e-07, 1.8795288165390832e-12, 9.056076989672867e-11, 1.9555681087850496e-08]
('easy', 1875);[3.0984349781868876e-12, 0, 0, 0.0001233946226544279]
('easy', 1876);[3.97896253583724e-12, 0, 4.277787868968998e-11, 1.103256032343554e-09]
('easy', 1877);[4.139937718785167e-08, 0, 2.413362771833214e-12, 1.2501528663867426e-09]
('easy', 1878);[2.1578991990848623e-10, 0, 3.557774309557983e-10, 0.006692851264215723]
('easy', 1879);[1.1850198133367515e-08, 0, 0.0009110418472701198, 1.0120765553473571e-05]
('easy', 1880);[0, 0, 0.00070967033651176, 2.2881107778617203e-11]
('easy', 1881);[9.544980305868959e-12, 0, 4.78509457496562e-06, 2.510984787732669e-08]
('easy', 1882);[3.7266389560521204e-06, 0, 7.43365231516494e-12, 4.139921926206193e-08]
('easy', 1883);[3.0988073176874773e-12, 0, 2.902312105056987e-06, 1.4449761119935134e-07]
('easy', 1884);[4.0586443852184914e-10, 0, 1.067701973552941e-06, 5.315775115378354e-08]
('easy', 1885);[0.0002611902975925828, 0, 0, 1.4927045714316557e-10]
('easy', 1886);[4.507284921732099e-12, 0, 0.00020340182329783109, 0.00012336944207158598]
('easy', 1887);[2.734625268244179e-12, 0, 4.193683673448897e-13, 2.7535687796947383e-05]
('easy', 1888);[8.423447688001894e-12, 2.2603250957489616e-06, 3.978954946575725e-12, 1.6052249934589952e-09]
('easy', 1889);[2.1444958378736654e-05, 0, 4.508660645837567e-12, 3.775055339635162e-11]
('easy', 1890);[3.978150566939381e-12, 0, 2.734140234073664e-12, 0.00020342704214340812]
('easy', 1891);[6.691586091292782e-10, 0, 0, 3.1608814543136926e-10]
('easy', 1892);[1.4637478031526568e-12, 0, 2.1444958378736654e-05, 1.4930633501528062e-10]
('easy', 1893);[6.912593563473571e-13, 0, 2.88159771408625e-13, 0.0002611902975925828]
('easy', 1894);[2.2603250957489616e-06, 0, 5.1090792832586454e-12, 6.825590357542018e-08]
('easy', 1895);[5.384919675876492e-13, 2.3823605795000956e-07, 1.91716420034333e-10, 3.7266389560521204e-06]
('easy', 1896);[1.3007123989067183e-05, 0, 1.2917627577773503e-12, 3.331500061544859e-11]
('easy', 1897);[2.129785170955785e-12, 2.510999155743982e-08, 3.331544542166412e-11, 1.493094676197164e-10]
('easy', 1898);[3.511080557174657e-12, 9.610239492660866e-05, 9.055196104618201e-11, 5.492254067161346e-11]
('easy', 1899);[4.508746642534879e-12, 2.2603250957489616e-06, 7.991944649514694e-11, 1.5229950695859287e-08]
('easy', 1900);[2.7346982915918745e-12, 8.315279260963632e-07, 6.914400106940203e-13, 1.103256032343554e-09]
('easy', 1901);[2.1256376025416817e-12, 0, 0.0019266929099506958, 2.1403624866898274e-05]
('easy', 1902);[1.8795288165390832e-12, 7.991959892953932e-11, 1.3176514270095466e-10, 4.5990553786523166e-10]
('easy', 1903);[1.3709577789362383e-06, 0, 2.543660795724355e-13, 5.1090792832586454e-12]
('easy', 1904);[2.289734845645553e-11, 3.9278597995802437e-07, 2.5946094982764667e-11, 2.3823673954981372e-07]
('easy', 1905);[0.0002611902975925828, 0, 1.8790377471113164e-12, 2.3817472195249341e-07]
('easy', 1906);[3.7266389560521204e-06, 0, 3.775120143311142e-11, 1.1032518237638113e-09]
('easy', 1907);[3.850741922767617e-09, 0, 5.211412487888539e-10, 1.8553913626159784e-07]
('easy', 1908);[9.055817896938262e-11, 0, 2.7535661536881667e-05, 8.315049292164037e-07]
('easy', 1909);[9.545034922840628e-12, 2.382369667501818e-07, 9.545034922840628e-12, 1.103256032343554e-09]
('easy', 1910);[2.4105381079064775e-12, 0, 0, 0.0011695103074966034]
('easy', 1911);[2.2895994626465945e-11, 0, 2.73453659965769e-12, 5.829127258796956e-05]
('easy', 1912);[3.095186294841317e-12, 0, 0.0011695075191700698, 1.7582842792173317e-06]
('easy', 1913);[2.020683909022217e-11, 0, 1.783247290814639e-11, 8.764248219443636e-08]
('easy', 1914);[5.829127258796956e-05, 0, 4.5084886573636344e-12, 1.5736171634025753e-11]
('easy', 1915);[6.070084004541966e-13, 0, 0.005220125868449866, 3.56305087525844e-10]
('easy', 1916);[0, 7.484604798533887e-05, 5.108689506312211e-12, 2.461504451455438e-10]
('easy', 1917);[7.403428506115043e-12, 0, 0.004070135999190959, 3.0465712743124796e-07]
('easy', 1918);[1.2237660524614434e-11, 0, 0.001501181950907551, 1.0451681203867338e-08]
('easy', 1919);[1.463772930264664e-12, 0, 3.7266389560521204e-06, 2.7894574519129143e-10]
('easy', 1920);[5.38489913407731e-13, 0, 7.88926463665814e-06, 9.056007897552173e-11]
('easy', 1921);[2.5934913048757435e-11, 0, 0, 0.0004305571096741222]
('easy', 1922);[5.789279033000508e-12, 1.522977640390277e-08, 4.5086950443196614e-12, 1.3007123989067183e-05]
('easy', 1923);[9.545034922840628e-12, 5.211412487888539e-10, 1.0815941557285693e-11, 4.139937718785167e-08]
('easy', 1924);[1.463775722192624e-12, 0, 1.3709577789362383e-06, 4.9444410711567335e-09]
('easy', 1925);[2.646573638909117e-09, 0, 1.8795288165390832e-12, 5.109089028063325e-12]
('easy', 1926);[7.433680672352188e-12, 1.4449802461092448e-07, 1.57371021068629e-11, 3.581747930283181e-10]
('easy', 1927);[3.3315381877555444e-11, 1.7603429545652396e-06, 1.3887917375838539e-11, 1.4930918283477907e-10]
('easy', 1928);[1.3887414092053833e-11, 3.535615209451749e-05, 2.734593973120652e-12, 2.902209696024825e-06]
('easy', 1929);[1.1399722839551978e-12, 0, 0, 1.670143001672819e-05]
('easy', 1930);[3.1608151370772663e-10, 0, 2.1444937927240387e-05, 4.058566973458557e-10]
('easy', 1931);[1.463778514125909e-12, 4.139937718785167e-08, 1.6586783589142312e-12, 8.764248219443636e-08]
('easy', 1932);[2.7535687796947383e-05, 1.0060124154949743e-12, 1.7831996736104505e-11, 2.335530672569369e-09]
('easy', 1933);[0.0019267342527389902, 0, 0, 2.3310935855263125e-09]
('easy', 1934);[3.850741922767617e-09, 2.413362771833214e-12, 6.691586091292782e-10, 1.1253517471925912e-07]
('easy', 1935);[7.88926463665814e-06, 0, 6.101890123700595e-13, 4.3634289624956445e-09]
('easy', 1936);[0.002472623024627213, 0, 2.1245189014003264e-12, 7.563811209597076e-10]
('easy', 1937);[5.789356328730652e-12, 8.764248219443636e-08, 5.4927883509546835e-11, 3.927863545481039e-07]
('easy', 1938);[3.5114154158767316e-12, 0, 1.9810050195781604e-13, 1.7603429545652396e-06]
('easy', 1939);[3.535625324942473e-05, 2.1297079897404565e-12, 6.223919066333849e-11, 5.211223631681408e-10]
('easy', 1940);[0.0009110509701065104, 0, 5.380032937011822e-13, 3.221248545030778e-08]
('easy', 1942);[3.978954946575725e-12, 1.8553895931777327e-07, 1.3887917375838539e-11, 1.8189582181622667e-09]
('easy', 1943);[1.005833981395376e-12, 0, 0.00020342704214340812, 7.581013089082211e-10]
('easy', 1944);[2.289721743715156e-11, 0, 2.902306569341241e-06, 8.315247540751075e-07]
('easy', 1945);[0.0004305569043685425, 0, 3.50990880317051e-12, 1.4443575060104174e-07]
('easy', 1946);[3.331017167306858e-11, 0, 0.0001584362410990077, 1.6049739517481698e-09]
('easy', 1947);[2.940060916072835e-11, 3.059008618493715e-07, 2.1724275043135617e-10, 4.78509457496562e-06]
('easy', 1948);[2.2603250957489616e-06, 0, 1.8795252316257836e-12, 4.277779709743936e-11]
('easy', 1949);[5.789356328730652e-12, 2.510999155743982e-08, 7.991959892953932e-11, 2.382369667501818e-07]
('easy', 1950);[3.0971055594327204e-12, 0, 8.87335599159837e-13, 0.0005527785265734312]
('easy', 1951);[4.8473132328552294e-11, 6.1441361792926976e-06, 6.22407339363294e-11, 6.1441361792926976e-06]
('easy', 1952);[0.0004305571096741222, 0, 3.097483647152379e-12, 1.1248667567159746e-07]
('easy', 1953);[0.00020342704214340812, 0, 1.2915163970798877e-12, 1.3173825398392565e-10]
('easy', 1954);[9.373352155608739e-12, 0, 1.437450109049217e-12, 0.017986211314027313]
('easy', 1955);[7.433581422670082e-12, 1.300711158451302e-05, 3.0987777652988906e-12, 5.211342908489647e-10]
('easy', 1956);[1.3831425377687906e-11, 0, 1.6519281882169002e-12, 0.004070137939983506]
('easy', 1957);[1.783247290814639e-11, 0, 1.522997974471263e-08, 7.194133030325383e-09]
('easy', 1958);[1.1399875043288452e-12, 0, 0, 3.7266389560521204e-06]
('easy', 1959);[3.7266389560521204e-06, 0, 1.2015379896647526e-13, 9.23741442396384e-09]
('easy', 1960);[3.2661313427874473e-13, 5.043471815847051e-07, 4.752193062771153e-13, 2.5946094982764667e-11]
('easy', 1961);[5.109069538472553e-12, 0, 1.1399875043288452e-12, 3.7266389560521204e-06]
('easy', 1962);[4.847350215061376e-11, 1.955560648898961e-08, 9.056042443546628e-11, 2.902312105056987e-06]
('easy', 1963);[5.829127258796956e-05, 0, 1.0059797961449272e-12, 4.36320425861446e-09]
('easy', 1964);[1.2256067444099483e-11, 1.9555681087850496e-08, 3.97896253583724e-12, 2.9989608248573072e-09]
('easy', 1965);[5.829127258796956e-05, 6.101575894133632e-13, 1.5736171634025753e-11, 9.236903487971303e-09]
('easy', 1966);[1.8790377471113164e-12, 0, 6.100342408591636e-13, 0.0002611902975925828]
('easy', 1967);[1.2255997314519675e-11, 6.144171336422507e-06, 6.56016263049471e-12, 3.0590027839033735e-07]
('easy', 1968);[7.433127726712295e-12, 0, 4.1934837077959627e-13, 7.484626212190614e-05]
('easy', 1969);[5.775041123894281e-12, 0, 0.0024726218455889577, 2.8382992167161705e-08]
('easy', 1970);[9.544998511491458e-12, 0, 2.902312105056987e-06, 3.6534682768190175e-08]
('easy', 1971);[3.0983286036899863e-12, 0, 0.0001584362410990077, 4.139282377382591e-08]
('easy', 1972);[1.5229950695859287e-08, 0, 8.423447688001894e-12, 2.902312105056987e-06]
('easy', 1973);[1.0129987330277146e-05, 0, 1.1399809812866844e-12, 1.955549459123185e-08]
('easy', 1974);[4.508196292014655e-12, 0, 0, 0.0001233946226544279]
('easy', 1975);[3.5113618363383706e-12, 0, 1.670143001672819e-05, 1.493069045748349e-10]
('easy', 1976);[1.87880480284649e-12, 6.911736609413886e-13, 0.00012336238301744907, 0.0002611581668973188]
('easy', 1977);[1.0060373604175028e-12, 0, 1.7603429545652396e-06, 4.139929822488149e-08]
('easy', 1978);[3.09599519363272e-12, 0, 0, 0.0009110514045295695]
('easy', 1979);[1.670143001672819e-05, 0, 0, 4.0585824556924235e-10]
('easy', 1980);[1.2255997314519675e-11, 6.144177195963701e-06, 1.783237087020986e-11, 1.41660068076589e-09]
('easy', 1981);[1.006039279283317e-12, 2.382369667501818e-07, 1.463778514125909e-12, 6.224144622907783e-11]
('easy', 1982);[6.559562057160428e-12, 9.610239492660866e-05, 1.0814889490117888e-11, 9.236551134787166e-09]
('easy', 1983);[5.899922512164411e-10, 0, 0.0009110509701065104, 1.3428161743679868e-08]
('easy', 1984);[1.317591111094531e-10, 0, 3.511261376907493e-12, 4.539780827145184e-05]
('easy', 1985);[9.54254106651008e-12, 0, 2.939309577455659e-11, 0.0002611902975925828]
('easy', 1986);[2.4111634811864684e-12, 0, 1.6571668100317775e-12, 0.0009110514045295695]
('easy', 1987);[1.0815797149850326e-11, 0, 1.3176338345824543e-10, 1.3007123989067183e-05]
('easy', 1988);[1.3885745439473209e-11, 0, 4.1931317914048297e-13, 0.0001584362410990077]
('easy', 1989);[1.3885083331319734e-11, 0, 0.00020342646013480465, 2.2598638414244315e-06]
('easy', 1990);[2.413330550179034e-12, 4.1937396655404305e-13, 4.752129614572129e-13, 1.3007123989067183e-05]
('easy', 1991);[7.834832569670414e-13, 0, 0, 2.7535687796947383e-05]
('easy', 1992);[4.508755242294825e-12, 7.433680672352188e-12, 3.5114221133765118e-12, 7.194133030325383e-09]
('easy', 1993);[7.433680672352188e-12, 1.6052280551856116e-09, 1.917171513758312e-10, 1.4166087866431961e-09]
('easy', 1994);[7.582560427911907e-10, 0, 2.5946094982764667e-11, 1.0467401794744658e-08]
('easy', 1995);[0.006692851264215723, 0, 8.818840813904501e-13, 6.306305856535561e-09]
('easy', 1996);[3.0983286036899863e-12, 0, 0.0001584362410990077, 2.060827347166415e-09]
('easy', 1997);[1.5737042074697027e-11, 2.3823605795000956e-07, 2.4133535656024068e-12, 3.7266389560521204e-06]
('easy', 1998);[8.878265478459658e-13, 5.04347662567888e-07, 1.6918979226151304e-10, 2.9989608248573072e-09]
('easy', 1999);[7.484626212190614e-05, 0, 1.4636696326736608e-12, 2.2895645263978995e-11]
('easy', 2000);[2.2897261110169583e-11, 3.7266389560521204e-06, 3.5114087183897262e-12, 2.5109895770606383e-08]
('easy', 2001);[2.129756735445775e-12, 1.3007123989067183e-05, 3.5113752311463146e-12, 3.058982362924814e-07]
('easy', 2002);[1.291223289073093e-12, 0, 0, 0.0004305571096741222]
('easy', 2003);[5.470434855610639e-11, 0, 0, 0.004070137939983506]
('easy', 2004);[8.315279260963632e-07, 0, 7.433680672352188e-12, 7.194133030325383e-09]
('easy', 2005);[3.059023205018258e-07, 0, 1.6918979226151304e-10, 4.139937718785167e-08]
('easy', 2006);[2.9989551047989332e-09, 9.237432042950414e-09, 1.3176489137912955e-10, 3.9278523077893697e-07]
('easy', 2007);[1.8553913626159784e-07, 0, 5.109089028063325e-12, 6.82560337633487e-08]
('easy', 2008);[7.433623958085867e-12, 0, 1.0676958641307217e-06, 6.144165476886902e-06]
('easy', 2009);[3.097483647152379e-12, 0, 0.0004305571096741222, 5.209166536404791e-10]
('easy', 2010);[2.061153622438558e-09, 0, 2.2447770550209742e-13, 9.237449661970594e-09]
('easy', 2011);[1.463775722192624e-12, 1.7603429545652396e-06, 1.0815920927534024e-11, 1.8553878237411744e-07]
('easy', 2012);[2.9400665237993516e-11, 1.3440358680137724e-08, 1.3176464005778382e-10, 3.7266389560521204e-06]
('easy', 2013);[0.0005527785265734312, 0, 4.749565203820484e-13, 2.997302465034335e-09]
('easy', 2014);[0.0002034268481403553, 6.10069148297122e-13, 1.005833981395376e-12, 2.3818835080932303e-07]
('easy', 2015);[0.0003353500342255387, 0, 6.099888641758575e-13, 3.773867469368052e-11]
('easy', 2016);[3.7266389560521204e-06, 0, 1.225602069100169e-11, 1.1399875043288452e-12]
('easy', 2017);[7.433666493745043e-12, 1.0677029917933763e-06, 6.224132751305368e-11, 8.76423150298272e-08]
('easy', 2018);[6.5591617054832255e-12, 0, 0, 0.0001584362410990077]
('easy', 2019);[1.026187963170189e-10, 2.3823673954981372e-07, 1.783247290814639e-11, 1.4449788680693535e-07]
('easy', 2020);[4.058652126475693e-10, 4.8473687062702556e-11, 7.991959892953932e-11, 5.3157852544244216e-08]
('easy', 2021);[0.0019267342527389902, 0, 0, 4.050833249089448e-10]
('easy', 2022);[1.7603429545652396e-06, 0, 1.5737072090751337e-11, 2.594604549456307e-11]
('easy', 2023);[5.7893121596156294e-12, 0, 7.88926463665814e-06, 1.9555531890413292e-08]
('easy', 2024);[3.978583090493254e-12, 0, 0, 9.610239492660866e-05]
('easy', 2025);[0.0009110514045295695, 0, 1.6571668100317775e-12, 8.584336602111869e-10]
('easy', 2026);[1.463778514125909e-12, 6.691586091292782e-10, 3.97896253583724e-12, 9.237449661970594e-09]
('easy', 2027);[6.144177195963701e-06, 0, 2.8823343005480387e-13, 2.1724275043135617e-10]
('easy', 2028);[7.991944649514694e-11, 1.955564378838448e-08, 9.545016717148681e-12, 1.0677029917933763e-06]
('easy', 2029);[6.555547136048837e-12, 0, 0.00070967033651176, 4.1370013353480454e-08]
('easy', 2030);[9.055662444855559e-11, 0, 4.539785156619626e-05, 2.215847541564241e-08]
('easy', 2031);[2.1444937927240387e-05, 2.882290319952485e-13, 2.1297404867533686e-12, 3.0589561075812653e-07]
('easy', 2032);[2.902312105056987e-06, 0, 3.70099756038047e-13, 8.764214786553686e-08]
('easy', 2033);[1.5737072090751337e-11, 1.7603429545652396e-06, 7.052866398824247e-11, 5.043467006019808e-07]
('easy', 2034);[1.7775897614250195e-11, 0, 0, 0.0031726831078774057]
('easy', 2035);[1.0059797961449272e-12, 0, 5.829127258796956e-05, 2.172311487265932e-10]
('easy', 2036);[2.1296876793591916e-12, 0, 4.539785156619626e-05, 4.598844855423119e-10]
('easy', 2037);[3.5114221133765118e-12, 1.8553895931777327e-07, 8.423463754468647e-12, 6.47594599989589e-07]
('easy', 2038);[4.8416952171106495e-11, 0.0011695091921651922, 7.424980094932523e-12, 1.1847237581092388e-08]
('easy', 2039);[3.972986684009953e-12, 0, 1.461580121095163e-12, 0.001501181950907551]
('easy', 2040);[7.991944649514694e-11, 1.5229950695859287e-08, 1.8795252316257836e-12, 1.7603429545652396e-06]
('easy', 2041);[2.129781108716825e-12, 1.067701973552941e-06, 5.384929946805469e-13, 7.052866398824247e-11]
('easy', 2042);[8.423463754468647e-12, 1.9555681087850496e-08, 2.9400777392844726e-11, 1.8189616875530459e-09]
('easy', 2043);[0.0004305571096741222, 0, 2.7335197244184105e-12, 9.732004323229463e-10]
('easy', 2044);[0.0004305571096741222, 6.911420222462529e-13, 5.382619481389361e-13, 1.225078547247951e-11]
('easy', 2045);[4.275870878906192e-11, 1.4924255809206402e-10, 4.5969944201080365e-10, 0.00043054992403708227]
('easy', 2046);[2.734140234073664e-12, 0, 8.876453730957509e-13, 0.00020342704214340812]
('easy', 2047);[1.8790377471113164e-12, 0, 0.0002611902975925828, 9.053710884665059e-11]
('easy', 2048);[2.594604549456307e-11, 1.4166060846789406e-09, 1.4166060846789406e-09, 2.2603250957489616e-06]
('easy', 2049);[2.289734845645553e-11, 1.6586783589142312e-12, 1.6586783589142312e-12, 1.2501528663867426e-09]
('easy', 2050);[3.535625324942473e-05, 0, 6.914149536220301e-13, 9.055748806794281e-11]
('easy', 2052);[1.670143001672819e-05, 0, 0, 1.0815755890937208e-11]
('easy', 2053);[2.7346774275792743e-12, 7.889257112872668e-06, 5.211372728118277e-10, 7.991898919371427e-11]
('easy', 2054);[2.7346982915918745e-12, 3.2241867372567335e-08, 5.384940217754036e-13, 4.363462252943702e-09]
('easy', 2055);[1.879518061819697e-12, 0, 6.144177195963701e-06, 1.41660068076589e-09]
('easy', 2056);[7.831665133578195e-13, 0, 0.0004305571096741222, 4.275944279724469e-11]
('easy', 2057);[7.88926463665814e-06, 0, 6.101890123700595e-13, 1.4930832848322613e-10]
('easy', 2058);[0.0007096699981146541, 3.6983866175091925e-13, 1.4627402823271574e-12, 5.039894571909674e-07]
('easy', 2059);[2.129785170955785e-12, 2.7894680928689246e-10, 1.2917800047859961e-12, 3.1608814543136926e-10]
('easy', 2060);[9.056059716593275e-11, 2.260322940135999e-06, 5.492777874302323e-11, 3.398261337819773e-09]
('easy', 2061);[7.38392500989352e-12, 0, 1.0743547495579688e-11, 0.006692851264215723]
('easy', 2062);[7.433680672352188e-12, 8.315279260963632e-07, 6.101936677605324e-13, 2.4616969518153846e-10]
('easy', 2063);[0.00020342704214340812, 0, 1.2915163970798877e-12, 2.0607330121362346e-09]
('easy', 2064);[0.006692838498627189, 0, 3.0780720218168014e-12, 1.7485621641836124e-06]
('easy', 2065);[9.056042443546628e-11, 0, 4.78509457496562e-06, 4.847350215061376e-11]
('easy', 2066);[2.413362771833214e-12, 1.186112015134383e-08, 3.775134544279098e-11, 6.47594599989589e-07]
('easy', 2067);[3.535625324942473e-05, 1.5427552933070278e-13, 3.511294863065101e-12, 1.31760367668247e-10]
('easy', 2068);[5.7874132064209165e-12, 0, 0.00033534971441097653, 1.0673446311422572e-06]
('easy', 2069);[3.770716026478849e-11, 0, 1.6567369976811976e-12, 0.0011695103074966034]
('easy', 2070);[1.6586783589142312e-12, 0, 5.04347662567888e-07, 2.020683909022217e-11]
('easy', 2071);[0.0002611902975925828, 0, 1.8790377471113164e-12, 1.0259198483472499e-10]
('easy', 2072);[2.9400777392844726e-11, 1.6052280551856116e-09, 1.103256032343554e-09, 7.194133030325383e-09]
('easy', 2073);[1.1253517471925912e-07, 0, 4.1937956583795446e-13, 3.331544542166412e-11]
('easy', 2074);[6.144171336422507e-06, 0, 1.3887864397739149e-11, 2.3823537635215546e-07]
('easy', 2075);[3.978909411310616e-12, 1.300711158451302e-05, 1.1399766326126466e-12, 1.1032413023846926e-09]
('easy', 2076);[1.781982465552829e-11, 0, 0, 0.00070967033651176]
('easy', 2077);[1.670143001672819e-05, 0, 4.752111486670858e-13, 7.582430265752712e-10]
('easy', 2078);[2.0206800548772015e-11, 1.0677029917933763e-06, 2.461692256505547e-10, 1.8189582181622667e-09]
('easy', 2079);[1.879518061819697e-12, 0, 6.144171336422507e-06, 1.3176438873691744e-10]
('easy', 2080);[7.433581422670082e-12, 1.3007123989067183e-05, 3.0987777652988906e-12, 1.6918753334916026e-10]
('easy', 2081);[2.7346982915918745e-12, 0, 8.315279260963632e-07, 5.211412487888539e-10]
('easy', 2082);[0.0001584362410990077, 0, 1.2254127340413278e-11, 8.15073027073605e-09]
('easy', 2083);[2.789462772385846e-10, 1.5229950695859287e-08, 1.3176489137912955e-10, 1.7603429545652396e-06]
('easy', 2084);[1.0054810437343717e-12, 0, 0.0005527777358179716, 1.7593695233665704e-06]
('easy', 2085);[5.1062638134403455e-12, 0, 4.50626199914091e-12, 0.0005527785265734312]
('easy', 2086);[2.412322689953144e-12, 0, 0.0004305571096741222, 5.313494321628905e-08]
('easy', 2087);[8.878248544528286e-13, 0, 1.7603429545652396e-06, 5.905292735481273e-10]
('easy', 2088);[2.902312105056987e-06, 4.1937876593567576e-13, 8.423447688001894e-12, 1.2501504819116561e-09]
('easy', 2089);[3.7266389560521204e-06, 0, 1.3887890886763582e-11, 1.493088980503849e-10]
('easy', 2090);[3.9767546714117e-12, 0, 0.0005527769450636432, 1.7593678455018429e-06]
('easy', 2091);[4.508755242294825e-12, 0, 1.3440409951135022e-08, 6.34880011604368e-09]
('easy', 2092);[2.413252299381347e-12, 0, 4.751975529615542e-13, 4.539785156619626e-05]
('easy', 2093);[3.978666565364138e-12, 0, 0, 7.484626212190614e-05]
('easy', 2094);[1.0060028214586958e-12, 0, 0, 3.535625324942473e-05]
('easy', 2095);[3.216233995239777e-11, 0, 1.3407257990143315e-11, 0.14804720844715558]
('easy', 2096);[1.0236505323990864e-10, 0, 9.521433140132475e-12, 0.0024726218455889577]
('easy', 2097);[6.081133838253166e-11, 0, 0, 0.022977367413042835]
('easy', 2098);[1.1399918530443554e-12, 2.382369667501818e-07, 1.006039279283317e-12, 2.061153622438558e-09]
('easy', 2099);[1.91716420034333e-10, 0, 2.902309337197794e-06, 2.7894574519129143e-10]
('easy', 2100);[1.3614897519056122e-13, 0, 0, 2.7535687796947383e-05]
('easy', 2101);[3.2241867372567335e-08, 0, 7.05287985111216e-11, 1.103256032343554e-09]
('easy', 2102);[9.237449661970594e-09, 0, 4.508755242294825e-12, 1.186112015134383e-08]
('easy', 2103);[0.0007096696597177096, 0, 0, 1.0669456892458908e-06]
('easy', 2104);[2.7346930755738013e-12, 0, 2.2603250957489616e-06, 9.73618174269892e-10]
('easy', 2105);[7.433680672352188e-12, 5.3157852544244216e-08, 7.05287985111216e-11, 1.9555681087850496e-08]
('easy', 2106);[3.7750625399886694e-11, 1.6701398161308863e-05, 3.7750625399886694e-11, 1.3709342450882239e-06]
('easy', 2107);[0.00020342704214340812, 0, 2.0202715571913683e-11, 1.9551690448412005e-08]
('easy', 2108);[2.129781108716825e-12, 0, 1.463775722192624e-12, 1.3709577789362383e-06]
('easy', 2109);[4.5019837150409776e-12, 0, 7.823274635123558e-13, 0.001501181950907551]
('easy', 2110);[2.1724357914826287e-10, 1.0677029917933763e-06, 1.162821085114775e-10, 5.602785751061334e-09]
('easy', 2111);[5.60038181213556e-09, 0.0004305571096741222, 5.490421135506776e-11, 4.597073333424553e-10]
('easy', 2112);[6.5393872806511365e-12, 0, 0.0031726815950245692, 3.1508532435226283e-10]
('easy', 2113);[2.734682643567501e-12, 0, 6.144171336422507e-06, 3.0590027839033735e-07]
('easy', 2114);[6.914400106940203e-13, 1.8553913626159784e-07, 6.560200168153779e-12, 2.9400777392844726e-11]
('easy', 2115);[3.581747930283181e-10, 0, 4.944450501938644e-09, 3.927863545481039e-07]
('easy', 2116);[3.511281468563736e-12, 3.5356084658073444e-05, 3.7749833368554276e-11, 3.058900680373811e-07]
('easy', 2117);[0.0005527785265734312, 0, 8.87335599159837e-13, 1.1854561211009766e-08]
('easy', 2118);[3.0941651406392154e-12, 0, 2.4097382344820646e-12, 0.001501181950907551]
('easy', 2119);[1.2251953854137493e-11, 0, 6.912079378288633e-13, 0.0003353500342255387]
('easy', 2120);[0.0009110514045295695, 0, 1.1389529817030765e-12, 3.1580009520124725e-10]
('easy', 2121);[6.914281414414636e-13, 0, 1.670143001672819e-05, 8.592019126124771e-10]
('easy', 2122);[1.0677029917933763e-06, 0, 6.101925039095844e-13, 1.0261860058738471e-10]
('easy', 2123);[1.6586783589142312e-12, 0, 6.101936677605324e-13, 3.927863545481039e-07]
('easy', 2124);[2.260318628916241e-06, 7.834996952723946e-13, 4.508729443064196e-12, 2.902306569341241e-06]
('easy', 2125);[7.834683133523652e-13, 0, 4.539785156619626e-05, 1.2255506418696837e-11]
('easy', 2126);[2.413362771833214e-12, 2.3823673954981372e-07, 1.1399918530443554e-12, 5.043471815847051e-07]
('easy', 2127);[1.388691082650761e-11, 0, 2.0205336028137123e-11, 7.484626212190614e-05]
('easy', 2128);[7.424980094932523e-12, 0, 0.001169509749830765, 2.3328593986349857e-09]
('easy', 2129);[2.4132200792021233e-12, 0, 5.829127258796956e-05, 4.058412154368156e-10]
('easy', 2130);[2.129626749377553e-12, 7.484619074298232e-05, 5.108708994453272e-12, 8.76359630109343e-08]
('easy', 2131);[4.277787868968998e-11, 2.382369667501818e-07, 1.2256067444099483e-11, 1.8553913626159784e-07]
('easy', 2132);[2.369954570359663e-12, 0, 0.01798620273753547, 3.8572146177140195e-07]
('easy', 2133);[2.7894680928689246e-10, 6.82560337633487e-08, 2.335593038799337e-09, 6.82560337633487e-08]
('easy', 2134);[6.559562057160428e-12, 0, 9.610230327626659e-05, 1.0676001544131578e-06]
('easy', 2135);[2.733780425604871e-12, 0, 6.099888641758575e-13, 0.0003353500342255387]
('easy', 2136);[4.8319899469364795e-11, 0, 2.930750050240195e-11, 0.0031726831078774057]
('easy', 2137);[5.108445910821393e-12, 2.9019550730130404e-06, 1.6584695693148374e-12, 0.00012339426962008568]
('easy', 2138);[5.829127258796956e-05, 6.913991285707362e-13, 1.2255342791125287e-11, 6.348424736509613e-09]
('easy', 2139);[0.0009110514045295695, 0, 4.1899738642947575e-13, 4.8429513129212524e-11]
('easy', 2140);[2.0206800548772015e-11, 2.902312105056987e-06, 1.2256044067528294e-11, 4.9444410711567335e-09]
('easy', 2141);[3.0988191387218256e-12, 5.04347662567888e-07, 1.57371021068629e-11, 1.3176514270095466e-10]
('easy', 2142);[2.932807878408257e-11, 0, 1.0035516696875998e-12, 0.002472623024627213]
('easy', 2143);[3.5112144968233454e-12, 5.829127258796956e-05, 6.55981228936763e-12, 3.223996103799536e-08]
('easy', 2144);[3.978681742801554e-12, 0, 5.829049432071154e-05, 1.3006367332911505e-05]
('easy', 2145);[4.78509457496562e-06, 0, 2.734687859565677e-12, 2.335584129235952e-09]
('easy', 2146);[5.492107410113433e-11, 0, 1.879295811396392e-12, 0.0001233945049762016]
('easy', 2147);[5.829121699710653e-05, 0, 4.5084886573636344e-12, 1.0676408809038473e-06]
('easy', 2148);[1.6584157944323504e-12, 0, 1.0601897472948297e-13, 0.0001584362410990077]
('easy', 2149);[1.658618250123295e-12, 0, 2.1297079897404565e-12, 3.535625324942473e-05]
('easy', 2150);[7.433241148105686e-12, 0, 5.829127258796956e-05, 1.9170581589611208e-10]
('easy', 2151);[1.3794988049716252e-11, 0, 0.006692848072816306, 1.8429727196265911e-07]
('easy', 2152);[2.7314975280328593e-12, 0, 1.290268071137485e-12, 0.0011695103074966034]
('easy', 2153);[2.2739448942942964e-11, 0, 0.006691485484313148, 0.00020206544918697434]
('easy', 2154);[3.511402020915495e-12, 0, 2.1297729842621496e-12, 3.7266318480591813e-06]
('easy', 2155);[1.2256044067528294e-11, 4.9444410711567335e-09, 2.789462772385846e-10, 1.7603429545652396e-06]
('easy', 2156);[1.0815900297821705e-11, 0, 4.78509457496562e-06, 9.736163172423694e-10]
('easy', 2157);[1.5713467154401176e-11, 0, 0.0015011812350883861, 1.6349180164298545e-07]
('easy', 2158);[2.734265395945667e-12, 0, 0.0001584362410990077, 2.6461546931668486e-09]
('easy', 2159);[7.834683133523652e-13, 0, 2.8822188529160057e-13, 4.539785156619626e-05]
('easy', 2160);[5.4909447678374334e-11, 0, 2.4125527579426955e-12, 0.0003353500342255387]
('easy', 2161);[8.878180809125783e-13, 0, 0, 1.0129987330277146e-05]
('easy', 2162);[9.610239492660866e-05, 3.7006587394441303e-13, 1.1398831401331572e-12, 5.904740852121964e-10]
('easy', 2163);[2.413183256666908e-12, 0, 1.4636696326736608e-12, 7.484626212190614e-05]
('easy', 2164);[1.29144249803315e-12, 0, 0, 0.0002611902975925828]
('easy', 2165);[3.7009481470618823e-13, 0, 1.670143001672819e-05, 1.3176288082178553e-10]
('easy', 2166);[2.0124605176468217e-11, 0, 6.886261209039561e-13, 0.004070137939983506]
('easy', 2167);[4.363462252943702e-09, 1.9810087980489796e-13, 6.101936677605324e-13, 4.277787868968998e-11]
('easy', 2168);[0.0001584362410990077, 0, 1.2915755193619005e-12, 5.6019095293939255e-09]
('easy', 2169);[7.432503939983484e-12, 0, 1.6584157944323504e-12, 0.0001584362410990077]
('easy', 2170);[3.5356219531090163e-05, 0, 3.331423810432436e-11, 6.475717494022579e-07]
('easy', 2171);[3.0988132281990144e-12, 0, 1.8553878237411744e-07, 1.370956471489639e-06]
('easy', 2172);[2.93909094035154e-11, 0, 1.291346435593837e-12, 0.0003353500342255387]
('easy', 2173);[2.2884686722958366e-11, 0, 2.733186063176906e-12, 0.0005527785265734312]
('easy', 2174);[1.6701366305950292e-05, 6.101808655221963e-13, 3.0987541235909405e-12, 3.7265785385442787e-06]
('easy', 2175);[7.834832569670414e-13, 0, 6.101773740492666e-13, 2.7535687796947383e-05]
('easy', 2176);[3.5114221133765118e-12, 0, 3.927863545481039e-07, 2.289734845645553e-11]
('easy', 2177);[2.7346982915918745e-12, 1.4449802461092448e-07, 1.3176514270095466e-10, 4.944450501938644e-09]
('easy', 2178);[2.2603250957489616e-06, 0, 1.1399896786845267e-12, 2.0611496911037635e-09]
('easy', 2179);[3.7751057423981215e-11, 0, 0, 6.144171336422507e-06]
('easy', 2180);[5.770989019975728e-12, 0, 2.7260221892721813e-12, 0.0031726831078774057]
('easy', 2181);[5.315359431139743e-08, 0, 1.2500527223488562e-09, 1.6372475291853734e-07]
('easy', 2182);[2.9399039040728226e-11, 0, 7.052462842117712e-11, 5.829127258796956e-05]
('easy', 2183);[1.1399809812866844e-12, 0, 1.0129987330277146e-05, 4.058613420337336e-10]
('easy', 2184);[5.108601810597403e-12, 0, 9.610239492660866e-05, 2.9986748353031113e-09]
('easy', 2185);[8.423463754468647e-12, 1.026187963170189e-10, 1.57371021068629e-11, 5.3157852544244216e-08]
('easy', 2186);[2.2447299582181255e-13, 0, 2.1444937927240387e-05, 2.289686805600614e-11]
('easy', 2187);[3.5114221133765118e-12, 0, 8.315279260963632e-07, 8.764248219443636e-08]
('easy', 2188);[8.878265478459658e-13, 0, 3.2241867372567335e-08, 9.736200313009565e-10]
('easy', 2189);[7.433482174313094e-12, 7.193940928813032e-09, 5.108952602489194e-12, 2.7535687796947383e-05]
('easy', 2190);[4.814923938759738e-11, 0, 0, 0.006692851264215723]
('easy', 2191);[2.9400777392844726e-11, 3.850741922767617e-09, 1.783247290814639e-11, 6.34880011604368e-09]
('easy', 2192);[2.129785170955785e-12, 3.1608814543136926e-10, 1.6918979226151304e-10, 7.05287985111216e-11]
('easy', 2193);[1.0060296849908467e-12, 0, 1.0129987330277146e-05, 1.955549459123185e-08]
('easy', 2194);[7.991944649514694e-11, 1.0677029917933763e-06, 2.2897304783270907e-11, 2.3823673954981372e-07]
('easy', 2195);[1.1399853299773111e-12, 0, 0, 6.144177195963701e-06]
('easy', 2196);[0.014063626520379485, 0, 0, 1.829296890185214e-07]
('easy', 2197);[1.2244898524610757e-11, 0, 0, 0.0009110514045295695]
('easy', 2198);[7.369924998113852e-12, 0, 2.3926643348836428e-12, 0.008577484930474293]
('easy', 2199);[2.9400777392844726e-11, 2.510999155743982e-08, 4.277787868968998e-11, 1.917171513758312e-10]
('easy', 2200);[1.9452567129490285e-11, 0, 4.340454418901249e-12, 0.037326888033261264]
('easy', 2201);[8.877740541605809e-13, 0, 1.7481307620757888e-13, 5.829127258796956e-05]
('easy', 2202);[0.0007096683061315453, 4.1908050877903925e-13, 1.2908588441943375e-12, 2.900253547229903e-06]
('easy', 2203);[7.88926463665814e-06, 0, 2.5945897030524627e-11, 9.736126031979503e-10]
('easy', 2204);[1.1399896786845267e-12, 1.8553878237411744e-07, 2.7346930755738013e-12, 1.370956471489639e-06]
('easy', 2205);[8.423158496840455e-12, 0, 1.7831826677742433e-11, 3.535625324942473e-05]
('easy', 2206);[1.3007123989067183e-05, 0, 1.7482107869830563e-13, 2.1724109300702664e-10]
('easy', 2207);[9.610239492660866e-05, 0, 2.1295780066473453e-12, 3.0587285707099816e-07]
('easy', 2208);[4.78509457496562e-06, 0, 0, 1.5229921647061352e-08]
('easy', 2209);[4.497606549558432e-12, 0, 1.6545769840605748e-12, 0.002472623024627213]
('easy', 2210);[3.5114221133765118e-12, 4.139937718785167e-08, 4.508755242294825e-12, 4.139937718785167e-08]
('easy', 2211);[5.109069538472553e-12, 1.760339596980714e-06, 7.052852946561993e-11, 1.760339596980714e-06]
('easy', 2212);[8.592166619174109e-10, 0, 7.991959892953932e-11, 5.602796437537268e-09]
('easy', 2213);[0, 0, 0.0011695103074966034, 1.7811601307931106e-11]
('easy', 2214);[4.8473687062702556e-11, 2.9400777392844726e-11, 2.5946094982764667e-11, 4.139937718785167e-08]
('easy', 2215);[2.129785170955785e-12, 8.764248219443636e-08, 5.109089028063325e-12, 4.508755242294825e-12]
('easy', 2216);[4.508755242294825e-12, 4.508755242294825e-12, 2.510999155743982e-08, 2.382369667501818e-07]
('easy', 2217);[3.775120143311142e-11, 3.7266389560521204e-06, 3.331531833356797e-11, 2.1724316478941435e-10]
('easy', 2218);[3.5105046749032674e-12, 0, 0, 0.0002611902975925828]
('easy', 2219);[2.7279362676315366e-12, 0, 9.521433140132475e-12, 0.002472623024627213]
('easy', 2220);[1.7811601307931106e-11, 0, 0.0011695103074966034, 1.7811601307931106e-11]
('easy', 2221);[6.101925039095844e-13, 1.370956471489639e-06, 4.508746642534879e-12, 1.18610975280741e-08]
('easy', 2222);[1.1399875043288452e-12, 3.7266389560521204e-06, 3.70099756038047e-13, 1.955560648898961e-08]
('easy', 2223);[1.4449802461092448e-07, 0, 2.413362771833214e-12, 4.5990553786523166e-10]
('easy', 2224);[9.540921319206832e-12, 0, 0.0004305571096741222, 7.579292587785403e-10]
('easy', 2225);[5.109089028063325e-12, 3.059023205018258e-07, 4.508755242294825e-12, 9.736200313009565e-10]
('easy', 2226);[3.0987363924283466e-12, 0, 2.7535687796947383e-05, 2.020629951660952e-11]
('easy', 2227);[3.5114221133765118e-12, 1.522997974471263e-08, 1.103256032343554e-09, 6.34880011604368e-09]
('easy', 2228);[1.2917036269244394e-12, 0, 5.829127258796956e-05, 7.582112100992104e-10]
('easy', 2229);[7.408337625874872e-10, 0, 0.022977367413042835, 3.499450905876067e-10]
('easy', 2230);[0.004070132117608643, 0, 8.842117553340743e-13, 1.365377216083411e-06]
('easy', 2231);[4.5072419371183995e-12, 0, 2.4125527579426955e-12, 0.0003353500342255387]
('easy', 2232);[3.0985886366856072e-12, 0, 1.4636696326736608e-12, 7.484619074298232e-05]
('easy', 2233);[1.8795252316257836e-12, 1.370956471489639e-06, 3.224180587614433e-08, 3.581741098647678e-10]
('easy', 2234);[6.56018765557689e-12, 1.067701973552941e-06, 2.940072131536564e-11, 1.370956471489639e-06]
('easy', 2235);[4.8429513129212524e-11, 0, 0, 0.0009110514045295695]
('easy', 2236);[5.211273330019733e-10, 6.691407409052302e-10, 2.1297283003154174e-12, 2.7535687796947383e-05]
('easy', 2237);[2.129756735445775e-12, 0, 1.3007123989067183e-05, 2.998920784677801e-09]
('easy', 2238);[1.463778514125909e-12, 0, 0, 8.764248219443636e-08]
('easy', 2239);[5.208510821697677e-10, 6.098539175796104e-13, 0.0005527758907262983, 4.782448522197451e-06]
('easy', 2240);[2.260322940135999e-06, 1.291775077045743e-12, 3.5817342670252053e-10, 1.0677009553134769e-06]
('easy', 2241);[0.0001584362410990077, 6.100970756856666e-13, 1.4635468017839203e-12, 8.762860861683498e-08]
('easy', 2242);[3.0987304820633614e-12, 2.7535661536881667e-05, 1.8794750435575373e-12, 8.315049292164037e-07]
('easy', 2243);[9.545034922840628e-12, 4.139937718785167e-08, 6.560200168153779e-12, 1.522997974471263e-08]
('easy', 2244);[5.108601810597403e-12, 5.3152783258101785e-08, 1.2254898670157695e-11, 9.610239492660866e-05]
('easy', 2245);[9.610239492660866e-05, 0, 8.877418821455948e-13, 2.939797364991154e-11]
('easy', 2246);[3.9787803975560205e-12, 0, 4.539785156619626e-05, 6.825290932159772e-08]
('easy', 2247);[7.834817625927475e-13, 0, 2.7535687796947383e-05, 6.825408097049357e-08]
('easy', 2248);[1.879389009986991e-12, 0, 7.484619074298232e-05, 5.492379776319401e-11]
('easy', 2249);[2.4132753140584585e-12, 0, 6.914149536220301e-13, 3.535625324942473e-05]
('easy', 2250);[0.0001584362410990077, 1.1398113952909674e-12, 1.5734610964418806e-11, 2.510601671090741e-08]
('challenge', 0);[8.764248219443636e-08, 7.835041785064389e-13, 1.57371021068629e-11, 4.139937718785167e-08]
('challenge', 1);[1.6586783589142312e-12, 5.043471815847051e-07, 9.545034922840628e-12, 1.522997974471263e-08]
('challenge', 2);[2.9989551047989332e-09, 2.2603250957489616e-06, 7.582545965339434e-10, 1.7257795071296986e-08]
('challenge', 3);[6.550347654135578e-12, 0, 0, 0.001501181950907551]
('challenge', 4);[3.398261337819773e-09, 0, 2.0611496911037635e-09, 1.4449788680693535e-07]
('challenge', 5);[2.020683909022217e-11, 8.592166619174109e-10, 1.3176514270095466e-10, 4.363462252943702e-09]
('challenge', 6);[4.508729443064196e-12, 0, 6.144177195963701e-06, 1.1032497194799603e-09]
('challenge', 7);[1.0815920927534024e-11, 0, 0, 1.7603412757721762e-06]
('challenge', 8);[9.545016717148681e-12, 0, 1.7603429545652396e-06, 6.691573328117371e-10]
('challenge', 9);[2.4131326265984015e-12, 0, 9.610239492660866e-05, 1.0260901029261753e-10]
('challenge', 10);[1.463775722192624e-12, 0, 1.8795252316257836e-12, 1.0677029917933763e-06]
('challenge', 11);[1.8795288165390832e-12, 1.4449802461092448e-07, 5.4927883509546835e-11, 3.331544542166412e-11]
('challenge', 12);[1.3853603473753973e-11, 0, 0.0024726218455889577, 2.7825706409128635e-10]
('challenge', 13);[1.4637254683040895e-12, 0, 3.535625324942473e-05, 1.31760367668247e-10]
('challenge', 14);[1.3007123989067183e-05, 0, 7.83493717666907e-13, 4.0585979379853495e-10]
('challenge', 15);[1.0815941557285693e-11, 4.944450501938644e-09, 4.1937956583795446e-13, 1.1253517471925912e-07]
('challenge', 16);[2.789430849700478e-10, 1.3007123989067183e-05, 1.1032413023846926e-09, 1.6052066232219309e-09]
('challenge', 17);[3.0986772892857843e-12, 0, 0, 4.539785156619626e-05]
('challenge', 18);[1.573683196391987e-11, 0, 1.670143001672819e-05, 3.398209484862448e-09]
('challenge', 19);[1.6701414089010932e-05, 0, 1.1399722839551978e-12, 6.825486208093125e-08]
('challenge', 20);[3.9278597995802437e-07, 0, 1.3887943864964021e-11, 1.522997974471263e-08]
('challenge', 21);[7.047877370160612e-11, 0, 0.00070967033651176, 2.5092181491606953e-08]
('challenge', 22);[7.835041785064389e-13, 3.581747930283181e-10, 1.2256067444099483e-11, 4.139937718785167e-08]
('challenge', 23);[7.484626212190614e-05, 0, 2.0205336028137123e-11, 3.331296729123332e-11]
('challenge', 24);[2.289734845645553e-11, 1.026187963170189e-10, 2.061153622438558e-09, 4.139937718785167e-08]
('challenge', 25);[2.73453659965769e-12, 0, 1.8794176874062515e-12, 5.829127258796956e-05]
('challenge', 26);[5.109089028063325e-12, 0, 6.82560337633487e-08, 1.7257827987960214e-08]
('challenge', 27);[2.2603250957489616e-06, 0, 4.1937876593567576e-13, 4.0586443852184914e-10]
('challenge', 28);[7.433680672352188e-12, 5.3157852544244216e-08, 1.57371021068629e-11, 1.9555681087850496e-08]
('challenge', 29);[8.421262933981448e-12, 0, 0.0002611902975925828, 1.8184864426580612e-09]
('challenge', 30);[2.1297689220464336e-12, 3.726621186095193e-06, 4.599020290778212e-10, 4.785076321313246e-06]
('challenge', 31);[8.423431621565785e-12, 0, 6.224120879725595e-11, 3.7266389560521204e-06]
('challenge', 32);[4.508634847148222e-12, 0, 2.7535687796947383e-05, 6.348630587054048e-09]
('challenge', 33);[0.0009110509701065104, 0, 8.870174740318674e-13, 7.046452581714368e-11]
('challenge', 34);[4.139937718785167e-08, 0, 3.97896253583724e-12, 4.058652126475693e-10]
('challenge', 35);[1.1599480172690579e-10, 0, 1.1371730220791344e-12, 0.002472623024627213]
('challenge', 36);[8.423463754468647e-12, 8.764248219443636e-08, 7.991959892953932e-11, 5.602796437537268e-09]
('challenge', 37);[3.978932178878032e-12, 0, 0, 7.88926463665814e-06]
('challenge', 38);[3.7266389560521204e-06, 0, 2.734687859565677e-12, 1.4166033827198385e-09]
('challenge', 39);[8.764248219443636e-08, 0, 2.289734845645553e-11, 1.103256032343554e-09]
('challenge', 40);[3.97896253583724e-12, 0, 1.1253517471925912e-07, 3.398267819495071e-09]
('challenge', 41);[1.522997974471263e-08, 0, 7.05287985111216e-11, 5.04347662567888e-07]
('challenge', 42);[2.461692256505547e-10, 9.545016717148681e-12, 4.847359460656998e-11, 1.3709577789362383e-06]
('challenge', 43);[2.734672211600996e-12, 4.1937556634181793e-13, 1.0129987330277146e-05, 4.944403348208967e-09]
('challenge', 44);[1.0815302053280516e-11, 0, 4.5084886573636344e-12, 5.829127258796956e-05]
('challenge', 45);[2.4616312182926096e-10, 8.151803034938614e-09, 3.224100643331903e-08, 2.7535687796947383e-05]
('challenge', 46);[9.541831255756997e-12, 0, 1.3883282556862041e-11, 0.0003353500342255387]
('challenge', 47);[0.00020342704214340812, 0, 2.8817626051475846e-13, 8.42174481629839e-12]
('challenge', 48);[1.6052280551856116e-09, 2.7894680928689246e-10, 4.058652126475693e-10, 2.382369667501818e-07]
('challenge', 49);[2.2603250957489616e-06, 0, 2.8823452958017853e-13, 6.101925039095844e-13]
('challenge', 50);[8.878197742927961e-13, 0, 5.109050048956128e-12, 7.88926463665814e-06]
('challenge', 51);[1.1399918530443554e-12, 6.47594599989589e-07, 2.5946094982764667e-11, 5.211412487888539e-10]
('challenge', 52);[1.0815941557285693e-11, 0, 8.764248219443636e-08, 8.152020714470167e-09]
('challenge', 53);[4.139937718785167e-08, 8.592166619174109e-10, 4.508755242294825e-12, 3.2241867372567335e-08]
('challenge', 54);[1.7603429545652396e-06, 3.978954946575725e-12, 6.224132751305368e-11, 1.5229950695859287e-08]
('challenge', 55);[2.0206800548772015e-11, 1.0677029917933763e-06, 7.433666493745043e-12, 9.73618174269892e-10]
('challenge', 56);[1.4449802461092448e-07, 0, 8.878265478459658e-13, 1.0815941557285693e-11]
('challenge', 57);[1.4913471185070066e-10, 0, 3.0951921984462946e-12, 0.0011695103074966034]
('challenge', 58);[6.47594599989589e-07, 0, 1.9810087980489796e-13, 1.9555681087850496e-08]
('challenge', 59);[7.88926463665814e-06, 0, 1.4930832848322613e-10, 7.582502577787526e-10]
('challenge', 60);[3.5356219531090163e-05, 2.1297079897404565e-12, 5.789146528435525e-12, 5.04329385529398e-07]
('challenge', 61);[1.2917800047859961e-12, 3.2241867372567335e-08, 1.3887943864964021e-11, 1.3176514270095466e-10]
('challenge', 62);[1.8795216467193215e-12, 0, 4.752174934627848e-13, 2.902312105056987e-06]
('challenge', 63);[2.1297283003154174e-12, 0, 2.7535687796947383e-05, 6.825421115494573e-08]
('challenge', 64);[1.2917627577773503e-12, 0, 0, 1.3007123989067183e-05]
('challenge', 65);[0.0001233946226544279, 6.913542928923369e-13, 2.881993468485066e-13, 2.060898101272998e-09]
('challenge', 66);[1.1253517471925912e-07, 0, 4.5990553786523166e-10, 8.764248219443636e-08]
('challenge', 67);[2.594198778322874e-11, 0, 0.00015843609000250583, 2.4613072715731437e-10]
('challenge', 68);[7.433340393244606e-12, 0, 0, 4.539785156619626e-05]
('challenge', 69);[1.0258435364995897e-10, 0, 1.0258435364995897e-10, 0.0003353500342255387]
('challenge', 70);[1.0815714632181479e-11, 0, 2.061110378168228e-09, 2.1444937927240387e-05]
('challenge', 71);[1.4636361323177702e-12, 0, 4.751730816717961e-13, 9.610239492660866e-05]
('challenge', 72);[7.194133030325383e-09, 0, 1.463778514125909e-12, 2.289734845645553e-11]
('challenge', 73);[1.8794893828688562e-12, 0, 2.1444958378736654e-05, 5.905180102035178e-10]
('challenge', 74);[8.418805763025449e-12, 0, 8.87335599159837e-13, 0.0005527785265734312]
('challenge', 75);[5.829127258796956e-05, 0, 1.5736171634025753e-11, 5.904954841587826e-10]
('challenge', 76);[6.47594599989589e-07, 0, 1.57371021068629e-11, 9.237449661970594e-09]
('challenge', 77);[1.2917775409135197e-12, 6.47594599989589e-07, 2.594604549456307e-11, 1.6052249934589952e-09]
('challenge', 78);[1.7603429545652396e-06, 0, 2.2897304783270907e-11, 2.845329381943118e-08]
('challenge', 79);[4.193683673448897e-13, 0, 0, 2.7535687796947383e-05]
('challenge', 80);[3.0988191387218256e-12, 9.736200313009565e-10, 2.129785170955785e-12, 2.335593038799337e-09]
('challenge', 81);[3.652715763054144e-08, 1.4927814453277154e-10, 4.690179879697478e-08, 2.101992790475969e-07]
('challenge', 82);[5.7889256942333075e-12, 0, 8.877605079069033e-13, 7.484626212190614e-05]
('challenge', 83);[7.433680672352188e-12, 2.382369667501818e-07, 1.2256067444099483e-11, 2.9989608248573072e-09]
('challenge', 84);[1.0815920927534024e-11, 1.7603429545652396e-06, 1.2256044067528294e-11, 1.162821085114775e-10]
('challenge', 85);[3.535625324942473e-05, 0, 1.5736531810533053e-11, 1.1032160514841901e-09]
('challenge', 86);[1.8795216467193215e-12, 0, 3.7266354020539563e-06, 8.315247540751075e-07]
('challenge', 87);[5.789345286420304e-12, 0, 2.260322940135999e-06, 3.9278523077893697e-07]
('challenge', 88);[7.835026840922404e-13, 1.0677029917933763e-06, 2.129781108716825e-12, 9.73618174269892e-10]
('challenge', 89);[3.5114221133765118e-12, 5.043471815847051e-07, 0, 7.05287985111216e-11]
('challenge', 90);[1.006039279283317e-12, 1.1253517471925912e-07, 4.508755242294825e-12, 2.289734845645553e-11]
('challenge', 91);[8.423447688001894e-12, 1.8553895931777327e-07, 5.1090792832586454e-12, 1.6918946955790182e-10]
('challenge', 92);[3.581747930283181e-10, 1.8795288165390832e-12, 9.056076989672867e-11, 1.1253517471925912e-07]
('challenge', 93);[2.413362771833214e-12, 7.582560427911907e-10, 2.020683909022217e-11, 9.237449661970594e-09]
('challenge', 94);[4.508755242294825e-12, 1.493094676197164e-10, 5.4927883509546835e-11, 5.3157852544244216e-08]
('challenge', 95);[1.879496552565541e-12, 0, 2.413321344071142e-12, 1.6701414089010932e-05]
('challenge', 96);[1.2256067444099483e-11, 0, 8.764248219443636e-08, 1.3440409951135022e-08]
('challenge', 97);[5.384940217754036e-13, 0, 2.8823507934443873e-13, 6.47594599989589e-07]
('challenge', 98);[9.533863160293919e-12, 0, 0.001169509749830765, 1.248689654247315e-09]
('challenge', 99);[0, 2.260320784525092e-06, 6.91437373064733e-13, 5.21139260796549e-10]
('challenge', 100);[6.101925039095844e-13, 0, 2.2603250957489616e-06, 1.1032539280516758e-09]
('challenge', 101);[1.8795288165390832e-12, 3.5114221133765118e-12, 1.783247290814639e-11, 4.363462252943702e-09]
('challenge', 102);[5.492735967892708e-11, 0, 0, 6.348739569456282e-09]
('challenge', 103);[3.5102435501200856e-12, 0, 1.6581216450516062e-12, 0.0003353500342255387]
('challenge', 104);[8.592166619174109e-10, 2.382369667501818e-07, 5.905303998944039e-10, 1.9555681087850496e-08]
('challenge', 105);[9.545034922840628e-12, 6.82560337633487e-08, 6.101936677605324e-13, 1.103256032343554e-09]
('challenge', 106);[5.789201738302367e-12, 0, 5.108952602489194e-12, 2.7535687796947383e-05]
('challenge', 107);[1.8189616875530459e-09, 0, 7.991959892953932e-11, 1.9555681087850496e-08]
('challenge', 108);[0.00070967033651176, 0, 2.2431848749902253e-13, 7.047877370160612e-11]
('challenge', 109);[8.422419497867314e-12, 0, 0, 0.0001233946226544279]
('challenge', 110);[2.7535687796947383e-05, 0, 3.331455581517183e-11, 1.2501194841493985e-09]
('challenge', 111);[6.82560337633487e-08, 0, 2.413362771833214e-12, 2.289734845645553e-11]
('challenge', 112);[1.0060373604175028e-12, 0, 0, 2.902312105056987e-06]
('challenge', 113);[6.144177195963701e-06, 0, 1.0815879668148733e-11, 4.847340969483387e-11]
('challenge', 114);[6.475655737062516e-07, 0, 1.1627700744139192e-10, 4.539785156619626e-05]
('challenge', 115);[2.413362771833214e-12, 1.8553913626159784e-07, 2.7346982915918745e-12, 2.172439935079017e-10]
('challenge', 116);[0.0001233945049762016, 2.4130635873077793e-12, 2.2894509872711877e-11, 8.314256345080342e-07]
('challenge', 117);[3.5114221133765118e-12, 2.9989608248573072e-09, 2.7346982915918745e-12, 5.602796437537268e-09]
('challenge', 118);[3.5114154158767316e-12, 0, 2.2603250957489616e-06, 3.775127343788253e-11]
('challenge', 119);[1.0815879668148733e-11, 0, 4.78509457496562e-06, 1.8553825154416246e-07]
('challenge', 120);[3.775134544279098e-11, 0, 0, 1.1253517471925912e-07]
('challenge', 121);[6.204397905046092e-11, 0, 4.264216161491347e-11, 0.0031726831078774057]
('challenge', 122);[1.186112015134383e-08, 0, 1.006039279283317e-12, 1.8553913626159784e-07]
('challenge', 123);[0, 0, 0, 9.559930310946054e-10]
('challenge', 124);[8.878265478459658e-13, 2.646573638909117e-09, 1.2917800047859961e-12, 5.4927883509546835e-11]
('challenge', 125);[7.88926463665814e-06, 0, 1.8795144769269105e-12, 1.4930832848322613e-10]
('challenge', 126);[2.7344322873544075e-12, 0, 2.1295780066473453e-12, 9.610239492660866e-05]
('challenge', 127);[6.47594599989589e-07, 0, 1.2256067444099483e-11, 8.152020714470167e-09]
('challenge', 128);[8.422644403734518e-12, 0, 1.879345994678559e-12, 9.610239492660866e-05]
('challenge', 129);[5.384940217754036e-13, 0, 6.101936677605324e-13, 6.47594599989589e-07]
('challenge', 130);[2.129785170955785e-12, 8.315279260963632e-07, 6.101936677605324e-13, 4.8473687062702556e-11]
('challenge', 131);[6.914360542538626e-13, 0, 6.144177195963701e-06, 3.5817274354157635e-10]
('challenge', 132);[3.0988191387218256e-12, 1.186112015134383e-08, 4.508755242294825e-12, 4.139937718785167e-08]
('challenge', 133);[7.582560427911907e-10, 0, 7.433680672352188e-12, 2.9989608248573072e-09]
('challenge', 134);[8.764248219443636e-08, 0, 9.545034922840628e-12, 1.3176514270095466e-10]
('challenge', 135);[5.789356328730652e-12, 0, 3.2241867372567335e-08, 1.103256032343554e-09]
('challenge', 136);[3.849941432881578e-09, 0, 1.818583562905074e-09, 2.1019967997128674e-07]
('challenge', 137);[1.6586751952393482e-12, 5.315775115378354e-08, 7.991944649514694e-11, 1.7603429545652396e-06]
('challenge', 138);[2.289734845645553e-11, 4.058652126475693e-10, 3.5114221133765118e-12, 6.34880011604368e-09]
('challenge', 139);[5.109089028063325e-12, 3.059023205018258e-07, 1.2256067444099483e-11, 6.82560337633487e-08]
('challenge', 140);[1.6909429886064133e-10, 0, 1.7248087396260202e-08, 5.599634130408329e-09]
('challenge', 141);[2.129777046485613e-12, 7.835011896808923e-13, 8.878231610629212e-13, 3.7266389560521204e-06]
('challenge', 142);[1.6918979226151304e-10, 0, 1.8189616875530459e-09, 2.020683909022217e-11]
('challenge', 143);[4.5086778450458094e-12, 0, 5.7892569486957334e-12, 1.6701414089010932e-05]
('challenge', 144);[2.2893723865586778e-11, 0, 0.0001584362410990077, 1.8186737506359896e-09]
('challenge', 145);[4.53966393289598e-05, 3.0985945467800434e-12, 1.7831180470757202e-11, 2.753445360093047e-05]
('challenge', 146);[1.026187963170189e-10, 1.57371021068629e-11, 7.433680672352188e-12, 1.4449802461092448e-07]
('challenge', 147);[3.510986802460617e-12, 0, 0.0001233946226544279, 1.6916881780698968e-10]
('challenge', 148);[1.1792167984622087e-07, 0, 0, 0.2649416569200696]
('challenge', 149);[4.1937876593567576e-13, 0, 0, 1.0677029917933763e-06]
('challenge', 150);[2.8823507934443873e-13, 3.850741922767617e-09, 2.543665647376923e-13, 1.3887943864964021e-11]
('challenge', 151);[5.4927883509546835e-11, 1.57371021068629e-11, 1.783247290814639e-11, 5.602796437537268e-09]
('challenge', 152);[6.550347654135578e-12, 0, 1.2237660524614434e-11, 0.001501181950907551]
('challenge', 153);[3.7266389560521204e-06, 0, 1.0815900297821705e-11, 9.23741442396384e-09]
('challenge', 154);[2.0206646383706507e-11, 0, 1.0129987330277146e-05, 3.398235411242209e-09]
('challenge', 155);[9.056076989672867e-11, 1.4449802461092448e-07, 2.289734845645553e-11, 8.592166619174109e-10]
('challenge', 156);[1.8794893828688562e-12, 0, 5.789234864475204e-12, 2.1444958378736654e-05]
('challenge', 157);[1.3887440580219376e-11, 0, 1.8794607043556182e-12, 3.535625324942473e-05]
('challenge', 158);[4.277730754720374e-11, 0, 1.3007123989067183e-05, 3.653433434796543e-08]
('challenge', 159);[1.4928583231827607e-10, 0, 2.734265395945667e-12, 0.0001584362410990077]
('challenge', 160);[1.0060373604175028e-12, 0, 0, 2.2603250957489616e-06]
('challenge', 161);[2.9400665237993516e-11, 1.3887890886763582e-11, 1.493088980503849e-10, 4.78509457496562e-06]
('challenge', 162);[7.433666493745043e-12, 0, 1.370956471489639e-06, 1.0467381829779195e-08]
('challenge', 163);[5.905303998944039e-10, 1.9555681087850496e-08, 6.691586091292782e-10, 4.139937718785167e-08]
('challenge', 164);[8.315279260963632e-07, 0, 3.398261337819773e-09, 1.275189375371399e-07]
('challenge', 165);[2.939842223081272e-11, 5.8289994011532716e-05, 5.492348348760144e-11, 2.1443690422849376e-05]
('challenge', 166);[6.559386900294933e-12, 0, 0.0001233946226544279, 6.690756535524169e-10]
('challenge', 167);[1.0813115647842561e-11, 0, 1.8790377471113164e-12, 0.0002611902975925828]
('challenge', 168);[6.559574568544082e-12, 0, 9.610239492660866e-05, 3.6531338071193635e-08]
('challenge', 169);[1.1399766326126466e-12, 1.3007123989067183e-05, 1.6586562133167683e-12, 6.224061522166384e-11]
('challenge', 170);[1.0815920927534024e-11, 0, 1.7603429545652396e-06, 4.691155074157667e-08]
('challenge', 171);[1.6586688679076848e-12, 0, 0, 6.144177195963701e-06]
('challenge', 172);[8.418805763025449e-12, 0, 8.418805763025449e-12, 0.0005527785265734312]
('challenge', 173);[1.57371021068629e-11, 5.905303998944039e-10, 1.2256067444099483e-11, 2.646573638909117e-09]
('challenge', 174);[1.6586783589142312e-12, 0, 1.3440409951135022e-08, 2.382369667501818e-07]
('challenge', 175);[6.224144622907783e-11, 0, 3.2241867372567335e-08, 8.423463754468647e-12]
('challenge', 176);[5.10902081482089e-12, 0, 1.3007123989067183e-05, 8.315176170715234e-07]
('challenge', 177);[1.8189616875530459e-09, 0, 9.056076989672867e-11, 8.764248219443636e-08]
('challenge', 178);[0.0005527785265734312, 0, 7.830709178116022e-13, 2.019566514962957e-11]
('challenge', 179);[5.384888863207103e-13, 0, 1.0129987330277146e-05, 9.736107461810537e-10]
('challenge', 180);[6.224144622907783e-11, 5.789356328730652e-12, 1.0815941557285693e-11, 3.927863545481039e-07]
('challenge', 181);[2.7346409159402473e-12, 0, 2.1444937927240387e-05, 6.348666914313592e-09]
('challenge', 182);[2.413252299381347e-12, 0, 4.539785156619626e-05, 1.317591111094531e-10]
('challenge', 183);[7.432759119136008e-12, 0, 6.913542928923369e-13, 0.0001233946226544279]
('challenge', 184);[1.1253517471925912e-07, 0, 5.905303998944039e-10, 6.47594599989589e-07]
('challenge', 185);[5.789014026903297e-12, 5.829127258796956e-05, 9.055541539525008e-11, 2.845166575547894e-08]
('challenge', 186);[3.0988014071872133e-12, 0, 7.052839494325397e-11, 6.144177195963701e-06]
('challenge', 187);[2.510999155743982e-08, 0, 1.0815941557285693e-11, 8.315279260963632e-07]
('challenge', 188);[2.289734845645553e-11, 0, 5.04347662567888e-07, 6.34880011604368e-09]
('challenge', 189);[1.3887705464653542e-11, 1.879496552565541e-12, 7.889181875412588e-06, 1.0129910044902026e-05]
('challenge', 190);[8.419833512003361e-12, 0, 0.0004305569043685425, 1.8545917485010933e-07]
('challenge', 191);[8.4233994887855e-12, 7.88926463665814e-06, 0, 1.1861029658523816e-08]
('challenge', 192);[8.147139870095917e-09, 4.537274754600946e-05, 2.7877979597663355e-10, 0.0005527534865331225]
('challenge', 193);[7.433680672352188e-12, 2.172439935079017e-10, 1.026187963170189e-10, 1.8553913626159784e-07]
('challenge', 194);[2.129785170955785e-12, 1.2917800047859961e-12, 3.331544542166412e-11, 6.47594599989589e-07]
('challenge', 195);[0, 0, 5.829127258796956e-05, 3.774911335449024e-11]
('challenge', 196);[2.9400777392844726e-11, 5.04347662567888e-07, 8.423463754468647e-12, 2.5946094982764667e-11]
('challenge', 197);[1.162823303022097e-10, 0, 7.835041785064389e-13, 9.545034922840628e-12]
('challenge', 198);[3.0983286036899863e-12, 0, 0.0001584362410990077, 6.824522901024874e-08]
('challenge', 199);[9.544907483726206e-12, 0, 3.331500061544859e-11, 1.3007123989067183e-05]
('challenge', 200);[2.5881938685709854e-11, 0, 0.002472623024627213, 1.1599480172690579e-10]
('challenge', 201);[3.5114087183897262e-12, 0, 3.7266389560521204e-06, 1.8553842848731202e-07]
('challenge', 202);[5.7891906962868766e-12, 0, 0, 2.7535687796947383e-05]
('challenge', 203);[8.878180809125783e-13, 0, 1.0129987330277146e-05, 5.3157345593874676e-08]
('challenge', 204);[3.507312251613928e-12, 0, 2.0183188468725193e-11, 0.0011695103074966034]
('challenge', 205);[2.2603250957489616e-06, 0, 1.6586751952393482e-12, 1.1253496007565217e-07]
('challenge', 206);[5.10902081482089e-12, 1.0467262040786102e-08, 8.423351289844902e-12, 1.3007123989067183e-05]
('challenge', 207);[1.2917800047859961e-12, 3.927863545481039e-07, 8.878265478459658e-13, 4.944450501938644e-09]
('challenge', 208);[1.6579635217889945e-12, 0, 5.7868613020048485e-12, 0.0004305571096741222]
('challenge', 209);[5.601289845591239e-09, 0, 4.276637571823267e-11, 0.00026118830487635635]
('challenge', 210);[5.4925892979768285e-11, 0, 3.535625324942473e-05, 2.998852145613813e-09]
('challenge', 211);[1.670143001672819e-05, 0, 3.098765944422369e-12, 1.9171386036105923e-10]
('challenge', 212);[1.7603429545652396e-06, 0, 6.56018765557689e-12, 1.4930918283477907e-10]
('challenge', 213);[1.4634798074615157e-12, 0, 0.00020342704214340812, 1.4446867532824235e-07]
('challenge', 214);[8.753956916645905e-08, 0, 2.0587333400013148e-09, 0.0011695041731870047]
('challenge', 215);[1.8795288165390832e-12, 1.186112015134383e-08, 1.917171513758312e-10, 2.9989608248573072e-09]
('challenge', 216);[0, 0, 6.222518424303423e-11, 0.0002611902975925828]
('challenge', 217);[7.05287985111216e-11, 0, 8.764248219443636e-08, 1.4166087866431961e-09]
('challenge', 218);[5.789345286420304e-12, 0, 2.902312105056987e-06, 1.4166060846789406e-09]
('challenge', 219);[2.3823514915330412e-07, 2.1297689220464336e-12, 1.4930832848322613e-10, 7.88926463665814e-06]
('challenge', 220);[1.005833981395376e-12, 0, 0.00020342704214340812, 1.855014510366724e-07]
('challenge', 221);[3.535625324942473e-05, 0, 4.752020848201786e-13, 4.5085918496606925e-12]
('challenge', 222);[2.9397132579170476e-11, 0, 1.1626791478448731e-10, 0.0001233945049762016]
('challenge', 223);[5.109089028063325e-12, 0, 2.510999155743982e-08, 1.4166087866431961e-09]
('challenge', 224);[0.0009110509701065104, 0, 1.1617636254452312e-10, 1.915424400797249e-10]
('challenge', 225);[3.0981867767083427e-12, 0, 1.005833981395376e-12, 0.00020342704214340812]
('challenge', 226);[1.4629690765842658e-12, 0, 0, 0.0005527785265734312]
('challenge', 227);[7.484619074298232e-05, 0, 7.433113549159809e-12, 1.081511639790975e-11]
('challenge', 228);[5.371625003096026e-13, 0, 0.002472623024627213, 2.4556099718284347e-10]
('challenge', 229);[1.4449802461092448e-07, 0, 6.914400106940203e-13, 1.026187963170189e-10]
('challenge', 230);[1.0815446454105586e-11, 0, 1.3887308139896881e-11, 4.539785156619626e-05]
('challenge', 231);[0, 0, 3.70099756038047e-13, 3.7266389560521204e-06]
('challenge', 232);[0.00070967033651176, 0, 1.0808270004281024e-11, 2.3806776251111249e-07]
('challenge', 233);[4.363462252943702e-09, 0, 1.6052280551856116e-09, 1.162823303022097e-10]
('challenge', 234);[1.522997974471263e-08, 0, 3.581747930283181e-10, 2.020683909022217e-11]
('challenge', 235);[2.413362771833214e-12, 0, 2.382369667501818e-07, 9.736200313009565e-10]
('challenge', 236);[2.0206723466092238e-11, 4.78509457496562e-06, 7.433638136611882e-12, 1.41660068076589e-09]
('challenge', 237);[1.019319405834313e-10, 0, 2.7163942062914646e-12, 0.006692851264215723]
('challenge', 238);[7.976563610510515e-11, 0, 0, 0.0019267342527389902]
('challenge', 239);[8.423463754468647e-12, 2.335593038799337e-09, 1.57371021068629e-11, 3.927863545481039e-07]
('challenge', 240);[0.002472623024627213, 0, 0, 1.100528037175666e-09]
('challenge', 241);[1.8826881081552004e-10, 0, 3.043081904737083e-12, 0.017986211314027313]
('challenge', 242);[8.874439231051531e-13, 0, 5.382619481389361e-13, 0.0004305571096741222]
('challenge', 243);[1.3887943864964021e-11, 3.927863545481039e-07, 2.129785170955785e-12, 8.764248219443636e-08]
('challenge', 244);[5.384929946805469e-13, 0, 2.2603250957489616e-06, 3.1608754254165217e-10]
('challenge', 245);[1.7603412757721762e-06, 0, 2.129777046485613e-12, 1.3709551640442868e-06]
('challenge', 246);[5.2877559744973176e-11, 0, 0, 0.03732684353616975]
('challenge', 247);[7.991959892953932e-11, 1.4166087866431961e-09, 3.5114221133765118e-12, 3.059020287707785e-07]
('challenge', 248);[3.327645213893678e-11, 0, 0, 0.0011695103074966034]
('challenge', 249);[5.3157852544244216e-08, 1.1399918530443554e-12, 1.3887943864964021e-11, 2.510999155743982e-08]
('challenge', 250);[1.3887890886763582e-11, 0, 5.109069538472553e-12, 4.78509457496562e-06]
('challenge', 251);[1.1398113952909674e-12, 0, 3.2656143226676844e-13, 0.0001584362410990077]
('challenge', 252);[4.058652126475693e-10, 1.186112015134383e-08, 3.0988191387218256e-12, 1.6918979226151304e-10]
('challenge', 253);[1.7832438895436006e-11, 2.9989551047989332e-09, 7.991944649514694e-11, 2.902312105056987e-06]
('challenge', 254);[0, 0, 0, 1.4573971648087809e-05]
('challenge', 255);[3.927863545481039e-07, 0, 7.835041785064389e-13, 2.9989608248573072e-09]
('challenge', 256);[1.6586720315704994e-12, 0, 3.0988073176874773e-12, 3.7266389560521204e-06]
('challenge', 257);[0.0005527785265734312, 0, 2.938451940521504e-11, 6.821828966775053e-08]
('challenge', 258);[5.04347662567888e-07, 6.101936677605324e-13, 2.020683909022217e-11, 1.522997974471263e-08]
('challenge', 259);[3.978583090493254e-12, 0, 2.4131326265984015e-12, 9.610239492660866e-05]
('challenge', 260);[7.194133030325383e-09, 0, 3.2661313427874473e-13, 9.056076989672867e-11]
('challenge', 261);[8.592166619174109e-10, 0, 9.545034922840628e-12, 2.4616969518153846e-10]
('challenge', 262);[0.0003353500342255387, 0, 3.0977790602985295e-12, 9.053037434973153e-11]
('challenge', 263);[1.694741826297377e-08, 0, 2.6855103552417068e-12, 0.017986211314027313]
('challenge', 264);[4.9444410711567335e-09, 0, 3.3315381877555444e-11, 2.902312105056987e-06]
('challenge', 265);[6.144171336422507e-06, 0, 2.594594651844305e-11, 1.41660068076589e-09]
('challenge', 266);[8.76404762401697e-08, 0, 9.237238235946381e-09, 2.1444937927240387e-05]
('challenge', 267);[3.331544542166412e-11, 2.646573638909117e-09, 8.764248219443636e-08, 6.47594599989589e-07]
('challenge', 268);[1.3887943864964021e-11, 1.57371021068629e-11, 2.646573638909117e-09, 3.398267819495071e-09]
('challenge', 269);[2.129785170955785e-12, 2.510999155743982e-08, 3.927863545481039e-07, 1.103256032343554e-09]
('challenge', 270);[1.4449802461092448e-07, 0, 7.433680672352188e-12, 8.764248219443636e-08]
('challenge', 271);[1.3794988049716252e-11, 0, 0, 0.006692851264215723]
('challenge', 272);[1.4150937939329562e-09, 0, 0.00015829185860201164, 0.0009109067531010568]
('challenge', 273);[0.00070967033651176, 0, 3.976140329204966e-12, 6.219729948962804e-11]
('challenge', 274);[2.129781108716825e-12, 2.2603250957489616e-06, 2.7346930755738013e-12, 2.5109943663977427e-08]
('challenge', 275);[2.914861880971057e-11, 0, 8.351219110831243e-12, 0.008577484930474293]
('challenge', 276);[1.3887943864964021e-11, 4.139937718785167e-08, 2.4616969518153846e-10, 3.2241867372567335e-08]
('challenge', 277);[1.8792312920026096e-12, 0, 0.0001584362410990077, 2.6461546931668486e-09]
('challenge', 278);[2.260322940135999e-06, 0, 0, 1.0677009553134769e-06]
('challenge', 279);[1.6918979226151304e-10, 1.3440409951135022e-08, 5.211412487888539e-10, 5.3157852544244216e-08]
('challenge', 280);[3.331226836469658e-11, 3.1605800235412415e-10, 1.9169886867530398e-10, 9.610239492660866e-05]
('challenge', 281);[5.759135353959948e-12, 0, 4.4852191234782196e-12, 0.005220125868449866]
('challenge', 282);[2.5943620688310486e-11, 0, 9.610239492660866e-05, 2.9986748353031113e-09]
('challenge', 283);[2.1444958378736654e-05, 0, 1.0060181719606595e-12, 2.3355440366213094e-09]
('challenge', 284);[1.6052280551856116e-09, 0, 1.2917800047859961e-12, 9.237449661970594e-09]
('challenge', 285);[6.82560337633487e-08, 0, 0, 1.4449802461092448e-07]
('challenge', 286);[1.162823303022097e-10, 4.508755242294825e-12, 2.4616969518153846e-10, 1.1253517471925912e-07]
('challenge', 287);[1.6586024323824614e-12, 0, 3.511261376907493e-12, 4.539785156619626e-05]
('challenge', 288);[3.511087254035744e-12, 0, 8.877418821455948e-13, 9.610239492660866e-05]
('challenge', 289);[1.0815652744342992e-11, 0, 0, 2.7535687796947383e-05]
('challenge', 290);[2.73453659965769e-12, 0, 5.829127258796956e-05, 1.38871227255673e-11]
('challenge', 291);[3.0985886366856072e-12, 0, 3.7007363831689017e-13, 7.484626212190614e-05]
('challenge', 292);[2.020683909022217e-11, 6.82560337633487e-08, 3.331544542166412e-11, 2.510999155743982e-08]
('challenge', 293);[1.57371021068629e-11, 0, 3.0988191387218256e-12, 3.927863545481039e-07]
('challenge', 294);[2.4133535656024068e-12, 0, 3.7266389560521204e-06, 1.4166033827198385e-09]
('challenge', 295);[2.9396123326044154e-11, 0, 0.0001584362410990077, 2.3819925445629222e-07]
('challenge', 296);[3.978583090493254e-12, 0, 9.610239492660866e-05, 1.1252444304041137e-07]
('challenge', 297);[5.109089028063325e-12, 5.3157852544244216e-08, 1.3887943864964021e-11, 4.363462252943702e-09]
('challenge', 298);[2.1297404867533686e-12, 0, 2.1444958378736654e-05, 2.3355440366213094e-09]
('challenge', 299);[1.670143001672819e-05, 0, 7.834907288812653e-13, 2.4616546943492456e-10]
('challenge', 300);[1.006039279283317e-12, 0, 3.850741922767617e-09, 2.172439935079017e-10]
('challenge', 301);[3.0988191387218256e-12, 4.139937718785167e-08, 7.433680672352188e-12, 3.1608814543136926e-10]
('challenge', 302);[2.2603250957489616e-06, 0, 6.101925039095844e-13, 3.775127343788253e-11]
('challenge', 303);[6.224085265122139e-11, 0, 1.0129987330277146e-05, 1.5229834500999985e-08]
('challenge', 304);[3.1590793262636734e-10, 0, 0.0005527693011634538, 1.669217857186697e-05]
('challenge', 305);[2.020683909022217e-11, 5.211412487888539e-10, 1.0815941557285693e-11, 1.186112015134383e-08]
('challenge', 306);[1.6586688679076848e-12, 0, 6.144177195963701e-06, 5.789323201862793e-12]
('challenge', 307);[2.7346982915918745e-12, 7.582560427911907e-10, 2.129785170955785e-12, 1.9555681087850496e-08]
('challenge', 308);[2.412322689953144e-12, 0, 0.0004305571096741222, 2.0602653313951394e-09]
('challenge', 309);[1.461580121095163e-12, 0, 0.001501181950907551, 1.1610769031257445e-10]
('challenge', 310);[6.691586091292782e-10, 0, 2.172439935079017e-10, 9.237449661970594e-09]
('challenge', 311);[1.2915163970798877e-12, 0, 0.00020342704214340812, 4.84637952565081e-11]
('challenge', 312);[1.0815941557285693e-11, 3.581747930283181e-10, 9.056076989672867e-11, 6.691586091292782e-10]
('challenge', 313);[4.277779709743936e-11, 0, 8.315271330899149e-07, 5.043467006019808e-07]
('challenge', 314);[4.363462252943702e-09, 5.789356328730652e-12, 3.0988191387218256e-12, 6.47594599989589e-07]
('challenge', 315);[1.6586783589142312e-12, 1.4449802461092448e-07, 5.384940217754036e-13, 7.991959892953932e-11]
('challenge', 316);[6.56018765557689e-12, 0, 2.940072131536564e-11, 8.315279260963632e-07]
('challenge', 317);[3.0988132281990144e-12, 0, 1.3709577789362383e-06, 4.0586443852184914e-10]
('challenge', 318);[2.129785170955785e-12, 0, 8.764248219443636e-08, 6.82560337633487e-08]
('challenge', 319);[4.539785156619626e-05, 0, 1.2917208731435977e-12, 2.061059272473023e-09]
('challenge', 320);[8.878265478459658e-13, 0, 5.109089028063325e-12, 3.927863545481039e-07]
('challenge', 321);[1.2256044067528294e-11, 0, 1.0815920927534024e-11, 1.7603429545652396e-06]
('challenge', 322);[5.109089028063325e-12, 0, 1.783247290814639e-11, 3.059023205018258e-07]
('challenge', 323);[2.7346513477873692e-12, 0, 1.1399722839551978e-12, 1.670143001672819e-05]
('challenge', 324);[2.734661779674285e-12, 0, 0, 1.3007123989067183e-05]
('challenge', 325);[4.508755242294825e-12, 5.211412487888539e-10, 2.7894680928689246e-10, 1.4166087866431961e-09]
('challenge', 326);[8.878265478459658e-13, 0, 8.764248219443636e-08, 3.775134544279098e-11]
('challenge', 327);[1.225602069100169e-11, 1.3709538566001813e-06, 1.1399875043288452e-12, 2.260320784525092e-06]
('challenge', 328);[1.0815941557285693e-11, 0, 5.043471815847051e-07, 3.850741922767617e-09]
('challenge', 329);[3.510986802460617e-12, 0, 5.384272646843293e-13, 0.0001233946226544279]
('challenge', 330);[2.461692256505547e-10, 0, 1.7603429545652396e-06, 1.5229950695859287e-08]
('challenge', 331);[2.734494874258873e-12, 0, 7.484619074298232e-05, 4.5987132832985696e-10]
('challenge', 332);[8.417489142981238e-12, 0, 0.00070967033651176, 8.146238632653715e-09]
('challenge', 333);[2.129781108716825e-12, 0, 2.2603250957489616e-06, 1.1253496007565217e-07]
('challenge', 334);[7.433524709160975e-12, 0, 3.0987541235909405e-12, 2.1444937927240387e-05]
('challenge', 335);[1.1399896786845267e-12, 0, 0, 2.2603250957489616e-06]
('challenge', 336);[2.5945649592348364e-11, 1.6701414089010932e-05, 4.5086778450458094e-12, 1.3440179233187392e-08]
('challenge', 337);[3.97896253583724e-12, 2.3823673954981372e-07, 8.423463754468647e-12, 9.237449661970594e-09]
('challenge', 338);[3.1608814543136926e-10, 0, 5.109089028063325e-12, 1.522997974471263e-08]
('challenge', 339);[4.507577227976932e-12, 0, 4.597853771380755e-10, 0.0002611902975925828]
('challenge', 340);[1.225602069100169e-11, 0, 1.8795216467193215e-12, 3.7266389560521204e-06]
('challenge', 341);[7.431738455089089e-12, 0, 0.0002611902975925828, 1.0464666949200221e-08]
('challenge', 342);[5.789356328730652e-12, 1.186112015134383e-08, 5.789356328730652e-12, 1.9555681087850496e-08]
('challenge', 343);[9.237449661970594e-09, 0, 3.97896253583724e-12, 6.82560337633487e-08]
('challenge', 344);[3.0590115357930596e-07, 0, 3.331531833356797e-11, 3.7266389560521204e-06]
('challenge', 345);[1.3887943864964021e-11, 0, 1.8553913626159784e-07, 3.059023205018258e-07]
('challenge', 346);[2.5945996006455864e-11, 3.7266389560521204e-06, 1.5737042074697027e-11, 2.3823605795000956e-07]
('challenge', 347);[2.1296592451508257e-12, 0, 5.829127258796956e-05, 1.026127288719515e-10]
('challenge', 348);[2.020629951660952e-11, 0, 2.7535687796947383e-05, 2.510932105727906e-08]
('challenge', 349);[5.3157852544244216e-08, 0, 2.020683909022217e-11, 2.9400777392844726e-11]
('challenge', 350);[5.109089028063325e-12, 0, 0, 3.927863545481039e-07]
('challenge', 351);[7.991898919371427e-11, 5.043433337357545e-07, 1.8553754377325157e-07, 7.889257112872668e-06]
('challenge', 352);[1.162823303022097e-10, 0, 1.6586783589142312e-12, 3.398267819495071e-09]
('challenge', 353);[1.2256067444099483e-11, 3.97896253583724e-12, 8.423463754468647e-12, 3.2241867372567335e-08]
('challenge', 354);[7.484626212190614e-05, 0, 1.4636696326736608e-12, 1.1031739679343254e-09]
('challenge', 355);[6.560200168153779e-12, 3.2241867372567335e-08, 1.006039279283317e-12, 4.277787868968998e-11]
('challenge', 356);[1.7830262216904018e-11, 2.1721706177519255e-10, 8.15101010865605e-09, 0.0001233946226544279]
('challenge', 357);[1.3883282556862041e-11, 0, 4.750598050849947e-13, 0.0003353500342255387]
('challenge', 358);[4.277787868968998e-11, 1.4449802461092448e-07, 4.8473687062702556e-11, 7.194133030325383e-09]
('challenge', 359);[6.914400106940203e-13, 0, 0, 1.8553913626159784e-07]
('challenge', 360);[1.5706305703459146e-11, 0, 0, 7.039077860658126e-11]
('challenge', 361);[1.2917775409135197e-12, 0, 6.47594599989589e-07, 3.9278597995802437e-07]
('challenge', 362);[4.78509457496562e-06, 0, 7.835011896808923e-13, 2.4133535656024068e-12]
('challenge', 363);[5.108952602489194e-12, 0, 0, 2.7535687796947383e-05]
('challenge', 364);[2.5937386512746795e-11, 0, 0.0003353500342255387, 9.23434923188752e-09]
('challenge', 365);[3.9753365185674985e-12, 0, 0.0009110514045295695, 2.059275298990363e-09]
('challenge', 366);[3.5111609203507424e-12, 0, 7.484619074298232e-05, 3.3980150433190693e-09]
('challenge', 367);[1.3709577789362383e-06, 0, 2.8823452958017853e-13, 4.363453930307876e-09]
('challenge', 368);[1.8788979770868487e-12, 0, 0.0003353500342255387, 1.6046892812236835e-09]
('challenge', 369);[1.3007123989067183e-05, 0, 2.413330550179034e-12, 2.789430849700478e-10]
('challenge', 370);[1.0814600705268036e-11, 0, 1.1398505282814422e-12, 0.0001233946226544279]
('challenge', 371);[1.4636389239848085e-12, 0, 3.265819875082058e-13, 9.610239492660866e-05]
('challenge', 372);[3.775120143311142e-11, 0, 2.902312105056987e-06, 1.8553860543063036e-07]
('challenge', 373);[1.463775722192624e-12, 0, 1.370956471489639e-06, 1.2501504819116561e-09]
('challenge', 374);[1.1398831401331572e-12, 0, 9.610239492660866e-05, 1.8552126578746053e-07]
('challenge', 375);[3.2661313427874473e-13, 0, 0, 8.315279260963632e-07]
('challenge', 376);[4.508720843353458e-12, 0, 7.88926463665814e-06, 5.3157446983561815e-08]
('challenge', 377);[2.129756735445775e-12, 0, 0, 1.3007123989067183e-05]
('challenge', 378);[1.0236505323990864e-10, 0, 0, 0.002472623024627213]
('challenge', 379);[2.0204912107763705e-11, 0, 5.788804239012836e-12, 9.610239492660866e-05]
('challenge', 380);[2.1444958378736654e-05, 0, 1.0060181719606595e-12, 3.511348441581523e-12]
('challenge', 381);[1.7603429545652396e-06, 4.1937876593567576e-13, 1.5737072090751337e-11, 4.363453930307876e-09]
('challenge', 382);[2.2895994626465945e-11, 0, 6.55981228936763e-12, 5.829127258796956e-05]
('challenge', 383);[0.0004305569043685425, 0, 2.5934913048757435e-11, 2.788265921669349e-10]
('challenge', 384);[7.484626212190614e-05, 0, 7.834458984647694e-13, 1.9170289071982265e-10]
('challenge', 385);[2.382369667501818e-07, 0, 1.783247290814639e-11, 3.775134544279098e-11]
('challenge', 386);[1.8794786283751106e-12, 0, 1.4637394275445062e-12, 2.7535687796947383e-05]
('challenge', 387);[4.547347824255912e-10, 2.5654380922541995e-11, 2.813344477861402e-08, 0.010984097184897498]
('challenge', 388);[5.04347662567888e-07, 0, 1.3176514270095466e-10, 9.545034922840628e-12]
('challenge', 389);[8.33090293030191e-12, 0, 6.488113725810989e-12, 0.010986931105910237]
('challenge', 390);[1.57371021068629e-11, 0, 2.382369667501818e-07, 7.582560427911907e-10]
('challenge', 391);[6.914347354455075e-13, 0, 0, 7.88926463665814e-06]
('challenge', 392);[3.0988132281990144e-12, 0, 2.2603250957489616e-06, 3.224180587614433e-08]
('challenge', 393);[4.1937956583795446e-13, 6.47594599989589e-07, 3.775134544279098e-11, 2.5946094982764667e-11]
('challenge', 394);[9.199957466600041e-10, 0, 0, 7.703030076297316e-09]
('challenge', 395);[5.829127258796956e-05, 0, 2.4132200792021233e-12, 7.991487359856958e-11]
('challenge', 396);[7.433666493745043e-12, 0, 2.902312105056987e-06, 5.211402547917536e-10]
('challenge', 397);[0.0001233946226544279, 0, 1.1398505282814422e-12, 2.6462455432380366e-09]
('challenge', 398);[0.0002611902975925828, 0, 2.1292287163933625e-12, 4.0575917117804165e-10]
('challenge', 399);[6.101936677605324e-13, 8.764248219443636e-08, 4.1937956583795446e-13, 1.6918979226151304e-10]
('challenge', 400);[6.914149536220301e-13, 0, 8.877943739286628e-13, 3.535625324942473e-05]
('challenge', 401);[8.878265478459658e-13, 4.508755242294825e-12, 4.508755242294825e-12, 5.3157852544244216e-08]
('challenge', 402);[4.139937718785167e-08, 0, 2.7894680928689246e-10, 1.917171513758312e-10]
('challenge', 403);[7.430476994620943e-12, 0, 0.0004305569043685425, 1.8545917485010933e-07]
('challenge', 404);[5.789356328730652e-12, 0, 1.8553913626159784e-07, 2.382369667501818e-07]
('challenge', 405);[4.508712243659123e-12, 0, 7.889249589094372e-06, 1.3709460119617329e-06]
('challenge', 406);[4.1937956583795446e-13, 6.82560337633487e-08, 6.914400106940203e-13, 9.237449661970594e-09]
('challenge', 407);[2.8746539390894315e-07, 0, 9.83651547844925e-09, 1.288330513982137e-06]
('challenge', 408);[3.0988191387218256e-12, 8.592166619174109e-10, 6.224144622907783e-11, 4.5990553786523166e-10]
('challenge', 409);[3.511402020915495e-12, 0, 0, 6.144177195963701e-06]
('challenge', 410);[1.6918914685490615e-10, 1.3887890886763582e-11, 1.8795216467193215e-12, 3.7266389560521204e-06]
('challenge', 411);[3.978939768096121e-12, 0, 0, 4.78509457496562e-06]
('challenge', 412);[5.211412487888539e-10, 8.315279260963632e-07, 3.850741922767617e-09, 4.363462252943702e-09]
('challenge', 413);[3.133771851791116e-10, 0, 0.008577484930474293, 3.622147773607161e-08]
('challenge', 414);[7.426906380246415e-12, 0, 0.0009110509701065104, 1.41531783507515e-09]
('challenge', 415);[2.9989608248573072e-09, 0, 6.101936677605324e-13, 2.289734845645553e-11]
('challenge', 416);[7.662998836864723e-08, 0, 2.360367562032005e-07, 7.4160544283177e-05]
('challenge', 417);[1.783247290814639e-11, 2.382369667501818e-07, 3.5114221133765118e-12, 7.05287985111216e-11]
('challenge', 418);[1.0261096742283707e-10, 7.484611936412656e-05, 5.315379707665505e-08, 3.653203485781594e-08]
('challenge', 419);[1.317390077984182e-10, 0, 7.483698343257072e-05, 0.00012338532642031244]
('challenge', 420);[3.3315191245956614e-11, 0, 7.88926463665814e-06, 8.151958519725165e-09]
('challenge', 421);[8.42341555516032e-12, 0, 7.052839494325397e-11, 6.144177195963701e-06]
('challenge', 422);[4.508660645837567e-12, 0, 2.1297404867533686e-12, 2.1444937927240387e-05]
('challenge', 423);[9.237449661970594e-09, 0, 0, 7.582560427911907e-10]
('challenge', 424);[2.9989608248573072e-09, 0, 4.8473687062702556e-11, 1.186112015134383e-08]
('challenge', 425);[2.7346200523653867e-12, 0, 2.7535687796947383e-05, 2.7893882866882685e-10]
('challenge', 426);[3.511321652221119e-12, 0, 1.4637366356857729e-12, 2.7535687796947383e-05]
('challenge', 427);[2.4802213933204274e-08, 0, 0, 3.957424767103602e-05]
('challenge', 428);[1.8795252316257836e-12, 0, 0, 1.7603429545652396e-06]
('challenge', 429);[1.3887864397739149e-11, 2.260318628916241e-06, 7.991914162723442e-11, 2.902306569341241e-06]
('challenge', 430);[3.500281777480242e-12, 0, 0.0031726831078774057, 1.4403959025625635e-07]
('challenge', 431);[2.9400777392844726e-11, 0, 8.764248219443636e-08, 2.382369667501818e-07]
('challenge', 432);[7.88926463665814e-06, 0, 2.244759928796518e-13, 2.2897173764216836e-11]
('challenge', 433);[3.47284364518852e-12, 0, 3.47284364518852e-12, 0.010986941583869245]
('challenge', 434);[6.144177195963701e-06, 0, 1.879518061819697e-12, 5.602764378170615e-09]
('challenge', 435);[5.043471815847051e-07, 0, 1.2501528663867426e-09, 2.9989608248573072e-09]
('challenge', 436);[2.016791119192328e-11, 0, 0.0019267342527389902, 2.5061617875971394e-08]
('challenge', 437);[2.5946094982764667e-11, 2.335593038799337e-09, 7.05287985111216e-11, 1.8553913626159784e-07]
('challenge', 438);[5.789014026903297e-12, 0, 0, 5.829127258796956e-05]
('challenge', 439);[5.789323201862793e-12, 4.78509457496562e-06, 3.775112942847765e-11, 5.3157548373442334e-08]
('challenge', 440);[1.6586783589142312e-12, 2.4616969518153846e-10, 4.752193062771153e-13, 4.363462252943702e-09]
('challenge', 441);[2.1297404867533686e-12, 0, 0, 2.1444958378736654e-05]
('challenge', 442);[1.6701414089010932e-05, 0, 3.160827194653125e-10, 1.4449554415922725e-07]
('challenge', 443);[2.129785170955785e-12, 9.056076989672867e-11, 3.5114221133765118e-12, 1.1253517471925912e-07]
('challenge', 444);[0.00020342704214340812, 7.833442923505478e-13, 1.2253566403819499e-11, 9.734213490624009e-10]
('challenge', 445);[2.172439935079017e-10, 2.9989608248573072e-09, 2.382369667501818e-07, 2.7894680928689246e-10]
('challenge', 446);[1.2917800047859961e-12, 1.2501528663867426e-09, 1.6586783589142312e-12, 5.905303998944039e-10]
('challenge', 447);[2.1296876793591916e-12, 0, 3.3313920396506804e-11, 4.539785156619626e-05]
('challenge', 448);[5.7874132064209165e-12, 0, 0.0003353500342255387, 2.9979542625809656e-09]
('challenge', 449);[1.463778514125909e-12, 1.6918979226151304e-10, 2.413362771833214e-12, 5.3157852544244216e-08]
('challenge', 450);[6.559712195339276e-12, 0, 7.484619074298232e-05, 8.76359630109343e-08]
('challenge', 451);[2.1297729842621496e-12, 0, 6.144177195963701e-06, 3.8507198887086315e-09]
('challenge', 452);[4.508755242294825e-12, 1.4449788680693535e-07, 3.97896253583724e-12, 8.315279260963632e-07]
('challenge', 453);[3.266125113142237e-13, 0, 1.0603555766826964e-13, 1.0677029917933763e-06]
('challenge', 454);[1.081585903851511e-11, 7.889257112872668e-06, 7.433623958085867e-12, 2.998937944689272e-09]
('challenge', 455);[7.433666493745043e-12, 1.8553860543063036e-07, 1.2256044067528294e-11, 2.789462772385846e-10]
('challenge', 456);[1.6052280551856116e-09, 2.129785170955785e-12, 1.162823303022097e-10, 2.335593038799337e-09]
('challenge', 457);[6.224132751305368e-11, 0, 2.902312105056987e-06, 7.19411930861867e-09]
('challenge', 458);[9.545016717148681e-12, 0, 1.0060373604175028e-12, 1.3709577789362383e-06]
('challenge', 459);[2.2897130091365408e-11, 1.0129987330277146e-05, 2.734672211600996e-12, 3.1608513099428305e-10]
('challenge', 460);[2.9989493847514694e-09, 0, 3.7266389560521204e-06, 1.1253474543245463e-07]
('challenge', 462);[3.3315381877555444e-11, 0, 6.101925039095844e-13, 1.0677029917933763e-06]
('challenge', 463);[2.7535687796947383e-05, 0, 6.22397842253449e-11, 2.172381925448772e-10]
('challenge', 464);[1.3887943864964021e-11, 1.1253517471925912e-07, 5.905303998944039e-10, 6.34880011604368e-09]
('challenge', 465);[1.1399244498181055e-12, 0, 0, 5.829127258796956e-05]
('challenge', 466);[2.4133581687134208e-12, 0, 1.0677029917933763e-06, 2.9989551047989332e-09]
('challenge', 467);[1.3887811419841853e-11, 7.889242065323251e-06, 1.9171532302731664e-10, 4.599011518851513e-10]
('challenge', 468);[1.162823303022097e-10, 0, 4.8473687062702556e-11, 5.04347662567888e-07]
('challenge', 469);[2.172439935079017e-10, 4.5990553786523166e-10, 2.5946094982764667e-11, 8.592166619174109e-10]
('challenge', 470);[4.363462252943702e-09, 2.510999155743982e-08, 1.6918979226151304e-10, 3.2241867372567335e-08]
('challenge', 471);[6.144171336422507e-06, 0, 7.433638136611882e-12, 3.0590027839033735e-07]
('challenge', 472);[1.388691082650761e-11, 0, 1.388691082650761e-11, 7.484626212190614e-05]
('challenge', 473);[1.0261840485812384e-10, 0, 3.850727233380951e-09, 3.7266389560521204e-06]
('challenge', 474);[3.9784692639462915e-12, 0, 6.101180220660504e-13, 0.0001233946226544279]
('challenge', 475);[2.5945154723075046e-11, 0, 3.535625324942473e-05, 5.3155926158560074e-08]
('challenge', 476);[2.9989608248573072e-09, 0, 7.433680672352188e-12, 2.646573638909117e-09]
('challenge', 477);[1.463778514125909e-12, 9.237449661970594e-09, 6.101936677605324e-13, 1.9555681087850496e-08]
('challenge', 478);[3.978954946575725e-12, 1.1032539280516758e-09, 3.3315381877555444e-11, 2.902312105056987e-06]
('challenge', 479);[5.788638622364249e-12, 0, 0.0001233946226544279, 4.362921314631966e-09]
('challenge', 480);[1.3156724966685587e-10, 0, 7.042287400299591e-11, 0.001501181950907551]
('challenge', 481);[2.646573638909117e-09, 0, 1.463778514125909e-12, 8.423463754468647e-12]
('challenge', 482);[6.914360542538626e-13, 0, 2.734682643567501e-12, 6.144177195963701e-06]
('challenge', 483);[4.139937718785167e-08, 0, 8.878265478459658e-13, 6.82560337633487e-08]
('challenge', 484);[1.2915163970798877e-12, 0, 0.00020342704214340812, 3.1602364275240186e-10]
('challenge', 485);[9.237449661970594e-09, 0, 7.835041785064389e-13, 7.991959892953932e-11]
('challenge', 486);[0, 0, 4.870935580342788e-08, 2.3469504328556307e-06]
('challenge', 487);[2.412028234941004e-12, 0, 0.0005527779994029991, 1.0671125753631979e-06]
('challenge', 488);[5.384940217754036e-13, 0, 2.382369667501818e-07, 5.905303998944039e-10]
('challenge', 489);[0.0005527785265734312, 0, 6.910576594728152e-13, 4.275422345726982e-11]
('challenge', 490);[2.020683909022217e-11, 2.510999155743982e-08, 2.5946094982764667e-11, 8.764248219443636e-08]
('challenge', 491);[2.7346982915918745e-12, 0, 6.691586091292782e-10, 6.47594599989589e-07]
('challenge', 492);[7.484626212190614e-05, 0, 2.882136393152779e-13, 2.789260601548332e-10]
('challenge', 493);[1.6918979226151304e-10, 6.224144622907783e-11, 2.020683909022217e-11, 2.510999155743982e-08]
('challenge', 494);[6.47594599989589e-07, 0, 1.2917800047859961e-12, 1.2501528663867426e-09]
('challenge', 495);[3.331544542166412e-11, 1.4449802461092448e-07, 4.277787868968998e-11, 2.382369667501818e-07]
('challenge', 496);[6.560175143023867e-12, 0, 5.109069538472553e-12, 3.7266389560521204e-06]
('challenge', 497);[8.871968284281345e-13, 0, 1.005325713699135e-12, 0.00070967033651176]
('challenge', 498);[2.4616781706297674e-10, 8.151958519725165e-09, 3.7751057423981215e-11, 7.88926463665814e-06]
('challenge', 499);[1.783237087020986e-11, 0, 4.78509457496562e-06, 1.955556918966588e-08]
('challenge', 500);[2.5436413892066206e-13, 0, 1.0129987330277146e-05, 1.0261781767258117e-10]
('challenge', 501);[1.291619862849521e-12, 0, 6.913542928923369e-13, 0.0001233946226544279]
('challenge', 502);[2.1297729842621496e-12, 0, 4.78509457496562e-06, 1.9171605436463008e-10]
('challenge', 503);[1.879503722289576e-12, 0, 1.3007123989067183e-05, 1.4930747413656186e-10]
('challenge', 504);[1.3887943864964021e-11, 0, 1.8553913626159784e-07, 6.82560337633487e-08]
('challenge', 505);[1.5229950695859287e-08, 1.5737072090751337e-11, 1.3887917375838539e-11, 1.370956471489639e-06]
('challenge', 506);[4.508755242294825e-12, 5.3157852544244216e-08, 1.463778514125909e-12, 5.905303998944039e-10]
('challenge', 507);[1.6586657042509044e-12, 0, 0, 7.88926463665814e-06]
('challenge', 508);[1.8553913626159784e-07, 0, 3.97896253583724e-12, 2.7894680928689246e-10]
('challenge', 509);[4.705279607273477e-11, 0, 6.367903483578136e-12, 0.029312232836486894]
('challenge', 510);[4.508755242294825e-12, 9.056076989672867e-11, 5.4927883509546835e-11, 6.691586091292782e-10]
('challenge', 511);[7.88926463665814e-06, 0, 2.543646240822174e-13, 2.172423360740883e-10]
('challenge', 512);[1.5673058270436294e-11, 0, 0, 0.004070137939983506]
('challenge', 513);[1.0676999370749836e-06, 0, 2.5945996006455864e-11, 2.902309337197794e-06]
('challenge', 514);[0.0001584362410990077, 0, 9.543523968570573e-12, 1.0260255202773798e-10]
('challenge', 515);[0, 0, 2.55612016382256e-10, 4.530831400917489e-09]
('challenge', 516);[6.101925039095844e-13, 0, 0, 1.3709577789362383e-06]
('challenge', 517);[1.670143001672819e-05, 0, 2.7346513477873692e-12, 6.691471223590459e-10]
('challenge', 518);[0.0031726800821724544, 5.367845720970937e-13, 1.0781606342653667e-11, 9.70529273777194e-10]
('challenge', 519);[8.874439231051531e-13, 0, 0.0004305569043685425, 3.3301087534191105e-11]
('challenge', 520);[8.878248544528286e-13, 0, 4.277779709743936e-11, 2.902312105056987e-06]
('challenge', 521);[2.902312105056987e-06, 0, 6.914386918781189e-13, 1.6918946955790182e-10]
('challenge', 522);[3.775098541962212e-11, 6.144159617356885e-06, 1.691881787496121e-10, 2.734672211600996e-12]
('challenge', 523);[5.789301117389528e-12, 0, 6.91433416639668e-13, 1.0129987330277146e-05]
('challenge', 524);[2.129781108716825e-12, 0, 1.3709577789362383e-06, 3.581741098647678e-10]
('challenge', 525);[9.545034922840628e-12, 1.57371021068629e-11, 1.783247290814639e-11, 2.7894680928689246e-10]
('challenge', 526);[3.700990501294565e-13, 0, 6.144177195963701e-06, 1.1628166493128219e-10]
('challenge', 527);[7.834877401070248e-13, 0, 0, 2.1444937927240387e-05]
('challenge', 528);[2.7346774275792743e-12, 0, 3.7266247400798e-06, 5.60275369175583e-09]
('challenge', 529);[3.978954946575725e-12, 1.9171678570473336e-10, 1.7832438895436006e-11, 2.2603250957489616e-06]
('challenge', 530);[7.835041785064389e-13, 0, 3.850741922767617e-09, 2.172439935079017e-10]
('challenge', 531);[1.917171513758312e-10, 0, 1.1253517471925912e-07, 1.1253517471925912e-07]
('challenge', 532);[1.081585903851511e-11, 0, 7.88926463665814e-06, 2.3823514915330412e-07]
('challenge', 533);[3.5114221133765118e-12, 8.764248219443636e-08, 5.211412487888539e-10, 1.1253517471925912e-07]
('challenge', 534);[7.410096581074714e-12, 0, 0, 0.0031726831078774057]
('challenge', 535);[0, 0, 0, 1.244915632556415e-09]
('challenge', 536);[2.902312105056987e-06, 0, 3.5114087183897262e-12, 2.0206762007395372e-11]
('challenge', 537);[6.560200168153779e-12, 1.783247290814639e-11, 2.129785170955785e-12, 2.382369667501818e-07]
('challenge', 538);[3.0987895862205052e-12, 0, 6.91433416639668e-13, 1.0129987330277146e-05]
('challenge', 539);[1.2917800047859961e-12, 0, 9.736200313009565e-10, 2.289734845645553e-11]
('challenge', 540);[8.878214676762437e-13, 0, 6.144177195963701e-06, 3.978939768096121e-12]
('challenge', 541);[1.006039279283317e-12, 3.398267819495071e-09, 0, 2.335593038799337e-09]
('challenge', 542);[3.7009128522382395e-13, 0, 4.193683673448897e-13, 2.7535687796947383e-05]
('challenge', 543);[5.490421135506776e-11, 0, 0.0004305571096741222, 1.4924512003235546e-10]
('challenge', 544);[1.57371021068629e-11, 5.211412487888539e-10, 2.061153622438558e-09, 4.139937718785167e-08]
('challenge', 545);[1.1399918530443554e-12, 1.103256032343554e-09, 4.752193062771153e-13, 2.129785170955785e-12]
('challenge', 546);[2.5946094982764667e-11, 0, 6.82560337633487e-08, 1.522997974471263e-08]
('challenge', 547);[2.413362771833214e-12, 0, 8.315279260963632e-07, 1.0467401794744658e-08]
('challenge', 548);[4.751739879933882e-13, 0, 5.384426694323024e-13, 9.610239492660866e-05]
('challenge', 549);[4.508746642534879e-12, 2.2603250957489616e-06, 8.423447688001894e-12, 6.348788006680007e-09]
('challenge', 550);[1.781982465552829e-11, 0, 0.00070967033651176, 5.312014863458017e-08]
('challenge', 551);[7.88926463665814e-06, 0, 1.542799432521433e-13, 4.8473317239230337e-11]
('challenge', 552);[1.6586783589142312e-12, 0, 3.9278597995802437e-07, 5.905303998944039e-10]
('challenge', 553);[1.317591111094531e-10, 0, 0, 4.539785156619626e-05]
('challenge', 554);[2.594080028045039e-11, 0, 5.1080464393609134e-12, 0.00020342704214340812]
('challenge', 555);[1.3007123989067183e-05, 0, 2.543631686003276e-13, 1.2255903809037485e-11]
('challenge', 556);[9.54254106651008e-12, 0, 0, 0.0002611902975925828]
('challenge', 557);[3.266125113142237e-13, 0, 0, 2.902312105056987e-06]
('challenge', 558);[3.0985768165305527e-12, 7.484597660661926e-05, 3.0985768165305527e-12, 4.944063854629901e-09]
('challenge', 559);[2.461673475355752e-10, 0, 4.7850717579110314e-06, 7.1940644220535355e-09]
('challenge', 560);[0, 0, 0, 1.4414037948703013e-08]
('challenge', 561);[2.7346513477873692e-12, 0, 1.670143001672819e-05, 5.211323028832021e-10]
('challenge', 562);[2.5946094982764667e-11, 2.510999155743982e-08, 6.560200168153779e-12, 4.277787868968998e-11]
('challenge', 563);[2.020683909022217e-11, 2.382369667501818e-07, 6.560200168153779e-12, 1.0467401794744658e-08]
('challenge', 564);[3.5114154158767316e-12, 9.73618174269892e-10, 1.3887917375838539e-11, 1.0677029917933763e-06]
('challenge', 565);[2.7346774275792743e-12, 0, 7.88926463665814e-06, 1.3887837908765238e-11]
('challenge', 566);[9.544998511491458e-12, 0, 1.0677009553134769e-06, 1.7603412757721762e-06]
('challenge', 567);[1.0815941557285693e-11, 4.363462252943702e-09, 1.493094676197164e-10, 4.139937718785167e-08]
('challenge', 568);[2.7346982915918745e-12, 0, 0, 5.04347662567888e-07]
('challenge', 569);[0.00070967033651176, 1.878195700521073e-12, 2.4116510169826952e-12, 3.848010660712312e-09]
('challenge', 570);[6.914400106940203e-13, 0, 0, 5.3157852544244216e-08]
('challenge', 571);[9.545034922840628e-12, 0, 3.927863545481039e-07, 1.493094676197164e-10]
('challenge', 572);[4.508746642534879e-12, 0, 1.463775722192624e-12, 2.2603250957489616e-06]
('challenge', 573);[2.7346982915918745e-12, 1.493094676197164e-10, 9.545034922840628e-12, 7.194133030325383e-09]
('challenge', 574);[4.508729443064196e-12, 4.78509457496562e-06, 2.940060916072835e-11, 2.0611418284566694e-09]
('challenge', 575);[2.1024278372789506e-07, 0, 2.260322940135999e-06, 3.059014453095186e-07]
('challenge', 576);[3.0988191387218256e-12, 1.4449802461092448e-07, 7.433680672352188e-12, 1.2501528663867426e-09]
('challenge', 577);[2.129764859838466e-12, 0, 2.5436413892066206e-13, 1.0129987330277146e-05]
('challenge', 578);[2.8823507934443873e-13, 0, 6.47594599989589e-07, 8.423463754468647e-12]
('challenge', 579);[2.5945996006455864e-11, 0, 2.260320784525092e-06, 1.0676999370749836e-06]
('challenge', 580);[2.1296876793591916e-12, 0, 4.539785156619626e-05, 4.1397482118135213e-08]
('challenge', 581);[1.006039279283317e-12, 8.315279260963632e-07, 1.463778514125909e-12, 1.3176514270095466e-10]
('challenge', 582);[3.650152805745391e-08, 0, 7.426906380246415e-12, 0.0009110509701065104]
('challenge', 583);[0.00070967033651176, 0, 3.976140329204966e-12, 3.579207460833434e-10]
('challenge', 584);[7.834967064639501e-13, 0, 0, 1.0129987330277146e-05]
('challenge', 585);[6.91433416639668e-13, 0, 0, 1.0129987330277146e-05]
('challenge', 586);[1.6052249934589952e-09, 2.940072131536564e-11, 3.9278523077893697e-07, 2.260322940135999e-06]
('challenge', 587);[1.0254601064865599e-10, 0, 0.00070967033651176, 7.1890303610318725e-09]
('challenge', 588);[1.0815178282679229e-11, 0, 5.829049432071154e-05, 1.3006367332911505e-05]
('challenge', 589);[1.7603429545652396e-06, 8.878248544528286e-13, 7.052866398824247e-11, 1.6918946955790182e-10]
('challenge', 590);[4.508196292014655e-12, 0, 0.0001233945049762016, 1.8551613497928757e-07]
('challenge', 591);[4.192388065299494e-13, 0, 0.0003353500342255387, 8.420636528190429e-12]
('challenge', 592);[1.2917800047859961e-12, 5.3157852544244216e-08, 7.991959892953932e-11, 5.4927883509546835e-11]
('challenge', 593);[2.1712386232525022e-10, 0, 2.1712386232525022e-10, 0.0005527782629881523]
('challenge', 594);[3.927863545481039e-07, 0, 2.413362771833214e-12, 1.8189616875530459e-09]
('challenge', 595);[3.978954946575725e-12, 4.277779709743936e-11, 4.508746642534879e-12, 1.7603429545652396e-06]
('challenge', 596);[1.0815446454105586e-11, 0, 1.0815446454105586e-11, 4.539785156619626e-05]
('challenge', 597);[7.835041785064389e-13, 0, 3.059020287707785e-07, 2.172439935079017e-10]
('challenge', 598);[4.508746642534879e-12, 0, 3.9278597995802437e-07, 8.315279260963632e-07]
('challenge', 599);[1.2917800047859961e-12, 1.186112015134383e-08, 1.0815941557285693e-11, 1.493094676197164e-10]
('challenge', 600);[1.0815879668148733e-11, 0, 3.7266318480591813e-06, 1.7603362394025924e-06]
('challenge', 601);[3.7266389560521204e-06, 0, 5.789334244131017e-12, 7.194105586938129e-09]
('challenge', 602);[2.4133581687134208e-12, 1.0677029917933763e-06, 1.0060373604175028e-12, 1.955564378838448e-08]
('challenge', 603);[0.00020342704214340812, 0, 5.1080464393609134e-12, 1.1625860109271712e-10]
('challenge', 604);[8.878079206990988e-13, 0, 2.1444937927240387e-05, 5.4926731088777584e-11]
('challenge', 605);[1.2256067444099483e-11, 0, 1.522997974471263e-08, 8.764248219443636e-08]
('challenge', 606);[3.775134544279098e-11, 7.991959892953932e-11, 4.8473687062702556e-11, 5.3157852544244216e-08]
('challenge', 607);[5.789091319095204e-12, 0, 0, 4.539785156619626e-05]
('challenge', 608);[2.7894521314501314e-10, 0, 1.2255997314519675e-11, 6.144177195963701e-06]
('challenge', 609);[3.5114154158767316e-12, 2.2603250957489616e-06, 8.423447688001894e-12, 1.3440384315611926e-08]
('challenge', 610);[2.413362771833214e-12, 1.1253517471925912e-07, 4.508755242294825e-12, 1.2256067444099483e-11]
('challenge', 611);[1.0815900297821705e-11, 0, 1.7603379181908526e-06, 2.902306569341241e-06]
('challenge', 612);[2.3355885840133965e-09, 5.211402547917536e-10, 2.1724357914826287e-10, 2.902312105056987e-06]
('challenge', 613);[1.0815900297821705e-11, 0, 3.16086939653085e-10, 4.78509457496562e-06]
('challenge', 614);[0.005220125868449866, 0, 5.082419111435092e-12, 2.4978915082222002e-08]
('challenge', 615);[1.3881958606993705e-11, 0, 1.4631476725770349e-12, 0.0004305571096741222]
('challenge', 616);[5.109089028063325e-12, 3.059023205018258e-07, 1.783247290814639e-11, 4.944450501938644e-09]
('challenge', 617);[7.433638136611882e-12, 0, 6.144171336422507e-06, 1.1253453078966649e-07]
('challenge', 618);[9.545034922840628e-12, 1.3440409951135022e-08, 2.129785170955785e-12, 1.8553913626159784e-07]
('challenge', 619);[7.4295700093313e-12, 0, 0.0005527785265734312, 4.1376484236648255e-08]
('challenge', 620);[7.433680672352188e-12, 2.646573638909117e-09, 1.6586783589142312e-12, 3.1608814543136926e-10]
('challenge', 621);[1.670143001672819e-05, 0, 1.4637533869180492e-12, 5.905202628552533e-10]
('challenge', 622);[1.493094676197164e-10, 2.413362771833214e-12, 1.2256067444099483e-11, 5.3157852544244216e-08]
('challenge', 623);[1.57371021068629e-11, 0, 8.152020714470167e-09, 2.510999155743982e-08]
('challenge', 624);[2.408713497390992e-12, 0, 0, 0.0019267342527389902]
('challenge', 625);[0.00020342704214340812, 0, 4.507835160994277e-12, 5.6016531001956e-09]
('challenge', 627);[3.0986772892857843e-12, 0, 3.0986772892857843e-12, 4.539785156619626e-05]
('challenge', 628);[3.581741098647678e-10, 3.224180587614433e-08, 6.224132751305368e-11, 2.2603250957489616e-06]
('challenge', 629);[1.0254601064865599e-10, 0, 5.10546524301634e-12, 0.00070967033651176]
('challenge', 630);[5.829127258796956e-05, 0, 1.4636919666702374e-12, 9.055541539525008e-11]
('challenge', 631);[7.484626212190614e-05, 0, 3.265888395428674e-13, 7.433127726712295e-12]
('challenge', 632);[6.56018765557689e-12, 2.260322940135999e-06, 5.789345286420304e-12, 3.9278523077893697e-07]
('challenge', 633);[5.789356328730652e-12, 4.508755242294825e-12, 9.056076989672867e-11, 6.34880011604368e-09]
('challenge', 634);[2.7346982915918745e-12, 0, 6.47594599989589e-07, 2.5946094982764667e-11]
('challenge', 635);[3.5114221133765118e-12, 4.363462252943702e-09, 2.020683909022217e-11, 2.7894680928689246e-10]
('challenge', 636);[2.129748611084076e-12, 0, 1.3887705464653542e-11, 1.670143001672819e-05]
('challenge', 637);[4.277787868968998e-11, 0, 6.691586091292782e-10, 1.4449802461092448e-07]
('challenge', 638);[5.789014026903297e-12, 0, 5.829121699710653e-05, 1.0676408809038473e-06]
('challenge', 639);[3.97896253583724e-12, 6.47594599989589e-07, 2.020683909022217e-11, 3.850741922767617e-09]
('challenge', 640);[2.287054879129216e-11, 0, 6.552521935530227e-12, 0.0011695103074966034]
('challenge', 641);[1.0129987330277146e-05, 0, 2.9400497006518893e-11, 3.1608513099428305e-10]
('challenge', 642);[6.218472577572156e-11, 0, 2.4111634811864684e-12, 0.0009110514045295695]
('challenge', 643);[3.775134544279098e-11, 6.47594599989589e-07, 2.129785170955785e-12, 7.05287985111216e-11]
('challenge', 644);[1.57371021068629e-11, 0, 1.4449802461092448e-07, 1.1253517471925912e-07]
('challenge', 645);[1.6586783589142312e-12, 1.522997974471263e-08, 6.101936677605324e-13, 2.7346982915918745e-12]
('challenge', 646);[8.423158496840455e-12, 0, 3.535625324942473e-05, 1.7257202582094774e-08]
('challenge', 647);[0, 0, 0, 9.970191950334105e-09]
('challenge', 648);[6.82560337633487e-08, 0, 4.8473687062702556e-11, 5.602796437537268e-09]
('challenge', 649);[2.5945154723075046e-11, 0, 0, 3.535625324942473e-05]
('challenge', 650);[2.7343592711096965e-12, 0, 0.0001233945049762016, 2.38207432519079e-07]
('challenge', 651);[3.97896253583724e-12, 5.789356328730652e-12, 4.363462252943702e-09, 2.4616969518153846e-10]
('challenge', 652);[2.289721743715156e-11, 0, 6.144171336422507e-06, 3.92783732425049e-07]
('challenge', 653);[0.0005527785265734312, 0, 5.489750958988169e-11, 1.046161355021561e-08]
('challenge', 654);[1.026187963170189e-10, 1.3440409951135022e-08, 3.1608814543136926e-10, 4.139937718785167e-08]
('challenge', 655);[2.020683909022217e-11, 0, 5.043471815847051e-07, 5.043471815847051e-07]
('challenge', 656);[6.559712195339276e-12, 0, 7.484626212190614e-05, 4.0583502283856226e-10]
('challenge', 657);[3.70099756038047e-13, 0, 0, 3.7266389560521204e-06]
('challenge', 658);[3.7746665409394154e-11, 0, 2.881993468485066e-13, 0.0001233946226544279]
('challenge', 659);[2.646573638909117e-09, 0, 1.2256067444099483e-11, 9.545034922840628e-12]
('challenge', 660);[6.560175143023867e-12, 0, 3.7266389560521204e-06, 1.4166033827198385e-09]
('challenge', 661);[2.289630032301502e-11, 0, 2.1296876793591916e-12, 4.539785156619626e-05]
('challenge', 662);[8.878265478459658e-13, 0, 1.8553913626159784e-07, 2.335593038799337e-09]
('challenge', 663);[1.0060373604175028e-12, 2.2603250957489616e-06, 5.384929946805469e-13, 4.0586443852184914e-10]
('challenge', 664);[8.423463754468647e-12, 0, 8.315279260963632e-07, 1.186112015134383e-08]
('challenge', 665);[7.433680672352188e-12, 1.2256067444099483e-11, 2.3823673954981372e-07, 6.47594599989589e-07]
('challenge', 666);[5.1090792832586454e-12, 0, 2.7346930755738013e-12, 1.3709577789362383e-06]
('challenge', 667);[1.3176514270095466e-10, 5.043471815847051e-07, 4.508755242294825e-12, 5.3157852544244216e-08]
('challenge', 668);[5.109089028063325e-12, 2.5946094982764667e-11, 4.944450501938644e-09, 1.917171513758312e-10]
('challenge', 669);[2.7163942062914646e-12, 0, 0, 0.006692851264215723]
('challenge', 670);[3.0988132281990144e-12, 0, 8.315279260963632e-07, 3.9278597995802437e-07]
('challenge', 671);[8.418805763025449e-12, 0, 0, 0.0005527785265734312]
('challenge', 672);[0.00020342704214340812, 0, 1.005833981395376e-12, 1.8185905002640507e-09]
('challenge', 673);[5.108855157880887e-12, 4.539785156619626e-05, 1.0815446454105586e-11, 3.850565653825923e-09]
('challenge', 674);[1.1399396695530941e-12, 0, 0, 4.539785156619626e-05]
('challenge', 675);[6.560200168153779e-12, 5.3157852544244216e-08, 1.026187963170189e-10, 2.510999155743982e-08]
('challenge', 676);[1.5737072090751337e-11, 7.19411930861867e-09, 3.0988132281990144e-12, 1.7603429545652396e-06]
('challenge', 677);[5.785250042310414e-12, 0, 2.2881107778617203e-11, 0.00070967033651176]
('challenge', 678);[2.7346982915918745e-12, 1.493094676197164e-10, 7.05287985111216e-11, 8.592166619174109e-10]
('challenge', 679);[5.789334244131017e-12, 0, 3.7266389560521204e-06, 3.850727233380951e-09]
('challenge', 680);[5.789345286420304e-12, 6.101925039095844e-13, 1.7603429545652396e-06, 1.1253496007565217e-07]
('challenge', 681);[1.1399396695530941e-12, 0, 0, 4.539785156619626e-05]
('challenge', 682);[2.5943620688310486e-11, 0, 9.610239492660866e-05, 1.5228527369916164e-08]
('challenge', 683);[2.129781108716825e-12, 0, 0, 2.2603250957489616e-06]
('challenge', 684);[7.484626212190614e-05, 0, 2.882136393152779e-13, 2.4615138413676485e-10]
('challenge', 685);[9.543523968570573e-12, 0, 1.1398113952909674e-12, 0.00015843609000250583]
('challenge', 686);[7.835026840922404e-13, 0, 0, 2.902312105056987e-06]
('challenge', 687);[2.413362771833214e-12, 1.2501528663867426e-09, 1.3176514270095466e-10, 7.582560427911907e-10]
('challenge', 688);[1.2255997314519675e-11, 0, 1.3887864397739149e-11, 6.144177195963701e-06]
('challenge', 689);[7.835026840922404e-13, 0, 3.701004619479839e-13, 1.0677029917933763e-06]
('challenge', 690);[3.8503673609111966e-09, 0, 1.9553778905788248e-08, 9.610239492660866e-05]
('challenge', 691);[1.7816222226179733e-11, 0, 0, 0.0009110514045295695]
('challenge', 692);[1.493094676197164e-10, 5.043471815847051e-07, 4.058652126475693e-10, 4.5990553786523166e-10]
('challenge', 693);[4.752193062771153e-13, 0, 1.2501528663867426e-09, 7.991959892953932e-11]
('challenge', 694);[3.0988191387218256e-12, 0, 2.9400777392844726e-11, 8.315279260963632e-07]
('challenge', 695);[7.433581422670082e-12, 0, 1.3007123989067183e-05, 3.653433434796543e-08]
('challenge', 696);[3.398267819495071e-09, 0, 1.493094676197164e-10, 3.2241867372567335e-08]
('challenge', 697);[1.4636389239848085e-12, 0, 2.734437502875066e-12, 9.610239492660866e-05]
('challenge', 698);[1.463772930264664e-12, 0, 3.266118883508909e-13, 3.7266389560521204e-06]
('challenge', 699);[1.7759901733971116e-11, 0, 1.2206190054139545e-11, 0.004070137939983506]
('challenge', 700);[6.101936677605324e-13, 0, 2.2447770550209742e-13, 2.382369667501818e-07]
('challenge', 701);[1.3887943864964021e-11, 1.6052280551856116e-09, 5.211412487888539e-10, 4.8473687062702556e-11]
('challenge', 702);[1.0815920927534024e-11, 1.5229950695859287e-08, 4.599046606658694e-10, 4.0586443852184914e-10]
('challenge', 703);[3.775084141131594e-11, 0, 2.129756735445775e-12, 1.3007123989067183e-05]
('challenge', 704);[2.7346409159402473e-12, 0, 1.4637478031526568e-12, 2.1444958378736654e-05]
('challenge', 705);[3.331544542166412e-11, 0, 5.043471815847051e-07, 2.061153622438558e-09]
('challenge', 706);[7.433241148105686e-12, 0, 3.978727275461189e-12, 5.829127258796956e-05]
('challenge', 707);[2.9400777392844726e-11, 1.522997974471263e-08, 1.8189616875530459e-09, 2.9989608248573072e-09]
('challenge', 708);[8.764248219443636e-08, 0, 5.789356328730652e-12, 1.2501528663867426e-09]
('challenge', 709);[1.773938575246694e-11, 0, 5.082419111435092e-12, 0.005220125868449866]
('challenge', 710);[2.129764859838466e-12, 0, 5.384888863207103e-13, 1.0129987330277146e-05]
('challenge', 711);[0.00070967033651176, 0, 2.5418614710380763e-13, 1.387809339592056e-11]
('challenge', 712);[4.78509457496562e-06, 0, 3.9789473573286855e-12, 9.056042443546628e-11]
('challenge', 713);[9.54432492658496e-12, 0, 0, 7.484619074298232e-05]
('challenge', 714);[1.3176514270095466e-10, 0, 1.0815941557285693e-11, 1.1253517471925912e-07]
('challenge', 715);[2.1297729842621496e-12, 0, 4.785090011545999e-06, 4.5990290627216413e-10]
('challenge', 716);[3.1607970507997207e-10, 0, 2.7535687796947383e-05, 2.061098584433785e-09]
('challenge', 717);[6.56018765557689e-12, 0, 2.2897304783270907e-11, 1.3709577789362383e-06]
('challenge', 718);[6.47594599989589e-07, 0, 3.5114221133765118e-12, 1.9555681087850496e-08]
('challenge', 719);[8.877859073021082e-13, 0, 0, 4.539785156619626e-05]
('challenge', 720);[1.0060373604175028e-12, 0, 2.2603250957489616e-06, 4.0586443852184914e-10]
('challenge', 721);[9.545034922840628e-12, 2.8453348089834e-08, 3.1608814543136926e-10, 6.34880011604368e-09]
('challenge', 722);[1.8553913626159784e-07, 0, 8.878265478459658e-13, 2.020683909022217e-11]
('challenge', 723);[5.829127258796956e-05, 0, 2.5944560892406255e-11, 9.236903487971303e-09]
('challenge', 724);[2.172439935079017e-10, 2.020683909022217e-11, 7.582560427911907e-10, 1.4449802461092448e-07]
('challenge', 725);[3.97896253583724e-12, 0, 1.3440409951135022e-08, 1.8553913626159784e-07]
('challenge', 726);[3.9789473573286855e-12, 1.0677009553134769e-06, 3.331531833356797e-11, 5.315764976351624e-08]
('challenge', 727);[0, 0, 2.057045541672997e-09, 3.217760617740115e-08]
('challenge', 728);[2.413362771833214e-12, 0, 3.059023205018258e-07, 3.1608814543136926e-10]
('challenge', 729);[2.0206800548772015e-11, 0, 3.1608754254165217e-10, 2.902312105056987e-06]
('challenge', 730);[4.508755242294825e-12, 0, 3.059023205018258e-07, 7.194133030325383e-09]
('challenge', 731);[1.3709577789362383e-06, 0, 9.545016717148681e-12, 8.592150230932485e-10]
('challenge', 732);[5.829127258796956e-05, 0, 2.1296592451508257e-12, 1.955452483748492e-08]
('challenge', 733);[1.5736982042760156e-11, 7.88926463665814e-06, 5.109050048956128e-12, 8.592101066395158e-10]
('challenge', 734);[8.423463754468647e-12, 3.059023205018258e-07, 7.433680672352188e-12, 9.736200313009565e-10]
('challenge', 735);[2.734140234073664e-12, 0, 0, 0.00020342704214340812]
('challenge', 736);[0, 0, 0, 0]
('challenge', 737);[4.1105106234184536e-08, 0, 0, 0.0001573349660149952]
('challenge', 738);[6.914400106940203e-13, 0, 8.315279260963632e-07, 1.0815941557285693e-11]
('challenge', 739);[4.539785156619626e-05, 0, 3.511261376907493e-12, 1.9554785920301333e-08]
('challenge', 740);[6.552521935530227e-12, 0, 0.001169509749830765, 1.571868298432093e-11]
('challenge', 741);[7.433538887497686e-12, 1.6701366305950292e-05, 8.4233030911801e-12, 2.9022622839953758e-06]
('challenge', 742);[4.943752672659979e-09, 0, 0.00012339226911122492, 6.143339338306422e-06]
('challenge', 743);[3.579767301922062e-10, 0, 0.0005527785265734312, 1.954486722340847e-08]
('challenge', 744);[6.101936677605324e-13, 1.9555681087850496e-08, 2.129785170955785e-12, 3.5114221133765118e-12]
('challenge', 745);[2.020683909022217e-11, 2.335593038799337e-09, 1.917171513758312e-10, 8.764248219443636e-08]
('challenge', 746);[7.433680672352188e-12, 3.2241867372567335e-08, 2.129785170955785e-12, 5.211412487888539e-10]
('challenge', 747);[7.051763398525723e-11, 0, 0.00015843609000250583, 2.3819902729188937e-07]
('challenge', 748);[3.3265410226910006e-11, 0, 1.0246467706709839e-10, 0.001501181950907551]
('challenge', 749);[6.560200168153779e-12, 0, 6.47594599989589e-07, 2.646573638909117e-09]
('challenge', 750);[1.2579578390362537e-05, 0, 0.0014540008745819145, 1.2579578390362537e-05]
('challenge', 751);[2.413362771833214e-12, 0, 6.82560337633487e-08, 6.82560337633487e-08]
('challenge', 752);[7.433340393244606e-12, 0, 1.463711509196798e-12, 4.539785156619626e-05]
('challenge', 753);[3.733651660878143e-11, 0, 0.01098692586693448, 1.055971596147144e-06]
('challenge', 754);[4.139937718785167e-08, 0, 1.3887943864964021e-11, 2.7894680928689246e-10]
('challenge', 755);[8.764248219443636e-08, 0, 6.101936677605324e-13, 8.592166619174109e-10]
('challenge', 756);[1.0815941557285693e-11, 0, 8.315279260963632e-07, 2.215948977336598e-08]
('challenge', 757);[3.5114221133765118e-12, 2.382369667501818e-07, 5.789356328730652e-12, 2.061153622438558e-09]
('challenge', 758);[1.7603429545652396e-06, 0, 4.508746642534879e-12, 4.9444410711567335e-09]
('challenge', 759);[4.508755242294825e-12, 3.398267819495071e-09, 9.056076989672867e-11, 4.944450501938644e-09]
('challenge', 760);[5.788638622364249e-12, 0, 5.904571918547718e-10, 0.0001233946226544279]
('challenge', 761);[6.560112580616738e-12, 0, 0, 1.3007123989067183e-05]
('challenge', 762);[3.581747930283181e-10, 0, 2.7346982915918745e-12, 5.211412487888539e-10]
('challenge', 763);[4.508755242294825e-12, 2.382369667501818e-07, 4.8473687062702556e-11, 5.3157852544244216e-08]
('challenge', 764);[7.834996952723946e-13, 0, 3.511402020915495e-12, 6.144171336422507e-06]
('challenge', 765);[1.8189304632742557e-09, 0, 8.764097772443205e-08, 1.6701414089010932e-05]
('challenge', 766);[4.508755242294825e-12, 1.1253517471925912e-07, 4.8473687062702556e-11, 7.194133030325383e-09]
('challenge', 767);[1.2917800047859961e-12, 8.764248219443636e-08, 8.878265478459658e-13, 3.1608814543136926e-10]
('challenge', 768);[1.0815941557285693e-11, 1.1253517471925912e-07, 1.3887943864964021e-11, 1.186112015134383e-08]
('challenge', 769);[1.5735931520934063e-11, 0, 1.879389009986991e-12, 7.484626212190614e-05]
('challenge', 770);[4.277755232162124e-11, 6.475896592537368e-07, 3.7751057423981215e-11, 7.889257112872668e-06]
('challenge', 771);[2.9400777392844726e-11, 9.736200313009565e-10, 1.783247290814639e-11, 3.927863545481039e-07]
('challenge', 772);[1.7603429545652396e-06, 0, 4.752183998690856e-13, 1.2256044067528294e-11]
('challenge', 773);[3.5113752311463146e-12, 0, 0, 1.3007123989067183e-05]
('challenge', 774);[0.0003353500342255387, 0, 4.750598050849947e-13, 3.223104580826177e-08]
('challenge', 775);[1.3709094042424787e-06, 0, 7.433411283440817e-12, 3.5356219531090163e-05]
('challenge', 776);[6.144177195963701e-06, 0, 1.6586688679076848e-12, 2.940060916072835e-11]
('challenge', 777);[1.026187963170189e-10, 0, 6.691586091292782e-10, 4.944450501938644e-09]
('challenge', 778);[4.508755242294825e-12, 0, 1.1253517471925912e-07, 8.592166619174109e-10]
('challenge', 779);[3.0987541235909405e-12, 0, 2.1444958378736654e-05, 9.735996041540552e-10]
('challenge', 780);[1.0815941557285693e-11, 4.8473687062702556e-11, 9.736200313009565e-10, 6.224144622907783e-11]
('challenge', 781);[6.914347354455075e-13, 0, 1.4637673464247198e-12, 7.889257112872668e-06]
('challenge', 782);[7.430476994620943e-12, 6.911420222462529e-13, 0, 0.0004305571096741222]
('challenge', 783);[6.47594599989589e-07, 0, 1.2917800047859961e-12, 6.691586091292782e-10]
('challenge', 784);[3.059023205018258e-07, 0, 1.917171513758312e-10, 1.9555681087850496e-08]
('challenge', 785);[4.277534940228489e-11, 0, 5.829121699710653e-05, 3.0588423370299117e-07]
('challenge', 786);[3.398267819495071e-09, 0, 5.384940217754036e-13, 4.508755242294825e-12]
('challenge', 787);[1.57371021068629e-11, 4.944450501938644e-09, 4.277787868968998e-11, 1.522997974471263e-08]
('challenge', 788);[4.752193062771153e-13, 0, 1.522997974471263e-08, 2.9400777392844726e-11]
('challenge', 789);[6.914400106940203e-13, 2.335593038799337e-09, 8.878265478459658e-13, 1.493094676197164e-10]
('challenge', 790);[1.290268071137485e-12, 0, 0, 0.0011695103074966034]
('challenge', 791);[2.7894680928689246e-10, 0, 0, 1.4449802461092448e-07]
('challenge', 792);[3.69896509998409e-13, 0, 0, 0.0005527785265734312]
('challenge', 793);[5.829127258796956e-05, 0, 4.193547695767485e-13, 1.444896188080816e-07]
('challenge', 794);[1.6918850145076126e-10, 2.5945897030524627e-11, 2.998937944689272e-09, 6.144165476886902e-06]
('challenge', 795);[1.2256067444099483e-11, 0, 1.1253517471925912e-07, 1.522997974471263e-08]
('challenge', 796);[4.84637952565081e-11, 0.0002034268481403553, 1.2253566403819499e-11, 1.8185905002640507e-09]
('challenge', 797);[2.1297283003154174e-12, 0, 2.7535687796947383e-05, 2.5945402156531843e-11]
('challenge', 798);[1.1861029658523816e-08, 4.058621161535477e-10, 2.2897173764216836e-11, 7.889257112872668e-06]
('challenge', 799);[6.47594599989589e-07, 0, 0, 2.5946094982764667e-11]
('challenge', 800);[1.0467222111426375e-08, 1.0815755890937208e-11, 3.775069740355911e-11, 1.6701414089010932e-05]
('challenge', 801);[3.978871465654427e-12, 2.1444937927240387e-05, 3.3314682900359195e-11, 1.9555233498953724e-08]
('challenge', 802);[1.9810087980489796e-13, 2.335593038799337e-09, 3.701011678592672e-13, 5.4927883509546835e-11]
('challenge', 803);[5.789345286420304e-12, 0, 1.0677029917933763e-06, 8.592150230932485e-10]
('challenge', 804);[9.545034922840628e-12, 0, 5.3157852544244216e-08, 2.172439935079017e-10]
('challenge', 805);[3.266075276408309e-13, 0, 3.266075276408309e-13, 1.670143001672819e-05]
('challenge', 806);[7.88926463665814e-06, 0, 2.543646240822174e-13, 5.905258945221871e-10]
('challenge', 807);[1.0815941557285693e-11, 1.917171513758312e-10, 8.592166619174109e-10, 6.34880011604368e-09]
('challenge', 808);[3.7266389560521204e-06, 0, 6.101913400608563e-13, 1.7832404882790495e-11]
('challenge', 809);[4.058652126475693e-10, 0, 1.8795288165390832e-12, 1.4166087866431961e-09]
('challenge', 810);[2.940055308357014e-11, 7.88926463665814e-06, 4.599020290778212e-10, 1.1861029658523816e-08]
('challenge', 811);[7.433340393244606e-12, 0, 6.101657359504548e-13, 4.539785156619626e-05]
('challenge', 812);[3.0988191387218256e-12, 8.764248219443636e-08, 8.423463754468647e-12, 8.315279260963632e-07]
('challenge', 813);[0.0002611902975925828, 0, 5.38353328028757e-13, 3.9779229418505e-12]
('challenge', 814);[3.331544542166412e-11, 1.162823303022097e-10, 1.493094676197164e-10, 2.510999155743982e-08]
('challenge', 815);[2.172439935079017e-10, 1.0467401794744658e-08, 6.691586091292782e-10, 1.1253517471925912e-07]
('challenge', 816);[1.006039279283317e-12, 0, 1.1253517471925912e-07, 1.8553913626159784e-07]
('challenge', 817);[2.020683909022217e-11, 2.510999155743982e-08, 5.789356328730652e-12, 2.382369667501818e-07]
('challenge', 818);[1.2501528663867426e-09, 1.026187963170189e-10, 1.493094676197164e-10, 2.3823673954981372e-07]
('challenge', 819);[2.940072131536564e-11, 1.4449774900307763e-07, 1.2256044067528294e-11, 1.6918946955790182e-10]
('challenge', 820);[1.57369520268776e-11, 0, 1.0129987330277146e-05, 4.058613420337336e-10]
('challenge', 821);[5.109089028063325e-12, 8.152020714470167e-09, 1.9555681087850496e-08, 1.7257827987960214e-08]
('challenge', 822);[0, 0, 3.581638625678759e-10, 6.3486063689964995e-09]
('challenge', 823);[2.594080028045039e-11, 0, 2.734140234073664e-12, 0.00020342704214340812]
('challenge', 824);[2.734573109903935e-12, 0, 4.539785156619626e-05, 4.1397482118135213e-08]
('challenge', 825);[1.0815941557285693e-11, 1.2256067444099483e-11, 1.6586783589142312e-12, 2.7894680928689246e-10]
('challenge', 826);[1.7831826677742433e-11, 0, 1.7602808402881647e-06, 3.535618581278775e-05]
('challenge', 827);[2.7346982915918745e-12, 1.1253517471925912e-07, 1.2256067444099483e-11, 4.363462252943702e-09]
('challenge', 828);[1.91716420034333e-10, 2.5109895770606383e-08, 3.16086939653085e-10, 4.78509457496562e-06]
('challenge', 829);[6.559899872895323e-12, 0, 0, 4.539785156619626e-05]
('challenge', 830);[1.0060373604175028e-12, 0, 6.101925039095844e-13, 1.7603429545652396e-06]
('challenge', 831);[2.129756735445775e-12, 0, 0, 1.3007123989067183e-05]
('challenge', 832);[2.7346982915918745e-12, 7.582560427911907e-10, 3.1608814543136926e-10, 2.335593038799337e-09]
('challenge', 833);[2.9394777709107856e-11, 0, 8.876453730957509e-13, 0.00020342704214340812]
('challenge', 834);[1.6051851915443958e-09, 6.22397842253449e-11, 5.905146312420269e-10, 2.7535687796947383e-05]
('challenge', 835);[3.3315381877555444e-11, 2.260322940135999e-06, 1.0815920927534024e-11, 1.1253496007565217e-07]
('challenge', 836);[5.492715014807795e-11, 0, 1.006025847299478e-12, 1.3007123989067183e-05]
('challenge', 837);[3.5114221133765118e-12, 6.34880011604368e-09, 1.9555681087850496e-08, 5.3157852544244216e-08]
('challenge', 838);[3.5082221643672465e-12, 0, 1.0051224785424544e-12, 0.0009110514045295695]
('challenge', 839);[1.783247290814639e-11, 0, 5.602796437537268e-09, 1.103256032343554e-09]
('challenge', 840);[4.193779660349228e-13, 0, 3.7266389560521204e-06, 1.225602069100169e-11]
('challenge', 841);[1.0129987330277146e-05, 1.1399809812866844e-12, 7.433609779586895e-12, 2.510975209104135e-08]
('challenge', 842);[5.108455654418009e-12, 0, 0, 0.0001233946226544279]
('challenge', 843);[3.331544542166412e-11, 5.211412487888539e-10, 2.5946094982764667e-11, 2.335593038799337e-09]
('challenge', 844);[2.4133535656024068e-12, 0, 6.91437373064733e-13, 2.902312105056987e-06]
('challenge', 845);[2.129785170955785e-12, 6.691586091292782e-10, 1.783247290814639e-11, 5.3157852544244216e-08]
('challenge', 846);[1.370956471489639e-06, 0, 1.463775722192624e-12, 1.4449774900307763e-07]
('challenge', 847);[6.691432934794535e-10, 0, 1.3709277079799143e-06, 2.144491747576362e-05]
('challenge', 848);[1.4637645545127353e-12, 0, 1.0129987330277146e-05, 5.211362788223108e-10]
('challenge', 849);[4.5086778450458094e-12, 0, 1.670143001672819e-05, 1.6052004998562939e-09]
('challenge', 850);[2.412732226206603e-12, 0, 2.412732226206603e-12, 0.0002611902975925828]
('challenge', 851);[1.6052035615361924e-09, 0, 1.0129939026848598e-05, 4.785044377589141e-06]
('challenge', 852);[2.413362771833214e-12, 4.363462252943702e-09, 1.162823303022097e-10, 9.545034922840628e-12]
('challenge', 853);[6.10187848527991e-13, 0, 0, 1.0129987330277146e-05]
('challenge', 854);[5.829127258796956e-05, 0, 1.2917036269244394e-12, 6.691190444174711e-10]
('challenge', 855);[1.6586657042509044e-12, 0, 7.889257112872668e-06, 3.7751057423981215e-11]
('challenge', 856);[9.189229321516742e-09, 0, 1.773938575246694e-11, 0.005220125868449866]
('challenge', 857);[7.88926463665814e-06, 0, 0, 1.3176413741653039e-10]
('challenge', 858);[2.129785170955785e-12, 0, 5.4927883509546835e-11, 5.04347662567888e-07]
('challenge', 859);[1.3887440580219376e-11, 0, 0, 3.535625324942473e-05]
('challenge', 860);[5.789301117389528e-12, 0, 0, 1.0129987330277146e-05]
('challenge', 861);[1.2247374435679623e-11, 0, 0, 0.0007096699981146541]
('challenge', 862);[1.463778514125909e-12, 0, 1.4449788680693535e-07, 1.162823303022097e-10]
('challenge', 863);[2.7343592711096965e-12, 0, 0.0001233946226544279, 6.690756535524169e-10]
('challenge', 864);[1.463778514125909e-12, 3.398267819495071e-09, 1.3887943864964021e-11, 2.7894680928689246e-10]
('challenge', 865);[1.1399875043288452e-12, 0, 1.1399875043288452e-12, 3.7266389560521204e-06]
('challenge', 866);[7.484626212190614e-05, 0, 0, 1.6917720727675664e-10]
('challenge', 867);[5.106887174705938e-12, 0, 9.540921319206832e-12, 0.0004305571096741222]
('challenge', 868);[8.423463754468647e-12, 3.2241867372567335e-08, 7.991959892953932e-11, 4.944450501938644e-09]
('challenge', 869);[8.42341555516032e-12, 0, 4.78509457496562e-06, 1.5737012058699967e-11]
('challenge', 870);[2.1444958378736654e-05, 0, 1.3887652487362527e-11, 7.991792216721403e-11]
('challenge', 871);[1.4636696326736608e-12, 0, 0, 7.484619074298232e-05]
('challenge', 872);[1.6585201825617798e-12, 0, 9.610239492660866e-05, 2.9986748353031113e-09]
('challenge', 873);[2.4616406086883975e-10, 5.905168838808726e-10, 2.144491747576362e-05, 1.7603060214876799e-06]
('challenge', 874);[1.006039279283317e-12, 0, 0, 1.9555681087850496e-08]
('challenge', 875);[7.88926463665814e-06, 0, 2.882328802936894e-13, 5.492746444465138e-11]
('challenge', 876);[3.331544542166412e-11, 1.8553913626159784e-07, 2.7894680928689246e-10, 1.1253517471925912e-07]
('challenge', 877);[3.398267819495071e-09, 0, 2.543665647376923e-13, 3.927863545481039e-07]
('challenge', 878);[2.289734845645553e-11, 0, 1.3440409951135022e-08, 5.04347662567888e-07]
('challenge', 879);[0.0002611902975925828, 0, 2.020155959632897e-11, 1.4446027123271888e-07]
('challenge', 880);[3.096621201986621e-12, 0, 3.976140329204966e-12, 0.00070967033651176]
('challenge', 881);[1.4637478031526568e-12, 0, 2.1444958378736654e-05, 2.4616453038997246e-10]
('challenge', 882);[3.331544542166412e-11, 0, 1.186112015134383e-08, 3.927863545481039e-07]
('challenge', 883);[3.5113752311463146e-12, 0, 2.0206569301614822e-11, 1.3007123989067183e-05]
('challenge', 884);[1.2255997314519675e-11, 0, 6.144177195963701e-06, 1.5229892598318825e-08]
('challenge', 885);[1.4637701383420293e-12, 0, 6.144171336422507e-06, 2.289721743715156e-11]
('challenge', 886);[1.186112015134383e-08, 0, 2.8823507934443873e-13, 5.109089028063325e-12]
('challenge', 887);[1.8553789765836951e-07, 0, 0, 6.144171336422507e-06]
('challenge', 888);[1.2916839172416382e-12, 0, 7.484626212190614e-05, 2.335419308443637e-09]
('challenge', 889);[9.545034922840628e-12, 8.764248219443636e-08, 2.172439935079017e-10, 8.315279260963632e-07]
('challenge', 890);[1.0815941557285693e-11, 0, 3.059023205018258e-07, 3.775134544279098e-11]
('challenge', 891);[7.88926463665814e-06, 0, 5.38489913407731e-13, 1.1628144314181907e-10]
('challenge', 892);[8.878248544528286e-13, 0, 2.902312105056987e-06, 7.582545965339434e-10]
('challenge', 893);[2.129785170955785e-12, 3.927863545481039e-07, 2.289734845645553e-11, 2.335593038799337e-09]
('challenge', 894);[3.770716026478849e-11, 0, 1.0048617841739044e-12, 0.0011695103074966034]
('challenge', 895);[3.092849352168856e-12, 0, 0.0019267342527389902, 1.3151130091741298e-10]
('challenge', 896);[8.423463754468647e-12, 1.522997974471263e-08, 6.101936677605324e-13, 4.058652126475693e-10]
('challenge', 897);[1.7832166796088387e-11, 1.9555345395217496e-08, 1.1628033420084892e-10, 1.670143001672819e-05]
('challenge', 898);[7.582560427911907e-10, 1.57371021068629e-11, 2.4616969518153846e-10, 3.398267819495071e-09]
('challenge', 899);[7.991959892953932e-11, 0, 0, 1.8553913626159784e-07]
('challenge', 900);[1.6586783589142312e-12, 0, 0, 1.1253517471925912e-07]
('challenge', 901);[1.7832438895436006e-11, 0, 1.5229950695859287e-08, 1.0677029917933763e-06]
('challenge', 902);[1.1253517471925912e-07, 8.423463754468647e-12, 1.2917800047859961e-12, 1.9555681087850496e-08]
('challenge', 903);[1.2501528663867426e-09, 0, 3.5114221133765118e-12, 3.1608814543136926e-10]
('challenge', 904);[1.6586783589142312e-12, 0, 1.186112015134383e-08, 2.382369667501818e-07]
('challenge', 905);[9.545016717148681e-12, 0, 6.914386918781189e-13, 1.0677029917933763e-06]
('challenge', 906);[3.5114221133765118e-12, 1.8795288165390832e-12, 4.277787868968998e-11, 2.7894680928689246e-10]
('challenge', 907);[9.610239492660866e-05, 0, 3.331226836469658e-11, 3.2238792695099094e-08]
('challenge', 908);[4.500069254113151e-12, 0, 6.090181470897758e-13, 0.0019267342527389902]
('challenge', 909);[1.1253517471925912e-07, 0, 5.384940217754036e-13, 1.783247290814639e-11]
('challenge', 910);[3.70099756038047e-13, 0, 1.5428053178454351e-13, 3.7266389560521204e-06]
('challenge', 911);[7.835041785064389e-13, 1.186112015134383e-08, 7.991959892953932e-11, 1.493094676197164e-10]
('challenge', 912);[3.775055339635162e-11, 2.1444958378736654e-05, 1.3887652487362527e-11, 6.825460170979211e-08]
('challenge', 913);[6.101936677605324e-13, 1.1253517471925912e-07, 2.7346982915918745e-12, 1.917171513758312e-10]
('challenge', 914);[6.559386900294933e-12, 0.0001233945049762016, 5.788638622364249e-12, 8.763161715800284e-08]
('challenge', 915);[1.0129987330277146e-05, 0, 2.8823233053362353e-13, 1.0261781767258117e-10]
('challenge', 916);[5.04347662567888e-07, 0, 2.8823507934443873e-13, 7.991959892953932e-11]
('challenge', 917);[2.594604549456307e-11, 0, 0, 1.3709577789362383e-06]
('challenge', 918);[9.545034922840628e-12, 5.602796437537268e-09, 2.289734845645553e-11, 1.1253517471925912e-07]
('challenge', 919);[4.277787868968998e-11, 0, 7.194133030325383e-09, 1.1253517471925912e-07]
('challenge', 920);[1.0041011733492926e-12, 0, 0.0019267342527389902, 9.219653979064586e-09]
('challenge', 921);[1.6585549800650487e-12, 0, 0, 7.484626212190614e-05]
('challenge', 922);[3.5107055533391556e-12, 0, 0.00020342704214340812, 2.335116424885916e-09]
('challenge', 923);[3.0988191387218256e-12, 0, 7.194133030325383e-09, 4.139937718785167e-08]
('challenge', 924);[1.2917331920125453e-12, 0, 3.535625324942473e-05, 2.2896518680191813e-11]
('challenge', 925);[1.9168497498895901e-10, 1.0128383779558262e-05, 1.3885613015316759e-11, 0.00015843457904541236]
('challenge', 926);[3.265277992077737e-13, 0, 3.265277992077737e-13, 0.0002611902975925828]
('challenge', 927);[1.522997974471263e-08, 0, 3.97896253583724e-12, 5.211412487888539e-10]
('challenge', 928);[2.5946094982764667e-11, 6.47594599989589e-07, 3.701011678592672e-13, 5.789356328730652e-12]
('challenge', 929);[4.539785156619626e-05, 0, 2.413252299381347e-12, 1.6051545753585704e-09]
('challenge', 930);[1.4637254683040895e-12, 0, 3.9788183423437124e-12, 3.535625324942473e-05]
('challenge', 931);[1.2256044067528294e-11, 1.8553878237411744e-07, 9.056059716593275e-11, 1.370956471489639e-06]
('challenge', 932);[4.505557263215228e-12, 0.00070967033651176, 2.2881107778617203e-11, 2.459950914399478e-10]
('challenge', 933);[1.3861189137817325e-11, 0, 3.971297178171026e-12, 0.0019267342527389902]
('challenge', 934);[2.5944066043898043e-11, 0, 8.422805054459478e-12, 7.484597660661926e-05]
('challenge', 935);[1.8795252316257836e-12, 1.370956471489639e-06, 1.463775722192624e-12, 1.8189582181622667e-09]
('challenge', 936);[3.978939768096121e-12, 0, 1.0060335226968548e-12, 6.144171336422507e-06]
('challenge', 937);[4.50626199914091e-12, 0, 1.0256205036439313e-10, 0.0005527785265734312]
('challenge', 938);[1.4634798074615157e-12, 0, 0.00020342704214340812, 9.734213490624009e-10]
('challenge', 939);[4.78509457496562e-06, 0, 4.508729443064196e-12, 8.764198070156538e-08]
('challenge', 940);[2.413362771833214e-12, 5.602796437537268e-09, 1.026187963170189e-10, 1.3176514270095466e-10]
('challenge', 941);[4.508729443064196e-12, 0, 6.144177195963701e-06, 1.41660068076589e-09]
('challenge', 942);[2.5946094982764667e-11, 0, 1.8189616875530459e-09, 4.944450501938644e-09]
('challenge', 943);[5.492777874302323e-11, 0, 1.370956471489639e-06, 1.4449774900307763e-07]
('challenge', 944);[3.0988191387218256e-12, 6.224144622907783e-11, 1.2501528663867426e-09, 5.04347662567888e-07]
('challenge', 945);[3.331296729123332e-11, 0, 3.0985886366856072e-12, 7.484626212190614e-05]
('challenge', 946);[6.560200168153779e-12, 1.186112015134383e-08, 1.917171513758312e-10, 1.4449802461092448e-07]
('challenge', 947);[1.0677029917933763e-06, 0, 1.0815920927534024e-11, 3.581741098647678e-10]
('challenge', 948);[2.5946094982764667e-11, 1.0467401794744658e-08, 1.6586783589142312e-12, 3.927863545481039e-07]
('challenge', 949);[3.97896253583724e-12, 1.6052280551856116e-09, 5.4927883509546835e-11, 1.6052280551856116e-09]
('challenge', 950);[1.006039279283317e-12, 2.061153622438558e-09, 3.0988191387218256e-12, 1.162823303022097e-10]
('challenge', 951);[1.6913236071372714e-10, 3.7738530732335936e-11, 7.05048574801183e-11, 2.5101467960000763e-08]
('challenge', 952);[2.129764859838466e-12, 0, 3.0987895862205052e-12, 1.0129987330277146e-05]
('challenge', 953);[8.878248544528286e-13, 1.7603429545652396e-06, 4.847359460656998e-11, 1.4930918283477907e-10]
('challenge', 954);[1.2256067444099483e-11, 0, 8.315279260963632e-07, 1.522997974471263e-08]
('challenge', 955);[1.387809339592056e-11, 0, 1.139183277306478e-12, 0.00070967033651176]
('challenge', 956);[1.3007123989067183e-05, 0, 8.878146941618325e-13, 6.691496749576126e-10]
('challenge', 957);[1.162821085114775e-10, 2.3355885840133965e-09, 7.582545965339434e-10, 2.646568590975319e-09]
('challenge', 958);[7.433680672352188e-12, 0, 1.1253517471925912e-07, 1.026187963170189e-10]
('challenge', 959);[3.9788183423437124e-12, 0, 0, 3.535625324942473e-05]
('challenge', 960);[3.5114154158767316e-12, 1.2917775409135197e-12, 6.56018765557689e-12, 1.3709577789362383e-06]
('challenge', 961);[5.1090792832586454e-12, 5.043471815847051e-07, 1.0815920927534024e-11, 1.2501504819116561e-09]
('challenge', 962);[7.88926463665814e-06, 0, 7.433623958085867e-12, 5.492746444465138e-11]
('challenge', 963);[5.7892569486957334e-12, 0, 1.670143001672819e-05, 9.237291091998765e-09]
('challenge', 964);[1.006039279283317e-12, 8.315279260963632e-07, 0, 2.5946094982764667e-11]
('challenge', 965);[3.9787803975560205e-12, 0, 4.539785156619626e-05, 1.5736381735986496e-11]
('challenge', 966);[2.1296592451508257e-12, 0, 0, 5.829127258796956e-05]
('challenge', 967);[9.610239492660866e-05, 0, 1.162712412837976e-10, 5.3152783258101785e-08]
('challenge', 968);[1.3709551640442868e-06, 0, 1.3176464005778382e-10, 1.7603412757721762e-06]
('challenge', 969);[2.8448789736822663e-08, 0, 0.00015843609000250583, 9.235969781418375e-09]
('challenge', 970);[2.0206646383706507e-11, 0, 1.0129987330277146e-05, 4.6911192836213296e-08]
('challenge', 971);[8.878248544528286e-13, 0, 2.2603250957489616e-06, 2.940072131536564e-11]
('challenge', 972);[6.691586091292782e-10, 2.5946094982764667e-11, 6.914400106940203e-13, 2.020683909022217e-11]
('challenge', 973);[3.850741922767617e-09, 1.2501528663867426e-09, 2.9400777392844726e-11, 8.152020714470167e-09]
('challenge', 974);[7.403428506115043e-12, 0, 0, 0.004070137939983506]
('challenge', 975);[7.835011896808923e-13, 0, 1.3709538566001813e-06, 2.902309337197794e-06]
('challenge', 976);[5.7893121596156294e-12, 0, 6.560150117989419e-12, 7.88926463665814e-06]
('challenge', 977);[1.463772930264664e-12, 1.8553860543063036e-07, 5.789334244131017e-12, 2.9989493847514694e-09]
('challenge', 978);[3.331544542166412e-11, 1.0467401794744658e-08, 1.162823303022097e-10, 1.4449802461092448e-07]
('challenge', 979);[5.492777874302323e-11, 0, 3.3315381877555444e-11, 2.902312105056987e-06]
('challenge', 980);[5.109089028063325e-12, 8.592166619174109e-10, 9.056076989672867e-11, 1.186112015134383e-08]
('challenge', 981);[7.484626212190614e-05, 0, 1.5735931520934063e-11, 2.0205336028137123e-11]
('challenge', 982);[4.78509457496562e-06, 0, 1.0060335226968548e-12, 5.211382668032403e-10]
('challenge', 983);[3.0983286036899863e-12, 0, 8.87686007206316e-13, 0.0001584362410990077]
('challenge', 984);[1.8790377471113164e-12, 0, 0, 0.0002611902975925828]
('challenge', 985);[4.277779709743936e-11, 7.19411930861867e-09, 1.162821085114775e-10, 2.2603250957489616e-06]
('challenge', 986);[7.88926463665814e-06, 0, 1.4637673464247198e-12, 1.103247615200123e-09]
('challenge', 987);[4.508660645837567e-12, 1.1399679353143377e-12, 2.1444937927240387e-05, 2.382317411965346e-07]
('challenge', 988);[1.4166087866431961e-09, 0, 0, 8.152020714470167e-09]
('challenge', 989);[6.101913400608563e-13, 0, 3.7266389560521204e-06, 9.056042443546628e-11]
('challenge', 990);[0.00070967033651176, 0, 1.290863768439433e-12, 6.686839869513313e-10]
('challenge', 991);[3.0971055594327204e-12, 0, 5.489750958988169e-11, 0.0005527785265734312]
('challenge', 992);[1.8793495792499912e-12, 0, 9.610239492660866e-05, 5.492264542814623e-11]
('challenge', 993);[1.1399918530443554e-12, 1.522997974471263e-08, 4.277787868968998e-11, 1.1399918530443554e-12]
('challenge', 994);[3.160610165324903e-10, 1.0129233823021006e-05, 2.289538324561213e-11, 7.484547695748798e-05]
('challenge', 995);[3.5102435501200856e-12, 0, 0.0003353500342255387, 5.4909447678374334e-11]
('challenge', 996);[0.0005527785265734312, 0, 9.35244840775841e-14, 6.22070280689957e-11]
('challenge', 997);[1.522997974471263e-08, 0, 8.878265478459658e-13, 5.602796437537268e-09]
('challenge', 998);[1.7830194199981227e-11, 0, 0.00012339415194219605, 3.7261805182703215e-06]
('challenge', 999);[1.4449802461092448e-07, 0, 0, 3.581747930283181e-10]
('challenge', 1000);[1.8794427805070615e-12, 0, 4.539785156619626e-05, 1.9170837546197993e-10]
('challenge', 1001);[1.670143001672819e-05, 0, 2.543621982836946e-13, 3.581686446032745e-10]
('challenge', 1002);[5.4927883509546835e-11, 0, 1.0815941557285693e-11, 2.510999155743982e-08]
('challenge', 1003);[2.2603250957489616e-06, 0, 1.4930918283477907e-10, 1.2501504819116561e-09]
('challenge', 1004);[0.0011695103074966034, 0, 5.103109214483498e-12, 1.5212154171660822e-08]
('challenge', 1005);[5.384796426256798e-13, 0, 2.7535687796947383e-05, 8.591937186635822e-10]
('challenge', 1006);[4.1937956583795446e-13, 5.043471815847051e-07, 3.97896253583724e-12, 1.3887943864964021e-11]
('challenge', 1007);[2.734625268244179e-12, 0, 0, 2.7535687796947383e-05]
('challenge', 1008);[2.2603250957489616e-06, 8.878248544528286e-13, 1.162821085114775e-10, 1.1032539280516758e-09]
('challenge', 1009);[9.056076989672867e-11, 3.9278597995802437e-07, 1.1399918530443554e-12, 1.3440409951135022e-08]
('challenge', 1010);[9.545016717148681e-12, 0, 3.9278523077893697e-07, 2.260322940135999e-06]
('challenge', 1011);[1.4637673464247198e-12, 7.889257112872668e-06, 5.492746444465138e-11, 6.475896592537368e-07]
('challenge', 1012);[3.5114154158767316e-12, 0, 1.7603429545652396e-06, 1.3440384315611926e-08]
('challenge', 1013);[2.9399431562867033e-11, 2.734573109903935e-12, 5.4925369168131613e-11, 4.539785156619626e-05]
('challenge', 1014);[1.3887917375838539e-11, 1.7603429545652396e-06, 3.0988132281990144e-12, 4.363453930307876e-09]
('challenge', 1015);[4.139937718785167e-08, 0, 3.701011678592672e-13, 1.6918979226151304e-10]
('challenge', 1016);[2.902312105056987e-06, 6.91437373064733e-13, 0, 1.8553860543063036e-07]
('challenge', 1017);[4.508746642534879e-12, 0, 1.7603429545652396e-06, 5.492777874302323e-11]
('challenge', 1018);[1.2256067444099483e-11, 1.6052280551856116e-09, 9.056076989672867e-11, 3.6534822137210456e-08]
('challenge', 1019);[5.1080464393609134e-12, 0, 0.00020342704214340812, 1.6049004835527945e-09]
('challenge', 1020);[1.4637673464247198e-12, 0, 1.0060316038420207e-12, 7.88926463665814e-06]
('challenge', 1021);[1.917171513758312e-10, 0, 2.8823507934443873e-13, 1.0815941557285693e-11]
('challenge', 1022);[3.7220405468222894e-11, 0, 5.415537040487267e-11, 0.014063626520379485]
('challenge', 1023);[4.539785156619626e-05, 0, 3.7749617362893076e-11, 5.31554192265619e-08]
('challenge', 1024);[5.78913548652534e-12, 0, 3.5356118376279385e-05, 3.7265074603773297e-06]
('challenge', 1025);[1.2256044067528294e-11, 0, 2.2603250957489616e-06, 3.224180587614433e-08]
('challenge', 1026);[9.544434153340558e-12, 0, 3.535527543077754e-05, 2.753471619119475e-05]
('challenge', 1027);[6.144177195963701e-06, 0, 2.413348962500173e-12, 2.1297729842621496e-12]
('challenge', 1028);[9.610239492660866e-05, 5.384426694323024e-13, 1.3886619470579898e-11, 3.2238792695099094e-08]
('challenge', 1029);[1.2917455109989756e-12, 0, 0, 2.7535687796947383e-05]
('challenge', 1030);[1.139978806947592e-12, 0, 6.1441361792926976e-06, 6.1441361792926976e-06]
('challenge', 1031);[2.734672211600996e-12, 0, 1.0129987330277146e-05, 2.8453076738855012e-08]
('challenge', 1032);[1.4632872158665164e-12, 0, 0.0003353500342255387, 1.2251953854137493e-11]
('challenge', 1033);[2.5863778415866198e-11, 0, 1.459134531204293e-12, 0.0031726831078774057]
('challenge', 1034);[9.610239492660866e-05, 0, 1.4636389239848085e-12, 9.544124680779531e-12]
('challenge', 1035);[1.4633960688710216e-12, 0, 0, 0.0002611902975925828]
('challenge', 1036);[1.0815941557285693e-11, 2.9400777392844726e-11, 3.97896253583724e-12, 1.493094676197164e-10]
('challenge', 1037);[3.331544542166412e-11, 1.3440409951135022e-08, 1.3176514270095466e-10, 1.4449802461092448e-07]
('challenge', 1038);[1.2275012443538302e-08, 0, 1.0832660460609917e-08, 4.064929725280658e-07]
('challenge', 1039);[1.3175232589903663e-10, 0, 9.610239492660866e-05, 6.475328435006693e-07]
('challenge', 1040);[1.2251953854137493e-11, 0, 2.129070336206352e-12, 0.0003353500342255387]
('challenge', 1041);[1.4636696326736608e-12, 0, 7.484626212190614e-05, 2.0205336028137123e-11]
('challenge', 1042);[2.413183256666908e-12, 0, 4.751839576449934e-13, 7.484626212190614e-05]
('challenge', 1043);[7.05287985111216e-11, 7.582560427911907e-10, 1.4166087866431961e-09, 8.315279260963632e-07]
('challenge', 1044);[1.2917036269244394e-12, 0, 0, 5.829127258796956e-05]
('challenge', 1045);[4.847340969483387e-11, 0, 4.785090011545999e-06, 2.2159362976111183e-08]
('challenge', 1046);[1.8794176874062515e-12, 0, 0, 5.829127258796956e-05]
('challenge', 1047);[2.413362771833214e-12, 0, 3.927863545481039e-07, 8.423463754468647e-12]
('challenge', 1048);[1.57371021068629e-11, 0, 3.9278597995802437e-07, 3.059020287707785e-07]
('challenge', 1049);[4.1932757536315027e-13, 0, 0.0001233946226544279, 7.432759119136008e-12]
('challenge', 1050);[1.5737042074697027e-11, 1.6586720315704994e-12, 1.0676989188374615e-06, 3.7266354020539563e-06]
('challenge', 1051);[1.7832098771900217e-11, 1.125328136620996e-07, 7.052731877356316e-11, 8.591986350235419e-10]
('challenge', 1052);[3.927863545481039e-07, 0, 9.545034922840628e-12, 3.850741922767617e-09]
('challenge', 1053);[3.294942310652509e-11, 0, 1.0697111509567592e-11, 0.010986941583869245]
('challenge', 1054);[2.646573638909117e-09, 0, 1.2256067444099483e-11, 5.3157852544244216e-08]
('challenge', 1055);[6.691586091292782e-10, 0, 1.8553895931777327e-07, 6.47594599989589e-07]
('challenge', 1056);[4.8473687062702556e-11, 5.04347662567888e-07, 6.691586091292782e-10, 4.058652126475693e-10]
('challenge', 1057);[2.2853237368716994e-11, 0, 8.407236192161931e-12, 0.0019267342527389902]
('challenge', 1058);[1.8553825154416246e-07, 6.825564320030807e-08, 7.052839494325397e-11, 4.78509457496562e-06]
('challenge', 1059);[5.384888863207103e-13, 1.0129987330277146e-05, 1.0060296849908467e-12, 3.1608513099428305e-10]
('challenge', 1060);[1.1614623037245401e-10, 0, 0, 0.0011695091921651922]
('challenge', 1061);[1.0060373604175028e-12, 0, 0, 2.260322940135999e-06]
('challenge', 1062);[5.789345286420304e-12, 0, 1.7603429545652396e-06, 3.9278560536830205e-07]
('challenge', 1063);[7.194133030325383e-09, 1.57371021068629e-11, 2.335593038799337e-09, 1.186112015134383e-08]
('challenge', 1064);[8.423463754468647e-12, 3.059020287707785e-07, 1.1253517471925912e-07, 1.4449788680693535e-07]
('challenge', 1065);[1.0129987330277146e-05, 0, 1.0815817779365906e-11, 3.927822340768768e-07]
('challenge', 1066);[3.0988132281990144e-12, 4.139929822488149e-08, 2.7346930755738013e-12, 1.8189582181622667e-09]
('challenge', 1067);[3.331544542166412e-11, 0, 4.139937718785167e-08, 1.9555681087850496e-08]
('challenge', 1068);[6.223776613761832e-11, 5.829121699710653e-05, 1.2255342791125287e-11, 6.825199805302815e-08]
('challenge', 1069);[1.006039279283317e-12, 4.277787868968998e-11, 1.006039279283317e-12, 4.139937718785167e-08]
('challenge', 1070);[1.3887917375838539e-11, 0, 1.3709577789362383e-06, 4.9444410711567335e-09]
('challenge', 1071);[1.57371021068629e-11, 4.058652126475693e-10, 2.129785170955785e-12, 1.6052280551856116e-09]
('challenge', 1072);[1.1399679353143377e-12, 0, 2.1444937927240387e-05, 1.0261664331157549e-10]
('challenge', 1073);[1.4990749589820594e-11, 0, 0, 0.047425874568977164]
('challenge', 1074);[3.7009128522382395e-13, 0, 0, 2.7535687796947383e-05]
('challenge', 1075);[1.3007123989067183e-05, 0, 3.978909411310616e-12, 1.4637589707047421e-12]
('challenge', 1076);[1.291767685470609e-12, 1.0129987330277146e-05, 3.2661001946802167e-13, 3.58171377223597e-10]
('challenge', 1077);[3.059023205018258e-07, 0, 0, 1.9555681087850496e-08]
('challenge', 1078);[5.109089028063325e-12, 0, 5.04347662567888e-07, 7.05287985111216e-11]
('challenge', 1079);[1.9810012411145482e-13, 0, 0, 3.7266389560521204e-06]
('challenge', 1080);[1.162821085114775e-10, 1.370956471489639e-06, 5.492777874302323e-11, 5.043467006019808e-07]
('challenge', 1081);[2.9988235464674848e-09, 0, 4.598844855423119e-10, 4.539785156619626e-05]
('challenge', 1082);[3.97896253583724e-12, 0, 6.47594599989589e-07, 4.944450501938644e-09]
('challenge', 1083);[3.759771226585632e-11, 0, 5.190204082004183e-10, 0.004070137939983506]
('challenge', 1084);[5.04347662567888e-07, 0, 1.2256067444099483e-11, 3.775134544279098e-11]
('challenge', 1085);[4.1937876593567576e-13, 0, 2.902312105056987e-06, 4.847359460656998e-11]
('challenge', 1086);[3.0987068407161526e-12, 2.7893670054257103e-10, 3.7749977373015067e-11, 3.535625324942473e-05]
('challenge', 1087);[4.0586289027483834e-10, 0, 4.508729443064196e-12, 6.144177195963701e-06]
('challenge', 1088);[2.129748611084076e-12, 0, 0, 1.670143001672819e-05]
('challenge', 1089);[1.6918946955790182e-10, 3.3315381877555444e-11, 2.461692256505547e-10, 2.2603250957489616e-06]
('challenge', 1090);[6.224132751305368e-11, 6.825590357542018e-08, 5.492777874302323e-11, 1.0677029917933763e-06]
('challenge', 1091);[4.1937956583795446e-13, 0, 1.4449802461092448e-07, 1.186112015134383e-08]
('challenge', 1092);[5.384693720395265e-13, 0, 2.8822188529160057e-13, 4.539785156619626e-05]
('challenge', 1093);[4.277698118349246e-11, 0, 0, 2.1444937927240387e-05]
('challenge', 1094);[3.059023205018258e-07, 0, 8.878265478459658e-13, 2.510999155743982e-08]
('challenge', 1095);[8.423319157371057e-12, 0, 2.413321344071142e-12, 1.670143001672819e-05]
('challenge', 1096);[7.43297177512222e-12, 0, 0, 9.610239492660866e-05]
('challenge', 1097);[1.3887943864964021e-11, 0, 6.47594599989589e-07, 2.646573638909117e-09]
('challenge', 1098);[6.560200168153779e-12, 0, 6.47594599989589e-07, 3.059020287707785e-07]
('challenge', 1099);[1.2917331920125453e-12, 0, 0, 3.535625324942473e-05]
('challenge', 1100);[1.2501528663867426e-09, 0, 6.914400106940203e-13, 3.2241867372567335e-08]
('challenge', 1101);[9.056076989672867e-11, 2.3823673954981372e-07, 5.789356328730652e-12, 2.9989608248573072e-09]
('challenge', 1102);[3.850734578067279e-09, 2.789462772385846e-10, 1.4449774900307763e-07, 3.9278560536830205e-07]
('challenge', 1103);[0.00020342607212999405, 1.573383068765986e-11, 4.057808416343113e-10, 4.784122664839378e-06]
('challenge', 1104);[7.433524709160975e-12, 0, 0, 2.1444958378736654e-05]
('challenge', 1105);[3.5114221133765118e-12, 0, 8.764248219443636e-08, 2.9989608248573072e-09]
('challenge', 1106);[1.6585802877987202e-12, 0, 5.829127258796956e-05, 3.5815361556415726e-10]
('challenge', 1107);[8.423351289844902e-12, 1.300711158451302e-05, 4.8473039873477793e-11, 5.6027216326337694e-09]
('challenge', 1108);[3.5107055533391556e-12, 0, 0.0002034268481403553, 8.313590327967711e-07]
('challenge', 1109);[3.775134544279098e-11, 3.1608814543136926e-10, 6.691586091292782e-10, 2.382369667501818e-07]
('challenge', 1110);[3.971297178171026e-12, 0, 0, 0.0019267342527389902]
('challenge', 1111);[5.7891906962868766e-12, 0, 2.7535687796947383e-05, 9.73592176206895e-10]
('challenge', 1112);[1.1626392311093985e-10, 0, 0.0001584362410990077, 3.2236763568592286e-08]
('challenge', 1113);[2.7346982915918745e-12, 0, 1.6586783589142312e-12, 1.4449788680693535e-07]
('challenge', 1114);[7.582545965339434e-10, 0, 0, 1.0677029917933763e-06]
('challenge', 1115);[2.129785170955785e-12, 0, 1.8553913626159784e-07, 1.6918979226151304e-10]
('challenge', 1116);[1.0814910117902244e-11, 0, 4.508325274390265e-12, 9.610239492660866e-05]
('challenge', 1117);[2.0205336028137123e-11, 0, 8.877605079069033e-13, 7.484626212190614e-05]
('challenge', 1118);[1.4165844691504236e-09, 0, 1.9555345395217496e-08, 1.670143001672819e-05]
